cod_municipio;modulo_fiscal_ha;fracao_minima_parcelamento_ha;zona_tipica_modulo;zona_pecuaria;data_referencia;fonte;observacao
1500107;70.0;3.0;B2;4;2022-08-01;"INCRA — Índices Básicos (IE nº 5/2022; tabela de 2013)";
1500206;50.0;2.0;A1;4;2022-08-01;"INCRA — Índices Básicos (IE nº 5/2022; tabela de 2013)";
1500305;70.0;4.0;C1;4;2022-08-01;"INCRA — Índices Básicos (IE nº 5/2022; tabela de 2013)";
1500701;70.0;4.0;C1;4;2022-08-01;"INCRA — Índices Básicos (IE nº 5/2022; tabela de 2013)";
1500800;7.0;2.0;A1;3;2022-08-01;"INCRA — Índices Básicos (IE nº 5/2022; tabela de 2013)";
1500909;55.0;4.0;B3;3;2022-08-01;"INCRA — Índices Básicos (IE nº 5/2022; tabela de 2013)";
1500958;55.0;4.0;B3;4;2022-08-01;"INCRA — Índices Básicos (IE nº 5/2022; tabela de 2013)";
1501105;70.0;4.0;C1;4;2022-08-01;"INCRA — Índices Básicos (IE nº 5/2022; tabela de 2013)";
1501303;70.0;2.0;A1;4;2022-08-01;"INCRA — Índices Básicos (IE nº 5/2022; tabela de 2013)";
1501402;5.0;2.0;A1;3;2022-08-01;"INCRA — Índices Básicos (IE nº 5/2022; tabela de 2013)";
1501501;7.0;2.0;A1;3;2022-08-01;"INCRA — Índices Básicos (IE nº 5/2022; tabela de 2013)";
1501600;55.0;4.0;B3;3;2022-08-01;"INCRA — Índices Básicos (IE nº 5/2022; tabela de 2013)";
1501709;55.0;4.0;B3;3;2022-08-01;"INCRA — Índices Básicos (IE nº 5/2022; tabela de 2013)";
1501808;70.0;4.0;C1;4;2022-08-01;"INCRA — Índices Básicos (IE nº 5/2022; tabela de 2013)";
1501907;55.0;2.0;A1;4;2022-08-01;"INCRA — Índices Básicos (IE nº 5/2022; tabela de 2013)";
1502004;65.0;4.0;B3;5;2022-08-01;"INCRA — Índices Básicos (IE nº 5/2022; tabela de 2013)";
1501956;75.0;4.0;B3;3;2022-08-01;"INCRA — Índices Básicos (IE nº 5/2022; tabela de 2013)";
1502103;70.0;3.0;B2;4;2022-08-01;"INCRA — Índices Básicos (IE nº 5/2022; tabela de 2013)";
1502202;55.0;4.0;B3;3;2022-08-01;"INCRA — Índices Básicos (IE nº 5/2022; tabela de 2013)";
1502301;55.0;4.0;B3;4;2022-08-01;"INCRA — Índices Básicos (IE nº 5/2022; tabela de 2013)";
1502400;55.0;3.0;B2;3;2022-08-01;"INCRA — Índices Básicos (IE nº 5/2022; tabela de 2013)";
1502509;65.0;4.0;C1;5;2022-08-01;"INCRA — Índices Básicos (IE nº 5/2022; tabela de 2013)";
1502608;55.0;2.0;A1;3;2022-08-01;"INCRA — Índices Básicos (IE nº 5/2022; tabela de 2013)";
1502756;55.0;2.0;A1;4;2022-08-01;"INCRA — Índices Básicos (IE nº 5/2022; tabela de 2013)";
1502806;70.0;4.0;C1;4;2022-08-01;"INCRA — Índices Básicos (IE nº 5/2022; tabela de 2013)";
1502905;55.0;3.0;B2;3;2022-08-01;"INCRA — Índices Básicos (IE nº 5/2022; tabela de 2013)";
1502939;55.0;4.0;B3;4;2022-08-01;"INCRA — Índices Básicos (IE nº 5/2022; tabela de 2013)";
1503077;55.0;4.0;B3;4;2022-08-01;"INCRA — Índices Básicos (IE nº 5/2022; tabela de 2013)";
1503101;70.0;4.0;C1;4;2022-08-01;"INCRA — Índices Básicos (IE nº 5/2022; tabela de 2013)";
1503200;55.0;3.0;B2;3;2022-08-01;"INCRA — Índices Básicos (IE nº 5/2022; tabela de 2013)";
1503309;70.0;3.0;B2;4;2022-08-01;"INCRA — Índices Básicos (IE nº 5/2022; tabela de 2013)";
1503408;55.0;3.0;B2;3;2022-08-01;"INCRA — Índices Básicos (IE nº 5/2022; tabela de 2013)";
1503457;55.0;4.0;B3;4;2022-08-01;"INCRA — Índices Básicos (IE nº 5/2022; tabela de 2013)";
1503507;55.0;3.0;B2;4;2022-08-01;"INCRA — Índices Básicos (IE nº 5/2022; tabela de 2013)";
1504000;70.0;3.0;B2;4;2022-08-01;"INCRA — Índices Básicos (IE nº 5/2022; tabela de 2013)";
1504059;55.0;4.0;B3;4;2022-08-01;"INCRA — Índices Básicos (IE nº 5/2022; tabela de 2013)";
1504109;55.0;3.0;B2;3;2022-08-01;"INCRA — Índices Básicos (IE nº 5/2022; tabela de 2013)";
1504307;55.0;3.0;B2;3;2022-08-01;"INCRA — Índices Básicos (IE nº 5/2022; tabela de 2013)";
1504406;55.0;3.0;B2;3;2022-08-01;"INCRA — Índices Básicos (IE nº 5/2022; tabela de 2013)";
1504422;7.0;2.0;A1;3;2022-08-01;"INCRA — Índices Básicos (IE nº 5/2022; tabela de 2013)";
1504505;70.0;4.0;C1;4;2022-08-01;"INCRA — Índices Básicos (IE nº 5/2022; tabela de 2013)";
1504604;70.0;3.0;B2;4;2022-08-01;"INCRA — Índices Básicos (IE nº 5/2022; tabela de 2013)";
1504703;70.0;3.0;B2;4;2022-08-01;"INCRA — Índices Básicos (IE nº 5/2022; tabela de 2013)";
1504901;65.0;4.0;B3;5;2022-08-01;"INCRA — Índices Básicos (IE nº 5/2022; tabela de 2013)";
1504950;75.0;4.0;B3;3;2022-08-01;"INCRA — Índices Básicos (IE nº 5/2022; tabela de 2013)";
1505007;55.0;4.0;B3;3;2022-08-01;"INCRA — Índices Básicos (IE nº 5/2022; tabela de 2013)";
1505205;70.0;3.0;B2;4;2022-08-01;"INCRA — Índices Básicos (IE nº 5/2022; tabela de 2013)";
1505403;55.0;4.0;B3;4;2022-08-01;"INCRA — Índices Básicos (IE nº 5/2022; tabela de 2013)";
1505502;55.0;4.0;B3;4;2022-08-01;"INCRA — Índices Básicos (IE nº 5/2022; tabela de 2013)";
1505601;55.0;4.0;B3;3;2022-08-01;"INCRA — Índices Básicos (IE nº 5/2022; tabela de 2013)";
1505700;65.0;4.0;B3;5;2022-08-01;"INCRA — Índices Básicos (IE nº 5/2022; tabela de 2013)";
1505809;70.0;4.0;C1;4;2022-08-01;"INCRA — Índices Básicos (IE nº 5/2022; tabela de 2013)";
1506104;55.0;4.0;B3;3;2022-08-01;"INCRA — Índices Básicos (IE nº 5/2022; tabela de 2013)";
1506112;55.0;4.0;B3;3;2022-08-01;"INCRA — Índices Básicos (IE nº 5/2022; tabela de 2013)";
1506203;55.0;4.0;B3;3;2022-08-01;"INCRA — Índices Básicos (IE nº 5/2022; tabela de 2013)";
1506302;65.0;4.0;B3;5;2022-08-01;"INCRA — Índices Básicos (IE nº 5/2022; tabela de 2013)";
1506351;7.0;2.0;A1;3;2022-08-01;"INCRA — Índices Básicos (IE nº 5/2022; tabela de 2013)";
1506401;65.0;4.0;B3;5;2022-08-01;"INCRA — Índices Básicos (IE nº 5/2022; tabela de 2013)";
1506500;55.0;2.0;A1;3;2022-08-01;"INCRA — Índices Básicos (IE nº 5/2022; tabela de 2013)";
1506559;75.0;4.0;B3;3;2022-08-01;"INCRA — Índices Básicos (IE nº 5/2022; tabela de 2013)";
1506609;55.0;3.0;B2;3;2022-08-01;"INCRA — Índices Básicos (IE nº 5/2022; tabela de 2013)";
1506906;55.0;4.0;B3;3;2022-08-01;"INCRA — Índices Básicos (IE nº 5/2022; tabela de 2013)";
1507003;55.0;2.0;A1;3;2022-08-01;"INCRA — Índices Básicos (IE nº 5/2022; tabela de 2013)";
1507102;55.0;2.0;A1;3;2022-08-01;"INCRA — Índices Básicos (IE nº 5/2022; tabela de 2013)";
1507201;55.0;3.0;B2;4;2022-08-01;"INCRA — Índices Básicos (IE nº 5/2022; tabela de 2013)";
1507409;55.0;3.0;B2;3;2022-08-01;"INCRA — Índices Básicos (IE nº 5/2022; tabela de 2013)";
1507466;55.0;3.0;B2;3;2022-08-01;"INCRA — Índices Básicos (IE nº 5/2022; tabela de 2013)";
1507474;55.0;4.0;B3;3;2022-08-01;"INCRA — Índices Básicos (IE nº 5/2022; tabela de 2013)";
1507607;55.0;3.0;B2;3;2022-08-01;"INCRA — Índices Básicos (IE nº 5/2022; tabela de 2013)";
1507706;70.0;4.0;C1;4;2022-08-01;"INCRA — Índices Básicos (IE nº 5/2022; tabela de 2013)";
1507904;65.0;4.0;B3;5;2022-08-01;"INCRA — Índices Básicos (IE nº 5/2022; tabela de 2013)";
1507953;50.0;3.0;B2;4;2022-08-01;"INCRA — Índices Básicos (IE nº 5/2022; tabela de 2013)";
1507961;55.0;3.0;B2;3;2022-08-01;"INCRA — Índices Básicos (IE nº 5/2022; tabela de 2013)";
1508001;50.0;2.0;A1;4;2022-08-01;"INCRA — Índices Básicos (IE nº 5/2022; tabela de 2013)";
1508035;55.0;4.0;B3;3;2022-08-01;"INCRA — Índices Básicos (IE nº 5/2022; tabela de 2013)";
1508126;55.0;4.0;B3;4;2022-08-01;"INCRA — Índices Básicos (IE nº 5/2022; tabela de 2013)";
1508209;55.0;2.0;A1;3;2022-08-01;"INCRA — Índices Básicos (IE nº 5/2022; tabela de 2013)";
1508308;75.0;4.0;B3;3;2022-08-01;"INCRA — Índices Básicos (IE nº 5/2022; tabela de 2013)";
2300101;45.0;4.0;B3;4;2022-08-01;"INCRA — Índices Básicos (IE nº 5/2022; tabela de 2013)";
2300150;35.0;4.0;B3;3;2022-08-01;"INCRA — Índices Básicos (IE nº 5/2022; tabela de 2013)";
2300200;55.0;4.0;B3;3;2022-08-01;"INCRA — Índices Básicos (IE nº 5/2022; tabela de 2013)";
2300309;40.0;3.0;B2;4;2022-08-01;"INCRA — Índices Básicos (IE nº 5/2022; tabela de 2013)";
2300408;90.0;2.0;A2;5;2022-08-01;"INCRA — Índices Básicos (IE nº 5/2022; tabela de 2013)";
2300507;40.0;3.0;B2;4;2022-08-01;"INCRA — Índices Básicos (IE nº 5/2022; tabela de 2013)";
2300606;50.0;2.0;A2;4;2022-08-01;"INCRA — Índices Básicos (IE nº 5/2022; tabela de 2013)";
2300705;55.0;4.0;B3;4;2022-08-01;"INCRA — Índices Básicos (IE nº 5/2022; tabela de 2013)";
2300754;50.0;4.0;B3;4;2022-08-01;"INCRA — Índices Básicos (IE nº 5/2022; tabela de 2013)";
2300804;50.0;2.0;A2;4;2022-08-01;"INCRA — Índices Básicos (IE nº 5/2022; tabela de 2013)";
2300903;50.0;4.0;B3;4;2022-08-01;"INCRA — Índices Básicos (IE nº 5/2022; tabela de 2013)";
2301000;10.0;2.0;A1;2;2022-08-01;"INCRA — Índices Básicos (IE nº 5/2022; tabela de 2013)";
2301109;45.0;4.0;B3;4;2022-08-01;"INCRA — Índices Básicos (IE nº 5/2022; tabela de 2013)";
2301208;40.0;4.0;B3;3;2022-08-01;"INCRA — Índices Básicos (IE nº 5/2022; tabela de 2013)";
2301257;70.0;4.0;B3;4;2022-08-01;"INCRA — Índices Básicos (IE nº 5/2022; tabela de 2013)";
2301307;65.0;2.0;A2;4;2022-08-01;"INCRA — Índices Básicos (IE nº 5/2022; tabela de 2013)";
2301406;20.0;4.0;B3;3;2022-08-01;"INCRA — Índices Básicos (IE nº 5/2022; tabela de 2013)";
2301505;90.0;4.0;B3;5;2022-08-01;"INCRA — Índices Básicos (IE nº 5/2022; tabela de 2013)";
2301604;50.0;2.0;A2;4;2022-08-01;"INCRA — Índices Básicos (IE nº 5/2022; tabela de 2013)";
2301703;45.0;2.0;A2;4;2022-08-01;"INCRA — Índices Básicos (IE nº 5/2022; tabela de 2013)";
2301802;40.0;3.0;B2;4;2022-08-01;"INCRA — Índices Básicos (IE nº 5/2022; tabela de 2013)";
2301851;50.0;4.0;B3;4;2022-08-01;"INCRA — Índices Básicos (IE nº 5/2022; tabela de 2013)";
2301901;26.0;2.0;A2;4;2022-08-01;"INCRA — Índices Básicos (IE nº 5/2022; tabela de 2013)";
2301950;35.0;4.0;B3;3;2022-08-01;"INCRA — Índices Básicos (IE nº 5/2022; tabela de 2013)";
2302008;45.0;4.0;B3;4;2022-08-01;"INCRA — Índices Básicos (IE nº 5/2022; tabela de 2013)";
2302057;55.0;4.0;B3;3;2022-08-01;"INCRA — Índices Básicos (IE nº 5/2022; tabela de 2013)";
2302107;40.0;4.0;B3;3;2022-08-01;"INCRA — Índices Básicos (IE nº 5/2022; tabela de 2013)";
2302206;28.0;2.0;A1;3;2022-08-01;"INCRA — Índices Básicos (IE nº 5/2022; tabela de 2013)";
2302305;40.0;4.0;B3;3;2022-08-01;"INCRA — Índices Básicos (IE nº 5/2022; tabela de 2013)";
2302404;50.0;4.0;B3;4;2022-08-01;"INCRA — Índices Básicos (IE nº 5/2022; tabela de 2013)";
2302503;45.0;4.0;B3;4;2022-08-01;"INCRA — Índices Básicos (IE nº 5/2022; tabela de 2013)";
2302602;55.0;4.0;B3;3;2022-08-01;"INCRA — Índices Básicos (IE nº 5/2022; tabela de 2013)";
2302701;70.0;2.0;A2;4;2022-08-01;"INCRA — Índices Básicos (IE nº 5/2022; tabela de 2013)";
2302800;50.0;4.0;B3;5;2022-08-01;"INCRA — Índices Básicos (IE nº 5/2022; tabela de 2013)";
2302909;45.0;4.0;B3;3;2022-08-01;"INCRA — Índices Básicos (IE nº 5/2022; tabela de 2013)";
2303006;50.0;4.0;B3;5;2022-08-01;"INCRA — Índices Básicos (IE nº 5/2022; tabela de 2013)";
2303105;55.0;3.0;B2;4;2022-08-01;"INCRA — Índices Básicos (IE nº 5/2022; tabela de 2013)";
2303204;45.0;2.0;A2;4;2022-08-01;"INCRA — Índices Básicos (IE nº 5/2022; tabela de 2013)";
2303303;40.0;3.0;B2;4;2022-08-01;"INCRA — Índices Básicos (IE nº 5/2022; tabela de 2013)";
2303402;50.0;4.0;B3;3;2022-08-01;"INCRA — Índices Básicos (IE nº 5/2022; tabela de 2013)";
2303501;28.0;2.0;A1;3;2022-08-01;"INCRA — Índices Básicos (IE nº 5/2022; tabela de 2013)";
2303600;90.0;3.0;B2;5;2022-08-01;"INCRA — Índices Básicos (IE nº 5/2022; tabela de 2013)";
2303659;55.0;3.0;B2;5;2022-08-01;"INCRA — Índices Básicos (IE nº 5/2022; tabela de 2013)";
2303709;15.0;2.0;A1;2;2022-08-01;"INCRA — Índices Básicos (IE nº 5/2022; tabela de 2013)";
2303808;40.0;3.0;B2;4;2022-08-01;"INCRA — Índices Básicos (IE nº 5/2022; tabela de 2013)";
2303907;55.0;4.0;B3;3;2022-08-01;"INCRA — Índices Básicos (IE nº 5/2022; tabela de 2013)";
2303931;50.0;4.0;B3;4;2022-08-01;"INCRA — Índices Básicos (IE nº 5/2022; tabela de 2013)";
2303956;16.0;2.0;A1;3;2022-08-01;"INCRA — Índices Básicos (IE nº 5/2022; tabela de 2013)";
2304004;55.0;3.0;B2;4;2022-08-01;"INCRA — Índices Básicos (IE nº 5/2022; tabela de 2013)";
2304103;80.0;4.0;B3;5;2022-08-01;"INCRA — Índices Básicos (IE nº 5/2022; tabela de 2013)";
2304202;26.0;2.0;A2;4;2022-08-01;"INCRA — Índices Básicos (IE nº 5/2022; tabela de 2013)";
2304236;45.0;4.0;B3;3;2022-08-01;"INCRA — Índices Básicos (IE nº 5/2022; tabela de 2013)";
2304251;55.0;4.0;B3;3;2022-08-01;"INCRA — Índices Básicos (IE nº 5/2022; tabela de 2013)";
2304269;55.0;4.0;B3;4;2022-08-01;"INCRA — Índices Básicos (IE nº 5/2022; tabela de 2013)";
2304277;55.0;4.0;B3;4;2022-08-01;"INCRA — Índices Básicos (IE nº 5/2022; tabela de 2013)";
2304285;10.0;2.0;A1;2;2022-08-01;"INCRA — Índices Básicos (IE nº 5/2022; tabela de 2013)";
2304301;50.0;2.0;A2;4;2022-08-01;"INCRA — Índices Básicos (IE nº 5/2022; tabela de 2013)";
2304350;50.0;3.0;B2;4;2022-08-01;"INCRA — Índices Básicos (IE nº 5/2022; tabela de 2013)";
2304400;5.0;2.0;A1;2;2022-08-01;"INCRA — Índices Básicos (IE nº 5/2022; tabela de 2013)";
2304459;45.0;4.0;B3;4;2022-08-01;"INCRA — Índices Básicos (IE nº 5/2022; tabela de 2013)";
2304509;50.0;3.0;B2;4;2022-08-01;"INCRA — Índices Básicos (IE nº 5/2022; tabela de 2013)";
2304608;50.0;4.0;B3;5;2022-08-01;"INCRA — Índices Básicos (IE nº 5/2022; tabela de 2013)";
2304657;40.0;3.0;B2;3;2022-08-01;"INCRA — Índices Básicos (IE nº 5/2022; tabela de 2013)";
2304707;55.0;4.0;B3;3;2022-08-01;"INCRA — Índices Básicos (IE nº 5/2022; tabela de 2013)";
2304806;45.0;2.0;A2;4;2022-08-01;"INCRA — Índices Básicos (IE nº 5/2022; tabela de 2013)";
2304905;55.0;3.0;B2;4;2022-08-01;"INCRA — Índices Básicos (IE nº 5/2022; tabela de 2013)";
2304954;15.0;2.0;A1;2;2022-08-01;"INCRA — Índices Básicos (IE nº 5/2022; tabela de 2013)";
2305001;45.0;4.0;B3;3;2022-08-01;"INCRA — Índices Básicos (IE nº 5/2022; tabela de 2013)";
2305100;20.0;4.0;B3;3;2022-08-01;"INCRA — Índices Básicos (IE nº 5/2022; tabela de 2013)";
2305209;50.0;3.0;B2;5;2022-08-01;"INCRA — Índices Básicos (IE nº 5/2022; tabela de 2013)";
2305233;16.0;2.0;A1;3;2022-08-01;"INCRA — Índices Básicos (IE nº 5/2022; tabela de 2013)";
2305266;50.0;4.0;B3;4;2022-08-01;"INCRA — Índices Básicos (IE nº 5/2022; tabela de 2013)";
2305308;45.0;4.0;B3;3;2022-08-01;"INCRA — Índices Básicos (IE nº 5/2022; tabela de 2013)";
2305332;55.0;4.0;B3;4;2022-08-01;"INCRA — Índices Básicos (IE nº 5/2022; tabela de 2013)";
2305357;45.0;4.0;B3;4;2022-08-01;"INCRA — Índices Básicos (IE nº 5/2022; tabela de 2013)";
2305407;40.0;3.0;B2;4;2022-08-01;"INCRA — Índices Básicos (IE nº 5/2022; tabela de 2013)";
2305506;40.0;3.0;B2;4;2022-08-01;"INCRA — Índices Básicos (IE nº 5/2022; tabela de 2013)";
2305605;80.0;4.0;B3;5;2022-08-01;"INCRA — Índices Básicos (IE nº 5/2022; tabela de 2013)";
2305654;70.0;4.0;B3;4;2022-08-01;"INCRA — Índices Básicos (IE nº 5/2022; tabela de 2013)";
2305704;40.0;3.0;B2;4;2022-08-01;"INCRA — Índices Básicos (IE nº 5/2022; tabela de 2013)";
2305803;50.0;4.0;B3;4;2022-08-01;"INCRA — Índices Básicos (IE nº 5/2022; tabela de 2013)";
2305902;70.0;4.0;B3;4;2022-08-01;"INCRA — Índices Básicos (IE nº 5/2022; tabela de 2013)";
2306009;60.0;4.0;B3;4;2022-08-01;"INCRA — Índices Básicos (IE nº 5/2022; tabela de 2013)";
2306108;55.0;4.0;B3;4;2022-08-01;"INCRA — Índices Básicos (IE nº 5/2022; tabela de 2013)";
2306207;55.0;4.0;B3;4;2022-08-01;"INCRA — Índices Básicos (IE nº 5/2022; tabela de 2013)";
2306256;15.0;2.0;A1;2;2022-08-01;"INCRA — Índices Básicos (IE nº 5/2022; tabela de 2013)";
2306306;45.0;4.0;B3;4;2022-08-01;"INCRA — Índices Básicos (IE nº 5/2022; tabela de 2013)";
2306405;50.0;4.0;B3;4;2022-08-01;"INCRA — Índices Básicos (IE nº 5/2022; tabela de 2013)";
2306504;45.0;4.0;B3;3;2022-08-01;"INCRA — Índices Básicos (IE nº 5/2022; tabela de 2013)";
2306553;55.0;4.0;B3;3;2022-08-01;"INCRA — Índices Básicos (IE nº 5/2022; tabela de 2013)";
2306603;50.0;4.0;B3;4;2022-08-01;"INCRA — Índices Básicos (IE nº 5/2022; tabela de 2013)";
2306702;55.0;4.0;B3;4;2022-08-01;"INCRA — Índices Básicos (IE nº 5/2022; tabela de 2013)";
2306801;55.0;4.0;B3;4;2022-08-01;"INCRA — Índices Básicos (IE nº 5/2022; tabela de 2013)";
2306900;55.0;4.0;B3;4;2022-08-01;"INCRA — Índices Básicos (IE nº 5/2022; tabela de 2013)";
2307007;55.0;4.0;B3;4;2022-08-01;"INCRA — Índices Básicos (IE nº 5/2022; tabela de 2013)";
2307106;26.0;2.0;A2;4;2022-08-01;"INCRA — Índices Básicos (IE nº 5/2022; tabela de 2013)";
2307205;45.0;4.0;B3;4;2022-08-01;"INCRA — Índices Básicos (IE nº 5/2022; tabela de 2013)";
2307254;55.0;4.0;B3;3;2022-08-01;"INCRA — Índices Básicos (IE nº 5/2022; tabela de 2013)";
2307304;26.0;2.0;A2;4;2022-08-01;"INCRA — Índices Básicos (IE nº 5/2022; tabela de 2013)";
2307403;40.0;3.0;B2;4;2022-08-01;"INCRA — Índices Básicos (IE nº 5/2022; tabela de 2013)";
2307502;40.0;2.0;A2;4;2022-08-01;"INCRA — Índices Básicos (IE nº 5/2022; tabela de 2013)";
2307601;55.0;4.0;B3;4;2022-08-01;"INCRA — Índices Básicos (IE nº 5/2022; tabela de 2013)";
2307635;50.0;4.0;B3;4;2022-08-01;"INCRA — Índices Básicos (IE nº 5/2022; tabela de 2013)";
2307650;15.0;2.0;A1;2;2022-08-01;"INCRA — Índices Básicos (IE nº 5/2022; tabela de 2013)";
2307700;15.0;2.0;A1;2;2022-08-01;"INCRA — Índices Básicos (IE nº 5/2022; tabela de 2013)";
2307809;55.0;4.0;B3;3;2022-08-01;"INCRA — Índices Básicos (IE nº 5/2022; tabela de 2013)";
2307908;55.0;3.0;B2;3;2022-08-01;"INCRA — Índices Básicos (IE nº 5/2022; tabela de 2013)";
2308005;50.0;3.0;B2;4;2022-08-01;"INCRA — Índices Básicos (IE nº 5/2022; tabela de 2013)";
2308104;45.0;4.0;B3;4;2022-08-01;"INCRA — Índices Básicos (IE nº 5/2022; tabela de 2013)";
2308203;40.0;3.0;B2;4;2022-08-01;"INCRA — Índices Básicos (IE nº 5/2022; tabela de 2013)";
2308302;45.0;4.0;B3;4;2022-08-01;"INCRA — Índices Básicos (IE nº 5/2022; tabela de 2013)";
2308351;55.0;4.0;B3;4;2022-08-01;"INCRA — Índices Básicos (IE nº 5/2022; tabela de 2013)";
2308377;50.0;4.0;B3;4;2022-08-01;"INCRA — Índices Básicos (IE nº 5/2022; tabela de 2013)";
2308401;26.0;2.0;A2;4;2022-08-01;"INCRA — Índices Básicos (IE nº 5/2022; tabela de 2013)";
2308500;40.0;3.0;B2;4;2022-08-01;"INCRA — Índices Básicos (IE nº 5/2022; tabela de 2013)";
2308609;80.0;4.0;B3;5;2022-08-01;"INCRA — Índices Básicos (IE nº 5/2022; tabela de 2013)";
2308708;55.0;4.0;B3;4;2022-08-01;"INCRA — Índices Básicos (IE nº 5/2022; tabela de 2013)";
2308807;55.0;3.0;B2;4;2022-08-01;"INCRA — Índices Básicos (IE nº 5/2022; tabela de 2013)";
2308906;65.0;3.0;B2;4;2022-08-01;"INCRA — Índices Básicos (IE nº 5/2022; tabela de 2013)";
2309003;55.0;3.0;B2;4;2022-08-01;"INCRA — Índices Básicos (IE nº 5/2022; tabela de 2013)";
2309102;20.0;4.0;B3;3;2022-08-01;"INCRA — Índices Básicos (IE nº 5/2022; tabela de 2013)";
2309201;55.0;2.0;A2;4;2022-08-01;"INCRA — Índices Básicos (IE nº 5/2022; tabela de 2013)";
2309300;70.0;4.0;B3;4;2022-08-01;"INCRA — Índices Básicos (IE nº 5/2022; tabela de 2013)";
2309409;80.0;4.0;B3;5;2022-08-01;"INCRA — Índices Básicos (IE nº 5/2022; tabela de 2013)";
2309458;40.0;4.0;B3;3;2022-08-01;"INCRA — Índices Básicos (IE nº 5/2022; tabela de 2013)";
2309508;40.0;3.0;B2;4;2022-08-01;"INCRA — Índices Básicos (IE nº 5/2022; tabela de 2013)";
2309607;16.0;2.0;A1;3;2022-08-01;"INCRA — Índices Básicos (IE nº 5/2022; tabela de 2013)";
2309706;15.0;2.0;A1;2;2022-08-01;"INCRA — Índices Básicos (IE nº 5/2022; tabela de 2013)";
2309805;20.0;4.0;B3;3;2022-08-01;"INCRA — Índices Básicos (IE nº 5/2022; tabela de 2013)";
2309904;55.0;3.0;B2;4;2022-08-01;"INCRA — Índices Básicos (IE nº 5/2022; tabela de 2013)";
2310001;55.0;4.0;B3;4;2022-08-01;"INCRA — Índices Básicos (IE nº 5/2022; tabela de 2013)";
2310100;20.0;2.0;A1;3;2022-08-01;"INCRA — Índices Básicos (IE nº 5/2022; tabela de 2013)";
2310209;45.0;2.0;A1;4;2022-08-01;"INCRA — Índices Básicos (IE nº 5/2022; tabela de 2013)";
2310258;45.0;2.0;A1;4;2022-08-01;"INCRA — Índices Básicos (IE nº 5/2022; tabela de 2013)";
2310308;90.0;4.0;B3;5;2022-08-01;"INCRA — Índices Básicos (IE nº 5/2022; tabela de 2013)";
2310407;50.0;4.0;B3;5;2022-08-01;"INCRA — Índices Básicos (IE nº 5/2022; tabela de 2013)";
2310506;50.0;4.0;B3;4;2022-08-01;"INCRA — Índices Básicos (IE nº 5/2022; tabela de 2013)";
2310605;45.0;4.0;B3;4;2022-08-01;"INCRA — Índices Básicos (IE nº 5/2022; tabela de 2013)";
2310704;50.0;4.0;B3;4;2022-08-01;"INCRA — Índices Básicos (IE nº 5/2022; tabela de 2013)";
2310803;55.0;4.0;B3;4;2022-08-01;"INCRA — Índices Básicos (IE nº 5/2022; tabela de 2013)";
2310852;28.0;2.0;A1;3;2022-08-01;"INCRA — Índices Básicos (IE nº 5/2022; tabela de 2013)";
2310902;50.0;3.0;B2;4;2022-08-01;"INCRA — Índices Básicos (IE nº 5/2022; tabela de 2013)";
2310951;50.0;4.0;B3;4;2022-08-01;"INCRA — Índices Básicos (IE nº 5/2022; tabela de 2013)";
2311009;70.0;4.0;B3;4;2022-08-01;"INCRA — Índices Básicos (IE nº 5/2022; tabela de 2013)";
2311108;45.0;4.0;B3;4;2022-08-01;"INCRA — Índices Básicos (IE nº 5/2022; tabela de 2013)";
2311207;60.0;2.0;A2;4;2022-08-01;"INCRA — Índices Básicos (IE nº 5/2022; tabela de 2013)";
2311231;60.0;4.0;B3;4;2022-08-01;"INCRA — Índices Básicos (IE nº 5/2022; tabela de 2013)";
2311264;80.0;4.0;B3;5;2022-08-01;"INCRA — Índices Básicos (IE nº 5/2022; tabela de 2013)";
2311306;50.0;4.0;B3;4;2022-08-01;"INCRA — Índices Básicos (IE nº 5/2022; tabela de 2013)";
2311355;40.0;3.0;B2;4;2022-08-01;"INCRA — Índices Básicos (IE nº 5/2022; tabela de 2013)";
2311405;50.0;4.0;B3;4;2022-08-01;"INCRA — Índices Básicos (IE nº 5/2022; tabela de 2013)";
2311504;55.0;4.0;B3;4;2022-08-01;"INCRA — Índices Básicos (IE nº 5/2022; tabela de 2013)";
2311603;35.0;4.0;B3;3;2022-08-01;"INCRA — Índices Básicos (IE nº 5/2022; tabela de 2013)";
2311702;55.0;3.0;B2;4;2022-08-01;"INCRA — Índices Básicos (IE nº 5/2022; tabela de 2013)";
2311801;55.0;4.0;B3;4;2022-08-01;"INCRA — Índices Básicos (IE nº 5/2022; tabela de 2013)";
2311900;90.0;3.0;B2;5;2022-08-01;"INCRA — Índices Básicos (IE nº 5/2022; tabela de 2013)";
2311959;70.0;2.0;A2;4;2022-08-01;"INCRA — Índices Básicos (IE nº 5/2022; tabela de 2013)";
2312205;55.0;3.0;B2;5;2022-08-01;"INCRA — Índices Básicos (IE nº 5/2022; tabela de 2013)";
2312007;65.0;3.0;B2;4;2022-08-01;"INCRA — Índices Básicos (IE nº 5/2022; tabela de 2013)";
2312106;55.0;2.0;A2;4;2022-08-01;"INCRA — Índices Básicos (IE nº 5/2022; tabela de 2013)";
2312304;40.0;4.0;B3;3;2022-08-01;"INCRA — Índices Básicos (IE nº 5/2022; tabela de 2013)";
2312403;50.0;2.0;A1;4;2022-08-01;"INCRA — Índices Básicos (IE nº 5/2022; tabela de 2013)";
2312502;55.0;4.0;B3;4;2022-08-01;"INCRA — Índices Básicos (IE nº 5/2022; tabela de 2013)";
2312601;50.0;2.0;A1;4;2022-08-01;"INCRA — Índices Básicos (IE nº 5/2022; tabela de 2013)";
2312700;50.0;4.0;B3;4;2022-08-01;"INCRA — Índices Básicos (IE nº 5/2022; tabela de 2013)";
2312809;65.0;3.0;B2;4;2022-08-01;"INCRA — Índices Básicos (IE nº 5/2022; tabela de 2013)";
2312908;50.0;3.0;B2;4;2022-08-01;"INCRA — Índices Básicos (IE nº 5/2022; tabela de 2013)";
2313005;55.0;4.0;B3;4;2022-08-01;"INCRA — Índices Básicos (IE nº 5/2022; tabela de 2013)";
2313104;55.0;4.0;B3;4;2022-08-01;"INCRA — Índices Básicos (IE nº 5/2022; tabela de 2013)";
2313203;80.0;4.0;B3;5;2022-08-01;"INCRA — Índices Básicos (IE nº 5/2022; tabela de 2013)";
2313252;50.0;2.0;A2;4;2022-08-01;"INCRA — Índices Básicos (IE nº 5/2022; tabela de 2013)";
2313302;90.0;4.0;B3;5;2022-08-01;"INCRA — Índices Básicos (IE nº 5/2022; tabela de 2013)";
2313351;45.0;4.0;B3;4;2022-08-01;"INCRA — Índices Básicos (IE nº 5/2022; tabela de 2013)";
2313401;45.0;4.0;B3;3;2022-08-01;"INCRA — Índices Básicos (IE nº 5/2022; tabela de 2013)";
2313500;50.0;4.0;B3;4;2022-08-01;"INCRA — Índices Básicos (IE nº 5/2022; tabela de 2013)";
2313559;35.0;4.0;B3;4;2022-08-01;"INCRA — Índices Básicos (IE nº 5/2022; tabela de 2013)";
2313609;50.0;4.0;B3;3;2022-08-01;"INCRA — Índices Básicos (IE nº 5/2022; tabela de 2013)";
2313708;40.0;3.0;B2;4;2022-08-01;"INCRA — Índices Básicos (IE nº 5/2022; tabela de 2013)";
2313757;35.0;4.0;B3;4;2022-08-01;"INCRA — Índices Básicos (IE nº 5/2022; tabela de 2013)";
2313807;35.0;4.0;B3;4;2022-08-01;"INCRA — Índices Básicos (IE nº 5/2022; tabela de 2013)";
2313906;65.0;3.0;B2;4;2022-08-01;"INCRA — Índices Básicos (IE nº 5/2022; tabela de 2013)";
2313955;55.0;3.0;B2;4;2022-08-01;"INCRA — Índices Básicos (IE nº 5/2022; tabela de 2013)";
2314003;50.0;2.0;A2;4;2022-08-01;"INCRA — Índices Básicos (IE nº 5/2022; tabela de 2013)";
2314102;50.0;4.0;B3;3;2022-08-01;"INCRA — Índices Básicos (IE nº 5/2022; tabela de 2013)";
2600054;7.0;2.0;A1;2;2022-08-01;"INCRA — Índices Básicos (IE nº 5/2022; tabela de 2013)";
2600104;40.0;4.0;B3;4;2022-08-01;"INCRA — Índices Básicos (IE nº 5/2022; tabela de 2013)";
2600302;35.0;2.0;A2;3;2022-08-01;"INCRA — Índices Básicos (IE nº 5/2022; tabela de 2013)";
2600401;14.0;4.0;B3;2;2022-08-01;"INCRA — Índices Básicos (IE nº 5/2022; tabela de 2013)";
2600500;40.0;2.0;A2;4;2022-08-01;"INCRA — Índices Básicos (IE nº 5/2022; tabela de 2013)";
2600609;20.0;2.0;A2;3;2022-08-01;"INCRA — Índices Básicos (IE nº 5/2022; tabela de 2013)";
2600708;14.0;2.0;A2;2;2022-08-01;"INCRA — Índices Básicos (IE nº 5/2022; tabela de 2013)";
2600807;40.0;2.0;A2;3;2022-08-01;"INCRA — Índices Básicos (IE nº 5/2022; tabela de 2013)";
2600906;14.0;4.0;B3;2;2022-08-01;"INCRA — Índices Básicos (IE nº 5/2022; tabela de 2013)";
2601003;40.0;2.0;A2;3;2022-08-01;"INCRA — Índices Básicos (IE nº 5/2022; tabela de 2013)";
2601052;14.0;2.0;A1;2;2022-08-01;"INCRA — Índices Básicos (IE nº 5/2022; tabela de 2013)";
2601201;40.0;4.0;B3;4;2022-08-01;"INCRA — Índices Básicos (IE nº 5/2022; tabela de 2013)";
2601300;30.0;2.0;A2;3;2022-08-01;"INCRA — Índices Básicos (IE nº 5/2022; tabela de 2013)";
2601409;14.0;4.0;B3;2;2022-08-01;"INCRA — Índices Básicos (IE nº 5/2022; tabela de 2013)";
2601508;16.0;4.0;B3;2;2022-08-01;"INCRA — Índices Básicos (IE nº 5/2022; tabela de 2013)";
2601706;20.0;2.0;A2;3;2022-08-01;"INCRA — Índices Básicos (IE nº 5/2022; tabela de 2013)";
2601904;20.0;2.0;A2;3;2022-08-01;"INCRA — Índices Básicos (IE nº 5/2022; tabela de 2013)";
2602100;40.0;2.0;A2;3;2022-08-01;"INCRA — Índices Básicos (IE nº 5/2022; tabela de 2013)";
2602209;22.0;2.0;A3;3;2022-08-01;"INCRA — Índices Básicos (IE nº 5/2022; tabela de 2013)";
2602308;28.0;2.0;A2;3;2022-08-01;"INCRA — Índices Básicos (IE nº 5/2022; tabela de 2013)";
2602407;40.0;2.0;A2;3;2022-08-01;"INCRA — Índices Básicos (IE nº 5/2022; tabela de 2013)";
2602506;40.0;4.0;B3;4;2022-08-01;"INCRA — Índices Básicos (IE nº 5/2022; tabela de 2013)";
2602605;20.0;2.0;A2;3;2022-08-01;"INCRA — Índices Básicos (IE nº 5/2022; tabela de 2013)";
2602704;14.0;2.0;A2;2;2022-08-01;"INCRA — Índices Básicos (IE nº 5/2022; tabela de 2013)";
2602803;35.0;4.0;B3;4;2022-08-01;"INCRA — Índices Básicos (IE nº 5/2022; tabela de 2013)";
2602902;7.0;2.0;A1;2;2022-08-01;"INCRA — Índices Básicos (IE nº 5/2022; tabela de 2013)";
2603108;26.0;2.0;A2;3;2022-08-01;"INCRA — Índices Básicos (IE nº 5/2022; tabela de 2013)";
2603207;35.0;2.0;A2;3;2022-08-01;"INCRA — Índices Básicos (IE nº 5/2022; tabela de 2013)";
2603306;35.0;2.0;A2;3;2022-08-01;"INCRA — Índices Básicos (IE nº 5/2022; tabela de 2013)";
2603405;40.0;4.0;B3;4;2022-08-01;"INCRA — Índices Básicos (IE nº 5/2022; tabela de 2013)";
2603454;7.0;2.0;A1;2;2022-08-01;"INCRA — Índices Básicos (IE nº 5/2022; tabela de 2013)";
2603504;30.0;2.0;A2;3;2022-08-01;"INCRA — Índices Básicos (IE nº 5/2022; tabela de 2013)";
2603603;14.0;2.0;A2;2;2022-08-01;"INCRA — Índices Básicos (IE nº 5/2022; tabela de 2013)";
2603702;35.0;2.0;A2;3;2022-08-01;"INCRA — Índices Básicos (IE nº 5/2022; tabela de 2013)";
2603801;26.0;2.0;A2;3;2022-08-01;"INCRA — Índices Básicos (IE nº 5/2022; tabela de 2013)";
2603900;40.0;4.0;B3;4;2022-08-01;"INCRA — Índices Básicos (IE nº 5/2022; tabela de 2013)";
2604007;14.0;2.0;A2;2;2022-08-01;"INCRA — Índices Básicos (IE nº 5/2022; tabela de 2013)";
2604106;20.0;2.0;A2;3;2022-08-01;"INCRA — Índices Básicos (IE nº 5/2022; tabela de 2013)";
2604155;26.0;4.0;B3;3;2022-08-01;"INCRA — Índices Básicos (IE nº 5/2022; tabela de 2013)";
2604205;14.0;4.0;B3;2;2022-08-01;"INCRA — Índices Básicos (IE nº 5/2022; tabela de 2013)";
2604403;14.0;2.0;A2;2;2022-08-01;"INCRA — Índices Básicos (IE nº 5/2022; tabela de 2013)";
2604502;20.0;2.0;A2;3;2022-08-01;"INCRA — Índices Básicos (IE nº 5/2022; tabela de 2013)";
2604601;14.0;2.0;A2;2;2022-08-01;"INCRA — Índices Básicos (IE nº 5/2022; tabela de 2013)";
2604700;45.0;2.0;A2;3;2022-08-01;"INCRA — Índices Básicos (IE nº 5/2022; tabela de 2013)";
2604809;16.0;4.0;B3;2;2022-08-01;"INCRA — Índices Básicos (IE nº 5/2022; tabela de 2013)";
2604908;30.0;2.0;A2;3;2022-08-01;"INCRA — Índices Básicos (IE nº 5/2022; tabela de 2013)";
2605004;35.0;2.0;A2;3;2022-08-01;"INCRA — Índices Básicos (IE nº 5/2022; tabela de 2013)";
2605103;65.0;4.0;B3;4;2022-08-01;"INCRA — Índices Básicos (IE nº 5/2022; tabela de 2013)";
2605202;14.0;4.0;B3;2;2022-08-01;"INCRA — Índices Básicos (IE nº 5/2022; tabela de 2013)";
2605400;20.0;2.0;A3;3;2022-08-01;"INCRA — Índices Básicos (IE nº 5/2022; tabela de 2013)";
2605509;14.0;2.0;A2;2;2022-08-01;"INCRA — Índices Básicos (IE nº 5/2022; tabela de 2013)";
2605608;40.0;4.0;B3;4;2022-08-01;"INCRA — Índices Básicos (IE nº 5/2022; tabela de 2013)";
2605806;35.0;4.0;B3;3;2022-08-01;"INCRA — Índices Básicos (IE nº 5/2022; tabela de 2013)";
2605905;14.0;4.0;B3;2;2022-08-01;"INCRA — Índices Básicos (IE nº 5/2022; tabela de 2013)";
2606002;35.0;2.0;A2;3;2022-08-01;"INCRA — Índices Básicos (IE nº 5/2022; tabela de 2013)";
2606101;20.0;2.0;A2;3;2022-08-01;"INCRA — Índices Básicos (IE nº 5/2022; tabela de 2013)";
2606200;14.0;2.0;A2;2;2022-08-01;"INCRA — Índices Básicos (IE nº 5/2022; tabela de 2013)";
2606408;20.0;2.0;A2;3;2022-08-01;"INCRA — Índices Básicos (IE nº 5/2022; tabela de 2013)";
2606507;40.0;2.0;A2;3;2022-08-01;"INCRA — Índices Básicos (IE nº 5/2022; tabela de 2013)";
2606705;35.0;2.0;A2;3;2022-08-01;"INCRA — Índices Básicos (IE nº 5/2022; tabela de 2013)";
2606804;14.0;2.0;A1;2;2022-08-01;"INCRA — Índices Básicos (IE nº 5/2022; tabela de 2013)";
2606903;40.0;4.0;B3;4;2022-08-01;"INCRA — Índices Básicos (IE nº 5/2022; tabela de 2013)";
2607604;7.0;2.0;A1;2;2022-08-01;"INCRA — Índices Básicos (IE nº 5/2022; tabela de 2013)";
2607109;40.0;4.0;B3;4;2022-08-01;"INCRA — Índices Básicos (IE nº 5/2022; tabela de 2013)";
2607208;14.0;2.0;A1;2;2022-08-01;"INCRA — Índices Básicos (IE nº 5/2022; tabela de 2013)";
2607505;40.0;4.0;B3;4;2022-08-01;"INCRA — Índices Básicos (IE nº 5/2022; tabela de 2013)";
2607653;14.0;2.0;A2;2;2022-08-01;"INCRA — Índices Básicos (IE nº 5/2022; tabela de 2013)";
2607703;40.0;4.0;B3;4;2022-08-01;"INCRA — Índices Básicos (IE nº 5/2022; tabela de 2013)";
2607752;14.0;2.0;A1;2;2022-08-01;"INCRA — Índices Básicos (IE nº 5/2022; tabela de 2013)";
2607802;14.0;2.0;A2;2;2022-08-01;"INCRA — Índices Básicos (IE nº 5/2022; tabela de 2013)";
2607901;7.0;2.0;A1;2;2022-08-01;"INCRA — Índices Básicos (IE nº 5/2022; tabela de 2013)";
2607950;14.0;4.0;B3;2;2022-08-01;"INCRA — Índices Básicos (IE nº 5/2022; tabela de 2013)";
2608008;20.0;2.0;A2;3;2022-08-01;"INCRA — Índices Básicos (IE nº 5/2022; tabela de 2013)";
2608107;24.0;2.0;A3;3;2022-08-01;"INCRA — Índices Básicos (IE nº 5/2022; tabela de 2013)";
2608206;14.0;4.0;B3;2;2022-08-01;"INCRA — Índices Básicos (IE nº 5/2022; tabela de 2013)";
2608255;35.0;2.0;A2;3;2022-08-01;"INCRA — Índices Básicos (IE nº 5/2022; tabela de 2013)";
2608305;35.0;2.0;A2;3;2022-08-01;"INCRA — Índices Básicos (IE nº 5/2022; tabela de 2013)";
2608404;35.0;2.0;A2;3;2022-08-01;"INCRA — Índices Básicos (IE nº 5/2022; tabela de 2013)";
2608453;14.0;2.0;A2;2;2022-08-01;"INCRA — Índices Básicos (IE nº 5/2022; tabela de 2013)";
2608503;16.0;2.0;A2;2;2022-08-01;"INCRA — Índices Básicos (IE nº 5/2022; tabela de 2013)";
2608602;45.0;2.0;A2;3;2022-08-01;"INCRA — Índices Básicos (IE nº 5/2022; tabela de 2013)";
2608701;35.0;2.0;A2;3;2022-08-01;"INCRA — Índices Básicos (IE nº 5/2022; tabela de 2013)";
2608800;40.0;2.0;A2;3;2022-08-01;"INCRA — Índices Básicos (IE nº 5/2022; tabela de 2013)";
2608909;22.0;2.0;A3;3;2022-08-01;"INCRA — Índices Básicos (IE nº 5/2022; tabela de 2013)";
2609006;14.0;2.0;A2;2;2022-08-01;"INCRA — Índices Básicos (IE nº 5/2022; tabela de 2013)";
2609105;22.0;2.0;A3;3;2022-08-01;"INCRA — Índices Básicos (IE nº 5/2022; tabela de 2013)";
2609154;65.0;4.0;B3;4;2022-08-01;"INCRA — Índices Básicos (IE nº 5/2022; tabela de 2013)";
2609204;14.0;4.0;B3;2;2022-08-01;"INCRA — Índices Básicos (IE nº 5/2022; tabela de 2013)";
2609402;7.0;2.0;A1;2;2022-08-01;"INCRA — Índices Básicos (IE nº 5/2022; tabela de 2013)";
2609501;14.0;2.0;A2;2;2022-08-01;"INCRA — Índices Básicos (IE nº 5/2022; tabela de 2013)";
2609600;7.0;2.0;A1;2;2022-08-01;"INCRA — Índices Básicos (IE nº 5/2022; tabela de 2013)";
2609709;22.0;2.0;A3;3;2022-08-01;"INCRA — Índices Básicos (IE nº 5/2022; tabela de 2013)";
2610004;14.0;4.0;B3;2;2022-08-01;"INCRA — Índices Básicos (IE nº 5/2022; tabela de 2013)";
2610103;45.0;2.0;A2;3;2022-08-01;"INCRA — Índices Básicos (IE nº 5/2022; tabela de 2013)";
2610202;35.0;2.0;A2;3;2022-08-01;"INCRA — Índices Básicos (IE nº 5/2022; tabela de 2013)";
2610301;35.0;2.0;A2;3;2022-08-01;"INCRA — Índices Básicos (IE nº 5/2022; tabela de 2013)";
2610509;35.0;2.0;A3;3;2022-08-01;"INCRA — Índices Básicos (IE nº 5/2022; tabela de 2013)";
2610608;14.0;2.0;A1;2;2022-08-01;"INCRA — Índices Básicos (IE nº 5/2022; tabela de 2013)";
2610707;7.0;2.0;A1;2;2022-08-01;"INCRA — Índices Básicos (IE nº 5/2022; tabela de 2013)";
2610806;35.0;4.0;B3;4;2022-08-01;"INCRA — Índices Básicos (IE nº 5/2022; tabela de 2013)";
2610905;20.0;2.0;A2;3;2022-08-01;"INCRA — Índices Básicos (IE nº 5/2022; tabela de 2013)";
2611200;20.0;2.0;A2;3;2022-08-01;"INCRA — Índices Básicos (IE nº 5/2022; tabela de 2013)";
2611309;20.0;2.0;A2;3;2022-08-01;"INCRA — Índices Básicos (IE nº 5/2022; tabela de 2013)";
2611408;14.0;4.0;B3;2;2022-08-01;"INCRA — Índices Básicos (IE nº 5/2022; tabela de 2013)";
2611507;14.0;2.0;A2;2;2022-08-01;"INCRA — Índices Básicos (IE nº 5/2022; tabela de 2013)";
2611533;40.0;4.0;B3;4;2022-08-01;"INCRA — Índices Básicos (IE nº 5/2022; tabela de 2013)";
2611606;5.0;2.0;A1;2;2022-08-01;"INCRA — Índices Básicos (IE nº 5/2022; tabela de 2013)";
2611705;20.0;2.0;A2;3;2022-08-01;"INCRA — Índices Básicos (IE nº 5/2022; tabela de 2013)";
2611804;14.0;4.0;B3;2;2022-08-01;"INCRA — Índices Básicos (IE nº 5/2022; tabela de 2013)";
2611903;14.0;4.0;B3;2;2022-08-01;"INCRA — Índices Básicos (IE nº 5/2022; tabela de 2013)";
2612000;35.0;2.0;A2;3;2022-08-01;"INCRA — Índices Básicos (IE nº 5/2022; tabela de 2013)";
2612109;26.0;2.0;A3;3;2022-08-01;"INCRA — Índices Básicos (IE nº 5/2022; tabela de 2013)";
2612307;35.0;2.0;A2;3;2022-08-01;"INCRA — Índices Básicos (IE nº 5/2022; tabela de 2013)";
2612406;20.0;2.0;A2;3;2022-08-01;"INCRA — Índices Básicos (IE nº 5/2022; tabela de 2013)";
2612471;40.0;4.0;B3;4;2022-08-01;"INCRA — Índices Básicos (IE nº 5/2022; tabela de 2013)";
2612505;20.0;2.0;A2;3;2022-08-01;"INCRA — Índices Básicos (IE nº 5/2022; tabela de 2013)";
2612703;22.0;4.0;B3;3;2022-08-01;"INCRA — Índices Básicos (IE nº 5/2022; tabela de 2013)";
2612802;40.0;4.0;B3;4;2022-08-01;"INCRA — Índices Básicos (IE nº 5/2022; tabela de 2013)";
2612901;14.0;4.0;B3;2;2022-08-01;"INCRA — Índices Básicos (IE nº 5/2022; tabela de 2013)";
2613008;20.0;2.0;A2;3;2022-08-01;"INCRA — Índices Básicos (IE nº 5/2022; tabela de 2013)";
2613107;20.0;2.0;A2;3;2022-08-01;"INCRA — Índices Básicos (IE nº 5/2022; tabela de 2013)";
2613206;35.0;2.0;A2;3;2022-08-01;"INCRA — Índices Básicos (IE nº 5/2022; tabela de 2013)";
2613305;35.0;2.0;A2;3;2022-08-01;"INCRA — Índices Básicos (IE nº 5/2022; tabela de 2013)";
2613404;14.0;4.0;B3;2;2022-08-01;"INCRA — Índices Básicos (IE nº 5/2022; tabela de 2013)";
2613602;40.0;4.0;B3;4;2022-08-01;"INCRA — Índices Básicos (IE nº 5/2022; tabela de 2013)";
2613701;7.0;2.0;A1;2;2022-08-01;"INCRA — Índices Básicos (IE nº 5/2022; tabela de 2013)";
2613800;20.0;2.0;A2;3;2022-08-01;"INCRA — Índices Básicos (IE nº 5/2022; tabela de 2013)";
2614105;65.0;4.0;B3;4;2022-08-01;"INCRA — Índices Básicos (IE nº 5/2022; tabela de 2013)";
2614204;14.0;4.0;B3;2;2022-08-01;"INCRA — Índices Básicos (IE nº 5/2022; tabela de 2013)";
2614402;40.0;4.0;B3;4;2022-08-01;"INCRA — Índices Básicos (IE nº 5/2022; tabela de 2013)";
2614501;26.0;4.0;B3;3;2022-08-01;"INCRA — Índices Básicos (IE nº 5/2022; tabela de 2013)";
2614600;40.0;4.0;B3;4;2022-08-01;"INCRA — Índices Básicos (IE nº 5/2022; tabela de 2013)";
2614709;20.0;2.0;A2;3;2022-08-01;"INCRA — Índices Básicos (IE nº 5/2022; tabela de 2013)";
2614857;14.0;4.0;B3;2;2022-08-01;"INCRA — Índices Básicos (IE nº 5/2022; tabela de 2013)";
2615003;20.0;2.0;A2;3;2022-08-01;"INCRA — Índices Básicos (IE nº 5/2022; tabela de 2013)";
2615102;35.0;2.0;A2;3;2022-08-01;"INCRA — Índices Básicos (IE nº 5/2022; tabela de 2013)";
2615300;14.0;2.0;A2;2;2022-08-01;"INCRA — Índices Básicos (IE nº 5/2022; tabela de 2013)";
2615409;20.0;2.0;A2;3;2022-08-01;"INCRA — Índices Básicos (IE nº 5/2022; tabela de 2013)";
2615508;14.0;2.0;A2;2;2022-08-01;"INCRA — Índices Básicos (IE nº 5/2022; tabela de 2013)";
2615706;40.0;4.0;B3;4;2022-08-01;"INCRA — Índices Básicos (IE nº 5/2022; tabela de 2013)";
2615805;35.0;4.0;B3;4;2022-08-01;"INCRA — Índices Básicos (IE nº 5/2022; tabela de 2013)";
2615904;40.0;4.0;B3;4;2022-08-01;"INCRA — Índices Básicos (IE nº 5/2022; tabela de 2013)";
2616001;35.0;4.0;B3;4;2022-08-01;"INCRA — Índices Básicos (IE nº 5/2022; tabela de 2013)";
2616183;26.0;4.0;B3;3;2022-08-01;"INCRA — Índices Básicos (IE nº 5/2022; tabela de 2013)";
2616209;20.0;4.0;B3;3;2022-08-01;"INCRA — Índices Básicos (IE nº 5/2022; tabela de 2013)";
2616308;14.0;2.0;A2;2;2022-08-01;"INCRA — Índices Básicos (IE nº 5/2022; tabela de 2013)";
2616407;14.0;2.0;A2;2;2022-08-01;"INCRA — Índices Básicos (IE nº 5/2022; tabela de 2013)";
2616506;14.0;4.0;B3;2;2022-08-01;"INCRA — Índices Básicos (IE nº 5/2022; tabela de 2013)";
5200050;24.0;2.0;A1;2;2022-08-01;"INCRA — Índices Básicos (IE nº 5/2022; tabela de 2013)";
5200100;40.0;2.0;A2;3;2022-08-01;"INCRA — Índices Básicos (IE nº 5/2022; tabela de 2013)";
5200134;30.0;2.0;A3;3;2022-08-01;"INCRA — Índices Básicos (IE nº 5/2022; tabela de 2013)";
5200159;22.0;2.0;A2;2;2022-08-01;"INCRA — Índices Básicos (IE nº 5/2022; tabela de 2013)";
5200209;45.0;2.0;A2;3;2022-08-01;"INCRA — Índices Básicos (IE nº 5/2022; tabela de 2013)";
5200506;35.0;2.0;A2;2;2022-08-01;"INCRA — Índices Básicos (IE nº 5/2022; tabela de 2013)";
5200555;60.0;4.0;B3;4;2022-08-01;"INCRA — Índices Básicos (IE nº 5/2022; tabela de 2013)";
5200829;60.0;4.0;B3;4;2022-08-01;"INCRA — Índices Básicos (IE nº 5/2022; tabela de 2013)";
5200852;22.0;2.0;A2;2;2022-08-01;"INCRA — Índices Básicos (IE nº 5/2022; tabela de 2013)";
5200902;20.0;2.0;A3;2;2022-08-01;"INCRA — Índices Básicos (IE nº 5/2022; tabela de 2013)";
5201108;16.0;2.0;A2;2;2022-08-01;"INCRA — Índices Básicos (IE nº 5/2022; tabela de 2013)";
5201207;45.0;2.0;A3;3;2022-08-01;"INCRA — Índices Básicos (IE nº 5/2022; tabela de 2013)";
5201306;22.0;2.0;A2;2;2022-08-01;"INCRA — Índices Básicos (IE nº 5/2022; tabela de 2013)";
5201405;22.0;2.0;A1;3;2022-08-01;"INCRA — Índices Básicos (IE nº 5/2022; tabela de 2013)";
5201454;40.0;2.0;A2;3;2022-08-01;"INCRA — Índices Básicos (IE nº 5/2022; tabela de 2013)";
5201504;40.0;2.0;A2;3;2022-08-01;"INCRA — Índices Básicos (IE nº 5/2022; tabela de 2013)";
5201603;22.0;2.0;A2;2;2022-08-01;"INCRA — Índices Básicos (IE nº 5/2022; tabela de 2013)";
5201702;45.0;2.0;A3;3;2022-08-01;"INCRA — Índices Básicos (IE nº 5/2022; tabela de 2013)";
5201801;24.0;2.0;A1;3;2022-08-01;"INCRA — Índices Básicos (IE nº 5/2022; tabela de 2013)";
5202155;45.0;2.0;A3;3;2022-08-01;"INCRA — Índices Básicos (IE nº 5/2022; tabela de 2013)";
5202353;50.0;2.0;A3;3;2022-08-01;"INCRA — Índices Básicos (IE nº 5/2022; tabela de 2013)";
5202502;50.0;2.0;A3;3;2022-08-01;"INCRA — Índices Básicos (IE nº 5/2022; tabela de 2013)";
5202601;28.0;2.0;A3;2;2022-08-01;"INCRA — Índices Básicos (IE nº 5/2022; tabela de 2013)";
5202809;20.0;2.0;A2;2;2022-08-01;"INCRA — Índices Básicos (IE nº 5/2022; tabela de 2013)";
5203104;45.0;2.0;A3;3;2022-08-01;"INCRA — Índices Básicos (IE nº 5/2022; tabela de 2013)";
5203203;30.0;2.0;A3;2;2022-08-01;"INCRA — Índices Básicos (IE nº 5/2022; tabela de 2013)";
5203302;35.0;2.0;A1;3;2022-08-01;"INCRA — Índices Básicos (IE nº 5/2022; tabela de 2013)";
5203401;45.0;2.0;A3;3;2022-08-01;"INCRA — Índices Básicos (IE nº 5/2022; tabela de 2013)";
5203500;22.0;2.0;A2;2;2022-08-01;"INCRA — Índices Básicos (IE nº 5/2022; tabela de 2013)";
5203559;16.0;2.0;A1;3;2022-08-01;"INCRA — Índices Básicos (IE nº 5/2022; tabela de 2013)";
5203575;60.0;4.0;B3;4;2022-08-01;"INCRA — Índices Básicos (IE nº 5/2022; tabela de 2013)";
5203609;20.0;2.0;A1;2;2022-08-01;"INCRA — Índices Básicos (IE nº 5/2022; tabela de 2013)";
5203807;50.0;2.0;A3;3;2022-08-01;"INCRA — Índices Básicos (IE nº 5/2022; tabela de 2013)";
5203906;40.0;2.0;A2;2;2022-08-01;"INCRA — Índices Básicos (IE nº 5/2022; tabela de 2013)";
5203939;22.0;2.0;A3;2;2022-08-01;"INCRA — Índices Básicos (IE nº 5/2022; tabela de 2013)";
5204102;24.0;2.0;A2;2;2022-08-01;"INCRA — Índices Básicos (IE nº 5/2022; tabela de 2013)";
5204201;30.0;2.0;A3;2;2022-08-01;"INCRA — Índices Básicos (IE nº 5/2022; tabela de 2013)";
5204250;24.0;2.0;A2;2;2022-08-01;"INCRA — Índices Básicos (IE nº 5/2022; tabela de 2013)";
5204300;35.0;2.0;A2;2;2022-08-01;"INCRA — Índices Básicos (IE nº 5/2022; tabela de 2013)";
5204409;60.0;2.0;A2;3;2022-08-01;"INCRA — Índices Básicos (IE nº 5/2022; tabela de 2013)";
5204508;45.0;2.0;A2;3;2022-08-01;"INCRA — Índices Básicos (IE nº 5/2022; tabela de 2013)";
5204557;35.0;2.0;A1;3;2022-08-01;"INCRA — Índices Básicos (IE nº 5/2022; tabela de 2013)";
5204607;20.0;2.0;A3;2;2022-08-01;"INCRA — Índices Básicos (IE nº 5/2022; tabela de 2013)";
5204656;50.0;4.0;B3;4;2022-08-01;"INCRA — Índices Básicos (IE nº 5/2022; tabela de 2013)";
5204706;60.0;4.0;B3;4;2022-08-01;"INCRA — Índices Básicos (IE nº 5/2022; tabela de 2013)";
5204805;28.0;2.0;A3;3;2022-08-01;"INCRA — Índices Básicos (IE nº 5/2022; tabela de 2013)";
5204854;16.0;2.0;A2;2;2022-08-01;"INCRA — Índices Básicos (IE nº 5/2022; tabela de 2013)";
5204953;50.0;2.0;A3;4;2022-08-01;"INCRA — Índices Básicos (IE nº 5/2022; tabela de 2013)";
5205000;20.0;2.0;A3;2;2022-08-01;"INCRA — Índices Básicos (IE nº 5/2022; tabela de 2013)";
5205059;30.0;2.0;A2;3;2022-08-01;"INCRA — Índices Básicos (IE nº 5/2022; tabela de 2013)";
5205109;40.0;2.0;A3;3;2022-08-01;"INCRA — Índices Básicos (IE nº 5/2022; tabela de 2013)";
5205208;20.0;2.0;A1;2;2022-08-01;"INCRA — Índices Básicos (IE nº 5/2022; tabela de 2013)";
5205406;20.0;2.0;A3;2;2022-08-01;"INCRA — Índices Básicos (IE nº 5/2022; tabela de 2013)";
5205455;22.0;2.0;A3;3;2022-08-01;"INCRA — Índices Básicos (IE nº 5/2022; tabela de 2013)";
5205471;40.0;2.0;A2;3;2022-08-01;"INCRA — Índices Básicos (IE nº 5/2022; tabela de 2013)";
5205703;26.0;2.0;A3;2;2022-08-01;"INCRA — Índices Básicos (IE nº 5/2022; tabela de 2013)";
5205901;45.0;2.0;A2;3;2022-08-01;"INCRA — Índices Básicos (IE nº 5/2022; tabela de 2013)";
5206305;35.0;2.0;A2;3;2022-08-01;"INCRA — Índices Básicos (IE nº 5/2022; tabela de 2013)";
5206404;60.0;2.0;A3;4;2022-08-01;"INCRA — Índices Básicos (IE nº 5/2022; tabela de 2013)";
5206503;35.0;2.0;A2;3;2022-08-01;"INCRA — Índices Básicos (IE nº 5/2022; tabela de 2013)";
5206602;45.0;2.0;A3;3;2022-08-01;"INCRA — Índices Básicos (IE nº 5/2022; tabela de 2013)";
5206800;30.0;2.0;A2;2;2022-08-01;"INCRA — Índices Básicos (IE nº 5/2022; tabela de 2013)";
5206909;30.0;2.0;A3;3;2022-08-01;"INCRA — Índices Básicos (IE nº 5/2022; tabela de 2013)";
5207105;50.0;2.0;A3;3;2022-08-01;"INCRA — Índices Básicos (IE nº 5/2022; tabela de 2013)";
5207253;60.0;2.0;A2;3;2022-08-01;"INCRA — Índices Básicos (IE nº 5/2022; tabela de 2013)";
5207352;30.0;2.0;A2;3;2022-08-01;"INCRA — Índices Básicos (IE nº 5/2022; tabela de 2013)";
5207402;30.0;2.0;A3;3;2022-08-01;"INCRA — Índices Básicos (IE nº 5/2022; tabela de 2013)";
5207501;50.0;4.0;B3;4;2022-08-01;"INCRA — Índices Básicos (IE nº 5/2022; tabela de 2013)";
5207535;45.0;2.0;A3;3;2022-08-01;"INCRA — Índices Básicos (IE nº 5/2022; tabela de 2013)";
5207600;30.0;2.0;A3;2;2022-08-01;"INCRA — Índices Básicos (IE nº 5/2022; tabela de 2013)";
5207808;30.0;2.0;A3;2;2022-08-01;"INCRA — Índices Básicos (IE nº 5/2022; tabela de 2013)";
5208103;50.0;4.0;B3;4;2022-08-01;"INCRA — Índices Básicos (IE nº 5/2022; tabela de 2013)";
5208152;30.0;2.0;A2;3;2022-08-01;"INCRA — Índices Básicos (IE nº 5/2022; tabela de 2013)";
5208400;20.0;2.0;A2;2;2022-08-01;"INCRA — Índices Básicos (IE nº 5/2022; tabela de 2013)";
5208509;35.0;2.0;A3;3;2022-08-01;"INCRA — Índices Básicos (IE nº 5/2022; tabela de 2013)";
5208608;20.0;2.0;A3;2;2022-08-01;"INCRA — Índices Básicos (IE nº 5/2022; tabela de 2013)";
5208707;7.0;2.0;A1;2;2022-08-01;"INCRA — Índices Básicos (IE nº 5/2022; tabela de 2013)";
5208806;20.0;2.0;A1;2;2022-08-01;"INCRA — Índices Básicos (IE nº 5/2022; tabela de 2013)";
5208905;45.0;2.0;A3;3;2022-08-01;"INCRA — Índices Básicos (IE nº 5/2022; tabela de 2013)";
5209101;30.0;2.0;A2;2;2022-08-01;"INCRA — Índices Básicos (IE nº 5/2022; tabela de 2013)";
5209150;30.0;2.0;A3;2;2022-08-01;"INCRA — Índices Básicos (IE nº 5/2022; tabela de 2013)";
5209200;22.0;2.0;A1;3;2022-08-01;"INCRA — Índices Básicos (IE nº 5/2022; tabela de 2013)";
5209291;20.0;2.0;A3;2;2022-08-01;"INCRA — Índices Básicos (IE nº 5/2022; tabela de 2013)";
5209457;50.0;2.0;A3;4;2022-08-01;"INCRA — Índices Básicos (IE nº 5/2022; tabela de 2013)";
5209606;20.0;2.0;A2;2;2022-08-01;"INCRA — Índices Básicos (IE nº 5/2022; tabela de 2013)";
5209705;35.0;2.0;A1;3;2022-08-01;"INCRA — Índices Básicos (IE nº 5/2022; tabela de 2013)";
5209804;35.0;4.0;B3;2;2022-08-01;"INCRA — Índices Básicos (IE nº 5/2022; tabela de 2013)";
5209937;24.0;2.0;A3;2;2022-08-01;"INCRA — Índices Básicos (IE nº 5/2022; tabela de 2013)";
5209952;30.0;2.0;A3;3;2022-08-01;"INCRA — Índices Básicos (IE nº 5/2022; tabela de 2013)";
5210000;24.0;2.0;A2;2;2022-08-01;"INCRA — Índices Básicos (IE nº 5/2022; tabela de 2013)";
5210109;40.0;2.0;A3;3;2022-08-01;"INCRA — Índices Básicos (IE nº 5/2022; tabela de 2013)";
5210158;20.0;2.0;A3;2;2022-08-01;"INCRA — Índices Básicos (IE nº 5/2022; tabela de 2013)";
5210208;30.0;2.0;A3;2;2022-08-01;"INCRA — Índices Básicos (IE nº 5/2022; tabela de 2013)";
5210307;30.0;2.0;A3;2;2022-08-01;"INCRA — Índices Básicos (IE nº 5/2022; tabela de 2013)";
5210406;20.0;2.0;A2;2;2022-08-01;"INCRA — Índices Básicos (IE nº 5/2022; tabela de 2013)";
5210562;20.0;2.0;A2;2;2022-08-01;"INCRA — Índices Básicos (IE nº 5/2022; tabela de 2013)";
5210604;20.0;2.0;A2;2;2022-08-01;"INCRA — Índices Básicos (IE nº 5/2022; tabela de 2013)";
5210802;30.0;2.0;A2;2;2022-08-01;"INCRA — Índices Básicos (IE nº 5/2022; tabela de 2013)";
5210901;30.0;2.0;A3;2;2022-08-01;"INCRA — Índices Básicos (IE nº 5/2022; tabela de 2013)";
5211008;45.0;2.0;A3;3;2022-08-01;"INCRA — Índices Básicos (IE nº 5/2022; tabela de 2013)";
5211206;20.0;2.0;A3;2;2022-08-01;"INCRA — Índices Básicos (IE nº 5/2022; tabela de 2013)";
5211305;35.0;2.0;A2;2;2022-08-01;"INCRA — Índices Básicos (IE nº 5/2022; tabela de 2013)";
5211404;26.0;2.0;A2;2;2022-08-01;"INCRA — Índices Básicos (IE nº 5/2022; tabela de 2013)";
5211503;24.0;2.0;A2;2;2022-08-01;"INCRA — Índices Básicos (IE nº 5/2022; tabela de 2013)";
5211602;30.0;2.0;A3;2;2022-08-01;"INCRA — Índices Básicos (IE nº 5/2022; tabela de 2013)";
5211701;30.0;2.0;A3;3;2022-08-01;"INCRA — Índices Básicos (IE nº 5/2022; tabela de 2013)";
5211800;20.0;2.0;A2;2;2022-08-01;"INCRA — Índices Básicos (IE nº 5/2022; tabela de 2013)";
5211909;40.0;2.0;A2;3;2022-08-01;"INCRA — Índices Básicos (IE nº 5/2022; tabela de 2013)";
5212006;22.0;2.0;A3;2;2022-08-01;"INCRA — Índices Básicos (IE nº 5/2022; tabela de 2013)";
5212055;20.0;2.0;A2;2;2022-08-01;"INCRA — Índices Básicos (IE nº 5/2022; tabela de 2013)";
5212105;26.0;2.0;A2;2;2022-08-01;"INCRA — Índices Básicos (IE nº 5/2022; tabela de 2013)";
5212204;45.0;2.0;A3;3;2022-08-01;"INCRA — Índices Básicos (IE nº 5/2022; tabela de 2013)";
5212253;30.0;2.0;A2;2;2022-08-01;"INCRA — Índices Básicos (IE nº 5/2022; tabela de 2013)";
5212303;16.0;2.0;A2;3;2022-08-01;"INCRA — Índices Básicos (IE nº 5/2022; tabela de 2013)";
5212600;35.0;2.0;A2;3;2022-08-01;"INCRA — Índices Básicos (IE nº 5/2022; tabela de 2013)";
5212808;60.0;4.0;B3;4;2022-08-01;"INCRA — Índices Básicos (IE nº 5/2022; tabela de 2013)";
5212907;45.0;2.0;A2;3;2022-08-01;"INCRA — Índices Básicos (IE nº 5/2022; tabela de 2013)";
5212956;50.0;2.0;A3;3;2022-08-01;"INCRA — Índices Básicos (IE nº 5/2022; tabela de 2013)";
5213004;22.0;2.0;A2;2;2022-08-01;"INCRA — Índices Básicos (IE nº 5/2022; tabela de 2013)";
5213087;50.0;4.0;B3;4;2022-08-01;"INCRA — Índices Básicos (IE nº 5/2022; tabela de 2013)";
5213103;60.0;2.0;A2;3;2022-08-01;"INCRA — Índices Básicos (IE nº 5/2022; tabela de 2013)";
5213400;30.0;2.0;A3;2;2022-08-01;"INCRA — Índices Básicos (IE nº 5/2022; tabela de 2013)";
5213707;45.0;2.0;A3;3;2022-08-01;"INCRA — Índices Básicos (IE nº 5/2022; tabela de 2013)";
5213756;30.0;2.0;A2;3;2022-08-01;"INCRA — Índices Básicos (IE nº 5/2022; tabela de 2013)";
5213772;50.0;4.0;B3;4;2022-08-01;"INCRA — Índices Básicos (IE nº 5/2022; tabela de 2013)";
5213806;40.0;2.0;A2;2;2022-08-01;"INCRA — Índices Básicos (IE nº 5/2022; tabela de 2013)";
5213855;30.0;2.0;A3;2;2022-08-01;"INCRA — Índices Básicos (IE nº 5/2022; tabela de 2013)";
5213905;22.0;2.0;A3;2;2022-08-01;"INCRA — Índices Básicos (IE nº 5/2022; tabela de 2013)";
5214002;50.0;2.0;A3;3;2022-08-01;"INCRA — Índices Básicos (IE nº 5/2022; tabela de 2013)";
5214051;60.0;4.0;B3;4;2022-08-01;"INCRA — Índices Básicos (IE nº 5/2022; tabela de 2013)";
5214101;55.0;4.0;B3;4;2022-08-01;"INCRA — Índices Básicos (IE nº 5/2022; tabela de 2013)";
5214408;22.0;2.0;A3;2;2022-08-01;"INCRA — Índices Básicos (IE nº 5/2022; tabela de 2013)";
5214507;20.0;2.0;A1;2;2022-08-01;"INCRA — Índices Básicos (IE nº 5/2022; tabela de 2013)";
5214606;60.0;4.0;B3;4;2022-08-01;"INCRA — Índices Básicos (IE nº 5/2022; tabela de 2013)";
5214705;30.0;2.0;A3;2;2022-08-01;"INCRA — Índices Básicos (IE nº 5/2022; tabela de 2013)";
5214804;45.0;2.0;A3;3;2022-08-01;"INCRA — Índices Básicos (IE nº 5/2022; tabela de 2013)";
5214838;60.0;2.0;A3;4;2022-08-01;"INCRA — Índices Básicos (IE nº 5/2022; tabela de 2013)";
5214861;20.0;2.0;A3;2;2022-08-01;"INCRA — Índices Básicos (IE nº 5/2022; tabela de 2013)";
5214879;60.0;4.0;B3;4;2022-08-01;"INCRA — Índices Básicos (IE nº 5/2022; tabela de 2013)";
5215009;22.0;2.0;A1;2;2022-08-01;"INCRA — Índices Básicos (IE nº 5/2022; tabela de 2013)";
5215207;20.0;2.0;A3;2;2022-08-01;"INCRA — Índices Básicos (IE nº 5/2022; tabela de 2013)";
5215256;70.0;4.0;B3;4;2022-08-01;"INCRA — Índices Básicos (IE nº 5/2022; tabela de 2013)";
5215306;35.0;2.0;A3;3;2022-08-01;"INCRA — Índices Básicos (IE nº 5/2022; tabela de 2013)";
5215405;20.0;2.0;A2;2;2022-08-01;"INCRA — Índices Básicos (IE nº 5/2022; tabela de 2013)";
5215504;40.0;2.0;A3;3;2022-08-01;"INCRA — Índices Básicos (IE nº 5/2022; tabela de 2013)";
5215652;60.0;2.0;A3;3;2022-08-01;"INCRA — Índices Básicos (IE nº 5/2022; tabela de 2013)";
5215702;22.0;2.0;A3;3;2022-08-01;"INCRA — Índices Básicos (IE nº 5/2022; tabela de 2013)";
5215801;30.0;2.0;A3;3;2022-08-01;"INCRA — Índices Básicos (IE nº 5/2022; tabela de 2013)";
5215900;30.0;2.0;A3;3;2022-08-01;"INCRA — Índices Básicos (IE nº 5/2022; tabela de 2013)";
5216007;20.0;2.0;A2;2;2022-08-01;"INCRA — Índices Básicos (IE nº 5/2022; tabela de 2013)";
5216304;30.0;2.0;A3;2;2022-08-01;"INCRA — Índices Básicos (IE nº 5/2022; tabela de 2013)";
5216403;30.0;2.0;A3;3;2022-08-01;"INCRA — Índices Básicos (IE nº 5/2022; tabela de 2013)";
5216452;40.0;2.0;A2;3;2022-08-01;"INCRA — Índices Básicos (IE nº 5/2022; tabela de 2013)";
5216809;26.0;2.0;A2;2;2022-08-01;"INCRA — Índices Básicos (IE nº 5/2022; tabela de 2013)";
5216908;50.0;2.0;A3;4;2022-08-01;"INCRA — Índices Básicos (IE nº 5/2022; tabela de 2013)";
5217104;30.0;2.0;A2;3;2022-08-01;"INCRA — Índices Básicos (IE nº 5/2022; tabela de 2013)";
5217203;50.0;2.0;A3;3;2022-08-01;"INCRA — Índices Básicos (IE nº 5/2022; tabela de 2013)";
5217302;35.0;2.0;A2;3;2022-08-01;"INCRA — Índices Básicos (IE nº 5/2022; tabela de 2013)";
5217401;35.0;2.0;A3;3;2022-08-01;"INCRA — Índices Básicos (IE nº 5/2022; tabela de 2013)";
5217708;35.0;2.0;A2;3;2022-08-01;"INCRA — Índices Básicos (IE nº 5/2022; tabela de 2013)";
5218003;60.0;4.0;B3;4;2022-08-01;"INCRA — Índices Básicos (IE nº 5/2022; tabela de 2013)";
5218052;30.0;2.0;A2;2;2022-08-01;"INCRA — Índices Básicos (IE nº 5/2022; tabela de 2013)";
5218102;60.0;2.0;A2;3;2022-08-01;"INCRA — Índices Básicos (IE nº 5/2022; tabela de 2013)";
5218391;30.0;2.0;A2;3;2022-08-01;"INCRA — Índices Básicos (IE nº 5/2022; tabela de 2013)";
5218508;30.0;2.0;A3;2;2022-08-01;"INCRA — Índices Básicos (IE nº 5/2022; tabela de 2013)";
5218607;20.0;2.0;A3;2;2022-08-01;"INCRA — Índices Básicos (IE nº 5/2022; tabela de 2013)";
5218706;20.0;2.0;A3;2;2022-08-01;"INCRA — Índices Básicos (IE nº 5/2022; tabela de 2013)";
5218789;45.0;2.0;A2;3;2022-08-01;"INCRA — Índices Básicos (IE nº 5/2022; tabela de 2013)";
5218805;30.0;2.0;A2;3;2022-08-01;"INCRA — Índices Básicos (IE nº 5/2022; tabela de 2013)";
5218904;30.0;2.0;A3;2;2022-08-01;"INCRA — Índices Básicos (IE nº 5/2022; tabela de 2013)";
5219001;26.0;2.0;A3;2;2022-08-01;"INCRA — Índices Básicos (IE nº 5/2022; tabela de 2013)";
5219100;22.0;2.0;A3;2;2022-08-01;"INCRA — Índices Básicos (IE nº 5/2022; tabela de 2013)";
5219209;35.0;2.0;A3;3;2022-08-01;"INCRA — Índices Básicos (IE nº 5/2022; tabela de 2013)";
5219258;45.0;2.0;A3;3;2022-08-01;"INCRA — Índices Básicos (IE nº 5/2022; tabela de 2013)";
5219308;20.0;2.0;A2;2;2022-08-01;"INCRA — Índices Básicos (IE nº 5/2022; tabela de 2013)";
5219357;20.0;2.0;A3;2;2022-08-01;"INCRA — Índices Básicos (IE nº 5/2022; tabela de 2013)";
5219407;60.0;2.0;A2;3;2022-08-01;"INCRA — Índices Básicos (IE nº 5/2022; tabela de 2013)";
5219456;30.0;2.0;A3;2;2022-08-01;"INCRA — Índices Básicos (IE nº 5/2022; tabela de 2013)";
5219506;20.0;2.0;A2;2;2022-08-01;"INCRA — Índices Básicos (IE nº 5/2022; tabela de 2013)";
5219605;50.0;4.0;B3;4;2022-08-01;"INCRA — Índices Básicos (IE nº 5/2022; tabela de 2013)";
5219704;50.0;2.0;A3;4;2022-08-01;"INCRA — Índices Básicos (IE nº 5/2022; tabela de 2013)";
5219712;30.0;2.0;A2;3;2022-08-01;"INCRA — Índices Básicos (IE nº 5/2022; tabela de 2013)";
5219738;20.0;2.0;A1;2;2022-08-01;"INCRA — Índices Básicos (IE nº 5/2022; tabela de 2013)";
5219902;20.0;2.0;A2;2;2022-08-01;"INCRA — Índices Básicos (IE nº 5/2022; tabela de 2013)";
5220058;30.0;2.0;A3;3;2022-08-01;"INCRA — Índices Básicos (IE nº 5/2022; tabela de 2013)";
5220108;30.0;2.0;A3;2;2022-08-01;"INCRA — Índices Básicos (IE nº 5/2022; tabela de 2013)";
5220157;30.0;4.0;B3;2;2022-08-01;"INCRA — Índices Básicos (IE nº 5/2022; tabela de 2013)";
5220207;70.0;4.0;B3;4;2022-08-01;"INCRA — Índices Básicos (IE nº 5/2022; tabela de 2013)";
5220264;30.0;2.0;A2;3;2022-08-01;"INCRA — Índices Básicos (IE nº 5/2022; tabela de 2013)";
5220280;20.0;2.0;A3;2;2022-08-01;"INCRA — Índices Básicos (IE nº 5/2022; tabela de 2013)";
5220405;35.0;2.0;A3;2;2022-08-01;"INCRA — Índices Básicos (IE nº 5/2022; tabela de 2013)";
5220454;7.0;2.0;A1;2;2022-08-01;"INCRA — Índices Básicos (IE nº 5/2022; tabela de 2013)";
5220504;40.0;2.0;A2;3;2022-08-01;"INCRA — Índices Básicos (IE nº 5/2022; tabela de 2013)";
5220603;30.0;2.0;A2;3;2022-08-01;"INCRA — Índices Básicos (IE nº 5/2022; tabela de 2013)";
5221007;20.0;2.0;A2;2;2022-08-01;"INCRA — Índices Básicos (IE nº 5/2022; tabela de 2013)";
5221197;20.0;2.0;A1;2;2022-08-01;"INCRA — Índices Básicos (IE nº 5/2022; tabela de 2013)";
5221304;40.0;2.0;A3;3;2022-08-01;"INCRA — Índices Básicos (IE nº 5/2022; tabela de 2013)";
5221403;20.0;2.0;A1;2;2022-08-01;"INCRA — Índices Básicos (IE nº 5/2022; tabela de 2013)";
5221452;50.0;4.0;B3;4;2022-08-01;"INCRA — Índices Básicos (IE nº 5/2022; tabela de 2013)";
5221502;22.0;2.0;A3;2;2022-08-01;"INCRA — Índices Básicos (IE nº 5/2022; tabela de 2013)";
5221551;30.0;2.0;A2;3;2022-08-01;"INCRA — Índices Básicos (IE nº 5/2022; tabela de 2013)";
5221577;60.0;2.0;A3;4;2022-08-01;"INCRA — Índices Básicos (IE nº 5/2022; tabela de 2013)";
5221601;50.0;4.0;B3;4;2022-08-01;"INCRA — Índices Básicos (IE nº 5/2022; tabela de 2013)";
5221700;20.0;2.0;A3;2;2022-08-01;"INCRA — Índices Básicos (IE nº 5/2022; tabela de 2013)";
5221809;30.0;2.0;A3;3;2022-08-01;"INCRA — Índices Básicos (IE nº 5/2022; tabela de 2013)";
5221908;35.0;2.0;A1;3;2022-08-01;"INCRA — Índices Básicos (IE nº 5/2022; tabela de 2013)";
5222005;40.0;2.0;A2;3;2022-08-01;"INCRA — Índices Básicos (IE nº 5/2022; tabela de 2013)";
5222054;35.0;2.0;A2;3;2022-08-01;"INCRA — Índices Básicos (IE nº 5/2022; tabela de 2013)";
5222302;35.0;2.0;A3;3;2022-08-01;"INCRA — Índices Básicos (IE nº 5/2022; tabela de 2013)";
2900108;65.0;4.0;B3;4;2022-08-01;"INCRA — Índices Básicos (IE nº 5/2022; tabela de 2013)";
2900306;30.0;2.0;A2;3;2022-08-01;"INCRA — Índices Básicos (IE nº 5/2022; tabela de 2013)";
2900405;60.0;2.0;A2;3;2022-08-01;"INCRA — Índices Básicos (IE nº 5/2022; tabela de 2013)";
2900603;35.0;2.0;A2;3;2022-08-01;"INCRA — Índices Básicos (IE nº 5/2022; tabela de 2013)";
2900702;30.0;2.0;A2;3;2022-08-01;"INCRA — Índices Básicos (IE nº 5/2022; tabela de 2013)";
2900801;35.0;2.0;A2;3;2022-08-01;"INCRA — Índices Básicos (IE nº 5/2022; tabela de 2013)";
2900900;20.0;2.0;A2;2;2022-08-01;"INCRA — Índices Básicos (IE nº 5/2022; tabela de 2013)";
2901007;35.0;2.0;A2;3;2022-08-01;"INCRA — Índices Básicos (IE nº 5/2022; tabela de 2013)";
2901106;30.0;2.0;A2;2;2022-08-01;"INCRA — Índices Básicos (IE nº 5/2022; tabela de 2013)";
2901155;65.0;4.0;B3;4;2022-08-01;"INCRA — Índices Básicos (IE nº 5/2022; tabela de 2013)";
2901205;35.0;2.0;A2;3;2022-08-01;"INCRA — Índices Básicos (IE nº 5/2022; tabela de 2013)";
2901304;65.0;4.0;B3;4;2022-08-01;"INCRA — Índices Básicos (IE nº 5/2022; tabela de 2013)";
2901353;65.0;4.0;B3;4;2022-08-01;"INCRA — Índices Básicos (IE nº 5/2022; tabela de 2013)";
2901403;65.0;3.0;B2;4;2022-08-01;"INCRA — Índices Básicos (IE nº 5/2022; tabela de 2013)";
2901502;60.0;2.0;A2;3;2022-08-01;"INCRA — Índices Básicos (IE nº 5/2022; tabela de 2013)";
2901700;60.0;2.0;A2;3;2022-08-01;"INCRA — Índices Básicos (IE nº 5/2022; tabela de 2013)";
2901809;65.0;4.0;B3;4;2022-08-01;"INCRA — Índices Básicos (IE nº 5/2022; tabela de 2013)";
2901908;30.0;2.0;A2;3;2022-08-01;"INCRA — Índices Básicos (IE nº 5/2022; tabela de 2013)";
2901957;35.0;2.0;A2;3;2022-08-01;"INCRA — Índices Básicos (IE nº 5/2022; tabela de 2013)";
2902054;30.0;2.0;A2;3;2022-08-01;"INCRA — Índices Básicos (IE nº 5/2022; tabela de 2013)";
2902005;65.0;4.0;B3;4;2022-08-01;"INCRA — Índices Básicos (IE nº 5/2022; tabela de 2013)";
2902104;50.0;4.0;B3;3;2022-08-01;"INCRA — Índices Básicos (IE nº 5/2022; tabela de 2013)";
2902203;30.0;2.0;A2;3;2022-08-01;"INCRA — Índices Básicos (IE nº 5/2022; tabela de 2013)";
2902252;20.0;2.0;A2;2;2022-08-01;"INCRA — Índices Básicos (IE nº 5/2022; tabela de 2013)";
2902302;30.0;2.0;A2;2;2022-08-01;"INCRA — Índices Básicos (IE nº 5/2022; tabela de 2013)";
2902401;20.0;2.0;A2;2;2022-08-01;"INCRA — Índices Básicos (IE nº 5/2022; tabela de 2013)";
2902500;65.0;3.0;B2;4;2022-08-01;"INCRA — Índices Básicos (IE nº 5/2022; tabela de 2013)";
2902609;60.0;2.0;A2;4;2022-08-01;"INCRA — Índices Básicos (IE nº 5/2022; tabela de 2013)";
2902658;30.0;4.0;B3;3;2022-08-01;"INCRA — Índices Básicos (IE nº 5/2022; tabela de 2013)";
2902708;65.0;4.0;B3;4;2022-08-01;"INCRA — Índices Básicos (IE nº 5/2022; tabela de 2013)";
2902807;65.0;2.0;A2;4;2022-08-01;"INCRA — Índices Básicos (IE nº 5/2022; tabela de 2013)";
2902906;35.0;2.0;A2;3;2022-08-01;"INCRA — Índices Básicos (IE nº 5/2022; tabela de 2013)";
2903003;65.0;4.0;B3;4;2022-08-01;"INCRA — Índices Básicos (IE nº 5/2022; tabela de 2013)";
2903102;20.0;2.0;A2;2;2022-08-01;"INCRA — Índices Básicos (IE nº 5/2022; tabela de 2013)";
2903201;65.0;3.0;B2;4;2022-08-01;"INCRA — Índices Básicos (IE nº 5/2022; tabela de 2013)";
2903235;65.0;4.0;B3;4;2022-08-01;"INCRA — Índices Básicos (IE nº 5/2022; tabela de 2013)";
2903300;20.0;2.0;A2;2;2022-08-01;"INCRA — Índices Básicos (IE nº 5/2022; tabela de 2013)";
2903276;50.0;4.0;B3;3;2022-08-01;"INCRA — Índices Básicos (IE nº 5/2022; tabela de 2013)";
2903409;20.0;2.0;A2;2;2022-08-01;"INCRA — Índices Básicos (IE nº 5/2022; tabela de 2013)";
2903508;35.0;2.0;A2;3;2022-08-01;"INCRA — Índices Básicos (IE nº 5/2022; tabela de 2013)";
2903607;50.0;4.0;B3;3;2022-08-01;"INCRA — Índices Básicos (IE nº 5/2022; tabela de 2013)";
2903706;35.0;2.0;A2;3;2022-08-01;"INCRA — Índices Básicos (IE nº 5/2022; tabela de 2013)";
2903805;60.0;4.0;B3;4;2022-08-01;"INCRA — Índices Básicos (IE nº 5/2022; tabela de 2013)";
2903904;65.0;4.0;B3;4;2022-08-01;"INCRA — Índices Básicos (IE nº 5/2022; tabela de 2013)";
2903953;35.0;2.0;A2;3;2022-08-01;"INCRA — Índices Básicos (IE nº 5/2022; tabela de 2013)";
2904001;65.0;4.0;B3;4;2022-08-01;"INCRA — Índices Básicos (IE nº 5/2022; tabela de 2013)";
2904050;65.0;4.0;B3;4;2022-08-01;"INCRA — Índices Básicos (IE nº 5/2022; tabela de 2013)";
2904100;65.0;4.0;B3;4;2022-08-01;"INCRA — Índices Básicos (IE nº 5/2022; tabela de 2013)";
2904209;65.0;4.0;B3;4;2022-08-01;"INCRA — Índices Básicos (IE nº 5/2022; tabela de 2013)";
2904308;35.0;2.0;A2;3;2022-08-01;"INCRA — Índices Básicos (IE nº 5/2022; tabela de 2013)";
2904407;65.0;3.0;B2;4;2022-08-01;"INCRA — Índices Básicos (IE nº 5/2022; tabela de 2013)";
2904506;65.0;4.0;B3;4;2022-08-01;"INCRA — Índices Básicos (IE nº 5/2022; tabela de 2013)";
2904605;65.0;4.0;B3;4;2022-08-01;"INCRA — Índices Básicos (IE nº 5/2022; tabela de 2013)";
2904704;20.0;2.0;A2;2;2022-08-01;"INCRA — Índices Básicos (IE nº 5/2022; tabela de 2013)";
2904753;65.0;4.0;B3;4;2022-08-01;"INCRA — Índices Básicos (IE nº 5/2022; tabela de 2013)";
2904803;35.0;2.0;A2;3;2022-08-01;"INCRA — Índices Básicos (IE nº 5/2022; tabela de 2013)";
2904852;30.0;2.0;A2;2;2022-08-01;"INCRA — Índices Básicos (IE nº 5/2022; tabela de 2013)";
2904902;30.0;2.0;A2;2;2022-08-01;"INCRA — Índices Básicos (IE nº 5/2022; tabela de 2013)";
2905008;65.0;4.0;B3;4;2022-08-01;"INCRA — Índices Básicos (IE nº 5/2022; tabela de 2013)";
2905107;60.0;4.0;B3;4;2022-08-01;"INCRA — Índices Básicos (IE nº 5/2022; tabela de 2013)";
2905156;35.0;2.0;A2;3;2022-08-01;"INCRA — Índices Básicos (IE nº 5/2022; tabela de 2013)";
2905206;65.0;4.0;B3;4;2022-08-01;"INCRA — Índices Básicos (IE nº 5/2022; tabela de 2013)";
2905305;65.0;4.0;B3;4;2022-08-01;"INCRA — Índices Básicos (IE nº 5/2022; tabela de 2013)";
2905404;40.0;2.0;A3;2;2022-08-01;"INCRA — Índices Básicos (IE nº 5/2022; tabela de 2013)";
2905503;65.0;4.0;B3;4;2022-08-01;"INCRA — Índices Básicos (IE nº 5/2022; tabela de 2013)";
2905602;20.0;2.0;A2;2;2022-08-01;"INCRA — Índices Básicos (IE nº 5/2022; tabela de 2013)";
2905701;7.0;2.0;A1;2;2022-08-01;"INCRA — Índices Básicos (IE nº 5/2022; tabela de 2013)";
2905800;20.0;2.0;A3;2;2022-08-01;"INCRA — Índices Básicos (IE nº 5/2022; tabela de 2013)";
2905909;65.0;2.0;A2;4;2022-08-01;"INCRA — Índices Básicos (IE nº 5/2022; tabela de 2013)";
2906006;65.0;4.0;B3;4;2022-08-01;"INCRA — Índices Básicos (IE nº 5/2022; tabela de 2013)";
2906105;65.0;4.0;B3;4;2022-08-01;"INCRA — Índices Básicos (IE nº 5/2022; tabela de 2013)";
2906204;65.0;4.0;B3;4;2022-08-01;"INCRA — Índices Básicos (IE nº 5/2022; tabela de 2013)";
2906303;20.0;2.0;A2;2;2022-08-01;"INCRA — Índices Básicos (IE nº 5/2022; tabela de 2013)";
2906402;60.0;2.0;A2;3;2022-08-01;"INCRA — Índices Básicos (IE nº 5/2022; tabela de 2013)";
2906501;7.0;2.0;A1;2;2022-08-01;"INCRA — Índices Básicos (IE nº 5/2022; tabela de 2013)";
2906600;65.0;4.0;B3;4;2022-08-01;"INCRA — Índices Básicos (IE nº 5/2022; tabela de 2013)";
2906709;35.0;2.0;A2;3;2022-08-01;"INCRA — Índices Básicos (IE nº 5/2022; tabela de 2013)";
2906808;50.0;4.0;B3;3;2022-08-01;"INCRA — Índices Básicos (IE nº 5/2022; tabela de 2013)";
2906824;50.0;4.0;B3;3;2022-08-01;"INCRA — Índices Básicos (IE nº 5/2022; tabela de 2013)";
2906857;50.0;2.0;A2;3;2022-08-01;"INCRA — Índices Básicos (IE nº 5/2022; tabela de 2013)";
2906873;60.0;4.0;B3;4;2022-08-01;"INCRA — Índices Básicos (IE nº 5/2022; tabela de 2013)";
2906899;65.0;2.0;A2;4;2022-08-01;"INCRA — Índices Básicos (IE nº 5/2022; tabela de 2013)";
2906907;35.0;2.0;A2;3;2022-08-01;"INCRA — Índices Básicos (IE nº 5/2022; tabela de 2013)";
2907004;30.0;2.0;A2;3;2022-08-01;"INCRA — Índices Básicos (IE nº 5/2022; tabela de 2013)";
2907103;65.0;4.0;B3;4;2022-08-01;"INCRA — Índices Básicos (IE nº 5/2022; tabela de 2013)";
2907202;65.0;2.0;A2;4;2022-08-01;"INCRA — Índices Básicos (IE nº 5/2022; tabela de 2013)";
2907301;60.0;2.0;A2;3;2022-08-01;"INCRA — Índices Básicos (IE nº 5/2022; tabela de 2013)";
2907400;65.0;3.0;B2;4;2022-08-01;"INCRA — Índices Básicos (IE nº 5/2022; tabela de 2013)";
2907509;7.0;2.0;A1;2;2022-08-01;"INCRA — Índices Básicos (IE nº 5/2022; tabela de 2013)";
2907558;65.0;4.0;B3;4;2022-08-01;"INCRA — Índices Básicos (IE nº 5/2022; tabela de 2013)";
2907608;65.0;4.0;B3;4;2022-08-01;"INCRA — Índices Básicos (IE nº 5/2022; tabela de 2013)";
2907806;30.0;4.0;B3;3;2022-08-01;"INCRA — Índices Básicos (IE nº 5/2022; tabela de 2013)";
2908002;20.0;2.0;A2;2;2022-08-01;"INCRA — Índices Básicos (IE nº 5/2022; tabela de 2013)";
2908101;65.0;4.0;B3;4;2022-08-01;"INCRA — Índices Básicos (IE nº 5/2022; tabela de 2013)";
2908200;30.0;2.0;A2;2;2022-08-01;"INCRA — Índices Básicos (IE nº 5/2022; tabela de 2013)";
2908309;30.0;2.0;A2;2;2022-08-01;"INCRA — Índices Básicos (IE nº 5/2022; tabela de 2013)";
2908408;50.0;4.0;B3;3;2022-08-01;"INCRA — Índices Básicos (IE nº 5/2022; tabela de 2013)";
2908507;30.0;2.0;A2;2;2022-08-01;"INCRA — Índices Básicos (IE nº 5/2022; tabela de 2013)";
2908606;30.0;2.0;A2;3;2022-08-01;"INCRA — Índices Básicos (IE nº 5/2022; tabela de 2013)";
2908705;65.0;2.0;A2;4;2022-08-01;"INCRA — Índices Básicos (IE nº 5/2022; tabela de 2013)";
2908804;65.0;2.0;A2;4;2022-08-01;"INCRA — Índices Básicos (IE nº 5/2022; tabela de 2013)";
2908903;15.0;2.0;A2;3;2022-08-01;"INCRA — Índices Básicos (IE nº 5/2022; tabela de 2013)";
2909000;65.0;2.0;A2;4;2022-08-01;"INCRA — Índices Básicos (IE nº 5/2022; tabela de 2013)";
2909109;65.0;4.0;B3;4;2022-08-01;"INCRA — Índices Básicos (IE nº 5/2022; tabela de 2013)";
2909307;65.0;4.0;B3;4;2022-08-01;"INCRA — Índices Básicos (IE nº 5/2022; tabela de 2013)";
2909406;65.0;3.0;B2;4;2022-08-01;"INCRA — Índices Básicos (IE nº 5/2022; tabela de 2013)";
2909505;35.0;2.0;A2;3;2022-08-01;"INCRA — Índices Básicos (IE nº 5/2022; tabela de 2013)";
2909604;30.0;2.0;A2;3;2022-08-01;"INCRA — Índices Básicos (IE nº 5/2022; tabela de 2013)";
2909703;65.0;3.0;B2;4;2022-08-01;"INCRA — Índices Básicos (IE nº 5/2022; tabela de 2013)";
2909802;30.0;2.0;A2;2;2022-08-01;"INCRA — Índices Básicos (IE nº 5/2022; tabela de 2013)";
2910008;35.0;2.0;A2;3;2022-08-01;"INCRA — Índices Básicos (IE nº 5/2022; tabela de 2013)";
2910057;7.0;2.0;A1;2;2022-08-01;"INCRA — Índices Básicos (IE nº 5/2022; tabela de 2013)";
2910107;65.0;4.0;B3;4;2022-08-01;"INCRA — Índices Básicos (IE nº 5/2022; tabela de 2013)";
2910206;30.0;2.0;A2;2;2022-08-01;"INCRA — Índices Básicos (IE nº 5/2022; tabela de 2013)";
2910305;50.0;2.0;A2;3;2022-08-01;"INCRA — Índices Básicos (IE nº 5/2022; tabela de 2013)";
2910404;50.0;2.0;A2;3;2022-08-01;"INCRA — Índices Básicos (IE nº 5/2022; tabela de 2013)";
2910503;30.0;2.0;A2;3;2022-08-01;"INCRA — Índices Básicos (IE nº 5/2022; tabela de 2013)";
2900504;65.0;4.0;B3;4;2022-08-01;"INCRA — Índices Básicos (IE nº 5/2022; tabela de 2013)";
2910602;30.0;2.0;A2;3;2022-08-01;"INCRA — Índices Básicos (IE nº 5/2022; tabela de 2013)";
2910701;50.0;4.0;B3;3;2022-08-01;"INCRA — Índices Básicos (IE nº 5/2022; tabela de 2013)";
2910727;35.0;2.0;A2;3;2022-08-01;"INCRA — Índices Básicos (IE nº 5/2022; tabela de 2013)";
2910776;65.0;4.0;B3;4;2022-08-01;"INCRA — Índices Básicos (IE nº 5/2022; tabela de 2013)";
2910800;30.0;2.0;A2;3;2022-08-01;"INCRA — Índices Básicos (IE nº 5/2022; tabela de 2013)";
2910859;65.0;4.0;B3;4;2022-08-01;"INCRA — Índices Básicos (IE nº 5/2022; tabela de 2013)";
2910909;20.0;2.0;A2;2;2022-08-01;"INCRA — Índices Básicos (IE nº 5/2022; tabela de 2013)";
2911006;20.0;2.0;A2;2;2022-08-01;"INCRA — Índices Básicos (IE nº 5/2022; tabela de 2013)";
2911105;65.0;3.0;B2;4;2022-08-01;"INCRA — Índices Básicos (IE nº 5/2022; tabela de 2013)";
2911204;20.0;2.0;A2;2;2022-08-01;"INCRA — Índices Básicos (IE nº 5/2022; tabela de 2013)";
2911253;50.0;2.0;A2;3;2022-08-01;"INCRA — Índices Básicos (IE nº 5/2022; tabela de 2013)";
2911303;65.0;4.0;B3;4;2022-08-01;"INCRA — Índices Básicos (IE nº 5/2022; tabela de 2013)";
2911501;20.0;2.0;A2;2;2022-08-01;"INCRA — Índices Básicos (IE nº 5/2022; tabela de 2013)";
2911600;30.0;2.0;A2;2;2022-08-01;"INCRA — Índices Básicos (IE nº 5/2022; tabela de 2013)";
2911659;65.0;4.0;B3;4;2022-08-01;"INCRA — Índices Básicos (IE nº 5/2022; tabela de 2013)";
2911709;65.0;4.0;B3;4;2022-08-01;"INCRA — Índices Básicos (IE nº 5/2022; tabela de 2013)";
2911808;40.0;2.0;A2;3;2022-08-01;"INCRA — Índices Básicos (IE nº 5/2022; tabela de 2013)";
2911907;50.0;4.0;B3;3;2022-08-01;"INCRA — Índices Básicos (IE nº 5/2022; tabela de 2013)";
2912004;65.0;4.0;B3;4;2022-08-01;"INCRA — Índices Básicos (IE nº 5/2022; tabela de 2013)";
2912103;20.0;2.0;A2;2;2022-08-01;"INCRA — Índices Básicos (IE nº 5/2022; tabela de 2013)";
2912202;65.0;2.0;A2;4;2022-08-01;"INCRA — Índices Básicos (IE nº 5/2022; tabela de 2013)";
2912301;40.0;2.0;A2;2;2022-08-01;"INCRA — Índices Básicos (IE nº 5/2022; tabela de 2013)";
2912400;65.0;4.0;B3;4;2022-08-01;"INCRA — Índices Básicos (IE nº 5/2022; tabela de 2013)";
2912509;65.0;4.0;B3;4;2022-08-01;"INCRA — Índices Básicos (IE nº 5/2022; tabela de 2013)";
2912608;60.0;4.0;B3;4;2022-08-01;"INCRA — Índices Básicos (IE nº 5/2022; tabela de 2013)";
2912707;20.0;2.0;A2;2;2022-08-01;"INCRA — Índices Básicos (IE nº 5/2022; tabela de 2013)";
2912806;55.0;2.0;A2;3;2022-08-01;"INCRA — Índices Básicos (IE nº 5/2022; tabela de 2013)";
2912905;20.0;2.0;A2;2;2022-08-01;"INCRA — Índices Básicos (IE nº 5/2022; tabela de 2013)";
2913002;65.0;4.0;B3;4;2022-08-01;"INCRA — Índices Básicos (IE nº 5/2022; tabela de 2013)";
2913101;65.0;4.0;B3;4;2022-08-01;"INCRA — Índices Básicos (IE nº 5/2022; tabela de 2013)";
2913200;65.0;4.0;B3;4;2022-08-01;"INCRA — Índices Básicos (IE nº 5/2022; tabela de 2013)";
2913309;60.0;2.0;A2;3;2022-08-01;"INCRA — Índices Básicos (IE nº 5/2022; tabela de 2013)";
2913408;65.0;4.0;B3;4;2022-08-01;"INCRA — Índices Básicos (IE nº 5/2022; tabela de 2013)";
2913457;20.0;2.0;A3;2;2022-08-01;"INCRA — Índices Básicos (IE nº 5/2022; tabela de 2013)";
2913507;30.0;2.0;A2;2;2022-08-01;"INCRA — Índices Básicos (IE nº 5/2022; tabela de 2013)";
2913606;20.0;2.0;A2;2;2022-08-01;"INCRA — Índices Básicos (IE nº 5/2022; tabela de 2013)";
2913705;30.0;2.0;A2;3;2022-08-01;"INCRA — Índices Básicos (IE nº 5/2022; tabela de 2013)";
2913804;50.0;2.0;A2;3;2022-08-01;"INCRA — Índices Básicos (IE nº 5/2022; tabela de 2013)";
2913903;20.0;2.0;A2;2;2022-08-01;"INCRA — Índices Básicos (IE nº 5/2022; tabela de 2013)";
2914000;60.0;2.0;A2;3;2022-08-01;"INCRA — Índices Básicos (IE nº 5/2022; tabela de 2013)";
2914109;65.0;4.0;B3;4;2022-08-01;"INCRA — Índices Básicos (IE nº 5/2022; tabela de 2013)";
2914208;35.0;2.0;A2;3;2022-08-01;"INCRA — Índices Básicos (IE nº 5/2022; tabela de 2013)";
2914307;65.0;2.0;A2;4;2022-08-01;"INCRA — Índices Básicos (IE nº 5/2022; tabela de 2013)";
2914406;65.0;4.0;B3;4;2022-08-01;"INCRA — Índices Básicos (IE nº 5/2022; tabela de 2013)";
2914505;30.0;2.0;A2;3;2022-08-01;"INCRA — Índices Básicos (IE nº 5/2022; tabela de 2013)";
2914604;65.0;4.0;B3;4;2022-08-01;"INCRA — Índices Básicos (IE nº 5/2022; tabela de 2013)";
2914653;35.0;2.0;A2;3;2022-08-01;"INCRA — Índices Básicos (IE nº 5/2022; tabela de 2013)";
2914703;60.0;4.0;B3;4;2022-08-01;"INCRA — Índices Básicos (IE nº 5/2022; tabela de 2013)";
2914802;20.0;2.0;A2;2;2022-08-01;"INCRA — Índices Básicos (IE nº 5/2022; tabela de 2013)";
2914901;20.0;2.0;A2;2;2022-08-01;"INCRA — Índices Básicos (IE nº 5/2022; tabela de 2013)";
2915007;65.0;4.0;B3;4;2022-08-01;"INCRA — Índices Básicos (IE nº 5/2022; tabela de 2013)";
2915106;35.0;2.0;A2;3;2022-08-01;"INCRA — Índices Básicos (IE nº 5/2022; tabela de 2013)";
2915205;35.0;2.0;A2;2;2022-08-01;"INCRA — Índices Básicos (IE nº 5/2022; tabela de 2013)";
2915304;40.0;2.0;A2;2;2022-08-01;"INCRA — Índices Básicos (IE nº 5/2022; tabela de 2013)";
2915353;65.0;4.0;B3;4;2022-08-01;"INCRA — Índices Básicos (IE nº 5/2022; tabela de 2013)";
2915403;50.0;2.0;A2;2;2022-08-01;"INCRA — Índices Básicos (IE nº 5/2022; tabela de 2013)";
2915502;20.0;2.0;A2;2;2022-08-01;"INCRA — Índices Básicos (IE nº 5/2022; tabela de 2013)";
2915601;40.0;2.0;A2;3;2022-08-01;"INCRA — Índices Básicos (IE nº 5/2022; tabela de 2013)";
2915700;20.0;2.0;A2;2;2022-08-01;"INCRA — Índices Básicos (IE nº 5/2022; tabela de 2013)";
2915809;60.0;2.0;A2;3;2022-08-01;"INCRA — Índices Básicos (IE nº 5/2022; tabela de 2013)";
2915908;30.0;2.0;A1;3;2022-08-01;"INCRA — Índices Básicos (IE nº 5/2022; tabela de 2013)";
2916005;50.0;2.0;A2;3;2022-08-01;"INCRA — Índices Básicos (IE nº 5/2022; tabela de 2013)";
2916104;7.0;2.0;A2;2;2022-08-01;"INCRA — Índices Básicos (IE nº 5/2022; tabela de 2013)";
2916203;20.0;2.0;A2;2;2022-08-01;"INCRA — Índices Básicos (IE nº 5/2022; tabela de 2013)";
2916302;35.0;2.0;A2;2;2022-08-01;"INCRA — Índices Básicos (IE nº 5/2022; tabela de 2013)";
2916401;60.0;2.0;A3;3;2022-08-01;"INCRA — Índices Básicos (IE nº 5/2022; tabela de 2013)";
2916609;20.0;2.0;A2;2;2022-08-01;"INCRA — Índices Básicos (IE nº 5/2022; tabela de 2013)";
2916708;35.0;2.0;A2;3;2022-08-01;"INCRA — Índices Básicos (IE nº 5/2022; tabela de 2013)";
2916807;60.0;2.0;A3;3;2022-08-01;"INCRA — Índices Básicos (IE nº 5/2022; tabela de 2013)";
2916856;50.0;2.0;A2;3;2022-08-01;"INCRA — Índices Básicos (IE nº 5/2022; tabela de 2013)";
2916906;35.0;2.0;A2;3;2022-08-01;"INCRA — Índices Básicos (IE nº 5/2022; tabela de 2013)";
2917003;50.0;4.0;B3;3;2022-08-01;"INCRA — Índices Básicos (IE nº 5/2022; tabela de 2013)";
2917102;30.0;2.0;A3;2;2022-08-01;"INCRA — Índices Básicos (IE nº 5/2022; tabela de 2013)";
2917201;65.0;2.0;A2;4;2022-08-01;"INCRA — Índices Básicos (IE nº 5/2022; tabela de 2013)";
2917300;20.0;2.0;A3;2;2022-08-01;"INCRA — Índices Básicos (IE nº 5/2022; tabela de 2013)";
2917334;65.0;4.0;B3;4;2022-08-01;"INCRA — Índices Básicos (IE nº 5/2022; tabela de 2013)";
2917359;65.0;4.0;B3;4;2022-08-01;"INCRA — Índices Básicos (IE nº 5/2022; tabela de 2013)";
2917409;65.0;4.0;B3;4;2022-08-01;"INCRA — Índices Básicos (IE nº 5/2022; tabela de 2013)";
2917508;60.0;4.0;B3;4;2022-08-01;"INCRA — Índices Básicos (IE nº 5/2022; tabela de 2013)";
2917607;35.0;2.0;A2;3;2022-08-01;"INCRA — Índices Básicos (IE nº 5/2022; tabela de 2013)";
2917706;65.0;4.0;B3;4;2022-08-01;"INCRA — Índices Básicos (IE nº 5/2022; tabela de 2013)";
2917805;30.0;2.0;A2;2;2022-08-01;"INCRA — Índices Básicos (IE nº 5/2022; tabela de 2013)";
2918001;35.0;2.0;A2;3;2022-08-01;"INCRA — Índices Básicos (IE nº 5/2022; tabela de 2013)";
2918209;35.0;2.0;A2;3;2022-08-01;"INCRA — Índices Básicos (IE nº 5/2022; tabela de 2013)";
2918308;35.0;2.0;A2;3;2022-08-01;"INCRA — Índices Básicos (IE nº 5/2022; tabela de 2013)";
2918357;65.0;4.0;B3;4;2022-08-01;"INCRA — Índices Básicos (IE nº 5/2022; tabela de 2013)";
2918407;65.0;2.0;A2;4;2022-08-01;"INCRA — Índices Básicos (IE nº 5/2022; tabela de 2013)";
2918456;40.0;2.0;A2;3;2022-08-01;"INCRA — Índices Básicos (IE nº 5/2022; tabela de 2013)";
2918506;65.0;4.0;B3;4;2022-08-01;"INCRA — Índices Básicos (IE nº 5/2022; tabela de 2013)";
2918555;20.0;2.0;A2;2;2022-08-01;"INCRA — Índices Básicos (IE nº 5/2022; tabela de 2013)";
2918605;65.0;4.0;B3;4;2022-08-01;"INCRA — Índices Básicos (IE nº 5/2022; tabela de 2013)";
2918704;35.0;2.0;A2;3;2022-08-01;"INCRA — Índices Básicos (IE nº 5/2022; tabela de 2013)";
2918753;65.0;4.0;B3;4;2022-08-01;"INCRA — Índices Básicos (IE nº 5/2022; tabela de 2013)";
2918803;35.0;2.0;A2;3;2022-08-01;"INCRA — Índices Básicos (IE nº 5/2022; tabela de 2013)";
2918902;55.0;2.0;A2;3;2022-08-01;"INCRA — Índices Básicos (IE nº 5/2022; tabela de 2013)";
2919009;60.0;4.0;B3;4;2022-08-01;"INCRA — Índices Básicos (IE nº 5/2022; tabela de 2013)";
2919058;35.0;2.0;A2;3;2022-08-01;"INCRA — Índices Básicos (IE nº 5/2022; tabela de 2013)";
2919108;50.0;2.0;A2;3;2022-08-01;"INCRA — Índices Básicos (IE nº 5/2022; tabela de 2013)";
2919157;65.0;4.0;B3;4;2022-08-01;"INCRA — Índices Básicos (IE nº 5/2022; tabela de 2013)";
2919207;7.0;2.0;A1;2;2022-08-01;"INCRA — Índices Básicos (IE nº 5/2022; tabela de 2013)";
2919306;65.0;4.0;B3;4;2022-08-01;"INCRA — Índices Básicos (IE nº 5/2022; tabela de 2013)";
2919405;65.0;4.0;B3;4;2022-08-01;"INCRA — Índices Básicos (IE nº 5/2022; tabela de 2013)";
2919504;65.0;4.0;B3;4;2022-08-01;"INCRA — Índices Básicos (IE nº 5/2022; tabela de 2013)";
2919553;65.0;3.0;B2;4;2022-08-01;"INCRA — Índices Básicos (IE nº 5/2022; tabela de 2013)";
2919603;60.0;2.0;A2;4;2022-08-01;"INCRA — Índices Básicos (IE nº 5/2022; tabela de 2013)";
2919702;60.0;2.0;A3;3;2022-08-01;"INCRA — Índices Básicos (IE nº 5/2022; tabela de 2013)";
2919801;65.0;4.0;B3;4;2022-08-01;"INCRA — Índices Básicos (IE nº 5/2022; tabela de 2013)";
2919926;5.0;2.0;A1;2;2022-08-01;"INCRA — Índices Básicos (IE nº 5/2022; tabela de 2013)";
2919959;65.0;2.0;A2;4;2022-08-01;"INCRA — Índices Básicos (IE nº 5/2022; tabela de 2013)";
2920007;60.0;2.0;A3;3;2022-08-01;"INCRA — Índices Básicos (IE nº 5/2022; tabela de 2013)";
2920106;60.0;2.0;A2;4;2022-08-01;"INCRA — Índices Básicos (IE nº 5/2022; tabela de 2013)";
2920205;65.0;4.0;B3;4;2022-08-01;"INCRA — Índices Básicos (IE nº 5/2022; tabela de 2013)";
2920304;65.0;4.0;B3;4;2022-08-01;"INCRA — Índices Básicos (IE nº 5/2022; tabela de 2013)";
2920403;35.0;2.0;A2;3;2022-08-01;"INCRA — Índices Básicos (IE nº 5/2022; tabela de 2013)";
2920452;65.0;3.0;B2;4;2022-08-01;"INCRA — Índices Básicos (IE nº 5/2022; tabela de 2013)";
2920502;35.0;2.0;A2;3;2022-08-01;"INCRA — Índices Básicos (IE nº 5/2022; tabela de 2013)";
2920601;30.0;2.0;A2;2;2022-08-01;"INCRA — Índices Básicos (IE nº 5/2022; tabela de 2013)";
2920700;20.0;2.0;A2;2;2022-08-01;"INCRA — Índices Básicos (IE nº 5/2022; tabela de 2013)";
2920809;35.0;4.0;B3;3;2022-08-01;"INCRA — Índices Básicos (IE nº 5/2022; tabela de 2013)";
2920908;20.0;2.0;A2;2;2022-08-01;"INCRA — Índices Básicos (IE nº 5/2022; tabela de 2013)";
2921005;7.0;2.0;A1;2;2022-08-01;"INCRA — Índices Básicos (IE nº 5/2022; tabela de 2013)";
2921054;65.0;4.0;B3;4;2022-08-01;"INCRA — Índices Básicos (IE nº 5/2022; tabela de 2013)";
2921104;55.0;2.0;A2;3;2022-08-01;"INCRA — Índices Básicos (IE nº 5/2022; tabela de 2013)";
2921203;60.0;4.0;B3;4;2022-08-01;"INCRA — Índices Básicos (IE nº 5/2022; tabela de 2013)";
2921302;35.0;2.0;A2;3;2022-08-01;"INCRA — Índices Básicos (IE nº 5/2022; tabela de 2013)";
2921401;65.0;4.0;B3;4;2022-08-01;"INCRA — Índices Básicos (IE nº 5/2022; tabela de 2013)";
2921450;35.0;2.0;A2;3;2022-08-01;"INCRA — Índices Básicos (IE nº 5/2022; tabela de 2013)";
2921500;50.0;4.0;B3;3;2022-08-01;"INCRA — Índices Básicos (IE nº 5/2022; tabela de 2013)";
2921609;65.0;4.0;B3;4;2022-08-01;"INCRA — Índices Básicos (IE nº 5/2022; tabela de 2013)";
2921708;65.0;4.0;B3;4;2022-08-01;"INCRA — Índices Básicos (IE nº 5/2022; tabela de 2013)";
2921807;65.0;4.0;B3;4;2022-08-01;"INCRA — Índices Básicos (IE nº 5/2022; tabela de 2013)";
2921906;65.0;4.0;B3;4;2022-08-01;"INCRA — Índices Básicos (IE nº 5/2022; tabela de 2013)";
2922003;35.0;2.0;A2;3;2022-08-01;"INCRA — Índices Básicos (IE nº 5/2022; tabela de 2013)";
2922052;65.0;4.0;B3;4;2022-08-01;"INCRA — Índices Básicos (IE nº 5/2022; tabela de 2013)";
2922102;60.0;2.0;A2;4;2022-08-01;"INCRA — Índices Básicos (IE nº 5/2022; tabela de 2013)";
2922201;30.0;2.0;A2;2;2022-08-01;"INCRA — Índices Básicos (IE nº 5/2022; tabela de 2013)";
2922250;65.0;4.0;B3;4;2022-08-01;"INCRA — Índices Básicos (IE nº 5/2022; tabela de 2013)";
2922300;30.0;2.0;A2;2;2022-08-01;"INCRA — Índices Básicos (IE nº 5/2022; tabela de 2013)";
2922409;35.0;2.0;A2;3;2022-08-01;"INCRA — Índices Básicos (IE nº 5/2022; tabela de 2013)";
2922508;30.0;2.0;A2;2;2022-08-01;"INCRA — Índices Básicos (IE nº 5/2022; tabela de 2013)";
2922607;20.0;2.0;A3;2;2022-08-01;"INCRA — Índices Básicos (IE nº 5/2022; tabela de 2013)";
2922656;50.0;4.0;B3;3;2022-08-01;"INCRA — Índices Básicos (IE nº 5/2022; tabela de 2013)";
2922706;35.0;2.0;A2;3;2022-08-01;"INCRA — Índices Básicos (IE nº 5/2022; tabela de 2013)";
2922730;50.0;2.0;A2;3;2022-08-01;"INCRA — Índices Básicos (IE nº 5/2022; tabela de 2013)";
2922755;20.0;2.0;A2;2;2022-08-01;"INCRA — Índices Básicos (IE nº 5/2022; tabela de 2013)";
2922805;35.0;2.0;A2;3;2022-08-01;"INCRA — Índices Básicos (IE nº 5/2022; tabela de 2013)";
2922854;65.0;4.0;B3;4;2022-08-01;"INCRA — Índices Básicos (IE nº 5/2022; tabela de 2013)";
2922904;30.0;4.0;B3;3;2022-08-01;"INCRA — Índices Básicos (IE nº 5/2022; tabela de 2013)";
2923001;35.0;2.0;A2;3;2022-08-01;"INCRA — Índices Básicos (IE nº 5/2022; tabela de 2013)";
2923035;65.0;4.0;B3;4;2022-08-01;"INCRA — Índices Básicos (IE nº 5/2022; tabela de 2013)";
2923050;30.0;4.0;B3;3;2022-08-01;"INCRA — Índices Básicos (IE nº 5/2022; tabela de 2013)";
2923100;30.0;4.0;B3;3;2022-08-01;"INCRA — Índices Básicos (IE nº 5/2022; tabela de 2013)";
2923209;65.0;4.0;B3;4;2022-08-01;"INCRA — Índices Básicos (IE nº 5/2022; tabela de 2013)";
2923308;30.0;2.0;A2;3;2022-08-01;"INCRA — Índices Básicos (IE nº 5/2022; tabela de 2013)";
2923357;60.0;4.0;B3;4;2022-08-01;"INCRA — Índices Básicos (IE nº 5/2022; tabela de 2013)";
2923407;65.0;4.0;B3;4;2022-08-01;"INCRA — Índices Básicos (IE nº 5/2022; tabela de 2013)";
2923506;65.0;4.0;B3;4;2022-08-01;"INCRA — Índices Básicos (IE nº 5/2022; tabela de 2013)";
2923605;65.0;4.0;B3;4;2022-08-01;"INCRA — Índices Básicos (IE nº 5/2022; tabela de 2013)";
2923704;65.0;4.0;B3;4;2022-08-01;"INCRA — Índices Básicos (IE nº 5/2022; tabela de 2013)";
2923902;35.0;2.0;A2;2;2022-08-01;"INCRA — Índices Básicos (IE nº 5/2022; tabela de 2013)";
2924058;50.0;2.0;A2;3;2022-08-01;"INCRA — Índices Básicos (IE nº 5/2022; tabela de 2013)";
2924108;30.0;2.0;A2;3;2022-08-01;"INCRA — Índices Básicos (IE nº 5/2022; tabela de 2013)";
2924306;65.0;4.0;B3;4;2022-08-01;"INCRA — Índices Básicos (IE nº 5/2022; tabela de 2013)";
2924405;65.0;2.0;A2;4;2022-08-01;"INCRA — Índices Básicos (IE nº 5/2022; tabela de 2013)";
2924504;65.0;4.0;B3;4;2022-08-01;"INCRA — Índices Básicos (IE nº 5/2022; tabela de 2013)";
2924603;65.0;4.0;B3;4;2022-08-01;"INCRA — Índices Básicos (IE nº 5/2022; tabela de 2013)";
2924652;60.0;2.0;A2;3;2022-08-01;"INCRA — Índices Básicos (IE nº 5/2022; tabela de 2013)";
2924678;20.0;2.0;A2;2;2022-08-01;"INCRA — Índices Básicos (IE nº 5/2022; tabela de 2013)";
2924702;65.0;2.0;A2;4;2022-08-01;"INCRA — Índices Básicos (IE nº 5/2022; tabela de 2013)";
2924801;60.0;4.0;B3;4;2022-08-01;"INCRA — Índices Básicos (IE nº 5/2022; tabela de 2013)";
2924900;35.0;2.0;A2;3;2022-08-01;"INCRA — Índices Básicos (IE nº 5/2022; tabela de 2013)";
2925006;35.0;2.0;A2;3;2022-08-01;"INCRA — Índices Básicos (IE nº 5/2022; tabela de 2013)";
2925105;35.0;2.0;A2;3;2022-08-01;"INCRA — Índices Básicos (IE nº 5/2022; tabela de 2013)";
2925204;7.0;2.0;A1;2;2022-08-01;"INCRA — Índices Básicos (IE nº 5/2022; tabela de 2013)";
2925253;65.0;4.0;B3;4;2022-08-01;"INCRA — Índices Básicos (IE nº 5/2022; tabela de 2013)";
2925303;35.0;2.0;A2;3;2022-08-01;"INCRA — Índices Básicos (IE nº 5/2022; tabela de 2013)";
2925402;50.0;2.0;A3;2;2022-08-01;"INCRA — Índices Básicos (IE nº 5/2022; tabela de 2013)";
2925501;35.0;2.0;A2;3;2022-08-01;"INCRA — Índices Básicos (IE nº 5/2022; tabela de 2013)";
2925600;65.0;4.0;B3;4;2022-08-01;"INCRA — Índices Básicos (IE nº 5/2022; tabela de 2013)";
2925709;65.0;2.0;A2;4;2022-08-01;"INCRA — Índices Básicos (IE nº 5/2022; tabela de 2013)";
2925758;20.0;2.0;A3;2;2022-08-01;"INCRA — Índices Básicos (IE nº 5/2022; tabela de 2013)";
2925808;50.0;4.0;B3;3;2022-08-01;"INCRA — Índices Básicos (IE nº 5/2022; tabela de 2013)";
2925907;50.0;4.0;B3;3;2022-08-01;"INCRA — Índices Básicos (IE nº 5/2022; tabela de 2013)";
2925931;60.0;4.0;B3;4;2022-08-01;"INCRA — Índices Básicos (IE nº 5/2022; tabela de 2013)";
2925956;60.0;2.0;A2;3;2022-08-01;"INCRA — Índices Básicos (IE nº 5/2022; tabela de 2013)";
2926004;65.0;2.0;A2;4;2022-08-01;"INCRA — Índices Básicos (IE nº 5/2022; tabela de 2013)";
2926103;50.0;4.0;B3;3;2022-08-01;"INCRA — Índices Básicos (IE nº 5/2022; tabela de 2013)";
2926202;65.0;3.0;B2;4;2022-08-01;"INCRA — Índices Básicos (IE nº 5/2022; tabela de 2013)";
2926301;50.0;2.0;A2;3;2022-08-01;"INCRA — Índices Básicos (IE nº 5/2022; tabela de 2013)";
2926400;65.0;4.0;B3;4;2022-08-01;"INCRA — Índices Básicos (IE nº 5/2022; tabela de 2013)";
2926608;30.0;4.0;B3;3;2022-08-01;"INCRA — Índices Básicos (IE nº 5/2022; tabela de 2013)";
2926657;50.0;2.0;A2;3;2022-08-01;"INCRA — Índices Básicos (IE nº 5/2022; tabela de 2013)";
2926707;65.0;4.0;B3;4;2022-08-01;"INCRA — Índices Básicos (IE nº 5/2022; tabela de 2013)";
2926806;65.0;4.0;B3;4;2022-08-01;"INCRA — Índices Básicos (IE nº 5/2022; tabela de 2013)";
2926905;65.0;4.0;B3;4;2022-08-01;"INCRA — Índices Básicos (IE nº 5/2022; tabela de 2013)";
2927200;60.0;4.0;B3;4;2022-08-01;"INCRA — Índices Básicos (IE nº 5/2022; tabela de 2013)";
2927309;30.0;2.0;A2;2;2022-08-01;"INCRA — Índices Básicos (IE nº 5/2022; tabela de 2013)";
2927408;5.0;2.0;A1;2;2022-08-01;"INCRA — Índices Básicos (IE nº 5/2022; tabela de 2013)";
2927507;50.0;2.0;A2;3;2022-08-01;"INCRA — Índices Básicos (IE nº 5/2022; tabela de 2013)";
2927705;35.0;2.0;A2;3;2022-08-01;"INCRA — Índices Básicos (IE nº 5/2022; tabela de 2013)";
2927804;50.0;2.0;A2;2;2022-08-01;"INCRA — Índices Básicos (IE nº 5/2022; tabela de 2013)";
2927903;35.0;2.0;A2;3;2022-08-01;"INCRA — Índices Básicos (IE nº 5/2022; tabela de 2013)";
2928059;20.0;2.0;A2;2;2022-08-01;"INCRA — Índices Básicos (IE nº 5/2022; tabela de 2013)";
2928109;65.0;4.0;B3;4;2022-08-01;"INCRA — Índices Básicos (IE nº 5/2022; tabela de 2013)";
2928406;65.0;3.0;B2;4;2022-08-01;"INCRA — Índices Básicos (IE nº 5/2022; tabela de 2013)";
2928505;50.0;2.0;A2;3;2022-08-01;"INCRA — Índices Básicos (IE nº 5/2022; tabela de 2013)";
2928000;50.0;4.0;B3;3;2022-08-01;"INCRA — Índices Básicos (IE nº 5/2022; tabela de 2013)";
2928208;65.0;3.0;B2;4;2022-08-01;"INCRA — Índices Básicos (IE nº 5/2022; tabela de 2013)";
2928307;50.0;2.0;A2;3;2022-08-01;"INCRA — Índices Básicos (IE nº 5/2022; tabela de 2013)";
2928604;30.0;2.0;A1;2;2022-08-01;"INCRA — Índices Básicos (IE nº 5/2022; tabela de 2013)";
2928703;30.0;2.0;A2;2;2022-08-01;"INCRA — Índices Básicos (IE nº 5/2022; tabela de 2013)";
2928802;50.0;2.0;A2;3;2022-08-01;"INCRA — Índices Básicos (IE nº 5/2022; tabela de 2013)";
2928901;65.0;3.0;B2;4;2022-08-01;"INCRA — Índices Básicos (IE nº 5/2022; tabela de 2013)";
2928950;50.0;4.0;B3;3;2022-08-01;"INCRA — Índices Básicos (IE nº 5/2022; tabela de 2013)";
2929107;30.0;2.0;A2;2;2022-08-01;"INCRA — Índices Básicos (IE nº 5/2022; tabela de 2013)";
2929008;30.0;2.0;A2;2;2022-08-01;"INCRA — Índices Básicos (IE nº 5/2022; tabela de 2013)";
2929057;65.0;4.0;B3;4;2022-08-01;"INCRA — Índices Básicos (IE nº 5/2022; tabela de 2013)";
2929206;7.0;2.0;A1;2;2022-08-01;"INCRA — Índices Básicos (IE nº 5/2022; tabela de 2013)";
2929255;65.0;4.0;B3;4;2022-08-01;"INCRA — Índices Básicos (IE nº 5/2022; tabela de 2013)";
2929305;30.0;2.0;A2;2;2022-08-01;"INCRA — Índices Básicos (IE nº 5/2022; tabela de 2013)";
2929354;20.0;2.0;A2;2;2022-08-01;"INCRA — Índices Básicos (IE nº 5/2022; tabela de 2013)";
2929370;60.0;4.0;B3;4;2022-08-01;"INCRA — Índices Básicos (IE nº 5/2022; tabela de 2013)";
2929404;35.0;2.0;A2;3;2022-08-01;"INCRA — Índices Básicos (IE nº 5/2022; tabela de 2013)";
2929503;30.0;2.0;A1;2;2022-08-01;"INCRA — Índices Básicos (IE nº 5/2022; tabela de 2013)";
2929602;30.0;2.0;A2;2;2022-08-01;"INCRA — Índices Básicos (IE nº 5/2022; tabela de 2013)";
2929701;30.0;2.0;A2;3;2022-08-01;"INCRA — Índices Básicos (IE nº 5/2022; tabela de 2013)";
2929750;30.0;2.0;A1;2;2022-08-01;"INCRA — Índices Básicos (IE nº 5/2022; tabela de 2013)";
2929800;65.0;4.0;B3;4;2022-08-01;"INCRA — Índices Básicos (IE nº 5/2022; tabela de 2013)";
2929909;65.0;4.0;B3;4;2022-08-01;"INCRA — Índices Básicos (IE nº 5/2022; tabela de 2013)";
2930006;65.0;4.0;B3;4;2022-08-01;"INCRA — Índices Básicos (IE nº 5/2022; tabela de 2013)";
2930105;65.0;4.0;B3;4;2022-08-01;"INCRA — Índices Básicos (IE nº 5/2022; tabela de 2013)";
2930204;65.0;2.0;A2;4;2022-08-01;"INCRA — Índices Básicos (IE nº 5/2022; tabela de 2013)";
2930154;65.0;4.0;B3;4;2022-08-01;"INCRA — Índices Básicos (IE nº 5/2022; tabela de 2013)";
2930303;65.0;3.0;B2;4;2022-08-01;"INCRA — Índices Básicos (IE nº 5/2022; tabela de 2013)";
2930402;50.0;2.0;A2;3;2022-08-01;"INCRA — Índices Básicos (IE nº 5/2022; tabela de 2013)";
2930501;50.0;4.0;B3;3;2022-08-01;"INCRA — Índices Básicos (IE nº 5/2022; tabela de 2013)";
2930600;60.0;4.0;B3;4;2022-08-01;"INCRA — Índices Básicos (IE nº 5/2022; tabela de 2013)";
2930709;7.0;2.0;A1;2;2022-08-01;"INCRA — Índices Básicos (IE nº 5/2022; tabela de 2013)";
2930758;65.0;4.0;B3;4;2022-08-01;"INCRA — Índices Básicos (IE nº 5/2022; tabela de 2013)";
2930774;65.0;2.0;A2;4;2022-08-01;"INCRA — Índices Básicos (IE nº 5/2022; tabela de 2013)";
2930808;65.0;4.0;B3;4;2022-08-01;"INCRA — Índices Básicos (IE nº 5/2022; tabela de 2013)";
2930907;65.0;3.0;B2;4;2022-08-01;"INCRA — Índices Básicos (IE nº 5/2022; tabela de 2013)";
2931004;65.0;2.0;A2;4;2022-08-01;"INCRA — Índices Básicos (IE nº 5/2022; tabela de 2013)";
2931053;65.0;4.0;B3;4;2022-08-01;"INCRA — Índices Básicos (IE nº 5/2022; tabela de 2013)";
2931103;50.0;2.0;A2;3;2022-08-01;"INCRA — Índices Básicos (IE nº 5/2022; tabela de 2013)";
2931202;20.0;2.0;A3;2;2022-08-01;"INCRA — Índices Básicos (IE nº 5/2022; tabela de 2013)";
2931301;60.0;4.0;B3;4;2022-08-01;"INCRA — Índices Básicos (IE nº 5/2022; tabela de 2013)";
2931350;35.0;2.0;A2;3;2022-08-01;"INCRA — Índices Básicos (IE nº 5/2022; tabela de 2013)";
2931400;30.0;2.0;A2;2;2022-08-01;"INCRA — Índices Básicos (IE nº 5/2022; tabela de 2013)";
2931509;50.0;4.0;B3;3;2022-08-01;"INCRA — Índices Básicos (IE nº 5/2022; tabela de 2013)";
2931608;20.0;2.0;A2;2;2022-08-01;"INCRA — Índices Básicos (IE nº 5/2022; tabela de 2013)";
2931707;30.0;2.0;A1;2;2022-08-01;"INCRA — Índices Básicos (IE nº 5/2022; tabela de 2013)";
2931806;65.0;2.0;A2;4;2022-08-01;"INCRA — Índices Básicos (IE nº 5/2022; tabela de 2013)";
2931905;50.0;4.0;B3;3;2022-08-01;"INCRA — Índices Básicos (IE nº 5/2022; tabela de 2013)";
2932002;50.0;2.0;A2;3;2022-08-01;"INCRA — Índices Básicos (IE nº 5/2022; tabela de 2013)";
2932101;35.0;2.0;A2;3;2022-08-01;"INCRA — Índices Básicos (IE nº 5/2022; tabela de 2013)";
2932200;20.0;2.0;A2;2;2022-08-01;"INCRA — Índices Básicos (IE nº 5/2022; tabela de 2013)";
2932309;20.0;2.0;A2;2;2022-08-01;"INCRA — Índices Básicos (IE nº 5/2022; tabela de 2013)";
2932408;65.0;4.0;B3;4;2022-08-01;"INCRA — Índices Básicos (IE nº 5/2022; tabela de 2013)";
2932457;65.0;4.0;B3;4;2022-08-01;"INCRA — Índices Básicos (IE nº 5/2022; tabela de 2013)";
2932507;20.0;2.0;A2;2;2022-08-01;"INCRA — Índices Básicos (IE nº 5/2022; tabela de 2013)";
2932606;65.0;4.0;B3;4;2022-08-01;"INCRA — Índices Básicos (IE nº 5/2022; tabela de 2013)";
2932705;20.0;2.0;A2;2;2022-08-01;"INCRA — Índices Básicos (IE nº 5/2022; tabela de 2013)";
2932804;65.0;4.0;B3;4;2022-08-01;"INCRA — Índices Básicos (IE nº 5/2022; tabela de 2013)";
2932903;20.0;2.0;A3;2;2022-08-01;"INCRA — Índices Básicos (IE nº 5/2022; tabela de 2013)";
2933000;50.0;4.0;B3;3;2022-08-01;"INCRA — Índices Básicos (IE nº 5/2022; tabela de 2013)";
2933059;60.0;2.0;A2;4;2022-08-01;"INCRA — Índices Básicos (IE nº 5/2022; tabela de 2013)";
2933109;60.0;4.0;B3;4;2022-08-01;"INCRA — Índices Básicos (IE nº 5/2022; tabela de 2013)";
2933158;60.0;4.0;B3;4;2022-08-01;"INCRA — Índices Básicos (IE nº 5/2022; tabela de 2013)";
2933174;30.0;2.0;A2;2;2022-08-01;"INCRA — Índices Básicos (IE nº 5/2022; tabela de 2013)";
2933208;7.0;2.0;A2;2;2022-08-01;"INCRA — Índices Básicos (IE nº 5/2022; tabela de 2013)";
2933257;35.0;2.0;A2;3;2022-08-01;"INCRA — Índices Básicos (IE nº 5/2022; tabela de 2013)";
2933307;35.0;2.0;A2;3;2022-08-01;"INCRA — Índices Básicos (IE nº 5/2022; tabela de 2013)";
2933406;65.0;4.0;B3;4;2022-08-01;"INCRA — Índices Básicos (IE nº 5/2022; tabela de 2013)";
2933455;65.0;3.0;B2;4;2022-08-01;"INCRA — Índices Básicos (IE nº 5/2022; tabela de 2013)";
2933505;20.0;2.0;A2;2;2022-08-01;"INCRA — Índices Básicos (IE nº 5/2022; tabela de 2013)";
2933604;65.0;4.0;B3;4;2022-08-01;"INCRA — Índices Básicos (IE nº 5/2022; tabela de 2013)";
3100104;40.0;2.0;A3;3;2022-08-01;"INCRA — Índices Básicos (IE nº 5/2022; tabela de 2013)";
3100203;40.0;2.0;A3;3;2022-08-01;"INCRA — Índices Básicos (IE nº 5/2022; tabela de 2013)";
3100302;26.0;2.0;A3;2;2022-08-01;"INCRA — Índices Básicos (IE nº 5/2022; tabela de 2013)";
3100401;26.0;2.0;A3;2;2022-08-01;"INCRA — Índices Básicos (IE nº 5/2022; tabela de 2013)";
3100500;30.0;2.0;A2;3;2022-08-01;"INCRA — Índices Básicos (IE nº 5/2022; tabela de 2013)";
3100609;30.0;2.0;A3;3;2022-08-01;"INCRA — Índices Básicos (IE nº 5/2022; tabela de 2013)";
3100708;24.0;2.0;A2;2;2022-08-01;"INCRA — Índices Básicos (IE nº 5/2022; tabela de 2013)";
3100807;30.0;2.0;A3;3;2022-08-01;"INCRA — Índices Básicos (IE nº 5/2022; tabela de 2013)";
3100906;60.0;2.0;A3;3;2022-08-01;"INCRA — Índices Básicos (IE nº 5/2022; tabela de 2013)";
3101003;65.0;2.0;A3;4;2022-08-01;"INCRA — Índices Básicos (IE nº 5/2022; tabela de 2013)";
3101102;30.0;2.0;A3;2;2022-08-01;"INCRA — Índices Básicos (IE nº 5/2022; tabela de 2013)";
3101201;30.0;2.0;A3;2;2022-08-01;"INCRA — Índices Básicos (IE nº 5/2022; tabela de 2013)";
3101300;30.0;2.0;A3;2;2022-08-01;"INCRA — Índices Básicos (IE nº 5/2022; tabela de 2013)";
3101409;30.0;2.0;A2;2;2022-08-01;"INCRA — Índices Básicos (IE nº 5/2022; tabela de 2013)";
3101508;30.0;2.0;A2;2;2022-08-01;"INCRA — Índices Básicos (IE nº 5/2022; tabela de 2013)";
3101607;26.0;2.0;A3;3;2022-08-01;"INCRA — Índices Básicos (IE nº 5/2022; tabela de 2013)";
3101631;30.0;2.0;A2;2;2022-08-01;"INCRA — Índices Básicos (IE nº 5/2022; tabela de 2013)";
3101706;60.0;2.0;A3;3;2022-08-01;"INCRA — Índices Básicos (IE nº 5/2022; tabela de 2013)";
3101805;30.0;2.0;A2;3;2022-08-01;"INCRA — Índices Básicos (IE nº 5/2022; tabela de 2013)";
3101904;26.0;2.0;A2;3;2022-08-01;"INCRA — Índices Básicos (IE nº 5/2022; tabela de 2013)";
3102001;26.0;2.0;A3;3;2022-08-01;"INCRA — Índices Básicos (IE nº 5/2022; tabela de 2013)";
3102050;24.0;2.0;A3;2;2022-08-01;"INCRA — Índices Básicos (IE nº 5/2022; tabela de 2013)";
3153509;24.0;2.0;A3;2;2022-08-01;"INCRA — Índices Básicos (IE nº 5/2022; tabela de 2013)";
3102100;28.0;2.0;A2;2;2022-08-01;"INCRA — Índices Básicos (IE nº 5/2022; tabela de 2013)";
3102209;30.0;2.0;A2;2;2022-08-01;"INCRA — Índices Básicos (IE nº 5/2022; tabela de 2013)";
3102308;20.0;2.0;A3;2;2022-08-01;"INCRA — Índices Básicos (IE nº 5/2022; tabela de 2013)";
3102407;30.0;2.0;A3;3;2022-08-01;"INCRA — Índices Básicos (IE nº 5/2022; tabela de 2013)";
3102506;26.0;2.0;A3;2;2022-08-01;"INCRA — Índices Básicos (IE nº 5/2022; tabela de 2013)";
3102605;26.0;2.0;A2;2;2022-08-01;"INCRA — Índices Básicos (IE nº 5/2022; tabela de 2013)";
3102803;30.0;2.0;A2;2;2022-08-01;"INCRA — Índices Básicos (IE nº 5/2022; tabela de 2013)";
3102852;40.0;2.0;A3;3;2022-08-01;"INCRA — Índices Básicos (IE nº 5/2022; tabela de 2013)";
3102902;22.0;2.0;A2;2;2022-08-01;"INCRA — Índices Básicos (IE nº 5/2022; tabela de 2013)";
3103009;20.0;2.0;A2;2;2022-08-01;"INCRA — Índices Básicos (IE nº 5/2022; tabela de 2013)";
3103108;28.0;2.0;A2;2;2022-08-01;"INCRA — Índices Básicos (IE nº 5/2022; tabela de 2013)";
3103207;20.0;2.0;A2;3;2022-08-01;"INCRA — Índices Básicos (IE nº 5/2022; tabela de 2013)";
3103306;24.0;2.0;A2;2;2022-08-01;"INCRA — Índices Básicos (IE nº 5/2022; tabela de 2013)";
3103405;65.0;2.0;A3;4;2022-08-01;"INCRA — Índices Básicos (IE nº 5/2022; tabela de 2013)";
3103504;30.0;2.0;A2;2;2022-08-01;"INCRA — Índices Básicos (IE nº 5/2022; tabela de 2013)";
3103603;30.0;2.0;A2;2;2022-08-01;"INCRA — Índices Básicos (IE nº 5/2022; tabela de 2013)";
3103702;28.0;2.0;A3;2;2022-08-01;"INCRA — Índices Básicos (IE nº 5/2022; tabela de 2013)";
3103751;20.0;2.0;A2;3;2022-08-01;"INCRA — Índices Básicos (IE nº 5/2022; tabela de 2013)";
3103801;40.0;2.0;A2;3;2022-08-01;"INCRA — Índices Básicos (IE nº 5/2022; tabela de 2013)";
3103900;35.0;2.0;A2;3;2022-08-01;"INCRA — Índices Básicos (IE nº 5/2022; tabela de 2013)";
3104007;35.0;2.0;A2;3;2022-08-01;"INCRA — Índices Básicos (IE nº 5/2022; tabela de 2013)";
3104106;28.0;2.0;A3;2;2022-08-01;"INCRA — Índices Básicos (IE nº 5/2022; tabela de 2013)";
3104205;35.0;2.0;A3;3;2022-08-01;"INCRA — Índices Básicos (IE nº 5/2022; tabela de 2013)";
3104304;26.0;2.0;A3;3;2022-08-01;"INCRA — Índices Básicos (IE nº 5/2022; tabela de 2013)";
3104403;30.0;2.0;A2;2;2022-08-01;"INCRA — Índices Básicos (IE nº 5/2022; tabela de 2013)";
3104452;40.0;2.0;A3;3;2022-08-01;"INCRA — Índices Básicos (IE nº 5/2022; tabela de 2013)";
3104601;30.0;2.0;A2;2;2022-08-01;"INCRA — Índices Básicos (IE nº 5/2022; tabela de 2013)";
3104700;50.0;2.0;A2;3;2022-08-01;"INCRA — Índices Básicos (IE nº 5/2022; tabela de 2013)";
3104809;40.0;2.0;A3;3;2022-08-01;"INCRA — Índices Básicos (IE nº 5/2022; tabela de 2013)";
3104908;30.0;2.0;A3;2;2022-08-01;"INCRA — Índices Básicos (IE nº 5/2022; tabela de 2013)";
3105004;20.0;2.0;A2;3;2022-08-01;"INCRA — Índices Básicos (IE nº 5/2022; tabela de 2013)";
3105103;35.0;2.0;A3;3;2022-08-01;"INCRA — Índices Básicos (IE nº 5/2022; tabela de 2013)";
3105202;60.0;2.0;A3;3;2022-08-01;"INCRA — Índices Básicos (IE nº 5/2022; tabela de 2013)";
3105301;26.0;2.0;A2;2;2022-08-01;"INCRA — Índices Básicos (IE nº 5/2022; tabela de 2013)";
3105400;20.0;2.0;A2;2;2022-08-01;"INCRA — Índices Básicos (IE nº 5/2022; tabela de 2013)";
3105509;28.0;2.0;A2;2;2022-08-01;"INCRA — Índices Básicos (IE nº 5/2022; tabela de 2013)";
3105608;22.0;2.0;A2;2;2022-08-01;"INCRA — Índices Básicos (IE nº 5/2022; tabela de 2013)";
3105707;26.0;2.0;A3;2;2022-08-01;"INCRA — Índices Básicos (IE nº 5/2022; tabela de 2013)";
3105905;22.0;2.0;A2;2;2022-08-01;"INCRA — Índices Básicos (IE nº 5/2022; tabela de 2013)";
3106002;20.0;2.0;A2;2;2022-08-01;"INCRA — Índices Básicos (IE nº 5/2022; tabela de 2013)";
3106101;24.0;2.0;A2;2;2022-08-01;"INCRA — Índices Básicos (IE nº 5/2022; tabela de 2013)";
3106200;5.0;2.0;A1;1;2022-08-01;"INCRA — Índices Básicos (IE nº 5/2022; tabela de 2013)";
3106309;24.0;2.0;A2;3;2022-08-01;"INCRA — Índices Básicos (IE nº 5/2022; tabela de 2013)";
3106408;20.0;2.0;A2;2;2022-08-01;"INCRA — Índices Básicos (IE nº 5/2022; tabela de 2013)";
3106507;40.0;2.0;A3;3;2022-08-01;"INCRA — Índices Básicos (IE nº 5/2022; tabela de 2013)";
3106655;65.0;2.0;A3;4;2022-08-01;"INCRA — Índices Básicos (IE nº 5/2022; tabela de 2013)";
3106606;60.0;2.0;A3;3;2022-08-01;"INCRA — Índices Básicos (IE nº 5/2022; tabela de 2013)";
3106705;7.0;2.0;A1;1;2022-08-01;"INCRA — Índices Básicos (IE nº 5/2022; tabela de 2013)";
3106804;24.0;2.0;A2;2;2022-08-01;"INCRA — Índices Básicos (IE nº 5/2022; tabela de 2013)";
3106903;24.0;2.0;A2;2;2022-08-01;"INCRA — Índices Básicos (IE nº 5/2022; tabela de 2013)";
3107000;40.0;2.0;A3;3;2022-08-01;"INCRA — Índices Básicos (IE nº 5/2022; tabela de 2013)";
3107109;26.0;2.0;A2;3;2022-08-01;"INCRA — Índices Básicos (IE nº 5/2022; tabela de 2013)";
3107208;30.0;2.0;A2;2;2022-08-01;"INCRA — Índices Básicos (IE nº 5/2022; tabela de 2013)";
3107307;40.0;2.0;A2;4;2022-08-01;"INCRA — Índices Básicos (IE nº 5/2022; tabela de 2013)";
3107406;35.0;2.0;A3;3;2022-08-01;"INCRA — Índices Básicos (IE nº 5/2022; tabela de 2013)";
3107505;30.0;2.0;A2;2;2022-08-01;"INCRA — Índices Básicos (IE nº 5/2022; tabela de 2013)";
3107604;28.0;2.0;A2;2;2022-08-01;"INCRA — Índices Básicos (IE nº 5/2022; tabela de 2013)";
3107703;20.0;2.0;A2;2;2022-08-01;"INCRA — Índices Básicos (IE nº 5/2022; tabela de 2013)";
3107802;20.0;2.0;A2;2;2022-08-01;"INCRA — Índices Básicos (IE nº 5/2022; tabela de 2013)";
3107901;30.0;2.0;A2;2;2022-08-01;"INCRA — Índices Básicos (IE nº 5/2022; tabela de 2013)";
3108008;30.0;2.0;A2;3;2022-08-01;"INCRA — Índices Básicos (IE nº 5/2022; tabela de 2013)";
3108107;20.0;2.0;A3;2;2022-08-01;"INCRA — Índices Básicos (IE nº 5/2022; tabela de 2013)";
3108206;50.0;2.0;A3;4;2022-08-01;"INCRA — Índices Básicos (IE nº 5/2022; tabela de 2013)";
3108255;65.0;2.0;A3;4;2022-08-01;"INCRA — Índices Básicos (IE nº 5/2022; tabela de 2013)";
3108305;30.0;2.0;A2;2;2022-08-01;"INCRA — Índices Básicos (IE nº 5/2022; tabela de 2013)";
3108404;26.0;2.0;A2;2;2022-08-01;"INCRA — Índices Básicos (IE nº 5/2022; tabela de 2013)";
3108503;50.0;2.0;A2;4;2022-08-01;"INCRA — Índices Básicos (IE nº 5/2022; tabela de 2013)";
3108701;22.0;2.0;A2;2;2022-08-01;"INCRA — Índices Básicos (IE nº 5/2022; tabela de 2013)";
3108552;65.0;2.0;A2;4;2022-08-01;"INCRA — Índices Básicos (IE nº 5/2022; tabela de 2013)";
3108602;50.0;2.0;A2;4;2022-08-01;"INCRA — Índices Básicos (IE nº 5/2022; tabela de 2013)";
3108909;30.0;2.0;A2;2;2022-08-01;"INCRA — Índices Básicos (IE nº 5/2022; tabela de 2013)";
3108800;30.0;2.0;A2;3;2022-08-01;"INCRA — Índices Básicos (IE nº 5/2022; tabela de 2013)";
3109006;20.0;2.0;A1;2;2022-08-01;"INCRA — Índices Básicos (IE nº 5/2022; tabela de 2013)";
3109105;30.0;2.0;A2;2;2022-08-01;"INCRA — Índices Básicos (IE nº 5/2022; tabela de 2013)";
3109204;40.0;2.0;A3;3;2022-08-01;"INCRA — Índices Básicos (IE nº 5/2022; tabela de 2013)";
3109253;20.0;2.0;A2;2;2022-08-01;"INCRA — Índices Básicos (IE nº 5/2022; tabela de 2013)";
3109402;70.0;2.0;A3;4;2022-08-01;"INCRA — Índices Básicos (IE nº 5/2022; tabela de 2013)";
3109501;28.0;2.0;A3;2;2022-08-01;"INCRA — Índices Básicos (IE nº 5/2022; tabela de 2013)";
3109600;20.0;2.0;A2;3;2022-08-01;"INCRA — Índices Básicos (IE nº 5/2022; tabela de 2013)";
3109709;30.0;2.0;A2;2;2022-08-01;"INCRA — Índices Básicos (IE nº 5/2022; tabela de 2013)";
3102704;65.0;2.0;A3;4;2022-08-01;"INCRA — Índices Básicos (IE nº 5/2022; tabela de 2013)";
3109808;30.0;2.0;A2;2;2022-08-01;"INCRA — Índices Básicos (IE nº 5/2022; tabela de 2013)";
3109907;20.0;2.0;A2;3;2022-08-01;"INCRA — Índices Básicos (IE nº 5/2022; tabela de 2013)";
3110004;7.0;2.0;A1;1;2022-08-01;"INCRA — Índices Básicos (IE nº 5/2022; tabela de 2013)";
3110103;24.0;2.0;A2;2;2022-08-01;"INCRA — Índices Básicos (IE nº 5/2022; tabela de 2013)";
3110202;22.0;2.0;A3;2;2022-08-01;"INCRA — Índices Básicos (IE nº 5/2022; tabela de 2013)";
3110301;26.0;2.0;A2;2;2022-08-01;"INCRA — Índices Básicos (IE nº 5/2022; tabela de 2013)";
3110400;30.0;2.0;A2;3;2022-08-01;"INCRA — Índices Básicos (IE nº 5/2022; tabela de 2013)";
3110509;30.0;2.0;A2;2;2022-08-01;"INCRA — Índices Básicos (IE nº 5/2022; tabela de 2013)";
3110608;30.0;2.0;A2;2;2022-08-01;"INCRA — Índices Básicos (IE nº 5/2022; tabela de 2013)";
3110707;30.0;2.0;A2;2;2022-08-01;"INCRA — Índices Básicos (IE nº 5/2022; tabela de 2013)";
3110806;30.0;2.0;A2;3;2022-08-01;"INCRA — Índices Básicos (IE nº 5/2022; tabela de 2013)";
3110905;30.0;2.0;A2;2;2022-08-01;"INCRA — Índices Básicos (IE nº 5/2022; tabela de 2013)";
3111002;26.0;2.0;A2;2;2022-08-01;"INCRA — Índices Básicos (IE nº 5/2022; tabela de 2013)";
3111101;30.0;2.0;A2;2;2022-08-01;"INCRA — Índices Básicos (IE nº 5/2022; tabela de 2013)";
3111150;50.0;2.0;A2;4;2022-08-01;"INCRA — Índices Básicos (IE nº 5/2022; tabela de 2013)";
3111200;30.0;2.0;A3;3;2022-08-01;"INCRA — Índices Básicos (IE nº 5/2022; tabela de 2013)";
3111309;26.0;2.0;A3;3;2022-08-01;"INCRA — Índices Básicos (IE nº 5/2022; tabela de 2013)";
3111408;24.0;2.0;A2;2;2022-08-01;"INCRA — Índices Básicos (IE nº 5/2022; tabela de 2013)";
3111507;35.0;2.0;A2;3;2022-08-01;"INCRA — Índices Básicos (IE nº 5/2022; tabela de 2013)";
3111606;26.0;2.0;A3;3;2022-08-01;"INCRA — Índices Básicos (IE nº 5/2022; tabela de 2013)";
3111903;30.0;2.0;A2;3;2022-08-01;"INCRA — Índices Básicos (IE nº 5/2022; tabela de 2013)";
3111705;28.0;2.0;A3;2;2022-08-01;"INCRA — Índices Básicos (IE nº 5/2022; tabela de 2013)";
3111804;30.0;2.0;A2;2;2022-08-01;"INCRA — Índices Básicos (IE nº 5/2022; tabela de 2013)";
3112000;30.0;2.0;A3;3;2022-08-01;"INCRA — Índices Básicos (IE nº 5/2022; tabela de 2013)";
3112059;24.0;2.0;A3;3;2022-08-01;"INCRA — Índices Básicos (IE nº 5/2022; tabela de 2013)";
3112109;24.0;2.0;A3;2;2022-08-01;"INCRA — Índices Básicos (IE nº 5/2022; tabela de 2013)";
3112208;30.0;2.0;A2;2;2022-08-01;"INCRA — Índices Básicos (IE nº 5/2022; tabela de 2013)";
3112307;40.0;2.0;A3;3;2022-08-01;"INCRA — Índices Básicos (IE nº 5/2022; tabela de 2013)";
3112406;28.0;2.0;A2;2;2022-08-01;"INCRA — Índices Básicos (IE nº 5/2022; tabela de 2013)";
3112505;7.0;2.0;A2;1;2022-08-01;"INCRA — Índices Básicos (IE nº 5/2022; tabela de 2013)";
3112604;30.0;2.0;A2;2;2022-08-01;"INCRA — Índices Básicos (IE nº 5/2022; tabela de 2013)";
3112653;30.0;2.0;A2;2;2022-08-01;"INCRA — Índices Básicos (IE nº 5/2022; tabela de 2013)";
3112703;50.0;2.0;A2;4;2022-08-01;"INCRA — Índices Básicos (IE nº 5/2022; tabela de 2013)";
3112802;26.0;2.0;A3;3;2022-08-01;"INCRA — Índices Básicos (IE nº 5/2022; tabela de 2013)";
3112901;24.0;2.0;A3;2;2022-08-01;"INCRA — Índices Básicos (IE nº 5/2022; tabela de 2013)";
3113008;65.0;2.0;A2;4;2022-08-01;"INCRA — Índices Básicos (IE nº 5/2022; tabela de 2013)";
3113107;30.0;2.0;A2;2;2022-08-01;"INCRA — Índices Básicos (IE nº 5/2022; tabela de 2013)";
3113206;22.0;2.0;A2;2;2022-08-01;"INCRA — Índices Básicos (IE nº 5/2022; tabela de 2013)";
3113305;28.0;2.0;A2;2;2022-08-01;"INCRA — Índices Básicos (IE nº 5/2022; tabela de 2013)";
3113404;20.0;2.0;A2;2;2022-08-01;"INCRA — Índices Básicos (IE nº 5/2022; tabela de 2013)";
3113503;40.0;2.0;A3;3;2022-08-01;"INCRA — Índices Básicos (IE nº 5/2022; tabela de 2013)";
3113602;30.0;2.0;A2;2;2022-08-01;"INCRA — Índices Básicos (IE nº 5/2022; tabela de 2013)";
3113701;50.0;2.0;A2;3;2022-08-01;"INCRA — Índices Básicos (IE nº 5/2022; tabela de 2013)";
3113800;30.0;2.0;A2;3;2022-08-01;"INCRA — Índices Básicos (IE nº 5/2022; tabela de 2013)";
3113909;30.0;2.0;A2;2;2022-08-01;"INCRA — Índices Básicos (IE nº 5/2022; tabela de 2013)";
3114006;30.0;2.0;A2;3;2022-08-01;"INCRA — Índices Básicos (IE nº 5/2022; tabela de 2013)";
3114105;30.0;2.0;A3;2;2022-08-01;"INCRA — Índices Básicos (IE nº 5/2022; tabela de 2013)";
3114204;20.0;2.0;A2;2;2022-08-01;"INCRA — Índices Básicos (IE nº 5/2022; tabela de 2013)";
3114303;40.0;2.0;A2;3;2022-08-01;"INCRA — Índices Básicos (IE nº 5/2022; tabela de 2013)";
3114402;26.0;2.0;A2;3;2022-08-01;"INCRA — Índices Básicos (IE nº 5/2022; tabela de 2013)";
3114501;30.0;2.0;A3;3;2022-08-01;"INCRA — Índices Básicos (IE nº 5/2022; tabela de 2013)";
3114550;30.0;2.0;A3;2;2022-08-01;"INCRA — Índices Básicos (IE nº 5/2022; tabela de 2013)";
3114600;30.0;2.0;A2;2;2022-08-01;"INCRA — Índices Básicos (IE nº 5/2022; tabela de 2013)";
3114709;30.0;2.0;A3;2;2022-08-01;"INCRA — Índices Básicos (IE nº 5/2022; tabela de 2013)";
3114808;30.0;2.0;A3;2;2022-08-01;"INCRA — Índices Básicos (IE nº 5/2022; tabela de 2013)";
3114907;20.0;2.0;A2;2;2022-08-01;"INCRA — Índices Básicos (IE nº 5/2022; tabela de 2013)";
3115003;40.0;2.0;A2;3;2022-08-01;"INCRA — Índices Básicos (IE nº 5/2022; tabela de 2013)";
3115102;26.0;2.0;A2;3;2022-08-01;"INCRA — Índices Básicos (IE nº 5/2022; tabela de 2013)";
3115300;30.0;2.0;A2;2;2022-08-01;"INCRA — Índices Básicos (IE nº 5/2022; tabela de 2013)";
3115359;20.0;2.0;A2;2;2022-08-01;"INCRA — Índices Básicos (IE nº 5/2022; tabela de 2013)";
3115409;20.0;2.0;A2;2;2022-08-01;"INCRA — Índices Básicos (IE nº 5/2022; tabela de 2013)";
3115458;40.0;2.0;A2;3;2022-08-01;"INCRA — Índices Básicos (IE nº 5/2022; tabela de 2013)";
3115474;65.0;2.0;A3;4;2022-08-01;"INCRA — Índices Básicos (IE nº 5/2022; tabela de 2013)";
3115508;30.0;2.0;A3;2;2022-08-01;"INCRA — Índices Básicos (IE nº 5/2022; tabela de 2013)";
3115607;40.0;2.0;A3;3;2022-08-01;"INCRA — Índices Básicos (IE nº 5/2022; tabela de 2013)";
3115706;30.0;2.0;A3;2;2022-08-01;"INCRA — Índices Básicos (IE nº 5/2022; tabela de 2013)";
3115805;20.0;2.0;A2;2;2022-08-01;"INCRA — Índices Básicos (IE nº 5/2022; tabela de 2013)";
3115904;24.0;2.0;A2;2;2022-08-01;"INCRA — Índices Básicos (IE nº 5/2022; tabela de 2013)";
3116001;24.0;2.0;A3;2;2022-08-01;"INCRA — Índices Básicos (IE nº 5/2022; tabela de 2013)";
3116100;40.0;2.0;A3;3;2022-08-01;"INCRA — Índices Básicos (IE nº 5/2022; tabela de 2013)";
3116159;65.0;2.0;A3;4;2022-08-01;"INCRA — Índices Básicos (IE nº 5/2022; tabela de 2013)";
3116209;24.0;2.0;A2;2;2022-08-01;"INCRA — Índices Básicos (IE nº 5/2022; tabela de 2013)";
3116308;22.0;2.0;A2;2;2022-08-01;"INCRA — Índices Básicos (IE nº 5/2022; tabela de 2013)";
3116407;28.0;2.0;A2;2;2022-08-01;"INCRA — Índices Básicos (IE nº 5/2022; tabela de 2013)";
3116506;50.0;2.0;A2;4;2022-08-01;"INCRA — Índices Básicos (IE nº 5/2022; tabela de 2013)";
3116605;30.0;2.0;A2;3;2022-08-01;"INCRA — Índices Básicos (IE nº 5/2022; tabela de 2013)";
3116704;28.0;2.0;A3;2;2022-08-01;"INCRA — Índices Básicos (IE nº 5/2022; tabela de 2013)";
3116803;30.0;2.0;A3;3;2022-08-01;"INCRA — Índices Básicos (IE nº 5/2022; tabela de 2013)";
3116902;30.0;2.0;A3;2;2022-08-01;"INCRA — Índices Básicos (IE nº 5/2022; tabela de 2013)";
3117009;65.0;2.0;A3;4;2022-08-01;"INCRA — Índices Básicos (IE nº 5/2022; tabela de 2013)";
3117108;26.0;2.0;A3;3;2022-08-01;"INCRA — Índices Básicos (IE nº 5/2022; tabela de 2013)";
3115201;30.0;2.0;A2;2;2022-08-01;"INCRA — Índices Básicos (IE nº 5/2022; tabela de 2013)";
3117306;24.0;2.0;A2;2;2022-08-01;"INCRA — Índices Básicos (IE nº 5/2022; tabela de 2013)";
3117207;30.0;2.0;A2;2;2022-08-01;"INCRA — Índices Básicos (IE nº 5/2022; tabela de 2013)";
3117405;30.0;2.0;A3;2;2022-08-01;"INCRA — Índices Básicos (IE nº 5/2022; tabela de 2013)";
3117504;20.0;2.0;A2;2;2022-08-01;"INCRA — Índices Básicos (IE nº 5/2022; tabela de 2013)";
3117603;35.0;2.0;A2;3;2022-08-01;"INCRA — Índices Básicos (IE nº 5/2022; tabela de 2013)";
3117702;30.0;2.0;A3;2;2022-08-01;"INCRA — Índices Básicos (IE nº 5/2022; tabela de 2013)";
3117801;30.0;2.0;A2;2;2022-08-01;"INCRA — Índices Básicos (IE nº 5/2022; tabela de 2013)";
3117836;65.0;2.0;A3;4;2022-08-01;"INCRA — Índices Básicos (IE nº 5/2022; tabela de 2013)";
3117876;7.0;2.0;A1;1;2022-08-01;"INCRA — Índices Básicos (IE nº 5/2022; tabela de 2013)";
3117900;30.0;2.0;A2;2;2022-08-01;"INCRA — Índices Básicos (IE nº 5/2022; tabela de 2013)";
3118007;20.0;2.0;A2;2;2022-08-01;"INCRA — Índices Básicos (IE nº 5/2022; tabela de 2013)";
3118106;20.0;2.0;A2;2;2022-08-01;"INCRA — Índices Básicos (IE nº 5/2022; tabela de 2013)";
3118205;24.0;2.0;A2;2;2022-08-01;"INCRA — Índices Básicos (IE nº 5/2022; tabela de 2013)";
3118304;20.0;2.0;A2;2;2022-08-01;"INCRA — Índices Básicos (IE nº 5/2022; tabela de 2013)";
3118403;30.0;2.0;A2;2;2022-08-01;"INCRA — Índices Básicos (IE nº 5/2022; tabela de 2013)";
3118502;30.0;2.0;A2;2;2022-08-01;"INCRA — Índices Básicos (IE nº 5/2022; tabela de 2013)";
3118601;7.0;2.0;A1;1;2022-08-01;"INCRA — Índices Básicos (IE nº 5/2022; tabela de 2013)";
3118700;26.0;2.0;A2;3;2022-08-01;"INCRA — Índices Básicos (IE nº 5/2022; tabela de 2013)";
3118809;50.0;2.0;A2;4;2022-08-01;"INCRA — Índices Básicos (IE nº 5/2022; tabela de 2013)";
3118908;20.0;2.0;A2;3;2022-08-01;"INCRA — Índices Básicos (IE nº 5/2022; tabela de 2013)";
3119005;30.0;2.0;A2;2;2022-08-01;"INCRA — Índices Básicos (IE nº 5/2022; tabela de 2013)";
3119104;50.0;2.0;A3;3;2022-08-01;"INCRA — Índices Básicos (IE nº 5/2022; tabela de 2013)";
3119203;24.0;2.0;A2;3;2022-08-01;"INCRA — Índices Básicos (IE nº 5/2022; tabela de 2013)";
3119302;40.0;2.0;A3;3;2022-08-01;"INCRA — Índices Básicos (IE nº 5/2022; tabela de 2013)";
3119401;20.0;2.0;A2;2;2022-08-01;"INCRA — Índices Básicos (IE nº 5/2022; tabela de 2013)";
3119500;65.0;2.0;A3;4;2022-08-01;"INCRA — Índices Básicos (IE nº 5/2022; tabela de 2013)";
3119609;24.0;2.0;A2;2;2022-08-01;"INCRA — Índices Básicos (IE nº 5/2022; tabela de 2013)";
3119708;22.0;2.0;A2;2;2022-08-01;"INCRA — Índices Básicos (IE nº 5/2022; tabela de 2013)";
3119807;35.0;2.0;A3;3;2022-08-01;"INCRA — Índices Básicos (IE nº 5/2022; tabela de 2013)";
3119906;30.0;2.0;A2;2;2022-08-01;"INCRA — Índices Básicos (IE nº 5/2022; tabela de 2013)";
3119955;30.0;2.0;A3;3;2022-08-01;"INCRA — Índices Básicos (IE nº 5/2022; tabela de 2013)";
3120003;20.0;2.0;A2;2;2022-08-01;"INCRA — Índices Básicos (IE nº 5/2022; tabela de 2013)";
3120102;40.0;2.0;A3;3;2022-08-01;"INCRA — Índices Básicos (IE nº 5/2022; tabela de 2013)";
3120151;60.0;2.0;A3;3;2022-08-01;"INCRA — Índices Básicos (IE nº 5/2022; tabela de 2013)";
3120201;30.0;2.0;A3;3;2022-08-01;"INCRA — Índices Básicos (IE nº 5/2022; tabela de 2013)";
3120300;50.0;2.0;A2;4;2022-08-01;"INCRA — Índices Básicos (IE nº 5/2022; tabela de 2013)";
3120409;20.0;2.0;A2;2;2022-08-01;"INCRA — Índices Básicos (IE nº 5/2022; tabela de 2013)";
3120508;30.0;2.0;A3;2;2022-08-01;"INCRA — Índices Básicos (IE nº 5/2022; tabela de 2013)";
3120607;20.0;2.0;A3;2;2022-08-01;"INCRA — Índices Básicos (IE nº 5/2022; tabela de 2013)";
3120706;40.0;2.0;A3;3;2022-08-01;"INCRA — Índices Básicos (IE nº 5/2022; tabela de 2013)";
3120805;30.0;2.0;A3;2;2022-08-01;"INCRA — Índices Básicos (IE nº 5/2022; tabela de 2013)";
3120839;30.0;2.0;A3;2;2022-08-01;"INCRA — Índices Básicos (IE nº 5/2022; tabela de 2013)";
3120870;65.0;2.0;A3;4;2022-08-01;"INCRA — Índices Básicos (IE nº 5/2022; tabela de 2013)";
3120904;40.0;2.0;A3;3;2022-08-01;"INCRA — Índices Básicos (IE nº 5/2022; tabela de 2013)";
3121001;40.0;2.0;A3;3;2022-08-01;"INCRA — Índices Básicos (IE nº 5/2022; tabela de 2013)";
3121100;30.0;2.0;A2;2;2022-08-01;"INCRA — Índices Básicos (IE nº 5/2022; tabela de 2013)";
3121209;26.0;2.0;A2;3;2022-08-01;"INCRA — Índices Básicos (IE nº 5/2022; tabela de 2013)";
3121258;24.0;2.0;A2;2;2022-08-01;"INCRA — Índices Básicos (IE nº 5/2022; tabela de 2013)";
3121308;24.0;2.0;A2;2;2022-08-01;"INCRA — Índices Básicos (IE nº 5/2022; tabela de 2013)";
3121407;30.0;2.0;A2;2;2022-08-01;"INCRA — Índices Básicos (IE nº 5/2022; tabela de 2013)";
3121506;22.0;2.0;A2;2;2022-08-01;"INCRA — Índices Básicos (IE nº 5/2022; tabela de 2013)";
3121605;40.0;2.0;A3;3;2022-08-01;"INCRA — Índices Básicos (IE nº 5/2022; tabela de 2013)";
3121704;26.0;2.0;A3;2;2022-08-01;"INCRA — Índices Básicos (IE nº 5/2022; tabela de 2013)";
3121803;20.0;2.0;A2;2;2022-08-01;"INCRA — Índices Básicos (IE nº 5/2022; tabela de 2013)";
3121902;30.0;2.0;A2;2;2022-08-01;"INCRA — Índices Básicos (IE nº 5/2022; tabela de 2013)";
3122009;24.0;2.0;A2;2;2022-08-01;"INCRA — Índices Básicos (IE nº 5/2022; tabela de 2013)";
3122108;30.0;2.0;A2;2;2022-08-01;"INCRA — Índices Básicos (IE nº 5/2022; tabela de 2013)";
3122207;24.0;2.0;A3;3;2022-08-01;"INCRA — Índices Básicos (IE nº 5/2022; tabela de 2013)";
3122306;20.0;2.0;A2;2;2022-08-01;"INCRA — Índices Básicos (IE nº 5/2022; tabela de 2013)";
3122355;65.0;2.0;A3;4;2022-08-01;"INCRA — Índices Básicos (IE nº 5/2022; tabela de 2013)";
3122405;26.0;2.0;A3;3;2022-08-01;"INCRA — Índices Básicos (IE nº 5/2022; tabela de 2013)";
3122454;60.0;2.0;A3;3;2022-08-01;"INCRA — Índices Básicos (IE nº 5/2022; tabela de 2013)";
3122470;50.0;2.0;A3;4;2022-08-01;"INCRA — Índices Básicos (IE nº 5/2022; tabela de 2013)";
3122504;20.0;2.0;A2;2;2022-08-01;"INCRA — Índices Básicos (IE nº 5/2022; tabela de 2013)";
3122603;30.0;2.0;A3;3;2022-08-01;"INCRA — Índices Básicos (IE nº 5/2022; tabela de 2013)";
3122702;26.0;2.0;A3;2;2022-08-01;"INCRA — Índices Básicos (IE nº 5/2022; tabela de 2013)";
3122801;30.0;2.0;A3;2;2022-08-01;"INCRA — Índices Básicos (IE nº 5/2022; tabela de 2013)";
3122900;30.0;2.0;A2;2;2022-08-01;"INCRA — Índices Básicos (IE nº 5/2022; tabela de 2013)";
3123007;30.0;2.0;A2;2;2022-08-01;"INCRA — Índices Básicos (IE nº 5/2022; tabela de 2013)";
3123106;30.0;2.0;A3;3;2022-08-01;"INCRA — Índices Básicos (IE nº 5/2022; tabela de 2013)";
3123205;35.0;2.0;A3;3;2022-08-01;"INCRA — Índices Básicos (IE nº 5/2022; tabela de 2013)";
3123304;28.0;2.0;A2;2;2022-08-01;"INCRA — Índices Básicos (IE nº 5/2022; tabela de 2013)";
3123403;35.0;2.0;A3;3;2022-08-01;"INCRA — Índices Básicos (IE nº 5/2022; tabela de 2013)";
3123502;40.0;2.0;A3;3;2022-08-01;"INCRA — Índices Básicos (IE nº 5/2022; tabela de 2013)";
3123528;24.0;2.0;A3;2;2022-08-01;"INCRA — Índices Básicos (IE nº 5/2022; tabela de 2013)";
3123601;26.0;2.0;A2;3;2022-08-01;"INCRA — Índices Básicos (IE nº 5/2022; tabela de 2013)";
3123700;20.0;2.0;A2;2;2022-08-01;"INCRA — Índices Básicos (IE nº 5/2022; tabela de 2013)";
3123809;40.0;2.0;A2;4;2022-08-01;"INCRA — Índices Básicos (IE nº 5/2022; tabela de 2013)";
3123858;20.0;2.0;A2;2;2022-08-01;"INCRA — Índices Básicos (IE nº 5/2022; tabela de 2013)";
3123908;30.0;2.0;A2;2;2022-08-01;"INCRA — Índices Básicos (IE nº 5/2022; tabela de 2013)";
3124005;28.0;2.0;A3;2;2022-08-01;"INCRA — Índices Básicos (IE nº 5/2022; tabela de 2013)";
3124104;7.0;2.0;A1;1;2022-08-01;"INCRA — Índices Básicos (IE nº 5/2022; tabela de 2013)";
3124203;24.0;2.0;A2;2;2022-08-01;"INCRA — Índices Básicos (IE nº 5/2022; tabela de 2013)";
3124302;65.0;2.0;A3;4;2022-08-01;"INCRA — Índices Básicos (IE nº 5/2022; tabela de 2013)";
3124401;30.0;2.0;A2;2;2022-08-01;"INCRA — Índices Básicos (IE nº 5/2022; tabela de 2013)";
3124500;30.0;2.0;A2;2;2022-08-01;"INCRA — Índices Básicos (IE nº 5/2022; tabela de 2013)";
3124609;30.0;2.0;A2;2;2022-08-01;"INCRA — Índices Básicos (IE nº 5/2022; tabela de 2013)";
3124708;35.0;2.0;A3;3;2022-08-01;"INCRA — Índices Básicos (IE nº 5/2022; tabela de 2013)";
3124807;40.0;2.0;A3;3;2022-08-01;"INCRA — Índices Básicos (IE nº 5/2022; tabela de 2013)";
3124906;28.0;2.0;A2;2;2022-08-01;"INCRA — Índices Básicos (IE nº 5/2022; tabela de 2013)";
3125002;24.0;2.0;A2;2;2022-08-01;"INCRA — Índices Básicos (IE nº 5/2022; tabela de 2013)";
3125101;30.0;2.0;A2;2;2022-08-01;"INCRA — Índices Básicos (IE nº 5/2022; tabela de 2013)";
3125200;26.0;2.0;A3;3;2022-08-01;"INCRA — Índices Básicos (IE nº 5/2022; tabela de 2013)";
3125309;28.0;2.0;A2;2;2022-08-01;"INCRA — Índices Básicos (IE nº 5/2022; tabela de 2013)";
3125408;40.0;2.0;A3;3;2022-08-01;"INCRA — Índices Básicos (IE nº 5/2022; tabela de 2013)";
3125606;60.0;2.0;A3;3;2022-08-01;"INCRA — Índices Básicos (IE nº 5/2022; tabela de 2013)";
3125705;40.0;2.0;A3;3;2022-08-01;"INCRA — Índices Básicos (IE nº 5/2022; tabela de 2013)";
3125804;20.0;2.0;A2;2;2022-08-01;"INCRA — Índices Básicos (IE nº 5/2022; tabela de 2013)";
3125903;20.0;2.0;A2;2;2022-08-01;"INCRA — Índices Básicos (IE nº 5/2022; tabela de 2013)";
3125952;28.0;2.0;A2;2;2022-08-01;"INCRA — Índices Básicos (IE nº 5/2022; tabela de 2013)";
3126000;20.0;2.0;A1;2;2022-08-01;"INCRA — Índices Básicos (IE nº 5/2022; tabela de 2013)";
3126109;30.0;2.0;A3;3;2022-08-01;"INCRA — Índices Básicos (IE nº 5/2022; tabela de 2013)";
3126307;28.0;2.0;A2;2;2022-08-01;"INCRA — Índices Básicos (IE nº 5/2022; tabela de 2013)";
3126406;20.0;2.0;A2;3;2022-08-01;"INCRA — Índices Básicos (IE nº 5/2022; tabela de 2013)";
3126505;40.0;2.0;A3;3;2022-08-01;"INCRA — Índices Básicos (IE nº 5/2022; tabela de 2013)";
3126604;40.0;2.0;A2;4;2022-08-01;"INCRA — Índices Básicos (IE nº 5/2022; tabela de 2013)";
3126703;50.0;2.0;A2;4;2022-08-01;"INCRA — Índices Básicos (IE nº 5/2022; tabela de 2013)";
3126752;40.0;2.0;A2;3;2022-08-01;"INCRA — Índices Básicos (IE nº 5/2022; tabela de 2013)";
3126802;40.0;2.0;A2;3;2022-08-01;"INCRA — Índices Básicos (IE nº 5/2022; tabela de 2013)";
3126901;30.0;2.0;A2;3;2022-08-01;"INCRA — Índices Básicos (IE nº 5/2022; tabela de 2013)";
3126950;30.0;2.0;A3;3;2022-08-01;"INCRA — Índices Básicos (IE nº 5/2022; tabela de 2013)";
3127008;30.0;2.0;A3;2;2022-08-01;"INCRA — Índices Básicos (IE nº 5/2022; tabela de 2013)";
3127057;50.0;2.0;A3;3;2022-08-01;"INCRA — Índices Básicos (IE nº 5/2022; tabela de 2013)";
3127073;65.0;2.0;A3;4;2022-08-01;"INCRA — Índices Básicos (IE nº 5/2022; tabela de 2013)";
3127107;30.0;2.0;A3;2;2022-08-01;"INCRA — Índices Básicos (IE nº 5/2022; tabela de 2013)";
3127206;20.0;2.0;A2;3;2022-08-01;"INCRA — Índices Básicos (IE nº 5/2022; tabela de 2013)";
3127305;30.0;2.0;A2;2;2022-08-01;"INCRA — Índices Básicos (IE nº 5/2022; tabela de 2013)";
3127339;65.0;2.0;A3;4;2022-08-01;"INCRA — Índices Básicos (IE nº 5/2022; tabela de 2013)";
3127354;50.0;2.0;A2;4;2022-08-01;"INCRA — Índices Básicos (IE nº 5/2022; tabela de 2013)";
3127370;30.0;2.0;A2;2;2022-08-01;"INCRA — Índices Básicos (IE nº 5/2022; tabela de 2013)";
3127388;30.0;2.0;A2;2;2022-08-01;"INCRA — Índices Básicos (IE nº 5/2022; tabela de 2013)";
3127404;30.0;2.0;A2;2;2022-08-01;"INCRA — Índices Básicos (IE nº 5/2022; tabela de 2013)";
3127503;24.0;2.0;A2;3;2022-08-01;"INCRA — Índices Básicos (IE nº 5/2022; tabela de 2013)";
3127602;40.0;2.0;A3;3;2022-08-01;"INCRA — Índices Básicos (IE nº 5/2022; tabela de 2013)";
3127701;30.0;2.0;A2;3;2022-08-01;"INCRA — Índices Básicos (IE nº 5/2022; tabela de 2013)";
3127800;50.0;2.0;A2;4;2022-08-01;"INCRA — Índices Básicos (IE nº 5/2022; tabela de 2013)";
3127909;40.0;2.0;A3;3;2022-08-01;"INCRA — Índices Básicos (IE nº 5/2022; tabela de 2013)";
3128006;30.0;2.0;A3;3;2022-08-01;"INCRA — Índices Básicos (IE nº 5/2022; tabela de 2013)";
3128105;26.0;2.0;A2;3;2022-08-01;"INCRA — Índices Básicos (IE nº 5/2022; tabela de 2013)";
3128204;22.0;2.0;A3;2;2022-08-01;"INCRA — Índices Básicos (IE nº 5/2022; tabela de 2013)";
3128253;40.0;2.0;A2;4;2022-08-01;"INCRA — Índices Básicos (IE nº 5/2022; tabela de 2013)";
3128303;28.0;2.0;A3;2;2022-08-01;"INCRA — Índices Básicos (IE nº 5/2022; tabela de 2013)";
3128402;30.0;2.0;A2;2;2022-08-01;"INCRA — Índices Básicos (IE nº 5/2022; tabela de 2013)";
3128501;24.0;2.0;A2;2;2022-08-01;"INCRA — Índices Básicos (IE nº 5/2022; tabela de 2013)";
3128600;65.0;2.0;A2;4;2022-08-01;"INCRA — Índices Básicos (IE nº 5/2022; tabela de 2013)";
3128709;28.0;2.0;A3;2;2022-08-01;"INCRA — Índices Básicos (IE nº 5/2022; tabela de 2013)";
3128808;30.0;2.0;A2;2;2022-08-01;"INCRA — Índices Básicos (IE nº 5/2022; tabela de 2013)";
3128907;40.0;2.0;A3;3;2022-08-01;"INCRA — Índices Básicos (IE nº 5/2022; tabela de 2013)";
3129004;30.0;2.0;A2;2;2022-08-01;"INCRA — Índices Básicos (IE nº 5/2022; tabela de 2013)";
3129103;30.0;2.0;A2;2;2022-08-01;"INCRA — Índices Básicos (IE nº 5/2022; tabela de 2013)";
3129202;30.0;2.0;A2;2;2022-08-01;"INCRA — Índices Básicos (IE nº 5/2022; tabela de 2013)";
3129301;20.0;2.0;A2;2;2022-08-01;"INCRA — Índices Básicos (IE nº 5/2022; tabela de 2013)";
3129400;22.0;2.0;A2;2;2022-08-01;"INCRA — Índices Básicos (IE nº 5/2022; tabela de 2013)";
3129509;35.0;2.0;A2;3;2022-08-01;"INCRA — Índices Básicos (IE nº 5/2022; tabela de 2013)";
3129608;50.0;2.0;A3;4;2022-08-01;"INCRA — Índices Básicos (IE nº 5/2022; tabela de 2013)";
3129657;50.0;2.0;A2;4;2022-08-01;"INCRA — Índices Básicos (IE nº 5/2022; tabela de 2013)";
3129707;28.0;2.0;A2;2;2022-08-01;"INCRA — Índices Básicos (IE nº 5/2022; tabela de 2013)";
3129806;7.0;2.0;A1;1;2022-08-01;"INCRA — Índices Básicos (IE nº 5/2022; tabela de 2013)";
3129905;26.0;2.0;A2;2;2022-08-01;"INCRA — Índices Básicos (IE nº 5/2022; tabela de 2013)";
3130002;30.0;2.0;A2;3;2022-08-01;"INCRA — Índices Básicos (IE nº 5/2022; tabela de 2013)";
3130051;65.0;2.0;A3;4;2022-08-01;"INCRA — Índices Básicos (IE nº 5/2022; tabela de 2013)";
3130101;20.0;2.0;A1;2;2022-08-01;"INCRA — Índices Básicos (IE nº 5/2022; tabela de 2013)";
3130200;20.0;2.0;A2;2;2022-08-01;"INCRA — Índices Básicos (IE nº 5/2022; tabela de 2013)";
3130309;35.0;2.0;A3;3;2022-08-01;"INCRA — Índices Básicos (IE nº 5/2022; tabela de 2013)";
3130408;30.0;2.0;A2;2;2022-08-01;"INCRA — Índices Básicos (IE nº 5/2022; tabela de 2013)";
3130507;26.0;2.0;A2;3;2022-08-01;"INCRA — Índices Básicos (IE nº 5/2022; tabela de 2013)";
3130556;20.0;2.0;A2;2;2022-08-01;"INCRA — Índices Básicos (IE nº 5/2022; tabela de 2013)";
3130606;30.0;2.0;A2;2;2022-08-01;"INCRA — Índices Básicos (IE nº 5/2022; tabela de 2013)";
3130655;65.0;2.0;A3;4;2022-08-01;"INCRA — Índices Básicos (IE nº 5/2022; tabela de 2013)";
3130705;40.0;2.0;A2;3;2022-08-01;"INCRA — Índices Básicos (IE nº 5/2022; tabela de 2013)";
3130804;30.0;2.0;A2;2;2022-08-01;"INCRA — Índices Básicos (IE nº 5/2022; tabela de 2013)";
3130903;20.0;2.0;A2;2;2022-08-01;"INCRA — Índices Básicos (IE nº 5/2022; tabela de 2013)";
3131000;20.0;2.0;A2;3;2022-08-01;"INCRA — Índices Básicos (IE nº 5/2022; tabela de 2013)";
3131109;40.0;2.0;A3;3;2022-08-01;"INCRA — Índices Básicos (IE nº 5/2022; tabela de 2013)";
3131158;20.0;2.0;A2;2;2022-08-01;"INCRA — Índices Básicos (IE nº 5/2022; tabela de 2013)";
3131208;30.0;2.0;A3;2;2022-08-01;"INCRA — Índices Básicos (IE nº 5/2022; tabela de 2013)";
3131307;20.0;2.0;A2;2;2022-08-01;"INCRA — Índices Básicos (IE nº 5/2022; tabela de 2013)";
3131406;30.0;2.0;A2;2;2022-08-01;"INCRA — Índices Básicos (IE nº 5/2022; tabela de 2013)";
3131505;26.0;2.0;A2;2;2022-08-01;"INCRA — Índices Básicos (IE nº 5/2022; tabela de 2013)";
3131604;35.0;2.0;A3;3;2022-08-01;"INCRA — Índices Básicos (IE nº 5/2022; tabela de 2013)";
3131703;20.0;2.0;A2;2;2022-08-01;"INCRA — Índices Básicos (IE nº 5/2022; tabela de 2013)";
3131802;30.0;2.0;A3;2;2022-08-01;"INCRA — Índices Básicos (IE nº 5/2022; tabela de 2013)";
3131901;20.0;2.0;A2;2;2022-08-01;"INCRA — Índices Básicos (IE nº 5/2022; tabela de 2013)";
3132008;50.0;2.0;A2;4;2022-08-01;"INCRA — Índices Básicos (IE nº 5/2022; tabela de 2013)";
3132107;65.0;2.0;A3;4;2022-08-01;"INCRA — Índices Básicos (IE nº 5/2022; tabela de 2013)";
3132206;30.0;2.0;A3;3;2022-08-01;"INCRA — Índices Básicos (IE nº 5/2022; tabela de 2013)";
3132305;40.0;2.0;A2;3;2022-08-01;"INCRA — Índices Básicos (IE nº 5/2022; tabela de 2013)";
3132404;30.0;2.0;A2;2;2022-08-01;"INCRA — Índices Básicos (IE nº 5/2022; tabela de 2013)";
3132503;40.0;2.0;A3;3;2022-08-01;"INCRA — Índices Básicos (IE nº 5/2022; tabela de 2013)";
3132602;30.0;2.0;A2;2;2022-08-01;"INCRA — Índices Básicos (IE nº 5/2022; tabela de 2013)";
3132701;30.0;2.0;A2;3;2022-08-01;"INCRA — Índices Básicos (IE nº 5/2022; tabela de 2013)";
3132800;20.0;2.0;A2;2;2022-08-01;"INCRA — Índices Básicos (IE nº 5/2022; tabela de 2013)";
3132909;28.0;2.0;A3;2;2022-08-01;"INCRA — Índices Básicos (IE nº 5/2022; tabela de 2013)";
3133006;30.0;2.0;A3;2;2022-08-01;"INCRA — Índices Básicos (IE nº 5/2022; tabela de 2013)";
3133105;30.0;2.0;A3;2;2022-08-01;"INCRA — Índices Básicos (IE nº 5/2022; tabela de 2013)";
3133204;30.0;2.0;A2;2;2022-08-01;"INCRA — Índices Básicos (IE nº 5/2022; tabela de 2013)";
3133303;65.0;2.0;A2;4;2022-08-01;"INCRA — Índices Básicos (IE nº 5/2022; tabela de 2013)";
3133402;30.0;2.0;A3;2;2022-08-01;"INCRA — Índices Básicos (IE nº 5/2022; tabela de 2013)";
3133501;30.0;2.0;A2;3;2022-08-01;"INCRA — Índices Básicos (IE nº 5/2022; tabela de 2013)";
3133600;30.0;2.0;A2;2;2022-08-01;"INCRA — Índices Básicos (IE nº 5/2022; tabela de 2013)";
3133709;20.0;2.0;A2;2;2022-08-01;"INCRA — Índices Básicos (IE nº 5/2022; tabela de 2013)";
3133758;26.0;2.0;A2;3;2022-08-01;"INCRA — Índices Básicos (IE nº 5/2022; tabela de 2013)";
3133808;20.0;2.0;A2;2;2022-08-01;"INCRA — Índices Básicos (IE nº 5/2022; tabela de 2013)";
3133907;20.0;2.0;A2;2;2022-08-01;"INCRA — Índices Básicos (IE nº 5/2022; tabela de 2013)";
3134004;65.0;2.0;A3;4;2022-08-01;"INCRA — Índices Básicos (IE nº 5/2022; tabela de 2013)";
3134103;30.0;2.0;A3;2;2022-08-01;"INCRA — Índices Básicos (IE nº 5/2022; tabela de 2013)";
3134202;30.0;2.0;A2;2;2022-08-01;"INCRA — Índices Básicos (IE nº 5/2022; tabela de 2013)";
3134301;30.0;2.0;A2;2;2022-08-01;"INCRA — Índices Básicos (IE nº 5/2022; tabela de 2013)";
3134400;30.0;2.0;A3;2;2022-08-01;"INCRA — Índices Básicos (IE nº 5/2022; tabela de 2013)";
3134509;30.0;2.0;A2;2;2022-08-01;"INCRA — Índices Básicos (IE nº 5/2022; tabela de 2013)";
3134608;20.0;2.0;A1;3;2022-08-01;"INCRA — Índices Básicos (IE nº 5/2022; tabela de 2013)";
3134707;60.0;2.0;A3;3;2022-08-01;"INCRA — Índices Básicos (IE nº 5/2022; tabela de 2013)";
3134806;28.0;2.0;A3;2;2022-08-01;"INCRA — Índices Básicos (IE nº 5/2022; tabela de 2013)";
3134905;30.0;2.0;A2;2;2022-08-01;"INCRA — Índices Básicos (IE nº 5/2022; tabela de 2013)";
3135001;20.0;2.0;A2;2;2022-08-01;"INCRA — Índices Básicos (IE nº 5/2022; tabela de 2013)";
3135050;65.0;2.0;A3;4;2022-08-01;"INCRA — Índices Básicos (IE nº 5/2022; tabela de 2013)";
3135076;30.0;2.0;A2;3;2022-08-01;"INCRA — Índices Básicos (IE nº 5/2022; tabela de 2013)";
3135100;50.0;2.0;A3;4;2022-08-01;"INCRA — Índices Básicos (IE nº 5/2022; tabela de 2013)";
3135209;65.0;2.0;A3;4;2022-08-01;"INCRA — Índices Básicos (IE nº 5/2022; tabela de 2013)";
3135308;35.0;2.0;A2;3;2022-08-01;"INCRA — Índices Básicos (IE nº 5/2022; tabela de 2013)";
3135357;50.0;2.0;A2;4;2022-08-01;"INCRA — Índices Básicos (IE nº 5/2022; tabela de 2013)";
3135407;20.0;2.0;A2;2;2022-08-01;"INCRA — Índices Básicos (IE nº 5/2022; tabela de 2013)";
3135456;40.0;2.0;A3;3;2022-08-01;"INCRA — Índices Básicos (IE nº 5/2022; tabela de 2013)";
3135506;26.0;2.0;A3;2;2022-08-01;"INCRA — Índices Básicos (IE nº 5/2022; tabela de 2013)";
3135605;50.0;2.0;A2;4;2022-08-01;"INCRA — Índices Básicos (IE nº 5/2022; tabela de 2013)";
3135704;20.0;2.0;A2;3;2022-08-01;"INCRA — Índices Básicos (IE nº 5/2022; tabela de 2013)";
3135803;60.0;2.0;A3;3;2022-08-01;"INCRA — Índices Básicos (IE nº 5/2022; tabela de 2013)";
3135902;30.0;2.0;A3;2;2022-08-01;"INCRA — Índices Básicos (IE nº 5/2022; tabela de 2013)";
3136009;60.0;2.0;A3;3;2022-08-01;"INCRA — Índices Básicos (IE nº 5/2022; tabela de 2013)";
3136108;30.0;2.0;A2;3;2022-08-01;"INCRA — Índices Básicos (IE nº 5/2022; tabela de 2013)";
3136207;20.0;2.0;A2;2;2022-08-01;"INCRA — Índices Básicos (IE nº 5/2022; tabela de 2013)";
3136306;65.0;2.0;A2;4;2022-08-01;"INCRA — Índices Básicos (IE nº 5/2022; tabela de 2013)";
3136405;40.0;2.0;A2;3;2022-08-01;"INCRA — Índices Básicos (IE nº 5/2022; tabela de 2013)";
3136504;60.0;2.0;A3;3;2022-08-01;"INCRA — Índices Básicos (IE nº 5/2022; tabela de 2013)";
3136520;40.0;2.0;A3;3;2022-08-01;"INCRA — Índices Básicos (IE nº 5/2022; tabela de 2013)";
3136553;30.0;2.0;A3;3;2022-08-01;"INCRA — Índices Básicos (IE nº 5/2022; tabela de 2013)";
3136579;50.0;2.0;A2;4;2022-08-01;"INCRA — Índices Básicos (IE nº 5/2022; tabela de 2013)";
3136652;20.0;2.0;A1;2;2022-08-01;"INCRA — Índices Básicos (IE nº 5/2022; tabela de 2013)";
3136702;24.0;2.0;A2;2;2022-08-01;"INCRA — Índices Básicos (IE nº 5/2022; tabela de 2013)";
3136801;50.0;2.0;A2;4;2022-08-01;"INCRA — Índices Básicos (IE nº 5/2022; tabela de 2013)";
3136900;28.0;2.0;A3;2;2022-08-01;"INCRA — Índices Básicos (IE nº 5/2022; tabela de 2013)";
3136959;65.0;2.0;A3;4;2022-08-01;"INCRA — Índices Básicos (IE nº 5/2022; tabela de 2013)";
3137007;40.0;2.0;A2;3;2022-08-01;"INCRA — Índices Básicos (IE nº 5/2022; tabela de 2013)";
3137106;65.0;2.0;A2;4;2022-08-01;"INCRA — Índices Básicos (IE nº 5/2022; tabela de 2013)";
3137205;35.0;2.0;A2;3;2022-08-01;"INCRA — Índices Básicos (IE nº 5/2022; tabela de 2013)";
3137304;50.0;2.0;A2;4;2022-08-01;"INCRA — Índices Básicos (IE nº 5/2022; tabela de 2013)";
3137403;30.0;2.0;A2;2;2022-08-01;"INCRA — Índices Básicos (IE nº 5/2022; tabela de 2013)";
3137502;40.0;2.0;A2;3;2022-08-01;"INCRA — Índices Básicos (IE nº 5/2022; tabela de 2013)";
3137536;65.0;2.0;A2;4;2022-08-01;"INCRA — Índices Básicos (IE nº 5/2022; tabela de 2013)";
3137601;7.0;2.0;A1;1;2022-08-01;"INCRA — Índices Básicos (IE nº 5/2022; tabela de 2013)";
3137700;24.0;2.0;A3;2;2022-08-01;"INCRA — Índices Básicos (IE nº 5/2022; tabela de 2013)";
3137809;30.0;2.0;A3;2;2022-08-01;"INCRA — Índices Básicos (IE nº 5/2022; tabela de 2013)";
3137908;28.0;2.0;A2;2;2022-08-01;"INCRA — Índices Básicos (IE nº 5/2022; tabela de 2013)";
3138005;30.0;2.0;A2;2;2022-08-01;"INCRA — Índices Básicos (IE nº 5/2022; tabela de 2013)";
3138104;50.0;2.0;A3;3;2022-08-01;"INCRA — Índices Básicos (IE nº 5/2022; tabela de 2013)";
3138203;30.0;2.0;A2;2;2022-08-01;"INCRA — Índices Básicos (IE nº 5/2022; tabela de 2013)";
3138302;35.0;2.0;A2;3;2022-08-01;"INCRA — Índices Básicos (IE nº 5/2022; tabela de 2013)";
3138351;40.0;2.0;A3;3;2022-08-01;"INCRA — Índices Básicos (IE nº 5/2022; tabela de 2013)";
3138401;30.0;2.0;A2;2;2022-08-01;"INCRA — Índices Básicos (IE nº 5/2022; tabela de 2013)";
3138500;30.0;2.0;A2;2;2022-08-01;"INCRA — Índices Básicos (IE nº 5/2022; tabela de 2013)";
3138609;24.0;2.0;A2;2;2022-08-01;"INCRA — Índices Básicos (IE nº 5/2022; tabela de 2013)";
3138625;30.0;2.0;A3;2;2022-08-01;"INCRA — Índices Básicos (IE nº 5/2022; tabela de 2013)";
3138658;50.0;2.0;A2;4;2022-08-01;"INCRA — Índices Básicos (IE nº 5/2022; tabela de 2013)";
3138674;24.0;2.0;A3;2;2022-08-01;"INCRA — Índices Básicos (IE nº 5/2022; tabela de 2013)";
3138682;50.0;2.0;A2;4;2022-08-01;"INCRA — Índices Básicos (IE nº 5/2022; tabela de 2013)";
3138708;30.0;2.0;A2;2;2022-08-01;"INCRA — Índices Básicos (IE nº 5/2022; tabela de 2013)";
3138807;35.0;2.0;A3;3;2022-08-01;"INCRA — Índices Básicos (IE nº 5/2022; tabela de 2013)";
3138906;60.0;2.0;A3;3;2022-08-01;"INCRA — Índices Básicos (IE nº 5/2022; tabela de 2013)";
3139003;26.0;2.0;A3;3;2022-08-01;"INCRA — Índices Básicos (IE nº 5/2022; tabela de 2013)";
3139102;30.0;2.0;A2;2;2022-08-01;"INCRA — Índices Básicos (IE nº 5/2022; tabela de 2013)";
3139201;40.0;2.0;A2;3;2022-08-01;"INCRA — Índices Básicos (IE nº 5/2022; tabela de 2013)";
3139250;65.0;2.0;A3;4;2022-08-01;"INCRA — Índices Básicos (IE nº 5/2022; tabela de 2013)";
3139300;65.0;2.0;A3;4;2022-08-01;"INCRA — Índices Básicos (IE nº 5/2022; tabela de 2013)";
3139409;24.0;2.0;A3;2;2022-08-01;"INCRA — Índices Básicos (IE nº 5/2022; tabela de 2013)";
3139508;24.0;2.0;A3;2;2022-08-01;"INCRA — Índices Básicos (IE nº 5/2022; tabela de 2013)";
3139607;30.0;2.0;A3;2;2022-08-01;"INCRA — Índices Básicos (IE nº 5/2022; tabela de 2013)";
3139805;24.0;2.0;A2;2;2022-08-01;"INCRA — Índices Básicos (IE nº 5/2022; tabela de 2013)";
3139706;20.0;2.0;A2;3;2022-08-01;"INCRA — Índices Básicos (IE nº 5/2022; tabela de 2013)";
3139904;30.0;2.0;A2;2;2022-08-01;"INCRA — Índices Básicos (IE nº 5/2022; tabela de 2013)";
3140001;20.0;2.0;A2;2;2022-08-01;"INCRA — Índices Básicos (IE nº 5/2022; tabela de 2013)";
3140100;24.0;2.0;A2;3;2022-08-01;"INCRA — Índices Básicos (IE nº 5/2022; tabela de 2013)";
3140159;7.0;2.0;A1;1;2022-08-01;"INCRA — Índices Básicos (IE nº 5/2022; tabela de 2013)";
3140209;24.0;2.0;A2;2;2022-08-01;"INCRA — Índices Básicos (IE nº 5/2022; tabela de 2013)";
3140308;20.0;2.0;A2;2;2022-08-01;"INCRA — Índices Básicos (IE nº 5/2022; tabela de 2013)";
3140407;30.0;2.0;A2;2;2022-08-01;"INCRA — Índices Básicos (IE nº 5/2022; tabela de 2013)";
3140506;40.0;2.0;A3;3;2022-08-01;"INCRA — Índices Básicos (IE nº 5/2022; tabela de 2013)";
3140530;24.0;2.0;A3;2;2022-08-01;"INCRA — Índices Básicos (IE nº 5/2022; tabela de 2013)";
3140555;60.0;2.0;A3;3;2022-08-01;"INCRA — Índices Básicos (IE nº 5/2022; tabela de 2013)";
3140605;24.0;2.0;A3;3;2022-08-01;"INCRA — Índices Básicos (IE nº 5/2022; tabela de 2013)";
3140704;20.0;2.0;A1;2;2022-08-01;"INCRA — Índices Básicos (IE nº 5/2022; tabela de 2013)";
3171501;30.0;2.0;A2;3;2022-08-01;"INCRA — Índices Básicos (IE nº 5/2022; tabela de 2013)";
3140803;24.0;2.0;A2;2;2022-08-01;"INCRA — Índices Básicos (IE nº 5/2022; tabela de 2013)";
3140852;65.0;2.0;A3;4;2022-08-01;"INCRA — Índices Básicos (IE nº 5/2022; tabela de 2013)";
3140902;24.0;2.0;A3;2;2022-08-01;"INCRA — Índices Básicos (IE nº 5/2022; tabela de 2013)";
3141009;65.0;2.0;A3;4;2022-08-01;"INCRA — Índices Básicos (IE nº 5/2022; tabela de 2013)";
3141108;7.0;2.0;A2;1;2022-08-01;"INCRA — Índices Básicos (IE nº 5/2022; tabela de 2013)";
3141207;40.0;2.0;A2;3;2022-08-01;"INCRA — Índices Básicos (IE nº 5/2022; tabela de 2013)";
3141306;35.0;2.0;A3;3;2022-08-01;"INCRA — Índices Básicos (IE nº 5/2022; tabela de 2013)";
3141405;65.0;2.0;A3;4;2022-08-01;"INCRA — Índices Básicos (IE nº 5/2022; tabela de 2013)";
3141504;30.0;2.0;A3;2;2022-08-01;"INCRA — Índices Básicos (IE nº 5/2022; tabela de 2013)";
3141603;24.0;2.0;A2;2;2022-08-01;"INCRA — Índices Básicos (IE nº 5/2022; tabela de 2013)";
3141702;30.0;2.0;A2;3;2022-08-01;"INCRA — Índices Básicos (IE nº 5/2022; tabela de 2013)";
3141801;40.0;2.0;A3;3;2022-08-01;"INCRA — Índices Básicos (IE nº 5/2022; tabela de 2013)";
3141900;30.0;2.0;A3;2;2022-08-01;"INCRA — Índices Básicos (IE nº 5/2022; tabela de 2013)";
3142007;50.0;2.0;A2;4;2022-08-01;"INCRA — Índices Básicos (IE nº 5/2022; tabela de 2013)";
3142106;28.0;2.0;A2;2;2022-08-01;"INCRA — Índices Básicos (IE nº 5/2022; tabela de 2013)";
3142205;28.0;2.0;A2;2;2022-08-01;"INCRA — Índices Básicos (IE nº 5/2022; tabela de 2013)";
3142254;65.0;2.0;A3;4;2022-08-01;"INCRA — Índices Básicos (IE nº 5/2022; tabela de 2013)";
3142304;20.0;2.0;A1;2;2022-08-01;"INCRA — Índices Básicos (IE nº 5/2022; tabela de 2013)";
3142403;35.0;2.0;A3;3;2022-08-01;"INCRA — Índices Básicos (IE nº 5/2022; tabela de 2013)";
3142502;40.0;2.0;A3;3;2022-08-01;"INCRA — Índices Básicos (IE nº 5/2022; tabela de 2013)";
3142601;30.0;2.0;A2;2;2022-08-01;"INCRA — Índices Básicos (IE nº 5/2022; tabela de 2013)";
3142700;65.0;2.0;A3;4;2022-08-01;"INCRA — Índices Básicos (IE nº 5/2022; tabela de 2013)";
3142809;20.0;2.0;A2;2;2022-08-01;"INCRA — Índices Básicos (IE nº 5/2022; tabela de 2013)";
3142908;65.0;2.0;A3;4;2022-08-01;"INCRA — Índices Básicos (IE nº 5/2022; tabela de 2013)";
3143005;28.0;2.0;A3;2;2022-08-01;"INCRA — Índices Básicos (IE nº 5/2022; tabela de 2013)";
3143104;40.0;2.0;A3;3;2022-08-01;"INCRA — Índices Básicos (IE nº 5/2022; tabela de 2013)";
3143153;60.0;2.0;A2;3;2022-08-01;"INCRA — Índices Básicos (IE nº 5/2022; tabela de 2013)";
3143203;28.0;2.0;A3;2;2022-08-01;"INCRA — Índices Básicos (IE nº 5/2022; tabela de 2013)";
3143401;30.0;2.0;A2;2;2022-08-01;"INCRA — Índices Básicos (IE nº 5/2022; tabela de 2013)";
3143302;40.0;2.0;A2;4;2022-08-01;"INCRA — Índices Básicos (IE nº 5/2022; tabela de 2013)";
3143450;65.0;2.0;A3;4;2022-08-01;"INCRA — Índices Básicos (IE nº 5/2022; tabela de 2013)";
3143500;40.0;2.0;A3;3;2022-08-01;"INCRA — Índices Básicos (IE nº 5/2022; tabela de 2013)";
3143609;40.0;2.0;A3;3;2022-08-01;"INCRA — Índices Básicos (IE nº 5/2022; tabela de 2013)";
3143708;20.0;2.0;A2;2;2022-08-01;"INCRA — Índices Básicos (IE nº 5/2022; tabela de 2013)";
3143807;30.0;2.0;A2;2;2022-08-01;"INCRA — Índices Básicos (IE nº 5/2022; tabela de 2013)";
3143906;28.0;2.0;A2;2;2022-08-01;"INCRA — Índices Básicos (IE nº 5/2022; tabela de 2013)";
3144003;30.0;2.0;A3;2;2022-08-01;"INCRA — Índices Básicos (IE nº 5/2022; tabela de 2013)";
3144102;28.0;2.0;A3;2;2022-08-01;"INCRA — Índices Básicos (IE nº 5/2022; tabela de 2013)";
3144201;24.0;2.0;A2;3;2022-08-01;"INCRA — Índices Básicos (IE nº 5/2022; tabela de 2013)";
3144300;50.0;2.0;A2;3;2022-08-01;"INCRA — Índices Básicos (IE nº 5/2022; tabela de 2013)";
3144359;30.0;2.0;A2;3;2022-08-01;"INCRA — Índices Básicos (IE nº 5/2022; tabela de 2013)";
3144375;50.0;2.0;A3;4;2022-08-01;"INCRA — Índices Básicos (IE nº 5/2022; tabela de 2013)";
3144409;30.0;2.0;A2;2;2022-08-01;"INCRA — Índices Básicos (IE nº 5/2022; tabela de 2013)";
3144508;30.0;2.0;A2;2;2022-08-01;"INCRA — Índices Básicos (IE nº 5/2022; tabela de 2013)";
3144607;26.0;2.0;A2;3;2022-08-01;"INCRA — Índices Básicos (IE nº 5/2022; tabela de 2013)";
3144656;65.0;2.0;A3;4;2022-08-01;"INCRA — Índices Básicos (IE nº 5/2022; tabela de 2013)";
3144672;30.0;2.0;A3;2;2022-08-01;"INCRA — Índices Básicos (IE nº 5/2022; tabela de 2013)";
3144706;20.0;2.0;A2;2;2022-08-01;"INCRA — Índices Básicos (IE nº 5/2022; tabela de 2013)";
3144805;7.0;2.0;A1;1;2022-08-01;"INCRA — Índices Básicos (IE nº 5/2022; tabela de 2013)";
3144904;30.0;2.0;A2;3;2022-08-01;"INCRA — Índices Básicos (IE nº 5/2022; tabela de 2013)";
3145000;35.0;2.0;A2;3;2022-08-01;"INCRA — Índices Básicos (IE nº 5/2022; tabela de 2013)";
3145059;65.0;2.0;A3;4;2022-08-01;"INCRA — Índices Básicos (IE nº 5/2022; tabela de 2013)";
3145109;28.0;2.0;A3;2;2022-08-01;"INCRA — Índices Básicos (IE nº 5/2022; tabela de 2013)";
3145208;35.0;2.0;A2;3;2022-08-01;"INCRA — Índices Básicos (IE nº 5/2022; tabela de 2013)";
3136603;7.0;2.0;A1;1;2022-08-01;"INCRA — Índices Básicos (IE nº 5/2022; tabela de 2013)";
3145307;65.0;2.0;A2;4;2022-08-01;"INCRA — Índices Básicos (IE nº 5/2022; tabela de 2013)";
3145356;40.0;2.0;A2;3;2022-08-01;"INCRA — Índices Básicos (IE nº 5/2022; tabela de 2013)";
3145372;65.0;2.0;A3;4;2022-08-01;"INCRA — Índices Básicos (IE nº 5/2022; tabela de 2013)";
3145406;24.0;2.0;A2;2;2022-08-01;"INCRA — Índices Básicos (IE nº 5/2022; tabela de 2013)";
3145455;40.0;2.0;A2;4;2022-08-01;"INCRA — Índices Básicos (IE nº 5/2022; tabela de 2013)";
3145505;30.0;2.0;A3;2;2022-08-01;"INCRA — Índices Básicos (IE nº 5/2022; tabela de 2013)";
3145604;30.0;2.0;A3;3;2022-08-01;"INCRA — Índices Básicos (IE nº 5/2022; tabela de 2013)";
3145703;24.0;2.0;A2;2;2022-08-01;"INCRA — Índices Básicos (IE nº 5/2022; tabela de 2013)";
3145802;20.0;2.0;A2;2;2022-08-01;"INCRA — Índices Básicos (IE nº 5/2022; tabela de 2013)";
3145851;26.0;2.0;A3;2;2022-08-01;"INCRA — Índices Básicos (IE nº 5/2022; tabela de 2013)";
3145877;24.0;2.0;A2;2;2022-08-01;"INCRA — Índices Básicos (IE nº 5/2022; tabela de 2013)";
3145901;20.0;2.0;A2;2;2022-08-01;"INCRA — Índices Básicos (IE nº 5/2022; tabela de 2013)";
3146008;30.0;2.0;A2;2;2022-08-01;"INCRA — Índices Básicos (IE nº 5/2022; tabela de 2013)";
3146107;20.0;2.0;A2;2;2022-08-01;"INCRA — Índices Básicos (IE nº 5/2022; tabela de 2013)";
3146206;50.0;2.0;A2;3;2022-08-01;"INCRA — Índices Básicos (IE nº 5/2022; tabela de 2013)";
3146255;50.0;2.0;A3;4;2022-08-01;"INCRA — Índices Básicos (IE nº 5/2022; tabela de 2013)";
3146305;65.0;2.0;A2;4;2022-08-01;"INCRA — Índices Básicos (IE nº 5/2022; tabela de 2013)";
3146552;65.0;2.0;A3;4;2022-08-01;"INCRA — Índices Básicos (IE nº 5/2022; tabela de 2013)";
3146404;40.0;2.0;A3;3;2022-08-01;"INCRA — Índices Básicos (IE nº 5/2022; tabela de 2013)";
3146503;35.0;2.0;A3;3;2022-08-01;"INCRA — Índices Básicos (IE nº 5/2022; tabela de 2013)";
3146602;24.0;2.0;A2;2;2022-08-01;"INCRA — Índices Básicos (IE nº 5/2022; tabela de 2013)";
3146701;30.0;2.0;A2;2;2022-08-01;"INCRA — Índices Básicos (IE nº 5/2022; tabela de 2013)";
3146750;60.0;2.0;A3;3;2022-08-01;"INCRA — Índices Básicos (IE nº 5/2022; tabela de 2013)";
3146909;20.0;2.0;A2;3;2022-08-01;"INCRA — Índices Básicos (IE nº 5/2022; tabela de 2013)";
3147105;20.0;2.0;A2;2;2022-08-01;"INCRA — Índices Básicos (IE nº 5/2022; tabela de 2013)";
3147006;50.0;2.0;A2;4;2022-08-01;"INCRA — Índices Básicos (IE nº 5/2022; tabela de 2013)";
3147204;26.0;2.0;A3;3;2022-08-01;"INCRA — Índices Básicos (IE nº 5/2022; tabela de 2013)";
3147303;30.0;2.0;A2;2;2022-08-01;"INCRA — Índices Básicos (IE nº 5/2022; tabela de 2013)";
3147402;20.0;2.0;A2;3;2022-08-01;"INCRA — Índices Básicos (IE nº 5/2022; tabela de 2013)";
3147600;30.0;2.0;A3;2;2022-08-01;"INCRA — Índices Básicos (IE nº 5/2022; tabela de 2013)";
3147709;30.0;2.0;A3;3;2022-08-01;"INCRA — Índices Básicos (IE nº 5/2022; tabela de 2013)";
3147501;20.0;2.0;A2;2;2022-08-01;"INCRA — Índices Básicos (IE nº 5/2022; tabela de 2013)";
3147808;30.0;2.0;A2;2;2022-08-01;"INCRA — Índices Básicos (IE nº 5/2022; tabela de 2013)";
3147907;26.0;2.0;A2;3;2022-08-01;"INCRA — Índices Básicos (IE nº 5/2022; tabela de 2013)";
3147956;50.0;2.0;A2;4;2022-08-01;"INCRA — Índices Básicos (IE nº 5/2022; tabela de 2013)";
3148004;40.0;2.0;A2;3;2022-08-01;"INCRA — Índices Básicos (IE nº 5/2022; tabela de 2013)";
3148103;40.0;2.0;A3;3;2022-08-01;"INCRA — Índices Básicos (IE nº 5/2022; tabela de 2013)";
3148202;28.0;2.0;A2;2;2022-08-01;"INCRA — Índices Básicos (IE nº 5/2022; tabela de 2013)";
3148301;28.0;2.0;A3;2;2022-08-01;"INCRA — Índices Básicos (IE nº 5/2022; tabela de 2013)";
3148400;24.0;2.0;A3;3;2022-08-01;"INCRA — Índices Básicos (IE nº 5/2022; tabela de 2013)";
3148509;40.0;2.0;A2;3;2022-08-01;"INCRA — Índices Básicos (IE nº 5/2022; tabela de 2013)";
3148608;24.0;2.0;A3;3;2022-08-01;"INCRA — Índices Básicos (IE nº 5/2022; tabela de 2013)";
3148707;65.0;2.0;A3;4;2022-08-01;"INCRA — Índices Básicos (IE nº 5/2022; tabela de 2013)";
3148756;26.0;2.0;A2;2;2022-08-01;"INCRA — Índices Básicos (IE nº 5/2022; tabela de 2013)";
3148806;22.0;2.0;A3;2;2022-08-01;"INCRA — Índices Básicos (IE nº 5/2022; tabela de 2013)";
3148905;30.0;2.0;A2;3;2022-08-01;"INCRA — Índices Básicos (IE nº 5/2022; tabela de 2013)";
3149002;28.0;2.0;A2;2;2022-08-01;"INCRA — Índices Básicos (IE nº 5/2022; tabela de 2013)";
3149101;30.0;2.0;A2;2;2022-08-01;"INCRA — Índices Básicos (IE nº 5/2022; tabela de 2013)";
3149150;65.0;2.0;A3;4;2022-08-01;"INCRA — Índices Básicos (IE nº 5/2022; tabela de 2013)";
3149200;35.0;2.0;A2;3;2022-08-01;"INCRA — Índices Básicos (IE nº 5/2022; tabela de 2013)";
3149309;7.0;2.0;A1;1;2022-08-01;"INCRA — Índices Básicos (IE nº 5/2022; tabela de 2013)";
3149408;24.0;2.0;A2;2;2022-08-01;"INCRA — Índices Básicos (IE nº 5/2022; tabela de 2013)";
3149507;24.0;2.0;A2;2;2022-08-01;"INCRA — Índices Básicos (IE nº 5/2022; tabela de 2013)";
3149606;20.0;2.0;A2;3;2022-08-01;"INCRA — Índices Básicos (IE nº 5/2022; tabela de 2013)";
3149705;35.0;2.0;A2;3;2022-08-01;"INCRA — Índices Básicos (IE nº 5/2022; tabela de 2013)";
3149804;35.0;2.0;A2;3;2022-08-01;"INCRA — Índices Básicos (IE nº 5/2022; tabela de 2013)";
3149903;30.0;2.0;A2;3;2022-08-01;"INCRA — Índices Básicos (IE nº 5/2022; tabela de 2013)";
3149952;30.0;2.0;A2;3;2022-08-01;"INCRA — Índices Básicos (IE nº 5/2022; tabela de 2013)";
3150000;30.0;2.0;A2;3;2022-08-01;"INCRA — Índices Básicos (IE nº 5/2022; tabela de 2013)";
3150109;30.0;2.0;A2;2;2022-08-01;"INCRA — Índices Básicos (IE nº 5/2022; tabela de 2013)";
3150158;20.0;2.0;A2;2;2022-08-01;"INCRA — Índices Básicos (IE nº 5/2022; tabela de 2013)";
3150208;26.0;2.0;A3;2;2022-08-01;"INCRA — Índices Básicos (IE nº 5/2022; tabela de 2013)";
3150307;30.0;2.0;A2;2;2022-08-01;"INCRA — Índices Básicos (IE nº 5/2022; tabela de 2013)";
3150406;20.0;2.0;A3;2;2022-08-01;"INCRA — Índices Básicos (IE nº 5/2022; tabela de 2013)";
3150505;35.0;2.0;A3;3;2022-08-01;"INCRA — Índices Básicos (IE nº 5/2022; tabela de 2013)";
3150539;20.0;2.0;A2;2;2022-08-01;"INCRA — Índices Básicos (IE nº 5/2022; tabela de 2013)";
3150570;65.0;2.0;A3;4;2022-08-01;"INCRA — Índices Básicos (IE nº 5/2022; tabela de 2013)";
3150604;30.0;2.0;A3;3;2022-08-01;"INCRA — Índices Básicos (IE nº 5/2022; tabela de 2013)";
3150703;30.0;2.0;A3;2;2022-08-01;"INCRA — Índices Básicos (IE nº 5/2022; tabela de 2013)";
3150802;28.0;2.0;A2;2;2022-08-01;"INCRA — Índices Básicos (IE nº 5/2022; tabela de 2013)";
3150901;30.0;2.0;A2;2;2022-08-01;"INCRA — Índices Básicos (IE nº 5/2022; tabela de 2013)";
3151008;30.0;2.0;A2;2;2022-08-01;"INCRA — Índices Básicos (IE nº 5/2022; tabela de 2013)";
3151107;30.0;2.0;A2;2;2022-08-01;"INCRA — Índices Básicos (IE nº 5/2022; tabela de 2013)";
3151206;70.0;2.0;A3;4;2022-08-01;"INCRA — Índices Básicos (IE nº 5/2022; tabela de 2013)";
3151305;30.0;2.0;A2;2;2022-08-01;"INCRA — Índices Básicos (IE nº 5/2022; tabela de 2013)";
3151404;35.0;2.0;A2;3;2022-08-01;"INCRA — Índices Básicos (IE nº 5/2022; tabela de 2013)";
3151503;35.0;2.0;A3;3;2022-08-01;"INCRA — Índices Básicos (IE nº 5/2022; tabela de 2013)";
3151602;30.0;2.0;A3;2;2022-08-01;"INCRA — Índices Básicos (IE nº 5/2022; tabela de 2013)";
3151701;30.0;2.0;A3;2;2022-08-01;"INCRA — Índices Básicos (IE nº 5/2022; tabela de 2013)";
3151800;20.0;2.0;A2;2;2022-08-01;"INCRA — Índices Básicos (IE nº 5/2022; tabela de 2013)";
3151909;30.0;2.0;A3;2;2022-08-01;"INCRA — Índices Básicos (IE nº 5/2022; tabela de 2013)";
3152006;40.0;2.0;A3;3;2022-08-01;"INCRA — Índices Básicos (IE nº 5/2022; tabela de 2013)";
3152105;26.0;2.0;A3;2;2022-08-01;"INCRA — Índices Básicos (IE nº 5/2022; tabela de 2013)";
3152131;50.0;2.0;A3;4;2022-08-01;"INCRA — Índices Básicos (IE nº 5/2022; tabela de 2013)";
3152170;65.0;2.0;A2;4;2022-08-01;"INCRA — Índices Básicos (IE nº 5/2022; tabela de 2013)";
3152204;65.0;2.0;A3;4;2022-08-01;"INCRA — Índices Básicos (IE nº 5/2022; tabela de 2013)";
3152303;28.0;2.0;A3;2;2022-08-01;"INCRA — Índices Básicos (IE nº 5/2022; tabela de 2013)";
3152402;40.0;2.0;A2;3;2022-08-01;"INCRA — Índices Básicos (IE nº 5/2022; tabela de 2013)";
3152501;30.0;2.0;A2;2;2022-08-01;"INCRA — Índices Básicos (IE nº 5/2022; tabela de 2013)";
3152600;30.0;2.0;A3;2;2022-08-01;"INCRA — Índices Básicos (IE nº 5/2022; tabela de 2013)";
3152709;22.0;2.0;A2;2;2022-08-01;"INCRA — Índices Básicos (IE nº 5/2022; tabela de 2013)";
3152808;30.0;2.0;A2;2;2022-08-01;"INCRA — Índices Básicos (IE nº 5/2022; tabela de 2013)";
3152907;26.0;2.0;A2;3;2022-08-01;"INCRA — Índices Básicos (IE nº 5/2022; tabela de 2013)";
3153004;35.0;2.0;A2;3;2022-08-01;"INCRA — Índices Básicos (IE nº 5/2022; tabela de 2013)";
3153103;28.0;2.0;A3;2;2022-08-01;"INCRA — Índices Básicos (IE nº 5/2022; tabela de 2013)";
3153202;40.0;2.0;A3;3;2022-08-01;"INCRA — Índices Básicos (IE nº 5/2022; tabela de 2013)";
3153301;40.0;2.0;A3;3;2022-08-01;"INCRA — Índices Básicos (IE nº 5/2022; tabela de 2013)";
3153400;65.0;2.0;A2;4;2022-08-01;"INCRA — Índices Básicos (IE nº 5/2022; tabela de 2013)";
3153608;7.0;2.0;A2;1;2022-08-01;"INCRA — Índices Básicos (IE nº 5/2022; tabela de 2013)";
3153707;40.0;2.0;A3;3;2022-08-01;"INCRA — Índices Básicos (IE nº 5/2022; tabela de 2013)";
3153806;20.0;2.0;A2;2;2022-08-01;"INCRA — Índices Básicos (IE nº 5/2022; tabela de 2013)";
3153905;7.0;2.0;A1;1;2022-08-01;"INCRA — Índices Básicos (IE nº 5/2022; tabela de 2013)";
3154002;26.0;2.0;A2;2;2022-08-01;"INCRA — Índices Básicos (IE nº 5/2022; tabela de 2013)";
3154101;30.0;2.0;A2;2;2022-08-01;"INCRA — Índices Básicos (IE nº 5/2022; tabela de 2013)";
3154150;24.0;2.0;A3;2;2022-08-01;"INCRA — Índices Básicos (IE nº 5/2022; tabela de 2013)";
3154200;30.0;2.0;A2;2;2022-08-01;"INCRA — Índices Básicos (IE nº 5/2022; tabela de 2013)";
3154309;30.0;2.0;A3;2;2022-08-01;"INCRA — Índices Básicos (IE nº 5/2022; tabela de 2013)";
3154408;30.0;2.0;A2;2;2022-08-01;"INCRA — Índices Básicos (IE nº 5/2022; tabela de 2013)";
3154457;70.0;2.0;A3;4;2022-08-01;"INCRA — Índices Básicos (IE nº 5/2022; tabela de 2013)";
3154507;65.0;2.0;A3;4;2022-08-01;"INCRA — Índices Básicos (IE nº 5/2022; tabela de 2013)";
3154606;7.0;2.0;A1;1;2022-08-01;"INCRA — Índices Básicos (IE nº 5/2022; tabela de 2013)";
3154705;30.0;2.0;A2;3;2022-08-01;"INCRA — Índices Básicos (IE nº 5/2022; tabela de 2013)";
3154804;7.0;2.0;A1;1;2022-08-01;"INCRA — Índices Básicos (IE nº 5/2022; tabela de 2013)";
3154903;26.0;2.0;A3;2;2022-08-01;"INCRA — Índices Básicos (IE nº 5/2022; tabela de 2013)";
3155108;60.0;2.0;A3;3;2022-08-01;"INCRA — Índices Básicos (IE nº 5/2022; tabela de 2013)";
3155009;26.0;2.0;A3;2;2022-08-01;"INCRA — Índices Básicos (IE nº 5/2022; tabela de 2013)";
3155207;22.0;2.0;A2;2;2022-08-01;"INCRA — Índices Básicos (IE nº 5/2022; tabela de 2013)";
3155306;20.0;2.0;A3;2;2022-08-01;"INCRA — Índices Básicos (IE nº 5/2022; tabela de 2013)";
3155405;30.0;2.0;A2;2;2022-08-01;"INCRA — Índices Básicos (IE nº 5/2022; tabela de 2013)";
3155504;40.0;2.0;A2;3;2022-08-01;"INCRA — Índices Básicos (IE nº 5/2022; tabela de 2013)";
3155603;65.0;2.0;A3;4;2022-08-01;"INCRA — Índices Básicos (IE nº 5/2022; tabela de 2013)";
3155702;20.0;2.0;A2;2;2022-08-01;"INCRA — Índices Básicos (IE nº 5/2022; tabela de 2013)";
3155801;30.0;2.0;A2;2;2022-08-01;"INCRA — Índices Básicos (IE nº 5/2022; tabela de 2013)";
3155900;24.0;2.0;A2;2;2022-08-01;"INCRA — Índices Básicos (IE nº 5/2022; tabela de 2013)";
3156007;24.0;2.0;A3;3;2022-08-01;"INCRA — Índices Básicos (IE nº 5/2022; tabela de 2013)";
3156106;30.0;2.0;A2;2;2022-08-01;"INCRA — Índices Básicos (IE nº 5/2022; tabela de 2013)";
3156205;24.0;2.0;A2;2;2022-08-01;"INCRA — Índices Básicos (IE nº 5/2022; tabela de 2013)";
3156304;30.0;2.0;A2;2;2022-08-01;"INCRA — Índices Básicos (IE nº 5/2022; tabela de 2013)";
3156403;40.0;2.0;A3;3;2022-08-01;"INCRA — Índices Básicos (IE nº 5/2022; tabela de 2013)";
3156452;28.0;2.0;A2;2;2022-08-01;"INCRA — Índices Básicos (IE nº 5/2022; tabela de 2013)";
3156502;65.0;2.0;A3;4;2022-08-01;"INCRA — Índices Básicos (IE nº 5/2022; tabela de 2013)";
3156601;60.0;2.0;A3;3;2022-08-01;"INCRA — Índices Básicos (IE nº 5/2022; tabela de 2013)";
3156700;7.0;2.0;A1;1;2022-08-01;"INCRA — Índices Básicos (IE nº 5/2022; tabela de 2013)";
3156809;24.0;2.0;A3;3;2022-08-01;"INCRA — Índices Básicos (IE nº 5/2022; tabela de 2013)";
3156908;35.0;2.0;A2;3;2022-08-01;"INCRA — Índices Básicos (IE nº 5/2022; tabela de 2013)";
3157005;65.0;2.0;A3;4;2022-08-01;"INCRA — Índices Básicos (IE nº 5/2022; tabela de 2013)";
3157104;60.0;2.0;A3;3;2022-08-01;"INCRA — Índices Básicos (IE nº 5/2022; tabela de 2013)";
3157203;20.0;2.0;A2;2;2022-08-01;"INCRA — Índices Básicos (IE nº 5/2022; tabela de 2013)";
3157252;20.0;2.0;A2;2;2022-08-01;"INCRA — Índices Básicos (IE nº 5/2022; tabela de 2013)";
3157278;24.0;2.0;A2;2;2022-08-01;"INCRA — Índices Básicos (IE nº 5/2022; tabela de 2013)";
3157302;22.0;2.0;A2;2;2022-08-01;"INCRA — Índices Básicos (IE nº 5/2022; tabela de 2013)";
3157336;22.0;2.0;A2;2;2022-08-01;"INCRA — Índices Básicos (IE nº 5/2022; tabela de 2013)";
3157377;65.0;2.0;A3;4;2022-08-01;"INCRA — Índices Básicos (IE nº 5/2022; tabela de 2013)";
3157401;26.0;2.0;A3;2;2022-08-01;"INCRA — Índices Básicos (IE nº 5/2022; tabela de 2013)";
3157500;24.0;2.0;A2;3;2022-08-01;"INCRA — Índices Básicos (IE nº 5/2022; tabela de 2013)";
3157609;70.0;2.0;A3;4;2022-08-01;"INCRA — Índices Básicos (IE nº 5/2022; tabela de 2013)";
3157658;60.0;2.0;A3;3;2022-08-01;"INCRA — Índices Básicos (IE nº 5/2022; tabela de 2013)";
3157708;35.0;2.0;A2;3;2022-08-01;"INCRA — Índices Básicos (IE nº 5/2022; tabela de 2013)";
3157807;7.0;2.0;A1;1;2022-08-01;"INCRA — Índices Básicos (IE nº 5/2022; tabela de 2013)";
3157906;24.0;2.0;A3;2;2022-08-01;"INCRA — Índices Básicos (IE nº 5/2022; tabela de 2013)";
3158003;20.0;2.0;A2;2;2022-08-01;"INCRA — Índices Básicos (IE nº 5/2022; tabela de 2013)";
3158102;60.0;2.0;A3;3;2022-08-01;"INCRA — Índices Básicos (IE nº 5/2022; tabela de 2013)";
3158201;30.0;2.0;A3;3;2022-08-01;"INCRA — Índices Básicos (IE nº 5/2022; tabela de 2013)";
3159209;26.0;2.0;A2;2;2022-08-01;"INCRA — Índices Básicos (IE nº 5/2022; tabela de 2013)";
3159308;24.0;2.0;A2;2;2022-08-01;"INCRA — Índices Básicos (IE nº 5/2022; tabela de 2013)";
3159357;20.0;2.0;A2;2;2022-08-01;"INCRA — Índices Básicos (IE nº 5/2022; tabela de 2013)";
3159407;24.0;2.0;A2;2;2022-08-01;"INCRA — Índices Básicos (IE nº 5/2022; tabela de 2013)";
3159506;30.0;2.0;A3;2;2022-08-01;"INCRA — Índices Básicos (IE nº 5/2022; tabela de 2013)";
3159605;30.0;2.0;A2;2;2022-08-01;"INCRA — Índices Básicos (IE nº 5/2022; tabela de 2013)";
3159704;35.0;2.0;A2;3;2022-08-01;"INCRA — Índices Básicos (IE nº 5/2022; tabela de 2013)";
3159803;30.0;2.0;A2;2;2022-08-01;"INCRA — Índices Básicos (IE nº 5/2022; tabela de 2013)";
3158300;26.0;2.0;A2;3;2022-08-01;"INCRA — Índices Básicos (IE nº 5/2022; tabela de 2013)";
3158409;30.0;2.0;A2;2;2022-08-01;"INCRA — Índices Básicos (IE nº 5/2022; tabela de 2013)";
3158508;20.0;2.0;A2;3;2022-08-01;"INCRA — Índices Básicos (IE nº 5/2022; tabela de 2013)";
3158607;24.0;2.0;A2;2;2022-08-01;"INCRA — Índices Básicos (IE nº 5/2022; tabela de 2013)";
3158706;30.0;2.0;A2;2;2022-08-01;"INCRA — Índices Básicos (IE nº 5/2022; tabela de 2013)";
3158805;30.0;2.0;A3;3;2022-08-01;"INCRA — Índices Básicos (IE nº 5/2022; tabela de 2013)";
3158904;24.0;2.0;A3;2;2022-08-01;"INCRA — Índices Básicos (IE nº 5/2022; tabela de 2013)";
3158953;30.0;2.0;A2;3;2022-08-01;"INCRA — Índices Básicos (IE nº 5/2022; tabela de 2013)";
3159001;20.0;2.0;A2;3;2022-08-01;"INCRA — Índices Básicos (IE nº 5/2022; tabela de 2013)";
3159100;20.0;2.0;A2;2;2022-08-01;"INCRA — Índices Básicos (IE nº 5/2022; tabela de 2013)";
3159902;30.0;2.0;A2;3;2022-08-01;"INCRA — Índices Básicos (IE nº 5/2022; tabela de 2013)";
3160009;30.0;2.0;A2;2;2022-08-01;"INCRA — Índices Básicos (IE nº 5/2022; tabela de 2013)";
3160108;26.0;2.0;A3;2;2022-08-01;"INCRA — Índices Básicos (IE nº 5/2022; tabela de 2013)";
3160207;24.0;2.0;A3;3;2022-08-01;"INCRA — Índices Básicos (IE nº 5/2022; tabela de 2013)";
3160306;60.0;2.0;A3;3;2022-08-01;"INCRA — Índices Básicos (IE nº 5/2022; tabela de 2013)";
3160405;35.0;2.0;A2;3;2022-08-01;"INCRA — Índices Básicos (IE nº 5/2022; tabela de 2013)";
3160454;65.0;2.0;A3;4;2022-08-01;"INCRA — Índices Básicos (IE nº 5/2022; tabela de 2013)";
3160504;20.0;2.0;A2;2;2022-08-01;"INCRA — Índices Básicos (IE nº 5/2022; tabela de 2013)";
3160603;40.0;2.0;A3;3;2022-08-01;"INCRA — Índices Básicos (IE nº 5/2022; tabela de 2013)";
3160702;24.0;2.0;A2;2;2022-08-01;"INCRA — Índices Básicos (IE nº 5/2022; tabela de 2013)";
3160801;30.0;2.0;A2;2;2022-08-01;"INCRA — Índices Básicos (IE nº 5/2022; tabela de 2013)";
3160900;20.0;2.0;A2;2;2022-08-01;"INCRA — Índices Básicos (IE nº 5/2022; tabela de 2013)";
3160959;20.0;2.0;A2;2;2022-08-01;"INCRA — Índices Básicos (IE nº 5/2022; tabela de 2013)";
3161007;20.0;2.0;A2;2;2022-08-01;"INCRA — Índices Básicos (IE nº 5/2022; tabela de 2013)";
3161056;30.0;2.0;A3;2;2022-08-01;"INCRA — Índices Básicos (IE nº 5/2022; tabela de 2013)";
3161106;65.0;2.0;A3;4;2022-08-01;"INCRA — Índices Básicos (IE nº 5/2022; tabela de 2013)";
3161205;30.0;2.0;A3;3;2022-08-01;"INCRA — Índices Básicos (IE nº 5/2022; tabela de 2013)";
3161304;30.0;2.0;A3;2;2022-08-01;"INCRA — Índices Básicos (IE nº 5/2022; tabela de 2013)";
3161403;28.0;2.0;A2;2;2022-08-01;"INCRA — Índices Básicos (IE nº 5/2022; tabela de 2013)";
3161502;30.0;2.0;A2;2;2022-08-01;"INCRA — Índices Básicos (IE nº 5/2022; tabela de 2013)";
3161601;30.0;2.0;A2;3;2022-08-01;"INCRA — Índices Básicos (IE nº 5/2022; tabela de 2013)";
3161650;30.0;2.0;A2;2;2022-08-01;"INCRA — Índices Básicos (IE nº 5/2022; tabela de 2013)";
3161700;40.0;2.0;A2;3;2022-08-01;"INCRA — Índices Básicos (IE nº 5/2022; tabela de 2013)";
3161809;20.0;2.0;A2;2;2022-08-01;"INCRA — Índices Básicos (IE nº 5/2022; tabela de 2013)";
3161908;20.0;2.0;A2;2;2022-08-01;"INCRA — Índices Básicos (IE nº 5/2022; tabela de 2013)";
3125507;40.0;2.0;A3;3;2022-08-01;"INCRA — Índices Básicos (IE nº 5/2022; tabela de 2013)";
3162005;30.0;2.0;A2;2;2022-08-01;"INCRA — Índices Básicos (IE nº 5/2022; tabela de 2013)";
3162104;40.0;2.0;A2;3;2022-08-01;"INCRA — Índices Básicos (IE nº 5/2022; tabela de 2013)";
3162203;26.0;2.0;A2;3;2022-08-01;"INCRA — Índices Básicos (IE nº 5/2022; tabela de 2013)";
3162252;50.0;2.0;A2;4;2022-08-01;"INCRA — Índices Básicos (IE nº 5/2022; tabela de 2013)";
3162302;30.0;2.0;A2;2;2022-08-01;"INCRA — Índices Básicos (IE nº 5/2022; tabela de 2013)";
3162401;50.0;2.0;A2;4;2022-08-01;"INCRA — Índices Básicos (IE nº 5/2022; tabela de 2013)";
3162450;65.0;2.0;A3;4;2022-08-01;"INCRA — Índices Básicos (IE nº 5/2022; tabela de 2013)";
3162500;30.0;2.0;A2;2;2022-08-01;"INCRA — Índices Básicos (IE nº 5/2022; tabela de 2013)";
3162559;24.0;2.0;A3;2;2022-08-01;"INCRA — Índices Básicos (IE nº 5/2022; tabela de 2013)";
3162575;30.0;2.0;A3;2;2022-08-01;"INCRA — Índices Básicos (IE nº 5/2022; tabela de 2013)";
3162609;20.0;2.0;A2;2;2022-08-01;"INCRA — Índices Básicos (IE nº 5/2022; tabela de 2013)";
3162658;50.0;2.0;A2;4;2022-08-01;"INCRA — Índices Básicos (IE nº 5/2022; tabela de 2013)";
3162708;65.0;2.0;A3;4;2022-08-01;"INCRA — Índices Básicos (IE nº 5/2022; tabela de 2013)";
3162807;24.0;2.0;A3;3;2022-08-01;"INCRA — Índices Básicos (IE nº 5/2022; tabela de 2013)";
3162906;24.0;2.0;A2;2;2022-08-01;"INCRA — Índices Básicos (IE nº 5/2022; tabela de 2013)";
3162922;20.0;2.0;A1;2;2022-08-01;"INCRA — Índices Básicos (IE nº 5/2022; tabela de 2013)";
3162948;26.0;2.0;A2;3;2022-08-01;"INCRA — Índices Básicos (IE nº 5/2022; tabela de 2013)";
3162955;7.0;2.0;A1;1;2022-08-01;"INCRA — Índices Básicos (IE nº 5/2022; tabela de 2013)";
3163003;30.0;2.0;A2;3;2022-08-01;"INCRA — Índices Básicos (IE nº 5/2022; tabela de 2013)";
3163102;20.0;2.0;A2;2;2022-08-01;"INCRA — Índices Básicos (IE nº 5/2022; tabela de 2013)";
3163201;30.0;2.0;A2;2;2022-08-01;"INCRA — Índices Básicos (IE nº 5/2022; tabela de 2013)";
3163300;24.0;2.0;A2;3;2022-08-01;"INCRA — Índices Básicos (IE nº 5/2022; tabela de 2013)";
3163409;20.0;2.0;A2;2;2022-08-01;"INCRA — Índices Básicos (IE nº 5/2022; tabela de 2013)";
3163508;30.0;2.0;A3;3;2022-08-01;"INCRA — Índices Básicos (IE nº 5/2022; tabela de 2013)";
3163607;24.0;2.0;A3;2;2022-08-01;"INCRA — Índices Básicos (IE nº 5/2022; tabela de 2013)";
3163706;30.0;2.0;A3;2;2022-08-01;"INCRA — Índices Básicos (IE nº 5/2022; tabela de 2013)";
3163805;28.0;2.0;A3;2;2022-08-01;"INCRA — Índices Básicos (IE nº 5/2022; tabela de 2013)";
3163904;28.0;2.0;A3;2;2022-08-01;"INCRA — Índices Básicos (IE nº 5/2022; tabela de 2013)";
3164100;24.0;2.0;A3;3;2022-08-01;"INCRA — Índices Básicos (IE nº 5/2022; tabela de 2013)";
3164001;26.0;2.0;A3;2;2022-08-01;"INCRA — Índices Básicos (IE nº 5/2022; tabela de 2013)";
3164209;70.0;2.0;A3;4;2022-08-01;"INCRA — Índices Básicos (IE nº 5/2022; tabela de 2013)";
3164308;35.0;2.0;A3;3;2022-08-01;"INCRA — Índices Básicos (IE nº 5/2022; tabela de 2013)";
3164407;30.0;2.0;A2;2;2022-08-01;"INCRA — Índices Básicos (IE nº 5/2022; tabela de 2013)";
3164431;28.0;2.0;A2;2;2022-08-01;"INCRA — Índices Básicos (IE nº 5/2022; tabela de 2013)";
3164472;20.0;2.0;A2;2;2022-08-01;"INCRA — Índices Básicos (IE nº 5/2022; tabela de 2013)";
3164506;24.0;2.0;A3;3;2022-08-01;"INCRA — Índices Básicos (IE nº 5/2022; tabela de 2013)";
3164605;30.0;2.0;A2;3;2022-08-01;"INCRA — Índices Básicos (IE nº 5/2022; tabela de 2013)";
3164704;28.0;2.0;A3;2;2022-08-01;"INCRA — Índices Básicos (IE nº 5/2022; tabela de 2013)";
3164803;20.0;2.0;A2;2;2022-08-01;"INCRA — Índices Básicos (IE nº 5/2022; tabela de 2013)";
3164902;30.0;2.0;A3;2;2022-08-01;"INCRA — Índices Básicos (IE nº 5/2022; tabela de 2013)";
3165206;30.0;2.0;A2;2;2022-08-01;"INCRA — Índices Básicos (IE nº 5/2022; tabela de 2013)";
3165008;30.0;2.0;A2;2;2022-08-01;"INCRA — Índices Básicos (IE nº 5/2022; tabela de 2013)";
3165107;28.0;2.0;A3;2;2022-08-01;"INCRA — Índices Básicos (IE nº 5/2022; tabela de 2013)";
3165305;30.0;2.0;A2;2;2022-08-01;"INCRA — Índices Básicos (IE nº 5/2022; tabela de 2013)";
3165404;30.0;2.0;A2;2;2022-08-01;"INCRA — Índices Básicos (IE nº 5/2022; tabela de 2013)";
3165503;24.0;2.0;A2;3;2022-08-01;"INCRA — Índices Básicos (IE nº 5/2022; tabela de 2013)";
3165537;7.0;2.0;A1;1;2022-08-01;"INCRA — Índices Básicos (IE nº 5/2022; tabela de 2013)";
3165560;26.0;2.0;A3;2;2022-08-01;"INCRA — Índices Básicos (IE nº 5/2022; tabela de 2013)";
3165578;30.0;2.0;A2;2;2022-08-01;"INCRA — Índices Básicos (IE nº 5/2022; tabela de 2013)";
3165602;24.0;2.0;A2;2;2022-08-01;"INCRA — Índices Básicos (IE nº 5/2022; tabela de 2013)";
3165701;28.0;2.0;A2;2;2022-08-01;"INCRA — Índices Básicos (IE nº 5/2022; tabela de 2013)";
3165800;30.0;2.0;A2;2;2022-08-01;"INCRA — Índices Básicos (IE nº 5/2022; tabela de 2013)";
3165909;40.0;2.0;A3;3;2022-08-01;"INCRA — Índices Básicos (IE nº 5/2022; tabela de 2013)";
3166006;22.0;2.0;A2;2;2022-08-01;"INCRA — Índices Básicos (IE nº 5/2022; tabela de 2013)";
3166105;30.0;2.0;A3;3;2022-08-01;"INCRA — Índices Básicos (IE nº 5/2022; tabela de 2013)";
3166204;22.0;2.0;A2;2;2022-08-01;"INCRA — Índices Básicos (IE nº 5/2022; tabela de 2013)";
3166303;26.0;2.0;A3;2;2022-08-01;"INCRA — Índices Básicos (IE nº 5/2022; tabela de 2013)";
3166402;30.0;2.0;A3;2;2022-08-01;"INCRA — Índices Básicos (IE nº 5/2022; tabela de 2013)";
3166501;24.0;2.0;A3;3;2022-08-01;"INCRA — Índices Básicos (IE nº 5/2022; tabela de 2013)";
3166600;35.0;2.0;A3;3;2022-08-01;"INCRA — Índices Básicos (IE nº 5/2022; tabela de 2013)";
3166808;40.0;2.0;A3;3;2022-08-01;"INCRA — Índices Básicos (IE nº 5/2022; tabela de 2013)";
3166709;50.0;2.0;A2;3;2022-08-01;"INCRA — Índices Básicos (IE nº 5/2022; tabela de 2013)";
3166907;26.0;2.0;A3;3;2022-08-01;"INCRA — Índices Básicos (IE nº 5/2022; tabela de 2013)";
3166956;65.0;2.0;A3;4;2022-08-01;"INCRA — Índices Básicos (IE nº 5/2022; tabela de 2013)";
3167004;30.0;2.0;A3;2;2022-08-01;"INCRA — Índices Básicos (IE nº 5/2022; tabela de 2013)";
3167103;40.0;2.0;A3;3;2022-08-01;"INCRA — Índices Básicos (IE nº 5/2022; tabela de 2013)";
3167202;20.0;2.0;A2;3;2022-08-01;"INCRA — Índices Básicos (IE nº 5/2022; tabela de 2013)";
3165552;40.0;2.0;A2;3;2022-08-01;"INCRA — Índices Básicos (IE nº 5/2022; tabela de 2013)";
3167301;30.0;2.0;A2;2;2022-08-01;"INCRA — Índices Básicos (IE nº 5/2022; tabela de 2013)";
3167400;30.0;2.0;A2;2;2022-08-01;"INCRA — Índices Básicos (IE nº 5/2022; tabela de 2013)";
3167509;24.0;2.0;A2;2;2022-08-01;"INCRA — Índices Básicos (IE nº 5/2022; tabela de 2013)";
3167608;24.0;2.0;A3;2;2022-08-01;"INCRA — Índices Básicos (IE nº 5/2022; tabela de 2013)";
3167707;20.0;2.0;A2;2;2022-08-01;"INCRA — Índices Básicos (IE nº 5/2022; tabela de 2013)";
3167806;30.0;2.0;A3;2;2022-08-01;"INCRA — Índices Básicos (IE nº 5/2022; tabela de 2013)";
3167905;30.0;2.0;A2;2;2022-08-01;"INCRA — Índices Básicos (IE nº 5/2022; tabela de 2013)";
3168002;65.0;2.0;A3;4;2022-08-01;"INCRA — Índices Básicos (IE nº 5/2022; tabela de 2013)";
3168051;30.0;2.0;A3;2;2022-08-01;"INCRA — Índices Básicos (IE nº 5/2022; tabela de 2013)";
3168101;35.0;2.0;A2;3;2022-08-01;"INCRA — Índices Básicos (IE nº 5/2022; tabela de 2013)";
3168200;35.0;2.0;A3;3;2022-08-01;"INCRA — Índices Básicos (IE nº 5/2022; tabela de 2013)";
3168309;7.0;2.0;A1;1;2022-08-01;"INCRA — Índices Básicos (IE nº 5/2022; tabela de 2013)";
3168408;20.0;2.0;A2;2;2022-08-01;"INCRA — Índices Básicos (IE nº 5/2022; tabela de 2013)";
3168507;22.0;2.0;A3;2;2022-08-01;"INCRA — Índices Básicos (IE nº 5/2022; tabela de 2013)";
3168606;40.0;2.0;A2;3;2022-08-01;"INCRA — Índices Básicos (IE nº 5/2022; tabela de 2013)";
3168705;20.0;2.0;A2;2;2022-08-01;"INCRA — Índices Básicos (IE nº 5/2022; tabela de 2013)";
3168804;22.0;2.0;A2;2;2022-08-01;"INCRA — Índices Básicos (IE nº 5/2022; tabela de 2013)";
3168903;40.0;2.0;A2;3;2022-08-01;"INCRA — Índices Básicos (IE nº 5/2022; tabela de 2013)";
3169000;30.0;2.0;A2;2;2022-08-01;"INCRA — Índices Básicos (IE nº 5/2022; tabela de 2013)";
3169059;30.0;2.0;A2;2;2022-08-01;"INCRA — Índices Básicos (IE nº 5/2022; tabela de 2013)";
3169109;30.0;2.0;A2;2;2022-08-01;"INCRA — Índices Básicos (IE nº 5/2022; tabela de 2013)";
3169208;28.0;2.0;A2;2;2022-08-01;"INCRA — Índices Básicos (IE nº 5/2022; tabela de 2013)";
3169307;30.0;2.0;A2;2;2022-08-01;"INCRA — Índices Básicos (IE nº 5/2022; tabela de 2013)";
3169356;40.0;2.0;A3;3;2022-08-01;"INCRA — Índices Básicos (IE nº 5/2022; tabela de 2013)";
3169406;26.0;2.0;A2;3;2022-08-01;"INCRA — Índices Básicos (IE nº 5/2022; tabela de 2013)";
3169505;30.0;2.0;A2;2;2022-08-01;"INCRA — Índices Básicos (IE nº 5/2022; tabela de 2013)";
3169604;20.0;2.0;A2;2;2022-08-01;"INCRA — Índices Básicos (IE nº 5/2022; tabela de 2013)";
3169703;40.0;2.0;A3;3;2022-08-01;"INCRA — Índices Básicos (IE nº 5/2022; tabela de 2013)";
3169802;30.0;2.0;A2;2;2022-08-01;"INCRA — Índices Básicos (IE nº 5/2022; tabela de 2013)";
3169901;30.0;2.0;A2;2;2022-08-01;"INCRA — Índices Básicos (IE nº 5/2022; tabela de 2013)";
3170008;50.0;2.0;A3;4;2022-08-01;"INCRA — Índices Básicos (IE nº 5/2022; tabela de 2013)";
3170057;20.0;2.0;A2;2;2022-08-01;"INCRA — Índices Básicos (IE nº 5/2022; tabela de 2013)";
3170107;24.0;2.0;A2;2;2022-08-01;"INCRA — Índices Básicos (IE nº 5/2022; tabela de 2013)";
3170206;20.0;2.0;A2;2;2022-08-01;"INCRA — Índices Básicos (IE nº 5/2022; tabela de 2013)";
3170305;60.0;2.0;A3;3;2022-08-01;"INCRA — Índices Básicos (IE nº 5/2022; tabela de 2013)";
3170438;30.0;2.0;A3;2;2022-08-01;"INCRA — Índices Básicos (IE nº 5/2022; tabela de 2013)";
3170503;26.0;2.0;A3;2;2022-08-01;"INCRA — Índices Básicos (IE nº 5/2022; tabela de 2013)";
3170529;65.0;2.0;A3;4;2022-08-01;"INCRA — Índices Básicos (IE nº 5/2022; tabela de 2013)";
3170578;20.0;2.0;A2;2;2022-08-01;"INCRA — Índices Básicos (IE nº 5/2022; tabela de 2013)";
3170602;35.0;2.0;A3;3;2022-08-01;"INCRA — Índices Básicos (IE nº 5/2022; tabela de 2013)";
3170651;65.0;2.0;A3;4;2022-08-01;"INCRA — Índices Básicos (IE nº 5/2022; tabela de 2013)";
3170701;26.0;2.0;A2;3;2022-08-01;"INCRA — Índices Básicos (IE nº 5/2022; tabela de 2013)";
3170750;40.0;2.0;A2;3;2022-08-01;"INCRA — Índices Básicos (IE nº 5/2022; tabela de 2013)";
3170800;50.0;2.0;A3;3;2022-08-01;"INCRA — Índices Básicos (IE nº 5/2022; tabela de 2013)";
3170909;50.0;2.0;A2;4;2022-08-01;"INCRA — Índices Básicos (IE nº 5/2022; tabela de 2013)";
3171006;50.0;2.0;A2;4;2022-08-01;"INCRA — Índices Básicos (IE nº 5/2022; tabela de 2013)";
3171030;50.0;2.0;A3;4;2022-08-01;"INCRA — Índices Básicos (IE nº 5/2022; tabela de 2013)";
3171071;40.0;2.0;A3;3;2022-08-01;"INCRA — Índices Básicos (IE nº 5/2022; tabela de 2013)";
3171105;24.0;2.0;A2;2;2022-08-01;"INCRA — Índices Básicos (IE nº 5/2022; tabela de 2013)";
3171154;26.0;2.0;A2;2;2022-08-01;"INCRA — Índices Básicos (IE nº 5/2022; tabela de 2013)";
3171204;7.0;2.0;A1;1;2022-08-01;"INCRA — Índices Básicos (IE nº 5/2022; tabela de 2013)";
3171303;22.0;2.0;A3;2;2022-08-01;"INCRA — Índices Básicos (IE nº 5/2022; tabela de 2013)";
3171402;28.0;2.0;A2;2;2022-08-01;"INCRA — Índices Básicos (IE nº 5/2022; tabela de 2013)";
3171600;65.0;2.0;A3;4;2022-08-01;"INCRA — Índices Básicos (IE nº 5/2022; tabela de 2013)";
3171709;30.0;2.0;A3;2;2022-08-01;"INCRA — Índices Básicos (IE nº 5/2022; tabela de 2013)";
3171808;24.0;2.0;A3;3;2022-08-01;"INCRA — Índices Básicos (IE nº 5/2022; tabela de 2013)";
3171907;24.0;2.0;A2;3;2022-08-01;"INCRA — Índices Básicos (IE nº 5/2022; tabela de 2013)";
3172004;30.0;2.0;A2;2;2022-08-01;"INCRA — Índices Básicos (IE nº 5/2022; tabela de 2013)";
3172103;30.0;2.0;A2;2;2022-08-01;"INCRA — Índices Básicos (IE nº 5/2022; tabela de 2013)";
3172202;30.0;2.0;A2;2;2022-08-01;"INCRA — Índices Básicos (IE nº 5/2022; tabela de 2013)";
3300100;16.0;2.0;A2;3;2022-08-01;"INCRA — Índices Básicos (IE nº 5/2022; tabela de 2013)";
3300159;35.0;2.0;A3;2;2022-08-01;"INCRA — Índices Básicos (IE nº 5/2022; tabela de 2013)";
3300209;14.0;2.0;A2;2;2022-08-01;"INCRA — Índices Básicos (IE nº 5/2022; tabela de 2013)";
3300225;28.0;2.0;A2;3;2022-08-01;"INCRA — Índices Básicos (IE nº 5/2022; tabela de 2013)";
3300233;14.0;2.0;A2;2;2022-08-01;"INCRA — Índices Básicos (IE nº 5/2022; tabela de 2013)";
3300258;14.0;2.0;A2;2;2022-08-01;"INCRA — Índices Básicos (IE nº 5/2022; tabela de 2013)";
3300308;20.0;2.0;A2;3;2022-08-01;"INCRA — Índices Básicos (IE nº 5/2022; tabela de 2013)";
3300407;26.0;2.0;A2;3;2022-08-01;"INCRA — Índices Básicos (IE nº 5/2022; tabela de 2013)";
3300456;10.0;2.0;A1;2;2022-08-01;"INCRA — Índices Básicos (IE nº 5/2022; tabela de 2013)";
3300506;25.0;2.0;A2;3;2022-08-01;"INCRA — Índices Básicos (IE nº 5/2022; tabela de 2013)";
3300605;30.0;2.0;A2;2;2022-08-01;"INCRA — Índices Básicos (IE nº 5/2022; tabela de 2013)";
3300704;14.0;2.0;A2;2;2022-08-01;"INCRA — Índices Básicos (IE nº 5/2022; tabela de 2013)";
3300803;14.0;2.0;A3;3;2022-08-01;"INCRA — Índices Básicos (IE nº 5/2022; tabela de 2013)";
3300902;35.0;2.0;A3;2;2022-08-01;"INCRA — Índices Básicos (IE nº 5/2022; tabela de 2013)";
3301009;12.0;2.0;A2;2;2022-08-01;"INCRA — Índices Básicos (IE nº 5/2022; tabela de 2013)";
3301108;35.0;2.0;A2;2;2022-08-01;"INCRA — Índices Básicos (IE nº 5/2022; tabela de 2013)";
3300936;12.0;2.0;A2;2;2022-08-01;"INCRA — Índices Básicos (IE nº 5/2022; tabela de 2013)";
3301157;12.0;2.0;A2;2;2022-08-01;"INCRA — Índices Básicos (IE nº 5/2022; tabela de 2013)";
3301207;35.0;2.0;A2;2;2022-08-01;"INCRA — Índices Básicos (IE nº 5/2022; tabela de 2013)";
3301306;18.0;2.0;A2;3;2022-08-01;"INCRA — Índices Básicos (IE nº 5/2022; tabela de 2013)";
3300951;28.0;2.0;A2;3;2022-08-01;"INCRA — Índices Básicos (IE nº 5/2022; tabela de 2013)";
3301405;12.0;2.0;A2;2;2022-08-01;"INCRA — Índices Básicos (IE nº 5/2022; tabela de 2013)";
3301504;35.0;2.0;A2;3;2022-08-01;"INCRA — Índices Básicos (IE nº 5/2022; tabela de 2013)";
3301603;26.0;2.0;A2;2;2022-08-01;"INCRA — Índices Básicos (IE nº 5/2022; tabela de 2013)";
3301702;10.0;2.0;A1;2;2022-08-01;"INCRA — Índices Básicos (IE nº 5/2022; tabela de 2013)";
3301801;14.0;2.0;A2;3;2022-08-01;"INCRA — Índices Básicos (IE nº 5/2022; tabela de 2013)";
3301850;10.0;2.0;A1;2;2022-08-01;"INCRA — Índices Básicos (IE nº 5/2022; tabela de 2013)";
3301876;14.0;2.0;A2;2;2022-08-01;"INCRA — Índices Básicos (IE nº 5/2022; tabela de 2013)";
3301900;10.0;2.0;A1;2;2022-08-01;"INCRA — Índices Básicos (IE nº 5/2022; tabela de 2013)";
3302007;10.0;2.0;A1;2;2022-08-01;"INCRA — Índices Básicos (IE nº 5/2022; tabela de 2013)";
3302056;12.0;2.0;A2;2;2022-08-01;"INCRA — Índices Básicos (IE nº 5/2022; tabela de 2013)";
3302106;22.0;2.0;A3;2;2022-08-01;"INCRA — Índices Básicos (IE nº 5/2022; tabela de 2013)";
3302205;30.0;2.0;A2;2;2022-08-01;"INCRA — Índices Básicos (IE nº 5/2022; tabela de 2013)";
3302254;26.0;2.0;A2;3;2022-08-01;"INCRA — Índices Básicos (IE nº 5/2022; tabela de 2013)";
3302270;10.0;2.0;A1;2;2022-08-01;"INCRA — Índices Básicos (IE nº 5/2022; tabela de 2013)";
3302304;28.0;2.0;A2;2;2022-08-01;"INCRA — Índices Básicos (IE nº 5/2022; tabela de 2013)";
3302403;12.0;2.0;A2;2;2022-08-01;"INCRA — Índices Básicos (IE nº 5/2022; tabela de 2013)";
3302452;35.0;2.0;A2;3;2022-08-01;"INCRA — Índices Básicos (IE nº 5/2022; tabela de 2013)";
3302502;10.0;2.0;A1;2;2022-08-01;"INCRA — Índices Básicos (IE nº 5/2022; tabela de 2013)";
3302601;16.0;2.0;A1;2;2022-08-01;"INCRA — Índices Básicos (IE nº 5/2022; tabela de 2013)";
3302700;14.0;2.0;A1;2;2022-08-01;"INCRA — Índices Básicos (IE nº 5/2022; tabela de 2013)";
3302809;18.0;2.0;A2;3;2022-08-01;"INCRA — Índices Básicos (IE nº 5/2022; tabela de 2013)";
3302858;10.0;2.0;A1;2;2022-08-01;"INCRA — Índices Básicos (IE nº 5/2022; tabela de 2013)";
3302908;16.0;2.0;A2;3;2022-08-01;"INCRA — Índices Básicos (IE nº 5/2022; tabela de 2013)";
3303005;35.0;2.0;A3;2;2022-08-01;"INCRA — Índices Básicos (IE nº 5/2022; tabela de 2013)";
3303104;30.0;2.0;A2;2;2022-08-01;"INCRA — Índices Básicos (IE nº 5/2022; tabela de 2013)";
3303203;10.0;2.0;A1;2;2022-08-01;"INCRA — Índices Básicos (IE nº 5/2022; tabela de 2013)";
3303302;5.0;2.0;A1;2;2022-08-01;"INCRA — Índices Básicos (IE nº 5/2022; tabela de 2013)";
3303401;10.0;2.0;A2;3;2022-08-01;"INCRA — Índices Básicos (IE nº 5/2022; tabela de 2013)";
3303500;10.0;2.0;A1;2;2022-08-01;"INCRA — Índices Básicos (IE nº 5/2022; tabela de 2013)";
3303609;10.0;2.0;A1;2;2022-08-01;"INCRA — Índices Básicos (IE nº 5/2022; tabela de 2013)";
3303708;28.0;2.0;A2;3;2022-08-01;"INCRA — Índices Básicos (IE nº 5/2022; tabela de 2013)";
3303807;16.0;2.0;A2;3;2022-08-01;"INCRA — Índices Básicos (IE nº 5/2022; tabela de 2013)";
3303856;16.0;2.0;A2;3;2022-08-01;"INCRA — Índices Básicos (IE nº 5/2022; tabela de 2013)";
3303906;10.0;2.0;A2;3;2022-08-01;"INCRA — Índices Básicos (IE nº 5/2022; tabela de 2013)";
3303955;16.0;2.0;A2;3;2022-08-01;"INCRA — Índices Básicos (IE nº 5/2022; tabela de 2013)";
3304003;16.0;2.0;A2;3;2022-08-01;"INCRA — Índices Básicos (IE nº 5/2022; tabela de 2013)";
3304102;30.0;2.0;A2;2;2022-08-01;"INCRA — Índices Básicos (IE nº 5/2022; tabela de 2013)";
3304110;26.0;2.0;A2;3;2022-08-01;"INCRA — Índices Básicos (IE nº 5/2022; tabela de 2013)";
3304128;26.0;2.0;A2;3;2022-08-01;"INCRA — Índices Básicos (IE nº 5/2022; tabela de 2013)";
3304144;10.0;2.0;A1;2;2022-08-01;"INCRA — Índices Básicos (IE nº 5/2022; tabela de 2013)";
3304151;12.0;2.0;A2;2;2022-08-01;"INCRA — Índices Básicos (IE nº 5/2022; tabela de 2013)";
3304201;26.0;2.0;A2;3;2022-08-01;"INCRA — Índices Básicos (IE nº 5/2022; tabela de 2013)";
3304300;14.0;2.0;A3;3;2022-08-01;"INCRA — Índices Básicos (IE nº 5/2022; tabela de 2013)";
3304409;20.0;2.0;A2;3;2022-08-01;"INCRA — Índices Básicos (IE nº 5/2022; tabela de 2013)";
3304508;22.0;2.0;A2;3;2022-08-01;"INCRA — Índices Básicos (IE nº 5/2022; tabela de 2013)";
3304524;18.0;2.0;A2;3;2022-08-01;"INCRA — Índices Básicos (IE nº 5/2022; tabela de 2013)";
3304557;5.0;2.0;A1;1;2022-08-01;"INCRA — Índices Básicos (IE nº 5/2022; tabela de 2013)";
3304607;35.0;2.0;A2;3;2022-08-01;"INCRA — Índices Básicos (IE nº 5/2022; tabela de 2013)";
3304706;35.0;2.0;A3;2;2022-08-01;"INCRA — Índices Básicos (IE nº 5/2022; tabela de 2013)";
3304755;12.0;2.0;A2;2;2022-08-01;"INCRA — Índices Básicos (IE nº 5/2022; tabela de 2013)";
3304805;12.0;2.0;A2;2;2022-08-01;"INCRA — Índices Básicos (IE nº 5/2022; tabela de 2013)";
3304904;10.0;2.0;A1;2;2022-08-01;"INCRA — Índices Básicos (IE nº 5/2022; tabela de 2013)";
3305000;12.0;2.0;A2;2;2022-08-01;"INCRA — Índices Básicos (IE nº 5/2022; tabela de 2013)";
3305109;10.0;2.0;A1;2;2022-08-01;"INCRA — Índices Básicos (IE nº 5/2022; tabela de 2013)";
3305133;35.0;2.0;A2;2;2022-08-01;"INCRA — Índices Básicos (IE nº 5/2022; tabela de 2013)";
3305158;10.0;2.0;A2;3;2022-08-01;"INCRA — Índices Básicos (IE nº 5/2022; tabela de 2013)";
3305208;14.0;2.0;A2;2;2022-08-01;"INCRA — Índices Básicos (IE nº 5/2022; tabela de 2013)";
3305307;35.0;2.0;A2;3;2022-08-01;"INCRA — Índices Básicos (IE nº 5/2022; tabela de 2013)";
3305406;28.0;2.0;A2;3;2022-08-01;"INCRA — Índices Básicos (IE nº 5/2022; tabela de 2013)";
3305505;14.0;2.0;A1;2;2022-08-01;"INCRA — Índices Básicos (IE nº 5/2022; tabela de 2013)";
3305554;10.0;2.0;A1;2;2022-08-01;"INCRA — Índices Básicos (IE nº 5/2022; tabela de 2013)";
3305604;16.0;2.0;A3;3;2022-08-01;"INCRA — Índices Básicos (IE nº 5/2022; tabela de 2013)";
3305703;26.0;2.0;A2;2;2022-08-01;"INCRA — Índices Básicos (IE nº 5/2022; tabela de 2013)";
3305752;10.0;2.0;A1;2;2022-08-01;"INCRA — Índices Básicos (IE nº 5/2022; tabela de 2013)";
3305802;10.0;2.0;A2;3;2022-08-01;"INCRA — Índices Básicos (IE nº 5/2022; tabela de 2013)";
3305901;35.0;2.0;A2;3;2022-08-01;"INCRA — Índices Básicos (IE nº 5/2022; tabela de 2013)";
3306008;28.0;2.0;A2;3;2022-08-01;"INCRA — Índices Básicos (IE nº 5/2022; tabela de 2013)";
3306107;24.0;2.0;A2;3;2022-08-01;"INCRA — Índices Básicos (IE nº 5/2022; tabela de 2013)";
3306156;30.0;2.0;A2;2;2022-08-01;"INCRA — Índices Básicos (IE nº 5/2022; tabela de 2013)";
3306206;16.0;2.0;A2;3;2022-08-01;"INCRA — Índices Básicos (IE nº 5/2022; tabela de 2013)";
3306305;14.0;2.0;A2;3;2022-08-01;"INCRA — Índices Básicos (IE nº 5/2022; tabela de 2013)";
3500105;20.0;2.0;A3;2;2022-08-01;"INCRA — Índices Básicos (IE nº 5/2022; tabela de 2013)";
3500204;22.0;2.0;A2;2;2022-08-01;"INCRA — Índices Básicos (IE nº 5/2022; tabela de 2013)";
3500303;18.0;2.0;A2;2;2022-08-01;"INCRA — Índices Básicos (IE nº 5/2022; tabela de 2013)";
3500402;22.0;2.0;A2;2;2022-08-01;"INCRA — Índices Básicos (IE nº 5/2022; tabela de 2013)";
3500501;16.0;2.0;A3;2;2022-08-01;"INCRA — Índices Básicos (IE nº 5/2022; tabela de 2013)";
3500550;30.0;2.0;A2;2;2022-08-01;"INCRA — Índices Básicos (IE nº 5/2022; tabela de 2013)";
3500600;18.0;2.0;A2;2;2022-08-01;"INCRA — Índices Básicos (IE nº 5/2022; tabela de 2013)";
3500709;12.0;2.0;A2;2;2022-08-01;"INCRA — Índices Básicos (IE nº 5/2022; tabela de 2013)";
3500758;22.0;2.0;A2;3;2022-08-01;"INCRA — Índices Básicos (IE nº 5/2022; tabela de 2013)";
3500808;22.0;2.0;A2;2;2022-08-01;"INCRA — Índices Básicos (IE nº 5/2022; tabela de 2013)";
3500907;28.0;2.0;A2;1;2022-08-01;"INCRA — Índices Básicos (IE nº 5/2022; tabela de 2013)";
3501004;22.0;2.0;A2;2;2022-08-01;"INCRA — Índices Básicos (IE nº 5/2022; tabela de 2013)";
3501103;30.0;2.0;A2;2;2022-08-01;"INCRA — Índices Básicos (IE nº 5/2022; tabela de 2013)";
3501152;12.0;2.0;A2;2;2022-08-01;"INCRA — Índices Básicos (IE nº 5/2022; tabela de 2013)";
3501202;28.0;2.0;A2;1;2022-08-01;"INCRA — Índices Básicos (IE nº 5/2022; tabela de 2013)";
3501301;22.0;2.0;A2;2;2022-08-01;"INCRA — Índices Básicos (IE nº 5/2022; tabela de 2013)";
3501400;14.0;2.0;A2;2;2022-08-01;"INCRA — Índices Básicos (IE nº 5/2022; tabela de 2013)";
3501509;14.0;2.0;A2;2;2022-08-01;"INCRA — Índices Básicos (IE nº 5/2022; tabela de 2013)";
3501608;12.0;2.0;A1;1;2022-08-01;"INCRA — Índices Básicos (IE nº 5/2022; tabela de 2013)";
3501707;12.0;2.0;A2;2;2022-08-01;"INCRA — Índices Básicos (IE nº 5/2022; tabela de 2013)";
3501806;30.0;2.0;A2;1;2022-08-01;"INCRA — Índices Básicos (IE nº 5/2022; tabela de 2013)";
3501905;20.0;2.0;A3;2;2022-08-01;"INCRA — Índices Básicos (IE nº 5/2022; tabela de 2013)";
3502002;18.0;2.0;A2;2;2022-08-01;"INCRA — Índices Básicos (IE nº 5/2022; tabela de 2013)";
3502101;30.0;2.0;A3;1;2022-08-01;"INCRA — Índices Básicos (IE nº 5/2022; tabela de 2013)";
3502200;22.0;2.0;A2;3;2022-08-01;"INCRA — Índices Básicos (IE nº 5/2022; tabela de 2013)";
3502309;30.0;2.0;A2;2;2022-08-01;"INCRA — Índices Básicos (IE nº 5/2022; tabela de 2013)";
3502408;24.0;2.0;A2;2;2022-08-01;"INCRA — Índices Básicos (IE nº 5/2022; tabela de 2013)";
3502507;24.0;2.0;A2;3;2022-08-01;"INCRA — Índices Básicos (IE nº 5/2022; tabela de 2013)";
3502606;30.0;2.0;A3;1;2022-08-01;"INCRA — Índices Básicos (IE nº 5/2022; tabela de 2013)";
3502705;16.0;2.0;A2;3;2022-08-01;"INCRA — Índices Básicos (IE nº 5/2022; tabela de 2013)";
3502754;12.0;2.0;A2;2;2022-08-01;"INCRA — Índices Básicos (IE nº 5/2022; tabela de 2013)";
3502804;30.0;2.0;A2;1;2022-08-01;"INCRA — Índices Básicos (IE nº 5/2022; tabela de 2013)";
3502903;12.0;2.0;A2;2;2022-08-01;"INCRA — Índices Básicos (IE nº 5/2022; tabela de 2013)";
3503000;20.0;2.0;A3;1;2022-08-01;"INCRA — Índices Básicos (IE nº 5/2022; tabela de 2013)";
3503109;22.0;2.0;A2;2;2022-08-01;"INCRA — Índices Básicos (IE nº 5/2022; tabela de 2013)";
3503158;24.0;2.0;A2;3;2022-08-01;"INCRA — Índices Básicos (IE nº 5/2022; tabela de 2013)";
3503208;12.0;2.0;A2;2;2022-08-01;"INCRA — Índices Básicos (IE nº 5/2022; tabela de 2013)";
3503307;10.0;2.0;A2;1;2022-08-01;"INCRA — Índices Básicos (IE nº 5/2022; tabela de 2013)";
3503356;20.0;2.0;A2;2;2022-08-01;"INCRA — Índices Básicos (IE nº 5/2022; tabela de 2013)";
3503406;14.0;2.0;A2;2;2022-08-01;"INCRA — Índices Básicos (IE nº 5/2022; tabela de 2013)";
3503505;35.0;2.0;A2;3;2022-08-01;"INCRA — Índices Básicos (IE nº 5/2022; tabela de 2013)";
3503604;16.0;2.0;A2;2;2022-08-01;"INCRA — Índices Básicos (IE nº 5/2022; tabela de 2013)";
3503703;16.0;2.0;A2;2;2022-08-01;"INCRA — Índices Básicos (IE nº 5/2022; tabela de 2013)";
3503802;10.0;2.0;A1;1;2022-08-01;"INCRA — Índices Básicos (IE nº 5/2022; tabela de 2013)";
3503901;5.0;2.0;A1;1;2022-08-01;"INCRA — Índices Básicos (IE nº 5/2022; tabela de 2013)";
3503950;26.0;2.0;A3;1;2022-08-01;"INCRA — Índices Básicos (IE nº 5/2022; tabela de 2013)";
3504008;20.0;2.0;A2;2;2022-08-01;"INCRA — Índices Básicos (IE nº 5/2022; tabela de 2013)";
3504107;16.0;2.0;A2;2;2022-08-01;"INCRA — Índices Básicos (IE nº 5/2022; tabela de 2013)";
3504206;35.0;2.0;A2;1;2022-08-01;"INCRA — Índices Básicos (IE nº 5/2022; tabela de 2013)";
3504305;14.0;2.0;A2;2;2022-08-01;"INCRA — Índices Básicos (IE nº 5/2022; tabela de 2013)";
3504404;30.0;2.0;A2;2;2022-08-01;"INCRA — Índices Básicos (IE nº 5/2022; tabela de 2013)";
3504503;30.0;2.0;A2;2;2022-08-01;"INCRA — Índices Básicos (IE nº 5/2022; tabela de 2013)";
3504602;16.0;2.0;A2;2;2022-08-01;"INCRA — Índices Básicos (IE nº 5/2022; tabela de 2013)";
3504701;20.0;2.0;A2;2;2022-08-01;"INCRA — Índices Básicos (IE nº 5/2022; tabela de 2013)";
3504800;20.0;2.0;A2;2;2022-08-01;"INCRA — Índices Básicos (IE nº 5/2022; tabela de 2013)";
3504909;24.0;2.0;A2;3;2022-08-01;"INCRA — Índices Básicos (IE nº 5/2022; tabela de 2013)";
3505005;20.0;2.0;A2;3;2022-08-01;"INCRA — Índices Básicos (IE nº 5/2022; tabela de 2013)";
3505104;30.0;2.0;A2;2;2022-08-01;"INCRA — Índices Básicos (IE nº 5/2022; tabela de 2013)";
3505203;16.0;2.0;A2;2;2022-08-01;"INCRA — Índices Básicos (IE nº 5/2022; tabela de 2013)";
3505302;14.0;2.0;A2;2;2022-08-01;"INCRA — Índices Básicos (IE nº 5/2022; tabela de 2013)";
3505351;16.0;2.0;A2;3;2022-08-01;"INCRA — Índices Básicos (IE nº 5/2022; tabela de 2013)";
3505401;16.0;2.0;A3;3;2022-08-01;"INCRA — Índices Básicos (IE nº 5/2022; tabela de 2013)";
3505500;22.0;2.0;A2;1;2022-08-01;"INCRA — Índices Básicos (IE nº 5/2022; tabela de 2013)";
3505609;12.0;2.0;A2;1;2022-08-01;"INCRA — Índices Básicos (IE nº 5/2022; tabela de 2013)";
3505708;7.0;2.0;A1;1;2022-08-01;"INCRA — Índices Básicos (IE nº 5/2022; tabela de 2013)";
3505807;16.0;2.0;A2;2;2022-08-01;"INCRA — Índices Básicos (IE nº 5/2022; tabela de 2013)";
3505906;22.0;2.0;A2;2;2022-08-01;"INCRA — Índices Básicos (IE nº 5/2022; tabela de 2013)";
3506003;12.0;2.0;A2;2;2022-08-01;"INCRA — Índices Básicos (IE nº 5/2022; tabela de 2013)";
3506102;14.0;2.0;A2;1;2022-08-01;"INCRA — Índices Básicos (IE nº 5/2022; tabela de 2013)";
3506201;30.0;2.0;A2;1;2022-08-01;"INCRA — Índices Básicos (IE nº 5/2022; tabela de 2013)";
3506300;20.0;2.0;A2;2;2022-08-01;"INCRA — Índices Básicos (IE nº 5/2022; tabela de 2013)";
3506359;10.0;2.0;A2;3;2022-08-01;"INCRA — Índices Básicos (IE nº 5/2022; tabela de 2013)";
3506409;30.0;2.0;A2;2;2022-08-01;"INCRA — Índices Básicos (IE nº 5/2022; tabela de 2013)";
3506508;30.0;2.0;A2;2;2022-08-01;"INCRA — Índices Básicos (IE nº 5/2022; tabela de 2013)";
3506607;5.0;2.0;A1;1;2022-08-01;"INCRA — Índices Básicos (IE nº 5/2022; tabela de 2013)";
3506706;12.0;2.0;A2;2;2022-08-01;"INCRA — Índices Básicos (IE nº 5/2022; tabela de 2013)";
3506805;16.0;2.0;A2;2;2022-08-01;"INCRA — Índices Básicos (IE nº 5/2022; tabela de 2013)";
3506904;20.0;2.0;A2;2;2022-08-01;"INCRA — Índices Básicos (IE nº 5/2022; tabela de 2013)";
3507001;18.0;2.0;A2;2;2022-08-01;"INCRA — Índices Básicos (IE nº 5/2022; tabela de 2013)";
3507100;16.0;2.0;A2;2;2022-08-01;"INCRA — Índices Básicos (IE nº 5/2022; tabela de 2013)";
3507159;20.0;2.0;A2;3;2022-08-01;"INCRA — Índices Básicos (IE nº 5/2022; tabela de 2013)";
3507209;20.0;2.0;A2;2;2022-08-01;"INCRA — Índices Básicos (IE nº 5/2022; tabela de 2013)";
3507308;16.0;2.0;A2;2;2022-08-01;"INCRA — Índices Básicos (IE nº 5/2022; tabela de 2013)";
3507407;16.0;2.0;A2;2;2022-08-01;"INCRA — Índices Básicos (IE nº 5/2022; tabela de 2013)";
3507456;12.0;2.0;A2;2;2022-08-01;"INCRA — Índices Básicos (IE nº 5/2022; tabela de 2013)";
3507506;20.0;2.0;A2;2;2022-08-01;"INCRA — Índices Básicos (IE nº 5/2022; tabela de 2013)";
3507605;16.0;2.0;A2;2;2022-08-01;"INCRA — Índices Básicos (IE nº 5/2022; tabela de 2013)";
3507704;30.0;2.0;A2;2;2022-08-01;"INCRA — Índices Básicos (IE nº 5/2022; tabela de 2013)";
3507753;30.0;2.0;A2;2;2022-08-01;"INCRA — Índices Básicos (IE nº 5/2022; tabela de 2013)";
3507803;22.0;2.0;A2;2;2022-08-01;"INCRA — Índices Básicos (IE nº 5/2022; tabela de 2013)";
3507902;18.0;2.0;A2;2;2022-08-01;"INCRA — Índices Básicos (IE nº 5/2022; tabela de 2013)";
3508009;20.0;2.0;A2;3;2022-08-01;"INCRA — Índices Básicos (IE nº 5/2022; tabela de 2013)";
3508108;30.0;2.0;A2;2;2022-08-01;"INCRA — Índices Básicos (IE nº 5/2022; tabela de 2013)";
3508207;22.0;2.0;A3;1;2022-08-01;"INCRA — Índices Básicos (IE nº 5/2022; tabela de 2013)";
3508306;12.0;2.0;A2;2;2022-08-01;"INCRA — Índices Básicos (IE nº 5/2022; tabela de 2013)";
3508405;12.0;2.0;A2;2;2022-08-01;"INCRA — Índices Básicos (IE nº 5/2022; tabela de 2013)";
3508504;16.0;2.0;A2;3;2022-08-01;"INCRA — Índices Básicos (IE nº 5/2022; tabela de 2013)";
3508603;24.0;2.0;A2;3;2022-08-01;"INCRA — Índices Básicos (IE nº 5/2022; tabela de 2013)";
3508702;22.0;2.0;A2;2;2022-08-01;"INCRA — Índices Básicos (IE nº 5/2022; tabela de 2013)";
3508801;20.0;2.0;A2;2;2022-08-01;"INCRA — Índices Básicos (IE nº 5/2022; tabela de 2013)";
3508900;22.0;2.0;A2;2;2022-08-01;"INCRA — Índices Básicos (IE nº 5/2022; tabela de 2013)";
3509007;7.0;2.0;A1;1;2022-08-01;"INCRA — Índices Básicos (IE nº 5/2022; tabela de 2013)";
3509106;30.0;2.0;A2;2;2022-08-01;"INCRA — Índices Básicos (IE nº 5/2022; tabela de 2013)";
3509205;7.0;2.0;A1;1;2022-08-01;"INCRA — Índices Básicos (IE nº 5/2022; tabela de 2013)";
3509254;16.0;2.0;A3;3;2022-08-01;"INCRA — Índices Básicos (IE nº 5/2022; tabela de 2013)";
3509304;16.0;2.0;A2;2;2022-08-01;"INCRA — Índices Básicos (IE nº 5/2022; tabela de 2013)";
3509403;16.0;2.0;A2;2;2022-08-01;"INCRA — Índices Básicos (IE nº 5/2022; tabela de 2013)";
3509452;22.0;2.0;A2;3;2022-08-01;"INCRA — Índices Básicos (IE nº 5/2022; tabela de 2013)";
3509502;10.0;2.0;A1;1;2022-08-01;"INCRA — Índices Básicos (IE nº 5/2022; tabela de 2013)";
3509601;12.0;2.0;A2;2;2022-08-01;"INCRA — Índices Básicos (IE nº 5/2022; tabela de 2013)";
3509700;12.0;2.0;A2;3;2022-08-01;"INCRA — Índices Básicos (IE nº 5/2022; tabela de 2013)";
3509809;20.0;2.0;A2;2;2022-08-01;"INCRA — Índices Básicos (IE nº 5/2022; tabela de 2013)";
3509908;16.0;2.0;A3;3;2022-08-01;"INCRA — Índices Básicos (IE nº 5/2022; tabela de 2013)";
3509957;24.0;2.0;A2;3;2022-08-01;"INCRA — Índices Básicos (IE nº 5/2022; tabela de 2013)";
3510005;20.0;2.0;A2;2;2022-08-01;"INCRA — Índices Básicos (IE nº 5/2022; tabela de 2013)";
3510104;14.0;2.0;A2;1;2022-08-01;"INCRA — Índices Básicos (IE nº 5/2022; tabela de 2013)";
3510153;20.0;2.0;A2;2;2022-08-01;"INCRA — Índices Básicos (IE nº 5/2022; tabela de 2013)";
3510203;16.0;2.0;A2;3;2022-08-01;"INCRA — Índices Básicos (IE nº 5/2022; tabela de 2013)";
3510302;18.0;2.0;A2;2;2022-08-01;"INCRA — Índices Básicos (IE nº 5/2022; tabela de 2013)";
3510401;10.0;2.0;A2;2;2022-08-01;"INCRA — Índices Básicos (IE nº 5/2022; tabela de 2013)";
3510500;16.0;2.0;A2;3;2022-08-01;"INCRA — Índices Básicos (IE nº 5/2022; tabela de 2013)";
3510609;5.0;2.0;A1;1;2022-08-01;"INCRA — Índices Básicos (IE nº 5/2022; tabela de 2013)";
3510708;30.0;2.0;A2;1;2022-08-01;"INCRA — Índices Básicos (IE nº 5/2022; tabela de 2013)";
3510807;18.0;2.0;A2;2;2022-08-01;"INCRA — Índices Básicos (IE nº 5/2022; tabela de 2013)";
3510906;16.0;2.0;A2;2;2022-08-01;"INCRA — Índices Básicos (IE nº 5/2022; tabela de 2013)";
3511003;35.0;2.0;A3;1;2022-08-01;"INCRA — Índices Básicos (IE nº 5/2022; tabela de 2013)";
3511102;16.0;2.0;A2;2;2022-08-01;"INCRA — Índices Básicos (IE nº 5/2022; tabela de 2013)";
3511201;16.0;2.0;A2;2;2022-08-01;"INCRA — Índices Básicos (IE nº 5/2022; tabela de 2013)";
3511300;20.0;2.0;A2;2;2022-08-01;"INCRA — Índices Básicos (IE nº 5/2022; tabela de 2013)";
3511409;22.0;2.0;A2;2;2022-08-01;"INCRA — Índices Básicos (IE nº 5/2022; tabela de 2013)";
3511508;20.0;2.0;A2;2;2022-08-01;"INCRA — Índices Básicos (IE nº 5/2022; tabela de 2013)";
3511607;18.0;2.0;A2;2;2022-08-01;"INCRA — Índices Básicos (IE nº 5/2022; tabela de 2013)";
3511706;10.0;2.0;A2;2;2022-08-01;"INCRA — Índices Básicos (IE nº 5/2022; tabela de 2013)";
3557204;20.0;2.0;A2;2;2022-08-01;"INCRA — Índices Básicos (IE nº 5/2022; tabela de 2013)";
3511904;30.0;2.0;A2;2;2022-08-01;"INCRA — Índices Básicos (IE nº 5/2022; tabela de 2013)";
3512001;18.0;2.0;A2;1;2022-08-01;"INCRA — Índices Básicos (IE nº 5/2022; tabela de 2013)";
3512100;22.0;2.0;A2;1;2022-08-01;"INCRA — Índices Básicos (IE nº 5/2022; tabela de 2013)";
3512209;12.0;2.0;A2;1;2022-08-01;"INCRA — Índices Básicos (IE nº 5/2022; tabela de 2013)";
3512308;30.0;2.0;A2;2;2022-08-01;"INCRA — Índices Básicos (IE nº 5/2022; tabela de 2013)";
3512407;10.0;2.0;A2;1;2022-08-01;"INCRA — Índices Básicos (IE nº 5/2022; tabela de 2013)";
3512506;30.0;2.0;A2;2;2022-08-01;"INCRA — Índices Básicos (IE nº 5/2022; tabela de 2013)";
3512605;20.0;2.0;A2;2;2022-08-01;"INCRA — Índices Básicos (IE nº 5/2022; tabela de 2013)";
3512704;18.0;2.0;A2;2;2022-08-01;"INCRA — Índices Básicos (IE nº 5/2022; tabela de 2013)";
3512803;10.0;2.0;A1;1;2022-08-01;"INCRA — Índices Básicos (IE nº 5/2022; tabela de 2013)";
3512902;30.0;2.0;A2;1;2022-08-01;"INCRA — Índices Básicos (IE nº 5/2022; tabela de 2013)";
3513009;5.0;2.0;A1;1;2022-08-01;"INCRA — Índices Básicos (IE nº 5/2022; tabela de 2013)";
3513108;12.0;2.0;A2;1;2022-08-01;"INCRA — Índices Básicos (IE nº 5/2022; tabela de 2013)";
3513207;16.0;2.0;A2;2;2022-08-01;"INCRA — Índices Básicos (IE nº 5/2022; tabela de 2013)";
3513306;20.0;2.0;A2;2;2022-08-01;"INCRA — Índices Básicos (IE nº 5/2022; tabela de 2013)";
3513405;24.0;2.0;A2;3;2022-08-01;"INCRA — Índices Básicos (IE nº 5/2022; tabela de 2013)";
3513504;10.0;2.0;A2;3;2022-08-01;"INCRA — Índices Básicos (IE nº 5/2022; tabela de 2013)";
3513603;40.0;2.0;A2;3;2022-08-01;"INCRA — Índices Básicos (IE nº 5/2022; tabela de 2013)";
3513702;12.0;2.0;A2;2;2022-08-01;"INCRA — Índices Básicos (IE nº 5/2022; tabela de 2013)";
3513801;7.0;2.0;A1;1;2022-08-01;"INCRA — Índices Básicos (IE nº 5/2022; tabela de 2013)";
3513850;22.0;2.0;A3;1;2022-08-01;"INCRA — Índices Básicos (IE nº 5/2022; tabela de 2013)";
3513900;22.0;2.0;A2;2;2022-08-01;"INCRA — Índices Básicos (IE nº 5/2022; tabela de 2013)";
3514007;12.0;2.0;A2;2;2022-08-01;"INCRA — Índices Básicos (IE nº 5/2022; tabela de 2013)";
3514106;18.0;2.0;A2;2;2022-08-01;"INCRA — Índices Básicos (IE nº 5/2022; tabela de 2013)";
3514205;30.0;2.0;A3;1;2022-08-01;"INCRA — Índices Básicos (IE nº 5/2022; tabela de 2013)";
3514304;14.0;2.0;A2;2;2022-08-01;"INCRA — Índices Básicos (IE nº 5/2022; tabela de 2013)";
3514403;20.0;2.0;A3;2;2022-08-01;"INCRA — Índices Básicos (IE nº 5/2022; tabela de 2013)";
3514502;12.0;2.0;A2;2;2022-08-01;"INCRA — Índices Básicos (IE nº 5/2022; tabela de 2013)";
3514601;12.0;2.0;A2;1;2022-08-01;"INCRA — Índices Básicos (IE nº 5/2022; tabela de 2013)";
3514700;20.0;2.0;A2;2;2022-08-01;"INCRA — Índices Básicos (IE nº 5/2022; tabela de 2013)";
3514809;16.0;2.0;A3;3;2022-08-01;"INCRA — Índices Básicos (IE nº 5/2022; tabela de 2013)";
3514908;10.0;2.0;A1;1;2022-08-01;"INCRA — Índices Básicos (IE nº 5/2022; tabela de 2013)";
3514924;16.0;2.0;A2;2;2022-08-01;"INCRA — Índices Básicos (IE nº 5/2022; tabela de 2013)";
3514957;16.0;2.0;A2;2;2022-08-01;"INCRA — Índices Básicos (IE nº 5/2022; tabela de 2013)";
3515004;5.0;2.0;A1;1;2022-08-01;"INCRA — Índices Básicos (IE nº 5/2022; tabela de 2013)";
3515103;5.0;2.0;A1;1;2022-08-01;"INCRA — Índices Básicos (IE nº 5/2022; tabela de 2013)";
3515129;22.0;2.0;A2;2;2022-08-01;"INCRA — Índices Básicos (IE nº 5/2022; tabela de 2013)";
3515152;10.0;2.0;A2;1;2022-08-01;"INCRA — Índices Básicos (IE nº 5/2022; tabela de 2013)";
3515186;22.0;2.0;A2;2;2022-08-01;"INCRA — Índices Básicos (IE nº 5/2022; tabela de 2013)";
3515194;20.0;2.0;A2;2;2022-08-01;"INCRA — Índices Básicos (IE nº 5/2022; tabela de 2013)";
3557303;18.0;2.0;A2;2;2022-08-01;"INCRA — Índices Básicos (IE nº 5/2022; tabela de 2013)";
3515301;22.0;2.0;A2;2;2022-08-01;"INCRA — Índices Básicos (IE nº 5/2022; tabela de 2013)";
3515202;26.0;2.0;A2;1;2022-08-01;"INCRA — Índices Básicos (IE nº 5/2022; tabela de 2013)";
3515350;30.0;2.0;A2;2;2022-08-01;"INCRA — Índices Básicos (IE nº 5/2022; tabela de 2013)";
3515400;20.0;2.0;A2;2;2022-08-01;"INCRA — Índices Básicos (IE nº 5/2022; tabela de 2013)";
3515608;14.0;2.0;A2;1;2022-08-01;"INCRA — Índices Básicos (IE nº 5/2022; tabela de 2013)";
3515509;26.0;2.0;A2;1;2022-08-01;"INCRA — Índices Básicos (IE nº 5/2022; tabela de 2013)";
3515657;14.0;2.0;A2;2;2022-08-01;"INCRA — Índices Básicos (IE nº 5/2022; tabela de 2013)";
3515707;5.0;2.0;A1;1;2022-08-01;"INCRA — Índices Básicos (IE nº 5/2022; tabela de 2013)";
3515806;22.0;2.0;A3;2;2022-08-01;"INCRA — Índices Básicos (IE nº 5/2022; tabela de 2013)";
3515905;35.0;2.0;A2;1;2022-08-01;"INCRA — Índices Básicos (IE nº 5/2022; tabela de 2013)";
3516002;22.0;2.0;A3;2;2022-08-01;"INCRA — Índices Básicos (IE nº 5/2022; tabela de 2013)";
3516101;20.0;2.0;A2;2;2022-08-01;"INCRA — Índices Básicos (IE nº 5/2022; tabela de 2013)";
3516200;16.0;2.0;A2;2;2022-08-01;"INCRA — Índices Básicos (IE nº 5/2022; tabela de 2013)";
3516309;7.0;2.0;A1;1;2022-08-01;"INCRA — Índices Básicos (IE nº 5/2022; tabela de 2013)";
3516408;7.0;2.0;A1;1;2022-08-01;"INCRA — Índices Básicos (IE nº 5/2022; tabela de 2013)";
3516507;30.0;2.0;A2;2;2022-08-01;"INCRA — Índices Básicos (IE nº 5/2022; tabela de 2013)";
3516606;14.0;2.0;A2;2;2022-08-01;"INCRA — Índices Básicos (IE nº 5/2022; tabela de 2013)";
3516705;14.0;2.0;A2;2;2022-08-01;"INCRA — Índices Básicos (IE nº 5/2022; tabela de 2013)";
3516804;35.0;2.0;A2;1;2022-08-01;"INCRA — Índices Básicos (IE nº 5/2022; tabela de 2013)";
3516853;12.0;2.0;A2;2;2022-08-01;"INCRA — Índices Básicos (IE nº 5/2022; tabela de 2013)";
3516903;35.0;2.0;A2;1;2022-08-01;"INCRA — Índices Básicos (IE nº 5/2022; tabela de 2013)";
3517000;22.0;2.0;A2;2;2022-08-01;"INCRA — Índices Básicos (IE nº 5/2022; tabela de 2013)";
3517109;30.0;2.0;A2;2;2022-08-01;"INCRA — Índices Básicos (IE nº 5/2022; tabela de 2013)";
3517208;22.0;2.0;A2;2;2022-08-01;"INCRA — Índices Básicos (IE nº 5/2022; tabela de 2013)";
3517307;20.0;2.0;A2;2;2022-08-01;"INCRA — Índices Básicos (IE nº 5/2022; tabela de 2013)";
3517406;22.0;2.0;A2;1;2022-08-01;"INCRA — Índices Básicos (IE nº 5/2022; tabela de 2013)";
3517505;16.0;2.0;A2;2;2022-08-01;"INCRA — Índices Básicos (IE nº 5/2022; tabela de 2013)";
3517604;16.0;2.0;A2;3;2022-08-01;"INCRA — Índices Básicos (IE nº 5/2022; tabela de 2013)";
3517703;22.0;2.0;A3;1;2022-08-01;"INCRA — Índices Básicos (IE nº 5/2022; tabela de 2013)";
3517802;30.0;2.0;A3;1;2022-08-01;"INCRA — Índices Básicos (IE nº 5/2022; tabela de 2013)";
3517901;30.0;2.0;A2;1;2022-08-01;"INCRA — Índices Básicos (IE nº 5/2022; tabela de 2013)";
3518008;30.0;2.0;A2;1;2022-08-01;"INCRA — Índices Básicos (IE nº 5/2022; tabela de 2013)";
3518107;20.0;2.0;A2;2;2022-08-01;"INCRA — Índices Básicos (IE nº 5/2022; tabela de 2013)";
3518206;30.0;2.0;A2;1;2022-08-01;"INCRA — Índices Básicos (IE nº 5/2022; tabela de 2013)";
3518305;7.0;2.0;A1;1;2022-08-01;"INCRA — Índices Básicos (IE nº 5/2022; tabela de 2013)";
3518404;24.0;2.0;A2;3;2022-08-01;"INCRA — Índices Básicos (IE nº 5/2022; tabela de 2013)";
3518503;22.0;2.0;A2;3;2022-08-01;"INCRA — Índices Básicos (IE nº 5/2022; tabela de 2013)";
3518602;14.0;2.0;A2;1;2022-08-01;"INCRA — Índices Básicos (IE nº 5/2022; tabela de 2013)";
3518701;10.0;2.0;A2;3;2022-08-01;"INCRA — Índices Básicos (IE nº 5/2022; tabela de 2013)";
3518800;5.0;2.0;A1;1;2022-08-01;"INCRA — Índices Básicos (IE nº 5/2022; tabela de 2013)";
3518859;10.0;2.0;A2;1;2022-08-01;"INCRA — Índices Básicos (IE nº 5/2022; tabela de 2013)";
3518909;35.0;2.0;A2;1;2022-08-01;"INCRA — Índices Básicos (IE nº 5/2022; tabela de 2013)";
3519006;20.0;2.0;A2;2;2022-08-01;"INCRA — Índices Básicos (IE nº 5/2022; tabela de 2013)";
3519055;10.0;2.0;A1;1;2022-08-01;"INCRA — Índices Básicos (IE nº 5/2022; tabela de 2013)";
3519071;10.0;2.0;A1;1;2022-08-01;"INCRA — Índices Básicos (IE nº 5/2022; tabela de 2013)";
3519105;20.0;2.0;A2;2;2022-08-01;"INCRA — Índices Básicos (IE nº 5/2022; tabela de 2013)";
3519204;16.0;2.0;A2;2;2022-08-01;"INCRA — Índices Básicos (IE nº 5/2022; tabela de 2013)";
3519253;30.0;2.0;A2;2;2022-08-01;"INCRA — Índices Básicos (IE nº 5/2022; tabela de 2013)";
3519303;12.0;2.0;A2;2;2022-08-01;"INCRA — Índices Básicos (IE nº 5/2022; tabela de 2013)";
3519402;20.0;2.0;A2;2;2022-08-01;"INCRA — Índices Básicos (IE nº 5/2022; tabela de 2013)";
3519501;20.0;2.0;A2;2;2022-08-01;"INCRA — Índices Básicos (IE nº 5/2022; tabela de 2013)";
3519600;12.0;2.0;A2;2;2022-08-01;"INCRA — Índices Básicos (IE nº 5/2022; tabela de 2013)";
3519709;16.0;2.0;A2;3;2022-08-01;"INCRA — Índices Básicos (IE nº 5/2022; tabela de 2013)";
3519808;28.0;2.0;A2;1;2022-08-01;"INCRA — Índices Básicos (IE nº 5/2022; tabela de 2013)";
3519907;24.0;2.0;A2;2;2022-08-01;"INCRA — Índices Básicos (IE nº 5/2022; tabela de 2013)";
3520004;14.0;2.0;A2;2;2022-08-01;"INCRA — Índices Básicos (IE nº 5/2022; tabela de 2013)";
3520103;20.0;2.0;A3;1;2022-08-01;"INCRA — Índices Básicos (IE nº 5/2022; tabela de 2013)";
3520202;14.0;2.0;A2;3;2022-08-01;"INCRA — Índices Básicos (IE nº 5/2022; tabela de 2013)";
3520301;16.0;2.0;A3;3;2022-08-01;"INCRA — Índices Básicos (IE nº 5/2022; tabela de 2013)";
3520426;16.0;2.0;A3;3;2022-08-01;"INCRA — Índices Básicos (IE nº 5/2022; tabela de 2013)";
3520442;30.0;2.0;A3;1;2022-08-01;"INCRA — Índices Básicos (IE nº 5/2022; tabela de 2013)";
3520400;16.0;2.0;A2;3;2022-08-01;"INCRA — Índices Básicos (IE nº 5/2022; tabela de 2013)";
3520509;10.0;2.0;A1;1;2022-08-01;"INCRA — Índices Básicos (IE nº 5/2022; tabela de 2013)";
3520608;22.0;2.0;A2;2;2022-08-01;"INCRA — Índices Básicos (IE nº 5/2022; tabela de 2013)";
3520707;30.0;2.0;A2;1;2022-08-01;"INCRA — Índices Básicos (IE nº 5/2022; tabela de 2013)";
3520806;22.0;2.0;A3;2;2022-08-01;"INCRA — Índices Básicos (IE nº 5/2022; tabela de 2013)";
3520905;20.0;2.0;A2;2;2022-08-01;"INCRA — Índices Básicos (IE nº 5/2022; tabela de 2013)";
3521002;12.0;2.0;A2;2;2022-08-01;"INCRA — Índices Básicos (IE nº 5/2022; tabela de 2013)";
3521101;16.0;2.0;A2;2;2022-08-01;"INCRA — Índices Básicos (IE nº 5/2022; tabela de 2013)";
3521150;12.0;2.0;A2;2;2022-08-01;"INCRA — Índices Básicos (IE nº 5/2022; tabela de 2013)";
3521200;16.0;2.0;A3;3;2022-08-01;"INCRA — Índices Básicos (IE nº 5/2022; tabela de 2013)";
3521309;22.0;2.0;A3;1;2022-08-01;"INCRA — Índices Básicos (IE nº 5/2022; tabela de 2013)";
3521408;10.0;2.0;A2;2;2022-08-01;"INCRA — Índices Básicos (IE nº 5/2022; tabela de 2013)";
3521507;22.0;2.0;A2;2;2022-08-01;"INCRA — Índices Básicos (IE nº 5/2022; tabela de 2013)";
3521606;20.0;2.0;A3;2;2022-08-01;"INCRA — Índices Básicos (IE nº 5/2022; tabela de 2013)";
3521705;20.0;2.0;A2;3;2022-08-01;"INCRA — Índices Básicos (IE nº 5/2022; tabela de 2013)";
3521804;20.0;2.0;A2;2;2022-08-01;"INCRA — Índices Básicos (IE nº 5/2022; tabela de 2013)";
3521903;22.0;2.0;A2;2;2022-08-01;"INCRA — Índices Básicos (IE nº 5/2022; tabela de 2013)";
3522000;16.0;2.0;A2;2;2022-08-01;"INCRA — Índices Básicos (IE nº 5/2022; tabela de 2013)";
3522109;10.0;2.0;A2;3;2022-08-01;"INCRA — Índices Básicos (IE nº 5/2022; tabela de 2013)";
3522158;16.0;2.0;A2;3;2022-08-01;"INCRA — Índices Básicos (IE nº 5/2022; tabela de 2013)";
3522208;5.0;2.0;A1;1;2022-08-01;"INCRA — Índices Básicos (IE nº 5/2022; tabela de 2013)";
3522307;22.0;2.0;A2;3;2022-08-01;"INCRA — Índices Básicos (IE nº 5/2022; tabela de 2013)";
3522406;20.0;2.0;A2;3;2022-08-01;"INCRA — Índices Básicos (IE nº 5/2022; tabela de 2013)";
3522505;5.0;2.0;A1;1;2022-08-01;"INCRA — Índices Básicos (IE nº 5/2022; tabela de 2013)";
3522604;20.0;2.0;A2;2;2022-08-01;"INCRA — Índices Básicos (IE nº 5/2022; tabela de 2013)";
3522653;16.0;2.0;A2;3;2022-08-01;"INCRA — Índices Básicos (IE nº 5/2022; tabela de 2013)";
3522703;16.0;2.0;A2;2;2022-08-01;"INCRA — Índices Básicos (IE nº 5/2022; tabela de 2013)";
3522802;20.0;2.0;A2;3;2022-08-01;"INCRA — Índices Básicos (IE nº 5/2022; tabela de 2013)";
3522901;14.0;2.0;A2;2;2022-08-01;"INCRA — Índices Básicos (IE nº 5/2022; tabela de 2013)";
3523008;35.0;2.0;A3;1;2022-08-01;"INCRA — Índices Básicos (IE nº 5/2022; tabela de 2013)";
3523107;5.0;2.0;A1;1;2022-08-01;"INCRA — Índices Básicos (IE nº 5/2022; tabela de 2013)";
3523206;20.0;2.0;A2;3;2022-08-01;"INCRA — Índices Básicos (IE nº 5/2022; tabela de 2013)";
3523305;10.0;2.0;A2;3;2022-08-01;"INCRA — Índices Básicos (IE nº 5/2022; tabela de 2013)";
3523404;12.0;2.0;A2;2;2022-08-01;"INCRA — Índices Básicos (IE nº 5/2022; tabela de 2013)";
3523503;30.0;2.0;A2;2;2022-08-01;"INCRA — Índices Básicos (IE nº 5/2022; tabela de 2013)";
3523602;14.0;2.0;A2;2;2022-08-01;"INCRA — Índices Básicos (IE nº 5/2022; tabela de 2013)";
3523701;16.0;2.0;A2;2;2022-08-01;"INCRA — Índices Básicos (IE nº 5/2022; tabela de 2013)";
3523800;22.0;2.0;A2;2;2022-08-01;"INCRA — Índices Básicos (IE nº 5/2022; tabela de 2013)";
3523909;12.0;2.0;A2;2;2022-08-01;"INCRA — Índices Básicos (IE nº 5/2022; tabela de 2013)";
3524006;10.0;2.0;A2;2;2022-08-01;"INCRA — Índices Básicos (IE nº 5/2022; tabela de 2013)";
3524105;22.0;2.0;A3;1;2022-08-01;"INCRA — Índices Básicos (IE nº 5/2022; tabela de 2013)";
3524204;18.0;2.0;A2;1;2022-08-01;"INCRA — Índices Básicos (IE nº 5/2022; tabela de 2013)";
3524303;14.0;2.0;A2;1;2022-08-01;"INCRA — Índices Básicos (IE nº 5/2022; tabela de 2013)";
3524402;12.0;2.0;A2;3;2022-08-01;"INCRA — Índices Básicos (IE nº 5/2022; tabela de 2013)";
3524501;20.0;2.0;A2;2;2022-08-01;"INCRA — Índices Básicos (IE nº 5/2022; tabela de 2013)";
3524600;16.0;2.0;A3;3;2022-08-01;"INCRA — Índices Básicos (IE nº 5/2022; tabela de 2013)";
3524709;10.0;2.0;A1;1;2022-08-01;"INCRA — Índices Básicos (IE nº 5/2022; tabela de 2013)";
3524808;26.0;2.0;A3;1;2022-08-01;"INCRA — Índices Básicos (IE nº 5/2022; tabela de 2013)";
3524907;30.0;2.0;A2;3;2022-08-01;"INCRA — Índices Básicos (IE nº 5/2022; tabela de 2013)";
3525003;7.0;2.0;A1;1;2022-08-01;"INCRA — Índices Básicos (IE nº 5/2022; tabela de 2013)";
3525102;14.0;2.0;A2;1;2022-08-01;"INCRA — Índices Básicos (IE nº 5/2022; tabela de 2013)";
3525201;12.0;2.0;A2;2;2022-08-01;"INCRA — Índices Básicos (IE nº 5/2022; tabela de 2013)";
3525300;14.0;2.0;A2;2;2022-08-01;"INCRA — Índices Básicos (IE nº 5/2022; tabela de 2013)";
3525409;16.0;2.0;A2;2;2022-08-01;"INCRA — Índices Básicos (IE nº 5/2022; tabela de 2013)";
3525508;24.0;2.0;A2;2;2022-08-01;"INCRA — Índices Básicos (IE nº 5/2022; tabela de 2013)";
3525607;24.0;2.0;A2;2;2022-08-01;"INCRA — Índices Básicos (IE nº 5/2022; tabela de 2013)";
3525706;30.0;2.0;A2;2;2022-08-01;"INCRA — Índices Básicos (IE nº 5/2022; tabela de 2013)";
3525805;12.0;2.0;A2;2;2022-08-01;"INCRA — Índices Básicos (IE nº 5/2022; tabela de 2013)";
3525854;26.0;2.0;A2;2;2022-08-01;"INCRA — Índices Básicos (IE nº 5/2022; tabela de 2013)";
3525904;10.0;2.0;A2;2;2022-08-01;"INCRA — Índices Básicos (IE nº 5/2022; tabela de 2013)";
3526001;20.0;2.0;A3;2;2022-08-01;"INCRA — Índices Básicos (IE nº 5/2022; tabela de 2013)";
3526100;16.0;2.0;A3;3;2022-08-01;"INCRA — Índices Básicos (IE nº 5/2022; tabela de 2013)";
3526209;7.0;2.0;A1;1;2022-08-01;"INCRA — Índices Básicos (IE nº 5/2022; tabela de 2013)";
3526308;35.0;2.0;A2;3;2022-08-01;"INCRA — Índices Básicos (IE nº 5/2022; tabela de 2013)";
3526407;18.0;2.0;A2;2;2022-08-01;"INCRA — Índices Básicos (IE nº 5/2022; tabela de 2013)";
3526506;30.0;2.0;A3;1;2022-08-01;"INCRA — Índices Básicos (IE nº 5/2022; tabela de 2013)";
3526605;24.0;2.0;A2;3;2022-08-01;"INCRA — Índices Básicos (IE nº 5/2022; tabela de 2013)";
3526704;18.0;2.0;A2;2;2022-08-01;"INCRA — Índices Básicos (IE nº 5/2022; tabela de 2013)";
3526803;12.0;2.0;A2;2;2022-08-01;"INCRA — Índices Básicos (IE nº 5/2022; tabela de 2013)";
3526902;10.0;2.0;A2;1;2022-08-01;"INCRA — Índices Básicos (IE nº 5/2022; tabela de 2013)";
3527009;16.0;2.0;A3;2;2022-08-01;"INCRA — Índices Básicos (IE nº 5/2022; tabela de 2013)";
3527108;22.0;2.0;A2;2;2022-08-01;"INCRA — Índices Básicos (IE nº 5/2022; tabela de 2013)";
3527207;24.0;2.0;A2;3;2022-08-01;"INCRA — Índices Básicos (IE nº 5/2022; tabela de 2013)";
3527256;30.0;2.0;A2;2;2022-08-01;"INCRA — Índices Básicos (IE nº 5/2022; tabela de 2013)";
3527306;10.0;2.0;A2;2;2022-08-01;"INCRA — Índices Básicos (IE nº 5/2022; tabela de 2013)";
3527405;20.0;2.0;A3;2;2022-08-01;"INCRA — Índices Básicos (IE nº 5/2022; tabela de 2013)";
3527504;12.0;2.0;A2;2;2022-08-01;"INCRA — Índices Básicos (IE nº 5/2022; tabela de 2013)";
3527603;14.0;2.0;A2;1;2022-08-01;"INCRA — Índices Básicos (IE nº 5/2022; tabela de 2013)";
3527702;30.0;2.0;A2;2;2022-08-01;"INCRA — Índices Básicos (IE nº 5/2022; tabela de 2013)";
3527801;14.0;2.0;A2;2;2022-08-01;"INCRA — Índices Básicos (IE nº 5/2022; tabela de 2013)";
3527900;20.0;2.0;A2;2;2022-08-01;"INCRA — Índices Básicos (IE nº 5/2022; tabela de 2013)";
3528007;14.0;2.0;A2;2;2022-08-01;"INCRA — Índices Básicos (IE nº 5/2022; tabela de 2013)";
3528106;30.0;2.0;A2;2;2022-08-01;"INCRA — Índices Básicos (IE nº 5/2022; tabela de 2013)";
3528205;30.0;2.0;A2;1;2022-08-01;"INCRA — Índices Básicos (IE nº 5/2022; tabela de 2013)";
3528304;35.0;2.0;A2;1;2022-08-01;"INCRA — Índices Básicos (IE nº 5/2022; tabela de 2013)";
3528403;12.0;2.0;A2;2;2022-08-01;"INCRA — Índices Básicos (IE nº 5/2022; tabela de 2013)";
3528502;7.0;2.0;A1;1;2022-08-01;"INCRA — Índices Básicos (IE nº 5/2022; tabela de 2013)";
3528601;20.0;2.0;A2;2;2022-08-01;"INCRA — Índices Básicos (IE nº 5/2022; tabela de 2013)";
3528700;30.0;2.0;A2;2;2022-08-01;"INCRA — Índices Básicos (IE nº 5/2022; tabela de 2013)";
3528809;20.0;2.0;A2;2;2022-08-01;"INCRA — Índices Básicos (IE nº 5/2022; tabela de 2013)";
3528858;22.0;2.0;A2;2;2022-08-01;"INCRA — Índices Básicos (IE nº 5/2022; tabela de 2013)";
3528908;22.0;2.0;A3;2;2022-08-01;"INCRA — Índices Básicos (IE nº 5/2022; tabela de 2013)";
3529005;14.0;2.0;A2;2;2022-08-01;"INCRA — Índices Básicos (IE nº 5/2022; tabela de 2013)";
3529104;22.0;2.0;A3;1;2022-08-01;"INCRA — Índices Básicos (IE nº 5/2022; tabela de 2013)";
3529203;24.0;2.0;A2;2;2022-08-01;"INCRA — Índices Básicos (IE nº 5/2022; tabela de 2013)";
3529302;12.0;2.0;A2;2;2022-08-01;"INCRA — Índices Básicos (IE nº 5/2022; tabela de 2013)";
3529401;5.0;2.0;A1;1;2022-08-01;"INCRA — Índices Básicos (IE nº 5/2022; tabela de 2013)";
3529500;30.0;2.0;A2;2;2022-08-01;"INCRA — Índices Básicos (IE nº 5/2022; tabela de 2013)";
3529609;26.0;2.0;A2;1;2022-08-01;"INCRA — Índices Básicos (IE nº 5/2022; tabela de 2013)";
3529658;30.0;2.0;A3;1;2022-08-01;"INCRA — Índices Básicos (IE nº 5/2022; tabela de 2013)";
3529708;22.0;2.0;A3;1;2022-08-01;"INCRA — Índices Básicos (IE nº 5/2022; tabela de 2013)";
3529807;16.0;2.0;A2;2;2022-08-01;"INCRA — Índices Básicos (IE nº 5/2022; tabela de 2013)";
3530003;30.0;2.0;A2;1;2022-08-01;"INCRA — Índices Básicos (IE nº 5/2022; tabela de 2013)";
3529906;16.0;2.0;A3;3;2022-08-01;"INCRA — Índices Básicos (IE nº 5/2022; tabela de 2013)";
3530102;30.0;2.0;A3;1;2022-08-01;"INCRA — Índices Básicos (IE nº 5/2022; tabela de 2013)";
3530201;30.0;2.0;A2;2;2022-08-01;"INCRA — Índices Básicos (IE nº 5/2022; tabela de 2013)";
3530300;16.0;2.0;A2;2;2022-08-01;"INCRA — Índices Básicos (IE nº 5/2022; tabela de 2013)";
3530409;24.0;2.0;A2;2;2022-08-01;"INCRA — Índices Básicos (IE nº 5/2022; tabela de 2013)";
3530508;22.0;2.0;A2;2;2022-08-01;"INCRA — Índices Básicos (IE nº 5/2022; tabela de 2013)";
3530706;18.0;2.0;A2;2;2022-08-01;"INCRA — Índices Básicos (IE nº 5/2022; tabela de 2013)";
3530607;5.0;2.0;A1;1;2022-08-01;"INCRA — Índices Básicos (IE nº 5/2022; tabela de 2013)";
3530805;18.0;2.0;A2;2;2022-08-01;"INCRA — Índices Básicos (IE nº 5/2022; tabela de 2013)";
3530904;10.0;2.0;A2;2;2022-08-01;"INCRA — Índices Básicos (IE nº 5/2022; tabela de 2013)";
3531001;35.0;2.0;A2;2;2022-08-01;"INCRA — Índices Básicos (IE nº 5/2022; tabela de 2013)";
3531100;10.0;2.0;A2;3;2022-08-01;"INCRA — Índices Básicos (IE nº 5/2022; tabela de 2013)";
3531209;16.0;2.0;A3;2;2022-08-01;"INCRA — Índices Básicos (IE nº 5/2022; tabela de 2013)";
3531308;14.0;2.0;A2;1;2022-08-01;"INCRA — Índices Básicos (IE nº 5/2022; tabela de 2013)";
3531407;30.0;2.0;A2;2;2022-08-01;"INCRA — Índices Básicos (IE nº 5/2022; tabela de 2013)";
3531506;14.0;2.0;A2;1;2022-08-01;"INCRA — Índices Básicos (IE nº 5/2022; tabela de 2013)";
3531605;22.0;2.0;A3;2;2022-08-01;"INCRA — Índices Básicos (IE nº 5/2022; tabela de 2013)";
3531803;10.0;2.0;A1;1;2022-08-01;"INCRA — Índices Básicos (IE nº 5/2022; tabela de 2013)";
3531704;14.0;2.0;A2;3;2022-08-01;"INCRA — Índices Básicos (IE nº 5/2022; tabela de 2013)";
3531902;22.0;2.0;A3;1;2022-08-01;"INCRA — Índices Básicos (IE nº 5/2022; tabela de 2013)";
3532009;12.0;2.0;A2;2;2022-08-01;"INCRA — Índices Básicos (IE nº 5/2022; tabela de 2013)";
3532058;12.0;2.0;A2;2;2022-08-01;"INCRA — Índices Básicos (IE nº 5/2022; tabela de 2013)";
3532108;30.0;2.0;A3;1;2022-08-01;"INCRA — Índices Básicos (IE nº 5/2022; tabela de 2013)";
3532157;24.0;2.0;A2;2;2022-08-01;"INCRA — Índices Básicos (IE nº 5/2022; tabela de 2013)";
3532207;24.0;2.0;A2;2;2022-08-01;"INCRA — Índices Básicos (IE nº 5/2022; tabela de 2013)";
3532306;40.0;2.0;A2;3;2022-08-01;"INCRA — Índices Básicos (IE nº 5/2022; tabela de 2013)";
3532405;16.0;2.0;A2;2;2022-08-01;"INCRA — Índices Básicos (IE nº 5/2022; tabela de 2013)";
3532504;26.0;2.0;A2;2;2022-08-01;"INCRA — Índices Básicos (IE nº 5/2022; tabela de 2013)";
3532603;35.0;2.0;A2;2;2022-08-01;"INCRA — Índices Básicos (IE nº 5/2022; tabela de 2013)";
3532702;30.0;2.0;A2;2;2022-08-01;"INCRA — Índices Básicos (IE nº 5/2022; tabela de 2013)";
3532801;20.0;2.0;A2;2;2022-08-01;"INCRA — Índices Básicos (IE nº 5/2022; tabela de 2013)";
3532827;20.0;2.0;A2;3;2022-08-01;"INCRA — Índices Básicos (IE nº 5/2022; tabela de 2013)";
3532843;26.0;2.0;A3;1;2022-08-01;"INCRA — Índices Básicos (IE nº 5/2022; tabela de 2013)";
3532868;35.0;2.0;A2;1;2022-08-01;"INCRA — Índices Básicos (IE nº 5/2022; tabela de 2013)";
3532900;12.0;2.0;A2;2;2022-08-01;"INCRA — Índices Básicos (IE nº 5/2022; tabela de 2013)";
3533007;22.0;2.0;A2;2;2022-08-01;"INCRA — Índices Básicos (IE nº 5/2022; tabela de 2013)";
3533106;18.0;2.0;A3;2;2022-08-01;"INCRA — Índices Básicos (IE nº 5/2022; tabela de 2013)";
3533205;35.0;2.0;A3;1;2022-08-01;"INCRA — Índices Básicos (IE nº 5/2022; tabela de 2013)";
3533304;35.0;2.0;A2;1;2022-08-01;"INCRA — Índices Básicos (IE nº 5/2022; tabela de 2013)";
3533403;10.0;2.0;A1;1;2022-08-01;"INCRA — Índices Básicos (IE nº 5/2022; tabela de 2013)";
3533254;16.0;2.0;A2;2;2022-08-01;"INCRA — Índices Básicos (IE nº 5/2022; tabela de 2013)";
3533502;22.0;2.0;A2;2;2022-08-01;"INCRA — Índices Básicos (IE nº 5/2022; tabela de 2013)";
3533601;22.0;2.0;A3;2;2022-08-01;"INCRA — Índices Básicos (IE nº 5/2022; tabela de 2013)";
3533700;14.0;2.0;A2;2;2022-08-01;"INCRA — Índices Básicos (IE nº 5/2022; tabela de 2013)";
3533809;20.0;2.0;A2;2;2022-08-01;"INCRA — Índices Básicos (IE nº 5/2022; tabela de 2013)";
3533908;20.0;2.0;A2;1;2022-08-01;"INCRA — Índices Básicos (IE nº 5/2022; tabela de 2013)";
3534005;22.0;2.0;A2;2;2022-08-01;"INCRA — Índices Básicos (IE nº 5/2022; tabela de 2013)";
3534104;14.0;2.0;A2;2;2022-08-01;"INCRA — Índices Básicos (IE nº 5/2022; tabela de 2013)";
3534203;30.0;2.0;A2;1;2022-08-01;"INCRA — Índices Básicos (IE nº 5/2022; tabela de 2013)";
3534302;22.0;2.0;A3;1;2022-08-01;"INCRA — Índices Básicos (IE nº 5/2022; tabela de 2013)";
3534401;5.0;2.0;A1;1;2022-08-01;"INCRA — Índices Básicos (IE nº 5/2022; tabela de 2013)";
3534500;20.0;2.0;A2;2;2022-08-01;"INCRA — Índices Básicos (IE nº 5/2022; tabela de 2013)";
3534609;18.0;2.0;A3;2;2022-08-01;"INCRA — Índices Básicos (IE nº 5/2022; tabela de 2013)";
3534708;20.0;2.0;A2;2;2022-08-01;"INCRA — Índices Básicos (IE nº 5/2022; tabela de 2013)";
3534807;20.0;2.0;A3;2;2022-08-01;"INCRA — Índices Básicos (IE nº 5/2022; tabela de 2013)";
3534757;30.0;2.0;A2;1;2022-08-01;"INCRA — Índices Básicos (IE nº 5/2022; tabela de 2013)";
3534906;18.0;2.0;A3;2;2022-08-01;"INCRA — Índices Básicos (IE nº 5/2022; tabela de 2013)";
3535002;24.0;2.0;A2;2;2022-08-01;"INCRA — Índices Básicos (IE nº 5/2022; tabela de 2013)";
3535101;16.0;2.0;A2;2;2022-08-01;"INCRA — Índices Básicos (IE nº 5/2022; tabela de 2013)";
3535200;22.0;2.0;A3;1;2022-08-01;"INCRA — Índices Básicos (IE nº 5/2022; tabela de 2013)";
3535309;20.0;2.0;A2;2;2022-08-01;"INCRA — Índices Básicos (IE nº 5/2022; tabela de 2013)";
3535408;30.0;2.0;A3;2;2022-08-01;"INCRA — Índices Básicos (IE nº 5/2022; tabela de 2013)";
3535507;20.0;2.0;A2;2;2022-08-01;"INCRA — Índices Básicos (IE nº 5/2022; tabela de 2013)";
3535606;30.0;2.0;A2;3;2022-08-01;"INCRA — Índices Básicos (IE nº 5/2022; tabela de 2013)";
3535705;16.0;2.0;A2;2;2022-08-01;"INCRA — Índices Básicos (IE nº 5/2022; tabela de 2013)";
3535804;22.0;2.0;A2;2;2022-08-01;"INCRA — Índices Básicos (IE nº 5/2022; tabela de 2013)";
3535903;30.0;2.0;A3;1;2022-08-01;"INCRA — Índices Básicos (IE nº 5/2022; tabela de 2013)";
3536000;18.0;2.0;A2;2;2022-08-01;"INCRA — Índices Básicos (IE nº 5/2022; tabela de 2013)";
3536109;24.0;2.0;A2;2;2022-08-01;"INCRA — Índices Básicos (IE nº 5/2022; tabela de 2013)";
3536208;16.0;2.0;A3;3;2022-08-01;"INCRA — Índices Básicos (IE nº 5/2022; tabela de 2013)";
3536257;24.0;2.0;A2;1;2022-08-01;"INCRA — Índices Básicos (IE nº 5/2022; tabela de 2013)";
3536307;16.0;2.0;A2;2;2022-08-01;"INCRA — Índices Básicos (IE nº 5/2022; tabela de 2013)";
3536406;30.0;2.0;A3;2;2022-08-01;"INCRA — Índices Básicos (IE nº 5/2022; tabela de 2013)";
3536505;10.0;2.0;A1;1;2022-08-01;"INCRA — Índices Básicos (IE nº 5/2022; tabela de 2013)";
3536570;12.0;2.0;A2;2;2022-08-01;"INCRA — Índices Básicos (IE nº 5/2022; tabela de 2013)";
3536604;30.0;2.0;A2;1;2022-08-01;"INCRA — Índices Básicos (IE nº 5/2022; tabela de 2013)";
3536703;14.0;2.0;A2;2;2022-08-01;"INCRA — Índices Básicos (IE nº 5/2022; tabela de 2013)";
3536802;20.0;2.0;A2;2;2022-08-01;"INCRA — Índices Básicos (IE nº 5/2022; tabela de 2013)";
3536901;26.0;2.0;A2;1;2022-08-01;"INCRA — Índices Básicos (IE nº 5/2022; tabela de 2013)";
3537008;20.0;2.0;A2;2;2022-08-01;"INCRA — Índices Básicos (IE nº 5/2022; tabela de 2013)";
3537107;18.0;2.0;A1;2;2022-08-01;"INCRA — Índices Básicos (IE nº 5/2022; tabela de 2013)";
3537156;20.0;2.0;A2;2;2022-08-01;"INCRA — Índices Básicos (IE nº 5/2022; tabela de 2013)";
3537206;10.0;2.0;A2;3;2022-08-01;"INCRA — Índices Básicos (IE nº 5/2022; tabela de 2013)";
3537305;30.0;2.0;A2;2;2022-08-01;"INCRA — Índices Básicos (IE nº 5/2022; tabela de 2013)";
3537404;30.0;2.0;A3;1;2022-08-01;"INCRA — Índices Básicos (IE nº 5/2022; tabela de 2013)";
3537503;30.0;2.0;A2;2;2022-08-01;"INCRA — Índices Básicos (IE nº 5/2022; tabela de 2013)";
3537602;10.0;2.0;A2;3;2022-08-01;"INCRA — Índices Básicos (IE nº 5/2022; tabela de 2013)";
3537701;30.0;2.0;A2;2;2022-08-01;"INCRA — Índices Básicos (IE nº 5/2022; tabela de 2013)";
3537800;16.0;2.0;A2;3;2022-08-01;"INCRA — Índices Básicos (IE nº 5/2022; tabela de 2013)";
3537909;16.0;2.0;A2;3;2022-08-01;"INCRA — Índices Básicos (IE nº 5/2022; tabela de 2013)";
3538006;16.0;2.0;A2;3;2022-08-01;"INCRA — Índices Básicos (IE nº 5/2022; tabela de 2013)";
3538105;16.0;2.0;A2;2;2022-08-01;"INCRA — Índices Básicos (IE nº 5/2022; tabela de 2013)";
3538204;16.0;2.0;A2;2;2022-08-01;"INCRA — Índices Básicos (IE nº 5/2022; tabela de 2013)";
3538303;30.0;2.0;A2;2;2022-08-01;"INCRA — Índices Básicos (IE nº 5/2022; tabela de 2013)";
3538501;24.0;2.0;A2;3;2022-08-01;"INCRA — Índices Básicos (IE nº 5/2022; tabela de 2013)";
3538600;24.0;2.0;A2;2;2022-08-01;"INCRA — Índices Básicos (IE nº 5/2022; tabela de 2013)";
3538709;10.0;2.0;A2;2;2022-08-01;"INCRA — Índices Básicos (IE nº 5/2022; tabela de 2013)";
3538808;20.0;2.0;A2;2;2022-08-01;"INCRA — Índices Básicos (IE nº 5/2022; tabela de 2013)";
3538907;20.0;2.0;A2;2;2022-08-01;"INCRA — Índices Básicos (IE nº 5/2022; tabela de 2013)";
3539004;14.0;2.0;A2;1;2022-08-01;"INCRA — Índices Básicos (IE nº 5/2022; tabela de 2013)";
3539103;7.0;2.0;A1;1;2022-08-01;"INCRA — Índices Básicos (IE nº 5/2022; tabela de 2013)";
3539202;24.0;2.0;A2;2;2022-08-01;"INCRA — Índices Básicos (IE nº 5/2022; tabela de 2013)";
3539301;18.0;2.0;A2;2;2022-08-01;"INCRA — Índices Básicos (IE nº 5/2022; tabela de 2013)";
3539400;12.0;2.0;A2;2;2022-08-01;"INCRA — Índices Básicos (IE nº 5/2022; tabela de 2013)";
3539509;16.0;2.0;A2;1;2022-08-01;"INCRA — Índices Básicos (IE nº 5/2022; tabela de 2013)";
3539608;30.0;2.0;A2;2;2022-08-01;"INCRA — Índices Básicos (IE nº 5/2022; tabela de 2013)";
3539707;20.0;2.0;A2;2;2022-08-01;"INCRA — Índices Básicos (IE nº 5/2022; tabela de 2013)";
3539806;5.0;2.0;A1;1;2022-08-01;"INCRA — Índices Básicos (IE nº 5/2022; tabela de 2013)";
3539905;30.0;2.0;A2;2;2022-08-01;"INCRA — Índices Básicos (IE nº 5/2022; tabela de 2013)";
3540002;18.0;2.0;A2;2;2022-08-01;"INCRA — Índices Básicos (IE nº 5/2022; tabela de 2013)";
3540101;20.0;2.0;A2;2;2022-08-01;"INCRA — Índices Básicos (IE nº 5/2022; tabela de 2013)";
3540200;12.0;2.0;A2;1;2022-08-01;"INCRA — Índices Básicos (IE nº 5/2022; tabela de 2013)";
3540259;26.0;2.0;A3;1;2022-08-01;"INCRA — Índices Básicos (IE nº 5/2022; tabela de 2013)";
3540309;30.0;2.0;A2;1;2022-08-01;"INCRA — Índices Básicos (IE nº 5/2022; tabela de 2013)";
3540408;30.0;2.0;A3;1;2022-08-01;"INCRA — Índices Básicos (IE nº 5/2022; tabela de 2013)";
3540507;30.0;2.0;A2;2;2022-08-01;"INCRA — Índices Básicos (IE nº 5/2022; tabela de 2013)";
3540606;12.0;2.0;A2;2;2022-08-01;"INCRA — Índices Básicos (IE nº 5/2022; tabela de 2013)";
3540705;16.0;2.0;A2;2;2022-08-01;"INCRA — Índices Básicos (IE nº 5/2022; tabela de 2013)";
3540754;24.0;2.0;A2;3;2022-08-01;"INCRA — Índices Básicos (IE nº 5/2022; tabela de 2013)";
3540804;20.0;2.0;A2;2;2022-08-01;"INCRA — Índices Básicos (IE nº 5/2022; tabela de 2013)";
3540853;20.0;2.0;A3;2;2022-08-01;"INCRA — Índices Básicos (IE nº 5/2022; tabela de 2013)";
3540903;12.0;2.0;A2;1;2022-08-01;"INCRA — Índices Básicos (IE nº 5/2022; tabela de 2013)";
3541000;10.0;2.0;A2;3;2022-08-01;"INCRA — Índices Básicos (IE nº 5/2022; tabela de 2013)";
3541059;16.0;2.0;A2;2;2022-08-01;"INCRA — Índices Básicos (IE nº 5/2022; tabela de 2013)";
3541109;20.0;2.0;A2;2;2022-08-01;"INCRA — Índices Básicos (IE nº 5/2022; tabela de 2013)";
3541208;22.0;2.0;A2;2;2022-08-01;"INCRA — Índices Básicos (IE nº 5/2022; tabela de 2013)";
3541307;30.0;2.0;A2;2;2022-08-01;"INCRA — Índices Básicos (IE nº 5/2022; tabela de 2013)";
3541406;22.0;2.0;A2;2;2022-08-01;"INCRA — Índices Básicos (IE nº 5/2022; tabela de 2013)";
3541505;30.0;2.0;A2;2;2022-08-01;"INCRA — Índices Básicos (IE nº 5/2022; tabela de 2013)";
3541604;22.0;2.0;A2;2;2022-08-01;"INCRA — Índices Básicos (IE nº 5/2022; tabela de 2013)";
3541653;18.0;2.0;A2;2;2022-08-01;"INCRA — Índices Básicos (IE nº 5/2022; tabela de 2013)";
3541703;20.0;2.0;A2;2;2022-08-01;"INCRA — Índices Básicos (IE nº 5/2022; tabela de 2013)";
3541802;20.0;2.0;A2;2;2022-08-01;"INCRA — Índices Básicos (IE nº 5/2022; tabela de 2013)";
3541901;24.0;2.0;A2;3;2022-08-01;"INCRA — Índices Básicos (IE nº 5/2022; tabela de 2013)";
3542008;18.0;2.0;A2;2;2022-08-01;"INCRA — Índices Básicos (IE nº 5/2022; tabela de 2013)";
3542107;10.0;2.0;A2;2;2022-08-01;"INCRA — Índices Básicos (IE nº 5/2022; tabela de 2013)";
3542206;24.0;2.0;A2;2;2022-08-01;"INCRA — Índices Básicos (IE nº 5/2022; tabela de 2013)";
3542305;40.0;2.0;A2;3;2022-08-01;"INCRA — Índices Básicos (IE nº 5/2022; tabela de 2013)";
3542404;24.0;2.0;A2;2;2022-08-01;"INCRA — Índices Básicos (IE nº 5/2022; tabela de 2013)";
3542503;20.0;2.0;A2;2;2022-08-01;"INCRA — Índices Básicos (IE nº 5/2022; tabela de 2013)";
3542602;16.0;2.0;A3;3;2022-08-01;"INCRA — Índices Básicos (IE nº 5/2022; tabela de 2013)";
3542701;16.0;2.0;A2;2;2022-08-01;"INCRA — Índices Básicos (IE nº 5/2022; tabela de 2013)";
3542800;16.0;2.0;A2;3;2022-08-01;"INCRA — Índices Básicos (IE nº 5/2022; tabela de 2013)";
3542909;12.0;2.0;A2;2;2022-08-01;"INCRA — Índices Básicos (IE nº 5/2022; tabela de 2013)";
3543006;16.0;2.0;A2;3;2022-08-01;"INCRA — Índices Básicos (IE nº 5/2022; tabela de 2013)";
3543105;16.0;2.0;A2;2;2022-08-01;"INCRA — Índices Básicos (IE nº 5/2022; tabela de 2013)";
3543204;20.0;2.0;A2;2;2022-08-01;"INCRA — Índices Básicos (IE nº 5/2022; tabela de 2013)";
3543238;30.0;2.0;A2;2;2022-08-01;"INCRA — Índices Básicos (IE nº 5/2022; tabela de 2013)";
3543253;16.0;2.0;A2;3;2022-08-01;"INCRA — Índices Básicos (IE nº 5/2022; tabela de 2013)";
3543303;5.0;2.0;A1;1;2022-08-01;"INCRA — Índices Básicos (IE nº 5/2022; tabela de 2013)";
3543402;10.0;2.0;A2;1;2022-08-01;"INCRA — Índices Básicos (IE nº 5/2022; tabela de 2013)";
3543600;20.0;2.0;A2;2;2022-08-01;"INCRA — Índices Básicos (IE nº 5/2022; tabela de 2013)";
3543709;12.0;2.0;A2;2;2022-08-01;"INCRA — Índices Básicos (IE nº 5/2022; tabela de 2013)";
3543808;18.0;2.0;A2;2;2022-08-01;"INCRA — Índices Básicos (IE nº 5/2022; tabela de 2013)";
3543907;14.0;2.0;A2;2;2022-08-01;"INCRA — Índices Básicos (IE nº 5/2022; tabela de 2013)";
3544004;10.0;2.0;A2;2;2022-08-01;"INCRA — Índices Básicos (IE nº 5/2022; tabela de 2013)";
3544103;5.0;2.0;A1;1;2022-08-01;"INCRA — Índices Básicos (IE nº 5/2022; tabela de 2013)";
3544202;30.0;2.0;A2;1;2022-08-01;"INCRA — Índices Básicos (IE nº 5/2022; tabela de 2013)";
3543501;20.0;2.0;A2;3;2022-08-01;"INCRA — Índices Básicos (IE nº 5/2022; tabela de 2013)";
3544251;30.0;2.0;A2;2;2022-08-01;"INCRA — Índices Básicos (IE nº 5/2022; tabela de 2013)";
3544301;22.0;2.0;A2;3;2022-08-01;"INCRA — Índices Básicos (IE nº 5/2022; tabela de 2013)";
3544400;30.0;2.0;A2;1;2022-08-01;"INCRA — Índices Básicos (IE nº 5/2022; tabela de 2013)";
3544509;30.0;2.0;A3;1;2022-08-01;"INCRA — Índices Básicos (IE nº 5/2022; tabela de 2013)";
3544608;22.0;2.0;A2;2;2022-08-01;"INCRA — Índices Básicos (IE nº 5/2022; tabela de 2013)";
3544707;22.0;2.0;A3;2;2022-08-01;"INCRA — Índices Básicos (IE nº 5/2022; tabela de 2013)";
3544806;22.0;2.0;A2;2;2022-08-01;"INCRA — Índices Básicos (IE nº 5/2022; tabela de 2013)";
3544905;16.0;2.0;A3;1;2022-08-01;"INCRA — Índices Básicos (IE nº 5/2022; tabela de 2013)";
3545001;7.0;2.0;A1;1;2022-08-01;"INCRA — Índices Básicos (IE nº 5/2022; tabela de 2013)";
3545100;22.0;2.0;A3;2;2022-08-01;"INCRA — Índices Básicos (IE nº 5/2022; tabela de 2013)";
3545159;10.0;2.0;A2;2;2022-08-01;"INCRA — Índices Básicos (IE nº 5/2022; tabela de 2013)";
3545209;12.0;2.0;A2;2;2022-08-01;"INCRA — Índices Básicos (IE nº 5/2022; tabela de 2013)";
3545308;12.0;2.0;A2;2;2022-08-01;"INCRA — Índices Básicos (IE nº 5/2022; tabela de 2013)";
3545407;20.0;2.0;A2;2;2022-08-01;"INCRA — Índices Básicos (IE nº 5/2022; tabela de 2013)";
3545506;30.0;2.0;A2;2;2022-08-01;"INCRA — Índices Básicos (IE nº 5/2022; tabela de 2013)";
3545605;16.0;2.0;A2;2;2022-08-01;"INCRA — Índices Básicos (IE nº 5/2022; tabela de 2013)";
3545704;30.0;2.0;A3;1;2022-08-01;"INCRA — Índices Básicos (IE nº 5/2022; tabela de 2013)";
3545803;10.0;2.0;A1;2;2022-08-01;"INCRA — Índices Básicos (IE nº 5/2022; tabela de 2013)";
3546009;20.0;2.0;A2;3;2022-08-01;"INCRA — Índices Básicos (IE nº 5/2022; tabela de 2013)";
3546108;30.0;2.0;A3;1;2022-08-01;"INCRA — Índices Básicos (IE nº 5/2022; tabela de 2013)";
3546207;18.0;2.0;A2;2;2022-08-01;"INCRA — Índices Básicos (IE nº 5/2022; tabela de 2013)";
3546256;16.0;2.0;A2;2;2022-08-01;"INCRA — Índices Básicos (IE nº 5/2022; tabela de 2013)";
3546306;18.0;2.0;A2;2;2022-08-01;"INCRA — Índices Básicos (IE nº 5/2022; tabela de 2013)";
3546405;20.0;2.0;A2;2;2022-08-01;"INCRA — Índices Básicos (IE nº 5/2022; tabela de 2013)";
3546504;14.0;2.0;A2;1;2022-08-01;"INCRA — Índices Básicos (IE nº 5/2022; tabela de 2013)";
3546603;30.0;2.0;A3;1;2022-08-01;"INCRA — Índices Básicos (IE nº 5/2022; tabela de 2013)";
3546702;10.0;2.0;A2;2;2022-08-01;"INCRA — Índices Básicos (IE nº 5/2022; tabela de 2013)";
3546801;7.0;2.0;A1;1;2022-08-01;"INCRA — Índices Básicos (IE nº 5/2022; tabela de 2013)";
3546900;12.0;2.0;A2;2;2022-08-01;"INCRA — Índices Básicos (IE nº 5/2022; tabela de 2013)";
3547007;24.0;2.0;A2;2;2022-08-01;"INCRA — Índices Básicos (IE nº 5/2022; tabela de 2013)";
3547106;30.0;2.0;A3;2;2022-08-01;"INCRA — Índices Básicos (IE nº 5/2022; tabela de 2013)";
3547502;14.0;2.0;A2;1;2022-08-01;"INCRA — Índices Básicos (IE nº 5/2022; tabela de 2013)";
3547403;26.0;2.0;A3;1;2022-08-01;"INCRA — Índices Básicos (IE nº 5/2022; tabela de 2013)";
3547601;14.0;2.0;A2;1;2022-08-01;"INCRA — Índices Básicos (IE nº 5/2022; tabela de 2013)";
3547650;26.0;2.0;A3;1;2022-08-01;"INCRA — Índices Básicos (IE nº 5/2022; tabela de 2013)";
3547205;26.0;2.0;A3;1;2022-08-01;"INCRA — Índices Básicos (IE nº 5/2022; tabela de 2013)";
3547304;7.0;2.0;A1;1;2022-08-01;"INCRA — Índices Básicos (IE nº 5/2022; tabela de 2013)";
3547700;30.0;2.0;A2;2;2022-08-01;"INCRA — Índices Básicos (IE nº 5/2022; tabela de 2013)";
3547809;5.0;2.0;A1;1;2022-08-01;"INCRA — Índices Básicos (IE nº 5/2022; tabela de 2013)";
3547908;22.0;2.0;A2;2;2022-08-01;"INCRA — Índices Básicos (IE nº 5/2022; tabela de 2013)";
3548054;30.0;2.0;A2;1;2022-08-01;"INCRA — Índices Básicos (IE nº 5/2022; tabela de 2013)";
3548005;12.0;2.0;A1;1;2022-08-01;"INCRA — Índices Básicos (IE nº 5/2022; tabela de 2013)";
3548104;22.0;2.0;A2;2;2022-08-01;"INCRA — Índices Básicos (IE nº 5/2022; tabela de 2013)";
3548203;14.0;2.0;A2;3;2022-08-01;"INCRA — Índices Básicos (IE nº 5/2022; tabela de 2013)";
3548302;24.0;2.0;A2;2;2022-08-01;"INCRA — Índices Básicos (IE nº 5/2022; tabela de 2013)";
3548401;30.0;2.0;A2;2;2022-08-01;"INCRA — Índices Básicos (IE nº 5/2022; tabela de 2013)";
3548500;10.0;2.0;A2;3;2022-08-01;"INCRA — Índices Básicos (IE nº 5/2022; tabela de 2013)";
3548609;20.0;2.0;A2;3;2022-08-01;"INCRA — Índices Básicos (IE nº 5/2022; tabela de 2013)";
3548708;5.0;2.0;A1;1;2022-08-01;"INCRA — Índices Básicos (IE nº 5/2022; tabela de 2013)";
3548807;5.0;2.0;A1;1;2022-08-01;"INCRA — Índices Básicos (IE nº 5/2022; tabela de 2013)";
3548906;12.0;2.0;A2;2;2022-08-01;"INCRA — Índices Básicos (IE nº 5/2022; tabela de 2013)";
3549003;22.0;2.0;A3;1;2022-08-01;"INCRA — Índices Básicos (IE nº 5/2022; tabela de 2013)";
3549102;22.0;2.0;A2;2;2022-08-01;"INCRA — Índices Básicos (IE nº 5/2022; tabela de 2013)";
3549201;26.0;2.0;A2;1;2022-08-01;"INCRA — Índices Básicos (IE nº 5/2022; tabela de 2013)";
3549250;35.0;2.0;A2;1;2022-08-01;"INCRA — Índices Básicos (IE nº 5/2022; tabela de 2013)";
3549300;24.0;2.0;A3;2;2022-08-01;"INCRA — Índices Básicos (IE nº 5/2022; tabela de 2013)";
3549409;22.0;2.0;A3;1;2022-08-01;"INCRA — Índices Básicos (IE nº 5/2022; tabela de 2013)";
3549508;16.0;2.0;A2;2;2022-08-01;"INCRA — Índices Básicos (IE nº 5/2022; tabela de 2013)";
3549607;24.0;2.0;A2;3;2022-08-01;"INCRA — Índices Básicos (IE nº 5/2022; tabela de 2013)";
3549706;22.0;2.0;A2;2;2022-08-01;"INCRA — Índices Básicos (IE nº 5/2022; tabela de 2013)";
3549805;12.0;2.0;A2;2;2022-08-01;"INCRA — Índices Básicos (IE nº 5/2022; tabela de 2013)";
3549904;12.0;2.0;A2;3;2022-08-01;"INCRA — Índices Básicos (IE nº 5/2022; tabela de 2013)";
3549953;5.0;2.0;A1;1;2022-08-01;"INCRA — Índices Básicos (IE nº 5/2022; tabela de 2013)";
3550001;40.0;2.0;A2;3;2022-08-01;"INCRA — Índices Básicos (IE nº 5/2022; tabela de 2013)";
3550100;16.0;2.0;A2;2;2022-08-01;"INCRA — Índices Básicos (IE nº 5/2022; tabela de 2013)";
3550209;16.0;2.0;A2;3;2022-08-01;"INCRA — Índices Básicos (IE nº 5/2022; tabela de 2013)";
3550308;5.0;2.0;A1;1;2022-08-01;"INCRA — Índices Básicos (IE nº 5/2022; tabela de 2013)";
3550407;16.0;2.0;A2;2;2022-08-01;"INCRA — Índices Básicos (IE nº 5/2022; tabela de 2013)";
3550506;20.0;2.0;A2;2;2022-08-01;"INCRA — Índices Básicos (IE nº 5/2022; tabela de 2013)";
3550605;12.0;2.0;A2;2;2022-08-01;"INCRA — Índices Básicos (IE nº 5/2022; tabela de 2013)";
3550704;16.0;2.0;A2;3;2022-08-01;"INCRA — Índices Básicos (IE nº 5/2022; tabela de 2013)";
3550803;22.0;2.0;A2;2;2022-08-01;"INCRA — Índices Básicos (IE nº 5/2022; tabela de 2013)";
3550902;16.0;2.0;A2;1;2022-08-01;"INCRA — Índices Básicos (IE nº 5/2022; tabela de 2013)";
3551009;10.0;2.0;A2;3;2022-08-01;"INCRA — Índices Básicos (IE nº 5/2022; tabela de 2013)";
3551108;20.0;2.0;A2;2;2022-08-01;"INCRA — Índices Básicos (IE nº 5/2022; tabela de 2013)";
3551207;20.0;2.0;A2;2;2022-08-01;"INCRA — Índices Básicos (IE nº 5/2022; tabela de 2013)";
3551306;35.0;2.0;A2;2;2022-08-01;"INCRA — Índices Básicos (IE nº 5/2022; tabela de 2013)";
3551405;12.0;2.0;A2;1;2022-08-01;"INCRA — Índices Básicos (IE nº 5/2022; tabela de 2013)";
3551603;16.0;2.0;A3;2;2022-08-01;"INCRA — Índices Básicos (IE nº 5/2022; tabela de 2013)";
3551504;12.0;2.0;A2;1;2022-08-01;"INCRA — Índices Básicos (IE nº 5/2022; tabela de 2013)";
3551702;12.0;2.0;A2;1;2022-08-01;"INCRA — Índices Básicos (IE nº 5/2022; tabela de 2013)";
3551801;16.0;2.0;A3;3;2022-08-01;"INCRA — Índices Básicos (IE nº 5/2022; tabela de 2013)";
3551900;16.0;2.0;A2;2;2022-08-01;"INCRA — Índices Básicos (IE nº 5/2022; tabela de 2013)";
3552007;35.0;2.0;A2;3;2022-08-01;"INCRA — Índices Básicos (IE nº 5/2022; tabela de 2013)";
3552106;16.0;2.0;A2;2;2022-08-01;"INCRA — Índices Básicos (IE nº 5/2022; tabela de 2013)";
3552205;12.0;2.0;A2;2;2022-08-01;"INCRA — Índices Básicos (IE nº 5/2022; tabela de 2013)";
3552304;30.0;2.0;A3;1;2022-08-01;"INCRA — Índices Básicos (IE nº 5/2022; tabela de 2013)";
3552403;10.0;2.0;A1;1;2022-08-01;"INCRA — Índices Básicos (IE nº 5/2022; tabela de 2013)";
3552551;30.0;2.0;A3;1;2022-08-01;"INCRA — Índices Básicos (IE nº 5/2022; tabela de 2013)";
3552502;5.0;2.0;A1;1;2022-08-01;"INCRA — Índices Básicos (IE nº 5/2022; tabela de 2013)";
3552601;16.0;2.0;A2;2;2022-08-01;"INCRA — Índices Básicos (IE nº 5/2022; tabela de 2013)";
3552700;12.0;2.0;A2;2;2022-08-01;"INCRA — Índices Básicos (IE nº 5/2022; tabela de 2013)";
3552809;5.0;2.0;A1;1;2022-08-01;"INCRA — Índices Básicos (IE nº 5/2022; tabela de 2013)";
3552908;24.0;2.0;A2;2;2022-08-01;"INCRA — Índices Básicos (IE nº 5/2022; tabela de 2013)";
3553005;20.0;2.0;A2;2;2022-08-01;"INCRA — Índices Básicos (IE nº 5/2022; tabela de 2013)";
3553104;16.0;2.0;A2;1;2022-08-01;"INCRA — Índices Básicos (IE nº 5/2022; tabela de 2013)";
3553203;14.0;2.0;A2;1;2022-08-01;"INCRA — Índices Básicos (IE nº 5/2022; tabela de 2013)";
3553302;20.0;2.0;A2;2;2022-08-01;"INCRA — Índices Básicos (IE nº 5/2022; tabela de 2013)";
3553401;24.0;2.0;A2;2;2022-08-01;"INCRA — Índices Básicos (IE nº 5/2022; tabela de 2013)";
3553500;16.0;2.0;A2;3;2022-08-01;"INCRA — Índices Básicos (IE nº 5/2022; tabela de 2013)";
3553609;22.0;2.0;A2;2;2022-08-01;"INCRA — Índices Básicos (IE nº 5/2022; tabela de 2013)";
3553658;16.0;2.0;A2;1;2022-08-01;"INCRA — Índices Básicos (IE nº 5/2022; tabela de 2013)";
3553708;14.0;2.0;A2;1;2022-08-01;"INCRA — Índices Básicos (IE nº 5/2022; tabela de 2013)";
3553807;20.0;2.0;A2;2;2022-08-01;"INCRA — Índices Básicos (IE nº 5/2022; tabela de 2013)";
3553856;20.0;2.0;A2;3;2022-08-01;"INCRA — Índices Básicos (IE nº 5/2022; tabela de 2013)";
3553906;24.0;2.0;A2;2;2022-08-01;"INCRA — Índices Básicos (IE nº 5/2022; tabela de 2013)";
3553955;20.0;2.0;A2;2;2022-08-01;"INCRA — Índices Básicos (IE nº 5/2022; tabela de 2013)";
3554003;18.0;2.0;A2;2;2022-08-01;"INCRA — Índices Básicos (IE nº 5/2022; tabela de 2013)";
3554102;20.0;2.0;A2;3;2022-08-01;"INCRA — Índices Básicos (IE nº 5/2022; tabela de 2013)";
3554201;20.0;2.0;A2;2;2022-08-01;"INCRA — Índices Básicos (IE nº 5/2022; tabela de 2013)";
3554300;30.0;2.0;A2;2;2022-08-01;"INCRA — Índices Básicos (IE nº 5/2022; tabela de 2013)";
3554409;20.0;2.0;A2;1;2022-08-01;"INCRA — Índices Básicos (IE nº 5/2022; tabela de 2013)";
3554508;26.0;2.0;A2;2;2022-08-01;"INCRA — Índices Básicos (IE nº 5/2022; tabela de 2013)";
3554607;20.0;2.0;A2;2;2022-08-01;"INCRA — Índices Básicos (IE nº 5/2022; tabela de 2013)";
3554656;30.0;2.0;A2;2;2022-08-01;"INCRA — Índices Básicos (IE nº 5/2022; tabela de 2013)";
3554706;24.0;2.0;A2;2;2022-08-01;"INCRA — Índices Básicos (IE nº 5/2022; tabela de 2013)";
3554755;12.0;2.0;A2;2;2022-08-01;"INCRA — Índices Básicos (IE nº 5/2022; tabela de 2013)";
3554805;16.0;2.0;A2;3;2022-08-01;"INCRA — Índices Básicos (IE nº 5/2022; tabela de 2013)";
3554904;26.0;2.0;A3;1;2022-08-01;"INCRA — Índices Básicos (IE nº 5/2022; tabela de 2013)";
3554953;16.0;2.0;A2;2;2022-08-01;"INCRA — Índices Básicos (IE nº 5/2022; tabela de 2013)";
3555000;20.0;2.0;A2;2;2022-08-01;"INCRA — Índices Básicos (IE nº 5/2022; tabela de 2013)";
3555109;18.0;2.0;A3;2;2022-08-01;"INCRA — Índices Básicos (IE nº 5/2022; tabela de 2013)";
3555208;30.0;2.0;A2;2;2022-08-01;"INCRA — Índices Básicos (IE nº 5/2022; tabela de 2013)";
3555307;26.0;2.0;A3;1;2022-08-01;"INCRA — Índices Básicos (IE nº 5/2022; tabela de 2013)";
3555356;30.0;2.0;A2;2;2022-08-01;"INCRA — Índices Básicos (IE nº 5/2022; tabela de 2013)";
3555406;16.0;2.0;A2;3;2022-08-01;"INCRA — Índices Básicos (IE nº 5/2022; tabela de 2013)";
3555505;16.0;2.0;A2;2;2022-08-01;"INCRA — Índices Básicos (IE nº 5/2022; tabela de 2013)";
3555604;16.0;2.0;A2;2;2022-08-01;"INCRA — Índices Básicos (IE nº 5/2022; tabela de 2013)";
3555703;30.0;2.0;A2;2;2022-08-01;"INCRA — Índices Básicos (IE nº 5/2022; tabela de 2013)";
3555802;26.0;2.0;A3;1;2022-08-01;"INCRA — Índices Básicos (IE nº 5/2022; tabela de 2013)";
3555901;20.0;2.0;A2;2;2022-08-01;"INCRA — Índices Básicos (IE nº 5/2022; tabela de 2013)";
3556008;22.0;2.0;A2;2;2022-08-01;"INCRA — Índices Básicos (IE nº 5/2022; tabela de 2013)";
3556107;24.0;2.0;A2;1;2022-08-01;"INCRA — Índices Básicos (IE nº 5/2022; tabela de 2013)";
3556206;10.0;2.0;A1;1;2022-08-01;"INCRA — Índices Básicos (IE nº 5/2022; tabela de 2013)";
3556305;30.0;2.0;A2;1;2022-08-01;"INCRA — Índices Básicos (IE nº 5/2022; tabela de 2013)";
3556354;16.0;2.0;A2;2;2022-08-01;"INCRA — Índices Básicos (IE nº 5/2022; tabela de 2013)";
3556404;22.0;2.0;A2;2;2022-08-01;"INCRA — Índices Básicos (IE nº 5/2022; tabela de 2013)";
3556453;5.0;2.0;A1;1;2022-08-01;"INCRA — Índices Básicos (IE nº 5/2022; tabela de 2013)";
3556503;12.0;2.0;A2;2;2022-08-01;"INCRA — Índices Básicos (IE nº 5/2022; tabela de 2013)";
3556602;14.0;2.0;A2;2;2022-08-01;"INCRA — Índices Básicos (IE nº 5/2022; tabela de 2013)";
3556701;10.0;2.0;A1;1;2022-08-01;"INCRA — Índices Básicos (IE nº 5/2022; tabela de 2013)";
3556800;16.0;2.0;A2;1;2022-08-01;"INCRA — Índices Básicos (IE nº 5/2022; tabela de 2013)";
3556909;14.0;2.0;A2;1;2022-08-01;"INCRA — Índices Básicos (IE nº 5/2022; tabela de 2013)";
3556958;26.0;2.0;A3;1;2022-08-01;"INCRA — Índices Básicos (IE nº 5/2022; tabela de 2013)";
3557006;12.0;2.0;A2;2;2022-08-01;"INCRA — Índices Básicos (IE nº 5/2022; tabela de 2013)";
3557105;24.0;2.0;A2;1;2022-08-01;"INCRA — Índices Básicos (IE nº 5/2022; tabela de 2013)";
3557154;30.0;2.0;A2;2;2022-08-01;"INCRA — Índices Básicos (IE nº 5/2022; tabela de 2013)";
4100103;18.0;2.0;A3;1;2022-08-01;"INCRA — Índices Básicos (IE nº 5/2022; tabela de 2013)";
4100202;30.0;2.0;A1;3;2022-08-01;"INCRA — Índices Básicos (IE nº 5/2022; tabela de 2013)";
4100301;20.0;2.0;A1;2;2022-08-01;"INCRA — Índices Básicos (IE nº 5/2022; tabela de 2013)";
4100400;12.0;2.0;A1;1;2022-08-01;"INCRA — Índices Básicos (IE nº 5/2022; tabela de 2013)";
4100459;20.0;2.0;A2;2;2022-08-01;"INCRA — Índices Básicos (IE nº 5/2022; tabela de 2013)";
4128625;20.0;2.0;A2;1;2022-08-01;"INCRA — Índices Básicos (IE nº 5/2022; tabela de 2013)";
4100608;20.0;2.0;A2;1;2022-08-01;"INCRA — Índices Básicos (IE nº 5/2022; tabela de 2013)";
4100707;22.0;2.0;A2;1;2022-08-01;"INCRA — Índices Básicos (IE nº 5/2022; tabela de 2013)";
4100509;20.0;2.0;A2;1;2022-08-01;"INCRA — Índices Básicos (IE nº 5/2022; tabela de 2013)";
4100806;16.0;2.0;A2;1;2022-08-01;"INCRA — Índices Básicos (IE nº 5/2022; tabela de 2013)";
4100905;24.0;2.0;A2;1;2022-08-01;"INCRA — Índices Básicos (IE nº 5/2022; tabela de 2013)";
4101002;20.0;2.0;A3;1;2022-08-01;"INCRA — Índices Básicos (IE nº 5/2022; tabela de 2013)";
4101051;18.0;2.0;A2;1;2022-08-01;"INCRA — Índices Básicos (IE nº 5/2022; tabela de 2013)";
4101101;18.0;2.0;A3;1;2022-08-01;"INCRA — Índices Básicos (IE nº 5/2022; tabela de 2013)";
4101150;16.0;2.0;A2;1;2022-08-01;"INCRA — Índices Básicos (IE nº 5/2022; tabela de 2013)";
4101200;16.0;2.0;A2;3;2022-08-01;"INCRA — Índices Básicos (IE nº 5/2022; tabela de 2013)";
4101309;16.0;2.0;A3;1;2022-08-01;"INCRA — Índices Básicos (IE nº 5/2022; tabela de 2013)";
4101408;14.0;2.0;A2;1;2022-08-01;"INCRA — Índices Básicos (IE nº 5/2022; tabela de 2013)";
4101507;12.0;2.0;A2;1;2022-08-01;"INCRA — Índices Básicos (IE nº 5/2022; tabela de 2013)";
4101606;20.0;2.0;A2;2;2022-08-01;"INCRA — Índices Básicos (IE nº 5/2022; tabela de 2013)";
4101655;18.0;2.0;A3;1;2022-08-01;"INCRA — Índices Básicos (IE nº 5/2022; tabela de 2013)";
4101705;20.0;2.0;A2;1;2022-08-01;"INCRA — Índices Básicos (IE nº 5/2022; tabela de 2013)";
4101804;12.0;2.0;A1;1;2022-08-01;"INCRA — Índices Básicos (IE nº 5/2022; tabela de 2013)";
4101853;18.0;2.0;A3;1;2022-08-01;"INCRA — Índices Básicos (IE nº 5/2022; tabela de 2013)";
4101903;18.0;2.0;A2;1;2022-08-01;"INCRA — Índices Básicos (IE nº 5/2022; tabela de 2013)";
4102000;18.0;2.0;A2;1;2022-08-01;"INCRA — Índices Básicos (IE nº 5/2022; tabela de 2013)";
4102109;16.0;2.0;A2;1;2022-08-01;"INCRA — Índices Básicos (IE nº 5/2022; tabela de 2013)";
4102208;16.0;2.0;A2;1;2022-08-01;"INCRA — Índices Básicos (IE nº 5/2022; tabela de 2013)";
4102307;12.0;2.0;A1;1;2022-08-01;"INCRA — Índices Básicos (IE nº 5/2022; tabela de 2013)";
4102406;18.0;2.0;A3;1;2022-08-01;"INCRA — Índices Básicos (IE nº 5/2022; tabela de 2013)";
4102505;20.0;2.0;A2;1;2022-08-01;"INCRA — Índices Básicos (IE nº 5/2022; tabela de 2013)";
4102703;18.0;2.0;A3;1;2022-08-01;"INCRA — Índices Básicos (IE nº 5/2022; tabela de 2013)";
4102604;20.0;2.0;A3;1;2022-08-01;"INCRA — Índices Básicos (IE nº 5/2022; tabela de 2013)";
4102752;20.0;2.0;A3;1;2022-08-01;"INCRA — Índices Básicos (IE nº 5/2022; tabela de 2013)";
4102802;16.0;2.0;A2;1;2022-08-01;"INCRA — Índices Básicos (IE nº 5/2022; tabela de 2013)";
4102901;24.0;2.0;A3;2;2022-08-01;"INCRA — Índices Básicos (IE nº 5/2022; tabela de 2013)";
4103008;20.0;2.0;A2;1;2022-08-01;"INCRA — Índices Básicos (IE nº 5/2022; tabela de 2013)";
4103024;20.0;2.0;A3;1;2022-08-01;"INCRA — Índices Básicos (IE nº 5/2022; tabela de 2013)";
4103040;20.0;2.0;A3;2;2022-08-01;"INCRA — Índices Básicos (IE nº 5/2022; tabela de 2013)";
4103057;20.0;2.0;A2;1;2022-08-01;"INCRA — Índices Básicos (IE nº 5/2022; tabela de 2013)";
4103107;20.0;2.0;A1;1;2022-08-01;"INCRA — Índices Básicos (IE nº 5/2022; tabela de 2013)";
4103156;20.0;2.0;A3;1;2022-08-01;"INCRA — Índices Básicos (IE nº 5/2022; tabela de 2013)";
4103206;16.0;2.0;A2;1;2022-08-01;"INCRA — Índices Básicos (IE nº 5/2022; tabela de 2013)";
4103222;18.0;2.0;A3;1;2022-08-01;"INCRA — Índices Básicos (IE nº 5/2022; tabela de 2013)";
4103305;18.0;2.0;A2;1;2022-08-01;"INCRA — Índices Básicos (IE nº 5/2022; tabela de 2013)";
4103354;18.0;2.0;A2;1;2022-08-01;"INCRA — Índices Básicos (IE nº 5/2022; tabela de 2013)";
4103370;22.0;2.0;A2;1;2022-08-01;"INCRA — Índices Básicos (IE nº 5/2022; tabela de 2013)";
4103404;16.0;2.0;A2;1;2022-08-01;"INCRA — Índices Básicos (IE nº 5/2022; tabela de 2013)";
4103453;18.0;2.0;A2;1;2022-08-01;"INCRA — Índices Básicos (IE nº 5/2022; tabela de 2013)";
4103479;20.0;2.0;A2;1;2022-08-01;"INCRA — Índices Básicos (IE nº 5/2022; tabela de 2013)";
4103503;16.0;2.0;A2;1;2022-08-01;"INCRA — Índices Básicos (IE nº 5/2022; tabela de 2013)";
4103602;18.0;2.0;A3;1;2022-08-01;"INCRA — Índices Básicos (IE nº 5/2022; tabela de 2013)";
4103701;12.0;2.0;A2;1;2022-08-01;"INCRA — Índices Básicos (IE nº 5/2022; tabela de 2013)";
4103800;16.0;2.0;A2;1;2022-08-01;"INCRA — Índices Básicos (IE nº 5/2022; tabela de 2013)";
4103909;20.0;2.0;A2;1;2022-08-01;"INCRA — Índices Básicos (IE nº 5/2022; tabela de 2013)";
4103958;18.0;2.0;A2;2;2022-08-01;"INCRA — Índices Básicos (IE nº 5/2022; tabela de 2013)";
4104006;14.0;2.0;A1;1;2022-08-01;"INCRA — Índices Básicos (IE nº 5/2022; tabela de 2013)";
4104055;20.0;2.0;A2;1;2022-08-01;"INCRA — Índices Básicos (IE nº 5/2022; tabela de 2013)";
4104105;20.0;2.0;A1;2;2022-08-01;"INCRA — Índices Básicos (IE nº 5/2022; tabela de 2013)";
4104204;12.0;2.0;A1;1;2022-08-01;"INCRA — Índices Básicos (IE nº 5/2022; tabela de 2013)";
4104253;12.0;2.0;A1;1;2022-08-01;"INCRA — Índices Básicos (IE nº 5/2022; tabela de 2013)";
4104303;18.0;2.0;A2;1;2022-08-01;"INCRA — Índices Básicos (IE nº 5/2022; tabela de 2013)";
4104402;20.0;2.0;A3;2;2022-08-01;"INCRA — Índices Básicos (IE nº 5/2022; tabela de 2013)";
4104428;18.0;2.0;A2;2;2022-08-01;"INCRA — Índices Básicos (IE nº 5/2022; tabela de 2013)";
4104451;18.0;2.0;A2;2;2022-08-01;"INCRA — Índices Básicos (IE nº 5/2022; tabela de 2013)";
4104501;20.0;2.0;A3;1;2022-08-01;"INCRA — Índices Básicos (IE nº 5/2022; tabela de 2013)";
4104600;20.0;2.0;A2;1;2022-08-01;"INCRA — Índices Básicos (IE nº 5/2022; tabela de 2013)";
4104659;16.0;2.0;A2;2;2022-08-01;"INCRA — Índices Básicos (IE nº 5/2022; tabela de 2013)";
4104709;18.0;2.0;A3;2;2022-08-01;"INCRA — Índices Básicos (IE nº 5/2022; tabela de 2013)";
4104808;18.0;2.0;A2;1;2022-08-01;"INCRA — Índices Básicos (IE nº 5/2022; tabela de 2013)";
4104907;16.0;2.0;A2;2;2022-08-01;"INCRA — Índices Básicos (IE nº 5/2022; tabela de 2013)";
4105003;18.0;2.0;A2;1;2022-08-01;"INCRA — Índices Básicos (IE nº 5/2022; tabela de 2013)";
4105102;12.0;2.0;A2;1;2022-08-01;"INCRA — Índices Básicos (IE nº 5/2022; tabela de 2013)";
4105201;30.0;2.0;A1;3;2022-08-01;"INCRA — Índices Básicos (IE nº 5/2022; tabela de 2013)";
4105300;18.0;2.0;A2;1;2022-08-01;"INCRA — Índices Básicos (IE nº 5/2022; tabela de 2013)";
4105409;20.0;2.0;A3;1;2022-08-01;"INCRA — Índices Básicos (IE nº 5/2022; tabela de 2013)";
4105508;20.0;2.0;A3;1;2022-08-01;"INCRA — Índices Básicos (IE nº 5/2022; tabela de 2013)";
4105607;22.0;2.0;A2;1;2022-08-01;"INCRA — Índices Básicos (IE nº 5/2022; tabela de 2013)";
4105706;24.0;2.0;A3;2;2022-08-01;"INCRA — Índices Básicos (IE nº 5/2022; tabela de 2013)";
4105805;10.0;2.0;A1;1;2022-08-01;"INCRA — Índices Básicos (IE nº 5/2022; tabela de 2013)";
4105904;16.0;2.0;A2;1;2022-08-01;"INCRA — Índices Básicos (IE nº 5/2022; tabela de 2013)";
4106001;18.0;2.0;A3;1;2022-08-01;"INCRA — Índices Básicos (IE nº 5/2022; tabela de 2013)";
4106100;18.0;2.0;A3;2;2022-08-01;"INCRA — Índices Básicos (IE nº 5/2022; tabela de 2013)";
4106209;12.0;2.0;A1;1;2022-08-01;"INCRA — Índices Básicos (IE nº 5/2022; tabela de 2013)";
4106308;18.0;2.0;A2;1;2022-08-01;"INCRA — Índices Básicos (IE nº 5/2022; tabela de 2013)";
4106407;18.0;2.0;A3;1;2022-08-01;"INCRA — Índices Básicos (IE nº 5/2022; tabela de 2013)";
4106456;24.0;2.0;A3;2;2022-08-01;"INCRA — Índices Básicos (IE nº 5/2022; tabela de 2013)";
4106506;20.0;2.0;A3;1;2022-08-01;"INCRA — Índices Básicos (IE nº 5/2022; tabela de 2013)";
4106555;20.0;2.0;A2;1;2022-08-01;"INCRA — Índices Básicos (IE nº 5/2022; tabela de 2013)";
4106803;24.0;2.0;A3;2;2022-08-01;"INCRA — Índices Básicos (IE nº 5/2022; tabela de 2013)";
4106571;20.0;2.0;A3;1;2022-08-01;"INCRA — Índices Básicos (IE nº 5/2022; tabela de 2013)";
4106605;22.0;2.0;A2;1;2022-08-01;"INCRA — Índices Básicos (IE nº 5/2022; tabela de 2013)";
4106704;24.0;2.0;A2;1;2022-08-01;"INCRA — Índices Básicos (IE nº 5/2022; tabela de 2013)";
4106852;18.0;2.0;A3;1;2022-08-01;"INCRA — Índices Básicos (IE nº 5/2022; tabela de 2013)";
4106902;5.0;2.0;A1;1;2022-08-01;"INCRA — Índices Básicos (IE nº 5/2022; tabela de 2013)";
4107009;18.0;2.0;A2;2;2022-08-01;"INCRA — Índices Básicos (IE nº 5/2022; tabela de 2013)";
4107108;24.0;2.0;A2;1;2022-08-01;"INCRA — Índices Básicos (IE nº 5/2022; tabela de 2013)";
4107124;20.0;2.0;A2;1;2022-08-01;"INCRA — Índices Básicos (IE nº 5/2022; tabela de 2013)";
4107157;18.0;2.0;A2;1;2022-08-01;"INCRA — Índices Básicos (IE nº 5/2022; tabela de 2013)";
4107207;20.0;2.0;A3;1;2022-08-01;"INCRA — Índices Básicos (IE nº 5/2022; tabela de 2013)";
4107256;22.0;2.0;A2;1;2022-08-01;"INCRA — Índices Básicos (IE nº 5/2022; tabela de 2013)";
4107306;16.0;2.0;A2;1;2022-08-01;"INCRA — Índices Básicos (IE nº 5/2022; tabela de 2013)";
4128633;30.0;2.0;A1;3;2022-08-01;"INCRA — Índices Básicos (IE nº 5/2022; tabela de 2013)";
4107405;20.0;2.0;A3;1;2022-08-01;"INCRA — Índices Básicos (IE nº 5/2022; tabela de 2013)";
4107504;20.0;2.0;A2;1;2022-08-01;"INCRA — Índices Básicos (IE nº 5/2022; tabela de 2013)";
4107538;18.0;2.0;A2;1;2022-08-01;"INCRA — Índices Básicos (IE nº 5/2022; tabela de 2013)";
4107520;20.0;2.0;A2;1;2022-08-01;"INCRA — Índices Básicos (IE nº 5/2022; tabela de 2013)";
4107546;20.0;2.0;A2;2;2022-08-01;"INCRA — Índices Básicos (IE nº 5/2022; tabela de 2013)";
4107553;18.0;2.0;A2;1;2022-08-01;"INCRA — Índices Básicos (IE nº 5/2022; tabela de 2013)";
4107603;18.0;2.0;A3;1;2022-08-01;"INCRA — Índices Básicos (IE nº 5/2022; tabela de 2013)";
4107652;12.0;2.0;A1;1;2022-08-01;"INCRA — Índices Básicos (IE nº 5/2022; tabela de 2013)";
4107702;20.0;2.0;A2;1;2022-08-01;"INCRA — Índices Básicos (IE nº 5/2022; tabela de 2013)";
4107736;16.0;2.0;A3;2;2022-08-01;"INCRA — Índices Básicos (IE nº 5/2022; tabela de 2013)";
4107751;18.0;2.0;A3;2;2022-08-01;"INCRA — Índices Básicos (IE nº 5/2022; tabela de 2013)";
4107850;20.0;2.0;A3;1;2022-08-01;"INCRA — Índices Básicos (IE nº 5/2022; tabela de 2013)";
4107801;16.0;2.0;A2;1;2022-08-01;"INCRA — Índices Básicos (IE nº 5/2022; tabela de 2013)";
4107900;16.0;2.0;A2;1;2022-08-01;"INCRA — Índices Básicos (IE nº 5/2022; tabela de 2013)";
4108007;14.0;2.0;A2;1;2022-08-01;"INCRA — Índices Básicos (IE nº 5/2022; tabela de 2013)";
4108106;14.0;2.0;A2;1;2022-08-01;"INCRA — Índices Básicos (IE nº 5/2022; tabela de 2013)";
4108205;18.0;2.0;A2;1;2022-08-01;"INCRA — Índices Básicos (IE nº 5/2022; tabela de 2013)";
4108304;18.0;2.0;A2;1;2022-08-01;"INCRA — Índices Básicos (IE nº 5/2022; tabela de 2013)";
4108452;18.0;2.0;A2;2;2022-08-01;"INCRA — Índices Básicos (IE nº 5/2022; tabela de 2013)";
4108320;20.0;2.0;A2;1;2022-08-01;"INCRA — Índices Básicos (IE nº 5/2022; tabela de 2013)";
4108403;18.0;2.0;A3;1;2022-08-01;"INCRA — Índices Básicos (IE nº 5/2022; tabela de 2013)";
4108502;24.0;2.0;A3;2;2022-08-01;"INCRA — Índices Básicos (IE nº 5/2022; tabela de 2013)";
4108551;18.0;2.0;A3;1;2022-08-01;"INCRA — Índices Básicos (IE nº 5/2022; tabela de 2013)";
4108601;20.0;2.0;A2;1;2022-08-01;"INCRA — Índices Básicos (IE nº 5/2022; tabela de 2013)";
4108650;18.0;2.0;A2;2;2022-08-01;"INCRA — Índices Básicos (IE nº 5/2022; tabela de 2013)";
4108700;18.0;2.0;A3;1;2022-08-01;"INCRA — Índices Básicos (IE nº 5/2022; tabela de 2013)";
4108809;20.0;2.0;A2;1;2022-08-01;"INCRA — Índices Básicos (IE nº 5/2022; tabela de 2013)";
4108908;24.0;2.0;A2;1;2022-08-01;"INCRA — Índices Básicos (IE nº 5/2022; tabela de 2013)";
4108957;16.0;2.0;A2;2;2022-08-01;"INCRA — Índices Básicos (IE nº 5/2022; tabela de 2013)";
4109005;18.0;2.0;A3;2;2022-08-01;"INCRA — Índices Básicos (IE nº 5/2022; tabela de 2013)";
4109104;22.0;2.0;A3;1;2022-08-01;"INCRA — Índices Básicos (IE nº 5/2022; tabela de 2013)";
4109203;16.0;2.0;A2;1;2022-08-01;"INCRA — Índices Básicos (IE nº 5/2022; tabela de 2013)";
4109302;20.0;2.0;A2;1;2022-08-01;"INCRA — Índices Básicos (IE nº 5/2022; tabela de 2013)";
4109401;18.0;2.0;A2;2;2022-08-01;"INCRA — Índices Básicos (IE nº 5/2022; tabela de 2013)";
4109500;20.0;2.0;A2;3;2022-08-01;"INCRA — Índices Básicos (IE nº 5/2022; tabela de 2013)";
4109609;16.0;2.0;A2;3;2022-08-01;"INCRA — Índices Básicos (IE nº 5/2022; tabela de 2013)";
4109658;24.0;2.0;A3;2;2022-08-01;"INCRA — Índices Básicos (IE nº 5/2022; tabela de 2013)";
4109708;18.0;2.0;A3;2;2022-08-01;"INCRA — Índices Básicos (IE nº 5/2022; tabela de 2013)";
4109757;18.0;2.0;A2;1;2022-08-01;"INCRA — Índices Básicos (IE nº 5/2022; tabela de 2013)";
4109807;12.0;2.0;A2;1;2022-08-01;"INCRA — Índices Básicos (IE nº 5/2022; tabela de 2013)";
4109906;22.0;2.0;A2;1;2022-08-01;"INCRA — Índices Básicos (IE nº 5/2022; tabela de 2013)";
4110003;16.0;2.0;A2;1;2022-08-01;"INCRA — Índices Básicos (IE nº 5/2022; tabela de 2013)";
4110052;18.0;2.0;A2;1;2022-08-01;"INCRA — Índices Básicos (IE nº 5/2022; tabela de 2013)";
4110078;20.0;2.0;A2;2;2022-08-01;"INCRA — Índices Básicos (IE nº 5/2022; tabela de 2013)";
4110102;16.0;2.0;A3;2;2022-08-01;"INCRA — Índices Básicos (IE nº 5/2022; tabela de 2013)";
4110201;20.0;2.0;A2;2;2022-08-01;"INCRA — Índices Básicos (IE nº 5/2022; tabela de 2013)";
4110300;24.0;2.0;A2;1;2022-08-01;"INCRA — Índices Básicos (IE nº 5/2022; tabela de 2013)";
4110409;22.0;2.0;A3;1;2022-08-01;"INCRA — Índices Básicos (IE nº 5/2022; tabela de 2013)";
4110508;20.0;2.0;A2;2;2022-08-01;"INCRA — Índices Básicos (IE nº 5/2022; tabela de 2013)";
4110607;20.0;2.0;A2;1;2022-08-01;"INCRA — Índices Básicos (IE nº 5/2022; tabela de 2013)";
4110656;18.0;2.0;A2;1;2022-08-01;"INCRA — Índices Básicos (IE nº 5/2022; tabela de 2013)";
4110706;16.0;2.0;A3;2;2022-08-01;"INCRA — Índices Básicos (IE nº 5/2022; tabela de 2013)";
4110805;20.0;2.0;A2;1;2022-08-01;"INCRA — Índices Básicos (IE nº 5/2022; tabela de 2013)";
4110904;16.0;2.0;A2;1;2022-08-01;"INCRA — Índices Básicos (IE nº 5/2022; tabela de 2013)";
4110953;18.0;2.0;A2;1;2022-08-01;"INCRA — Índices Básicos (IE nº 5/2022; tabela de 2013)";
4111001;18.0;2.0;A3;1;2022-08-01;"INCRA — Índices Básicos (IE nº 5/2022; tabela de 2013)";
4111100;16.0;2.0;A2;1;2022-08-01;"INCRA — Índices Básicos (IE nº 5/2022; tabela de 2013)";
4111209;20.0;2.0;A3;1;2022-08-01;"INCRA — Índices Básicos (IE nº 5/2022; tabela de 2013)";
4111258;14.0;2.0;A1;1;2022-08-01;"INCRA — Índices Básicos (IE nº 5/2022; tabela de 2013)";
4111308;24.0;2.0;A2;1;2022-08-01;"INCRA — Índices Básicos (IE nº 5/2022; tabela de 2013)";
4111407;20.0;2.0;A2;2;2022-08-01;"INCRA — Índices Básicos (IE nº 5/2022; tabela de 2013)";
4111506;18.0;2.0;A3;1;2022-08-01;"INCRA — Índices Básicos (IE nº 5/2022; tabela de 2013)";
4111555;20.0;2.0;A2;1;2022-08-01;"INCRA — Índices Básicos (IE nº 5/2022; tabela de 2013)";
4111605;16.0;2.0;A2;1;2022-08-01;"INCRA — Índices Básicos (IE nº 5/2022; tabela de 2013)";
4111704;18.0;2.0;A3;2;2022-08-01;"INCRA — Índices Básicos (IE nº 5/2022; tabela de 2013)";
4111803;18.0;2.0;A3;1;2022-08-01;"INCRA — Índices Básicos (IE nº 5/2022; tabela de 2013)";
4111902;16.0;2.0;A2;1;2022-08-01;"INCRA — Índices Básicos (IE nº 5/2022; tabela de 2013)";
4112009;20.0;2.0;A2;2;2022-08-01;"INCRA — Índices Básicos (IE nº 5/2022; tabela de 2013)";
4112108;16.0;2.0;A2;1;2022-08-01;"INCRA — Índices Básicos (IE nº 5/2022; tabela de 2013)";
4112207;20.0;2.0;A2;1;2022-08-01;"INCRA — Índices Básicos (IE nº 5/2022; tabela de 2013)";
4112306;18.0;2.0;A3;2;2022-08-01;"INCRA — Índices Básicos (IE nº 5/2022; tabela de 2013)";
4112405;22.0;2.0;A3;1;2022-08-01;"INCRA — Índices Básicos (IE nº 5/2022; tabela de 2013)";
4112504;18.0;2.0;A3;1;2022-08-01;"INCRA — Índices Básicos (IE nº 5/2022; tabela de 2013)";
4112603;24.0;2.0;A2;1;2022-08-01;"INCRA — Índices Básicos (IE nº 5/2022; tabela de 2013)";
4112702;18.0;2.0;A2;1;2022-08-01;"INCRA — Índices Básicos (IE nº 5/2022; tabela de 2013)";
4112751;18.0;2.0;A2;1;2022-08-01;"INCRA — Índices Básicos (IE nº 5/2022; tabela de 2013)";
4112801;18.0;2.0;A3;2;2022-08-01;"INCRA — Índices Básicos (IE nº 5/2022; tabela de 2013)";
4112900;18.0;2.0;A3;1;2022-08-01;"INCRA — Índices Básicos (IE nº 5/2022; tabela de 2013)";
4112959;20.0;2.0;A2;1;2022-08-01;"INCRA — Índices Básicos (IE nº 5/2022; tabela de 2013)";
4113007;22.0;2.0;A3;1;2022-08-01;"INCRA — Índices Básicos (IE nº 5/2022; tabela de 2013)";
4113106;18.0;2.0;A2;1;2022-08-01;"INCRA — Índices Básicos (IE nº 5/2022; tabela de 2013)";
4113205;16.0;2.0;A1;2;2022-08-01;"INCRA — Índices Básicos (IE nº 5/2022; tabela de 2013)";
4113254;20.0;2.0;A3;2;2022-08-01;"INCRA — Índices Básicos (IE nº 5/2022; tabela de 2013)";
4113304;18.0;2.0;A2;2;2022-08-01;"INCRA — Índices Básicos (IE nº 5/2022; tabela de 2013)";
4113403;18.0;2.0;A3;1;2022-08-01;"INCRA — Índices Básicos (IE nº 5/2022; tabela de 2013)";
4113429;18.0;2.0;A3;1;2022-08-01;"INCRA — Índices Básicos (IE nº 5/2022; tabela de 2013)";
4113452;18.0;2.0;A2;1;2022-08-01;"INCRA — Índices Básicos (IE nº 5/2022; tabela de 2013)";
4113502;24.0;2.0;A2;1;2022-08-01;"INCRA — Índices Básicos (IE nº 5/2022; tabela de 2013)";
4113601;16.0;2.0;A2;1;2022-08-01;"INCRA — Índices Básicos (IE nº 5/2022; tabela de 2013)";
4113700;12.0;2.0;A2;1;2022-08-01;"INCRA — Índices Básicos (IE nº 5/2022; tabela de 2013)";
4113734;18.0;2.0;A2;1;2022-08-01;"INCRA — Índices Básicos (IE nº 5/2022; tabela de 2013)";
4113759;18.0;2.0;A3;1;2022-08-01;"INCRA — Índices Básicos (IE nº 5/2022; tabela de 2013)";
4113809;14.0;2.0;A2;1;2022-08-01;"INCRA — Índices Básicos (IE nº 5/2022; tabela de 2013)";
4113908;16.0;2.0;A3;2;2022-08-01;"INCRA — Índices Básicos (IE nº 5/2022; tabela de 2013)";
4114005;20.0;2.0;A2;1;2022-08-01;"INCRA — Índices Básicos (IE nº 5/2022; tabela de 2013)";
4114104;14.0;2.0;A2;1;2022-08-01;"INCRA — Índices Básicos (IE nº 5/2022; tabela de 2013)";
4114203;14.0;2.0;A2;1;2022-08-01;"INCRA — Índices Básicos (IE nº 5/2022; tabela de 2013)";
4114302;12.0;2.0;A1;1;2022-08-01;"INCRA — Índices Básicos (IE nº 5/2022; tabela de 2013)";
4114351;20.0;2.0;A3;1;2022-08-01;"INCRA — Índices Básicos (IE nº 5/2022; tabela de 2013)";
4114401;24.0;2.0;A3;2;2022-08-01;"INCRA — Índices Básicos (IE nº 5/2022; tabela de 2013)";
4114500;20.0;2.0;A3;2;2022-08-01;"INCRA — Índices Básicos (IE nº 5/2022; tabela de 2013)";
4114609;18.0;2.0;A2;1;2022-08-01;"INCRA — Índices Básicos (IE nº 5/2022; tabela de 2013)";
4114708;22.0;2.0;A2;1;2022-08-01;"INCRA — Índices Básicos (IE nº 5/2022; tabela de 2013)";
4114807;14.0;2.0;A2;1;2022-08-01;"INCRA — Índices Básicos (IE nº 5/2022; tabela de 2013)";
4114906;18.0;2.0;A2;1;2022-08-01;"INCRA — Índices Básicos (IE nº 5/2022; tabela de 2013)";
4115002;24.0;2.0;A2;1;2022-08-01;"INCRA — Índices Básicos (IE nº 5/2022; tabela de 2013)";
4115101;20.0;2.0;A2;1;2022-08-01;"INCRA — Índices Básicos (IE nº 5/2022; tabela de 2013)";
4115200;14.0;2.0;A2;1;2022-08-01;"INCRA — Índices Básicos (IE nº 5/2022; tabela de 2013)";
4115309;18.0;2.0;A3;1;2022-08-01;"INCRA — Índices Básicos (IE nº 5/2022; tabela de 2013)";
4115358;18.0;2.0;A2;1;2022-08-01;"INCRA — Índices Básicos (IE nº 5/2022; tabela de 2013)";
4115408;20.0;2.0;A3;1;2022-08-01;"INCRA — Índices Básicos (IE nº 5/2022; tabela de 2013)";
4115457;18.0;2.0;A2;2;2022-08-01;"INCRA — Índices Básicos (IE nº 5/2022; tabela de 2013)";
4115507;18.0;2.0;A2;1;2022-08-01;"INCRA — Índices Básicos (IE nº 5/2022; tabela de 2013)";
4115606;18.0;2.0;A2;1;2022-08-01;"INCRA — Índices Básicos (IE nº 5/2022; tabela de 2013)";
4115705;16.0;2.0;A2;3;2022-08-01;"INCRA — Índices Básicos (IE nº 5/2022; tabela de 2013)";
4115739;20.0;2.0;A3;2;2022-08-01;"INCRA — Índices Básicos (IE nº 5/2022; tabela de 2013)";
4115754;18.0;2.0;A2;1;2022-08-01;"INCRA — Índices Básicos (IE nº 5/2022; tabela de 2013)";
4115804;18.0;2.0;A2;1;2022-08-01;"INCRA — Índices Básicos (IE nº 5/2022; tabela de 2013)";
4115853;18.0;2.0;A2;1;2022-08-01;"INCRA — Índices Básicos (IE nº 5/2022; tabela de 2013)";
4115903;24.0;2.0;A2;1;2022-08-01;"INCRA — Índices Básicos (IE nº 5/2022; tabela de 2013)";
4116000;16.0;2.0;A2;1;2022-08-01;"INCRA — Índices Básicos (IE nº 5/2022; tabela de 2013)";
4116059;18.0;2.0;A2;1;2022-08-01;"INCRA — Índices Básicos (IE nº 5/2022; tabela de 2013)";
4116109;20.0;2.0;A2;1;2022-08-01;"INCRA — Índices Básicos (IE nº 5/2022; tabela de 2013)";
4116208;16.0;2.0;A2;3;2022-08-01;"INCRA — Índices Básicos (IE nº 5/2022; tabela de 2013)";
4116307;14.0;2.0;A2;1;2022-08-01;"INCRA — Índices Básicos (IE nº 5/2022; tabela de 2013)";
4116406;16.0;2.0;A2;1;2022-08-01;"INCRA — Índices Básicos (IE nº 5/2022; tabela de 2013)";
4116505;24.0;2.0;A2;1;2022-08-01;"INCRA — Índices Básicos (IE nº 5/2022; tabela de 2013)";
4116604;18.0;2.0;A3;1;2022-08-01;"INCRA — Índices Básicos (IE nº 5/2022; tabela de 2013)";
4116703;18.0;2.0;A2;1;2022-08-01;"INCRA — Índices Básicos (IE nº 5/2022; tabela de 2013)";
4116802;20.0;2.0;A2;1;2022-08-01;"INCRA — Índices Básicos (IE nº 5/2022; tabela de 2013)";
4116901;20.0;2.0;A2;1;2022-08-01;"INCRA — Índices Básicos (IE nº 5/2022; tabela de 2013)";
4116950;20.0;2.0;A3;1;2022-08-01;"INCRA — Índices Básicos (IE nº 5/2022; tabela de 2013)";
4117008;18.0;2.0;A3;1;2022-08-01;"INCRA — Índices Básicos (IE nº 5/2022; tabela de 2013)";
4117057;18.0;2.0;A2;2;2022-08-01;"INCRA — Índices Básicos (IE nº 5/2022; tabela de 2013)";
4117107;24.0;2.0;A2;1;2022-08-01;"INCRA — Índices Básicos (IE nº 5/2022; tabela de 2013)";
4117206;22.0;2.0;A2;1;2022-08-01;"INCRA — Índices Básicos (IE nº 5/2022; tabela de 2013)";
4117255;20.0;2.0;A3;1;2022-08-01;"INCRA — Índices Básicos (IE nº 5/2022; tabela de 2013)";
4117214;18.0;2.0;A3;1;2022-08-01;"INCRA — Índices Básicos (IE nº 5/2022; tabela de 2013)";
4117222;18.0;2.0;A2;1;2022-08-01;"INCRA — Índices Básicos (IE nº 5/2022; tabela de 2013)";
4117271;20.0;2.0;A3;2;2022-08-01;"INCRA — Índices Básicos (IE nº 5/2022; tabela de 2013)";
4117297;16.0;2.0;A2;1;2022-08-01;"INCRA — Índices Básicos (IE nº 5/2022; tabela de 2013)";
4117305;20.0;2.0;A2;2;2022-08-01;"INCRA — Índices Básicos (IE nº 5/2022; tabela de 2013)";
4117404;16.0;2.0;A2;1;2022-08-01;"INCRA — Índices Básicos (IE nº 5/2022; tabela de 2013)";
4117453;18.0;2.0;A2;1;2022-08-01;"INCRA — Índices Básicos (IE nº 5/2022; tabela de 2013)";
4117503;16.0;2.0;A2;1;2022-08-01;"INCRA — Índices Básicos (IE nº 5/2022; tabela de 2013)";
4117602;24.0;2.0;A3;2;2022-08-01;"INCRA — Índices Básicos (IE nº 5/2022; tabela de 2013)";
4117701;16.0;2.0;A2;2;2022-08-01;"INCRA — Índices Básicos (IE nº 5/2022; tabela de 2013)";
4117800;20.0;2.0;A3;2;2022-08-01;"INCRA — Índices Básicos (IE nº 5/2022; tabela de 2013)";
4117909;18.0;2.0;A2;1;2022-08-01;"INCRA — Índices Básicos (IE nº 5/2022; tabela de 2013)";
4118006;24.0;2.0;A2;1;2022-08-01;"INCRA — Índices Básicos (IE nº 5/2022; tabela de 2013)";
4118105;24.0;2.0;A2;1;2022-08-01;"INCRA — Índices Básicos (IE nº 5/2022; tabela de 2013)";
4118204;16.0;2.0;A2;3;2022-08-01;"INCRA — Índices Básicos (IE nº 5/2022; tabela de 2013)";
4118303;24.0;2.0;A2;1;2022-08-01;"INCRA — Índices Básicos (IE nº 5/2022; tabela de 2013)";
4118402;20.0;2.0;A2;1;2022-08-01;"INCRA — Índices Básicos (IE nº 5/2022; tabela de 2013)";
4118451;18.0;2.0;A2;1;2022-08-01;"INCRA — Índices Básicos (IE nº 5/2022; tabela de 2013)";
4118501;18.0;2.0;A3;1;2022-08-01;"INCRA — Índices Básicos (IE nº 5/2022; tabela de 2013)";
4118600;24.0;2.0;A3;2;2022-08-01;"INCRA — Índices Básicos (IE nº 5/2022; tabela de 2013)";
4118709;24.0;2.0;A3;2;2022-08-01;"INCRA — Índices Básicos (IE nº 5/2022; tabela de 2013)";
4118808;20.0;2.0;A2;1;2022-08-01;"INCRA — Índices Básicos (IE nº 5/2022; tabela de 2013)";
4118857;20.0;2.0;A2;1;2022-08-01;"INCRA — Índices Básicos (IE nº 5/2022; tabela de 2013)";
4118907;20.0;2.0;A2;1;2022-08-01;"INCRA — Índices Básicos (IE nº 5/2022; tabela de 2013)";
4119004;20.0;2.0;A3;1;2022-08-01;"INCRA — Índices Básicos (IE nº 5/2022; tabela de 2013)";
4119103;20.0;2.0;A1;2;2022-08-01;"INCRA — Índices Básicos (IE nº 5/2022; tabela de 2013)";
4119152;12.0;2.0;A1;1;2022-08-01;"INCRA — Índices Básicos (IE nº 5/2022; tabela de 2013)";
4119251;20.0;2.0;A3;1;2022-08-01;"INCRA — Índices Básicos (IE nº 5/2022; tabela de 2013)";
4119202;18.0;2.0;A3;2;2022-08-01;"INCRA — Índices Básicos (IE nº 5/2022; tabela de 2013)";
4119301;20.0;2.0;A2;2;2022-08-01;"INCRA — Índices Básicos (IE nº 5/2022; tabela de 2013)";
4119400;16.0;2.0;A2;2;2022-08-01;"INCRA — Índices Básicos (IE nº 5/2022; tabela de 2013)";
4119509;12.0;2.0;A1;1;2022-08-01;"INCRA — Índices Básicos (IE nº 5/2022; tabela de 2013)";
4119608;20.0;2.0;A3;2;2022-08-01;"INCRA — Índices Básicos (IE nº 5/2022; tabela de 2013)";
4119657;12.0;2.0;A2;1;2022-08-01;"INCRA — Índices Básicos (IE nº 5/2022; tabela de 2013)";
4119707;24.0;2.0;A2;1;2022-08-01;"INCRA — Índices Básicos (IE nº 5/2022; tabela de 2013)";
4119806;20.0;2.0;A3;1;2022-08-01;"INCRA — Índices Básicos (IE nº 5/2022; tabela de 2013)";
4119905;12.0;2.0;A2;2;2022-08-01;"INCRA — Índices Básicos (IE nº 5/2022; tabela de 2013)";
4119954;16.0;2.0;A2;3;2022-08-01;"INCRA — Índices Básicos (IE nº 5/2022; tabela de 2013)";
4120002;16.0;2.0;A2;1;2022-08-01;"INCRA — Índices Básicos (IE nº 5/2022; tabela de 2013)";
4120101;20.0;2.0;A2;2;2022-08-01;"INCRA — Índices Básicos (IE nº 5/2022; tabela de 2013)";
4120150;18.0;2.0;A2;2;2022-08-01;"INCRA — Índices Básicos (IE nº 5/2022; tabela de 2013)";
4120200;24.0;2.0;A2;1;2022-08-01;"INCRA — Índices Básicos (IE nº 5/2022; tabela de 2013)";
4120309;24.0;2.0;A3;2;2022-08-01;"INCRA — Índices Básicos (IE nº 5/2022; tabela de 2013)";
4120333;16.0;2.0;A2;1;2022-08-01;"INCRA — Índices Básicos (IE nº 5/2022; tabela de 2013)";
4120358;20.0;2.0;A3;1;2022-08-01;"INCRA — Índices Básicos (IE nº 5/2022; tabela de 2013)";
4120408;20.0;2.0;A2;1;2022-08-01;"INCRA — Índices Básicos (IE nº 5/2022; tabela de 2013)";
4120507;16.0;2.0;A2;1;2022-08-01;"INCRA — Índices Básicos (IE nº 5/2022; tabela de 2013)";
4120606;16.0;2.0;A2;2;2022-08-01;"INCRA — Índices Básicos (IE nº 5/2022; tabela de 2013)";
4120655;20.0;2.0;A2;1;2022-08-01;"INCRA — Índices Básicos (IE nº 5/2022; tabela de 2013)";
4120705;18.0;2.0;A3;2;2022-08-01;"INCRA — Índices Básicos (IE nº 5/2022; tabela de 2013)";
4120804;12.0;2.0;A1;1;2022-08-01;"INCRA — Índices Básicos (IE nº 5/2022; tabela de 2013)";
4120853;18.0;2.0;A2;1;2022-08-01;"INCRA — Índices Básicos (IE nº 5/2022; tabela de 2013)";
4120903;20.0;2.0;A2;2;2022-08-01;"INCRA — Índices Básicos (IE nº 5/2022; tabela de 2013)";
4121000;30.0;2.0;A2;1;2022-08-01;"INCRA — Índices Básicos (IE nº 5/2022; tabela de 2013)";
4121109;20.0;2.0;A2;1;2022-08-01;"INCRA — Índices Básicos (IE nº 5/2022; tabela de 2013)";
4121208;20.0;2.0;A1;2;2022-08-01;"INCRA — Índices Básicos (IE nº 5/2022; tabela de 2013)";
4121257;18.0;2.0;A2;1;2022-08-01;"INCRA — Índices Básicos (IE nº 5/2022; tabela de 2013)";
4121307;18.0;2.0;A3;1;2022-08-01;"INCRA — Índices Básicos (IE nº 5/2022; tabela de 2013)";
4121356;20.0;2.0;A2;1;2022-08-01;"INCRA — Índices Básicos (IE nº 5/2022; tabela de 2013)";
4121406;20.0;2.0;A3;1;2022-08-01;"INCRA — Índices Básicos (IE nº 5/2022; tabela de 2013)";
4121505;16.0;2.0;A3;2;2022-08-01;"INCRA — Índices Básicos (IE nº 5/2022; tabela de 2013)";
4121604;20.0;2.0;A3;1;2022-08-01;"INCRA — Índices Básicos (IE nº 5/2022; tabela de 2013)";
4121703;20.0;2.0;A2;2;2022-08-01;"INCRA — Índices Básicos (IE nº 5/2022; tabela de 2013)";
4121752;20.0;2.0;A2;2;2022-08-01;"INCRA — Índices Básicos (IE nº 5/2022; tabela de 2013)";
4121802;18.0;2.0;A3;1;2022-08-01;"INCRA — Índices Básicos (IE nº 5/2022; tabela de 2013)";
4121901;18.0;2.0;A3;1;2022-08-01;"INCRA — Índices Básicos (IE nº 5/2022; tabela de 2013)";
4122008;16.0;2.0;A3;2;2022-08-01;"INCRA — Índices Básicos (IE nº 5/2022; tabela de 2013)";
4122107;18.0;2.0;A2;1;2022-08-01;"INCRA — Índices Básicos (IE nº 5/2022; tabela de 2013)";
4122156;18.0;2.0;A2;2;2022-08-01;"INCRA — Índices Básicos (IE nº 5/2022; tabela de 2013)";
4122172;18.0;2.0;A3;1;2022-08-01;"INCRA — Índices Básicos (IE nº 5/2022; tabela de 2013)";
4122206;14.0;2.0;A1;1;2022-08-01;"INCRA — Índices Básicos (IE nº 5/2022; tabela de 2013)";
4122305;16.0;2.0;A1;2;2022-08-01;"INCRA — Índices Básicos (IE nº 5/2022; tabela de 2013)";
4122404;12.0;2.0;A2;1;2022-08-01;"INCRA — Índices Básicos (IE nº 5/2022; tabela de 2013)";
4122503;20.0;2.0;A2;1;2022-08-01;"INCRA — Índices Básicos (IE nº 5/2022; tabela de 2013)";
4122602;22.0;2.0;A3;1;2022-08-01;"INCRA — Índices Básicos (IE nº 5/2022; tabela de 2013)";
4122651;18.0;2.0;A3;1;2022-08-01;"INCRA — Índices Básicos (IE nº 5/2022; tabela de 2013)";
4122701;16.0;2.0;A2;1;2022-08-01;"INCRA — Índices Básicos (IE nº 5/2022; tabela de 2013)";
4122800;20.0;2.0;A3;1;2022-08-01;"INCRA — Índices Básicos (IE nº 5/2022; tabela de 2013)";
4122909;18.0;2.0;A3;2;2022-08-01;"INCRA — Índices Básicos (IE nº 5/2022; tabela de 2013)";
4123006;20.0;2.0;A3;1;2022-08-01;"INCRA — Índices Básicos (IE nº 5/2022; tabela de 2013)";
4123105;18.0;2.0;A3;1;2022-08-01;"INCRA — Índices Básicos (IE nº 5/2022; tabela de 2013)";
4123204;18.0;2.0;A3;1;2022-08-01;"INCRA — Índices Básicos (IE nº 5/2022; tabela de 2013)";
4123303;24.0;2.0;A2;1;2022-08-01;"INCRA — Índices Básicos (IE nº 5/2022; tabela de 2013)";
4123402;18.0;2.0;A2;1;2022-08-01;"INCRA — Índices Básicos (IE nº 5/2022; tabela de 2013)";
4123501;18.0;2.0;A2;1;2022-08-01;"INCRA — Índices Básicos (IE nº 5/2022; tabela de 2013)";
4123600;18.0;2.0;A2;1;2022-08-01;"INCRA — Índices Básicos (IE nº 5/2022; tabela de 2013)";
4123709;24.0;2.0;A2;1;2022-08-01;"INCRA — Índices Básicos (IE nº 5/2022; tabela de 2013)";
4123808;20.0;2.0;A3;1;2022-08-01;"INCRA — Índices Básicos (IE nº 5/2022; tabela de 2013)";
4123824;20.0;2.0;A2;1;2022-08-01;"INCRA — Índices Básicos (IE nº 5/2022; tabela de 2013)";
4123857;20.0;2.0;A3;2;2022-08-01;"INCRA — Índices Básicos (IE nº 5/2022; tabela de 2013)";
4123907;18.0;2.0;A3;1;2022-08-01;"INCRA — Índices Básicos (IE nº 5/2022; tabela de 2013)";
4123956;24.0;2.0;A2;1;2022-08-01;"INCRA — Índices Básicos (IE nº 5/2022; tabela de 2013)";
4124020;18.0;2.0;A2;1;2022-08-01;"INCRA — Índices Básicos (IE nº 5/2022; tabela de 2013)";
4124053;18.0;2.0;A2;1;2022-08-01;"INCRA — Índices Básicos (IE nº 5/2022; tabela de 2013)";
4124004;18.0;2.0;A3;2;2022-08-01;"INCRA — Índices Básicos (IE nº 5/2022; tabela de 2013)";
4124103;18.0;2.0;A3;1;2022-08-01;"INCRA — Índices Básicos (IE nº 5/2022; tabela de 2013)";
4124202;24.0;2.0;A2;1;2022-08-01;"INCRA — Índices Básicos (IE nº 5/2022; tabela de 2013)";
4124301;18.0;2.0;A3;1;2022-08-01;"INCRA — Índices Básicos (IE nº 5/2022; tabela de 2013)";
4124400;20.0;2.0;A3;1;2022-08-01;"INCRA — Índices Básicos (IE nº 5/2022; tabela de 2013)";
4124509;18.0;2.0;A2;1;2022-08-01;"INCRA — Índices Básicos (IE nº 5/2022; tabela de 2013)";
4124608;16.0;2.0;A2;1;2022-08-01;"INCRA — Índices Básicos (IE nº 5/2022; tabela de 2013)";
4124707;20.0;2.0;A3;1;2022-08-01;"INCRA — Índices Básicos (IE nº 5/2022; tabela de 2013)";
4124806;20.0;2.0;A3;1;2022-08-01;"INCRA — Índices Básicos (IE nº 5/2022; tabela de 2013)";
4124905;24.0;2.0;A2;1;2022-08-01;"INCRA — Índices Básicos (IE nº 5/2022; tabela de 2013)";
4125001;18.0;2.0;A3;1;2022-08-01;"INCRA — Índices Básicos (IE nº 5/2022; tabela de 2013)";
4125100;16.0;2.0;A2;1;2022-08-01;"INCRA — Índices Básicos (IE nº 5/2022; tabela de 2013)";
4125308;16.0;2.0;A2;1;2022-08-01;"INCRA — Índices Básicos (IE nº 5/2022; tabela de 2013)";
4125357;20.0;2.0;A2;1;2022-08-01;"INCRA — Índices Básicos (IE nº 5/2022; tabela de 2013)";
4125209;20.0;2.0;A3;1;2022-08-01;"INCRA — Índices Básicos (IE nº 5/2022; tabela de 2013)";
4125407;18.0;2.0;A3;2;2022-08-01;"INCRA — Índices Básicos (IE nº 5/2022; tabela de 2013)";
4125456;18.0;2.0;A2;1;2022-08-01;"INCRA — Índices Básicos (IE nº 5/2022; tabela de 2013)";
4125506;12.0;2.0;A1;1;2022-08-01;"INCRA — Índices Básicos (IE nº 5/2022; tabela de 2013)";
4125555;22.0;2.0;A3;1;2022-08-01;"INCRA — Índices Básicos (IE nº 5/2022; tabela de 2013)";
4125605;16.0;2.0;A3;1;2022-08-01;"INCRA — Índices Básicos (IE nº 5/2022; tabela de 2013)";
4125704;18.0;2.0;A2;1;2022-08-01;"INCRA — Índices Básicos (IE nº 5/2022; tabela de 2013)";
4125753;18.0;2.0;A2;1;2022-08-01;"INCRA — Índices Básicos (IE nº 5/2022; tabela de 2013)";
4125803;18.0;2.0;A2;1;2022-08-01;"INCRA — Índices Básicos (IE nº 5/2022; tabela de 2013)";
4125902;24.0;2.0;A2;1;2022-08-01;"INCRA — Índices Básicos (IE nº 5/2022; tabela de 2013)";
4126009;20.0;2.0;A3;1;2022-08-01;"INCRA — Índices Básicos (IE nº 5/2022; tabela de 2013)";
4126108;22.0;2.0;A3;1;2022-08-01;"INCRA — Índices Básicos (IE nº 5/2022; tabela de 2013)";
4126207;18.0;2.0;A3;2;2022-08-01;"INCRA — Índices Básicos (IE nº 5/2022; tabela de 2013)";
4126256;14.0;2.0;A2;1;2022-08-01;"INCRA — Índices Básicos (IE nº 5/2022; tabela de 2013)";
4126272;20.0;2.0;A3;1;2022-08-01;"INCRA — Índices Básicos (IE nº 5/2022; tabela de 2013)";
4126306;20.0;2.0;A2;2;2022-08-01;"INCRA — Índices Básicos (IE nº 5/2022; tabela de 2013)";
4126355;18.0;2.0;A2;1;2022-08-01;"INCRA — Índices Básicos (IE nº 5/2022; tabela de 2013)";
4126405;18.0;2.0;A3;1;2022-08-01;"INCRA — Índices Básicos (IE nº 5/2022; tabela de 2013)";
4126504;16.0;2.0;A2;1;2022-08-01;"INCRA — Índices Básicos (IE nº 5/2022; tabela de 2013)";
4126603;18.0;2.0;A3;2;2022-08-01;"INCRA — Índices Básicos (IE nº 5/2022; tabela de 2013)";
4126652;20.0;2.0;A3;1;2022-08-01;"INCRA — Índices Básicos (IE nº 5/2022; tabela de 2013)";
4126678;12.0;2.0;A2;1;2022-08-01;"INCRA — Índices Básicos (IE nº 5/2022; tabela de 2013)";
4126702;24.0;2.0;A2;1;2022-08-01;"INCRA — Índices Básicos (IE nº 5/2022; tabela de 2013)";
4126801;22.0;2.0;A3;1;2022-08-01;"INCRA — Índices Básicos (IE nº 5/2022; tabela de 2013)";
4126900;24.0;2.0;A2;1;2022-08-01;"INCRA — Índices Básicos (IE nº 5/2022; tabela de 2013)";
4127007;16.0;2.0;A3;2;2022-08-01;"INCRA — Índices Básicos (IE nº 5/2022; tabela de 2013)";
4127106;20.0;2.0;A2;2;2022-08-01;"INCRA — Índices Básicos (IE nº 5/2022; tabela de 2013)";
4127205;22.0;2.0;A3;1;2022-08-01;"INCRA — Índices Básicos (IE nº 5/2022; tabela de 2013)";
4127304;24.0;2.0;A2;1;2022-08-01;"INCRA — Índices Básicos (IE nº 5/2022; tabela de 2013)";
4127403;18.0;2.0;A2;1;2022-08-01;"INCRA — Índices Básicos (IE nº 5/2022; tabela de 2013)";
4127502;20.0;2.0;A2;2;2022-08-01;"INCRA — Índices Básicos (IE nº 5/2022; tabela de 2013)";
4127601;20.0;2.0;A1;2;2022-08-01;"INCRA — Índices Básicos (IE nº 5/2022; tabela de 2013)";
4127700;18.0;2.0;A2;1;2022-08-01;"INCRA — Índices Básicos (IE nº 5/2022; tabela de 2013)";
4127809;18.0;2.0;A3;2;2022-08-01;"INCRA — Índices Básicos (IE nº 5/2022; tabela de 2013)";
4127858;18.0;2.0;A2;1;2022-08-01;"INCRA — Índices Básicos (IE nº 5/2022; tabela de 2013)";
4127882;20.0;2.0;A1;1;2022-08-01;"INCRA — Índices Básicos (IE nº 5/2022; tabela de 2013)";
4127908;22.0;2.0;A3;1;2022-08-01;"INCRA — Índices Básicos (IE nº 5/2022; tabela de 2013)";
4127957;18.0;2.0;A2;1;2022-08-01;"INCRA — Índices Básicos (IE nº 5/2022; tabela de 2013)";
4127965;18.0;2.0;A2;2;2022-08-01;"INCRA — Índices Básicos (IE nº 5/2022; tabela de 2013)";
4128005;20.0;2.0;A2;1;2022-08-01;"INCRA — Índices Básicos (IE nº 5/2022; tabela de 2013)";
4128104;20.0;2.0;A2;1;2022-08-01;"INCRA — Índices Básicos (IE nº 5/2022; tabela de 2013)";
4128203;20.0;2.0;A3;2;2022-08-01;"INCRA — Índices Básicos (IE nº 5/2022; tabela de 2013)";
4128302;16.0;2.0;A2;1;2022-08-01;"INCRA — Índices Básicos (IE nº 5/2022; tabela de 2013)";
4128401;18.0;2.0;A3;1;2022-08-01;"INCRA — Índices Básicos (IE nº 5/2022; tabela de 2013)";
4128534;20.0;2.0;A2;2;2022-08-01;"INCRA — Índices Básicos (IE nº 5/2022; tabela de 2013)";
4128559;18.0;2.0;A2;1;2022-08-01;"INCRA — Índices Básicos (IE nº 5/2022; tabela de 2013)";
4128609;20.0;2.0;A3;1;2022-08-01;"INCRA — Índices Básicos (IE nº 5/2022; tabela de 2013)";
4128658;18.0;2.0;A2;2;2022-08-01;"INCRA — Índices Básicos (IE nº 5/2022; tabela de 2013)";
4128708;18.0;2.0;A3;1;2022-08-01;"INCRA — Índices Básicos (IE nº 5/2022; tabela de 2013)";
4128500;18.0;2.0;A3;2;2022-08-01;"INCRA — Índices Básicos (IE nº 5/2022; tabela de 2013)";
4128807;20.0;2.0;A2;1;2022-08-01;"INCRA — Índices Básicos (IE nº 5/2022; tabela de 2013)";
4200051;20.0;2.0;A3;3;2022-08-01;"INCRA — Índices Básicos (IE nº 5/2022; tabela de 2013)";
4200101;20.0;2.0;A3;1;2022-08-01;"INCRA — Índices Básicos (IE nº 5/2022; tabela de 2013)";
4200200;18.0;2.0;A3;1;2022-08-01;"INCRA — Índices Básicos (IE nº 5/2022; tabela de 2013)";
4200309;18.0;2.0;A3;1;2022-08-01;"INCRA — Índices Básicos (IE nº 5/2022; tabela de 2013)";
4200408;20.0;2.0;A3;2;2022-08-01;"INCRA — Índices Básicos (IE nº 5/2022; tabela de 2013)";
4200507;20.0;2.0;A2;1;2022-08-01;"INCRA — Índices Básicos (IE nº 5/2022; tabela de 2013)";
4200556;20.0;2.0;A2;1;2022-08-01;"INCRA — Índices Básicos (IE nº 5/2022; tabela de 2013)";
4200606;18.0;2.0;A2;2;2022-08-01;"INCRA — Índices Básicos (IE nº 5/2022; tabela de 2013)";
4200705;18.0;2.0;A2;2;2022-08-01;"INCRA — Índices Básicos (IE nº 5/2022; tabela de 2013)";
4200754;18.0;2.0;A3;2;2022-08-01;"INCRA — Índices Básicos (IE nº 5/2022; tabela de 2013)";
4200804;18.0;2.0;A3;1;2022-08-01;"INCRA — Índices Básicos (IE nº 5/2022; tabela de 2013)";
4200903;18.0;2.0;A2;2;2022-08-01;"INCRA — Índices Básicos (IE nº 5/2022; tabela de 2013)";
4201000;20.0;2.0;A2;3;2022-08-01;"INCRA — Índices Básicos (IE nº 5/2022; tabela de 2013)";
4201109;18.0;2.0;A2;2;2022-08-01;"INCRA — Índices Básicos (IE nº 5/2022; tabela de 2013)";
4201208;18.0;2.0;A2;2;2022-08-01;"INCRA — Índices Básicos (IE nº 5/2022; tabela de 2013)";
4201257;12.0;2.0;A2;1;2022-08-01;"INCRA — Índices Básicos (IE nº 5/2022; tabela de 2013)";
4201273;18.0;2.0;A3;2;2022-08-01;"INCRA — Índices Básicos (IE nº 5/2022; tabela de 2013)";
4201307;12.0;2.0;A2;1;2022-08-01;"INCRA — Índices Básicos (IE nº 5/2022; tabela de 2013)";
4201406;20.0;2.0;A3;2;2022-08-01;"INCRA — Índices Básicos (IE nº 5/2022; tabela de 2013)";
4201505;14.0;2.0;A2;1;2022-08-01;"INCRA — Índices Básicos (IE nº 5/2022; tabela de 2013)";
4201604;18.0;2.0;A3;2;2022-08-01;"INCRA — Índices Básicos (IE nº 5/2022; tabela de 2013)";
4201653;20.0;2.0;A2;2;2022-08-01;"INCRA — Índices Básicos (IE nº 5/2022; tabela de 2013)";
4201703;12.0;2.0;A2;1;2022-08-01;"INCRA — Índices Básicos (IE nº 5/2022; tabela de 2013)";
4201802;18.0;2.0;A3;1;2022-08-01;"INCRA — Índices Básicos (IE nº 5/2022; tabela de 2013)";
4201901;18.0;2.0;A3;1;2022-08-01;"INCRA — Índices Básicos (IE nº 5/2022; tabela de 2013)";
4201950;20.0;2.0;A3;2;2022-08-01;"INCRA — Índices Básicos (IE nº 5/2022; tabela de 2013)";
4202057;12.0;2.0;A2;1;2022-08-01;"INCRA — Índices Básicos (IE nº 5/2022; tabela de 2013)";
4202008;12.0;2.0;A2;1;2022-08-01;"INCRA — Índices Básicos (IE nº 5/2022; tabela de 2013)";
4202073;20.0;2.0;A3;2;2022-08-01;"INCRA — Índices Básicos (IE nº 5/2022; tabela de 2013)";
4212809;12.0;2.0;A2;1;2022-08-01;"INCRA — Índices Básicos (IE nº 5/2022; tabela de 2013)";
4220000;20.0;2.0;A2;2;2022-08-01;"INCRA — Índices Básicos (IE nº 5/2022; tabela de 2013)";
4202081;20.0;2.0;A3;1;2022-08-01;"INCRA — Índices Básicos (IE nº 5/2022; tabela de 2013)";
4202099;20.0;2.0;A3;1;2022-08-01;"INCRA — Índices Básicos (IE nº 5/2022; tabela de 2013)";
4202107;12.0;2.0;A2;1;2022-08-01;"INCRA — Índices Básicos (IE nº 5/2022; tabela de 2013)";
4202131;16.0;2.0;A3;2;2022-08-01;"INCRA — Índices Básicos (IE nº 5/2022; tabela de 2013)";
4202156;18.0;2.0;A3;1;2022-08-01;"INCRA — Índices Básicos (IE nº 5/2022; tabela de 2013)";
4202206;12.0;2.0;A2;1;2022-08-01;"INCRA — Índices Básicos (IE nº 5/2022; tabela de 2013)";
4202305;12.0;2.0;A2;1;2022-08-01;"INCRA — Índices Básicos (IE nº 5/2022; tabela de 2013)";
4202404;12.0;2.0;A2;1;2022-08-01;"INCRA — Índices Básicos (IE nº 5/2022; tabela de 2013)";
4202438;20.0;2.0;A2;3;2022-08-01;"INCRA — Índices Básicos (IE nº 5/2022; tabela de 2013)";
4202503;20.0;2.0;A2;3;2022-08-01;"INCRA — Índices Básicos (IE nº 5/2022; tabela de 2013)";
4202537;20.0;2.0;A3;1;2022-08-01;"INCRA — Índices Básicos (IE nº 5/2022; tabela de 2013)";
4202578;20.0;2.0;A2;1;2022-08-01;"INCRA — Índices Básicos (IE nº 5/2022; tabela de 2013)";
4202602;20.0;2.0;A2;3;2022-08-01;"INCRA — Índices Básicos (IE nº 5/2022; tabela de 2013)";
4202453;12.0;2.0;A2;1;2022-08-01;"INCRA — Índices Básicos (IE nº 5/2022; tabela de 2013)";
4202701;12.0;2.0;A2;1;2022-08-01;"INCRA — Índices Básicos (IE nº 5/2022; tabela de 2013)";
4202800;14.0;2.0;A2;1;2022-08-01;"INCRA — Índices Básicos (IE nº 5/2022; tabela de 2013)";
4202859;18.0;2.0;A3;1;2022-08-01;"INCRA — Índices Básicos (IE nº 5/2022; tabela de 2013)";
4202875;20.0;2.0;A3;3;2022-08-01;"INCRA — Índices Básicos (IE nº 5/2022; tabela de 2013)";
4202909;12.0;2.0;A2;1;2022-08-01;"INCRA — Índices Básicos (IE nº 5/2022; tabela de 2013)";
4203006;18.0;2.0;A3;2;2022-08-01;"INCRA — Índices Básicos (IE nº 5/2022; tabela de 2013)";
4203105;20.0;2.0;A2;1;2022-08-01;"INCRA — Índices Básicos (IE nº 5/2022; tabela de 2013)";
4203154;16.0;2.0;A3;2;2022-08-01;"INCRA — Índices Básicos (IE nº 5/2022; tabela de 2013)";
4203204;12.0;2.0;A2;1;2022-08-01;"INCRA — Índices Básicos (IE nº 5/2022; tabela de 2013)";
4203303;16.0;2.0;A3;2;2022-08-01;"INCRA — Índices Básicos (IE nº 5/2022; tabela de 2013)";
4203402;24.0;2.0;A2;3;2022-08-01;"INCRA — Índices Básicos (IE nº 5/2022; tabela de 2013)";
4203501;18.0;2.0;A2;1;2022-08-01;"INCRA — Índices Básicos (IE nº 5/2022; tabela de 2013)";
4203600;20.0;2.0;A3;3;2022-08-01;"INCRA — Índices Básicos (IE nº 5/2022; tabela de 2013)";
4203709;18.0;2.0;A2;2;2022-08-01;"INCRA — Índices Básicos (IE nº 5/2022; tabela de 2013)";
4203808;16.0;2.0;A3;2;2022-08-01;"INCRA — Índices Básicos (IE nº 5/2022; tabela de 2013)";
4203253;20.0;2.0;A2;3;2022-08-01;"INCRA — Índices Básicos (IE nº 5/2022; tabela de 2013)";
4203907;18.0;2.0;A3;2;2022-08-01;"INCRA — Índices Básicos (IE nº 5/2022; tabela de 2013)";
4203956;14.0;2.0;A2;1;2022-08-01;"INCRA — Índices Básicos (IE nº 5/2022; tabela de 2013)";
4204004;18.0;2.0;A3;2;2022-08-01;"INCRA — Índices Básicos (IE nº 5/2022; tabela de 2013)";
4204103;20.0;2.0;A2;1;2022-08-01;"INCRA — Índices Básicos (IE nº 5/2022; tabela de 2013)";
4204152;20.0;2.0;A3;3;2022-08-01;"INCRA — Índices Básicos (IE nº 5/2022; tabela de 2013)";
4204178;24.0;2.0;A2;3;2022-08-01;"INCRA — Índices Básicos (IE nº 5/2022; tabela de 2013)";
4204194;18.0;2.0;A3;1;2022-08-01;"INCRA — Índices Básicos (IE nº 5/2022; tabela de 2013)";
4204202;20.0;2.0;A2;1;2022-08-01;"INCRA — Índices Básicos (IE nº 5/2022; tabela de 2013)";
4204251;14.0;2.0;A2;1;2022-08-01;"INCRA — Índices Básicos (IE nº 5/2022; tabela de 2013)";
4204301;18.0;2.0;A3;2;2022-08-01;"INCRA — Índices Básicos (IE nº 5/2022; tabela de 2013)";
4204350;20.0;2.0;A2;1;2022-08-01;"INCRA — Índices Básicos (IE nº 5/2022; tabela de 2013)";
4204400;20.0;2.0;A2;1;2022-08-01;"INCRA — Índices Básicos (IE nº 5/2022; tabela de 2013)";
4204459;20.0;2.0;A3;1;2022-08-01;"INCRA — Índices Básicos (IE nº 5/2022; tabela de 2013)";
4204558;20.0;2.0;A2;3;2022-08-01;"INCRA — Índices Básicos (IE nº 5/2022; tabela de 2013)";
4204509;12.0;2.0;A2;1;2022-08-01;"INCRA — Índices Básicos (IE nº 5/2022; tabela de 2013)";
4204608;14.0;2.0;A2;1;2022-08-01;"INCRA — Índices Básicos (IE nº 5/2022; tabela de 2013)";
4204707;18.0;2.0;A2;1;2022-08-01;"INCRA — Índices Básicos (IE nº 5/2022; tabela de 2013)";
4204756;18.0;2.0;A2;1;2022-08-01;"INCRA — Índices Básicos (IE nº 5/2022; tabela de 2013)";
4204806;24.0;2.0;A3;3;2022-08-01;"INCRA — Índices Básicos (IE nº 5/2022; tabela de 2013)";
4204905;18.0;2.0;A3;1;2022-08-01;"INCRA — Índices Básicos (IE nº 5/2022; tabela de 2013)";
4205001;20.0;2.0;A3;1;2022-08-01;"INCRA — Índices Básicos (IE nº 5/2022; tabela de 2013)";
4205100;18.0;2.0;A3;1;2022-08-01;"INCRA — Índices Básicos (IE nº 5/2022; tabela de 2013)";
4205159;12.0;2.0;A2;1;2022-08-01;"INCRA — Índices Básicos (IE nº 5/2022; tabela de 2013)";
4205175;20.0;2.0;A3;1;2022-08-01;"INCRA — Índices Básicos (IE nº 5/2022; tabela de 2013)";
4205191;18.0;2.0;A3;1;2022-08-01;"INCRA — Índices Básicos (IE nº 5/2022; tabela de 2013)";
4205209;20.0;2.0;A3;2;2022-08-01;"INCRA — Índices Básicos (IE nº 5/2022; tabela de 2013)";
4205308;20.0;2.0;A3;1;2022-08-01;"INCRA — Índices Básicos (IE nº 5/2022; tabela de 2013)";
4205357;20.0;2.0;A3;1;2022-08-01;"INCRA — Índices Básicos (IE nº 5/2022; tabela de 2013)";
4205407;7.0;2.0;A2;1;2022-08-01;"INCRA — Índices Básicos (IE nº 5/2022; tabela de 2013)";
4205431;18.0;2.0;A2;1;2022-08-01;"INCRA — Índices Básicos (IE nº 5/2022; tabela de 2013)";
4205456;14.0;2.0;A2;1;2022-08-01;"INCRA — Índices Básicos (IE nº 5/2022; tabela de 2013)";
4205506;18.0;2.0;A3;2;2022-08-01;"INCRA — Índices Básicos (IE nº 5/2022; tabela de 2013)";
4205555;24.0;2.0;A3;3;2022-08-01;"INCRA — Índices Básicos (IE nº 5/2022; tabela de 2013)";
4205605;20.0;2.0;A2;1;2022-08-01;"INCRA — Índices Básicos (IE nº 5/2022; tabela de 2013)";
4205704;12.0;2.0;A2;1;2022-08-01;"INCRA — Índices Básicos (IE nº 5/2022; tabela de 2013)";
4205803;12.0;2.0;A2;1;2022-08-01;"INCRA — Índices Básicos (IE nº 5/2022; tabela de 2013)";
4205902;12.0;2.0;A2;1;2022-08-01;"INCRA — Índices Básicos (IE nº 5/2022; tabela de 2013)";
4206009;12.0;2.0;A2;1;2022-08-01;"INCRA — Índices Básicos (IE nº 5/2022; tabela de 2013)";
4206108;14.0;2.0;A2;1;2022-08-01;"INCRA — Índices Básicos (IE nº 5/2022; tabela de 2013)";
4206207;14.0;2.0;A2;1;2022-08-01;"INCRA — Índices Básicos (IE nº 5/2022; tabela de 2013)";
4206306;12.0;2.0;A2;1;2022-08-01;"INCRA — Índices Básicos (IE nº 5/2022; tabela de 2013)";
4206405;20.0;2.0;A3;1;2022-08-01;"INCRA — Índices Básicos (IE nº 5/2022; tabela de 2013)";
4206504;12.0;2.0;A2;1;2022-08-01;"INCRA — Índices Básicos (IE nº 5/2022; tabela de 2013)";
4206603;20.0;2.0;A3;1;2022-08-01;"INCRA — Índices Básicos (IE nº 5/2022; tabela de 2013)";
4206652;20.0;2.0;A2;1;2022-08-01;"INCRA — Índices Básicos (IE nº 5/2022; tabela de 2013)";
4206702;20.0;2.0;A3;2;2022-08-01;"INCRA — Índices Básicos (IE nº 5/2022; tabela de 2013)";
4206751;18.0;2.0;A3;2;2022-08-01;"INCRA — Índices Básicos (IE nº 5/2022; tabela de 2013)";
4206801;18.0;2.0;A3;2;2022-08-01;"INCRA — Índices Básicos (IE nº 5/2022; tabela de 2013)";
4206900;18.0;2.0;A3;1;2022-08-01;"INCRA — Índices Básicos (IE nº 5/2022; tabela de 2013)";
4207007;20.0;2.0;A2;2;2022-08-01;"INCRA — Índices Básicos (IE nº 5/2022; tabela de 2013)";
4207106;12.0;2.0;A2;1;2022-08-01;"INCRA — Índices Básicos (IE nº 5/2022; tabela de 2013)";
4207205;16.0;2.0;A2;2;2022-08-01;"INCRA — Índices Básicos (IE nº 5/2022; tabela de 2013)";
4207304;16.0;2.0;A2;2;2022-08-01;"INCRA — Índices Básicos (IE nº 5/2022; tabela de 2013)";
4207403;18.0;2.0;A3;1;2022-08-01;"INCRA — Índices Básicos (IE nº 5/2022; tabela de 2013)";
4207502;12.0;2.0;A2;1;2022-08-01;"INCRA — Índices Básicos (IE nº 5/2022; tabela de 2013)";
4207577;18.0;2.0;A3;2;2022-08-01;"INCRA — Índices Básicos (IE nº 5/2022; tabela de 2013)";
4207601;20.0;2.0;A3;2;2022-08-01;"INCRA — Índices Básicos (IE nº 5/2022; tabela de 2013)";
4207650;20.0;2.0;A3;1;2022-08-01;"INCRA — Índices Básicos (IE nº 5/2022; tabela de 2013)";
4207684;20.0;2.0;A3;1;2022-08-01;"INCRA — Índices Básicos (IE nº 5/2022; tabela de 2013)";
4207700;20.0;2.0;A3;2;2022-08-01;"INCRA — Índices Básicos (IE nº 5/2022; tabela de 2013)";
4207759;18.0;2.0;A2;1;2022-08-01;"INCRA — Índices Básicos (IE nº 5/2022; tabela de 2013)";
4207809;18.0;2.0;A3;2;2022-08-01;"INCRA — Índices Básicos (IE nº 5/2022; tabela de 2013)";
4207858;18.0;2.0;A2;1;2022-08-01;"INCRA — Índices Básicos (IE nº 5/2022; tabela de 2013)";
4207908;16.0;2.0;A3;2;2022-08-01;"INCRA — Índices Básicos (IE nº 5/2022; tabela de 2013)";
4208005;20.0;2.0;A3;2;2022-08-01;"INCRA — Índices Básicos (IE nº 5/2022; tabela de 2013)";
4208104;16.0;2.0;A3;2;2022-08-01;"INCRA — Índices Básicos (IE nº 5/2022; tabela de 2013)";
4208203;12.0;2.0;A2;1;2022-08-01;"INCRA — Índices Básicos (IE nº 5/2022; tabela de 2013)";
4208302;12.0;2.0;A2;1;2022-08-01;"INCRA — Índices Básicos (IE nº 5/2022; tabela de 2013)";
4208401;20.0;2.0;A3;1;2022-08-01;"INCRA — Índices Básicos (IE nº 5/2022; tabela de 2013)";
4208450;12.0;2.0;A2;1;2022-08-01;"INCRA — Índices Básicos (IE nº 5/2022; tabela de 2013)";
4208500;18.0;2.0;A3;1;2022-08-01;"INCRA — Índices Básicos (IE nº 5/2022; tabela de 2013)";
4208609;18.0;2.0;A3;2;2022-08-01;"INCRA — Índices Básicos (IE nº 5/2022; tabela de 2013)";
4208708;18.0;2.0;A3;1;2022-08-01;"INCRA — Índices Básicos (IE nº 5/2022; tabela de 2013)";
4208807;20.0;2.0;A2;2;2022-08-01;"INCRA — Índices Básicos (IE nº 5/2022; tabela de 2013)";
4208906;12.0;2.0;A2;1;2022-08-01;"INCRA — Índices Básicos (IE nº 5/2022; tabela de 2013)";
4208955;20.0;2.0;A2;1;2022-08-01;"INCRA — Índices Básicos (IE nº 5/2022; tabela de 2013)";
4209003;20.0;2.0;A3;2;2022-08-01;"INCRA — Índices Básicos (IE nº 5/2022; tabela de 2013)";
4209102;12.0;2.0;A2;1;2022-08-01;"INCRA — Índices Básicos (IE nº 5/2022; tabela de 2013)";
4209151;18.0;2.0;A3;1;2022-08-01;"INCRA — Índices Básicos (IE nº 5/2022; tabela de 2013)";
4209177;20.0;2.0;A2;1;2022-08-01;"INCRA — Índices Básicos (IE nº 5/2022; tabela de 2013)";
4209201;20.0;2.0;A3;2;2022-08-01;"INCRA — Índices Básicos (IE nº 5/2022; tabela de 2013)";
4209300;20.0;2.0;A2;3;2022-08-01;"INCRA — Índices Básicos (IE nº 5/2022; tabela de 2013)";
4209409;16.0;2.0;A2;2;2022-08-01;"INCRA — Índices Básicos (IE nº 5/2022; tabela de 2013)";
4209458;20.0;2.0;A2;1;2022-08-01;"INCRA — Índices Básicos (IE nº 5/2022; tabela de 2013)";
4209508;18.0;2.0;A3;1;2022-08-01;"INCRA — Índices Básicos (IE nº 5/2022; tabela de 2013)";
4209607;14.0;2.0;A2;1;2022-08-01;"INCRA — Índices Básicos (IE nº 5/2022; tabela de 2013)";
4209706;20.0;2.0;A3;3;2022-08-01;"INCRA — Índices Básicos (IE nº 5/2022; tabela de 2013)";
4209805;18.0;2.0;A3;2;2022-08-01;"INCRA — Índices Básicos (IE nº 5/2022; tabela de 2013)";
4209854;18.0;2.0;A3;2;2022-08-01;"INCRA — Índices Básicos (IE nº 5/2022; tabela de 2013)";
4209904;18.0;2.0;A3;1;2022-08-01;"INCRA — Índices Básicos (IE nº 5/2022; tabela de 2013)";
4210001;12.0;2.0;A2;1;2022-08-01;"INCRA — Índices Básicos (IE nº 5/2022; tabela de 2013)";
4210035;20.0;2.0;A3;2;2022-08-01;"INCRA — Índices Básicos (IE nº 5/2022; tabela de 2013)";
4210050;18.0;2.0;A3;2;2022-08-01;"INCRA — Índices Básicos (IE nº 5/2022; tabela de 2013)";
4210100;16.0;2.0;A3;2;2022-08-01;"INCRA — Índices Básicos (IE nº 5/2022; tabela de 2013)";
4210209;18.0;2.0;A2;2;2022-08-01;"INCRA — Índices Básicos (IE nº 5/2022; tabela de 2013)";
4210308;16.0;2.0;A3;2;2022-08-01;"INCRA — Índices Básicos (IE nº 5/2022; tabela de 2013)";
4210407;20.0;2.0;A3;2;2022-08-01;"INCRA — Índices Básicos (IE nº 5/2022; tabela de 2013)";
4210506;20.0;2.0;A2;1;2022-08-01;"INCRA — Índices Básicos (IE nº 5/2022; tabela de 2013)";
4210555;20.0;2.0;A2;1;2022-08-01;"INCRA — Índices Básicos (IE nº 5/2022; tabela de 2013)";
4210605;12.0;2.0;A2;1;2022-08-01;"INCRA — Índices Básicos (IE nº 5/2022; tabela de 2013)";
4210704;16.0;2.0;A3;2;2022-08-01;"INCRA — Índices Básicos (IE nº 5/2022; tabela de 2013)";
4210803;18.0;2.0;A3;1;2022-08-01;"INCRA — Índices Básicos (IE nº 5/2022; tabela de 2013)";
4210852;18.0;2.0;A3;1;2022-08-01;"INCRA — Índices Básicos (IE nº 5/2022; tabela de 2013)";
4210902;18.0;2.0;A2;1;2022-08-01;"INCRA — Índices Básicos (IE nº 5/2022; tabela de 2013)";
4211009;20.0;2.0;A2;1;2022-08-01;"INCRA — Índices Básicos (IE nº 5/2022; tabela de 2013)";
4211058;20.0;2.0;A3;3;2022-08-01;"INCRA — Índices Básicos (IE nº 5/2022; tabela de 2013)";
4211108;16.0;2.0;A3;2;2022-08-01;"INCRA — Índices Básicos (IE nº 5/2022; tabela de 2013)";
4211207;14.0;2.0;A2;1;2022-08-01;"INCRA — Índices Básicos (IE nº 5/2022; tabela de 2013)";
4211256;18.0;2.0;A2;1;2022-08-01;"INCRA — Índices Básicos (IE nº 5/2022; tabela de 2013)";
4211306;12.0;2.0;A2;1;2022-08-01;"INCRA — Índices Básicos (IE nº 5/2022; tabela de 2013)";
4211405;18.0;2.0;A2;1;2022-08-01;"INCRA — Índices Básicos (IE nº 5/2022; tabela de 2013)";
4211454;20.0;2.0;A2;1;2022-08-01;"INCRA — Índices Básicos (IE nº 5/2022; tabela de 2013)";
4211504;18.0;2.0;A2;2;2022-08-01;"INCRA — Índices Básicos (IE nº 5/2022; tabela de 2013)";
4211603;18.0;2.0;A2;1;2022-08-01;"INCRA — Índices Básicos (IE nº 5/2022; tabela de 2013)";
4211652;20.0;2.0;A2;1;2022-08-01;"INCRA — Índices Básicos (IE nº 5/2022; tabela de 2013)";
4211702;14.0;2.0;A2;1;2022-08-01;"INCRA — Índices Básicos (IE nº 5/2022; tabela de 2013)";
4211751;20.0;2.0;A2;3;2022-08-01;"INCRA — Índices Básicos (IE nº 5/2022; tabela de 2013)";
4211801;18.0;2.0;A3;2;2022-08-01;"INCRA — Índices Básicos (IE nº 5/2022; tabela de 2013)";
4211850;20.0;2.0;A3;1;2022-08-01;"INCRA — Índices Básicos (IE nº 5/2022; tabela de 2013)";
4211876;20.0;2.0;A2;2;2022-08-01;"INCRA — Índices Básicos (IE nº 5/2022; tabela de 2013)";
4211892;20.0;2.0;A2;3;2022-08-01;"INCRA — Índices Básicos (IE nº 5/2022; tabela de 2013)";
4211900;12.0;2.0;A2;1;2022-08-01;"INCRA — Índices Básicos (IE nº 5/2022; tabela de 2013)";
4212007;18.0;2.0;A3;1;2022-08-01;"INCRA — Índices Básicos (IE nº 5/2022; tabela de 2013)";
4212056;20.0;2.0;A2;3;2022-08-01;"INCRA — Índices Básicos (IE nº 5/2022; tabela de 2013)";
4212106;20.0;2.0;A2;1;2022-08-01;"INCRA — Índices Básicos (IE nº 5/2022; tabela de 2013)";
4212205;16.0;2.0;A3;2;2022-08-01;"INCRA — Índices Básicos (IE nº 5/2022; tabela de 2013)";
4212239;20.0;2.0;A3;1;2022-08-01;"INCRA — Índices Básicos (IE nº 5/2022; tabela de 2013)";
4212254;20.0;2.0;A3;2;2022-08-01;"INCRA — Índices Básicos (IE nº 5/2022; tabela de 2013)";
4212270;18.0;2.0;A3;2;2022-08-01;"INCRA — Índices Básicos (IE nº 5/2022; tabela de 2013)";
4212304;12.0;2.0;A2;1;2022-08-01;"INCRA — Índices Básicos (IE nº 5/2022; tabela de 2013)";
4212403;14.0;2.0;A2;1;2022-08-01;"INCRA — Índices Básicos (IE nº 5/2022; tabela de 2013)";
4212502;12.0;2.0;A2;1;2022-08-01;"INCRA — Índices Básicos (IE nº 5/2022; tabela de 2013)";
4212601;18.0;2.0;A3;2;2022-08-01;"INCRA — Índices Básicos (IE nº 5/2022; tabela de 2013)";
4212650;16.0;2.0;A2;2;2022-08-01;"INCRA — Índices Básicos (IE nº 5/2022; tabela de 2013)";
4212700;18.0;2.0;A3;1;2022-08-01;"INCRA — Índices Básicos (IE nº 5/2022; tabela de 2013)";
4212908;20.0;2.0;A2;1;2022-08-01;"INCRA — Índices Básicos (IE nº 5/2022; tabela de 2013)";
4213005;18.0;2.0;A3;2;2022-08-01;"INCRA — Índices Básicos (IE nº 5/2022; tabela de 2013)";
4213104;20.0;2.0;A3;2;2022-08-01;"INCRA — Índices Básicos (IE nº 5/2022; tabela de 2013)";
4213153;20.0;2.0;A2;1;2022-08-01;"INCRA — Índices Básicos (IE nº 5/2022; tabela de 2013)";
4213203;12.0;2.0;A2;1;2022-08-01;"INCRA — Índices Básicos (IE nº 5/2022; tabela de 2013)";
4213302;22.0;2.0;A2;3;2022-08-01;"INCRA — Índices Básicos (IE nº 5/2022; tabela de 2013)";
4213351;24.0;2.0;A3;3;2022-08-01;"INCRA — Índices Básicos (IE nº 5/2022; tabela de 2013)";
4213401;18.0;2.0;A3;2;2022-08-01;"INCRA — Índices Básicos (IE nº 5/2022; tabela de 2013)";
4213500;12.0;2.0;A2;1;2022-08-01;"INCRA — Índices Básicos (IE nº 5/2022; tabela de 2013)";
4213609;16.0;2.0;A3;2;2022-08-01;"INCRA — Índices Básicos (IE nº 5/2022; tabela de 2013)";
4213708;18.0;2.0;A3;1;2022-08-01;"INCRA — Índices Básicos (IE nº 5/2022; tabela de 2013)";
4213807;18.0;2.0;A3;1;2022-08-01;"INCRA — Índices Básicos (IE nº 5/2022; tabela de 2013)";
4213906;18.0;2.0;A3;2;2022-08-01;"INCRA — Índices Básicos (IE nº 5/2022; tabela de 2013)";
4214003;18.0;2.0;A3;1;2022-08-01;"INCRA — Índices Básicos (IE nº 5/2022; tabela de 2013)";
4214102;12.0;2.0;A3;1;2022-08-01;"INCRA — Índices Básicos (IE nº 5/2022; tabela de 2013)";
4214151;20.0;2.0;A3;1;2022-08-01;"INCRA — Índices Básicos (IE nº 5/2022; tabela de 2013)";
4214201;18.0;2.0;A2;1;2022-08-01;"INCRA — Índices Básicos (IE nº 5/2022; tabela de 2013)";
4214300;18.0;2.0;A2;2;2022-08-01;"INCRA — Índices Básicos (IE nº 5/2022; tabela de 2013)";
4214409;18.0;2.0;A3;2;2022-08-01;"INCRA — Índices Básicos (IE nº 5/2022; tabela de 2013)";
4214508;18.0;2.0;A3;1;2022-08-01;"INCRA — Índices Básicos (IE nº 5/2022; tabela de 2013)";
4214607;18.0;2.0;A3;1;2022-08-01;"INCRA — Índices Básicos (IE nº 5/2022; tabela de 2013)";
4214805;18.0;2.0;A3;1;2022-08-01;"INCRA — Índices Básicos (IE nº 5/2022; tabela de 2013)";
4214706;12.0;2.0;A2;1;2022-08-01;"INCRA — Índices Básicos (IE nº 5/2022; tabela de 2013)";
4214904;14.0;2.0;A2;1;2022-08-01;"INCRA — Índices Básicos (IE nº 5/2022; tabela de 2013)";
4215000;16.0;2.0;A3;2;2022-08-01;"INCRA — Índices Básicos (IE nº 5/2022; tabela de 2013)";
4215059;20.0;2.0;A2;3;2022-08-01;"INCRA — Índices Básicos (IE nº 5/2022; tabela de 2013)";
4215075;20.0;2.0;A2;1;2022-08-01;"INCRA — Índices Básicos (IE nº 5/2022; tabela de 2013)";
4215109;12.0;2.0;A2;1;2022-08-01;"INCRA — Índices Básicos (IE nº 5/2022; tabela de 2013)";
4215208;18.0;2.0;A3;1;2022-08-01;"INCRA — Índices Básicos (IE nº 5/2022; tabela de 2013)";
4215307;18.0;2.0;A3;1;2022-08-01;"INCRA — Índices Básicos (IE nº 5/2022; tabela de 2013)";
4215356;18.0;2.0;A2;1;2022-08-01;"INCRA — Índices Básicos (IE nº 5/2022; tabela de 2013)";
4215406;20.0;2.0;A3;2;2022-08-01;"INCRA — Índices Básicos (IE nº 5/2022; tabela de 2013)";
4215455;20.0;2.0;A2;2;2022-08-01;"INCRA — Índices Básicos (IE nº 5/2022; tabela de 2013)";
4215505;24.0;2.0;A3;3;2022-08-01;"INCRA — Índices Básicos (IE nº 5/2022; tabela de 2013)";
4215554;18.0;2.0;A3;1;2022-08-01;"INCRA — Índices Básicos (IE nº 5/2022; tabela de 2013)";
4215604;14.0;2.0;A2;1;2022-08-01;"INCRA — Índices Básicos (IE nº 5/2022; tabela de 2013)";
4215653;20.0;2.0;A3;2;2022-08-01;"INCRA — Índices Básicos (IE nº 5/2022; tabela de 2013)";
4215679;16.0;2.0;A3;2;2022-08-01;"INCRA — Índices Básicos (IE nº 5/2022; tabela de 2013)";
4215687;18.0;2.0;A2;1;2022-08-01;"INCRA — Índices Básicos (IE nº 5/2022; tabela de 2013)";
4215695;18.0;2.0;A2;1;2022-08-01;"INCRA — Índices Básicos (IE nº 5/2022; tabela de 2013)";
4215703;12.0;2.0;A2;1;2022-08-01;"INCRA — Índices Básicos (IE nº 5/2022; tabela de 2013)";
4215802;16.0;2.0;A3;2;2022-08-01;"INCRA — Índices Básicos (IE nº 5/2022; tabela de 2013)";
4215752;20.0;2.0;A2;1;2022-08-01;"INCRA — Índices Básicos (IE nº 5/2022; tabela de 2013)";
4215901;18.0;2.0;A2;2;2022-08-01;"INCRA — Índices Básicos (IE nº 5/2022; tabela de 2013)";
4216008;18.0;2.0;A2;1;2022-08-01;"INCRA — Índices Básicos (IE nº 5/2022; tabela de 2013)";
4216057;24.0;2.0;A3;3;2022-08-01;"INCRA — Índices Básicos (IE nº 5/2022; tabela de 2013)";
4216107;20.0;2.0;A3;1;2022-08-01;"INCRA — Índices Básicos (IE nº 5/2022; tabela de 2013)";
4216206;12.0;2.0;A2;1;2022-08-01;"INCRA — Índices Básicos (IE nº 5/2022; tabela de 2013)";
4216305;18.0;2.0;A2;2;2022-08-01;"INCRA — Índices Básicos (IE nº 5/2022; tabela de 2013)";
4216354;12.0;2.0;A2;1;2022-08-01;"INCRA — Índices Básicos (IE nº 5/2022; tabela de 2013)";
4216255;20.0;2.0;A3;1;2022-08-01;"INCRA — Índices Básicos (IE nº 5/2022; tabela de 2013)";
4216404;20.0;2.0;A3;2;2022-08-01;"INCRA — Índices Básicos (IE nº 5/2022; tabela de 2013)";
4216503;20.0;2.0;A2;3;2022-08-01;"INCRA — Índices Básicos (IE nº 5/2022; tabela de 2013)";
4216602;12.0;2.0;A2;1;2022-08-01;"INCRA — Índices Básicos (IE nº 5/2022; tabela de 2013)";
4216701;20.0;2.0;A3;1;2022-08-01;"INCRA — Índices Básicos (IE nº 5/2022; tabela de 2013)";
4216800;20.0;2.0;A2;3;2022-08-01;"INCRA — Índices Básicos (IE nº 5/2022; tabela de 2013)";
4216909;20.0;2.0;A2;1;2022-08-01;"INCRA — Índices Básicos (IE nº 5/2022; tabela de 2013)";
4217006;14.0;2.0;A2;1;2022-08-01;"INCRA — Índices Básicos (IE nº 5/2022; tabela de 2013)";
4217105;14.0;2.0;A2;1;2022-08-01;"INCRA — Índices Básicos (IE nº 5/2022; tabela de 2013)";
4217154;20.0;2.0;A2;1;2022-08-01;"INCRA — Índices Básicos (IE nº 5/2022; tabela de 2013)";
4217204;20.0;2.0;A3;1;2022-08-01;"INCRA — Índices Básicos (IE nº 5/2022; tabela de 2013)";
4217253;12.0;2.0;A2;1;2022-08-01;"INCRA — Índices Básicos (IE nº 5/2022; tabela de 2013)";
4217303;18.0;2.0;A2;1;2022-08-01;"INCRA — Índices Básicos (IE nº 5/2022; tabela de 2013)";
4217402;12.0;2.0;A2;1;2022-08-01;"INCRA — Índices Básicos (IE nº 5/2022; tabela de 2013)";
4217501;20.0;2.0;A3;2;2022-08-01;"INCRA — Índices Básicos (IE nº 5/2022; tabela de 2013)";
4217550;18.0;2.0;A2;1;2022-08-01;"INCRA — Índices Básicos (IE nº 5/2022; tabela de 2013)";
4217600;14.0;2.0;A2;1;2022-08-01;"INCRA — Índices Básicos (IE nº 5/2022; tabela de 2013)";
4217709;20.0;2.0;A3;2;2022-08-01;"INCRA — Índices Básicos (IE nº 5/2022; tabela de 2013)";
4217758;18.0;2.0;A2;1;2022-08-01;"INCRA — Índices Básicos (IE nº 5/2022; tabela de 2013)";
4217808;18.0;2.0;A3;1;2022-08-01;"INCRA — Índices Básicos (IE nº 5/2022; tabela de 2013)";
4217907;18.0;2.0;A3;2;2022-08-01;"INCRA — Índices Básicos (IE nº 5/2022; tabela de 2013)";
4217956;20.0;2.0;A2;1;2022-08-01;"INCRA — Índices Básicos (IE nº 5/2022; tabela de 2013)";
4218004;12.0;2.0;A2;1;2022-08-01;"INCRA — Índices Básicos (IE nº 5/2022; tabela de 2013)";
4218103;18.0;2.0;A3;1;2022-08-01;"INCRA — Índices Básicos (IE nº 5/2022; tabela de 2013)";
4218202;12.0;2.0;A2;1;2022-08-01;"INCRA — Índices Básicos (IE nº 5/2022; tabela de 2013)";
4218251;24.0;2.0;A3;3;2022-08-01;"INCRA — Índices Básicos (IE nº 5/2022; tabela de 2013)";
4218301;16.0;2.0;A3;2;2022-08-01;"INCRA — Índices Básicos (IE nº 5/2022; tabela de 2013)";
4218350;14.0;2.0;A2;1;2022-08-01;"INCRA — Índices Básicos (IE nº 5/2022; tabela de 2013)";
4218400;14.0;2.0;A2;1;2022-08-01;"INCRA — Índices Básicos (IE nº 5/2022; tabela de 2013)";
4218509;20.0;2.0;A3;2;2022-08-01;"INCRA — Índices Básicos (IE nº 5/2022; tabela de 2013)";
4218608;18.0;2.0;A3;1;2022-08-01;"INCRA — Índices Básicos (IE nº 5/2022; tabela de 2013)";
4218707;14.0;2.0;A2;1;2022-08-01;"INCRA — Índices Básicos (IE nº 5/2022; tabela de 2013)";
4218756;20.0;2.0;A3;1;2022-08-01;"INCRA — Índices Básicos (IE nº 5/2022; tabela de 2013)";
4218806;18.0;2.0;A3;1;2022-08-01;"INCRA — Índices Básicos (IE nº 5/2022; tabela de 2013)";
4218855;20.0;2.0;A2;1;2022-08-01;"INCRA — Índices Básicos (IE nº 5/2022; tabela de 2013)";
4218905;20.0;2.0;A2;3;2022-08-01;"INCRA — Índices Básicos (IE nº 5/2022; tabela de 2013)";
4218954;20.0;2.0;A2;3;2022-08-01;"INCRA — Índices Básicos (IE nº 5/2022; tabela de 2013)";
4219002;14.0;2.0;A2;1;2022-08-01;"INCRA — Índices Básicos (IE nº 5/2022; tabela de 2013)";
4219101;18.0;2.0;A3;1;2022-08-01;"INCRA — Índices Básicos (IE nº 5/2022; tabela de 2013)";
4219150;20.0;2.0;A3;3;2022-08-01;"INCRA — Índices Básicos (IE nº 5/2022; tabela de 2013)";
4219176;18.0;2.0;A3;2;2022-08-01;"INCRA — Índices Básicos (IE nº 5/2022; tabela de 2013)";
4219200;12.0;2.0;A3;1;2022-08-01;"INCRA — Índices Básicos (IE nº 5/2022; tabela de 2013)";
4219309;18.0;2.0;A3;2;2022-08-01;"INCRA — Índices Básicos (IE nº 5/2022; tabela de 2013)";
4219358;18.0;2.0;A3;1;2022-08-01;"INCRA — Índices Básicos (IE nº 5/2022; tabela de 2013)";
4219408;18.0;2.0;A3;1;2022-08-01;"INCRA — Índices Básicos (IE nº 5/2022; tabela de 2013)";
4219507;18.0;2.0;A3;1;2022-08-01;"INCRA — Índices Básicos (IE nº 5/2022; tabela de 2013)";
4219606;20.0;2.0;A3;2;2022-08-01;"INCRA — Índices Básicos (IE nº 5/2022; tabela de 2013)";
4219705;20.0;2.0;A2;1;2022-08-01;"INCRA — Índices Básicos (IE nº 5/2022; tabela de 2013)";
4219853;20.0;2.0;A3;3;2022-08-01;"INCRA — Índices Básicos (IE nº 5/2022; tabela de 2013)";
4300034;28.0;2.0;A2;2;2022-08-01;"INCRA — Índices Básicos (IE nº 5/2022; tabela de 2013)";
4300059;20.0;2.0;A2;1;2022-08-01;"INCRA — Índices Básicos (IE nº 5/2022; tabela de 2013)";
4300109;20.0;2.0;A2;1;2022-08-01;"INCRA — Índices Básicos (IE nº 5/2022; tabela de 2013)";
4300208;20.0;2.0;A2;1;2022-08-01;"INCRA — Índices Básicos (IE nº 5/2022; tabela de 2013)";
4300307;20.0;2.0;A3;1;2022-08-01;"INCRA — Índices Básicos (IE nº 5/2022; tabela de 2013)";
4300406;28.0;3.0;B2;2;2022-08-01;"INCRA — Índices Básicos (IE nº 5/2022; tabela de 2013)";
4300455;20.0;2.0;A3;1;2022-08-01;"INCRA — Índices Básicos (IE nº 5/2022; tabela de 2013)";
4300471;16.0;2.0;A2;2;2022-08-01;"INCRA — Índices Básicos (IE nº 5/2022; tabela de 2013)";
4300505;20.0;2.0;A3;1;2022-08-01;"INCRA — Índices Básicos (IE nº 5/2022; tabela de 2013)";
4300554;18.0;2.0;A2;2;2022-08-01;"INCRA — Índices Básicos (IE nº 5/2022; tabela de 2013)";
4300570;18.0;2.0;A2;1;2022-08-01;"INCRA — Índices Básicos (IE nº 5/2022; tabela de 2013)";
4300604;7.0;2.0;A1;1;2022-08-01;"INCRA — Índices Básicos (IE nº 5/2022; tabela de 2013)";
4300638;35.0;2.0;A3;2;2022-08-01;"INCRA — Índices Básicos (IE nº 5/2022; tabela de 2013)";
4300646;20.0;2.0;A3;1;2022-08-01;"INCRA — Índices Básicos (IE nº 5/2022; tabela de 2013)";
4300661;25.0;2.0;A3;3;2022-08-01;"INCRA — Índices Básicos (IE nº 5/2022; tabela de 2013)";
4300703;20.0;2.0;A3;1;2022-08-01;"INCRA — Índices Básicos (IE nº 5/2022; tabela de 2013)";
4300802;12.0;2.0;A2;2;2022-08-01;"INCRA — Índices Básicos (IE nº 5/2022; tabela de 2013)";
4300851;16.0;2.0;A3;2;2022-08-01;"INCRA — Índices Básicos (IE nº 5/2022; tabela de 2013)";
4300877;14.0;2.0;A1;1;2022-08-01;"INCRA — Índices Básicos (IE nº 5/2022; tabela de 2013)";
4300901;20.0;2.0;A2;1;2022-08-01;"INCRA — Índices Básicos (IE nº 5/2022; tabela de 2013)";
4301008;18.0;2.0;A3;1;2022-08-01;"INCRA — Índices Básicos (IE nº 5/2022; tabela de 2013)";
4301073;16.0;2.0;A2;2;2022-08-01;"INCRA — Índices Básicos (IE nº 5/2022; tabela de 2013)";
4301057;18.0;2.0;A3;2;2022-08-01;"INCRA — Índices Básicos (IE nº 5/2022; tabela de 2013)";
4301206;20.0;2.0;A2;1;2022-08-01;"INCRA — Índices Básicos (IE nº 5/2022; tabela de 2013)";
4301107;14.0;2.0;A1;2;2022-08-01;"INCRA — Índices Básicos (IE nº 5/2022; tabela de 2013)";
4301305;40.0;2.0;A2;2;2022-08-01;"INCRA — Índices Básicos (IE nº 5/2022; tabela de 2013)";
4301404;20.0;2.0;A3;1;2022-08-01;"INCRA — Índices Básicos (IE nº 5/2022; tabela de 2013)";
4301503;20.0;2.0;A2;1;2022-08-01;"INCRA — Índices Básicos (IE nº 5/2022; tabela de 2013)";
4301552;20.0;2.0;A2;1;2022-08-01;"INCRA — Índices Básicos (IE nº 5/2022; tabela de 2013)";
4301602;28.0;2.0;A2;2;2022-08-01;"INCRA — Índices Básicos (IE nº 5/2022; tabela de 2013)";
4301636;18.0;2.0;A3;2;2022-08-01;"INCRA — Índices Básicos (IE nº 5/2022; tabela de 2013)";
4301651;18.0;2.0;A2;1;2022-08-01;"INCRA — Índices Básicos (IE nº 5/2022; tabela de 2013)";
4301701;20.0;2.0;A2;1;2022-08-01;"INCRA — Índices Básicos (IE nº 5/2022; tabela de 2013)";
4301750;14.0;2.0;A1;2;2022-08-01;"INCRA — Índices Básicos (IE nº 5/2022; tabela de 2013)";
4301859;20.0;2.0;A3;1;2022-08-01;"INCRA — Índices Básicos (IE nº 5/2022; tabela de 2013)";
4301875;28.0;3.0;B2;2;2022-08-01;"INCRA — Índices Básicos (IE nº 5/2022; tabela de 2013)";
4301909;14.0;2.0;A1;1;2022-08-01;"INCRA — Índices Básicos (IE nº 5/2022; tabela de 2013)";
4301925;20.0;2.0;A2;1;2022-08-01;"INCRA — Índices Básicos (IE nº 5/2022; tabela de 2013)";
4301958;20.0;2.0;A2;1;2022-08-01;"INCRA — Índices Básicos (IE nº 5/2022; tabela de 2013)";
4301800;20.0;2.0;A3;1;2022-08-01;"INCRA — Índices Básicos (IE nº 5/2022; tabela de 2013)";
4302006;18.0;2.0;A3;2;2022-08-01;"INCRA — Índices Básicos (IE nº 5/2022; tabela de 2013)";
4302055;20.0;2.0;A2;1;2022-08-01;"INCRA — Índices Básicos (IE nº 5/2022; tabela de 2013)";
4302105;12.0;2.0;A2;2;2022-08-01;"INCRA — Índices Básicos (IE nº 5/2022; tabela de 2013)";
4302154;16.0;2.0;A3;2;2022-08-01;"INCRA — Índices Básicos (IE nº 5/2022; tabela de 2013)";
4302204;20.0;2.0;A3;1;2022-08-01;"INCRA — Índices Básicos (IE nº 5/2022; tabela de 2013)";
4302220;20.0;2.0;A2;2;2022-08-01;"INCRA — Índices Básicos (IE nº 5/2022; tabela de 2013)";
4302238;20.0;2.0;A2;2;2022-08-01;"INCRA — Índices Básicos (IE nº 5/2022; tabela de 2013)";
4302253;12.0;2.0;A2;2;2022-08-01;"INCRA — Índices Básicos (IE nº 5/2022; tabela de 2013)";
4302303;25.0;2.0;A3;3;2022-08-01;"INCRA — Índices Básicos (IE nº 5/2022; tabela de 2013)";
4302352;18.0;2.0;A1;1;2022-08-01;"INCRA — Índices Básicos (IE nº 5/2022; tabela de 2013)";
4302378;20.0;2.0;A3;1;2022-08-01;"INCRA — Índices Básicos (IE nº 5/2022; tabela de 2013)";
4302402;18.0;2.0;A3;1;2022-08-01;"INCRA — Índices Básicos (IE nº 5/2022; tabela de 2013)";
4302451;18.0;2.0;A3;1;2022-08-01;"INCRA — Índices Básicos (IE nº 5/2022; tabela de 2013)";
4302501;20.0;2.0;A2;2;2022-08-01;"INCRA — Índices Básicos (IE nº 5/2022; tabela de 2013)";
4302584;20.0;2.0;A2;1;2022-08-01;"INCRA — Índices Básicos (IE nº 5/2022; tabela de 2013)";
4302600;20.0;2.0;A3;1;2022-08-01;"INCRA — Índices Básicos (IE nº 5/2022; tabela de 2013)";
4302659;18.0;2.0;A3;1;2022-08-01;"INCRA — Índices Básicos (IE nº 5/2022; tabela de 2013)";
4302709;20.0;2.0;A3;2;2022-08-01;"INCRA — Índices Básicos (IE nº 5/2022; tabela de 2013)";
4302808;35.0;2.0;A2;2;2022-08-01;"INCRA — Índices Básicos (IE nº 5/2022; tabela de 2013)";
4302907;28.0;2.0;A2;2;2022-08-01;"INCRA — Índices Básicos (IE nº 5/2022; tabela de 2013)";
4303004;20.0;2.0;A2;2;2022-08-01;"INCRA — Índices Básicos (IE nº 5/2022; tabela de 2013)";
4303103;7.0;2.0;A1;1;2022-08-01;"INCRA — Índices Básicos (IE nº 5/2022; tabela de 2013)";
4303202;20.0;2.0;A3;1;2022-08-01;"INCRA — Índices Básicos (IE nº 5/2022; tabela de 2013)";
4303301;20.0;2.0;A2;2;2022-08-01;"INCRA — Índices Básicos (IE nº 5/2022; tabela de 2013)";
4303400;20.0;2.0;A3;1;2022-08-01;"INCRA — Índices Básicos (IE nº 5/2022; tabela de 2013)";
4303509;16.0;2.0;A3;2;2022-08-01;"INCRA — Índices Básicos (IE nº 5/2022; tabela de 2013)";
4303558;20.0;2.0;A2;1;2022-08-01;"INCRA — Índices Básicos (IE nº 5/2022; tabela de 2013)";
4303608;25.0;2.0;A2;3;2022-08-01;"INCRA — Índices Básicos (IE nº 5/2022; tabela de 2013)";
4303673;25.0;2.0;A2;3;2022-08-01;"INCRA — Índices Básicos (IE nº 5/2022; tabela de 2013)";
4303707;20.0;2.0;A3;1;2022-08-01;"INCRA — Índices Básicos (IE nº 5/2022; tabela de 2013)";
4303806;20.0;2.0;A2;1;2022-08-01;"INCRA — Índices Básicos (IE nº 5/2022; tabela de 2013)";
4303905;7.0;2.0;A1;1;2022-08-01;"INCRA — Índices Básicos (IE nº 5/2022; tabela de 2013)";
4304002;20.0;2.0;A3;1;2022-08-01;"INCRA — Índices Básicos (IE nº 5/2022; tabela de 2013)";
4304101;18.0;2.0;A2;2;2022-08-01;"INCRA — Índices Básicos (IE nº 5/2022; tabela de 2013)";
4304200;20.0;2.0;A2;1;2022-08-01;"INCRA — Índices Básicos (IE nº 5/2022; tabela de 2013)";
4304309;20.0;2.0;A3;1;2022-08-01;"INCRA — Índices Básicos (IE nº 5/2022; tabela de 2013)";
4304358;35.0;2.0;A2;2;2022-08-01;"INCRA — Índices Básicos (IE nº 5/2022; tabela de 2013)";
4304408;18.0;2.0;A2;1;2022-08-01;"INCRA — Índices Básicos (IE nº 5/2022; tabela de 2013)";
4304507;16.0;2.0;A2;2;2022-08-01;"INCRA — Índices Básicos (IE nº 5/2022; tabela de 2013)";
4304606;7.0;2.0;A1;1;2022-08-01;"INCRA — Índices Básicos (IE nº 5/2022; tabela de 2013)";
4304614;18.0;2.0;A3;1;2022-08-01;"INCRA — Índices Básicos (IE nº 5/2022; tabela de 2013)";
4304622;25.0;2.0;A3;3;2022-08-01;"INCRA — Índices Básicos (IE nº 5/2022; tabela de 2013)";
4304630;18.0;2.0;A3;2;2022-08-01;"INCRA — Índices Básicos (IE nº 5/2022; tabela de 2013)";
4304655;35.0;4.0;B3;2;2022-08-01;"INCRA — Índices Básicos (IE nº 5/2022; tabela de 2013)";
4304663;16.0;2.0;A2;2;2022-08-01;"INCRA — Índices Básicos (IE nº 5/2022; tabela de 2013)";
4304689;18.0;2.0;A1;1;2022-08-01;"INCRA — Índices Básicos (IE nº 5/2022; tabela de 2013)";
4304697;18.0;2.0;A3;1;2022-08-01;"INCRA — Índices Básicos (IE nº 5/2022; tabela de 2013)";
4304671;18.0;2.0;A1;2;2022-08-01;"INCRA — Índices Básicos (IE nº 5/2022; tabela de 2013)";
4304713;18.0;2.0;A1;2;2022-08-01;"INCRA — Índices Básicos (IE nº 5/2022; tabela de 2013)";
4304705;16.0;2.0;A2;2;2022-08-01;"INCRA — Índices Básicos (IE nº 5/2022; tabela de 2013)";
4304804;12.0;2.0;A2;2;2022-08-01;"INCRA — Índices Básicos (IE nº 5/2022; tabela de 2013)";
4304853;20.0;2.0;A2;1;2022-08-01;"INCRA — Índices Básicos (IE nº 5/2022; tabela de 2013)";
4304903;20.0;2.0;A2;1;2022-08-01;"INCRA — Índices Básicos (IE nº 5/2022; tabela de 2013)";
4304952;25.0;2.0;A3;3;2022-08-01;"INCRA — Índices Básicos (IE nº 5/2022; tabela de 2013)";
4305009;20.0;2.0;A2;2;2022-08-01;"INCRA — Índices Básicos (IE nº 5/2022; tabela de 2013)";
4305108;12.0;2.0;A2;2;2022-08-01;"INCRA — Índices Básicos (IE nº 5/2022; tabela de 2013)";
4305116;20.0;2.0;A2;1;2022-08-01;"INCRA — Índices Básicos (IE nº 5/2022; tabela de 2013)";
4305124;16.0;2.0;A2;2;2022-08-01;"INCRA — Índices Básicos (IE nº 5/2022; tabela de 2013)";
4305132;20.0;2.0;A2;2;2022-08-01;"INCRA — Índices Básicos (IE nº 5/2022; tabela de 2013)";
4305157;16.0;2.0;A2;2;2022-08-01;"INCRA — Índices Básicos (IE nº 5/2022; tabela de 2013)";
4305173;16.0;2.0;A3;2;2022-08-01;"INCRA — Índices Básicos (IE nº 5/2022; tabela de 2013)";
4305207;20.0;4.0;B3;1;2022-08-01;"INCRA — Índices Básicos (IE nº 5/2022; tabela de 2013)";
4305306;16.0;2.0;A2;2;2022-08-01;"INCRA — Índices Básicos (IE nº 5/2022; tabela de 2013)";
4305355;14.0;2.0;A3;2;2022-08-01;"INCRA — Índices Básicos (IE nº 5/2022; tabela de 2013)";
4305371;20.0;2.0;A2;1;2022-08-01;"INCRA — Índices Básicos (IE nº 5/2022; tabela de 2013)";
4305405;20.0;2.0;A2;1;2022-08-01;"INCRA — Índices Básicos (IE nº 5/2022; tabela de 2013)";
4305439;40.0;2.0;A2;2;2022-08-01;"INCRA — Índices Básicos (IE nº 5/2022; tabela de 2013)";
4305447;16.0;2.0;A3;2;2022-08-01;"INCRA — Índices Básicos (IE nº 5/2022; tabela de 2013)";
4305454;18.0;2.0;A3;2;2022-08-01;"INCRA — Índices Básicos (IE nº 5/2022; tabela de 2013)";
4305504;20.0;2.0;A2;1;2022-08-01;"INCRA — Índices Básicos (IE nº 5/2022; tabela de 2013)";
4305587;18.0;2.0;A3;1;2022-08-01;"INCRA — Índices Básicos (IE nº 5/2022; tabela de 2013)";
4305603;20.0;2.0;A2;1;2022-08-01;"INCRA — Índices Básicos (IE nº 5/2022; tabela de 2013)";
4305702;20.0;2.0;A2;1;2022-08-01;"INCRA — Índices Básicos (IE nº 5/2022; tabela de 2013)";
4305801;20.0;2.0;A2;1;2022-08-01;"INCRA — Índices Básicos (IE nº 5/2022; tabela de 2013)";
4305835;18.0;2.0;A3;1;2022-08-01;"INCRA — Índices Básicos (IE nº 5/2022; tabela de 2013)";
4305850;16.0;2.0;A2;2;2022-08-01;"INCRA — Índices Básicos (IE nº 5/2022; tabela de 2013)";
4305871;20.0;2.0;A2;1;2022-08-01;"INCRA — Índices Básicos (IE nº 5/2022; tabela de 2013)";
4305900;16.0;2.0;A2;2;2022-08-01;"INCRA — Índices Básicos (IE nº 5/2022; tabela de 2013)";
4305934;12.0;2.0;A2;2;2022-08-01;"INCRA — Índices Básicos (IE nº 5/2022; tabela de 2013)";
4305959;12.0;2.0;A2;2;2022-08-01;"INCRA — Índices Básicos (IE nº 5/2022; tabela de 2013)";
4305975;16.0;2.0;A2;2;2022-08-01;"INCRA — Índices Básicos (IE nº 5/2022; tabela de 2013)";
4306007;20.0;2.0;A3;1;2022-08-01;"INCRA — Índices Básicos (IE nº 5/2022; tabela de 2013)";
4306056;16.0;2.0;A3;2;2022-08-01;"INCRA — Índices Básicos (IE nº 5/2022; tabela de 2013)";
4306072;20.0;2.0;A3;1;2022-08-01;"INCRA — Índices Básicos (IE nº 5/2022; tabela de 2013)";
4306106;20.0;2.0;A2;2;2022-08-01;"INCRA — Índices Básicos (IE nº 5/2022; tabela de 2013)";
4306130;20.0;2.0;A2;1;2022-08-01;"INCRA — Índices Básicos (IE nº 5/2022; tabela de 2013)";
4306205;18.0;2.0;A3;1;2022-08-01;"INCRA — Índices Básicos (IE nº 5/2022; tabela de 2013)";
4306304;20.0;2.0;A2;1;2022-08-01;"INCRA — Índices Básicos (IE nº 5/2022; tabela de 2013)";
4306320;20.0;2.0;A3;1;2022-08-01;"INCRA — Índices Básicos (IE nº 5/2022; tabela de 2013)";
4306353;20.0;2.0;A2;2;2022-08-01;"INCRA — Índices Básicos (IE nº 5/2022; tabela de 2013)";
4306379;22.0;2.0;A2;2;2022-08-01;"INCRA — Índices Básicos (IE nº 5/2022; tabela de 2013)";
4306403;18.0;2.0;A1;1;2022-08-01;"INCRA — Índices Básicos (IE nº 5/2022; tabela de 2013)";
4306429;20.0;2.0;A2;1;2022-08-01;"INCRA — Índices Básicos (IE nº 5/2022; tabela de 2013)";
4306452;20.0;2.0;A3;1;2022-08-01;"INCRA — Índices Básicos (IE nº 5/2022; tabela de 2013)";
4306502;16.0;2.0;A3;2;2022-08-01;"INCRA — Índices Básicos (IE nº 5/2022; tabela de 2013)";
4306601;28.0;2.0;A2;2;2022-08-01;"INCRA — Índices Básicos (IE nº 5/2022; tabela de 2013)";
4306551;18.0;2.0;A3;2;2022-08-01;"INCRA — Índices Básicos (IE nº 5/2022; tabela de 2013)";
4306700;20.0;2.0;A2;1;2022-08-01;"INCRA — Índices Básicos (IE nº 5/2022; tabela de 2013)";
4306734;20.0;2.0;A3;1;2022-08-01;"INCRA — Índices Básicos (IE nº 5/2022; tabela de 2013)";
4306759;18.0;2.0;A3;1;2022-08-01;"INCRA — Índices Básicos (IE nº 5/2022; tabela de 2013)";
4306767;14.0;2.0;A1;1;2022-08-01;"INCRA — Índices Básicos (IE nº 5/2022; tabela de 2013)";
4306809;18.0;2.0;A3;1;2022-08-01;"INCRA — Índices Básicos (IE nº 5/2022; tabela de 2013)";
4306908;35.0;2.0;A2;2;2022-08-01;"INCRA — Índices Básicos (IE nº 5/2022; tabela de 2013)";
4306924;20.0;2.0;A2;1;2022-08-01;"INCRA — Índices Básicos (IE nº 5/2022; tabela de 2013)";
4306957;20.0;2.0;A2;1;2022-08-01;"INCRA — Índices Básicos (IE nº 5/2022; tabela de 2013)";
4306932;20.0;2.0;A2;2;2022-08-01;"INCRA — Índices Básicos (IE nº 5/2022; tabela de 2013)";
4306973;20.0;2.0;A2;1;2022-08-01;"INCRA — Índices Básicos (IE nº 5/2022; tabela de 2013)";
4307005;20.0;2.0;A2;1;2022-08-01;"INCRA — Índices Básicos (IE nº 5/2022; tabela de 2013)";
4307054;16.0;2.0;A2;2;2022-08-01;"INCRA — Índices Básicos (IE nº 5/2022; tabela de 2013)";
4307203;20.0;2.0;A2;1;2022-08-01;"INCRA — Índices Básicos (IE nº 5/2022; tabela de 2013)";
4307302;20.0;2.0;A3;1;2022-08-01;"INCRA — Índices Básicos (IE nº 5/2022; tabela de 2013)";
4307401;25.0;2.0;A3;3;2022-08-01;"INCRA — Índices Básicos (IE nº 5/2022; tabela de 2013)";
4307450;20.0;2.0;A3;1;2022-08-01;"INCRA — Índices Básicos (IE nº 5/2022; tabela de 2013)";
4307500;18.0;2.0;A2;2;2022-08-01;"INCRA — Índices Básicos (IE nº 5/2022; tabela de 2013)";
4307559;20.0;2.0;A2;1;2022-08-01;"INCRA — Índices Básicos (IE nº 5/2022; tabela de 2013)";
4307609;7.0;2.0;A1;1;2022-08-01;"INCRA — Índices Básicos (IE nº 5/2022; tabela de 2013)";
4307708;7.0;2.0;A1;1;2022-08-01;"INCRA — Índices Básicos (IE nº 5/2022; tabela de 2013)";
4307807;18.0;2.0;A3;1;2022-08-01;"INCRA — Índices Básicos (IE nº 5/2022; tabela de 2013)";
4307815;20.0;2.0;A2;1;2022-08-01;"INCRA — Índices Básicos (IE nº 5/2022; tabela de 2013)";
4307831;20.0;2.0;A2;2;2022-08-01;"INCRA — Índices Básicos (IE nº 5/2022; tabela de 2013)";
4307864;12.0;2.0;A2;2;2022-08-01;"INCRA — Índices Básicos (IE nº 5/2022; tabela de 2013)";
4307906;12.0;2.0;A2;2;2022-08-01;"INCRA — Índices Básicos (IE nº 5/2022; tabela de 2013)";
4308003;20.0;2.0;A2;1;2022-08-01;"INCRA — Índices Básicos (IE nº 5/2022; tabela de 2013)";
4308052;20.0;2.0;A2;1;2022-08-01;"INCRA — Índices Básicos (IE nº 5/2022; tabela de 2013)";
4308078;18.0;2.0;A3;1;2022-08-01;"INCRA — Índices Básicos (IE nº 5/2022; tabela de 2013)";
4308102;18.0;2.0;A2;1;2022-08-01;"INCRA — Índices Básicos (IE nº 5/2022; tabela de 2013)";
4308201;12.0;2.0;A2;2;2022-08-01;"INCRA — Índices Básicos (IE nº 5/2022; tabela de 2013)";
4308250;20.0;2.0;A2;1;2022-08-01;"INCRA — Índices Básicos (IE nº 5/2022; tabela de 2013)";
4308300;20.0;2.0;A3;1;2022-08-01;"INCRA — Índices Básicos (IE nº 5/2022; tabela de 2013)";
4308409;22.0;2.0;A2;2;2022-08-01;"INCRA — Índices Básicos (IE nº 5/2022; tabela de 2013)";
4308433;18.0;2.0;A3;1;2022-08-01;"INCRA — Índices Básicos (IE nº 5/2022; tabela de 2013)";
4308458;20.0;2.0;A2;2;2022-08-01;"INCRA — Índices Básicos (IE nº 5/2022; tabela de 2013)";
4308508;20.0;2.0;A3;1;2022-08-01;"INCRA — Índices Básicos (IE nº 5/2022; tabela de 2013)";
4308607;12.0;2.0;A2;2;2022-08-01;"INCRA — Índices Básicos (IE nº 5/2022; tabela de 2013)";
4308656;20.0;2.0;A2;2;2022-08-01;"INCRA — Índices Básicos (IE nº 5/2022; tabela de 2013)";
4308706;20.0;2.0;A2;1;2022-08-01;"INCRA — Índices Básicos (IE nº 5/2022; tabela de 2013)";
4308805;14.0;2.0;A3;2;2022-08-01;"INCRA — Índices Básicos (IE nº 5/2022; tabela de 2013)";
4308854;20.0;2.0;A2;1;2022-08-01;"INCRA — Índices Básicos (IE nº 5/2022; tabela de 2013)";
4308904;20.0;2.0;A2;1;2022-08-01;"INCRA — Índices Básicos (IE nº 5/2022; tabela de 2013)";
4309001;20.0;2.0;A2;2;2022-08-01;"INCRA — Índices Básicos (IE nº 5/2022; tabela de 2013)";
4309050;10.0;2.0;A1;1;2022-08-01;"INCRA — Índices Básicos (IE nº 5/2022; tabela de 2013)";
4309100;18.0;2.0;A2;1;2022-08-01;"INCRA — Índices Básicos (IE nº 5/2022; tabela de 2013)";
4309126;20.0;2.0;A3;1;2022-08-01;"INCRA — Índices Básicos (IE nº 5/2022; tabela de 2013)";
4309159;20.0;2.0;A2;1;2022-08-01;"INCRA — Índices Básicos (IE nº 5/2022; tabela de 2013)";
4309209;10.0;2.0;A1;1;2022-08-01;"INCRA — Índices Básicos (IE nº 5/2022; tabela de 2013)";
4309258;20.0;2.0;A3;1;2022-08-01;"INCRA — Índices Básicos (IE nº 5/2022; tabela de 2013)";
4309308;14.0;2.0;A1;1;2022-08-01;"INCRA — Índices Básicos (IE nº 5/2022; tabela de 2013)";
4309407;20.0;2.0;A3;1;2022-08-01;"INCRA — Índices Básicos (IE nº 5/2022; tabela de 2013)";
4309506;20.0;2.0;A2;1;2022-08-01;"INCRA — Índices Básicos (IE nº 5/2022; tabela de 2013)";
4309555;18.0;2.0;A1;1;2022-08-01;"INCRA — Índices Básicos (IE nº 5/2022; tabela de 2013)";
4307104;40.0;2.0;A2;2;2022-08-01;"INCRA — Índices Básicos (IE nº 5/2022; tabela de 2013)";
4309571;20.0;2.0;A2;1;2022-08-01;"INCRA — Índices Básicos (IE nº 5/2022; tabela de 2013)";
4309605;20.0;2.0;A3;1;2022-08-01;"INCRA — Índices Básicos (IE nº 5/2022; tabela de 2013)";
4309654;28.0;2.0;A2;2;2022-08-01;"INCRA — Índices Básicos (IE nº 5/2022; tabela de 2013)";
4309704;20.0;2.0;A3;1;2022-08-01;"INCRA — Índices Básicos (IE nº 5/2022; tabela de 2013)";
4309753;20.0;2.0;A2;1;2022-08-01;"INCRA — Índices Básicos (IE nº 5/2022; tabela de 2013)";
4309803;20.0;2.0;A2;1;2022-08-01;"INCRA — Índices Básicos (IE nº 5/2022; tabela de 2013)";
4309902;25.0;2.0;A3;3;2022-08-01;"INCRA — Índices Básicos (IE nº 5/2022; tabela de 2013)";
4309951;18.0;2.0;A3;2;2022-08-01;"INCRA — Índices Básicos (IE nº 5/2022; tabela de 2013)";
4310009;20.0;2.0;A2;2;2022-08-01;"INCRA — Índices Básicos (IE nº 5/2022; tabela de 2013)";
4310108;18.0;2.0;A3;1;2022-08-01;"INCRA — Índices Básicos (IE nº 5/2022; tabela de 2013)";
4310207;20.0;2.0;A2;1;2022-08-01;"INCRA — Índices Básicos (IE nº 5/2022; tabela de 2013)";
4310306;20.0;2.0;A3;1;2022-08-01;"INCRA — Índices Básicos (IE nº 5/2022; tabela de 2013)";
4310330;18.0;2.0;A3;2;2022-08-01;"INCRA — Índices Básicos (IE nº 5/2022; tabela de 2013)";
4310363;18.0;2.0;A3;1;2022-08-01;"INCRA — Índices Básicos (IE nº 5/2022; tabela de 2013)";
4310405;20.0;2.0;A3;1;2022-08-01;"INCRA — Índices Básicos (IE nº 5/2022; tabela de 2013)";
4310413;20.0;2.0;A2;1;2022-08-01;"INCRA — Índices Básicos (IE nº 5/2022; tabela de 2013)";
4310439;25.0;2.0;A2;3;2022-08-01;"INCRA — Índices Básicos (IE nº 5/2022; tabela de 2013)";
4310462;20.0;2.0;A2;1;2022-08-01;"INCRA — Índices Básicos (IE nº 5/2022; tabela de 2013)";
4310504;20.0;2.0;A3;1;2022-08-01;"INCRA — Índices Básicos (IE nº 5/2022; tabela de 2013)";
4310538;22.0;2.0;A2;2;2022-08-01;"INCRA — Índices Básicos (IE nº 5/2022; tabela de 2013)";
4310553;28.0;4.0;B3;2;2022-08-01;"INCRA — Índices Básicos (IE nº 5/2022; tabela de 2013)";
4310579;20.0;2.0;A3;1;2022-08-01;"INCRA — Índices Básicos (IE nº 5/2022; tabela de 2013)";
4310603;20.0;3.0;B2;2;2022-08-01;"INCRA — Índices Básicos (IE nº 5/2022; tabela de 2013)";
4310652;18.0;2.0;A3;2;2022-08-01;"INCRA — Índices Básicos (IE nº 5/2022; tabela de 2013)";
4310702;20.0;2.0;A2;1;2022-08-01;"INCRA — Índices Básicos (IE nº 5/2022; tabela de 2013)";
4310751;35.0;2.0;A2;2;2022-08-01;"INCRA — Índices Básicos (IE nº 5/2022; tabela de 2013)";
4310801;18.0;2.0;A1;1;2022-08-01;"INCRA — Índices Básicos (IE nº 5/2022; tabela de 2013)";
4310850;16.0;2.0;A3;2;2022-08-01;"INCRA — Índices Básicos (IE nº 5/2022; tabela de 2013)";
4310876;18.0;2.0;A2;2;2022-08-01;"INCRA — Índices Básicos (IE nº 5/2022; tabela de 2013)";
4310900;20.0;2.0;A2;1;2022-08-01;"INCRA — Índices Básicos (IE nº 5/2022; tabela de 2013)";
4311007;40.0;2.0;A2;2;2022-08-01;"INCRA — Índices Básicos (IE nº 5/2022; tabela de 2013)";
4311106;22.0;2.0;A2;2;2022-08-01;"INCRA — Índices Básicos (IE nº 5/2022; tabela de 2013)";
4311122;25.0;2.0;A3;3;2022-08-01;"INCRA — Índices Básicos (IE nº 5/2022; tabela de 2013)";
4311130;35.0;2.0;A2;2;2022-08-01;"INCRA — Índices Básicos (IE nº 5/2022; tabela de 2013)";
4311155;35.0;2.0;A2;2;2022-08-01;"INCRA — Índices Básicos (IE nº 5/2022; tabela de 2013)";
4311205;35.0;2.0;A2;2;2022-08-01;"INCRA — Índices Básicos (IE nº 5/2022; tabela de 2013)";
4311239;20.0;2.0;A2;1;2022-08-01;"INCRA — Índices Básicos (IE nº 5/2022; tabela de 2013)";
4311270;20.0;2.0;A2;1;2022-08-01;"INCRA — Índices Básicos (IE nº 5/2022; tabela de 2013)";
4311304;25.0;2.0;A3;3;2022-08-01;"INCRA — Índices Básicos (IE nº 5/2022; tabela de 2013)";
4311254;18.0;2.0;A2;2;2022-08-01;"INCRA — Índices Básicos (IE nº 5/2022; tabela de 2013)";
4311403;18.0;2.0;A3;1;2022-08-01;"INCRA — Índices Básicos (IE nº 5/2022; tabela de 2013)";
4311429;16.0;2.0;A2;2;2022-08-01;"INCRA — Índices Básicos (IE nº 5/2022; tabela de 2013)";
4311502;35.0;2.0;A2;2;2022-08-01;"INCRA — Índices Básicos (IE nº 5/2022; tabela de 2013)";
4311601;20.0;2.0;A3;1;2022-08-01;"INCRA — Índices Básicos (IE nº 5/2022; tabela de 2013)";
4311627;18.0;2.0;A1;1;2022-08-01;"INCRA — Índices Básicos (IE nº 5/2022; tabela de 2013)";
4311643;18.0;2.0;A1;1;2022-08-01;"INCRA — Índices Básicos (IE nº 5/2022; tabela de 2013)";
4311718;20.0;3.0;B2;2;2022-08-01;"INCRA — Índices Básicos (IE nº 5/2022; tabela de 2013)";
4311700;20.0;2.0;A3;1;2022-08-01;"INCRA — Índices Básicos (IE nº 5/2022; tabela de 2013)";
4311734;18.0;2.0;A3;2;2022-08-01;"INCRA — Índices Básicos (IE nº 5/2022; tabela de 2013)";
4311759;35.0;3.0;B2;2;2022-08-01;"INCRA — Índices Básicos (IE nº 5/2022; tabela de 2013)";
4311775;18.0;2.0;A3;2;2022-08-01;"INCRA — Índices Básicos (IE nº 5/2022; tabela de 2013)";
4311791;18.0;2.0;A3;1;2022-08-01;"INCRA — Índices Básicos (IE nº 5/2022; tabela de 2013)";
4311809;20.0;2.0;A2;1;2022-08-01;"INCRA — Índices Básicos (IE nº 5/2022; tabela de 2013)";
4311908;20.0;2.0;A2;1;2022-08-01;"INCRA — Índices Básicos (IE nº 5/2022; tabela de 2013)";
4311981;14.0;2.0;A1;1;2022-08-01;"INCRA — Índices Básicos (IE nº 5/2022; tabela de 2013)";
4312005;20.0;2.0;A2;1;2022-08-01;"INCRA — Índices Básicos (IE nº 5/2022; tabela de 2013)";
4312054;18.0;2.0;A3;1;2022-08-01;"INCRA — Índices Básicos (IE nº 5/2022; tabela de 2013)";
4312104;22.0;2.0;A2;2;2022-08-01;"INCRA — Índices Básicos (IE nº 5/2022; tabela de 2013)";
4312138;16.0;2.0;A2;2;2022-08-01;"INCRA — Índices Básicos (IE nº 5/2022; tabela de 2013)";
4312153;20.0;2.0;A2;1;2022-08-01;"INCRA — Índices Básicos (IE nº 5/2022; tabela de 2013)";
4312179;20.0;4.0;B3;2;2022-08-01;"INCRA — Índices Básicos (IE nº 5/2022; tabela de 2013)";
4312203;20.0;2.0;A2;1;2022-08-01;"INCRA — Índices Básicos (IE nº 5/2022; tabela de 2013)";
4312252;20.0;2.0;A3;2;2022-08-01;"INCRA — Índices Básicos (IE nº 5/2022; tabela de 2013)";
4312302;20.0;2.0;A3;1;2022-08-01;"INCRA — Índices Básicos (IE nº 5/2022; tabela de 2013)";
4312351;20.0;2.0;A3;1;2022-08-01;"INCRA — Índices Básicos (IE nº 5/2022; tabela de 2013)";
4312377;25.0;2.0;A3;3;2022-08-01;"INCRA — Índices Básicos (IE nº 5/2022; tabela de 2013)";
4312385;12.0;2.0;A2;2;2022-08-01;"INCRA — Índices Básicos (IE nº 5/2022; tabela de 2013)";
4312401;18.0;2.0;A3;1;2022-08-01;"INCRA — Índices Básicos (IE nº 5/2022; tabela de 2013)";
4312427;18.0;2.0;A3;2;2022-08-01;"INCRA — Índices Básicos (IE nº 5/2022; tabela de 2013)";
4312443;18.0;2.0;A3;2;2022-08-01;"INCRA — Índices Básicos (IE nº 5/2022; tabela de 2013)";
4312450;16.0;2.0;A2;2;2022-08-01;"INCRA — Índices Básicos (IE nº 5/2022; tabela de 2013)";
4312476;18.0;2.0;A1;1;2022-08-01;"INCRA — Índices Básicos (IE nº 5/2022; tabela de 2013)";
4312500;25.0;2.0;A1;3;2022-08-01;"INCRA — Índices Básicos (IE nº 5/2022; tabela de 2013)";
4312609;18.0;2.0;A3;1;2022-08-01;"INCRA — Índices Básicos (IE nº 5/2022; tabela de 2013)";
4312617;25.0;2.0;A3;3;2022-08-01;"INCRA — Índices Básicos (IE nº 5/2022; tabela de 2013)";
4312625;20.0;2.0;A2;1;2022-08-01;"INCRA — Índices Básicos (IE nº 5/2022; tabela de 2013)";
4312658;20.0;2.0;A2;1;2022-08-01;"INCRA — Índices Básicos (IE nº 5/2022; tabela de 2013)";
4312674;20.0;2.0;A2;1;2022-08-01;"INCRA — Índices Básicos (IE nº 5/2022; tabela de 2013)";
4312708;20.0;2.0;A3;1;2022-08-01;"INCRA — Índices Básicos (IE nº 5/2022; tabela de 2013)";
4312757;20.0;2.0;A2;1;2022-08-01;"INCRA — Índices Básicos (IE nº 5/2022; tabela de 2013)";
4312807;20.0;2.0;A3;1;2022-08-01;"INCRA — Índices Básicos (IE nº 5/2022; tabela de 2013)";
4312906;20.0;2.0;A3;1;2022-08-01;"INCRA — Índices Básicos (IE nº 5/2022; tabela de 2013)";
4312955;20.0;2.0;A2;1;2022-08-01;"INCRA — Índices Básicos (IE nº 5/2022; tabela de 2013)";
4313003;18.0;2.0;A3;1;2022-08-01;"INCRA — Índices Básicos (IE nº 5/2022; tabela de 2013)";
4313011;20.0;2.0;A3;1;2022-08-01;"INCRA — Índices Básicos (IE nº 5/2022; tabela de 2013)";
4313037;22.0;4.0;B3;2;2022-08-01;"INCRA — Índices Básicos (IE nº 5/2022; tabela de 2013)";
4313060;14.0;2.0;A1;1;2022-08-01;"INCRA — Índices Básicos (IE nº 5/2022; tabela de 2013)";
4313086;12.0;2.0;A2;2;2022-08-01;"INCRA — Índices Básicos (IE nº 5/2022; tabela de 2013)";
4313102;20.0;2.0;A2;1;2022-08-01;"INCRA — Índices Básicos (IE nº 5/2022; tabela de 2013)";
4313201;18.0;2.0;A2;1;2022-08-01;"INCRA — Índices Básicos (IE nº 5/2022; tabela de 2013)";
4313300;20.0;2.0;A3;1;2022-08-01;"INCRA — Índices Básicos (IE nº 5/2022; tabela de 2013)";
4313334;20.0;2.0;A2;1;2022-08-01;"INCRA — Índices Básicos (IE nº 5/2022; tabela de 2013)";
4313359;12.0;2.0;A2;2;2022-08-01;"INCRA — Índices Básicos (IE nº 5/2022; tabela de 2013)";
4313375;7.0;2.0;A1;1;2022-08-01;"INCRA — Índices Básicos (IE nº 5/2022; tabela de 2013)";
4313490;16.0;2.0;A2;2;2022-08-01;"INCRA — Índices Básicos (IE nº 5/2022; tabela de 2013)";
4313391;20.0;2.0;A2;2;2022-08-01;"INCRA — Índices Básicos (IE nº 5/2022; tabela de 2013)";
4313409;7.0;2.0;A1;1;2022-08-01;"INCRA — Índices Básicos (IE nº 5/2022; tabela de 2013)";
4313425;20.0;2.0;A3;1;2022-08-01;"INCRA — Índices Básicos (IE nº 5/2022; tabela de 2013)";
4313441;20.0;2.0;A3;1;2022-08-01;"INCRA — Índices Básicos (IE nº 5/2022; tabela de 2013)";
4313466;20.0;2.0;A2;1;2022-08-01;"INCRA — Índices Básicos (IE nº 5/2022; tabela de 2013)";
4313508;18.0;2.0;A3;2;2022-08-01;"INCRA — Índices Básicos (IE nº 5/2022; tabela de 2013)";
4313607;20.0;2.0;A2;1;2022-08-01;"INCRA — Índices Básicos (IE nº 5/2022; tabela de 2013)";
4313656;18.0;2.0;A1;2;2022-08-01;"INCRA — Índices Básicos (IE nº 5/2022; tabela de 2013)";
4313706;16.0;2.0;A2;2;2022-08-01;"INCRA — Índices Básicos (IE nº 5/2022; tabela de 2013)";
4313805;20.0;2.0;A3;1;2022-08-01;"INCRA — Índices Básicos (IE nº 5/2022; tabela de 2013)";
4313904;20.0;2.0;A2;1;2022-08-01;"INCRA — Índices Básicos (IE nº 5/2022; tabela de 2013)";
4313953;20.0;2.0;A2;2;2022-08-01;"INCRA — Índices Básicos (IE nº 5/2022; tabela de 2013)";
4314001;20.0;2.0;A3;1;2022-08-01;"INCRA — Índices Básicos (IE nº 5/2022; tabela de 2013)";
4314027;20.0;2.0;A2;2;2022-08-01;"INCRA — Índices Básicos (IE nº 5/2022; tabela de 2013)";
4314035;18.0;2.0;A3;1;2022-08-01;"INCRA — Índices Básicos (IE nº 5/2022; tabela de 2013)";
4314050;18.0;2.0;A3;1;2022-08-01;"INCRA — Índices Básicos (IE nº 5/2022; tabela de 2013)";
4314068;20.0;2.0;A2;1;2022-08-01;"INCRA — Índices Básicos (IE nº 5/2022; tabela de 2013)";
4314076;20.0;2.0;A2;2;2022-08-01;"INCRA — Índices Básicos (IE nº 5/2022; tabela de 2013)";
4314100;16.0;2.0;A2;2;2022-08-01;"INCRA — Índices Básicos (IE nº 5/2022; tabela de 2013)";
4314134;20.0;2.0;A2;1;2022-08-01;"INCRA — Índices Básicos (IE nº 5/2022; tabela de 2013)";
4314159;18.0;2.0;A3;2;2022-08-01;"INCRA — Índices Básicos (IE nº 5/2022; tabela de 2013)";
4314175;35.0;2.0;A2;2;2022-08-01;"INCRA — Índices Básicos (IE nº 5/2022; tabela de 2013)";
4314209;16.0;2.0;A2;2;2022-08-01;"INCRA — Índices Básicos (IE nº 5/2022; tabela de 2013)";
4314308;20.0;2.0;A2;1;2022-08-01;"INCRA — Índices Básicos (IE nº 5/2022; tabela de 2013)";
4314407;16.0;2.0;A2;2;2022-08-01;"INCRA — Índices Básicos (IE nº 5/2022; tabela de 2013)";
4314423;18.0;2.0;A2;1;2022-08-01;"INCRA — Índices Básicos (IE nº 5/2022; tabela de 2013)";
4314456;16.0;2.0;A3;2;2022-08-01;"INCRA — Índices Básicos (IE nº 5/2022; tabela de 2013)";
4314464;25.0;2.0;A3;3;2022-08-01;"INCRA — Índices Básicos (IE nº 5/2022; tabela de 2013)";
4314472;35.0;2.0;A2;2;2022-08-01;"INCRA — Índices Básicos (IE nº 5/2022; tabela de 2013)";
4314498;20.0;2.0;A3;1;2022-08-01;"INCRA — Índices Básicos (IE nº 5/2022; tabela de 2013)";
4314506;35.0;2.0;A2;2;2022-08-01;"INCRA — Índices Básicos (IE nº 5/2022; tabela de 2013)";
4314548;12.0;2.0;A2;2;2022-08-01;"INCRA — Índices Básicos (IE nº 5/2022; tabela de 2013)";
4314555;20.0;2.0;A2;2;2022-08-01;"INCRA — Índices Básicos (IE nº 5/2022; tabela de 2013)";
4314605;35.0;2.0;A2;2;2022-08-01;"INCRA — Índices Básicos (IE nº 5/2022; tabela de 2013)";
4314704;20.0;2.0;A3;1;2022-08-01;"INCRA — Índices Básicos (IE nº 5/2022; tabela de 2013)";
4314753;18.0;2.0;A3;1;2022-08-01;"INCRA — Índices Básicos (IE nº 5/2022; tabela de 2013)";
4314779;16.0;2.0;A2;2;2022-08-01;"INCRA — Índices Básicos (IE nº 5/2022; tabela de 2013)";
4314787;20.0;2.0;A2;1;2022-08-01;"INCRA — Índices Básicos (IE nº 5/2022; tabela de 2013)";
4314803;7.0;2.0;A1;1;2022-08-01;"INCRA — Índices Básicos (IE nº 5/2022; tabela de 2013)";
4314902;5.0;2.0;A1;1;2022-08-01;"INCRA — Índices Básicos (IE nº 5/2022; tabela de 2013)";
4315008;20.0;2.0;A3;1;2022-08-01;"INCRA — Índices Básicos (IE nº 5/2022; tabela de 2013)";
4315057;20.0;2.0;A3;1;2022-08-01;"INCRA — Índices Básicos (IE nº 5/2022; tabela de 2013)";
4315073;20.0;2.0;A3;1;2022-08-01;"INCRA — Índices Básicos (IE nº 5/2022; tabela de 2013)";
4315107;20.0;4.0;B3;1;2022-08-01;"INCRA — Índices Básicos (IE nº 5/2022; tabela de 2013)";
4315131;18.0;2.0;A3;1;2022-08-01;"INCRA — Índices Básicos (IE nº 5/2022; tabela de 2013)";
4315149;18.0;2.0;A1;1;2022-08-01;"INCRA — Índices Básicos (IE nº 5/2022; tabela de 2013)";
4315156;18.0;2.0;A3;1;2022-08-01;"INCRA — Índices Básicos (IE nº 5/2022; tabela de 2013)";
4315172;20.0;2.0;A3;1;2022-08-01;"INCRA — Índices Básicos (IE nº 5/2022; tabela de 2013)";
4315206;20.0;2.0;A3;1;2022-08-01;"INCRA — Índices Básicos (IE nº 5/2022; tabela de 2013)";
4315305;28.0;3.0;B2;2;2022-08-01;"INCRA — Índices Básicos (IE nº 5/2022; tabela de 2013)";
4315313;20.0;2.0;A2;1;2022-08-01;"INCRA — Índices Básicos (IE nº 5/2022; tabela de 2013)";
4315321;35.0;2.0;A2;2;2022-08-01;"INCRA — Índices Básicos (IE nº 5/2022; tabela de 2013)";
4315354;20.0;2.0;A2;2;2022-08-01;"INCRA — Índices Básicos (IE nº 5/2022; tabela de 2013)";
4315404;20.0;2.0;A3;1;2022-08-01;"INCRA — Índices Básicos (IE nº 5/2022; tabela de 2013)";
4315453;18.0;2.0;A3;1;2022-08-01;"INCRA — Índices Básicos (IE nº 5/2022; tabela de 2013)";
4315503;22.0;2.0;A2;2;2022-08-01;"INCRA — Índices Básicos (IE nº 5/2022; tabela de 2013)";
4315552;20.0;2.0;A3;1;2022-08-01;"INCRA — Índices Básicos (IE nº 5/2022; tabela de 2013)";
4315602;25.0;2.0;A2;3;2022-08-01;"INCRA — Índices Básicos (IE nº 5/2022; tabela de 2013)";
4315701;20.0;2.0;A2;2;2022-08-01;"INCRA — Índices Básicos (IE nº 5/2022; tabela de 2013)";
4315750;18.0;2.0;A3;1;2022-08-01;"INCRA — Índices Básicos (IE nº 5/2022; tabela de 2013)";
4315800;18.0;2.0;A3;1;2022-08-01;"INCRA — Índices Básicos (IE nº 5/2022; tabela de 2013)";
4315909;20.0;2.0;A3;1;2022-08-01;"INCRA — Índices Básicos (IE nº 5/2022; tabela de 2013)";
4315958;20.0;2.0;A2;2;2022-08-01;"INCRA — Índices Básicos (IE nº 5/2022; tabela de 2013)";
4316006;18.0;2.0;A3;1;2022-08-01;"INCRA — Índices Básicos (IE nº 5/2022; tabela de 2013)";
4316105;20.0;2.0;A2;1;2022-08-01;"INCRA — Índices Básicos (IE nº 5/2022; tabela de 2013)";
4316204;20.0;2.0;A2;1;2022-08-01;"INCRA — Índices Básicos (IE nº 5/2022; tabela de 2013)";
4316303;20.0;4.0;B3;1;2022-08-01;"INCRA — Índices Básicos (IE nº 5/2022; tabela de 2013)";
4316402;28.0;3.0;B2;2;2022-08-01;"INCRA — Índices Básicos (IE nº 5/2022; tabela de 2013)";
4316428;16.0;2.0;A2;2;2022-08-01;"INCRA — Índices Básicos (IE nº 5/2022; tabela de 2013)";
4316436;20.0;2.0;A2;2;2022-08-01;"INCRA — Índices Básicos (IE nº 5/2022; tabela de 2013)";
4316451;18.0;2.0;A2;2;2022-08-01;"INCRA — Índices Básicos (IE nº 5/2022; tabela de 2013)";
4316477;20.0;4.0;B3;1;2022-08-01;"INCRA — Índices Básicos (IE nº 5/2022; tabela de 2013)";
4316501;18.0;2.0;A3;1;2022-08-01;"INCRA — Índices Básicos (IE nº 5/2022; tabela de 2013)";
4316600;20.0;2.0;A2;1;2022-08-01;"INCRA — Índices Básicos (IE nº 5/2022; tabela de 2013)";
4316709;20.0;2.0;A2;2;2022-08-01;"INCRA — Índices Básicos (IE nº 5/2022; tabela de 2013)";
4316733;20.0;2.0;A2;1;2022-08-01;"INCRA — Índices Básicos (IE nº 5/2022; tabela de 2013)";
4316758;18.0;2.0;A3;1;2022-08-01;"INCRA — Índices Básicos (IE nº 5/2022; tabela de 2013)";
4316808;20.0;2.0;A2;1;2022-08-01;"INCRA — Índices Básicos (IE nº 5/2022; tabela de 2013)";
4316972;28.0;2.0;A2;2;2022-08-01;"INCRA — Índices Básicos (IE nº 5/2022; tabela de 2013)";
4316907;22.0;2.0;A2;2;2022-08-01;"INCRA — Índices Básicos (IE nº 5/2022; tabela de 2013)";
4316956;18.0;2.0;A1;1;2022-08-01;"INCRA — Índices Básicos (IE nº 5/2022; tabela de 2013)";
4317202;20.0;2.0;A3;1;2022-08-01;"INCRA — Índices Básicos (IE nº 5/2022; tabela de 2013)";
4317251;12.0;2.0;A2;2;2022-08-01;"INCRA — Índices Básicos (IE nº 5/2022; tabela de 2013)";
4317301;40.0;2.0;A2;2;2022-08-01;"INCRA — Índices Básicos (IE nº 5/2022; tabela de 2013)";
4317004;35.0;2.0;A2;2;2022-08-01;"INCRA — Índices Básicos (IE nº 5/2022; tabela de 2013)";
4317103;28.0;3.0;B2;2;2022-08-01;"INCRA — Índices Básicos (IE nº 5/2022; tabela de 2013)";
4317400;35.0;4.0;B3;2;2022-08-01;"INCRA — Índices Básicos (IE nº 5/2022; tabela de 2013)";
4317509;20.0;2.0;A2;2;2022-08-01;"INCRA — Índices Básicos (IE nº 5/2022; tabela de 2013)";
4317608;18.0;2.0;A1;2;2022-08-01;"INCRA — Índices Básicos (IE nº 5/2022; tabela de 2013)";
4317707;20.0;2.0;A2;2;2022-08-01;"INCRA — Índices Básicos (IE nº 5/2022; tabela de 2013)";
4317558;20.0;2.0;A2;1;2022-08-01;"INCRA — Índices Básicos (IE nº 5/2022; tabela de 2013)";
4317756;16.0;2.0;A2;2;2022-08-01;"INCRA — Índices Básicos (IE nº 5/2022; tabela de 2013)";
4317806;16.0;2.0;A2;2;2022-08-01;"INCRA — Índices Básicos (IE nº 5/2022; tabela de 2013)";
4317905;20.0;2.0;A3;1;2022-08-01;"INCRA — Índices Básicos (IE nº 5/2022; tabela de 2013)";
4317954;20.0;2.0;A2;1;2022-08-01;"INCRA — Índices Básicos (IE nº 5/2022; tabela de 2013)";
4318002;20.0;3.0;B2;2;2022-08-01;"INCRA — Índices Básicos (IE nº 5/2022; tabela de 2013)";
4318051;20.0;2.0;A2;1;2022-08-01;"INCRA — Índices Básicos (IE nº 5/2022; tabela de 2013)";
4318101;35.0;2.0;A2;2;2022-08-01;"INCRA — Índices Básicos (IE nº 5/2022; tabela de 2013)";
4318200;25.0;2.0;A2;3;2022-08-01;"INCRA — Índices Básicos (IE nº 5/2022; tabela de 2013)";
4318309;28.0;2.0;A2;2;2022-08-01;"INCRA — Índices Básicos (IE nº 5/2022; tabela de 2013)";
4318408;14.0;2.0;A3;2;2022-08-01;"INCRA — Índices Básicos (IE nº 5/2022; tabela de 2013)";
4318424;20.0;2.0;A2;1;2022-08-01;"INCRA — Índices Básicos (IE nº 5/2022; tabela de 2013)";
4318432;20.0;2.0;A2;1;2022-08-01;"INCRA — Índices Básicos (IE nº 5/2022; tabela de 2013)";
4318440;20.0;2.0;A3;1;2022-08-01;"INCRA — Índices Básicos (IE nº 5/2022; tabela de 2013)";
4318457;16.0;2.0;A2;2;2022-08-01;"INCRA — Índices Básicos (IE nº 5/2022; tabela de 2013)";
4318465;20.0;2.0;A3;1;2022-08-01;"INCRA — Índices Básicos (IE nº 5/2022; tabela de 2013)";
4318481;18.0;2.0;A1;1;2022-08-01;"INCRA — Índices Básicos (IE nº 5/2022; tabela de 2013)";
4318499;20.0;2.0;A3;1;2022-08-01;"INCRA — Índices Básicos (IE nº 5/2022; tabela de 2013)";
4318507;25.0;2.0;A2;3;2022-08-01;"INCRA — Índices Básicos (IE nº 5/2022; tabela de 2013)";
4318606;20.0;2.0;A3;1;2022-08-01;"INCRA — Índices Básicos (IE nº 5/2022; tabela de 2013)";
4318614;18.0;2.0;A3;1;2022-08-01;"INCRA — Índices Básicos (IE nº 5/2022; tabela de 2013)";
4318622;25.0;2.0;A3;3;2022-08-01;"INCRA — Índices Básicos (IE nº 5/2022; tabela de 2013)";
4318705;7.0;2.0;A1;1;2022-08-01;"INCRA — Índices Básicos (IE nº 5/2022; tabela de 2013)";
4318804;16.0;2.0;A2;2;2022-08-01;"INCRA — Índices Básicos (IE nº 5/2022; tabela de 2013)";
4318903;20.0;2.0;A2;2;2022-08-01;"INCRA — Índices Básicos (IE nº 5/2022; tabela de 2013)";
4319000;12.0;2.0;A2;2;2022-08-01;"INCRA — Índices Básicos (IE nº 5/2022; tabela de 2013)";
4319109;20.0;2.0;A3;1;2022-08-01;"INCRA — Índices Básicos (IE nº 5/2022; tabela de 2013)";
4319125;22.0;2.0;A2;2;2022-08-01;"INCRA — Índices Básicos (IE nº 5/2022; tabela de 2013)";
4319158;20.0;2.0;A2;2;2022-08-01;"INCRA — Índices Básicos (IE nº 5/2022; tabela de 2013)";
4319208;20.0;2.0;A2;2;2022-08-01;"INCRA — Índices Básicos (IE nº 5/2022; tabela de 2013)";
4319307;20.0;4.0;B3;1;2022-08-01;"INCRA — Índices Básicos (IE nº 5/2022; tabela de 2013)";
4319356;18.0;2.0;A3;1;2022-08-01;"INCRA — Índices Básicos (IE nº 5/2022; tabela de 2013)";
4319364;16.0;2.0;A2;2;2022-08-01;"INCRA — Índices Básicos (IE nº 5/2022; tabela de 2013)";
4319372;20.0;4.0;B3;1;2022-08-01;"INCRA — Índices Básicos (IE nº 5/2022; tabela de 2013)";
4319406;22.0;2.0;A2;2;2022-08-01;"INCRA — Índices Básicos (IE nº 5/2022; tabela de 2013)";
4319505;18.0;2.0;A1;1;2022-08-01;"INCRA — Índices Básicos (IE nº 5/2022; tabela de 2013)";
4319604;35.0;2.0;A2;2;2022-08-01;"INCRA — Índices Básicos (IE nº 5/2022; tabela de 2013)";
4319703;20.0;2.0;A2;1;2022-08-01;"INCRA — Índices Básicos (IE nº 5/2022; tabela de 2013)";
4319711;20.0;2.0;A2;1;2022-08-01;"INCRA — Índices Básicos (IE nº 5/2022; tabela de 2013)";
4319737;16.0;2.0;A2;2;2022-08-01;"INCRA — Índices Básicos (IE nº 5/2022; tabela de 2013)";
4319752;18.0;2.0;A1;1;2022-08-01;"INCRA — Índices Básicos (IE nº 5/2022; tabela de 2013)";
4319802;22.0;2.0;A2;2;2022-08-01;"INCRA — Índices Básicos (IE nº 5/2022; tabela de 2013)";
4319901;7.0;2.0;A1;1;2022-08-01;"INCRA — Índices Básicos (IE nº 5/2022; tabela de 2013)";
4320008;7.0;2.0;A1;1;2022-08-01;"INCRA — Índices Básicos (IE nº 5/2022; tabela de 2013)";
4320107;20.0;2.0;A2;1;2022-08-01;"INCRA — Índices Básicos (IE nº 5/2022; tabela de 2013)";
4320206;20.0;2.0;A3;1;2022-08-01;"INCRA — Índices Básicos (IE nº 5/2022; tabela de 2013)";
4320230;20.0;2.0;A3;1;2022-08-01;"INCRA — Índices Básicos (IE nº 5/2022; tabela de 2013)";
4320263;20.0;2.0;A2;1;2022-08-01;"INCRA — Índices Básicos (IE nº 5/2022; tabela de 2013)";
4320305;20.0;2.0;A2;1;2022-08-01;"INCRA — Índices Básicos (IE nº 5/2022; tabela de 2013)";
4320321;20.0;2.0;A3;2;2022-08-01;"INCRA — Índices Básicos (IE nº 5/2022; tabela de 2013)";
4320354;16.0;2.0;A3;2;2022-08-01;"INCRA — Índices Básicos (IE nº 5/2022; tabela de 2013)";
4320404;20.0;2.0;A3;1;2022-08-01;"INCRA — Índices Básicos (IE nº 5/2022; tabela de 2013)";
4320453;18.0;2.0;A3;1;2022-08-01;"INCRA — Índices Básicos (IE nº 5/2022; tabela de 2013)";
4320503;20.0;2.0;A2;1;2022-08-01;"INCRA — Índices Básicos (IE nº 5/2022; tabela de 2013)";
4320552;16.0;2.0;A1;2;2022-08-01;"INCRA — Índices Básicos (IE nº 5/2022; tabela de 2013)";
4320578;20.0;2.0;A2;1;2022-08-01;"INCRA — Índices Básicos (IE nº 5/2022; tabela de 2013)";
4320602;20.0;2.0;A2;1;2022-08-01;"INCRA — Índices Básicos (IE nº 5/2022; tabela de 2013)";
4320651;22.0;2.0;A2;2;2022-08-01;"INCRA — Índices Básicos (IE nº 5/2022; tabela de 2013)";
4320677;20.0;2.0;A2;1;2022-08-01;"INCRA — Índices Básicos (IE nº 5/2022; tabela de 2013)";
4320701;20.0;2.0;A2;1;2022-08-01;"INCRA — Índices Básicos (IE nº 5/2022; tabela de 2013)";
4320800;18.0;2.0;A3;2;2022-08-01;"INCRA — Índices Básicos (IE nº 5/2022; tabela de 2013)";
4320859;18.0;2.0;A3;2;2022-08-01;"INCRA — Índices Básicos (IE nº 5/2022; tabela de 2013)";
4320909;20.0;2.0;A2;1;2022-08-01;"INCRA — Índices Básicos (IE nº 5/2022; tabela de 2013)";
4321006;20.0;2.0;A2;1;2022-08-01;"INCRA — Índices Básicos (IE nº 5/2022; tabela de 2013)";
4321105;16.0;2.0;A3;2;2022-08-01;"INCRA — Índices Básicos (IE nº 5/2022; tabela de 2013)";
4321204;18.0;2.0;A3;1;2022-08-01;"INCRA — Índices Básicos (IE nº 5/2022; tabela de 2013)";
4321303;18.0;2.0;A3;2;2022-08-01;"INCRA — Índices Básicos (IE nº 5/2022; tabela de 2013)";
4321329;20.0;2.0;A3;1;2022-08-01;"INCRA — Índices Básicos (IE nº 5/2022; tabela de 2013)";
4321352;25.0;2.0;A1;3;2022-08-01;"INCRA — Índices Básicos (IE nº 5/2022; tabela de 2013)";
4321402;20.0;2.0;A3;1;2022-08-01;"INCRA — Índices Básicos (IE nº 5/2022; tabela de 2013)";
4321436;18.0;2.0;A3;2;2022-08-01;"INCRA — Índices Básicos (IE nº 5/2022; tabela de 2013)";
4321451;18.0;2.0;A3;1;2022-08-01;"INCRA — Índices Básicos (IE nº 5/2022; tabela de 2013)";
4321469;20.0;2.0;A2;1;2022-08-01;"INCRA — Índices Básicos (IE nº 5/2022; tabela de 2013)";
4321477;20.0;2.0;A3;1;2022-08-01;"INCRA — Índices Básicos (IE nº 5/2022; tabela de 2013)";
4321493;22.0;2.0;A2;2;2022-08-01;"INCRA — Índices Básicos (IE nº 5/2022; tabela de 2013)";
4321501;18.0;2.0;A3;2;2022-08-01;"INCRA — Índices Básicos (IE nº 5/2022; tabela de 2013)";
4321600;18.0;2.0;A3;2;2022-08-01;"INCRA — Índices Básicos (IE nº 5/2022; tabela de 2013)";
4321626;18.0;2.0;A3;1;2022-08-01;"INCRA — Índices Básicos (IE nº 5/2022; tabela de 2013)";
4321634;20.0;2.0;A2;1;2022-08-01;"INCRA — Índices Básicos (IE nº 5/2022; tabela de 2013)";
4321667;18.0;2.0;A3;2;2022-08-01;"INCRA — Índices Básicos (IE nº 5/2022; tabela de 2013)";
4321709;18.0;2.0;A3;1;2022-08-01;"INCRA — Índices Básicos (IE nº 5/2022; tabela de 2013)";
4321808;20.0;2.0;A3;1;2022-08-01;"INCRA — Índices Básicos (IE nº 5/2022; tabela de 2013)";
4321832;18.0;2.0;A3;2;2022-08-01;"INCRA — Índices Básicos (IE nº 5/2022; tabela de 2013)";
4321857;20.0;2.0;A2;1;2022-08-01;"INCRA — Índices Básicos (IE nº 5/2022; tabela de 2013)";
4321907;20.0;2.0;A3;1;2022-08-01;"INCRA — Índices Básicos (IE nº 5/2022; tabela de 2013)";
4321956;20.0;2.0;A3;1;2022-08-01;"INCRA — Índices Básicos (IE nº 5/2022; tabela de 2013)";
4322004;18.0;2.0;A3;2;2022-08-01;"INCRA — Índices Básicos (IE nº 5/2022; tabela de 2013)";
4322103;20.0;2.0;A3;1;2022-08-01;"INCRA — Índices Básicos (IE nº 5/2022; tabela de 2013)";
4322152;18.0;2.0;A2;2;2022-08-01;"INCRA — Índices Básicos (IE nº 5/2022; tabela de 2013)";
4322186;20.0;2.0;A3;1;2022-08-01;"INCRA — Índices Básicos (IE nº 5/2022; tabela de 2013)";
4322202;35.0;2.0;A2;2;2022-08-01;"INCRA — Índices Básicos (IE nº 5/2022; tabela de 2013)";
4322251;18.0;2.0;A1;1;2022-08-01;"INCRA — Índices Básicos (IE nº 5/2022; tabela de 2013)";
4322301;20.0;2.0;A3;1;2022-08-01;"INCRA — Índices Básicos (IE nº 5/2022; tabela de 2013)";
4322327;16.0;2.0;A2;2;2022-08-01;"INCRA — Índices Básicos (IE nº 5/2022; tabela de 2013)";
4322343;20.0;4.0;B3;2;2022-08-01;"INCRA — Índices Básicos (IE nº 5/2022; tabela de 2013)";
4322350;20.0;2.0;A3;1;2022-08-01;"INCRA — Índices Básicos (IE nº 5/2022; tabela de 2013)";
4322376;35.0;4.0;B3;2;2022-08-01;"INCRA — Índices Básicos (IE nº 5/2022; tabela de 2013)";
4322400;28.0;3.0;B2;2;2022-08-01;"INCRA — Índices Básicos (IE nº 5/2022; tabela de 2013)";
4322509;25.0;2.0;A3;3;2022-08-01;"INCRA — Índices Básicos (IE nº 5/2022; tabela de 2013)";
4322533;20.0;2.0;A2;1;2022-08-01;"INCRA — Índices Básicos (IE nº 5/2022; tabela de 2013)";
4322541;18.0;2.0;A2;1;2022-08-01;"INCRA — Índices Básicos (IE nº 5/2022; tabela de 2013)";
4322525;14.0;2.0;A2;2;2022-08-01;"INCRA — Índices Básicos (IE nº 5/2022; tabela de 2013)";
4322558;20.0;2.0;A2;1;2022-08-01;"INCRA — Índices Básicos (IE nº 5/2022; tabela de 2013)";
4322608;20.0;2.0;A2;1;2022-08-01;"INCRA — Índices Básicos (IE nº 5/2022; tabela de 2013)";
4322707;20.0;2.0;A2;1;2022-08-01;"INCRA — Índices Básicos (IE nº 5/2022; tabela de 2013)";
4322806;12.0;2.0;A2;2;2022-08-01;"INCRA — Índices Básicos (IE nº 5/2022; tabela de 2013)";
4322855;18.0;2.0;A3;1;2022-08-01;"INCRA — Índices Básicos (IE nº 5/2022; tabela de 2013)";
4322905;20.0;2.0;A2;1;2022-08-01;"INCRA — Índices Básicos (IE nº 5/2022; tabela de 2013)";
4323002;10.0;2.0;A1;1;2022-08-01;"INCRA — Índices Básicos (IE nº 5/2022; tabela de 2013)";
4323101;20.0;2.0;A3;1;2022-08-01;"INCRA — Índices Básicos (IE nº 5/2022; tabela de 2013)";
4323200;20.0;2.0;A2;1;2022-08-01;"INCRA — Índices Básicos (IE nº 5/2022; tabela de 2013)";
4323309;12.0;2.0;A2;2;2022-08-01;"INCRA — Índices Básicos (IE nº 5/2022; tabela de 2013)";
4323358;20.0;2.0;A2;1;2022-08-01;"INCRA — Índices Básicos (IE nº 5/2022; tabela de 2013)";
4323408;20.0;2.0;A2;1;2022-08-01;"INCRA — Índices Básicos (IE nº 5/2022; tabela de 2013)";
4323457;35.0;2.0;A2;2;2022-08-01;"INCRA — Índices Básicos (IE nº 5/2022; tabela de 2013)";
4323507;20.0;2.0;A3;1;2022-08-01;"INCRA — Índices Básicos (IE nº 5/2022; tabela de 2013)";
4323606;20.0;2.0;A3;1;2022-08-01;"INCRA — Índices Básicos (IE nº 5/2022; tabela de 2013)";
4323705;20.0;2.0;A3;1;2022-08-01;"INCRA — Índices Básicos (IE nº 5/2022; tabela de 2013)";
4323754;20.0;2.0;A2;2;2022-08-01;"INCRA — Índices Básicos (IE nº 5/2022; tabela de 2013)";
4323770;18.0;2.0;A3;1;2022-08-01;"INCRA — Índices Básicos (IE nº 5/2022; tabela de 2013)";
4323804;18.0;2.0;A3;2;2022-08-01;"INCRA — Índices Básicos (IE nº 5/2022; tabela de 2013)";
2100055;75.0;3.0;B2;4;2022-08-01;"INCRA — Índices Básicos (IE nº 5/2022; tabela de 2013)";
2100105;70.0;2.0;A2;4;2022-08-01;"INCRA — Índices Básicos (IE nº 5/2022; tabela de 2013)";
2100154;70.0;4.0;B3;3;2022-08-01;"INCRA — Índices Básicos (IE nº 5/2022; tabela de 2013)";
2100204;55.0;2.0;A2;3;2022-08-01;"INCRA — Índices Básicos (IE nº 5/2022; tabela de 2013)";
2100303;55.0;2.0;A2;4;2022-08-01;"INCRA — Índices Básicos (IE nº 5/2022; tabela de 2013)";
2100402;60.0;3.0;B2;4;2022-08-01;"INCRA — Índices Básicos (IE nº 5/2022; tabela de 2013)";
2100436;70.0;3.0;B2;4;2022-08-01;"INCRA — Índices Básicos (IE nº 5/2022; tabela de 2013)";
2100477;60.0;3.0;B2;4;2022-08-01;"INCRA — Índices Básicos (IE nº 5/2022; tabela de 2013)";
2100501;75.0;4.0;B3;5;2022-08-01;"INCRA — Índices Básicos (IE nº 5/2022; tabela de 2013)";
2100550;75.0;4.0;C1;4;2022-08-01;"INCRA — Índices Básicos (IE nº 5/2022; tabela de 2013)";
2100600;75.0;3.0;B2;4;2022-08-01;"INCRA — Índices Básicos (IE nº 5/2022; tabela de 2013)";
2100709;55.0;4.0;B3;3;2022-08-01;"INCRA — Índices Básicos (IE nº 5/2022; tabela de 2013)";
2100808;70.0;4.0;B3;3;2022-08-01;"INCRA — Índices Básicos (IE nº 5/2022; tabela de 2013)";
2100832;55.0;4.0;C1;3;2022-08-01;"INCRA — Índices Básicos (IE nº 5/2022; tabela de 2013)";
2100873;60.0;3.0;B2;4;2022-08-01;"INCRA — Índices Básicos (IE nº 5/2022; tabela de 2013)";
2100907;70.0;4.0;B3;3;2022-08-01;"INCRA — Índices Básicos (IE nº 5/2022; tabela de 2013)";
2100956;70.0;4.0;B3;4;2022-08-01;"INCRA — Índices Básicos (IE nº 5/2022; tabela de 2013)";
2101004;55.0;4.0;B3;3;2022-08-01;"INCRA — Índices Básicos (IE nº 5/2022; tabela de 2013)";
2101103;70.0;2.0;A2;3;2022-08-01;"INCRA — Índices Básicos (IE nº 5/2022; tabela de 2013)";
2101202;60.0;3.0;B2;3;2022-08-01;"INCRA — Índices Básicos (IE nº 5/2022; tabela de 2013)";
2101251;30.0;2.0;A2;3;2022-08-01;"INCRA — Índices Básicos (IE nº 5/2022; tabela de 2013)";
2101301;55.0;4.0;C1;3;2022-08-01;"INCRA — Índices Básicos (IE nº 5/2022; tabela de 2013)";
2101350;55.0;4.0;B3;3;2022-08-01;"INCRA — Índices Básicos (IE nº 5/2022; tabela de 2013)";
2101400;75.0;4.0;B3;5;2022-08-01;"INCRA — Índices Básicos (IE nº 5/2022; tabela de 2013)";
2101509;70.0;4.0;B3;4;2022-08-01;"INCRA — Índices Básicos (IE nº 5/2022; tabela de 2013)";
2101608;70.0;4.0;B3;4;2022-08-01;"INCRA — Índices Básicos (IE nº 5/2022; tabela de 2013)";
2101707;70.0;4.0;C1;3;2022-08-01;"INCRA — Índices Básicos (IE nº 5/2022; tabela de 2013)";
2101772;60.0;3.0;B2;3;2022-08-01;"INCRA — Índices Básicos (IE nº 5/2022; tabela de 2013)";
2101731;70.0;4.0;B3;4;2022-08-01;"INCRA — Índices Básicos (IE nº 5/2022; tabela de 2013)";
2101806;75.0;4.0;B3;4;2022-08-01;"INCRA — Índices Básicos (IE nº 5/2022; tabela de 2013)";
2101905;55.0;4.0;B3;3;2022-08-01;"INCRA — Índices Básicos (IE nº 5/2022; tabela de 2013)";
2101939;60.0;3.0;B2;3;2022-08-01;"INCRA — Índices Básicos (IE nº 5/2022; tabela de 2013)";
2101970;75.0;4.0;C1;4;2022-08-01;"INCRA — Índices Básicos (IE nº 5/2022; tabela de 2013)";
2102002;60.0;3.0;B2;4;2022-08-01;"INCRA — Índices Básicos (IE nº 5/2022; tabela de 2013)";
2102036;60.0;3.0;B2;4;2022-08-01;"INCRA — Índices Básicos (IE nº 5/2022; tabela de 2013)";
2102077;60.0;3.0;B2;3;2022-08-01;"INCRA — Índices Básicos (IE nº 5/2022; tabela de 2013)";
2102101;70.0;4.0;B3;3;2022-08-01;"INCRA — Índices Básicos (IE nº 5/2022; tabela de 2013)";
2102150;60.0;3.0;B2;4;2022-08-01;"INCRA — Índices Básicos (IE nº 5/2022; tabela de 2013)";
2102200;70.0;4.0;B3;3;2022-08-01;"INCRA — Índices Básicos (IE nº 5/2022; tabela de 2013)";
2102309;70.0;2.0;A2;3;2022-08-01;"INCRA — Índices Básicos (IE nº 5/2022; tabela de 2013)";
2102325;60.0;3.0;B2;4;2022-08-01;"INCRA — Índices Básicos (IE nº 5/2022; tabela de 2013)";
2102358;75.0;3.0;B2;4;2022-08-01;"INCRA — Índices Básicos (IE nº 5/2022; tabela de 2013)";
2102374;70.0;2.0;A2;3;2022-08-01;"INCRA — Índices Básicos (IE nº 5/2022; tabela de 2013)";
2102408;55.0;4.0;B3;3;2022-08-01;"INCRA — Índices Básicos (IE nº 5/2022; tabela de 2013)";
2102507;55.0;4.0;B3;3;2022-08-01;"INCRA — Índices Básicos (IE nº 5/2022; tabela de 2013)";
2102556;75.0;3.0;B2;4;2022-08-01;"INCRA — Índices Básicos (IE nº 5/2022; tabela de 2013)";
2102606;75.0;4.0;C1;4;2022-08-01;"INCRA — Índices Básicos (IE nº 5/2022; tabela de 2013)";
2102705;55.0;4.0;B3;4;2022-08-01;"INCRA — Índices Básicos (IE nº 5/2022; tabela de 2013)";
2102754;60.0;3.0;B2;4;2022-08-01;"INCRA — Índices Básicos (IE nº 5/2022; tabela de 2013)";
2102804;75.0;4.0;B3;5;2022-08-01;"INCRA — Índices Básicos (IE nº 5/2022; tabela de 2013)";
2102903;75.0;4.0;C1;4;2022-08-01;"INCRA — Índices Básicos (IE nº 5/2022; tabela de 2013)";
2103000;55.0;2.0;A2;4;2022-08-01;"INCRA — Índices Básicos (IE nº 5/2022; tabela de 2013)";
2103109;55.0;4.0;C1;3;2022-08-01;"INCRA — Índices Básicos (IE nº 5/2022; tabela de 2013)";
2103125;55.0;4.0;C1;3;2022-08-01;"INCRA — Índices Básicos (IE nº 5/2022; tabela de 2013)";
2103158;75.0;4.0;C1;4;2022-08-01;"INCRA — Índices Básicos (IE nº 5/2022; tabela de 2013)";
2103174;75.0;4.0;C1;4;2022-08-01;"INCRA — Índices Básicos (IE nº 5/2022; tabela de 2013)";
2103208;70.0;4.0;B3;4;2022-08-01;"INCRA — Índices Básicos (IE nº 5/2022; tabela de 2013)";
2103257;75.0;3.0;B2;4;2022-08-01;"INCRA — Índices Básicos (IE nº 5/2022; tabela de 2013)";
2103307;60.0;3.0;B2;4;2022-08-01;"INCRA — Índices Básicos (IE nº 5/2022; tabela de 2013)";
2103406;70.0;2.0;A2;3;2022-08-01;"INCRA — Índices Básicos (IE nº 5/2022; tabela de 2013)";
2103505;70.0;4.0;B3;3;2022-08-01;"INCRA — Índices Básicos (IE nº 5/2022; tabela de 2013)";
2103554;60.0;3.0;B2;3;2022-08-01;"INCRA — Índices Básicos (IE nº 5/2022; tabela de 2013)";
2103604;70.0;3.0;B2;4;2022-08-01;"INCRA — Índices Básicos (IE nº 5/2022; tabela de 2013)";
2103703;55.0;4.0;C1;3;2022-08-01;"INCRA — Índices Básicos (IE nº 5/2022; tabela de 2013)";
2103752;75.0;3.0;B2;4;2022-08-01;"INCRA — Índices Básicos (IE nº 5/2022; tabela de 2013)";
2103802;70.0;4.0;B3;3;2022-08-01;"INCRA — Índices Básicos (IE nº 5/2022; tabela de 2013)";
2103901;70.0;2.0;A2;3;2022-08-01;"INCRA — Índices Básicos (IE nº 5/2022; tabela de 2013)";
2104008;50.0;3.0;B2;3;2022-08-01;"INCRA — Índices Básicos (IE nº 5/2022; tabela de 2013)";
2104057;75.0;3.0;B2;5;2022-08-01;"INCRA — Índices Básicos (IE nº 5/2022; tabela de 2013)";
2104073;75.0;4.0;B3;5;2022-08-01;"INCRA — Índices Básicos (IE nº 5/2022; tabela de 2013)";
2104081;70.0;4.0;B3;4;2022-08-01;"INCRA — Índices Básicos (IE nº 5/2022; tabela de 2013)";
2104099;70.0;4.0;B3;4;2022-08-01;"INCRA — Índices Básicos (IE nº 5/2022; tabela de 2013)";
2104107;75.0;4.0;B3;5;2022-08-01;"INCRA — Índices Básicos (IE nº 5/2022; tabela de 2013)";
2104206;70.0;4.0;B3;3;2022-08-01;"INCRA — Índices Básicos (IE nº 5/2022; tabela de 2013)";
2104305;75.0;4.0;C1;4;2022-08-01;"INCRA — Índices Básicos (IE nº 5/2022; tabela de 2013)";
2104404;70.0;4.0;B3;3;2022-08-01;"INCRA — Índices Básicos (IE nº 5/2022; tabela de 2013)";
2104503;70.0;4.0;B3;3;2022-08-01;"INCRA — Índices Básicos (IE nº 5/2022; tabela de 2013)";
2104552;75.0;3.0;B2;4;2022-08-01;"INCRA — Índices Básicos (IE nº 5/2022; tabela de 2013)";
2104602;70.0;4.0;B3;3;2022-08-01;"INCRA — Índices Básicos (IE nº 5/2022; tabela de 2013)";
2104628;70.0;4.0;B3;3;2022-08-01;"INCRA — Índices Básicos (IE nº 5/2022; tabela de 2013)";
2104651;60.0;3.0;B2;4;2022-08-01;"INCRA — Índices Básicos (IE nº 5/2022; tabela de 2013)";
2104677;75.0;4.0;C1;4;2022-08-01;"INCRA — Índices Básicos (IE nº 5/2022; tabela de 2013)";
2104701;70.0;4.0;B3;3;2022-08-01;"INCRA — Índices Básicos (IE nº 5/2022; tabela de 2013)";
2104800;70.0;4.0;B3;4;2022-08-01;"INCRA — Índices Básicos (IE nº 5/2022; tabela de 2013)";
2104909;55.0;4.0;C1;3;2022-08-01;"INCRA — Índices Básicos (IE nº 5/2022; tabela de 2013)";
2105005;70.0;4.0;C1;3;2022-08-01;"INCRA — Índices Básicos (IE nº 5/2022; tabela de 2013)";
2105104;65.0;2.0;A2;3;2022-08-01;"INCRA — Índices Básicos (IE nº 5/2022; tabela de 2013)";
2105153;60.0;3.0;B2;3;2022-08-01;"INCRA — Índices Básicos (IE nº 5/2022; tabela de 2013)";
2105203;60.0;3.0;B2;3;2022-08-01;"INCRA — Índices Básicos (IE nº 5/2022; tabela de 2013)";
2105302;75.0;3.0;B2;4;2022-08-01;"INCRA — Índices Básicos (IE nº 5/2022; tabela de 2013)";
2105351;70.0;4.0;B3;4;2022-08-01;"INCRA — Índices Básicos (IE nº 5/2022; tabela de 2013)";
2105401;55.0;4.0;B3;4;2022-08-01;"INCRA — Índices Básicos (IE nº 5/2022; tabela de 2013)";
2105427;75.0;3.0;B2;4;2022-08-01;"INCRA — Índices Básicos (IE nº 5/2022; tabela de 2013)";
2105450;70.0;4.0;B3;3;2022-08-01;"INCRA — Índices Básicos (IE nº 5/2022; tabela de 2013)";
2105476;70.0;4.0;B3;4;2022-08-01;"INCRA — Índices Básicos (IE nº 5/2022; tabela de 2013)";
2105500;75.0;3.0;B2;4;2022-08-01;"INCRA — Índices Básicos (IE nº 5/2022; tabela de 2013)";
2105609;50.0;3.0;B2;3;2022-08-01;"INCRA — Índices Básicos (IE nº 5/2022; tabela de 2013)";
2105658;75.0;4.0;C1;4;2022-08-01;"INCRA — Índices Básicos (IE nº 5/2022; tabela de 2013)";
2105708;60.0;3.0;B2;4;2022-08-01;"INCRA — Índices Básicos (IE nº 5/2022; tabela de 2013)";
2105807;60.0;3.0;B2;3;2022-08-01;"INCRA — Índices Básicos (IE nº 5/2022; tabela de 2013)";
2105948;60.0;3.0;B2;3;2022-08-01;"INCRA — Índices Básicos (IE nº 5/2022; tabela de 2013)";
2105906;60.0;3.0;B2;3;2022-08-01;"INCRA — Índices Básicos (IE nº 5/2022; tabela de 2013)";
2105922;70.0;4.0;B3;3;2022-08-01;"INCRA — Índices Básicos (IE nº 5/2022; tabela de 2013)";
2105963;60.0;3.0;B2;4;2022-08-01;"INCRA — Índices Básicos (IE nº 5/2022; tabela de 2013)";
2105989;75.0;3.0;B2;4;2022-08-01;"INCRA — Índices Básicos (IE nº 5/2022; tabela de 2013)";
2106003;60.0;3.0;B2;3;2022-08-01;"INCRA — Índices Básicos (IE nº 5/2022; tabela de 2013)";
2106102;75.0;4.0;B3;4;2022-08-01;"INCRA — Índices Básicos (IE nº 5/2022; tabela de 2013)";
2106201;75.0;4.0;C1;4;2022-08-01;"INCRA — Índices Básicos (IE nº 5/2022; tabela de 2013)";
2106300;70.0;4.0;B3;3;2022-08-01;"INCRA — Índices Básicos (IE nº 5/2022; tabela de 2013)";
2106326;75.0;4.0;C1;4;2022-08-01;"INCRA — Índices Básicos (IE nº 5/2022; tabela de 2013)";
2106359;60.0;3.0;B2;4;2022-08-01;"INCRA — Índices Básicos (IE nº 5/2022; tabela de 2013)";
2106375;75.0;4.0;C1;4;2022-08-01;"INCRA — Índices Básicos (IE nº 5/2022; tabela de 2013)";
2106409;70.0;4.0;B3;4;2022-08-01;"INCRA — Índices Básicos (IE nº 5/2022; tabela de 2013)";
2106508;55.0;4.0;B3;3;2022-08-01;"INCRA — Índices Básicos (IE nº 5/2022; tabela de 2013)";
2106607;55.0;2.0;A2;4;2022-08-01;"INCRA — Índices Básicos (IE nº 5/2022; tabela de 2013)";
2106631;55.0;4.0;B3;4;2022-08-01;"INCRA — Índices Básicos (IE nº 5/2022; tabela de 2013)";
2106672;70.0;4.0;B3;3;2022-08-01;"INCRA — Índices Básicos (IE nº 5/2022; tabela de 2013)";
2106706;70.0;4.0;B3;4;2022-08-01;"INCRA — Índices Básicos (IE nº 5/2022; tabela de 2013)";
2106755;55.0;4.0;B3;4;2022-08-01;"INCRA — Índices Básicos (IE nº 5/2022; tabela de 2013)";
2106805;55.0;4.0;C1;3;2022-08-01;"INCRA — Índices Básicos (IE nº 5/2022; tabela de 2013)";
2106904;60.0;3.0;B2;4;2022-08-01;"INCRA — Índices Básicos (IE nº 5/2022; tabela de 2013)";
2107001;75.0;3.0;B2;4;2022-08-01;"INCRA — Índices Básicos (IE nº 5/2022; tabela de 2013)";
2107100;70.0;2.0;A2;3;2022-08-01;"INCRA — Índices Básicos (IE nº 5/2022; tabela de 2013)";
2107209;70.0;4.0;B3;4;2022-08-01;"INCRA — Índices Básicos (IE nº 5/2022; tabela de 2013)";
2107258;75.0;4.0;B3;5;2022-08-01;"INCRA — Índices Básicos (IE nº 5/2022; tabela de 2013)";
2107308;70.0;4.0;B3;4;2022-08-01;"INCRA — Índices Básicos (IE nº 5/2022; tabela de 2013)";
2107357;75.0;3.0;B2;4;2022-08-01;"INCRA — Índices Básicos (IE nº 5/2022; tabela de 2013)";
2107407;60.0;3.0;B2;3;2022-08-01;"INCRA — Índices Básicos (IE nº 5/2022; tabela de 2013)";
2107456;55.0;4.0;B3;3;2022-08-01;"INCRA — Índices Básicos (IE nº 5/2022; tabela de 2013)";
2107506;30.0;2.0;A2;3;2022-08-01;"INCRA — Índices Básicos (IE nº 5/2022; tabela de 2013)";
2107605;55.0;4.0;B3;3;2022-08-01;"INCRA — Índices Básicos (IE nº 5/2022; tabela de 2013)";
2107704;70.0;4.0;B3;4;2022-08-01;"INCRA — Índices Básicos (IE nº 5/2022; tabela de 2013)";
2107803;55.0;2.0;A2;4;2022-08-01;"INCRA — Índices Básicos (IE nº 5/2022; tabela de 2013)";
2107902;70.0;4.0;B3;3;2022-08-01;"INCRA — Índices Básicos (IE nº 5/2022; tabela de 2013)";
2108009;70.0;4.0;B3;4;2022-08-01;"INCRA — Índices Básicos (IE nº 5/2022; tabela de 2013)";
2108058;70.0;4.0;B3;3;2022-08-01;"INCRA — Índices Básicos (IE nº 5/2022; tabela de 2013)";
2108108;60.0;3.0;B2;4;2022-08-01;"INCRA — Índices Básicos (IE nº 5/2022; tabela de 2013)";
2108207;60.0;3.0;B2;3;2022-08-01;"INCRA — Índices Básicos (IE nº 5/2022; tabela de 2013)";
2108256;55.0;4.0;B3;3;2022-08-01;"INCRA — Índices Básicos (IE nº 5/2022; tabela de 2013)";
2108306;55.0;4.0;B3;3;2022-08-01;"INCRA — Índices Básicos (IE nº 5/2022; tabela de 2013)";
2108405;55.0;4.0;B3;3;2022-08-01;"INCRA — Índices Básicos (IE nº 5/2022; tabela de 2013)";
2108454;70.0;3.0;B2;4;2022-08-01;"INCRA — Índices Básicos (IE nº 5/2022; tabela de 2013)";
2108504;60.0;3.0;B2;4;2022-08-01;"INCRA — Índices Básicos (IE nº 5/2022; tabela de 2013)";
2108603;55.0;4.0;B3;3;2022-08-01;"INCRA — Índices Básicos (IE nº 5/2022; tabela de 2013)";
2108702;60.0;3.0;B2;3;2022-08-01;"INCRA — Índices Básicos (IE nº 5/2022; tabela de 2013)";
2108801;55.0;4.0;B3;4;2022-08-01;"INCRA — Índices Básicos (IE nº 5/2022; tabela de 2013)";
2108900;60.0;3.0;B2;3;2022-08-01;"INCRA — Índices Básicos (IE nº 5/2022; tabela de 2013)";
2109007;75.0;3.0;B2;4;2022-08-01;"INCRA — Índices Básicos (IE nº 5/2022; tabela de 2013)";
2109056;55.0;4.0;C1;3;2022-08-01;"INCRA — Índices Básicos (IE nº 5/2022; tabela de 2013)";
2109106;70.0;4.0;B3;3;2022-08-01;"INCRA — Índices Básicos (IE nº 5/2022; tabela de 2013)";
2109205;70.0;2.0;A2;3;2022-08-01;"INCRA — Índices Básicos (IE nº 5/2022; tabela de 2013)";
2109239;75.0;4.0;C1;4;2022-08-01;"INCRA — Índices Básicos (IE nº 5/2022; tabela de 2013)";
2109270;55.0;4.0;B3;3;2022-08-01;"INCRA — Índices Básicos (IE nº 5/2022; tabela de 2013)";
2109304;70.0;4.0;B3;4;2022-08-01;"INCRA — Índices Básicos (IE nº 5/2022; tabela de 2013)";
2109403;70.0;4.0;C1;3;2022-08-01;"INCRA — Índices Básicos (IE nº 5/2022; tabela de 2013)";
2109452;30.0;2.0;A2;3;2022-08-01;"INCRA — Índices Básicos (IE nº 5/2022; tabela de 2013)";
2109502;75.0;4.0;B3;5;2022-08-01;"INCRA — Índices Básicos (IE nº 5/2022; tabela de 2013)";
2109551;75.0;3.0;B2;4;2022-08-01;"INCRA — Índices Básicos (IE nº 5/2022; tabela de 2013)";
2109601;30.0;2.0;A2;3;2022-08-01;"INCRA — Índices Básicos (IE nº 5/2022; tabela de 2013)";
2109700;75.0;4.0;B3;4;2022-08-01;"INCRA — Índices Básicos (IE nº 5/2022; tabela de 2013)";
2109759;70.0;4.0;B3;3;2022-08-01;"INCRA — Índices Básicos (IE nº 5/2022; tabela de 2013)";
2109809;60.0;4.0;B3;3;2022-08-01;"INCRA — Índices Básicos (IE nº 5/2022; tabela de 2013)";
2109908;60.0;3.0;B2;4;2022-08-01;"INCRA — Índices Básicos (IE nº 5/2022; tabela de 2013)";
2110005;60.0;3.0;B2;4;2022-08-01;"INCRA — Índices Básicos (IE nº 5/2022; tabela de 2013)";
2110039;75.0;4.0;C1;4;2022-08-01;"INCRA — Índices Básicos (IE nº 5/2022; tabela de 2013)";
2110104;70.0;4.0;B3;3;2022-08-01;"INCRA — Índices Básicos (IE nº 5/2022; tabela de 2013)";
2110203;55.0;2.0;A2;4;2022-08-01;"INCRA — Índices Básicos (IE nº 5/2022; tabela de 2013)";
2110237;70.0;4.0;B3;3;2022-08-01;"INCRA — Índices Básicos (IE nº 5/2022; tabela de 2013)";
2110278;70.0;4.0;C1;3;2022-08-01;"INCRA — Índices Básicos (IE nº 5/2022; tabela de 2013)";
2110302;60.0;3.0;B2;3;2022-08-01;"INCRA — Índices Básicos (IE nº 5/2022; tabela de 2013)";
2110401;70.0;4.0;B3;4;2022-08-01;"INCRA — Índices Básicos (IE nº 5/2022; tabela de 2013)";
2110500;55.0;4.0;B3;3;2022-08-01;"INCRA — Índices Básicos (IE nº 5/2022; tabela de 2013)";
2110609;70.0;4.0;B3;3;2022-08-01;"INCRA — Índices Básicos (IE nº 5/2022; tabela de 2013)";
2110658;75.0;4.0;B3;4;2022-08-01;"INCRA — Índices Básicos (IE nº 5/2022; tabela de 2013)";
2110708;70.0;4.0;B3;3;2022-08-01;"INCRA — Índices Básicos (IE nº 5/2022; tabela de 2013)";
2110807;75.0;4.0;B3;4;2022-08-01;"INCRA — Índices Básicos (IE nº 5/2022; tabela de 2013)";
2110856;75.0;3.0;B2;4;2022-08-01;"INCRA — Índices Básicos (IE nº 5/2022; tabela de 2013)";
2110906;70.0;4.0;B3;4;2022-08-01;"INCRA — Índices Básicos (IE nº 5/2022; tabela de 2013)";
2111003;55.0;4.0;B3;3;2022-08-01;"INCRA — Índices Básicos (IE nº 5/2022; tabela de 2013)";
2111029;60.0;3.0;B2;4;2022-08-01;"INCRA — Índices Básicos (IE nº 5/2022; tabela de 2013)";
2111052;75.0;3.0;B2;4;2022-08-01;"INCRA — Índices Básicos (IE nº 5/2022; tabela de 2013)";
2111078;55.0;2.0;A2;4;2022-08-01;"INCRA — Índices Básicos (IE nº 5/2022; tabela de 2013)";
2111102;70.0;4.0;B3;4;2022-08-01;"INCRA — Índices Básicos (IE nº 5/2022; tabela de 2013)";
2111201;30.0;2.0;A2;3;2022-08-01;"INCRA — Índices Básicos (IE nº 5/2022; tabela de 2013)";
2111250;70.0;4.0;B3;3;2022-08-01;"INCRA — Índices Básicos (IE nº 5/2022; tabela de 2013)";
2111300;15.0;2.0;A2;3;2022-08-01;"INCRA — Índices Básicos (IE nº 5/2022; tabela de 2013)";
2111409;60.0;3.0;B2;3;2022-08-01;"INCRA — Índices Básicos (IE nº 5/2022; tabela de 2013)";
2111508;55.0;3.0;B2;3;2022-08-01;"INCRA — Índices Básicos (IE nº 5/2022; tabela de 2013)";
2111532;75.0;3.0;B2;4;2022-08-01;"INCRA — Índices Básicos (IE nº 5/2022; tabela de 2013)";
2111573;75.0;4.0;B3;5;2022-08-01;"INCRA — Índices Básicos (IE nº 5/2022; tabela de 2013)";
2111607;75.0;4.0;B3;4;2022-08-01;"INCRA — Índices Básicos (IE nº 5/2022; tabela de 2013)";
2111631;50.0;3.0;B2;3;2022-08-01;"INCRA — Índices Básicos (IE nº 5/2022; tabela de 2013)";
2111672;50.0;3.0;B2;3;2022-08-01;"INCRA — Índices Básicos (IE nº 5/2022; tabela de 2013)";
2111706;55.0;4.0;B3;3;2022-08-01;"INCRA — Índices Básicos (IE nº 5/2022; tabela de 2013)";
2111722;60.0;3.0;B2;3;2022-08-01;"INCRA — Índices Básicos (IE nº 5/2022; tabela de 2013)";
2111748;70.0;4.0;B3;3;2022-08-01;"INCRA — Índices Básicos (IE nº 5/2022; tabela de 2013)";
2111763;75.0;3.0;B2;4;2022-08-01;"INCRA — Índices Básicos (IE nº 5/2022; tabela de 2013)";
2111789;55.0;4.0;C1;3;2022-08-01;"INCRA — Índices Básicos (IE nº 5/2022; tabela de 2013)";
2111805;70.0;4.0;B3;4;2022-08-01;"INCRA — Índices Básicos (IE nº 5/2022; tabela de 2013)";
2111904;70.0;4.0;B3;4;2022-08-01;"INCRA — Índices Básicos (IE nº 5/2022; tabela de 2013)";
2111953;70.0;4.0;B3;4;2022-08-01;"INCRA — Índices Básicos (IE nº 5/2022; tabela de 2013)";
2112001;75.0;4.0;B3;5;2022-08-01;"INCRA — Índices Básicos (IE nº 5/2022; tabela de 2013)";
2112100;70.0;3.0;B2;4;2022-08-01;"INCRA — Índices Básicos (IE nº 5/2022; tabela de 2013)";
2112209;55.0;2.0;A2;4;2022-08-01;"INCRA — Índices Básicos (IE nº 5/2022; tabela de 2013)";
2112233;60.0;3.0;B2;3;2022-08-01;"INCRA — Índices Básicos (IE nº 5/2022; tabela de 2013)";
2112274;60.0;3.0;B2;4;2022-08-01;"INCRA — Índices Básicos (IE nº 5/2022; tabela de 2013)";
2112308;70.0;4.0;B3;3;2022-08-01;"INCRA — Índices Básicos (IE nº 5/2022; tabela de 2013)";
2112407;75.0;4.0;B3;4;2022-08-01;"INCRA — Índices Básicos (IE nº 5/2022; tabela de 2013)";
2112456;75.0;4.0;B3;4;2022-08-01;"INCRA — Índices Básicos (IE nº 5/2022; tabela de 2013)";
2112506;70.0;4.0;B3;3;2022-08-01;"INCRA — Índices Básicos (IE nº 5/2022; tabela de 2013)";
2112605;70.0;4.0;B3;4;2022-08-01;"INCRA — Índices Básicos (IE nº 5/2022; tabela de 2013)";
2112704;70.0;4.0;B3;4;2022-08-01;"INCRA — Índices Básicos (IE nº 5/2022; tabela de 2013)";
2112803;55.0;4.0;B3;3;2022-08-01;"INCRA — Índices Básicos (IE nº 5/2022; tabela de 2013)";
2112852;75.0;3.0;B2;4;2022-08-01;"INCRA — Índices Básicos (IE nº 5/2022; tabela de 2013)";
2112902;60.0;4.0;B3;3;2022-08-01;"INCRA — Índices Básicos (IE nº 5/2022; tabela de 2013)";
2113009;60.0;3.0;B2;4;2022-08-01;"INCRA — Índices Básicos (IE nº 5/2022; tabela de 2013)";
2114007;60.0;3.0;B2;4;2022-08-01;"INCRA — Índices Básicos (IE nº 5/2022; tabela de 2013)";
5100102;80.0;2.0;A2;3;2022-08-01;"INCRA — Índices Básicos (IE nº 5/2022; tabela de 2013)";
5100201;80.0;4.0;B3;3;2022-08-01;"INCRA — Índices Básicos (IE nº 5/2022; tabela de 2013)";
5100250;100.0;4.0;B3;3;2022-08-01;"INCRA — Índices Básicos (IE nº 5/2022; tabela de 2013)";
5100300;60.0;2.0;A2;3;2022-08-01;"INCRA — Índices Básicos (IE nº 5/2022; tabela de 2013)";
5100359;80.0;4.0;B3;3;2022-08-01;"INCRA — Índices Básicos (IE nº 5/2022; tabela de 2013)";
5100409;60.0;2.0;A2;3;2022-08-01;"INCRA — Índices Básicos (IE nº 5/2022; tabela de 2013)";
5100508;80.0;4.0;B3;3;2022-08-01;"INCRA — Índices Básicos (IE nº 5/2022; tabela de 2013)";
5100607;60.0;2.0;A2;3;2022-08-01;"INCRA — Índices Básicos (IE nº 5/2022; tabela de 2013)";
5100805;100.0;4.0;B3;3;2022-08-01;"INCRA — Índices Básicos (IE nº 5/2022; tabela de 2013)";
5101001;80.0;2.0;A3;3;2022-08-01;"INCRA — Índices Básicos (IE nº 5/2022; tabela de 2013)";
5101209;60.0;2.0;A2;3;2022-08-01;"INCRA — Índices Básicos (IE nº 5/2022; tabela de 2013)";
5101258;80.0;4.0;B3;3;2022-08-01;"INCRA — Índices Básicos (IE nº 5/2022; tabela de 2013)";
5101308;80.0;4.0;B3;3;2022-08-01;"INCRA — Índices Básicos (IE nº 5/2022; tabela de 2013)";
5101407;100.0;4.0;B3;3;2022-08-01;"INCRA — Índices Básicos (IE nº 5/2022; tabela de 2013)";
5101605;80.0;2.0;A2;3;2022-08-01;"INCRA — Índices Básicos (IE nº 5/2022; tabela de 2013)";
5101704;80.0;4.0;B3;3;2022-08-01;"INCRA — Índices Básicos (IE nº 5/2022; tabela de 2013)";
5101803;80.0;2.0;A3;3;2022-08-01;"INCRA — Índices Básicos (IE nº 5/2022; tabela de 2013)";
5101852;80.0;4.0;B3;3;2022-08-01;"INCRA — Índices Básicos (IE nº 5/2022; tabela de 2013)";
5101902;100.0;4.0;B3;3;2022-08-01;"INCRA — Índices Básicos (IE nº 5/2022; tabela de 2013)";
5102504;80.0;3.0;B2;3;2022-08-01;"INCRA — Índices Básicos (IE nº 5/2022; tabela de 2013)";
5102603;80.0;4.0;B3;3;2022-08-01;"INCRA — Índices Básicos (IE nº 5/2022; tabela de 2013)";
5102637;100.0;4.0;B3;3;2022-08-01;"INCRA — Índices Básicos (IE nº 5/2022; tabela de 2013)";
5102678;60.0;2.0;A2;3;2022-08-01;"INCRA — Índices Básicos (IE nº 5/2022; tabela de 2013)";
5102686;100.0;4.0;B3;3;2022-08-01;"INCRA — Índices Básicos (IE nº 5/2022; tabela de 2013)";
5102694;80.0;4.0;B3;3;2022-08-01;"INCRA — Índices Básicos (IE nº 5/2022; tabela de 2013)";
5102702;80.0;4.0;B3;3;2022-08-01;"INCRA — Índices Básicos (IE nº 5/2022; tabela de 2013)";
5102793;100.0;4.0;B3;3;2022-08-01;"INCRA — Índices Básicos (IE nº 5/2022; tabela de 2013)";
5102850;100.0;4.0;B3;3;2022-08-01;"INCRA — Índices Básicos (IE nº 5/2022; tabela de 2013)";
5103007;90.0;2.0;A2;3;2022-08-01;"INCRA — Índices Básicos (IE nº 5/2022; tabela de 2013)";
5103056;100.0;4.0;B3;3;2022-08-01;"INCRA — Índices Básicos (IE nº 5/2022; tabela de 2013)";
5103106;80.0;4.0;B3;3;2022-08-01;"INCRA — Índices Básicos (IE nº 5/2022; tabela de 2013)";
5103205;90.0;4.0;B3;3;2022-08-01;"INCRA — Índices Básicos (IE nº 5/2022; tabela de 2013)";
5103254;100.0;4.0;B3;3;2022-08-01;"INCRA — Índices Básicos (IE nº 5/2022; tabela de 2013)";
5103304;100.0;4.0;B3;3;2022-08-01;"INCRA — Índices Básicos (IE nº 5/2022; tabela de 2013)";
5103353;80.0;4.0;B3;3;2022-08-01;"INCRA — Índices Básicos (IE nº 5/2022; tabela de 2013)";
5103361;100.0;4.0;B3;3;2022-08-01;"INCRA — Índices Básicos (IE nº 5/2022; tabela de 2013)";
5103379;100.0;4.0;B3;3;2022-08-01;"INCRA — Índices Básicos (IE nº 5/2022; tabela de 2013)";
5103403;30.0;2.0;A2;3;2022-08-01;"INCRA — Índices Básicos (IE nº 5/2022; tabela de 2013)";
5103437;80.0;3.0;B2;3;2022-08-01;"INCRA — Índices Básicos (IE nº 5/2022; tabela de 2013)";
5103452;80.0;4.0;B3;3;2022-08-01;"INCRA — Índices Básicos (IE nº 5/2022; tabela de 2013)";
5103502;100.0;4.0;B3;3;2022-08-01;"INCRA — Índices Básicos (IE nº 5/2022; tabela de 2013)";
5103601;60.0;2.0;A2;3;2022-08-01;"INCRA — Índices Básicos (IE nº 5/2022; tabela de 2013)";
5103700;90.0;4.0;B3;3;2022-08-01;"INCRA — Índices Básicos (IE nº 5/2022; tabela de 2013)";
5103809;80.0;4.0;B3;3;2022-08-01;"INCRA — Índices Básicos (IE nº 5/2022; tabela de 2013)";
5103858;90.0;4.0;B3;3;2022-08-01;"INCRA — Índices Básicos (IE nº 5/2022; tabela de 2013)";
5103908;60.0;2.0;A3;3;2022-08-01;"INCRA — Índices Básicos (IE nº 5/2022; tabela de 2013)";
5103957;80.0;4.0;B3;3;2022-08-01;"INCRA — Índices Básicos (IE nº 5/2022; tabela de 2013)";
5104104;90.0;4.0;B3;3;2022-08-01;"INCRA — Índices Básicos (IE nº 5/2022; tabela de 2013)";
5104203;60.0;2.0;A2;3;2022-08-01;"INCRA — Índices Básicos (IE nº 5/2022; tabela de 2013)";
5104500;80.0;4.0;B3;3;2022-08-01;"INCRA — Índices Básicos (IE nº 5/2022; tabela de 2013)";
5104526;100.0;4.0;B3;3;2022-08-01;"INCRA — Índices Básicos (IE nº 5/2022; tabela de 2013)";
5104542;100.0;4.0;B3;3;2022-08-01;"INCRA — Índices Básicos (IE nº 5/2022; tabela de 2013)";
5104559;100.0;4.0;B3;3;2022-08-01;"INCRA — Índices Básicos (IE nº 5/2022; tabela de 2013)";
5104609;60.0;2.0;A2;3;2022-08-01;"INCRA — Índices Básicos (IE nº 5/2022; tabela de 2013)";
5104807;60.0;2.0;A2;3;2022-08-01;"INCRA — Índices Básicos (IE nº 5/2022; tabela de 2013)";
5104906;80.0;2.0;A2;3;2022-08-01;"INCRA — Índices Básicos (IE nº 5/2022; tabela de 2013)";
5105002;80.0;4.0;B3;3;2022-08-01;"INCRA — Índices Básicos (IE nº 5/2022; tabela de 2013)";
5105101;100.0;4.0;C1;3;2022-08-01;"INCRA — Índices Básicos (IE nº 5/2022; tabela de 2013)";
5105150;100.0;4.0;B3;3;2022-08-01;"INCRA — Índices Básicos (IE nº 5/2022; tabela de 2013)";
5105176;100.0;4.0;B3;3;2022-08-01;"INCRA — Índices Básicos (IE nº 5/2022; tabela de 2013)";
5105200;60.0;2.0;A2;3;2022-08-01;"INCRA — Índices Básicos (IE nº 5/2022; tabela de 2013)";
5105234;80.0;3.0;B2;3;2022-08-01;"INCRA — Índices Básicos (IE nº 5/2022; tabela de 2013)";
5105259;100.0;4.0;B3;3;2022-08-01;"INCRA — Índices Básicos (IE nº 5/2022; tabela de 2013)";
5105309;80.0;4.0;B3;3;2022-08-01;"INCRA — Índices Básicos (IE nº 5/2022; tabela de 2013)";
5105580;90.0;4.0;B3;3;2022-08-01;"INCRA — Índices Básicos (IE nº 5/2022; tabela de 2013)";
5105606;90.0;4.0;B3;3;2022-08-01;"INCRA — Índices Básicos (IE nº 5/2022; tabela de 2013)";
5105622;80.0;4.0;B3;3;2022-08-01;"INCRA — Índices Básicos (IE nº 5/2022; tabela de 2013)";
5105903;90.0;2.0;A2;3;2022-08-01;"INCRA — Índices Básicos (IE nº 5/2022; tabela de 2013)";
5106000;80.0;4.0;B3;3;2022-08-01;"INCRA — Índices Básicos (IE nº 5/2022; tabela de 2013)";
5106109;80.0;2.0;A2;3;2022-08-01;"INCRA — Índices Básicos (IE nº 5/2022; tabela de 2013)";
5106158;100.0;4.0;B3;3;2022-08-01;"INCRA — Índices Básicos (IE nº 5/2022; tabela de 2013)";
5106208;90.0;2.0;A2;3;2022-08-01;"INCRA — Índices Básicos (IE nº 5/2022; tabela de 2013)";
5106216;100.0;4.0;B3;3;2022-08-01;"INCRA — Índices Básicos (IE nº 5/2022; tabela de 2013)";
5108808;90.0;4.0;B3;3;2022-08-01;"INCRA — Índices Básicos (IE nº 5/2022; tabela de 2013)";
5106182;100.0;4.0;B3;3;2022-08-01;"INCRA — Índices Básicos (IE nº 5/2022; tabela de 2013)";
5108857;80.0;4.0;B3;3;2022-08-01;"INCRA — Índices Básicos (IE nº 5/2022; tabela de 2013)";
5108907;100.0;4.0;B3;3;2022-08-01;"INCRA — Índices Básicos (IE nº 5/2022; tabela de 2013)";
5108956;100.0;4.0;B3;3;2022-08-01;"INCRA — Índices Básicos (IE nº 5/2022; tabela de 2013)";
5106224;100.0;4.0;B3;3;2022-08-01;"INCRA — Índices Básicos (IE nº 5/2022; tabela de 2013)";
5106174;80.0;4.0;B3;3;2022-08-01;"INCRA — Índices Básicos (IE nº 5/2022; tabela de 2013)";
5106232;80.0;4.0;B3;3;2022-08-01;"INCRA — Índices Básicos (IE nº 5/2022; tabela de 2013)";
5106190;100.0;4.0;B3;3;2022-08-01;"INCRA — Índices Básicos (IE nº 5/2022; tabela de 2013)";
5106240;90.0;4.0;B3;3;2022-08-01;"INCRA — Índices Básicos (IE nº 5/2022; tabela de 2013)";
5106257;80.0;2.0;A3;3;2022-08-01;"INCRA — Índices Básicos (IE nº 5/2022; tabela de 2013)";
5106273;100.0;4.0;C1;3;2022-08-01;"INCRA — Índices Básicos (IE nº 5/2022; tabela de 2013)";
5106265;90.0;4.0;B3;3;2022-08-01;"INCRA — Índices Básicos (IE nº 5/2022; tabela de 2013)";
5106315;80.0;4.0;B3;3;2022-08-01;"INCRA — Índices Básicos (IE nº 5/2022; tabela de 2013)";
5106281;80.0;2.0;A3;3;2022-08-01;"INCRA — Índices Básicos (IE nº 5/2022; tabela de 2013)";
5106299;100.0;4.0;B3;3;2022-08-01;"INCRA — Índices Básicos (IE nº 5/2022; tabela de 2013)";
5106307;90.0;4.0;B3;3;2022-08-01;"INCRA — Índices Básicos (IE nº 5/2022; tabela de 2013)";
5106372;60.0;2.0;A2;3;2022-08-01;"INCRA — Índices Básicos (IE nº 5/2022; tabela de 2013)";
5106422;90.0;4.0;B3;3;2022-08-01;"INCRA — Índices Básicos (IE nº 5/2022; tabela de 2013)";
5106455;90.0;2.0;A2;3;2022-08-01;"INCRA — Índices Básicos (IE nº 5/2022; tabela de 2013)";
5106505;80.0;2.0;A2;3;2022-08-01;"INCRA — Índices Básicos (IE nº 5/2022; tabela de 2013)";
5106653;60.0;2.0;A3;3;2022-08-01;"INCRA — Índices Básicos (IE nº 5/2022; tabela de 2013)";
5106703;60.0;2.0;A3;3;2022-08-01;"INCRA — Índices Básicos (IE nº 5/2022; tabela de 2013)";
5106752;100.0;4.0;B3;3;2022-08-01;"INCRA — Índices Básicos (IE nº 5/2022; tabela de 2013)";
5106778;80.0;4.0;B3;3;2022-08-01;"INCRA — Índices Básicos (IE nº 5/2022; tabela de 2013)";
5106802;100.0;4.0;C1;3;2022-08-01;"INCRA — Índices Básicos (IE nº 5/2022; tabela de 2013)";
5106828;80.0;4.0;B3;3;2022-08-01;"INCRA — Índices Básicos (IE nº 5/2022; tabela de 2013)";
5106851;80.0;4.0;B3;3;2022-08-01;"INCRA — Índices Básicos (IE nº 5/2022; tabela de 2013)";
5107008;60.0;4.0;B3;3;2022-08-01;"INCRA — Índices Básicos (IE nº 5/2022; tabela de 2013)";
5107040;60.0;4.0;B3;3;2022-08-01;"INCRA — Índices Básicos (IE nº 5/2022; tabela de 2013)";
5107065;80.0;4.0;B3;3;2022-08-01;"INCRA — Índices Básicos (IE nº 5/2022; tabela de 2013)";
5107156;80.0;4.0;B3;3;2022-08-01;"INCRA — Índices Básicos (IE nº 5/2022; tabela de 2013)";
5107180;80.0;4.0;B3;3;2022-08-01;"INCRA — Índices Básicos (IE nº 5/2022; tabela de 2013)";
5107198;60.0;2.0;A3;3;2022-08-01;"INCRA — Índices Básicos (IE nº 5/2022; tabela de 2013)";
5107206;80.0;3.0;B2;3;2022-08-01;"INCRA — Índices Básicos (IE nº 5/2022; tabela de 2013)";
5107578;100.0;4.0;B3;3;2022-08-01;"INCRA — Índices Básicos (IE nº 5/2022; tabela de 2013)";
5107602;60.0;2.0;A2;3;2022-08-01;"INCRA — Índices Básicos (IE nº 5/2022; tabela de 2013)";
5107701;80.0;2.0;A2;3;2022-08-01;"INCRA — Índices Básicos (IE nº 5/2022; tabela de 2013)";
5107750;80.0;3.0;B2;3;2022-08-01;"INCRA — Índices Básicos (IE nº 5/2022; tabela de 2013)";
5107248;90.0;4.0;B3;3;2022-08-01;"INCRA — Índices Básicos (IE nº 5/2022; tabela de 2013)";
5107743;80.0;4.0;B3;3;2022-08-01;"INCRA — Índices Básicos (IE nº 5/2022; tabela de 2013)";
5107768;100.0;4.0;B3;3;2022-08-01;"INCRA — Índices Básicos (IE nº 5/2022; tabela de 2013)";
5107776;80.0;4.0;B3;3;2022-08-01;"INCRA — Índices Básicos (IE nº 5/2022; tabela de 2013)";
5107263;80.0;4.0;B3;3;2022-08-01;"INCRA — Índices Básicos (IE nº 5/2022; tabela de 2013)";
5107792;80.0;4.0;B3;3;2022-08-01;"INCRA — Índices Básicos (IE nº 5/2022; tabela de 2013)";
5107800;70.0;2.0;A2;3;2022-08-01;"INCRA — Índices Básicos (IE nº 5/2022; tabela de 2013)";
5107859;80.0;4.0;B3;3;2022-08-01;"INCRA — Índices Básicos (IE nº 5/2022; tabela de 2013)";
5107297;60.0;2.0;A2;3;2022-08-01;"INCRA — Índices Básicos (IE nº 5/2022; tabela de 2013)";
5107305;100.0;4.0;B3;3;2022-08-01;"INCRA — Índices Básicos (IE nº 5/2022; tabela de 2013)";
5107354;80.0;4.0;B3;3;2022-08-01;"INCRA — Índices Básicos (IE nº 5/2022; tabela de 2013)";
5107107;80.0;4.0;B3;3;2022-08-01;"INCRA — Índices Básicos (IE nº 5/2022; tabela de 2013)";
5107404;60.0;2.0;A2;3;2022-08-01;"INCRA — Índices Básicos (IE nº 5/2022; tabela de 2013)";
5107875;100.0;4.0;B3;3;2022-08-01;"INCRA — Índices Básicos (IE nº 5/2022; tabela de 2013)";
5107883;80.0;4.0;B3;3;2022-08-01;"INCRA — Índices Básicos (IE nº 5/2022; tabela de 2013)";
5107909;90.0;4.0;B3;3;2022-08-01;"INCRA — Índices Básicos (IE nº 5/2022; tabela de 2013)";
5107925;90.0;4.0;B3;3;2022-08-01;"INCRA — Índices Básicos (IE nº 5/2022; tabela de 2013)";
5107941;100.0;4.0;C1;3;2022-08-01;"INCRA — Índices Básicos (IE nº 5/2022; tabela de 2013)";
5107958;80.0;4.0;B3;3;2022-08-01;"INCRA — Índices Básicos (IE nº 5/2022; tabela de 2013)";
5108006;100.0;4.0;B3;3;2022-08-01;"INCRA — Índices Básicos (IE nº 5/2022; tabela de 2013)";
5108055;90.0;4.0;B3;3;2022-08-01;"INCRA — Índices Básicos (IE nº 5/2022; tabela de 2013)";
5108105;60.0;2.0;A2;3;2022-08-01;"INCRA — Índices Básicos (IE nº 5/2022; tabela de 2013)";
5108204;60.0;2.0;A3;3;2022-08-01;"INCRA — Índices Básicos (IE nº 5/2022; tabela de 2013)";
5108303;100.0;4.0;B3;3;2022-08-01;"INCRA — Índices Básicos (IE nº 5/2022; tabela de 2013)";
5108352;100.0;4.0;B3;3;2022-08-01;"INCRA — Índices Básicos (IE nº 5/2022; tabela de 2013)";
5108402;70.0;2.0;A2;3;2022-08-01;"INCRA — Índices Básicos (IE nº 5/2022; tabela de 2013)";
5108501;90.0;4.0;B3;3;2022-08-01;"INCRA — Índices Básicos (IE nº 5/2022; tabela de 2013)";
5105507;100.0;4.0;B3;3;2022-08-01;"INCRA — Índices Básicos (IE nº 5/2022; tabela de 2013)";
5108600;80.0;4.0;B3;3;2022-08-01;"INCRA — Índices Básicos (IE nº 5/2022; tabela de 2013)";
1200013;100.0;3.0;B2;3;2022-08-01;"INCRA — Índices Básicos (IE nº 5/2022; tabela de 2013)";
1200054;100.0;4.0;C1;3;2022-08-01;"INCRA — Índices Básicos (IE nº 5/2022; tabela de 2013)";
1200104;100.0;4.0;C1;3;2022-08-01;"INCRA — Índices Básicos (IE nº 5/2022; tabela de 2013)";
1200138;70.0;3.0;B2;3;2022-08-01;"INCRA — Índices Básicos (IE nº 5/2022; tabela de 2013)";
1200179;70.0;3.0;B2;3;2022-08-01;"INCRA — Índices Básicos (IE nº 5/2022; tabela de 2013)";
1200203;100.0;4.0;C1;3;2022-08-01;"INCRA — Índices Básicos (IE nº 5/2022; tabela de 2013)";
1200252;100.0;4.0;C1;3;2022-08-01;"INCRA — Índices Básicos (IE nº 5/2022; tabela de 2013)";
1200302;100.0;4.0;C1;3;2022-08-01;"INCRA — Índices Básicos (IE nº 5/2022; tabela de 2013)";
1200328;100.0;4.0;C1;3;2022-08-01;"INCRA — Índices Básicos (IE nº 5/2022; tabela de 2013)";
1200336;100.0;4.0;C1;3;2022-08-01;"INCRA — Índices Básicos (IE nº 5/2022; tabela de 2013)";
1200344;100.0;4.0;C1;3;2022-08-01;"INCRA — Índices Básicos (IE nº 5/2022; tabela de 2013)";
1200351;100.0;4.0;C1;3;2022-08-01;"INCRA — Índices Básicos (IE nº 5/2022; tabela de 2013)";
1200385;100.0;3.0;B2;3;2022-08-01;"INCRA — Índices Básicos (IE nº 5/2022; tabela de 2013)";
1200807;70.0;3.0;B2;3;2022-08-01;"INCRA — Índices Básicos (IE nº 5/2022; tabela de 2013)";
1200393;100.0;4.0;C1;3;2022-08-01;"INCRA — Índices Básicos (IE nº 5/2022; tabela de 2013)";
1200401;70.0;3.0;B2;3;2022-08-01;"INCRA — Índices Básicos (IE nº 5/2022; tabela de 2013)";
1200427;100.0;4.0;C1;3;2022-08-01;"INCRA — Índices Básicos (IE nº 5/2022; tabela de 2013)";
1200435;100.0;4.0;C1;3;2022-08-01;"INCRA — Índices Básicos (IE nº 5/2022; tabela de 2013)";
1200500;100.0;4.0;C1;3;2022-08-01;"INCRA — Índices Básicos (IE nº 5/2022; tabela de 2013)";
1200450;100.0;3.0;B2;3;2022-08-01;"INCRA — Índices Básicos (IE nº 5/2022; tabela de 2013)";
1200609;100.0;4.0;C1;3;2022-08-01;"INCRA — Índices Básicos (IE nº 5/2022; tabela de 2013)";
1200708;100.0;4.0;C1;3;2022-08-01;"INCRA — Índices Básicos (IE nº 5/2022; tabela de 2013)";
1300029;100.0;4.0;C1;3;2022-08-01;"INCRA — Índices Básicos (IE nº 5/2022; tabela de 2013)";
1300060;100.0;4.0;C1;3;2022-08-01;"INCRA — Índices Básicos (IE nº 5/2022; tabela de 2013)";
1300086;100.0;2.0;A1;3;2022-08-01;"INCRA — Índices Básicos (IE nº 5/2022; tabela de 2013)";
1300102;100.0;4.0;C1;3;2022-08-01;"INCRA — Índices Básicos (IE nº 5/2022; tabela de 2013)";
1300144;100.0;4.0;C1;3;2022-08-01;"INCRA — Índices Básicos (IE nº 5/2022; tabela de 2013)";
1300201;100.0;4.0;C1;3;2022-08-01;"INCRA — Índices Básicos (IE nº 5/2022; tabela de 2013)";
1300300;80.0;2.0;A1;3;2022-08-01;"INCRA — Índices Básicos (IE nº 5/2022; tabela de 2013)";
1300409;100.0;4.0;C1;3;2022-08-01;"INCRA — Índices Básicos (IE nº 5/2022; tabela de 2013)";
1300508;80.0;4.0;C1;3;2022-08-01;"INCRA — Índices Básicos (IE nº 5/2022; tabela de 2013)";
1300607;100.0;4.0;C1;3;2022-08-01;"INCRA — Índices Básicos (IE nº 5/2022; tabela de 2013)";
1300631;80.0;4.0;C1;3;2022-08-01;"INCRA — Índices Básicos (IE nº 5/2022; tabela de 2013)";
1300680;80.0;4.0;C1;3;2022-08-01;"INCRA — Índices Básicos (IE nº 5/2022; tabela de 2013)";
1300706;100.0;4.0;C1;3;2022-08-01;"INCRA — Índices Básicos (IE nº 5/2022; tabela de 2013)";
1300805;100.0;2.0;A1;3;2022-08-01;"INCRA — Índices Básicos (IE nº 5/2022; tabela de 2013)";
1300839;80.0;2.0;A1;3;2022-08-01;"INCRA — Índices Básicos (IE nº 5/2022; tabela de 2013)";
1300904;100.0;4.0;C1;3;2022-08-01;"INCRA — Índices Básicos (IE nº 5/2022; tabela de 2013)";
1301001;100.0;4.0;C1;3;2022-08-01;"INCRA — Índices Básicos (IE nº 5/2022; tabela de 2013)";
1301100;80.0;2.0;A1;3;2022-08-01;"INCRA — Índices Básicos (IE nº 5/2022; tabela de 2013)";
1301159;80.0;2.0;A1;3;2022-08-01;"INCRA — Índices Básicos (IE nº 5/2022; tabela de 2013)";
1301209;100.0;4.0;C1;3;2022-08-01;"INCRA — Índices Básicos (IE nº 5/2022; tabela de 2013)";
1301308;100.0;4.0;C1;3;2022-08-01;"INCRA — Índices Básicos (IE nº 5/2022; tabela de 2013)";
1301407;100.0;4.0;C1;3;2022-08-01;"INCRA — Índices Básicos (IE nº 5/2022; tabela de 2013)";
1301506;100.0;4.0;C1;3;2022-08-01;"INCRA — Índices Básicos (IE nº 5/2022; tabela de 2013)";
1301605;100.0;4.0;C1;3;2022-08-01;"INCRA — Índices Básicos (IE nº 5/2022; tabela de 2013)";
1301654;100.0;4.0;C1;3;2022-08-01;"INCRA — Índices Básicos (IE nº 5/2022; tabela de 2013)";
1301704;100.0;4.0;C1;3;2022-08-01;"INCRA — Índices Básicos (IE nº 5/2022; tabela de 2013)";
1301803;100.0;4.0;C1;3;2022-08-01;"INCRA — Índices Básicos (IE nº 5/2022; tabela de 2013)";
1301852;80.0;2.0;A1;3;2022-08-01;"INCRA — Índices Básicos (IE nº 5/2022; tabela de 2013)";
1301902;80.0;4.0;C1;3;2022-08-01;"INCRA — Índices Básicos (IE nº 5/2022; tabela de 2013)";
1301951;100.0;4.0;C1;3;2022-08-01;"INCRA — Índices Básicos (IE nº 5/2022; tabela de 2013)";
1302009;80.0;4.0;C1;3;2022-08-01;"INCRA — Índices Básicos (IE nº 5/2022; tabela de 2013)";
1302108;100.0;4.0;C1;3;2022-08-01;"INCRA — Índices Básicos (IE nº 5/2022; tabela de 2013)";
1302207;100.0;4.0;C1;3;2022-08-01;"INCRA — Índices Básicos (IE nº 5/2022; tabela de 2013)";
1302306;100.0;4.0;C1;3;2022-08-01;"INCRA — Índices Básicos (IE nº 5/2022; tabela de 2013)";
1302405;100.0;4.0;C1;3;2022-08-01;"INCRA — Índices Básicos (IE nº 5/2022; tabela de 2013)";
1302504;80.0;2.0;A1;3;2022-08-01;"INCRA — Índices Básicos (IE nº 5/2022; tabela de 2013)";
1302553;80.0;2.0;A1;3;2022-08-01;"INCRA — Índices Básicos (IE nº 5/2022; tabela de 2013)";
1302603;10.0;2.0;A1;3;2022-08-01;"INCRA — Índices Básicos (IE nº 5/2022; tabela de 2013)";
1302702;100.0;4.0;C1;3;2022-08-01;"INCRA — Índices Básicos (IE nº 5/2022; tabela de 2013)";
1302801;100.0;4.0;C1;3;2022-08-01;"INCRA — Índices Básicos (IE nº 5/2022; tabela de 2013)";
1302900;80.0;4.0;C1;3;2022-08-01;"INCRA — Índices Básicos (IE nº 5/2022; tabela de 2013)";
1303007;80.0;4.0;C1;3;2022-08-01;"INCRA — Índices Básicos (IE nº 5/2022; tabela de 2013)";
1303106;80.0;2.0;A1;3;2022-08-01;"INCRA — Índices Básicos (IE nº 5/2022; tabela de 2013)";
1303205;100.0;2.0;A1;3;2022-08-01;"INCRA — Índices Básicos (IE nº 5/2022; tabela de 2013)";
1303304;100.0;4.0;C1;3;2022-08-01;"INCRA — Índices Básicos (IE nº 5/2022; tabela de 2013)";
1303403;80.0;4.0;C1;3;2022-08-01;"INCRA — Índices Básicos (IE nº 5/2022; tabela de 2013)";
1303502;100.0;4.0;C1;3;2022-08-01;"INCRA — Índices Básicos (IE nº 5/2022; tabela de 2013)";
1303536;80.0;2.0;A1;3;2022-08-01;"INCRA — Índices Básicos (IE nº 5/2022; tabela de 2013)";
1303569;80.0;2.0;A1;3;2022-08-01;"INCRA — Índices Básicos (IE nº 5/2022; tabela de 2013)";
1303601;100.0;4.0;C1;3;2022-08-01;"INCRA — Índices Básicos (IE nº 5/2022; tabela de 2013)";
1303700;100.0;4.0;C1;3;2022-08-01;"INCRA — Índices Básicos (IE nº 5/2022; tabela de 2013)";
1303809;100.0;4.0;C1;3;2022-08-01;"INCRA — Índices Básicos (IE nº 5/2022; tabela de 2013)";
1303908;100.0;4.0;C1;3;2022-08-01;"INCRA — Índices Básicos (IE nº 5/2022; tabela de 2013)";
1303957;80.0;4.0;C1;3;2022-08-01;"INCRA — Índices Básicos (IE nº 5/2022; tabela de 2013)";
1304005;80.0;4.0;C1;3;2022-08-01;"INCRA — Índices Básicos (IE nº 5/2022; tabela de 2013)";
1304062;100.0;4.0;C1;3;2022-08-01;"INCRA — Índices Básicos (IE nº 5/2022; tabela de 2013)";
1304104;100.0;4.0;C1;3;2022-08-01;"INCRA — Índices Básicos (IE nº 5/2022; tabela de 2013)";
1304203;100.0;4.0;C1;3;2022-08-01;"INCRA — Índices Básicos (IE nº 5/2022; tabela de 2013)";
1304237;100.0;4.0;C1;3;2022-08-01;"INCRA — Índices Básicos (IE nº 5/2022; tabela de 2013)";
1304260;100.0;4.0;C1;3;2022-08-01;"INCRA — Índices Básicos (IE nº 5/2022; tabela de 2013)";
1304302;80.0;4.0;C1;3;2022-08-01;"INCRA — Índices Básicos (IE nº 5/2022; tabela de 2013)";
1304401;80.0;4.0;C1;3;2022-08-01;"INCRA — Índices Básicos (IE nº 5/2022; tabela de 2013)";
5000203;35.0;2.0;A2;3;2022-08-01;"INCRA — Índices Básicos (IE nº 5/2022; tabela de 2013)";
5000252;60.0;4.0;B3;3;2022-08-01;"INCRA — Índices Básicos (IE nº 5/2022; tabela de 2013)";
5000609;45.0;2.0;A2;2;2022-08-01;"INCRA — Índices Básicos (IE nº 5/2022; tabela de 2013)";
5000708;90.0;4.0;B3;3;2022-08-01;"INCRA — Índices Básicos (IE nº 5/2022; tabela de 2013)";
5000807;45.0;2.0;A3;2;2022-08-01;"INCRA — Índices Básicos (IE nº 5/2022; tabela de 2013)";
5000856;35.0;2.0;A3;2;2022-08-01;"INCRA — Índices Básicos (IE nº 5/2022; tabela de 2013)";
5000906;45.0;2.0;A2;3;2022-08-01;"INCRA — Índices Básicos (IE nº 5/2022; tabela de 2013)";
5001003;40.0;2.0;A3;3;2022-08-01;"INCRA — Índices Básicos (IE nº 5/2022; tabela de 2013)";
5001102;90.0;4.0;B3;5;2022-08-01;"INCRA — Índices Básicos (IE nº 5/2022; tabela de 2013)";
5001243;35.0;2.0;A2;2;2022-08-01;"INCRA — Índices Básicos (IE nº 5/2022; tabela de 2013)";
5001508;40.0;2.0;A1;3;2022-08-01;"INCRA — Índices Básicos (IE nº 5/2022; tabela de 2013)";
5001904;45.0;2.0;A2;2;2022-08-01;"INCRA — Índices Básicos (IE nº 5/2022; tabela de 2013)";
5002001;40.0;2.0;A3;2;2022-08-01;"INCRA — Índices Básicos (IE nº 5/2022; tabela de 2013)";
5002100;50.0;4.0;B3;3;2022-08-01;"INCRA — Índices Básicos (IE nº 5/2022; tabela de 2013)";
5002159;90.0;4.0;B3;3;2022-08-01;"INCRA — Índices Básicos (IE nº 5/2022; tabela de 2013)";
5002209;60.0;4.0;B3;3;2022-08-01;"INCRA — Índices Básicos (IE nº 5/2022; tabela de 2013)";
5002308;35.0;2.0;A2;3;2022-08-01;"INCRA — Índices Básicos (IE nº 5/2022; tabela de 2013)";
5002407;40.0;2.0;A2;2;2022-08-01;"INCRA — Índices Básicos (IE nº 5/2022; tabela de 2013)";
5002605;70.0;2.0;A1;3;2022-08-01;"INCRA — Índices Básicos (IE nº 5/2022; tabela de 2013)";
5002704;15.0;2.0;A1;3;2022-08-01;"INCRA — Índices Básicos (IE nº 5/2022; tabela de 2013)";
5002803;50.0;4.0;B3;3;2022-08-01;"INCRA — Índices Básicos (IE nº 5/2022; tabela de 2013)";
5002902;40.0;2.0;A3;3;2022-08-01;"INCRA — Índices Básicos (IE nº 5/2022; tabela de 2013)";
5002951;40.0;2.0;A3;3;2022-08-01;"INCRA — Índices Básicos (IE nº 5/2022; tabela de 2013)";
5003108;35.0;2.0;A1;3;2022-08-01;"INCRA — Índices Básicos (IE nº 5/2022; tabela de 2013)";
5003157;45.0;2.0;A2;2;2022-08-01;"INCRA — Índices Básicos (IE nº 5/2022; tabela de 2013)";
5003207;110.0;3.0;B2;5;2022-08-01;"INCRA — Índices Básicos (IE nº 5/2022; tabela de 2013)";
5003256;70.0;4.0;B3;3;2022-08-01;"INCRA — Índices Básicos (IE nº 5/2022; tabela de 2013)";
5003306;60.0;4.0;B3;3;2022-08-01;"INCRA — Índices Básicos (IE nº 5/2022; tabela de 2013)";
5003454;30.0;2.0;A2;2;2022-08-01;"INCRA — Índices Básicos (IE nº 5/2022; tabela de 2013)";
5003488;90.0;2.0;A1;3;2022-08-01;"INCRA — Índices Básicos (IE nº 5/2022; tabela de 2013)";
5003504;30.0;2.0;A2;2;2022-08-01;"INCRA — Índices Básicos (IE nº 5/2022; tabela de 2013)";
5003702;30.0;2.0;A2;2;2022-08-01;"INCRA — Índices Básicos (IE nº 5/2022; tabela de 2013)";
5003751;45.0;2.0;A3;2;2022-08-01;"INCRA — Índices Básicos (IE nº 5/2022; tabela de 2013)";
5003801;30.0;2.0;A2;2;2022-08-01;"INCRA — Índices Básicos (IE nº 5/2022; tabela de 2013)";
5003900;70.0;4.0;B3;3;2022-08-01;"INCRA — Índices Básicos (IE nº 5/2022; tabela de 2013)";
5004007;35.0;2.0;A2;2;2022-08-01;"INCRA — Índices Básicos (IE nº 5/2022; tabela de 2013)";
5004106;50.0;4.0;B3;3;2022-08-01;"INCRA — Índices Básicos (IE nº 5/2022; tabela de 2013)";
5004304;45.0;2.0;A3;2;2022-08-01;"INCRA — Índices Básicos (IE nº 5/2022; tabela de 2013)";
5004403;40.0;2.0;A3;3;2022-08-01;"INCRA — Índices Básicos (IE nº 5/2022; tabela de 2013)";
5004502;30.0;2.0;A2;2;2022-08-01;"INCRA — Índices Básicos (IE nº 5/2022; tabela de 2013)";
5004601;45.0;2.0;A3;2;2022-08-01;"INCRA — Índices Básicos (IE nº 5/2022; tabela de 2013)";
5004700;30.0;2.0;A3;2;2022-08-01;"INCRA — Índices Básicos (IE nº 5/2022; tabela de 2013)";
5004809;45.0;2.0;A3;2;2022-08-01;"INCRA — Índices Básicos (IE nº 5/2022; tabela de 2013)";
5004908;35.0;2.0;A1;3;2022-08-01;"INCRA — Índices Básicos (IE nº 5/2022; tabela de 2013)";
5005004;50.0;4.0;B3;3;2022-08-01;"INCRA — Índices Básicos (IE nº 5/2022; tabela de 2013)";
5005103;45.0;2.0;A2;2;2022-08-01;"INCRA — Índices Básicos (IE nº 5/2022; tabela de 2013)";
5005152;40.0;2.0;A2;2;2022-08-01;"INCRA — Índices Básicos (IE nº 5/2022; tabela de 2013)";
5005202;110.0;3.0;B2;5;2022-08-01;"INCRA — Índices Básicos (IE nº 5/2022; tabela de 2013)";
5005251;35.0;2.0;A2;2;2022-08-01;"INCRA — Índices Básicos (IE nº 5/2022; tabela de 2013)";
5005400;40.0;2.0;A2;2;2022-08-01;"INCRA — Índices Básicos (IE nº 5/2022; tabela de 2013)";
5005608;90.0;4.0;B3;5;2022-08-01;"INCRA — Índices Básicos (IE nº 5/2022; tabela de 2013)";
5005681;45.0;2.0;A3;2;2022-08-01;"INCRA — Índices Básicos (IE nº 5/2022; tabela de 2013)";
5005707;45.0;2.0;A3;2;2022-08-01;"INCRA — Índices Básicos (IE nº 5/2022; tabela de 2013)";
5005806;50.0;4.0;B3;3;2022-08-01;"INCRA — Índices Básicos (IE nº 5/2022; tabela de 2013)";
5006002;30.0;2.0;A1;2;2022-08-01;"INCRA — Índices Básicos (IE nº 5/2022; tabela de 2013)";
5006200;40.0;2.0;A3;2;2022-08-01;"INCRA — Índices Básicos (IE nº 5/2022; tabela de 2013)";
5006259;30.0;2.0;A3;2;2022-08-01;"INCRA — Índices Básicos (IE nº 5/2022; tabela de 2013)";
5006275;40.0;2.0;A3;3;2022-08-01;"INCRA — Índices Básicos (IE nº 5/2022; tabela de 2013)";
5006309;40.0;2.0;A3;3;2022-08-01;"INCRA — Índices Básicos (IE nº 5/2022; tabela de 2013)";
5006358;45.0;2.0;A2;2;2022-08-01;"INCRA — Índices Básicos (IE nº 5/2022; tabela de 2013)";
5006408;60.0;4.0;B3;3;2022-08-01;"INCRA — Índices Básicos (IE nº 5/2022; tabela de 2013)";
5006606;35.0;2.0;A2;2;2022-08-01;"INCRA — Índices Básicos (IE nº 5/2022; tabela de 2013)";
5006903;80.0;4.0;B3;5;2022-08-01;"INCRA — Índices Básicos (IE nº 5/2022; tabela de 2013)";
5007109;35.0;2.0;A1;3;2022-08-01;"INCRA — Índices Básicos (IE nº 5/2022; tabela de 2013)";
5007208;30.0;2.0;A2;2;2022-08-01;"INCRA — Índices Básicos (IE nº 5/2022; tabela de 2013)";
5007307;40.0;2.0;A1;3;2022-08-01;"INCRA — Índices Básicos (IE nº 5/2022; tabela de 2013)";
5007406;60.0;4.0;B3;3;2022-08-01;"INCRA — Índices Básicos (IE nº 5/2022; tabela de 2013)";
5007505;35.0;2.0;A1;3;2022-08-01;"INCRA — Índices Básicos (IE nº 5/2022; tabela de 2013)";
5007554;35.0;2.0;A2;3;2022-08-01;"INCRA — Índices Básicos (IE nº 5/2022; tabela de 2013)";
5007695;70.0;2.0;A1;3;2022-08-01;"INCRA — Índices Básicos (IE nº 5/2022; tabela de 2013)";
5007802;35.0;2.0;A2;3;2022-08-01;"INCRA — Índices Básicos (IE nº 5/2022; tabela de 2013)";
5007703;45.0;2.0;A2;2;2022-08-01;"INCRA — Índices Básicos (IE nº 5/2022; tabela de 2013)";
5007901;30.0;2.0;A1;2;2022-08-01;"INCRA — Índices Básicos (IE nº 5/2022; tabela de 2013)";
5007935;60.0;4.0;B3;3;2022-08-01;"INCRA — Índices Básicos (IE nº 5/2022; tabela de 2013)";
5007950;45.0;2.0;A2;2;2022-08-01;"INCRA — Índices Básicos (IE nº 5/2022; tabela de 2013)";
5007976;40.0;2.0;A3;2;2022-08-01;"INCRA — Índices Básicos (IE nº 5/2022; tabela de 2013)";
5008008;30.0;2.0;A1;3;2022-08-01;"INCRA — Índices Básicos (IE nº 5/2022; tabela de 2013)";
5008305;35.0;2.0;A2;3;2022-08-01;"INCRA — Índices Básicos (IE nº 5/2022; tabela de 2013)";
5008404;30.0;2.0;A2;2;2022-08-01;"INCRA — Índices Básicos (IE nº 5/2022; tabela de 2013)";
1100015;60.0;4.0;C1;3;2022-08-01;"INCRA — Índices Básicos (IE nº 5/2022; tabela de 2013)";
1100379;60.0;4.0;C1;3;2022-08-01;"INCRA — Índices Básicos (IE nº 5/2022; tabela de 2013)";
1100403;60.0;2.0;A2;3;2022-08-01;"INCRA — Índices Básicos (IE nº 5/2022; tabela de 2013)";
1100346;60.0;3.0;B2;3;2022-08-01;"INCRA — Índices Básicos (IE nº 5/2022; tabela de 2013)";
1100023;60.0;2.0;A2;3;2022-08-01;"INCRA — Índices Básicos (IE nº 5/2022; tabela de 2013)";
1100452;60.0;2.0;A2;3;2022-08-01;"INCRA — Índices Básicos (IE nº 5/2022; tabela de 2013)";
1100031;60.0;4.0;B3;3;2022-08-01;"INCRA — Índices Básicos (IE nº 5/2022; tabela de 2013)";
1100601;60.0;2.0;A2;3;2022-08-01;"INCRA — Índices Básicos (IE nº 5/2022; tabela de 2013)";
1100049;60.0;4.0;C1;3;2022-08-01;"INCRA — Índices Básicos (IE nº 5/2022; tabela de 2013)";
1100700;60.0;2.0;A2;3;2022-08-01;"INCRA — Índices Básicos (IE nº 5/2022; tabela de 2013)";
1100809;60.0;2.0;A2;3;2022-08-01;"INCRA — Índices Básicos (IE nº 5/2022; tabela de 2013)";
1100908;60.0;4.0;C1;3;2022-08-01;"INCRA — Índices Básicos (IE nº 5/2022; tabela de 2013)";
1100056;60.0;4.0;B3;3;2022-08-01;"INCRA — Índices Básicos (IE nº 5/2022; tabela de 2013)";
1100924;60.0;4.0;B3;3;2022-08-01;"INCRA — Índices Básicos (IE nº 5/2022; tabela de 2013)";
1100064;60.0;4.0;B3;3;2022-08-01;"INCRA — Índices Básicos (IE nº 5/2022; tabela de 2013)";
1100072;60.0;4.0;B3;3;2022-08-01;"INCRA — Índices Básicos (IE nº 5/2022; tabela de 2013)";
1100080;60.0;3.0;B2;3;2022-08-01;"INCRA — Índices Básicos (IE nº 5/2022; tabela de 2013)";
1100940;60.0;2.0;A2;3;2022-08-01;"INCRA — Índices Básicos (IE nº 5/2022; tabela de 2013)";
1100098;60.0;4.0;C1;3;2022-08-01;"INCRA — Índices Básicos (IE nº 5/2022; tabela de 2013)";
1101005;60.0;3.0;B2;3;2022-08-01;"INCRA — Índices Básicos (IE nº 5/2022; tabela de 2013)";
1100106;60.0;2.0;A2;3;2022-08-01;"INCRA — Índices Básicos (IE nº 5/2022; tabela de 2013)";
1101104;60.0;2.0;A2;3;2022-08-01;"INCRA — Índices Básicos (IE nº 5/2022; tabela de 2013)";
1100114;60.0;3.0;B2;3;2022-08-01;"INCRA — Índices Básicos (IE nº 5/2022; tabela de 2013)";
1100122;60.0;3.0;B2;3;2022-08-01;"INCRA — Índices Básicos (IE nº 5/2022; tabela de 2013)";
1100130;60.0;3.0;B2;3;2022-08-01;"INCRA — Índices Básicos (IE nº 5/2022; tabela de 2013)";
1101203;60.0;4.0;C1;3;2022-08-01;"INCRA — Índices Básicos (IE nº 5/2022; tabela de 2013)";
1101302;60.0;3.0;B2;3;2022-08-01;"INCRA — Índices Básicos (IE nº 5/2022; tabela de 2013)";
1101401;60.0;2.0;A2;3;2022-08-01;"INCRA — Índices Básicos (IE nº 5/2022; tabela de 2013)";
1100148;60.0;4.0;C1;3;2022-08-01;"INCRA — Índices Básicos (IE nº 5/2022; tabela de 2013)";
1100338;60.0;2.0;A2;3;2022-08-01;"INCRA — Índices Básicos (IE nº 5/2022; tabela de 2013)";
1101435;60.0;3.0;B2;3;2022-08-01;"INCRA — Índices Básicos (IE nº 5/2022; tabela de 2013)";
1100502;60.0;4.0;C1;3;2022-08-01;"INCRA — Índices Básicos (IE nº 5/2022; tabela de 2013)";
1100155;60.0;3.0;B2;3;2022-08-01;"INCRA — Índices Básicos (IE nº 5/2022; tabela de 2013)";
1101450;60.0;4.0;C1;3;2022-08-01;"INCRA — Índices Básicos (IE nº 5/2022; tabela de 2013)";
1100189;60.0;4.0;C1;3;2022-08-01;"INCRA — Índices Básicos (IE nº 5/2022; tabela de 2013)";
1101468;60.0;4.0;B3;3;2022-08-01;"INCRA — Índices Básicos (IE nº 5/2022; tabela de 2013)";
1100205;60.0;2.0;A2;3;2022-08-01;"INCRA — Índices Básicos (IE nº 5/2022; tabela de 2013)";
1100254;60.0;3.0;B2;3;2022-08-01;"INCRA — Índices Básicos (IE nº 5/2022; tabela de 2013)";
1101476;60.0;4.0;C1;3;2022-08-01;"INCRA — Índices Básicos (IE nº 5/2022; tabela de 2013)";
1100262;60.0;2.0;A2;3;2022-08-01;"INCRA — Índices Básicos (IE nº 5/2022; tabela de 2013)";
1100288;60.0;4.0;C1;3;2022-08-01;"INCRA — Índices Básicos (IE nº 5/2022; tabela de 2013)";
1100296;60.0;4.0;C1;3;2022-08-01;"INCRA — Índices Básicos (IE nº 5/2022; tabela de 2013)";
1101484;60.0;4.0;C1;3;2022-08-01;"INCRA — Índices Básicos (IE nº 5/2022; tabela de 2013)";
1101492;60.0;3.0;B2;3;2022-08-01;"INCRA — Índices Básicos (IE nº 5/2022; tabela de 2013)";
1100320;60.0;3.0;B2;3;2022-08-01;"INCRA — Índices Básicos (IE nº 5/2022; tabela de 2013)";
1101500;60.0;3.0;B2;3;2022-08-01;"INCRA — Índices Básicos (IE nº 5/2022; tabela de 2013)";
1101559;60.0;3.0;B2;3;2022-08-01;"INCRA — Índices Básicos (IE nº 5/2022; tabela de 2013)";
1101609;60.0;3.0;B2;3;2022-08-01;"INCRA — Índices Básicos (IE nº 5/2022; tabela de 2013)";
1101708;60.0;3.0;B2;3;2022-08-01;"INCRA — Índices Básicos (IE nº 5/2022; tabela de 2013)";
1101757;60.0;3.0;B2;3;2022-08-01;"INCRA — Índices Básicos (IE nº 5/2022; tabela de 2013)";
1101807;60.0;3.0;B2;3;2022-08-01;"INCRA — Índices Básicos (IE nº 5/2022; tabela de 2013)";
1100304;60.0;4.0;B3;3;2022-08-01;"INCRA — Índices Básicos (IE nº 5/2022; tabela de 2013)";
2500106;40.0;3.0;B2;4;2022-08-01;"INCRA — Índices Básicos (IE nº 5/2022; tabela de 2013)";
2500205;60.0;4.0;B3;4;2022-08-01;"INCRA — Índices Básicos (IE nº 5/2022; tabela de 2013)";
2500304;30.0;2.0;A2;2;2022-08-01;"INCRA — Índices Básicos (IE nº 5/2022; tabela de 2013)";
2500403;16.0;2.0;A2;2;2022-08-01;"INCRA — Índices Básicos (IE nº 5/2022; tabela de 2013)";
2500502;35.0;4.0;B3;2;2022-08-01;"INCRA — Índices Básicos (IE nº 5/2022; tabela de 2013)";
2500536;60.0;2.0;A2;5;2022-08-01;"INCRA — Índices Básicos (IE nº 5/2022; tabela de 2013)";
2500577;18.0;2.0;A2;3;2022-08-01;"INCRA — Índices Básicos (IE nº 5/2022; tabela de 2013)";
2500601;10.0;2.0;A2;2;2022-08-01;"INCRA — Índices Básicos (IE nº 5/2022; tabela de 2013)";
2500734;55.0;4.0;B3;5;2022-08-01;"INCRA — Índices Básicos (IE nº 5/2022; tabela de 2013)";
2500775;55.0;3.0;B2;4;2022-08-01;"INCRA — Índices Básicos (IE nº 5/2022; tabela de 2013)";
2500809;35.0;4.0;B3;2;2022-08-01;"INCRA — Índices Básicos (IE nº 5/2022; tabela de 2013)";
2500908;30.0;4.0;B3;2;2022-08-01;"INCRA — Índices Básicos (IE nº 5/2022; tabela de 2013)";
2501005;40.0;4.0;B3;3;2022-08-01;"INCRA — Índices Básicos (IE nº 5/2022; tabela de 2013)";
2501104;25.0;2.0;A2;2;2022-08-01;"INCRA — Índices Básicos (IE nº 5/2022; tabela de 2013)";
2501153;60.0;3.0;B2;4;2022-08-01;"INCRA — Índices Básicos (IE nº 5/2022; tabela de 2013)";
2501203;16.0;2.0;A2;3;2022-08-01;"INCRA — Índices Básicos (IE nº 5/2022; tabela de 2013)";
2501302;60.0;2.0;A2;5;2022-08-01;"INCRA — Índices Básicos (IE nº 5/2022; tabela de 2013)";
2501351;55.0;2.0;A2;5;2022-08-01;"INCRA — Índices Básicos (IE nº 5/2022; tabela de 2013)";
2501401;16.0;4.0;B3;2;2022-08-01;"INCRA — Índices Básicos (IE nº 5/2022; tabela de 2013)";
2501500;25.0;4.0;B3;2;2022-08-01;"INCRA — Índices Básicos (IE nº 5/2022; tabela de 2013)";
2501534;30.0;4.0;B3;5;2022-08-01;"INCRA — Índices Básicos (IE nº 5/2022; tabela de 2013)";
2501609;30.0;4.0;B3;3;2022-08-01;"INCRA — Índices Básicos (IE nº 5/2022; tabela de 2013)";
2501575;60.0;2.0;A2;5;2022-08-01;"INCRA — Índices Básicos (IE nº 5/2022; tabela de 2013)";
2501708;60.0;2.0;A2;5;2022-08-01;"INCRA — Índices Básicos (IE nº 5/2022; tabela de 2013)";
2501807;12.0;2.0;A2;2;2022-08-01;"INCRA — Índices Básicos (IE nº 5/2022; tabela de 2013)";
2501906;35.0;4.0;B3;2;2022-08-01;"INCRA — Índices Básicos (IE nº 5/2022; tabela de 2013)";
2502003;60.0;4.0;B3;4;2022-08-01;"INCRA — Índices Básicos (IE nº 5/2022; tabela de 2013)";
2502052;55.0;3.0;B2;4;2022-08-01;"INCRA — Índices Básicos (IE nº 5/2022; tabela de 2013)";
2502102;55.0;4.0;B3;4;2022-08-01;"INCRA — Índices Básicos (IE nº 5/2022; tabela de 2013)";
2502151;12.0;2.0;A2;3;2022-08-01;"INCRA — Índices Básicos (IE nº 5/2022; tabela de 2013)";
2502201;55.0;4.0;B3;4;2022-08-01;"INCRA — Índices Básicos (IE nº 5/2022; tabela de 2013)";
2502300;60.0;4.0;B3;4;2022-08-01;"INCRA — Índices Básicos (IE nº 5/2022; tabela de 2013)";
2502409;50.0;4.0;B3;4;2022-08-01;"INCRA — Índices Básicos (IE nº 5/2022; tabela de 2013)";
2502508;60.0;2.0;A2;5;2022-08-01;"INCRA — Índices Básicos (IE nº 5/2022; tabela de 2013)";
2502706;20.0;4.0;B3;2;2022-08-01;"INCRA — Índices Básicos (IE nº 5/2022; tabela de 2013)";
2502805;60.0;4.0;B3;4;2022-08-01;"INCRA — Índices Básicos (IE nº 5/2022; tabela de 2013)";
2502904;60.0;4.0;B3;4;2022-08-01;"INCRA — Índices Básicos (IE nº 5/2022; tabela de 2013)";
2503001;10.0;2.0;A2;2;2022-08-01;"INCRA — Índices Básicos (IE nº 5/2022; tabela de 2013)";
2503100;60.0;2.0;A2;5;2022-08-01;"INCRA — Índices Básicos (IE nº 5/2022; tabela de 2013)";
2503209;10.0;2.0;A2;2;2022-08-01;"INCRA — Índices Básicos (IE nº 5/2022; tabela de 2013)";
2503308;50.0;4.0;B3;4;2022-08-01;"INCRA — Índices Básicos (IE nº 5/2022; tabela de 2013)";
2503407;55.0;3.0;B2;4;2022-08-01;"INCRA — Índices Básicos (IE nº 5/2022; tabela de 2013)";
2503506;30.0;4.0;B3;3;2022-08-01;"INCRA — Índices Básicos (IE nº 5/2022; tabela de 2013)";
2503555;40.0;3.0;B2;4;2022-08-01;"INCRA — Índices Básicos (IE nº 5/2022; tabela de 2013)";
2503605;35.0;4.0;B3;2;2022-08-01;"INCRA — Índices Básicos (IE nº 5/2022; tabela de 2013)";
2503704;50.0;4.0;B3;4;2022-08-01;"INCRA — Índices Básicos (IE nº 5/2022; tabela de 2013)";
2503753;60.0;3.0;B2;4;2022-08-01;"INCRA — Índices Básicos (IE nº 5/2022; tabela de 2013)";
2503803;30.0;2.0;A2;3;2022-08-01;"INCRA — Índices Básicos (IE nº 5/2022; tabela de 2013)";
2503902;55.0;4.0;B3;5;2022-08-01;"INCRA — Índices Básicos (IE nº 5/2022; tabela de 2013)";
2504009;12.0;2.0;A2;3;2022-08-01;"INCRA — Índices Básicos (IE nº 5/2022; tabela de 2013)";
2516409;40.0;4.0;B3;3;2022-08-01;"INCRA — Índices Básicos (IE nº 5/2022; tabela de 2013)";
2504033;10.0;4.0;B3;2;2022-08-01;"INCRA — Índices Básicos (IE nº 5/2022; tabela de 2013)";
2504074;55.0;2.0;A2;5;2022-08-01;"INCRA — Índices Básicos (IE nº 5/2022; tabela de 2013)";
2504108;55.0;4.0;B3;4;2022-08-01;"INCRA — Índices Básicos (IE nº 5/2022; tabela de 2013)";
2504157;16.0;4.0;B3;3;2022-08-01;"INCRA — Índices Básicos (IE nº 5/2022; tabela de 2013)";
2504207;60.0;3.0;B2;4;2022-08-01;"INCRA — Índices Básicos (IE nº 5/2022; tabela de 2013)";
2504306;60.0;4.0;B3;4;2022-08-01;"INCRA — Índices Básicos (IE nº 5/2022; tabela de 2013)";
2504355;60.0;2.0;A2;5;2022-08-01;"INCRA — Índices Básicos (IE nº 5/2022; tabela de 2013)";
2504405;60.0;4.0;B3;4;2022-08-01;"INCRA — Índices Básicos (IE nº 5/2022; tabela de 2013)";
2504504;55.0;3.0;B2;4;2022-08-01;"INCRA — Índices Básicos (IE nº 5/2022; tabela de 2013)";
2504603;10.0;2.0;A2;2;2022-08-01;"INCRA — Índices Básicos (IE nº 5/2022; tabela de 2013)";
2504702;55.0;4.0;B3;5;2022-08-01;"INCRA — Índices Básicos (IE nº 5/2022; tabela de 2013)";
2504801;55.0;3.0;B2;4;2022-08-01;"INCRA — Índices Básicos (IE nº 5/2022; tabela de 2013)";
2504850;55.0;4.0;B3;5;2022-08-01;"INCRA — Índices Básicos (IE nº 5/2022; tabela de 2013)";
2504900;10.0;2.0;A2;2;2022-08-01;"INCRA — Índices Básicos (IE nº 5/2022; tabela de 2013)";
2505006;28.0;2.0;A2;5;2022-08-01;"INCRA — Índices Básicos (IE nº 5/2022; tabela de 2013)";
2505105;35.0;4.0;B3;3;2022-08-01;"INCRA — Índices Básicos (IE nº 5/2022; tabela de 2013)";
2505238;10.0;2.0;A2;2;2022-08-01;"INCRA — Índices Básicos (IE nº 5/2022; tabela de 2013)";
2505204;35.0;4.0;B3;2;2022-08-01;"INCRA — Índices Básicos (IE nº 5/2022; tabela de 2013)";
2505279;10.0;4.0;B3;2;2022-08-01;"INCRA — Índices Básicos (IE nº 5/2022; tabela de 2013)";
2505303;55.0;4.0;B3;4;2022-08-01;"INCRA — Índices Básicos (IE nº 5/2022; tabela de 2013)";
2505352;30.0;4.0;B3;3;2022-08-01;"INCRA — Índices Básicos (IE nº 5/2022; tabela de 2013)";
2505402;40.0;3.0;B2;4;2022-08-01;"INCRA — Índices Básicos (IE nº 5/2022; tabela de 2013)";
2505600;55.0;4.0;B3;4;2022-08-01;"INCRA — Índices Básicos (IE nº 5/2022; tabela de 2013)";
2505709;30.0;4.0;B3;3;2022-08-01;"INCRA — Índices Básicos (IE nº 5/2022; tabela de 2013)";
2505808;35.0;4.0;B3;2;2022-08-01;"INCRA — Índices Básicos (IE nº 5/2022; tabela de 2013)";
2505907;60.0;3.0;B2;4;2022-08-01;"INCRA — Índices Básicos (IE nº 5/2022; tabela de 2013)";
2506004;12.0;2.0;A2;3;2022-08-01;"INCRA — Índices Básicos (IE nº 5/2022; tabela de 2013)";
2506103;20.0;2.0;A2;3;2022-08-01;"INCRA — Índices Básicos (IE nº 5/2022; tabela de 2013)";
2506202;30.0;4.0;B3;5;2022-08-01;"INCRA — Índices Básicos (IE nº 5/2022; tabela de 2013)";
2506251;60.0;2.0;A2;5;2022-08-01;"INCRA — Índices Básicos (IE nº 5/2022; tabela de 2013)";
2506301;35.0;4.0;B3;2;2022-08-01;"INCRA — Índices Básicos (IE nº 5/2022; tabela de 2013)";
2506400;35.0;2.0;A2;2;2022-08-01;"INCRA — Índices Básicos (IE nº 5/2022; tabela de 2013)";
2506509;55.0;2.0;A2;5;2022-08-01;"INCRA — Índices Básicos (IE nº 5/2022; tabela de 2013)";
2506608;60.0;4.0;B3;4;2022-08-01;"INCRA — Índices Básicos (IE nº 5/2022; tabela de 2013)";
2502607;60.0;4.0;B3;4;2022-08-01;"INCRA — Índices Básicos (IE nº 5/2022; tabela de 2013)";
2506707;40.0;3.0;B2;4;2022-08-01;"INCRA — Índices Básicos (IE nº 5/2022; tabela de 2013)";
2506806;40.0;2.0;A2;2;2022-08-01;"INCRA — Índices Básicos (IE nº 5/2022; tabela de 2013)";
2506905;30.0;4.0;B3;3;2022-08-01;"INCRA — Índices Básicos (IE nº 5/2022; tabela de 2013)";
2507002;60.0;4.0;B3;4;2022-08-01;"INCRA — Índices Básicos (IE nº 5/2022; tabela de 2013)";
2507101;16.0;4.0;B3;2;2022-08-01;"INCRA — Índices Básicos (IE nº 5/2022; tabela de 2013)";
2507200;35.0;2.0;A2;2;2022-08-01;"INCRA — Índices Básicos (IE nº 5/2022; tabela de 2013)";
2507309;16.0;4.0;B3;2;2022-08-01;"INCRA — Índices Básicos (IE nº 5/2022; tabela de 2013)";
2507408;60.0;4.0;B3;4;2022-08-01;"INCRA — Índices Básicos (IE nº 5/2022; tabela de 2013)";
2507507;7.0;2.0;A2;2;2022-08-01;"INCRA — Índices Básicos (IE nº 5/2022; tabela de 2013)";
2507606;35.0;2.0;A2;2;2022-08-01;"INCRA — Índices Básicos (IE nº 5/2022; tabela de 2013)";
2507705;30.0;2.0;A2;5;2022-08-01;"INCRA — Índices Básicos (IE nº 5/2022; tabela de 2013)";
2507804;55.0;2.0;A2;4;2022-08-01;"INCRA — Índices Básicos (IE nº 5/2022; tabela de 2013)";
2507903;30.0;2.0;A2;3;2022-08-01;"INCRA — Índices Básicos (IE nº 5/2022; tabela de 2013)";
2508000;40.0;4.0;B3;4;2022-08-01;"INCRA — Índices Básicos (IE nº 5/2022; tabela de 2013)";
2508109;60.0;3.0;B2;4;2022-08-01;"INCRA — Índices Básicos (IE nº 5/2022; tabela de 2013)";
2508208;35.0;4.0;B3;2;2022-08-01;"INCRA — Índices Básicos (IE nº 5/2022; tabela de 2013)";
2508307;12.0;2.0;A2;3;2022-08-01;"INCRA — Índices Básicos (IE nº 5/2022; tabela de 2013)";
2508406;55.0;3.0;B2;4;2022-08-01;"INCRA — Índices Básicos (IE nº 5/2022; tabela de 2013)";
2508505;55.0;4.0;B3;5;2022-08-01;"INCRA — Índices Básicos (IE nº 5/2022; tabela de 2013)";
2508554;35.0;4.0;B3;2;2022-08-01;"INCRA — Índices Básicos (IE nº 5/2022; tabela de 2013)";
2508604;10.0;2.0;A2;2;2022-08-01;"INCRA — Índices Básicos (IE nº 5/2022; tabela de 2013)";
2508703;40.0;3.0;B2;4;2022-08-01;"INCRA — Índices Básicos (IE nº 5/2022; tabela de 2013)";
2508802;55.0;3.0;B2;4;2022-08-01;"INCRA — Índices Básicos (IE nº 5/2022; tabela de 2013)";
2508901;10.0;4.0;B3;2;2022-08-01;"INCRA — Índices Básicos (IE nº 5/2022; tabela de 2013)";
2509008;40.0;4.0;B3;4;2022-08-01;"INCRA — Índices Básicos (IE nº 5/2022; tabela de 2013)";
2509057;16.0;4.0;B3;2;2022-08-01;"INCRA — Índices Básicos (IE nº 5/2022; tabela de 2013)";
2509107;30.0;2.0;A2;3;2022-08-01;"INCRA — Índices Básicos (IE nº 5/2022; tabela de 2013)";
2509156;55.0;3.0;B2;4;2022-08-01;"INCRA — Índices Básicos (IE nº 5/2022; tabela de 2013)";
2509206;12.0;2.0;A2;3;2022-08-01;"INCRA — Índices Básicos (IE nº 5/2022; tabela de 2013)";
2509305;10.0;4.0;B3;2;2022-08-01;"INCRA — Índices Básicos (IE nº 5/2022; tabela de 2013)";
2509339;16.0;2.0;A2;2;2022-08-01;"INCRA — Índices Básicos (IE nº 5/2022; tabela de 2013)";
2509370;60.0;4.0;B3;4;2022-08-01;"INCRA — Índices Básicos (IE nº 5/2022; tabela de 2013)";
2509396;40.0;3.0;B2;4;2022-08-01;"INCRA — Índices Básicos (IE nº 5/2022; tabela de 2013)";
2509404;30.0;4.0;B3;3;2022-08-01;"INCRA — Índices Básicos (IE nº 5/2022; tabela de 2013)";
2509503;12.0;2.0;A2;3;2022-08-01;"INCRA — Índices Básicos (IE nº 5/2022; tabela de 2013)";
2509602;50.0;4.0;B3;4;2022-08-01;"INCRA — Índices Básicos (IE nº 5/2022; tabela de 2013)";
2509701;55.0;4.0;B3;5;2022-08-01;"INCRA — Índices Básicos (IE nº 5/2022; tabela de 2013)";
2509800;35.0;4.0;B3;2;2022-08-01;"INCRA — Índices Básicos (IE nº 5/2022; tabela de 2013)";
2509909;35.0;4.0;B3;5;2022-08-01;"INCRA — Índices Básicos (IE nº 5/2022; tabela de 2013)";
2510006;55.0;3.0;B2;4;2022-08-01;"INCRA — Índices Básicos (IE nº 5/2022; tabela de 2013)";
2510105;30.0;4.0;B3;3;2022-08-01;"INCRA — Índices Básicos (IE nº 5/2022; tabela de 2013)";
2510204;60.0;4.0;B3;4;2022-08-01;"INCRA — Índices Básicos (IE nº 5/2022; tabela de 2013)";
2510303;30.0;4.0;B3;5;2022-08-01;"INCRA — Índices Básicos (IE nº 5/2022; tabela de 2013)";
2510402;60.0;3.0;B2;4;2022-08-01;"INCRA — Índices Básicos (IE nº 5/2022; tabela de 2013)";
2510501;55.0;2.0;A2;5;2022-08-01;"INCRA — Índices Básicos (IE nº 5/2022; tabela de 2013)";
2510600;55.0;4.0;B3;5;2022-08-01;"INCRA — Índices Básicos (IE nº 5/2022; tabela de 2013)";
2510659;55.0;4.0;B3;5;2022-08-01;"INCRA — Índices Básicos (IE nº 5/2022; tabela de 2013)";
2510709;60.0;3.0;B2;4;2022-08-01;"INCRA — Índices Básicos (IE nº 5/2022; tabela de 2013)";
2510808;55.0;3.0;B2;4;2022-08-01;"INCRA — Índices Básicos (IE nº 5/2022; tabela de 2013)";
2510907;55.0;3.0;B2;4;2022-08-01;"INCRA — Índices Básicos (IE nº 5/2022; tabela de 2013)";
2511004;60.0;4.0;B3;4;2022-08-01;"INCRA — Índices Básicos (IE nº 5/2022; tabela de 2013)";
2511103;30.0;4.0;B3;5;2022-08-01;"INCRA — Índices Básicos (IE nº 5/2022; tabela de 2013)";
2511202;10.0;2.0;A2;2;2022-08-01;"INCRA — Índices Básicos (IE nº 5/2022; tabela de 2013)";
2512721;16.0;4.0;B3;2;2022-08-01;"INCRA — Índices Básicos (IE nº 5/2022; tabela de 2013)";
2511301;60.0;4.0;B3;4;2022-08-01;"INCRA — Índices Básicos (IE nº 5/2022; tabela de 2013)";
2511400;30.0;4.0;B3;5;2022-08-01;"INCRA — Índices Básicos (IE nº 5/2022; tabela de 2013)";
2511509;30.0;2.0;A2;3;2022-08-01;"INCRA — Índices Básicos (IE nº 5/2022; tabela de 2013)";
2511608;25.0;4.0;B3;2;2022-08-01;"INCRA — Índices Básicos (IE nº 5/2022; tabela de 2013)";
2511707;24.0;4.0;B3;2;2022-08-01;"INCRA — Índices Básicos (IE nº 5/2022; tabela de 2013)";
2511806;25.0;4.0;B3;2;2022-08-01;"INCRA — Índices Básicos (IE nº 5/2022; tabela de 2013)";
2511905;10.0;2.0;A2;2;2022-08-01;"INCRA — Índices Básicos (IE nº 5/2022; tabela de 2013)";
2512002;14.0;2.0;A2;3;2022-08-01;"INCRA — Índices Básicos (IE nº 5/2022; tabela de 2013)";
2512036;55.0;3.0;B2;4;2022-08-01;"INCRA — Índices Básicos (IE nº 5/2022; tabela de 2013)";
2512077;55.0;4.0;B3;4;2022-08-01;"INCRA — Índices Básicos (IE nº 5/2022; tabela de 2013)";
2512101;60.0;3.0;B2;4;2022-08-01;"INCRA — Índices Básicos (IE nº 5/2022; tabela de 2013)";
2512200;55.0;4.0;B3;5;2022-08-01;"INCRA — Índices Básicos (IE nº 5/2022; tabela de 2013)";
2512309;40.0;4.0;B3;4;2022-08-01;"INCRA — Índices Básicos (IE nº 5/2022; tabela de 2013)";
2512408;16.0;2.0;A2;3;2022-08-01;"INCRA — Índices Básicos (IE nº 5/2022; tabela de 2013)";
2512507;20.0;2.0;A2;3;2022-08-01;"INCRA — Índices Básicos (IE nº 5/2022; tabela de 2013)";
2512606;55.0;3.0;B2;4;2022-08-01;"INCRA — Índices Básicos (IE nº 5/2022; tabela de 2013)";
2512705;18.0;2.0;A2;3;2022-08-01;"INCRA — Índices Básicos (IE nº 5/2022; tabela de 2013)";
2512747;40.0;4.0;B3;3;2022-08-01;"INCRA — Índices Básicos (IE nº 5/2022; tabela de 2013)";
2512754;40.0;2.0;A2;2;2022-08-01;"INCRA — Índices Básicos (IE nº 5/2022; tabela de 2013)";
2512762;30.0;2.0;A2;3;2022-08-01;"INCRA — Índices Básicos (IE nº 5/2022; tabela de 2013)";
2512788;60.0;2.0;A2;5;2022-08-01;"INCRA — Índices Básicos (IE nº 5/2022; tabela de 2013)";
2512804;60.0;4.0;B3;4;2022-08-01;"INCRA — Índices Básicos (IE nº 5/2022; tabela de 2013)";
2512903;16.0;4.0;B3;2;2022-08-01;"INCRA — Índices Básicos (IE nº 5/2022; tabela de 2013)";
2513000;55.0;3.0;B2;4;2022-08-01;"INCRA — Índices Básicos (IE nº 5/2022; tabela de 2013)";
2513109;30.0;4.0;B3;3;2022-08-01;"INCRA — Índices Básicos (IE nº 5/2022; tabela de 2013)";
2513158;60.0;2.0;A2;5;2022-08-01;"INCRA — Índices Básicos (IE nº 5/2022; tabela de 2013)";
2513208;55.0;3.0;B2;4;2022-08-01;"INCRA — Índices Básicos (IE nº 5/2022; tabela de 2013)";
2513307;55.0;4.0;B3;4;2022-08-01;"INCRA — Índices Básicos (IE nº 5/2022; tabela de 2013)";
2513356;60.0;4.0;B3;4;2022-08-01;"INCRA — Índices Básicos (IE nº 5/2022; tabela de 2013)";
2513406;55.0;3.0;B2;4;2022-08-01;"INCRA — Índices Básicos (IE nº 5/2022; tabela de 2013)";
2513703;10.0;2.0;A2;2;2022-08-01;"INCRA — Índices Básicos (IE nº 5/2022; tabela de 2013)";
2513802;55.0;3.0;B2;4;2022-08-01;"INCRA — Índices Básicos (IE nº 5/2022; tabela de 2013)";
2513505;60.0;4.0;B3;4;2022-08-01;"INCRA — Índices Básicos (IE nº 5/2022; tabela de 2013)";
2513604;60.0;4.0;B3;4;2022-08-01;"INCRA — Índices Básicos (IE nº 5/2022; tabela de 2013)";
2513653;55.0;3.0;B2;4;2022-08-01;"INCRA — Índices Básicos (IE nº 5/2022; tabela de 2013)";
2513851;55.0;2.0;A2;5;2022-08-01;"INCRA — Índices Básicos (IE nº 5/2022; tabela de 2013)";
2513927;60.0;3.0;B2;4;2022-08-01;"INCRA — Índices Básicos (IE nº 5/2022; tabela de 2013)";
2513901;35.0;4.0;B3;4;2022-08-01;"INCRA — Índices Básicos (IE nº 5/2022; tabela de 2013)";
2513968;60.0;3.0;B2;4;2022-08-01;"INCRA — Índices Básicos (IE nº 5/2022; tabela de 2013)";
2513943;60.0;2.0;A2;5;2022-08-01;"INCRA — Índices Básicos (IE nº 5/2022; tabela de 2013)";
2513984;55.0;3.0;B2;4;2022-08-01;"INCRA — Índices Básicos (IE nº 5/2022; tabela de 2013)";
2514008;55.0;2.0;A2;5;2022-08-01;"INCRA — Índices Básicos (IE nº 5/2022; tabela de 2013)";
2500700;55.0;4.0;B3;4;2022-08-01;"INCRA — Índices Básicos (IE nº 5/2022; tabela de 2013)";
2514107;55.0;4.0;B3;5;2022-08-01;"INCRA — Índices Básicos (IE nº 5/2022; tabela de 2013)";
2514206;55.0;3.0;B2;4;2022-08-01;"INCRA — Índices Básicos (IE nº 5/2022; tabela de 2013)";
2514305;55.0;4.0;B3;4;2022-08-01;"INCRA — Índices Básicos (IE nº 5/2022; tabela de 2013)";
2514404;55.0;3.0;B2;4;2022-08-01;"INCRA — Índices Básicos (IE nº 5/2022; tabela de 2013)";
2514503;55.0;4.0;B3;4;2022-08-01;"INCRA — Índices Básicos (IE nº 5/2022; tabela de 2013)";
2514552;40.0;4.0;B3;4;2022-08-01;"INCRA — Índices Básicos (IE nº 5/2022; tabela de 2013)";
2514602;55.0;3.0;B2;4;2022-08-01;"INCRA — Índices Básicos (IE nº 5/2022; tabela de 2013)";
2514651;60.0;4.0;B3;4;2022-08-01;"INCRA — Índices Básicos (IE nº 5/2022; tabela de 2013)";
2514701;55.0;3.0;B2;4;2022-08-01;"INCRA — Índices Básicos (IE nº 5/2022; tabela de 2013)";
2514800;55.0;4.0;B3;5;2022-08-01;"INCRA — Índices Básicos (IE nº 5/2022; tabela de 2013)";
2514453;30.0;4.0;B3;3;2022-08-01;"INCRA — Índices Básicos (IE nº 5/2022; tabela de 2013)";
2514909;55.0;3.0;B2;4;2022-08-01;"INCRA — Índices Básicos (IE nº 5/2022; tabela de 2013)";
2515005;30.0;2.0;A2;3;2022-08-01;"INCRA — Índices Básicos (IE nº 5/2022; tabela de 2013)";
2515104;30.0;2.0;A2;2;2022-08-01;"INCRA — Índices Básicos (IE nº 5/2022; tabela de 2013)";
2515203;55.0;4.0;B3;5;2022-08-01;"INCRA — Índices Básicos (IE nº 5/2022; tabela de 2013)";
2515302;30.0;2.0;A2;3;2022-08-01;"INCRA — Índices Básicos (IE nº 5/2022; tabela de 2013)";
2515401;30.0;2.0;A2;5;2022-08-01;"INCRA — Índices Básicos (IE nº 5/2022; tabela de 2013)";
2515500;55.0;4.0;B3;5;2022-08-01;"INCRA — Índices Básicos (IE nº 5/2022; tabela de 2013)";
2515609;35.0;4.0;B3;2;2022-08-01;"INCRA — Índices Básicos (IE nº 5/2022; tabela de 2013)";
2515708;60.0;4.0;B3;4;2022-08-01;"INCRA — Índices Básicos (IE nº 5/2022; tabela de 2013)";
2515807;35.0;2.0;A2;2;2022-08-01;"INCRA — Índices Básicos (IE nº 5/2022; tabela de 2013)";
2515906;30.0;4.0;B3;2;2022-08-01;"INCRA — Índices Básicos (IE nº 5/2022; tabela de 2013)";
2515930;35.0;4.0;B3;2;2022-08-01;"INCRA — Índices Básicos (IE nº 5/2022; tabela de 2013)";
2515971;30.0;2.0;A2;3;2022-08-01;"INCRA — Índices Básicos (IE nº 5/2022; tabela de 2013)";
2516003;16.0;4.0;B3;3;2022-08-01;"INCRA — Índices Básicos (IE nº 5/2022; tabela de 2013)";
2516102;60.0;2.0;A2;5;2022-08-01;"INCRA — Índices Básicos (IE nº 5/2022; tabela de 2013)";
2516151;35.0;4.0;B3;3;2022-08-01;"INCRA — Índices Básicos (IE nº 5/2022; tabela de 2013)";
2516201;55.0;3.0;B2;4;2022-08-01;"INCRA — Índices Básicos (IE nº 5/2022; tabela de 2013)";
2516300;55.0;4.0;B3;5;2022-08-01;"INCRA — Índices Básicos (IE nº 5/2022; tabela de 2013)";
2516508;55.0;2.0;A2;5;2022-08-01;"INCRA — Índices Básicos (IE nº 5/2022; tabela de 2013)";
2516607;40.0;4.0;B3;4;2022-08-01;"INCRA — Índices Básicos (IE nº 5/2022; tabela de 2013)";
2516706;40.0;3.0;B2;4;2022-08-01;"INCRA — Índices Básicos (IE nº 5/2022; tabela de 2013)";
2516755;30.0;2.0;A2;5;2022-08-01;"INCRA — Índices Básicos (IE nº 5/2022; tabela de 2013)";
2516805;55.0;4.0;B3;4;2022-08-01;"INCRA — Índices Básicos (IE nº 5/2022; tabela de 2013)";
2516904;55.0;3.0;B2;4;2022-08-01;"INCRA — Índices Básicos (IE nº 5/2022; tabela de 2013)";
2517001;60.0;2.0;A2;5;2022-08-01;"INCRA — Índices Básicos (IE nº 5/2022; tabela de 2013)";
2517100;55.0;3.0;B2;4;2022-08-01;"INCRA — Índices Básicos (IE nº 5/2022; tabela de 2013)";
2517209;55.0;3.0;B2;4;2022-08-01;"INCRA — Índices Básicos (IE nº 5/2022; tabela de 2013)";
2505501;55.0;3.0;B2;4;2022-08-01;"INCRA — Índices Básicos (IE nº 5/2022; tabela de 2013)";
2517407;55.0;4.0;B3;5;2022-08-01;"INCRA — Índices Básicos (IE nº 5/2022; tabela de 2013)";
2400109;35.0;4.0;B3;5;2022-08-01;"INCRA — Índices Básicos (IE nº 5/2022; tabela de 2013)";
2400208;55.0;4.0;B3;4;2022-08-01;"INCRA — Índices Básicos (IE nº 5/2022; tabela de 2013)";
2400307;60.0;4.0;B3;5;2022-08-01;"INCRA — Índices Básicos (IE nº 5/2022; tabela de 2013)";
2400406;50.0;4.0;B3;4;2022-08-01;"INCRA — Índices Básicos (IE nº 5/2022; tabela de 2013)";
2400505;45.0;4.0;B3;4;2022-08-01;"INCRA — Índices Básicos (IE nº 5/2022; tabela de 2013)";
2400604;40.0;4.0;B3;4;2022-08-01;"INCRA — Índices Básicos (IE nº 5/2022; tabela de 2013)";
2400703;65.0;4.0;B3;4;2022-08-01;"INCRA — Índices Básicos (IE nº 5/2022; tabela de 2013)";
2400802;60.0;4.0;B3;5;2022-08-01;"INCRA — Índices Básicos (IE nº 5/2022; tabela de 2013)";
2400901;50.0;4.0;B3;4;2022-08-01;"INCRA — Índices Básicos (IE nº 5/2022; tabela de 2013)";
2401008;55.0;2.0;A2;4;2022-08-01;"INCRA — Índices Básicos (IE nº 5/2022; tabela de 2013)";
2401107;65.0;2.0;A2;4;2022-08-01;"INCRA — Índices Básicos (IE nº 5/2022; tabela de 2013)";
2401206;20.0;4.0;B3;2;2022-08-01;"INCRA — Índices Básicos (IE nº 5/2022; tabela de 2013)";
2401305;55.0;2.0;A2;4;2022-08-01;"INCRA — Índices Básicos (IE nº 5/2022; tabela de 2013)";
2401404;20.0;4.0;B3;2;2022-08-01;"INCRA — Índices Básicos (IE nº 5/2022; tabela de 2013)";
2401453;70.0;2.0;A2;4;2022-08-01;"INCRA — Índices Básicos (IE nº 5/2022; tabela de 2013)";
2401503;30.0;4.0;B3;4;2022-08-01;"INCRA — Índices Básicos (IE nº 5/2022; tabela de 2013)";
2401602;50.0;2.0;A1;4;2022-08-01;"INCRA — Índices Básicos (IE nº 5/2022; tabela de 2013)";
2401651;60.0;4.0;B3;5;2022-08-01;"INCRA — Índices Básicos (IE nº 5/2022; tabela de 2013)";
2401701;35.0;2.0;A1;3;2022-08-01;"INCRA — Índices Básicos (IE nº 5/2022; tabela de 2013)";
2401800;35.0;2.0;A1;3;2022-08-01;"INCRA — Índices Básicos (IE nº 5/2022; tabela de 2013)";
2401859;60.0;4.0;B3;5;2022-08-01;"INCRA — Índices Básicos (IE nº 5/2022; tabela de 2013)";
2401909;50.0;4.0;B3;4;2022-08-01;"INCRA — Índices Básicos (IE nº 5/2022; tabela de 2013)";
2402006;35.0;4.0;B3;5;2022-08-01;"INCRA — Índices Básicos (IE nº 5/2022; tabela de 2013)";
2402105;30.0;4.0;B3;4;2022-08-01;"INCRA — Índices Básicos (IE nº 5/2022; tabela de 2013)";
2402204;20.0;4.0;B3;2;2022-08-01;"INCRA — Índices Básicos (IE nº 5/2022; tabela de 2013)";
2402303;55.0;2.0;A2;4;2022-08-01;"INCRA — Índices Básicos (IE nº 5/2022; tabela de 2013)";
2402402;35.0;4.0;B3;5;2022-08-01;"INCRA — Índices Básicos (IE nº 5/2022; tabela de 2013)";
2402501;70.0;4.0;B3;4;2022-08-01;"INCRA — Índices Básicos (IE nº 5/2022; tabela de 2013)";
2402600;20.0;2.0;A1;2;2022-08-01;"INCRA — Índices Básicos (IE nº 5/2022; tabela de 2013)";
2402709;30.0;4.0;B3;5;2022-08-01;"INCRA — Índices Básicos (IE nº 5/2022; tabela de 2013)";
2402808;30.0;4.0;B3;4;2022-08-01;"INCRA — Índices Básicos (IE nº 5/2022; tabela de 2013)";
2402907;50.0;4.0;B3;4;2022-08-01;"INCRA — Índices Básicos (IE nº 5/2022; tabela de 2013)";
2403004;40.0;4.0;B3;5;2022-08-01;"INCRA — Índices Básicos (IE nº 5/2022; tabela de 2013)";
2403103;30.0;4.0;B3;5;2022-08-01;"INCRA — Índices Básicos (IE nº 5/2022; tabela de 2013)";
2403202;50.0;4.0;B3;4;2022-08-01;"INCRA — Índices Básicos (IE nº 5/2022; tabela de 2013)";
2403301;50.0;4.0;B3;4;2022-08-01;"INCRA — Índices Básicos (IE nº 5/2022; tabela de 2013)";
2403400;30.0;4.0;B3;5;2022-08-01;"INCRA — Índices Básicos (IE nº 5/2022; tabela de 2013)";
2403509;20.0;4.0;B3;2;2022-08-01;"INCRA — Índices Básicos (IE nº 5/2022; tabela de 2013)";
2403608;20.0;2.0;A1;2;2022-08-01;"INCRA — Índices Básicos (IE nº 5/2022; tabela de 2013)";
2403707;55.0;2.0;A2;4;2022-08-01;"INCRA — Índices Básicos (IE nº 5/2022; tabela de 2013)";
2403756;60.0;4.0;B3;5;2022-08-01;"INCRA — Índices Básicos (IE nº 5/2022; tabela de 2013)";
2403806;35.0;4.0;B3;5;2022-08-01;"INCRA — Índices Básicos (IE nº 5/2022; tabela de 2013)";
2403905;55.0;4.0;B3;4;2022-08-01;"INCRA — Índices Básicos (IE nº 5/2022; tabela de 2013)";
2404002;45.0;4.0;B3;4;2022-08-01;"INCRA — Índices Básicos (IE nº 5/2022; tabela de 2013)";
2404101;65.0;4.0;B3;5;2022-08-01;"INCRA — Índices Básicos (IE nº 5/2022; tabela de 2013)";
2404200;20.0;4.0;B3;2;2022-08-01;"INCRA — Índices Básicos (IE nº 5/2022; tabela de 2013)";
2404309;55.0;2.0;A2;4;2022-08-01;"INCRA — Índices Básicos (IE nº 5/2022; tabela de 2013)";
2404408;70.0;2.0;A2;4;2022-08-01;"INCRA — Índices Básicos (IE nº 5/2022; tabela de 2013)";
2404507;65.0;4.0;B3;4;2022-08-01;"INCRA — Índices Básicos (IE nº 5/2022; tabela de 2013)";
2404606;35.0;2.0;A1;3;2022-08-01;"INCRA — Índices Básicos (IE nº 5/2022; tabela de 2013)";
2404705;55.0;4.0;B3;4;2022-08-01;"INCRA — Índices Básicos (IE nº 5/2022; tabela de 2013)";
2404804;30.0;4.0;B3;5;2022-08-01;"INCRA — Índices Básicos (IE nº 5/2022; tabela de 2013)";
2404853;55.0;4.0;B3;4;2022-08-01;"INCRA — Índices Básicos (IE nº 5/2022; tabela de 2013)";
2404903;55.0;2.0;A2;4;2022-08-01;"INCRA — Índices Básicos (IE nº 5/2022; tabela de 2013)";
2405009;30.0;4.0;B3;4;2022-08-01;"INCRA — Índices Básicos (IE nº 5/2022; tabela de 2013)";
2405108;50.0;4.0;B3;4;2022-08-01;"INCRA — Índices Básicos (IE nº 5/2022; tabela de 2013)";
2405207;55.0;2.0;A2;4;2022-08-01;"INCRA — Índices Básicos (IE nº 5/2022; tabela de 2013)";
2405306;35.0;4.0;B3;3;2022-08-01;"INCRA — Índices Básicos (IE nº 5/2022; tabela de 2013)";
2405405;35.0;4.0;B3;4;2022-08-01;"INCRA — Índices Básicos (IE nº 5/2022; tabela de 2013)";
2405504;50.0;4.0;B3;4;2022-08-01;"INCRA — Índices Básicos (IE nº 5/2022; tabela de 2013)";
2405603;30.0;4.0;B3;5;2022-08-01;"INCRA — Índices Básicos (IE nº 5/2022; tabela de 2013)";
2405702;30.0;4.0;B3;5;2022-08-01;"INCRA — Índices Básicos (IE nº 5/2022; tabela de 2013)";
2405801;50.0;4.0;B3;4;2022-08-01;"INCRA — Índices Básicos (IE nº 5/2022; tabela de 2013)";
2405900;50.0;4.0;B3;4;2022-08-01;"INCRA — Índices Básicos (IE nº 5/2022; tabela de 2013)";
2406007;50.0;4.0;B3;4;2022-08-01;"INCRA — Índices Básicos (IE nº 5/2022; tabela de 2013)";
2406106;35.0;4.0;B3;5;2022-08-01;"INCRA — Índices Básicos (IE nº 5/2022; tabela de 2013)";
2406155;35.0;2.0;A1;3;2022-08-01;"INCRA — Índices Básicos (IE nº 5/2022; tabela de 2013)";
2406205;35.0;4.0;B3;3;2022-08-01;"INCRA — Índices Básicos (IE nº 5/2022; tabela de 2013)";
2406304;35.0;4.0;B3;3;2022-08-01;"INCRA — Índices Básicos (IE nº 5/2022; tabela de 2013)";
2406403;35.0;4.0;B3;4;2022-08-01;"INCRA — Índices Básicos (IE nº 5/2022; tabela de 2013)";
2406502;35.0;4.0;B3;5;2022-08-01;"INCRA — Índices Básicos (IE nº 5/2022; tabela de 2013)";
2406601;30.0;2.0;A1;3;2022-08-01;"INCRA — Índices Básicos (IE nº 5/2022; tabela de 2013)";
2406700;50.0;4.0;B3;4;2022-08-01;"INCRA — Índices Básicos (IE nº 5/2022; tabela de 2013)";
2406809;30.0;4.0;B3;4;2022-08-01;"INCRA — Índices Básicos (IE nº 5/2022; tabela de 2013)";
2406908;40.0;4.0;B3;4;2022-08-01;"INCRA — Índices Básicos (IE nº 5/2022; tabela de 2013)";
2407005;45.0;4.0;B3;4;2022-08-01;"INCRA — Índices Básicos (IE nº 5/2022; tabela de 2013)";
2407104;12.0;2.0;A1;2;2022-08-01;"INCRA — Índices Básicos (IE nº 5/2022; tabela de 2013)";
2407203;65.0;4.0;B3;4;2022-08-01;"INCRA — Índices Básicos (IE nº 5/2022; tabela de 2013)";
2407252;45.0;4.0;B3;4;2022-08-01;"INCRA — Índices Básicos (IE nº 5/2022; tabela de 2013)";
2407302;55.0;4.0;B3;4;2022-08-01;"INCRA — Índices Básicos (IE nº 5/2022; tabela de 2013)";
2407401;55.0;4.0;B3;4;2022-08-01;"INCRA — Índices Básicos (IE nº 5/2022; tabela de 2013)";
2407500;20.0;2.0;A1;2;2022-08-01;"INCRA — Índices Básicos (IE nº 5/2022; tabela de 2013)";
2407609;45.0;2.0;A2;4;2022-08-01;"INCRA — Índices Básicos (IE nº 5/2022; tabela de 2013)";
2407708;35.0;4.0;B3;3;2022-08-01;"INCRA — Índices Básicos (IE nº 5/2022; tabela de 2013)";
2407807;35.0;2.0;A1;3;2022-08-01;"INCRA — Índices Básicos (IE nº 5/2022; tabela de 2013)";
2407906;30.0;4.0;B3;4;2022-08-01;"INCRA — Índices Básicos (IE nº 5/2022; tabela de 2013)";
2408003;70.0;2.0;A2;4;2022-08-01;"INCRA — Índices Básicos (IE nº 5/2022; tabela de 2013)";
2408102;7.0;2.0;A1;2;2022-08-01;"INCRA — Índices Básicos (IE nº 5/2022; tabela de 2013)";
2408201;20.0;2.0;A1;2;2022-08-01;"INCRA — Índices Básicos (IE nº 5/2022; tabela de 2013)";
2408300;35.0;4.0;B3;3;2022-08-01;"INCRA — Índices Básicos (IE nº 5/2022; tabela de 2013)";
2408409;45.0;4.0;B3;4;2022-08-01;"INCRA — Índices Básicos (IE nº 5/2022; tabela de 2013)";
2408508;35.0;4.0;B3;5;2022-08-01;"INCRA — Índices Básicos (IE nº 5/2022; tabela de 2013)";
2408607;40.0;4.0;B3;4;2022-08-01;"INCRA — Índices Básicos (IE nº 5/2022; tabela de 2013)";
2408706;55.0;4.0;B3;4;2022-08-01;"INCRA — Índices Básicos (IE nº 5/2022; tabela de 2013)";
2408805;50.0;4.0;B3;4;2022-08-01;"INCRA — Índices Básicos (IE nº 5/2022; tabela de 2013)";
2408904;30.0;4.0;B3;5;2022-08-01;"INCRA — Índices Básicos (IE nº 5/2022; tabela de 2013)";
2403251;10.0;2.0;A1;2;2022-08-01;"INCRA — Índices Básicos (IE nº 5/2022; tabela de 2013)";
2409100;35.0;4.0;B3;3;2022-08-01;"INCRA — Índices Básicos (IE nº 5/2022; tabela de 2013)";
2409209;35.0;4.0;B3;3;2022-08-01;"INCRA — Índices Básicos (IE nº 5/2022; tabela de 2013)";
2409308;45.0;4.0;B3;4;2022-08-01;"INCRA — Índices Básicos (IE nº 5/2022; tabela de 2013)";
2409407;60.0;4.0;B3;4;2022-08-01;"INCRA — Índices Básicos (IE nº 5/2022; tabela de 2013)";
2409506;60.0;4.0;B3;5;2022-08-01;"INCRA — Índices Básicos (IE nº 5/2022; tabela de 2013)";
2409605;50.0;4.0;B3;4;2022-08-01;"INCRA — Índices Básicos (IE nº 5/2022; tabela de 2013)";
2409704;60.0;4.0;B3;5;2022-08-01;"INCRA — Índices Básicos (IE nº 5/2022; tabela de 2013)";
2409803;20.0;4.0;B3;2;2022-08-01;"INCRA — Índices Básicos (IE nº 5/2022; tabela de 2013)";
2409902;65.0;4.0;B3;4;2022-08-01;"INCRA — Índices Básicos (IE nº 5/2022; tabela de 2013)";
2410009;55.0;4.0;B3;4;2022-08-01;"INCRA — Índices Básicos (IE nº 5/2022; tabela de 2013)";
2410108;50.0;2.0;A1;4;2022-08-01;"INCRA — Índices Básicos (IE nº 5/2022; tabela de 2013)";
2410207;40.0;4.0;B3;4;2022-08-01;"INCRA — Índices Básicos (IE nº 5/2022; tabela de 2013)";
2410256;70.0;4.0;B3;4;2022-08-01;"INCRA — Índices Básicos (IE nº 5/2022; tabela de 2013)";
2410405;50.0;2.0;A1;4;2022-08-01;"INCRA — Índices Básicos (IE nº 5/2022; tabela de 2013)";
2410504;50.0;4.0;B3;4;2022-08-01;"INCRA — Índices Básicos (IE nº 5/2022; tabela de 2013)";
2410603;45.0;4.0;B3;4;2022-08-01;"INCRA — Índices Básicos (IE nº 5/2022; tabela de 2013)";
2410702;55.0;4.0;B3;4;2022-08-01;"INCRA — Índices Básicos (IE nº 5/2022; tabela de 2013)";
2410801;50.0;4.0;B3;4;2022-08-01;"INCRA — Índices Básicos (IE nº 5/2022; tabela de 2013)";
2410900;35.0;4.0;B3;3;2022-08-01;"INCRA — Índices Básicos (IE nº 5/2022; tabela de 2013)";
2408953;20.0;2.0;A1;2;2022-08-01;"INCRA — Índices Básicos (IE nº 5/2022; tabela de 2013)";
2411007;55.0;2.0;A2;4;2022-08-01;"INCRA — Índices Básicos (IE nº 5/2022; tabela de 2013)";
2411106;35.0;4.0;B3;4;2022-08-01;"INCRA — Índices Básicos (IE nº 5/2022; tabela de 2013)";
2411205;35.0;4.0;B3;4;2022-08-01;"INCRA — Índices Básicos (IE nº 5/2022; tabela de 2013)";
2409332;35.0;4.0;B3;3;2022-08-01;"INCRA — Índices Básicos (IE nº 5/2022; tabela de 2013)";
2411403;60.0;4.0;B3;5;2022-08-01;"INCRA — Índices Básicos (IE nº 5/2022; tabela de 2013)";
2411429;30.0;4.0;B3;5;2022-08-01;"INCRA — Índices Básicos (IE nº 5/2022; tabela de 2013)";
2411502;35.0;4.0;B3;3;2022-08-01;"INCRA — Índices Básicos (IE nº 5/2022; tabela de 2013)";
2411601;60.0;4.0;B3;5;2022-08-01;"INCRA — Índices Básicos (IE nº 5/2022; tabela de 2013)";
2411700;30.0;4.0;B3;4;2022-08-01;"INCRA — Índices Básicos (IE nº 5/2022; tabela de 2013)";
2411809;45.0;4.0;B3;5;2022-08-01;"INCRA — Índices Básicos (IE nº 5/2022; tabela de 2013)";
2411908;50.0;4.0;B3;4;2022-08-01;"INCRA — Índices Básicos (IE nº 5/2022; tabela de 2013)";
2412005;12.0;2.0;A1;2;2022-08-01;"INCRA — Índices Básicos (IE nº 5/2022; tabela de 2013)";
2412104;45.0;4.0;B3;5;2022-08-01;"INCRA — Índices Básicos (IE nº 5/2022; tabela de 2013)";
2412203;20.0;2.0;A1;2;2022-08-01;"INCRA — Índices Básicos (IE nº 5/2022; tabela de 2013)";
2412302;35.0;4.0;B3;4;2022-08-01;"INCRA — Índices Básicos (IE nº 5/2022; tabela de 2013)";
2412401;35.0;4.0;B3;5;2022-08-01;"INCRA — Índices Básicos (IE nº 5/2022; tabela de 2013)";
2412500;45.0;4.0;B3;4;2022-08-01;"INCRA — Índices Básicos (IE nº 5/2022; tabela de 2013)";
2412559;60.0;2.0;A1;5;2022-08-01;"INCRA — Índices Básicos (IE nº 5/2022; tabela de 2013)";
2412609;35.0;4.0;B3;3;2022-08-01;"INCRA — Índices Básicos (IE nº 5/2022; tabela de 2013)";
2412708;35.0;4.0;B3;3;2022-08-01;"INCRA — Índices Básicos (IE nº 5/2022; tabela de 2013)";
2412807;55.0;4.0;B3;4;2022-08-01;"INCRA — Índices Básicos (IE nº 5/2022; tabela de 2013)";
2412906;30.0;4.0;B3;4;2022-08-01;"INCRA — Índices Básicos (IE nº 5/2022; tabela de 2013)";
2413003;30.0;4.0;B3;5;2022-08-01;"INCRA — Índices Básicos (IE nº 5/2022; tabela de 2013)";
2413102;35.0;4.0;B3;3;2022-08-01;"INCRA — Índices Básicos (IE nº 5/2022; tabela de 2013)";
2413201;20.0;2.0;A1;2;2022-08-01;"INCRA — Índices Básicos (IE nº 5/2022; tabela de 2013)";
2410306;35.0;4.0;B3;3;2022-08-01;"INCRA — Índices Básicos (IE nº 5/2022; tabela de 2013)";
2413300;35.0;4.0;B3;4;2022-08-01;"INCRA — Índices Básicos (IE nº 5/2022; tabela de 2013)";
2413359;70.0;2.0;A2;4;2022-08-01;"INCRA — Índices Básicos (IE nº 5/2022; tabela de 2013)";
2413409;45.0;4.0;B3;5;2022-08-01;"INCRA — Índices Básicos (IE nº 5/2022; tabela de 2013)";
2413508;35.0;4.0;B3;3;2022-08-01;"INCRA — Índices Básicos (IE nº 5/2022; tabela de 2013)";
2413557;55.0;4.0;B3;4;2022-08-01;"INCRA — Índices Básicos (IE nº 5/2022; tabela de 2013)";
2413607;50.0;2.0;A2;4;2022-08-01;"INCRA — Índices Básicos (IE nº 5/2022; tabela de 2013)";
2413706;30.0;4.0;B3;4;2022-08-01;"INCRA — Índices Básicos (IE nº 5/2022; tabela de 2013)";
2413805;55.0;4.0;B3;4;2022-08-01;"INCRA — Índices Básicos (IE nº 5/2022; tabela de 2013)";
2413904;50.0;2.0;A1;4;2022-08-01;"INCRA — Índices Básicos (IE nº 5/2022; tabela de 2013)";
2414001;35.0;4.0;B3;4;2022-08-01;"INCRA — Índices Básicos (IE nº 5/2022; tabela de 2013)";
2414100;50.0;4.0;B3;4;2022-08-01;"INCRA — Índices Básicos (IE nº 5/2022; tabela de 2013)";
2414159;35.0;4.0;B3;5;2022-08-01;"INCRA — Índices Básicos (IE nº 5/2022; tabela de 2013)";
2411056;70.0;2.0;A2;4;2022-08-01;"INCRA — Índices Básicos (IE nº 5/2022; tabela de 2013)";
2414209;20.0;4.0;B3;2;2022-08-01;"INCRA — Índices Básicos (IE nº 5/2022; tabela de 2013)";
2414308;35.0;4.0;B3;5;2022-08-01;"INCRA — Índices Básicos (IE nº 5/2022; tabela de 2013)";
2414407;60.0;2.0;A1;5;2022-08-01;"INCRA — Índices Básicos (IE nº 5/2022; tabela de 2013)";
2414456;55.0;4.0;B3;4;2022-08-01;"INCRA — Índices Básicos (IE nº 5/2022; tabela de 2013)";
2414506;40.0;4.0;B3;4;2022-08-01;"INCRA — Índices Básicos (IE nº 5/2022; tabela de 2013)";
2414605;55.0;2.0;A2;4;2022-08-01;"INCRA — Índices Básicos (IE nº 5/2022; tabela de 2013)";
2414704;35.0;4.0;B3;3;2022-08-01;"INCRA — Índices Básicos (IE nº 5/2022; tabela de 2013)";
2414753;45.0;4.0;B3;4;2022-08-01;"INCRA — Índices Básicos (IE nº 5/2022; tabela de 2013)";
2414803;35.0;2.0;A1;3;2022-08-01;"INCRA — Índices Básicos (IE nº 5/2022; tabela de 2013)";
2414902;50.0;4.0;B3;4;2022-08-01;"INCRA — Índices Básicos (IE nº 5/2022; tabela de 2013)";
2415008;20.0;4.0;B3;2;2022-08-01;"INCRA — Índices Básicos (IE nº 5/2022; tabela de 2013)";
3200102;20.0;2.0;A3;2;2022-08-01;"INCRA — Índices Básicos (IE nº 5/2022; tabela de 2013)";
3200169;20.0;2.0;A3;2;2022-08-01;"INCRA — Índices Básicos (IE nº 5/2022; tabela de 2013)";
3200136;20.0;2.0;A2;2;2022-08-01;"INCRA — Índices Básicos (IE nº 5/2022; tabela de 2013)";
3200201;24.0;2.0;A3;2;2022-08-01;"INCRA — Índices Básicos (IE nº 5/2022; tabela de 2013)";
3200300;18.0;2.0;A2;2;2022-08-01;"INCRA — Índices Básicos (IE nº 5/2022; tabela de 2013)";
3200359;20.0;2.0;A2;2;2022-08-01;"INCRA — Índices Básicos (IE nº 5/2022; tabela de 2013)";
3200409;16.0;2.0;A2;2;2022-08-01;"INCRA — Índices Básicos (IE nº 5/2022; tabela de 2013)";
3200508;30.0;2.0;A3;2;2022-08-01;"INCRA — Índices Básicos (IE nº 5/2022; tabela de 2013)";
3200607;20.0;2.0;A2;2;2022-08-01;"INCRA — Índices Básicos (IE nº 5/2022; tabela de 2013)";
3200706;16.0;2.0;A2;2;2022-08-01;"INCRA — Índices Básicos (IE nº 5/2022; tabela de 2013)";
3200805;26.0;2.0;A2;2;2022-08-01;"INCRA — Índices Básicos (IE nº 5/2022; tabela de 2013)";
3200904;20.0;2.0;A3;2;2022-08-01;"INCRA — Índices Básicos (IE nº 5/2022; tabela de 2013)";
3201001;20.0;2.0;A2;2;2022-08-01;"INCRA — Índices Básicos (IE nº 5/2022; tabela de 2013)";
3201100;20.0;2.0;A3;2;2022-08-01;"INCRA — Índices Básicos (IE nº 5/2022; tabela de 2013)";
3201159;20.0;2.0;A3;2;2022-08-01;"INCRA — Índices Básicos (IE nº 5/2022; tabela de 2013)";
3201209;16.0;2.0;A2;2;2022-08-01;"INCRA — Índices Básicos (IE nº 5/2022; tabela de 2013)";
3201308;12.0;2.0;A2;1;2022-08-01;"INCRA — Índices Básicos (IE nº 5/2022; tabela de 2013)";
3201407;18.0;2.0;A2;2;2022-08-01;"INCRA — Índices Básicos (IE nº 5/2022; tabela de 2013)";
3201506;18.0;2.0;A2;2;2022-08-01;"INCRA — Índices Básicos (IE nº 5/2022; tabela de 2013)";
3201605;20.0;2.0;A2;2;2022-08-01;"INCRA — Índices Básicos (IE nº 5/2022; tabela de 2013)";
3201704;18.0;2.0;A3;2;2022-08-01;"INCRA — Índices Básicos (IE nº 5/2022; tabela de 2013)";
3201803;20.0;2.0;A3;2;2022-08-01;"INCRA — Índices Básicos (IE nº 5/2022; tabela de 2013)";
3201902;18.0;2.0;A3;2;2022-08-01;"INCRA — Índices Básicos (IE nº 5/2022; tabela de 2013)";
3202009;20.0;2.0;A3;2;2022-08-01;"INCRA — Índices Básicos (IE nº 5/2022; tabela de 2013)";
3202108;50.0;2.0;A3;2;2022-08-01;"INCRA — Índices Básicos (IE nº 5/2022; tabela de 2013)";
3202207;20.0;2.0;A2;2;2022-08-01;"INCRA — Índices Básicos (IE nº 5/2022; tabela de 2013)";
3202256;18.0;2.0;A2;2;2022-08-01;"INCRA — Índices Básicos (IE nº 5/2022; tabela de 2013)";
3202306;22.0;2.0;A3;2;2022-08-01;"INCRA — Índices Básicos (IE nº 5/2022; tabela de 2013)";
3202405;16.0;2.0;A2;2;2022-08-01;"INCRA — Índices Básicos (IE nº 5/2022; tabela de 2013)";
3202454;20.0;2.0;A3;2;2022-08-01;"INCRA — Índices Básicos (IE nº 5/2022; tabela de 2013)";
3202504;24.0;2.0;A2;2;2022-08-01;"INCRA — Índices Básicos (IE nº 5/2022; tabela de 2013)";
3202553;24.0;2.0;A3;2;2022-08-01;"INCRA — Índices Básicos (IE nº 5/2022; tabela de 2013)";
3202603;18.0;2.0;A2;2;2022-08-01;"INCRA — Índices Básicos (IE nº 5/2022; tabela de 2013)";
3202652;20.0;2.0;A3;2;2022-08-01;"INCRA — Índices Básicos (IE nº 5/2022; tabela de 2013)";
3202702;22.0;2.0;A2;2;2022-08-01;"INCRA — Índices Básicos (IE nº 5/2022; tabela de 2013)";
3202801;18.0;2.0;A2;2;2022-08-01;"INCRA — Índices Básicos (IE nº 5/2022; tabela de 2013)";
3202900;20.0;2.0;A3;2;2022-08-01;"INCRA — Índices Básicos (IE nº 5/2022; tabela de 2013)";
3203007;20.0;2.0;A3;2;2022-08-01;"INCRA — Índices Básicos (IE nº 5/2022; tabela de 2013)";
3203056;20.0;2.0;A2;2;2022-08-01;"INCRA — Índices Básicos (IE nº 5/2022; tabela de 2013)";
3203106;30.0;2.0;A2;2;2022-08-01;"INCRA — Índices Básicos (IE nº 5/2022; tabela de 2013)";
3203130;24.0;2.0;A2;2;2022-08-01;"INCRA — Índices Básicos (IE nº 5/2022; tabela de 2013)";
3203163;20.0;2.0;A3;2;2022-08-01;"INCRA — Índices Básicos (IE nº 5/2022; tabela de 2013)";
3203205;20.0;2.0;A2;2;2022-08-01;"INCRA — Índices Básicos (IE nº 5/2022; tabela de 2013)";
3203304;20.0;2.0;A2;2;2022-08-01;"INCRA — Índices Básicos (IE nº 5/2022; tabela de 2013)";
3203320;18.0;2.0;A2;2;2022-08-01;"INCRA — Índices Básicos (IE nº 5/2022; tabela de 2013)";
3203346;18.0;2.0;A3;2;2022-08-01;"INCRA — Índices Básicos (IE nº 5/2022; tabela de 2013)";
3203353;18.0;2.0;A2;2;2022-08-01;"INCRA — Índices Básicos (IE nº 5/2022; tabela de 2013)";
3203403;30.0;2.0;A2;2;2022-08-01;"INCRA — Índices Básicos (IE nº 5/2022; tabela de 2013)";
3203502;60.0;2.0;A2;2;2022-08-01;"INCRA — Índices Básicos (IE nº 5/2022; tabela de 2013)";
3203601;60.0;2.0;A2;2;2022-08-01;"INCRA — Índices Básicos (IE nº 5/2022; tabela de 2013)";
3203700;18.0;2.0;A3;2;2022-08-01;"INCRA — Índices Básicos (IE nº 5/2022; tabela de 2013)";
3203809;30.0;2.0;A2;2;2022-08-01;"INCRA — Índices Básicos (IE nº 5/2022; tabela de 2013)";
3203908;20.0;2.0;A3;2;2022-08-01;"INCRA — Índices Básicos (IE nº 5/2022; tabela de 2013)";
3204005;20.0;2.0;A2;2;2022-08-01;"INCRA — Índices Básicos (IE nº 5/2022; tabela de 2013)";
3204054;20.0;2.0;A2;2;2022-08-01;"INCRA — Índices Básicos (IE nº 5/2022; tabela de 2013)";
3204104;20.0;2.0;A2;2;2022-08-01;"INCRA — Índices Básicos (IE nº 5/2022; tabela de 2013)";
3204203;18.0;2.0;A2;2;2022-08-01;"INCRA — Índices Básicos (IE nº 5/2022; tabela de 2013)";
3204252;60.0;2.0;A2;2;2022-08-01;"INCRA — Índices Básicos (IE nº 5/2022; tabela de 2013)";
3204302;30.0;2.0;A2;2;2022-08-01;"INCRA — Índices Básicos (IE nº 5/2022; tabela de 2013)";
3204351;20.0;2.0;A2;2;2022-08-01;"INCRA — Índices Básicos (IE nº 5/2022; tabela de 2013)";
3204401;20.0;2.0;A2;2;2022-08-01;"INCRA — Índices Básicos (IE nº 5/2022; tabela de 2013)";
3204500;18.0;2.0;A3;2;2022-08-01;"INCRA — Índices Básicos (IE nº 5/2022; tabela de 2013)";
3204559;18.0;2.0;A3;2;2022-08-01;"INCRA — Índices Básicos (IE nº 5/2022; tabela de 2013)";
3204609;18.0;2.0;A3;2;2022-08-01;"INCRA — Índices Básicos (IE nº 5/2022; tabela de 2013)";
3204658;18.0;2.0;A2;2;2022-08-01;"INCRA — Índices Básicos (IE nº 5/2022; tabela de 2013)";
3204708;20.0;2.0;A2;2;2022-08-01;"INCRA — Índices Básicos (IE nº 5/2022; tabela de 2013)";
3204807;20.0;2.0;A3;2;2022-08-01;"INCRA — Índices Básicos (IE nº 5/2022; tabela de 2013)";
3204906;20.0;2.0;A2;2;2022-08-01;"INCRA — Índices Básicos (IE nº 5/2022; tabela de 2013)";
3204955;18.0;2.0;A2;2;2022-08-01;"INCRA — Índices Básicos (IE nº 5/2022; tabela de 2013)";
3205002;12.0;2.0;A2;1;2022-08-01;"INCRA — Índices Básicos (IE nº 5/2022; tabela de 2013)";
3205010;20.0;2.0;A2;2;2022-08-01;"INCRA — Índices Básicos (IE nº 5/2022; tabela de 2013)";
3205036;16.0;2.0;A2;2;2022-08-01;"INCRA — Índices Básicos (IE nº 5/2022; tabela de 2013)";
3205069;18.0;2.0;A3;2;2022-08-01;"INCRA — Índices Básicos (IE nº 5/2022; tabela de 2013)";
3205101;12.0;2.0;A2;1;2022-08-01;"INCRA — Índices Básicos (IE nº 5/2022; tabela de 2013)";
3205150;20.0;2.0;A3;2;2022-08-01;"INCRA — Índices Básicos (IE nº 5/2022; tabela de 2013)";
3205176;20.0;2.0;A2;2;2022-08-01;"INCRA — Índices Básicos (IE nº 5/2022; tabela de 2013)";
3205200;12.0;2.0;A2;1;2022-08-01;"INCRA — Índices Básicos (IE nº 5/2022; tabela de 2013)";
3205309;7.0;2.0;A2;1;2022-08-01;"INCRA — Índices Básicos (IE nº 5/2022; tabela de 2013)";
1600105;70.0;4.0;C1;3;2022-08-01;"INCRA — Índices Básicos (IE nº 5/2022; tabela de 2013)";
1600204;70.0;4.0;C1;3;2022-08-01;"INCRA — Índices Básicos (IE nº 5/2022; tabela de 2013)";
1600212;50.0;4.0;C1;3;2022-08-01;"INCRA — Índices Básicos (IE nº 5/2022; tabela de 2013)";
1600238;50.0;3.0;B2;3;2022-08-01;"INCRA — Índices Básicos (IE nº 5/2022; tabela de 2013)";
1600253;50.0;3.0;B2;3;2022-08-01;"INCRA — Índices Básicos (IE nº 5/2022; tabela de 2013)";
1600279;70.0;4.0;C1;3;2022-08-01;"INCRA — Índices Básicos (IE nº 5/2022; tabela de 2013)";
1600303;50.0;3.0;B2;3;2022-08-01;"INCRA — Índices Básicos (IE nº 5/2022; tabela de 2013)";
1600402;70.0;3.0;B2;3;2022-08-01;"INCRA — Índices Básicos (IE nº 5/2022; tabela de 2013)";
1600501;70.0;4.0;C1;3;2022-08-01;"INCRA — Índices Básicos (IE nº 5/2022; tabela de 2013)";
1600154;50.0;3.0;B2;3;2022-08-01;"INCRA — Índices Básicos (IE nº 5/2022; tabela de 2013)";
1600535;50.0;3.0;B2;3;2022-08-01;"INCRA — Índices Básicos (IE nº 5/2022; tabela de 2013)";
1600550;70.0;4.0;C1;3;2022-08-01;"INCRA — Índices Básicos (IE nº 5/2022; tabela de 2013)";
1600600;50.0;3.0;B2;3;2022-08-01;"INCRA — Índices Básicos (IE nº 5/2022; tabela de 2013)";
1600055;50.0;3.0;B2;3;2022-08-01;"INCRA — Índices Básicos (IE nº 5/2022; tabela de 2013)";
1600709;70.0;4.0;C1;3;2022-08-01;"INCRA — Índices Básicos (IE nº 5/2022; tabela de 2013)";
1600808;70.0;4.0;C1;3;2022-08-01;"INCRA — Índices Básicos (IE nº 5/2022; tabela de 2013)";
2700102;70.0;4.0;B3;4;2022-08-01;"INCRA — Índices Básicos (IE nº 5/2022; tabela de 2013)";
2700201;35.0;4.0;B3;3;2022-08-01;"INCRA — Índices Básicos (IE nº 5/2022; tabela de 2013)";
2700300;15.0;2.0;A2;3;2022-08-01;"INCRA — Índices Básicos (IE nº 5/2022; tabela de 2013)";
2700409;16.0;4.0;B3;3;2022-08-01;"INCRA — Índices Básicos (IE nº 5/2022; tabela de 2013)";
2700508;18.0;2.0;A1;3;2022-08-01;"INCRA — Índices Básicos (IE nº 5/2022; tabela de 2013)";
2700607;30.0;2.0;A1;2;2022-08-01;"INCRA — Índices Básicos (IE nº 5/2022; tabela de 2013)";
2700706;70.0;4.0;B3;3;2022-08-01;"INCRA — Índices Básicos (IE nº 5/2022; tabela de 2013)";
2700805;35.0;4.0;B3;3;2022-08-01;"INCRA — Índices Básicos (IE nº 5/2022; tabela de 2013)";
2700904;70.0;4.0;B3;3;2022-08-01;"INCRA — Índices Básicos (IE nº 5/2022; tabela de 2013)";
2701001;30.0;4.0;B3;2;2022-08-01;"INCRA — Índices Básicos (IE nº 5/2022; tabela de 2013)";
2701100;16.0;4.0;B3;3;2022-08-01;"INCRA — Índices Básicos (IE nº 5/2022; tabela de 2013)";
2701209;35.0;4.0;B3;3;2022-08-01;"INCRA — Índices Básicos (IE nº 5/2022; tabela de 2013)";
2701308;16.0;4.0;B3;3;2022-08-01;"INCRA — Índices Básicos (IE nº 5/2022; tabela de 2013)";
2701357;16.0;4.0;B3;3;2022-08-01;"INCRA — Índices Básicos (IE nº 5/2022; tabela de 2013)";
2701407;30.0;4.0;B3;2;2022-08-01;"INCRA — Índices Básicos (IE nº 5/2022; tabela de 2013)";
2701506;35.0;2.0;A2;3;2022-08-01;"INCRA — Índices Básicos (IE nº 5/2022; tabela de 2013)";
2701605;70.0;4.0;B3;4;2022-08-01;"INCRA — Índices Básicos (IE nº 5/2022; tabela de 2013)";
2701704;16.0;4.0;B3;3;2022-08-01;"INCRA — Índices Básicos (IE nº 5/2022; tabela de 2013)";
2701803;70.0;4.0;B3;3;2022-08-01;"INCRA — Índices Básicos (IE nº 5/2022; tabela de 2013)";
2701902;16.0;4.0;B3;3;2022-08-01;"INCRA — Índices Básicos (IE nº 5/2022; tabela de 2013)";
2702009;15.0;2.0;A2;3;2022-08-01;"INCRA — Índices Básicos (IE nº 5/2022; tabela de 2013)";
2702108;16.0;4.0;B3;3;2022-08-01;"INCRA — Índices Básicos (IE nº 5/2022; tabela de 2013)";
2702207;12.0;2.0;A1;2;2022-08-01;"INCRA — Índices Básicos (IE nº 5/2022; tabela de 2013)";
2702306;30.0;4.0;B3;2;2022-08-01;"INCRA — Índices Básicos (IE nº 5/2022; tabela de 2013)";
2702355;15.0;2.0;A2;3;2022-08-01;"INCRA — Índices Básicos (IE nº 5/2022; tabela de 2013)";
2702405;70.0;4.0;B3;4;2022-08-01;"INCRA — Índices Básicos (IE nº 5/2022; tabela de 2013)";
2702504;70.0;4.0;B3;3;2022-08-01;"INCRA — Índices Básicos (IE nº 5/2022; tabela de 2013)";
2702553;35.0;4.0;B3;3;2022-08-01;"INCRA — Índices Básicos (IE nº 5/2022; tabela de 2013)";
2702603;15.0;2.0;A2;3;2022-08-01;"INCRA — Índices Básicos (IE nº 5/2022; tabela de 2013)";
2702702;60.0;4.0;B3;3;2022-08-01;"INCRA — Índices Básicos (IE nº 5/2022; tabela de 2013)";
2702801;16.0;2.0;A1;3;2022-08-01;"INCRA — Índices Básicos (IE nº 5/2022; tabela de 2013)";
2702900;15.0;2.0;A2;3;2022-08-01;"INCRA — Índices Básicos (IE nº 5/2022; tabela de 2013)";
2703007;16.0;4.0;B3;3;2022-08-01;"INCRA — Índices Básicos (IE nº 5/2022; tabela de 2013)";
2703106;35.0;4.0;B3;3;2022-08-01;"INCRA — Índices Básicos (IE nº 5/2022; tabela de 2013)";
2703205;60.0;4.0;B3;3;2022-08-01;"INCRA — Índices Básicos (IE nº 5/2022; tabela de 2013)";
2703304;70.0;4.0;B3;4;2022-08-01;"INCRA — Índices Básicos (IE nº 5/2022; tabela de 2013)";
2703403;70.0;4.0;B3;3;2022-08-01;"INCRA — Índices Básicos (IE nº 5/2022; tabela de 2013)";
2703502;16.0;4.0;B3;3;2022-08-01;"INCRA — Índices Básicos (IE nº 5/2022; tabela de 2013)";
2703601;16.0;4.0;B3;3;2022-08-01;"INCRA — Índices Básicos (IE nº 5/2022; tabela de 2013)";
2703700;70.0;2.0;A2;3;2022-08-01;"INCRA — Índices Básicos (IE nº 5/2022; tabela de 2013)";
2703759;30.0;4.0;B3;2;2022-08-01;"INCRA — Índices Básicos (IE nº 5/2022; tabela de 2013)";
2703809;16.0;2.0;A1;3;2022-08-01;"INCRA — Índices Básicos (IE nº 5/2022; tabela de 2013)";
2703908;16.0;4.0;B3;3;2022-08-01;"INCRA — Índices Básicos (IE nº 5/2022; tabela de 2013)";
2704005;35.0;2.0;A2;3;2022-08-01;"INCRA — Índices Básicos (IE nº 5/2022; tabela de 2013)";
2704104;15.0;2.0;A2;3;2022-08-01;"INCRA — Índices Básicos (IE nº 5/2022; tabela de 2013)";
2704203;35.0;2.0;A2;3;2022-08-01;"INCRA — Índices Básicos (IE nº 5/2022; tabela de 2013)";
2704302;7.0;2.0;A1;2;2022-08-01;"INCRA — Índices Básicos (IE nº 5/2022; tabela de 2013)";
2704401;70.0;4.0;B3;3;2022-08-01;"INCRA — Índices Básicos (IE nº 5/2022; tabela de 2013)";
2704906;35.0;4.0;B3;3;2022-08-01;"INCRA — Índices Básicos (IE nº 5/2022; tabela de 2013)";
2704500;16.0;4.0;B3;3;2022-08-01;"INCRA — Índices Básicos (IE nº 5/2022; tabela de 2013)";
2704609;70.0;4.0;B3;3;2022-08-01;"INCRA — Índices Básicos (IE nº 5/2022; tabela de 2013)";
2704708;12.0;2.0;A1;2;2022-08-01;"INCRA — Índices Básicos (IE nº 5/2022; tabela de 2013)";
2704807;35.0;2.0;A2;3;2022-08-01;"INCRA — Índices Básicos (IE nº 5/2022; tabela de 2013)";
2705002;70.0;4.0;B3;4;2022-08-01;"INCRA — Índices Básicos (IE nº 5/2022; tabela de 2013)";
2705101;16.0;4.0;B3;3;2022-08-01;"INCRA — Índices Básicos (IE nº 5/2022; tabela de 2013)";
2705200;16.0;2.0;A1;3;2022-08-01;"INCRA — Índices Básicos (IE nº 5/2022; tabela de 2013)";
2705309;35.0;4.0;B3;3;2022-08-01;"INCRA — Índices Básicos (IE nº 5/2022; tabela de 2013)";
2705408;70.0;4.0;B3;3;2022-08-01;"INCRA — Índices Básicos (IE nº 5/2022; tabela de 2013)";
2705507;16.0;4.0;B3;3;2022-08-01;"INCRA — Índices Básicos (IE nº 5/2022; tabela de 2013)";
2705606;16.0;4.0;B3;3;2022-08-01;"INCRA — Índices Básicos (IE nº 5/2022; tabela de 2013)";
2705705;70.0;4.0;B3;3;2022-08-01;"INCRA — Índices Básicos (IE nº 5/2022; tabela de 2013)";
2705804;70.0;4.0;B3;4;2022-08-01;"INCRA — Índices Básicos (IE nº 5/2022; tabela de 2013)";
2705903;35.0;2.0;A2;3;2022-08-01;"INCRA — Índices Básicos (IE nº 5/2022; tabela de 2013)";
2706000;70.0;4.0;B3;3;2022-08-01;"INCRA — Índices Básicos (IE nº 5/2022; tabela de 2013)";
2706109;70.0;4.0;B3;3;2022-08-01;"INCRA — Índices Básicos (IE nº 5/2022; tabela de 2013)";
2706208;70.0;4.0;B3;3;2022-08-01;"INCRA — Índices Básicos (IE nº 5/2022; tabela de 2013)";
2706307;35.0;4.0;B3;3;2022-08-01;"INCRA — Índices Básicos (IE nº 5/2022; tabela de 2013)";
2706406;70.0;4.0;B3;3;2022-08-01;"INCRA — Índices Básicos (IE nº 5/2022; tabela de 2013)";
2706422;70.0;4.0;B3;4;2022-08-01;"INCRA — Índices Básicos (IE nº 5/2022; tabela de 2013)";
2706448;18.0;2.0;A1;3;2022-08-01;"INCRA — Índices Básicos (IE nº 5/2022; tabela de 2013)";
2706505;16.0;4.0;B3;3;2022-08-01;"INCRA — Índices Básicos (IE nº 5/2022; tabela de 2013)";
2706604;35.0;4.0;B3;3;2022-08-01;"INCRA — Índices Básicos (IE nº 5/2022; tabela de 2013)";
2706703;50.0;4.0;B3;3;2022-08-01;"INCRA — Índices Básicos (IE nº 5/2022; tabela de 2013)";
2706802;60.0;4.0;B3;3;2022-08-01;"INCRA — Índices Básicos (IE nº 5/2022; tabela de 2013)";
2706901;12.0;2.0;A1;2;2022-08-01;"INCRA — Índices Básicos (IE nº 5/2022; tabela de 2013)";
2707008;16.0;4.0;B3;3;2022-08-01;"INCRA — Índices Básicos (IE nº 5/2022; tabela de 2013)";
2707107;70.0;4.0;B3;4;2022-08-01;"INCRA — Índices Básicos (IE nº 5/2022; tabela de 2013)";
2707206;70.0;4.0;B3;3;2022-08-01;"INCRA — Índices Básicos (IE nº 5/2022; tabela de 2013)";
2707305;16.0;4.0;B3;3;2022-08-01;"INCRA — Índices Básicos (IE nº 5/2022; tabela de 2013)";
2707404;16.0;4.0;B3;3;2022-08-01;"INCRA — Índices Básicos (IE nº 5/2022; tabela de 2013)";
2707503;60.0;4.0;B3;3;2022-08-01;"INCRA — Índices Básicos (IE nº 5/2022; tabela de 2013)";
2707602;35.0;4.0;B3;3;2022-08-01;"INCRA — Índices Básicos (IE nº 5/2022; tabela de 2013)";
2707701;12.0;2.0;A1;2;2022-08-01;"INCRA — Índices Básicos (IE nº 5/2022; tabela de 2013)";
2707800;30.0;4.0;B3;2;2022-08-01;"INCRA — Índices Básicos (IE nº 5/2022; tabela de 2013)";
2707909;12.0;2.0;A1;2;2022-08-01;"INCRA — Índices Básicos (IE nº 5/2022; tabela de 2013)";
2708006;70.0;4.0;B3;3;2022-08-01;"INCRA — Índices Básicos (IE nº 5/2022; tabela de 2013)";
2708105;16.0;4.0;B3;3;2022-08-01;"INCRA — Índices Básicos (IE nº 5/2022; tabela de 2013)";
2708204;35.0;4.0;B3;3;2022-08-01;"INCRA — Índices Básicos (IE nº 5/2022; tabela de 2013)";
2708303;16.0;4.0;B3;3;2022-08-01;"INCRA — Índices Básicos (IE nº 5/2022; tabela de 2013)";
2708402;70.0;4.0;B3;3;2022-08-01;"INCRA — Índices Básicos (IE nº 5/2022; tabela de 2013)";
2708501;16.0;4.0;B3;3;2022-08-01;"INCRA — Índices Básicos (IE nº 5/2022; tabela de 2013)";
2708600;30.0;4.0;B3;2;2022-08-01;"INCRA — Índices Básicos (IE nº 5/2022; tabela de 2013)";
2708709;16.0;4.0;B3;3;2022-08-01;"INCRA — Índices Básicos (IE nº 5/2022; tabela de 2013)";
2708808;35.0;2.0;A2;3;2022-08-01;"INCRA — Índices Básicos (IE nº 5/2022; tabela de 2013)";
2708907;12.0;2.0;A1;2;2022-08-01;"INCRA — Índices Básicos (IE nº 5/2022; tabela de 2013)";
2708956;70.0;4.0;B3;3;2022-08-01;"INCRA — Índices Básicos (IE nº 5/2022; tabela de 2013)";
2709004;35.0;2.0;A2;3;2022-08-01;"INCRA — Índices Básicos (IE nº 5/2022; tabela de 2013)";
2709103;15.0;2.0;A2;3;2022-08-01;"INCRA — Índices Básicos (IE nº 5/2022; tabela de 2013)";
2709152;35.0;2.0;A2;3;2022-08-01;"INCRA — Índices Básicos (IE nº 5/2022; tabela de 2013)";
2709202;30.0;2.0;A2;3;2022-08-01;"INCRA — Índices Básicos (IE nº 5/2022; tabela de 2013)";
2709301;16.0;4.0;B3;3;2022-08-01;"INCRA — Índices Básicos (IE nº 5/2022; tabela de 2013)";
2709400;16.0;4.0;B3;3;2022-08-01;"INCRA — Índices Básicos (IE nº 5/2022; tabela de 2013)";
2900355;30.0;4.0;B3;3;2022-08-01;"INCRA — Índices Básicos (IE nº 5/2022; tabela de 2013)";
2901601;30.0;4.0;B3;3;2022-08-01;"INCRA — Índices Básicos (IE nº 5/2022; tabela de 2013)";
2907905;30.0;4.0;B3;3;2022-08-01;"INCRA — Índices Básicos (IE nº 5/2022; tabela de 2013)";
2909208;70.0;4.0;B3;4;2022-08-01;"INCRA — Índices Básicos (IE nº 5/2022; tabela de 2013)";
2910750;30.0;4.0;B3;3;2022-08-01;"INCRA — Índices Básicos (IE nº 5/2022; tabela de 2013)";
2911857;30.0;4.0;B3;3;2022-08-01;"INCRA — Índices Básicos (IE nº 5/2022; tabela de 2013)";
2916500;30.0;2.0;A2;3;2022-08-01;"INCRA — Índices Básicos (IE nº 5/2022; tabela de 2013)";
2917904;30.0;2.0;A2;3;2022-08-01;"INCRA — Índices Básicos (IE nº 5/2022; tabela de 2013)";
2918100;70.0;4.0;B3;4;2022-08-01;"INCRA — Índices Básicos (IE nº 5/2022; tabela de 2013)";
2923803;30.0;4.0;B3;3;2022-08-01;"INCRA — Índices Básicos (IE nº 5/2022; tabela de 2013)";
2924009;70.0;3.0;B2;4;2022-08-01;"INCRA — Índices Básicos (IE nº 5/2022; tabela de 2013)";
2924207;70.0;4.0;B3;4;2022-08-01;"INCRA — Índices Básicos (IE nº 5/2022; tabela de 2013)";
2926509;30.0;4.0;B3;3;2022-08-01;"INCRA — Índices Básicos (IE nº 5/2022; tabela de 2013)";
2927002;30.0;2.0;A2;3;2022-08-01;"INCRA — Índices Básicos (IE nº 5/2022; tabela de 2013)";
2927606;70.0;3.0;B2;4;2022-08-01;"INCRA — Índices Básicos (IE nº 5/2022; tabela de 2013)";
2930766;70.0;4.0;B3;4;2022-08-01;"INCRA — Índices Básicos (IE nº 5/2022; tabela de 2013)";
2800100;45.0;4.0;B3;3;2022-08-01;"INCRA — Índices Básicos (IE nº 5/2022; tabela de 2013)";
2800209;40.0;4.0;B3;4;2022-08-01;"INCRA — Índices Básicos (IE nº 5/2022; tabela de 2013)";
2800308;7.0;2.0;A2;2;2022-08-01;"INCRA — Índices Básicos (IE nº 5/2022; tabela de 2013)";
2800407;30.0;4.0;B3;3;2022-08-01;"INCRA — Índices Básicos (IE nº 5/2022; tabela de 2013)";
2800506;35.0;4.0;B3;2;2022-08-01;"INCRA — Índices Básicos (IE nº 5/2022; tabela de 2013)";
2800605;5.0;2.0;A2;2;2022-08-01;"INCRA — Índices Básicos (IE nº 5/2022; tabela de 2013)";
2800670;30.0;4.0;B3;3;2022-08-01;"INCRA — Índices Básicos (IE nº 5/2022; tabela de 2013)";
2800704;18.0;4.0;B3;3;2022-08-01;"INCRA — Índices Básicos (IE nº 5/2022; tabela de 2013)";
2801009;35.0;4.0;B3;2;2022-08-01;"INCRA — Índices Básicos (IE nº 5/2022; tabela de 2013)";
2801108;45.0;4.0;B3;3;2022-08-01;"INCRA — Índices Básicos (IE nº 5/2022; tabela de 2013)";
2801207;70.0;4.0;B3;4;2022-08-01;"INCRA — Índices Básicos (IE nº 5/2022; tabela de 2013)";
2801306;30.0;2.0;A2;3;2022-08-01;"INCRA — Índices Básicos (IE nº 5/2022; tabela de 2013)";
2801405;70.0;4.0;B3;4;2022-08-01;"INCRA — Índices Básicos (IE nº 5/2022; tabela de 2013)";
2801504;18.0;2.0;A2;3;2022-08-01;"INCRA — Índices Básicos (IE nº 5/2022; tabela de 2013)";
2801603;40.0;4.0;B3;4;2022-08-01;"INCRA — Índices Básicos (IE nº 5/2022; tabela de 2013)";
2801702;35.0;4.0;B3;3;2022-08-01;"INCRA — Índices Básicos (IE nº 5/2022; tabela de 2013)";
2801900;40.0;2.0;A2;4;2022-08-01;"INCRA — Índices Básicos (IE nº 5/2022; tabela de 2013)";
2802007;30.0;2.0;A2;3;2022-08-01;"INCRA — Índices Básicos (IE nº 5/2022; tabela de 2013)";
2802106;10.0;4.0;B3;2;2022-08-01;"INCRA — Índices Básicos (IE nº 5/2022; tabela de 2013)";
2802205;70.0;4.0;B3;4;2022-08-01;"INCRA — Índices Básicos (IE nº 5/2022; tabela de 2013)";
2802304;70.0;4.0;B3;4;2022-08-01;"INCRA — Índices Básicos (IE nº 5/2022; tabela de 2013)";
2802403;70.0;4.0;B3;4;2022-08-01;"INCRA — Índices Básicos (IE nº 5/2022; tabela de 2013)";
2802502;18.0;2.0;A2;3;2022-08-01;"INCRA — Índices Básicos (IE nº 5/2022; tabela de 2013)";
2802601;70.0;4.0;B3;4;2022-08-01;"INCRA — Índices Básicos (IE nº 5/2022; tabela de 2013)";
2802700;18.0;4.0;B3;3;2022-08-01;"INCRA — Índices Básicos (IE nº 5/2022; tabela de 2013)";
2802809;10.0;4.0;B3;2;2022-08-01;"INCRA — Índices Básicos (IE nº 5/2022; tabela de 2013)";
2802908;20.0;4.0;B3;2;2022-08-01;"INCRA — Índices Básicos (IE nº 5/2022; tabela de 2013)";
2803005;30.0;4.0;B3;3;2022-08-01;"INCRA — Índices Básicos (IE nº 5/2022; tabela de 2013)";
2803104;70.0;4.0;B3;4;2022-08-01;"INCRA — Índices Básicos (IE nº 5/2022; tabela de 2013)";
2803203;10.0;2.0;A2;2;2022-08-01;"INCRA — Índices Básicos (IE nº 5/2022; tabela de 2013)";
2803302;30.0;2.0;A2;3;2022-08-01;"INCRA — Índices Básicos (IE nº 5/2022; tabela de 2013)";
2803401;35.0;4.0;B3;4;2022-08-01;"INCRA — Índices Básicos (IE nº 5/2022; tabela de 2013)";
2803500;35.0;4.0;B3;3;2022-08-01;"INCRA — Índices Básicos (IE nº 5/2022; tabela de 2013)";
2803609;30.0;2.0;A2;3;2022-08-01;"INCRA — Índices Básicos (IE nº 5/2022; tabela de 2013)";
2803708;60.0;4.0;B3;2;2022-08-01;"INCRA — Índices Básicos (IE nº 5/2022; tabela de 2013)";
2803807;40.0;4.0;B3;4;2022-08-01;"INCRA — Índices Básicos (IE nº 5/2022; tabela de 2013)";
2803906;30.0;4.0;B3;2;2022-08-01;"INCRA — Índices Básicos (IE nº 5/2022; tabela de 2013)";
2804003;35.0;2.0;A2;3;2022-08-01;"INCRA — Índices Básicos (IE nº 5/2022; tabela de 2013)";
2804102;20.0;4.0;B3;2;2022-08-01;"INCRA — Índices Básicos (IE nº 5/2022; tabela de 2013)";
2804201;70.0;4.0;B3;4;2022-08-01;"INCRA — Índices Básicos (IE nº 5/2022; tabela de 2013)";
2804300;40.0;4.0;B3;4;2022-08-01;"INCRA — Índices Básicos (IE nº 5/2022; tabela de 2013)";
2804409;35.0;4.0;B3;3;2022-08-01;"INCRA — Índices Básicos (IE nº 5/2022; tabela de 2013)";
2804458;70.0;4.0;B3;4;2022-08-01;"INCRA — Índices Básicos (IE nº 5/2022; tabela de 2013)";
2804508;70.0;4.0;B3;4;2022-08-01;"INCRA — Índices Básicos (IE nº 5/2022; tabela de 2013)";
2804607;40.0;2.0;A2;4;2022-08-01;"INCRA — Índices Básicos (IE nº 5/2022; tabela de 2013)";
2804706;60.0;4.0;B3;3;2022-08-01;"INCRA — Índices Básicos (IE nº 5/2022; tabela de 2013)";
2804805;10.0;2.0;A2;2;2022-08-01;"INCRA — Índices Básicos (IE nº 5/2022; tabela de 2013)";
2804904;20.0;4.0;B3;3;2022-08-01;"INCRA — Índices Básicos (IE nº 5/2022; tabela de 2013)";
2805000;70.0;4.0;B3;4;2022-08-01;"INCRA — Índices Básicos (IE nº 5/2022; tabela de 2013)";
2805109;30.0;4.0;B3;3;2022-08-01;"INCRA — Índices Básicos (IE nº 5/2022; tabela de 2013)";
2805208;70.0;4.0;B3;4;2022-08-01;"INCRA — Índices Básicos (IE nº 5/2022; tabela de 2013)";
2805307;18.0;2.0;A2;3;2022-08-01;"INCRA — Índices Básicos (IE nº 5/2022; tabela de 2013)";
2805406;70.0;4.0;B3;4;2022-08-01;"INCRA — Índices Básicos (IE nº 5/2022; tabela de 2013)";
2805505;40.0;4.0;B3;3;2022-08-01;"INCRA — Índices Básicos (IE nº 5/2022; tabela de 2013)";
2805604;70.0;4.0;B3;4;2022-08-01;"INCRA — Índices Básicos (IE nº 5/2022; tabela de 2013)";
2805703;35.0;4.0;B3;3;2022-08-01;"INCRA — Índices Básicos (IE nº 5/2022; tabela de 2013)";
2805802;35.0;4.0;B3;3;2022-08-01;"INCRA — Índices Básicos (IE nº 5/2022; tabela de 2013)";
2805901;35.0;2.0;A2;3;2022-08-01;"INCRA — Índices Básicos (IE nº 5/2022; tabela de 2013)";
2806008;70.0;4.0;B3;4;2022-08-01;"INCRA — Índices Básicos (IE nº 5/2022; tabela de 2013)";
2806107;30.0;2.0;A2;3;2022-08-01;"INCRA — Índices Básicos (IE nº 5/2022; tabela de 2013)";
2806206;30.0;4.0;B3;3;2022-08-01;"INCRA — Índices Básicos (IE nº 5/2022; tabela de 2013)";
2806305;10.0;4.0;B3;2;2022-08-01;"INCRA — Índices Básicos (IE nº 5/2022; tabela de 2013)";
2806503;35.0;2.0;A2;3;2022-08-01;"INCRA — Índices Básicos (IE nº 5/2022; tabela de 2013)";
2806404;35.0;4.0;B3;3;2022-08-01;"INCRA — Índices Básicos (IE nº 5/2022; tabela de 2013)";
2806602;20.0;2.0;A2;3;2022-08-01;"INCRA — Índices Básicos (IE nº 5/2022; tabela de 2013)";
2806701;10.0;2.0;A2;2;2022-08-01;"INCRA — Índices Básicos (IE nº 5/2022; tabela de 2013)";
2806800;30.0;4.0;B3;2;2022-08-01;"INCRA — Índices Básicos (IE nº 5/2022; tabela de 2013)";
2806909;40.0;4.0;B3;4;2022-08-01;"INCRA — Índices Básicos (IE nº 5/2022; tabela de 2013)";
2807006;70.0;4.0;B3;4;2022-08-01;"INCRA — Índices Básicos (IE nº 5/2022; tabela de 2013)";
2807105;40.0;4.0;B3;3;2022-08-01;"INCRA — Índices Básicos (IE nº 5/2022; tabela de 2013)";
2807204;35.0;2.0;A2;3;2022-08-01;"INCRA — Índices Básicos (IE nº 5/2022; tabela de 2013)";
2807303;40.0;4.0;B3;3;2022-08-01;"INCRA — Índices Básicos (IE nº 5/2022; tabela de 2013)";
2807402;70.0;4.0;B3;3;2022-08-01;"INCRA — Índices Básicos (IE nº 5/2022; tabela de 2013)";
2807501;40.0;4.0;B3;3;2022-08-01;"INCRA — Índices Básicos (IE nº 5/2022; tabela de 2013)";
2807600;14.0;4.0;B3;2;2022-08-01;"INCRA — Índices Básicos (IE nº 5/2022; tabela de 2013)";
2200053;70.0;4.0;B3;4;2022-08-01;"INCRA — Índices Básicos (IE nº 5/2022; tabela de 2013)";
2200103;70.0;4.0;B3;4;2022-08-01;"INCRA — Índices Básicos (IE nº 5/2022; tabela de 2013)";
2200202;70.0;4.0;B3;4;2022-08-01;"INCRA — Índices Básicos (IE nº 5/2022; tabela de 2013)";
2200251;70.0;4.0;B3;4;2022-08-01;"INCRA — Índices Básicos (IE nº 5/2022; tabela de 2013)";
2200277;70.0;4.0;B3;4;2022-08-01;"INCRA — Índices Básicos (IE nº 5/2022; tabela de 2013)";
2200301;55.0;2.0;A1;4;2022-08-01;"INCRA — Índices Básicos (IE nº 5/2022; tabela de 2013)";
2200400;30.0;2.0;A1;3;2022-08-01;"INCRA — Índices Básicos (IE nº 5/2022; tabela de 2013)";
2200459;70.0;4.0;B3;4;2022-08-01;"INCRA — Índices Básicos (IE nº 5/2022; tabela de 2013)";
2200509;70.0;4.0;B3;4;2022-08-01;"INCRA — Índices Básicos (IE nº 5/2022; tabela de 2013)";
2200608;70.0;4.0;B3;4;2022-08-01;"INCRA — Índices Básicos (IE nº 5/2022; tabela de 2013)";
2200707;70.0;4.0;B3;4;2022-08-01;"INCRA — Índices Básicos (IE nº 5/2022; tabela de 2013)";
2200806;70.0;4.0;B3;4;2022-08-01;"INCRA — Índices Básicos (IE nº 5/2022; tabela de 2013)";
2200905;70.0;4.0;B3;4;2022-08-01;"INCRA — Índices Básicos (IE nº 5/2022; tabela de 2013)";
2200954;70.0;4.0;B3;4;2022-08-01;"INCRA — Índices Básicos (IE nº 5/2022; tabela de 2013)";
2201002;70.0;4.0;B3;4;2022-08-01;"INCRA — Índices Básicos (IE nº 5/2022; tabela de 2013)";
2201051;60.0;4.0;B3;4;2022-08-01;"INCRA — Índices Básicos (IE nº 5/2022; tabela de 2013)";
2201101;75.0;4.0;B3;4;2022-08-01;"INCRA — Índices Básicos (IE nº 5/2022; tabela de 2013)";
2201150;75.0;4.0;B3;5;2022-08-01;"INCRA — Índices Básicos (IE nº 5/2022; tabela de 2013)";
2201176;70.0;4.0;B3;4;2022-08-01;"INCRA — Índices Básicos (IE nº 5/2022; tabela de 2013)";
2201200;60.0;4.0;B3;4;2022-08-01;"INCRA — Índices Básicos (IE nº 5/2022; tabela de 2013)";
2201309;75.0;4.0;B3;4;2022-08-01;"INCRA — Índices Básicos (IE nº 5/2022; tabela de 2013)";
2201408;70.0;4.0;B3;4;2022-08-01;"INCRA — Índices Básicos (IE nº 5/2022; tabela de 2013)";
2201507;60.0;4.0;B3;4;2022-08-01;"INCRA — Índices Básicos (IE nº 5/2022; tabela de 2013)";
2201556;70.0;4.0;B3;4;2022-08-01;"INCRA — Índices Básicos (IE nº 5/2022; tabela de 2013)";
2201572;70.0;4.0;B3;4;2022-08-01;"INCRA — Índices Básicos (IE nº 5/2022; tabela de 2013)";
2201606;30.0;2.0;A1;3;2022-08-01;"INCRA — Índices Básicos (IE nº 5/2022; tabela de 2013)";
2201705;70.0;4.0;B3;4;2022-08-01;"INCRA — Índices Básicos (IE nº 5/2022; tabela de 2013)";
2201739;70.0;4.0;B3;4;2022-08-01;"INCRA — Índices Básicos (IE nº 5/2022; tabela de 2013)";
2201770;60.0;4.0;B3;4;2022-08-01;"INCRA — Índices Básicos (IE nº 5/2022; tabela de 2013)";
2201804;70.0;4.0;B3;4;2022-08-01;"INCRA — Índices Básicos (IE nº 5/2022; tabela de 2013)";
2201903;70.0;4.0;B3;4;2022-08-01;"INCRA — Índices Básicos (IE nº 5/2022; tabela de 2013)";
2201919;55.0;3.0;B2;3;2022-08-01;"INCRA — Índices Básicos (IE nº 5/2022; tabela de 2013)";
2201929;70.0;4.0;B3;4;2022-08-01;"INCRA — Índices Básicos (IE nº 5/2022; tabela de 2013)";
2201945;55.0;4.0;B3;4;2022-08-01;"INCRA — Índices Básicos (IE nº 5/2022; tabela de 2013)";
2201960;60.0;3.0;B2;4;2022-08-01;"INCRA — Índices Básicos (IE nº 5/2022; tabela de 2013)";
2201988;70.0;4.0;B3;4;2022-08-01;"INCRA — Índices Básicos (IE nº 5/2022; tabela de 2013)";
2202000;55.0;3.0;B2;3;2022-08-01;"INCRA — Índices Básicos (IE nº 5/2022; tabela de 2013)";
2202026;60.0;4.0;B3;4;2022-08-01;"INCRA — Índices Básicos (IE nº 5/2022; tabela de 2013)";
2202059;60.0;4.0;B3;4;2022-08-01;"INCRA — Índices Básicos (IE nº 5/2022; tabela de 2013)";
2202075;70.0;4.0;B3;4;2022-08-01;"INCRA — Índices Básicos (IE nº 5/2022; tabela de 2013)";
2202083;55.0;3.0;B2;3;2022-08-01;"INCRA — Índices Básicos (IE nº 5/2022; tabela de 2013)";
2202091;70.0;4.0;B3;4;2022-08-01;"INCRA — Índices Básicos (IE nº 5/2022; tabela de 2013)";
2202109;70.0;4.0;B3;4;2022-08-01;"INCRA — Índices Básicos (IE nº 5/2022; tabela de 2013)";
2202117;70.0;4.0;B3;4;2022-08-01;"INCRA — Índices Básicos (IE nº 5/2022; tabela de 2013)";
2202133;70.0;4.0;B3;4;2022-08-01;"INCRA — Índices Básicos (IE nº 5/2022; tabela de 2013)";
2202174;55.0;4.0;B3;3;2022-08-01;"INCRA — Índices Básicos (IE nº 5/2022; tabela de 2013)";
2202208;55.0;4.0;B3;4;2022-08-01;"INCRA — Índices Básicos (IE nº 5/2022; tabela de 2013)";
2202251;70.0;4.0;B3;4;2022-08-01;"INCRA — Índices Básicos (IE nº 5/2022; tabela de 2013)";
2202307;70.0;4.0;B3;4;2022-08-01;"INCRA — Índices Básicos (IE nº 5/2022; tabela de 2013)";
2202406;60.0;3.0;B2;4;2022-08-01;"INCRA — Índices Básicos (IE nº 5/2022; tabela de 2013)";
2202455;70.0;4.0;B3;4;2022-08-01;"INCRA — Índices Básicos (IE nº 5/2022; tabela de 2013)";
2202505;70.0;4.0;B3;4;2022-08-01;"INCRA — Índices Básicos (IE nº 5/2022; tabela de 2013)";
2202539;55.0;3.0;B2;3;2022-08-01;"INCRA — Índices Básicos (IE nº 5/2022; tabela de 2013)";
2202554;70.0;4.0;B3;4;2022-08-01;"INCRA — Índices Básicos (IE nº 5/2022; tabela de 2013)";
2202604;60.0;4.0;B3;4;2022-08-01;"INCRA — Índices Básicos (IE nº 5/2022; tabela de 2013)";
2202653;55.0;3.0;B2;3;2022-08-01;"INCRA — Índices Básicos (IE nº 5/2022; tabela de 2013)";
2202703;60.0;3.0;B2;4;2022-08-01;"INCRA — Índices Básicos (IE nº 5/2022; tabela de 2013)";
2202711;55.0;4.0;B3;4;2022-08-01;"INCRA — Índices Básicos (IE nº 5/2022; tabela de 2013)";
2202729;60.0;3.0;B2;4;2022-08-01;"INCRA — Índices Básicos (IE nº 5/2022; tabela de 2013)";
2202737;30.0;2.0;A1;3;2022-08-01;"INCRA — Índices Básicos (IE nº 5/2022; tabela de 2013)";
2202752;70.0;4.0;B3;4;2022-08-01;"INCRA — Índices Básicos (IE nº 5/2022; tabela de 2013)";
2202778;70.0;4.0;B3;4;2022-08-01;"INCRA — Índices Básicos (IE nº 5/2022; tabela de 2013)";
2202802;70.0;4.0;B3;4;2022-08-01;"INCRA — Índices Básicos (IE nº 5/2022; tabela de 2013)";
2202851;70.0;4.0;B3;4;2022-08-01;"INCRA — Índices Básicos (IE nº 5/2022; tabela de 2013)";
2202901;75.0;4.0;B3;4;2022-08-01;"INCRA — Índices Básicos (IE nº 5/2022; tabela de 2013)";
2203008;75.0;4.0;B3;4;2022-08-01;"INCRA — Índices Básicos (IE nº 5/2022; tabela de 2013)";
2203107;70.0;4.0;B3;4;2022-08-01;"INCRA — Índices Básicos (IE nº 5/2022; tabela de 2013)";
2203206;75.0;4.0;B3;4;2022-08-01;"INCRA — Índices Básicos (IE nº 5/2022; tabela de 2013)";
2203230;70.0;4.0;B3;4;2022-08-01;"INCRA — Índices Básicos (IE nº 5/2022; tabela de 2013)";
2203271;70.0;4.0;B3;4;2022-08-01;"INCRA — Índices Básicos (IE nº 5/2022; tabela de 2013)";
2203255;30.0;2.0;A1;3;2022-08-01;"INCRA — Índices Básicos (IE nº 5/2022; tabela de 2013)";
2203305;30.0;2.0;A1;3;2022-08-01;"INCRA — Índices Básicos (IE nº 5/2022; tabela de 2013)";
2203354;70.0;4.0;B3;4;2022-08-01;"INCRA — Índices Básicos (IE nº 5/2022; tabela de 2013)";
2203404;70.0;4.0;B3;4;2022-08-01;"INCRA — Índices Básicos (IE nº 5/2022; tabela de 2013)";
2203453;70.0;4.0;B3;4;2022-08-01;"INCRA — Índices Básicos (IE nº 5/2022; tabela de 2013)";
2203420;60.0;3.0;B2;4;2022-08-01;"INCRA — Índices Básicos (IE nº 5/2022; tabela de 2013)";
2203503;70.0;4.0;B3;4;2022-08-01;"INCRA — Índices Básicos (IE nº 5/2022; tabela de 2013)";
2203602;70.0;4.0;B3;4;2022-08-01;"INCRA — Índices Básicos (IE nº 5/2022; tabela de 2013)";
2203701;55.0;4.0;B3;3;2022-08-01;"INCRA — Índices Básicos (IE nº 5/2022; tabela de 2013)";
2203750;70.0;4.0;B3;4;2022-08-01;"INCRA — Índices Básicos (IE nº 5/2022; tabela de 2013)";
2203800;70.0;4.0;B3;4;2022-08-01;"INCRA — Índices Básicos (IE nº 5/2022; tabela de 2013)";
2203859;70.0;4.0;B3;4;2022-08-01;"INCRA — Índices Básicos (IE nº 5/2022; tabela de 2013)";
2203909;70.0;4.0;B3;4;2022-08-01;"INCRA — Índices Básicos (IE nº 5/2022; tabela de 2013)";
2204006;70.0;4.0;B3;4;2022-08-01;"INCRA — Índices Básicos (IE nº 5/2022; tabela de 2013)";
2204105;70.0;4.0;B3;4;2022-08-01;"INCRA — Índices Básicos (IE nº 5/2022; tabela de 2013)";
2204154;70.0;4.0;B3;4;2022-08-01;"INCRA — Índices Básicos (IE nº 5/2022; tabela de 2013)";
2204204;70.0;4.0;B3;4;2022-08-01;"INCRA — Índices Básicos (IE nº 5/2022; tabela de 2013)";
2204303;70.0;4.0;B3;4;2022-08-01;"INCRA — Índices Básicos (IE nº 5/2022; tabela de 2013)";
2204352;70.0;4.0;B3;4;2022-08-01;"INCRA — Índices Básicos (IE nº 5/2022; tabela de 2013)";
2204402;75.0;4.0;B3;4;2022-08-01;"INCRA — Índices Básicos (IE nº 5/2022; tabela de 2013)";
2204501;70.0;4.0;B3;4;2022-08-01;"INCRA — Índices Básicos (IE nº 5/2022; tabela de 2013)";
2204550;70.0;4.0;B3;4;2022-08-01;"INCRA — Índices Básicos (IE nº 5/2022; tabela de 2013)";
2204600;70.0;4.0;B3;4;2022-08-01;"INCRA — Índices Básicos (IE nº 5/2022; tabela de 2013)";
2204659;55.0;3.0;B2;3;2022-08-01;"INCRA — Índices Básicos (IE nº 5/2022; tabela de 2013)";
2204709;70.0;4.0;B3;4;2022-08-01;"INCRA — Índices Básicos (IE nº 5/2022; tabela de 2013)";
2204808;70.0;4.0;B3;4;2022-08-01;"INCRA — Índices Básicos (IE nº 5/2022; tabela de 2013)";
2204907;70.0;4.0;B3;4;2022-08-01;"INCRA — Índices Básicos (IE nº 5/2022; tabela de 2013)";
2205003;70.0;4.0;B3;4;2022-08-01;"INCRA — Índices Básicos (IE nº 5/2022; tabela de 2013)";
2205102;70.0;4.0;B3;4;2022-08-01;"INCRA — Índices Básicos (IE nº 5/2022; tabela de 2013)";
2205151;70.0;4.0;B3;4;2022-08-01;"INCRA — Índices Básicos (IE nº 5/2022; tabela de 2013)";
2205201;70.0;4.0;B3;4;2022-08-01;"INCRA — Índices Básicos (IE nº 5/2022; tabela de 2013)";
2205250;70.0;4.0;B3;4;2022-08-01;"INCRA — Índices Básicos (IE nº 5/2022; tabela de 2013)";
2205276;55.0;4.0;B3;4;2022-08-01;"INCRA — Índices Básicos (IE nº 5/2022; tabela de 2013)";
2205300;70.0;4.0;B3;4;2022-08-01;"INCRA — Índices Básicos (IE nº 5/2022; tabela de 2013)";
2205359;70.0;4.0;B3;4;2022-08-01;"INCRA — Índices Básicos (IE nº 5/2022; tabela de 2013)";
2205409;55.0;4.0;B3;3;2022-08-01;"INCRA — Índices Básicos (IE nº 5/2022; tabela de 2013)";
2205458;55.0;4.0;B3;3;2022-08-01;"INCRA — Índices Básicos (IE nº 5/2022; tabela de 2013)";
2205508;30.0;2.0;A1;3;2022-08-01;"INCRA — Índices Básicos (IE nº 5/2022; tabela de 2013)";
2205516;60.0;4.0;B3;4;2022-08-01;"INCRA — Índices Básicos (IE nº 5/2022; tabela de 2013)";
2205524;75.0;4.0;B3;4;2022-08-01;"INCRA — Índices Básicos (IE nº 5/2022; tabela de 2013)";
2205532;70.0;4.0;B3;4;2022-08-01;"INCRA — Índices Básicos (IE nº 5/2022; tabela de 2013)";
2205557;30.0;2.0;A1;3;2022-08-01;"INCRA — Índices Básicos (IE nº 5/2022; tabela de 2013)";
2205573;60.0;3.0;B2;4;2022-08-01;"INCRA — Índices Básicos (IE nº 5/2022; tabela de 2013)";
2205565;70.0;4.0;B3;4;2022-08-01;"INCRA — Índices Básicos (IE nº 5/2022; tabela de 2013)";
2205581;30.0;2.0;A1;3;2022-08-01;"INCRA — Índices Básicos (IE nº 5/2022; tabela de 2013)";
2205599;70.0;4.0;B3;4;2022-08-01;"INCRA — Índices Básicos (IE nº 5/2022; tabela de 2013)";
2205540;70.0;4.0;B3;4;2022-08-01;"INCRA — Índices Básicos (IE nº 5/2022; tabela de 2013)";
2205607;70.0;4.0;B3;4;2022-08-01;"INCRA — Índices Básicos (IE nº 5/2022; tabela de 2013)";
2205706;55.0;3.0;B2;3;2022-08-01;"INCRA — Índices Básicos (IE nº 5/2022; tabela de 2013)";
2205805;55.0;4.0;B3;3;2022-08-01;"INCRA — Índices Básicos (IE nº 5/2022; tabela de 2013)";
2205854;55.0;4.0;B3;3;2022-08-01;"INCRA — Índices Básicos (IE nº 5/2022; tabela de 2013)";
2205904;70.0;4.0;B3;4;2022-08-01;"INCRA — Índices Básicos (IE nº 5/2022; tabela de 2013)";
2205953;70.0;4.0;B3;4;2022-08-01;"INCRA — Índices Básicos (IE nº 5/2022; tabela de 2013)";
2206001;70.0;4.0;B3;4;2022-08-01;"INCRA — Índices Básicos (IE nº 5/2022; tabela de 2013)";
2206050;70.0;4.0;B3;4;2022-08-01;"INCRA — Índices Básicos (IE nº 5/2022; tabela de 2013)";
2206100;55.0;4.0;B3;3;2022-08-01;"INCRA — Índices Básicos (IE nº 5/2022; tabela de 2013)";
2206209;30.0;2.0;A1;3;2022-08-01;"INCRA — Índices Básicos (IE nº 5/2022; tabela de 2013)";
2206308;70.0;4.0;B3;4;2022-08-01;"INCRA — Índices Básicos (IE nº 5/2022; tabela de 2013)";
2206357;60.0;3.0;B2;4;2022-08-01;"INCRA — Índices Básicos (IE nº 5/2022; tabela de 2013)";
2206407;30.0;2.0;A1;3;2022-08-01;"INCRA — Índices Básicos (IE nº 5/2022; tabela de 2013)";
2206506;70.0;4.0;B3;4;2022-08-01;"INCRA — Índices Básicos (IE nº 5/2022; tabela de 2013)";
2206605;75.0;4.0;B3;4;2022-08-01;"INCRA — Índices Básicos (IE nº 5/2022; tabela de 2013)";
2206654;75.0;4.0;B3;4;2022-08-01;"INCRA — Índices Básicos (IE nº 5/2022; tabela de 2013)";
2206670;55.0;4.0;B3;3;2022-08-01;"INCRA — Índices Básicos (IE nº 5/2022; tabela de 2013)";
2206696;55.0;3.0;B2;3;2022-08-01;"INCRA — Índices Básicos (IE nº 5/2022; tabela de 2013)";
2206704;70.0;4.0;B3;4;2022-08-01;"INCRA — Índices Básicos (IE nº 5/2022; tabela de 2013)";
2206720;15.0;2.0;A1;3;2022-08-01;"INCRA — Índices Básicos (IE nº 5/2022; tabela de 2013)";
2206753;55.0;4.0;B3;4;2022-08-01;"INCRA — Índices Básicos (IE nº 5/2022; tabela de 2013)";
2206803;55.0;4.0;B3;3;2022-08-01;"INCRA — Índices Básicos (IE nº 5/2022; tabela de 2013)";
2207959;70.0;4.0;B3;4;2022-08-01;"INCRA — Índices Básicos (IE nº 5/2022; tabela de 2013)";
2206902;70.0;4.0;B3;4;2022-08-01;"INCRA — Índices Básicos (IE nº 5/2022; tabela de 2013)";
2206951;55.0;2.0;A1;4;2022-08-01;"INCRA — Índices Básicos (IE nº 5/2022; tabela de 2013)";
2207009;70.0;4.0;B3;4;2022-08-01;"INCRA — Índices Básicos (IE nº 5/2022; tabela de 2013)";
2207108;70.0;4.0;B3;4;2022-08-01;"INCRA — Índices Básicos (IE nº 5/2022; tabela de 2013)";
2207207;70.0;4.0;B3;4;2022-08-01;"INCRA — Índices Básicos (IE nº 5/2022; tabela de 2013)";
2207306;70.0;4.0;B3;4;2022-08-01;"INCRA — Índices Básicos (IE nº 5/2022; tabela de 2013)";
2207355;70.0;4.0;B3;4;2022-08-01;"INCRA — Índices Básicos (IE nº 5/2022; tabela de 2013)";
2207405;70.0;4.0;B3;4;2022-08-01;"INCRA — Índices Básicos (IE nº 5/2022; tabela de 2013)";
2207504;70.0;4.0;B3;4;2022-08-01;"INCRA — Índices Básicos (IE nº 5/2022; tabela de 2013)";
2207553;70.0;4.0;B3;4;2022-08-01;"INCRA — Índices Básicos (IE nº 5/2022; tabela de 2013)";
2207603;75.0;4.0;B3;4;2022-08-01;"INCRA — Índices Básicos (IE nº 5/2022; tabela de 2013)";
2207702;55.0;3.0;B2;3;2022-08-01;"INCRA — Índices Básicos (IE nº 5/2022; tabela de 2013)";
2207751;70.0;4.0;B3;4;2022-08-01;"INCRA — Índices Básicos (IE nº 5/2022; tabela de 2013)";
2207777;70.0;4.0;B3;4;2022-08-01;"INCRA — Índices Básicos (IE nº 5/2022; tabela de 2013)";
2207793;30.0;2.0;A1;3;2022-08-01;"INCRA — Índices Básicos (IE nº 5/2022; tabela de 2013)";
2207801;70.0;4.0;B3;4;2022-08-01;"INCRA — Índices Básicos (IE nº 5/2022; tabela de 2013)";
2207850;70.0;4.0;B3;4;2022-08-01;"INCRA — Índices Básicos (IE nº 5/2022; tabela de 2013)";
2207900;60.0;3.0;B2;4;2022-08-01;"INCRA — Índices Básicos (IE nº 5/2022; tabela de 2013)";
2207934;70.0;4.0;B3;4;2022-08-01;"INCRA — Índices Básicos (IE nº 5/2022; tabela de 2013)";
2208007;70.0;4.0;B3;4;2022-08-01;"INCRA — Índices Básicos (IE nº 5/2022; tabela de 2013)";
2208106;70.0;4.0;B3;4;2022-08-01;"INCRA — Índices Básicos (IE nº 5/2022; tabela de 2013)";
2208205;70.0;4.0;B3;4;2022-08-01;"INCRA — Índices Básicos (IE nº 5/2022; tabela de 2013)";
2208304;60.0;3.0;B2;4;2022-08-01;"INCRA — Índices Básicos (IE nº 5/2022; tabela de 2013)";
2208403;60.0;3.0;B2;4;2022-08-01;"INCRA — Índices Básicos (IE nº 5/2022; tabela de 2013)";
2208502;55.0;4.0;B3;3;2022-08-01;"INCRA — Índices Básicos (IE nº 5/2022; tabela de 2013)";
2208551;70.0;4.0;B3;4;2022-08-01;"INCRA — Índices Básicos (IE nº 5/2022; tabela de 2013)";
2208601;70.0;4.0;B3;4;2022-08-01;"INCRA — Índices Básicos (IE nº 5/2022; tabela de 2013)";
2208650;70.0;4.0;B3;4;2022-08-01;"INCRA — Índices Básicos (IE nº 5/2022; tabela de 2013)";
2208700;70.0;4.0;B3;4;2022-08-01;"INCRA — Índices Básicos (IE nº 5/2022; tabela de 2013)";
2208809;70.0;4.0;B3;4;2022-08-01;"INCRA — Índices Básicos (IE nº 5/2022; tabela de 2013)";
2208858;75.0;4.0;B3;4;2022-08-01;"INCRA — Índices Básicos (IE nº 5/2022; tabela de 2013)";
2208874;70.0;4.0;B3;4;2022-08-01;"INCRA — Índices Básicos (IE nº 5/2022; tabela de 2013)";
2208908;75.0;4.0;B3;5;2022-08-01;"INCRA — Índices Básicos (IE nº 5/2022; tabela de 2013)";
2209005;70.0;4.0;B3;4;2022-08-01;"INCRA — Índices Básicos (IE nº 5/2022; tabela de 2013)";
2209104;70.0;4.0;B3;4;2022-08-01;"INCRA — Índices Básicos (IE nº 5/2022; tabela de 2013)";
2209153;70.0;4.0;B3;4;2022-08-01;"INCRA — Índices Básicos (IE nº 5/2022; tabela de 2013)";
2209203;75.0;4.0;B3;5;2022-08-01;"INCRA — Índices Básicos (IE nº 5/2022; tabela de 2013)";
2209302;70.0;4.0;B3;4;2022-08-01;"INCRA — Índices Básicos (IE nº 5/2022; tabela de 2013)";
2209377;70.0;4.0;B3;4;2022-08-01;"INCRA — Índices Básicos (IE nº 5/2022; tabela de 2013)";
2209351;70.0;4.0;B3;4;2022-08-01;"INCRA — Índices Básicos (IE nº 5/2022; tabela de 2013)";
2209401;70.0;4.0;B3;4;2022-08-01;"INCRA — Índices Básicos (IE nº 5/2022; tabela de 2013)";
2209450;70.0;4.0;B3;4;2022-08-01;"INCRA — Índices Básicos (IE nº 5/2022; tabela de 2013)";
2209500;70.0;4.0;B3;4;2022-08-01;"INCRA — Índices Básicos (IE nº 5/2022; tabela de 2013)";
2209559;70.0;4.0;B3;4;2022-08-01;"INCRA — Índices Básicos (IE nº 5/2022; tabela de 2013)";
2209609;70.0;4.0;B3;4;2022-08-01;"INCRA — Índices Básicos (IE nº 5/2022; tabela de 2013)";
2209658;70.0;4.0;B3;4;2022-08-01;"INCRA — Índices Básicos (IE nº 5/2022; tabela de 2013)";
2209708;70.0;4.0;B3;4;2022-08-01;"INCRA — Índices Básicos (IE nº 5/2022; tabela de 2013)";
2209757;75.0;4.0;B3;4;2022-08-01;"INCRA — Índices Básicos (IE nº 5/2022; tabela de 2013)";
2209807;70.0;4.0;B3;4;2022-08-01;"INCRA — Índices Básicos (IE nº 5/2022; tabela de 2013)";
2209856;70.0;4.0;B3;4;2022-08-01;"INCRA — Índices Básicos (IE nº 5/2022; tabela de 2013)";
2209872;60.0;3.0;B2;4;2022-08-01;"INCRA — Índices Básicos (IE nº 5/2022; tabela de 2013)";
2209906;55.0;4.0;B3;4;2022-08-01;"INCRA — Índices Básicos (IE nº 5/2022; tabela de 2013)";
2209955;70.0;4.0;B3;4;2022-08-01;"INCRA — Índices Básicos (IE nº 5/2022; tabela de 2013)";
2209971;55.0;4.0;B3;3;2022-08-01;"INCRA — Índices Básicos (IE nº 5/2022; tabela de 2013)";
2210003;70.0;4.0;B3;4;2022-08-01;"INCRA — Índices Básicos (IE nº 5/2022; tabela de 2013)";
2210052;60.0;3.0;B2;4;2022-08-01;"INCRA — Índices Básicos (IE nº 5/2022; tabela de 2013)";
2210102;70.0;4.0;B3;4;2022-08-01;"INCRA — Índices Básicos (IE nº 5/2022; tabela de 2013)";
2210201;70.0;4.0;B3;4;2022-08-01;"INCRA — Índices Básicos (IE nº 5/2022; tabela de 2013)";
2210300;70.0;4.0;B3;4;2022-08-01;"INCRA — Índices Básicos (IE nº 5/2022; tabela de 2013)";
2210359;70.0;4.0;B3;4;2022-08-01;"INCRA — Índices Básicos (IE nº 5/2022; tabela de 2013)";
2210375;70.0;4.0;B3;4;2022-08-01;"INCRA — Índices Básicos (IE nº 5/2022; tabela de 2013)";
2210383;70.0;4.0;B3;4;2022-08-01;"INCRA — Índices Básicos (IE nº 5/2022; tabela de 2013)";
2210391;70.0;4.0;B3;4;2022-08-01;"INCRA — Índices Básicos (IE nº 5/2022; tabela de 2013)";
2210409;60.0;4.0;B3;4;2022-08-01;"INCRA — Índices Básicos (IE nº 5/2022; tabela de 2013)";
2210508;70.0;4.0;B3;4;2022-08-01;"INCRA — Índices Básicos (IE nº 5/2022; tabela de 2013)";
2210607;70.0;4.0;B3;4;2022-08-01;"INCRA — Índices Básicos (IE nº 5/2022; tabela de 2013)";
2210623;75.0;4.0;B3;4;2022-08-01;"INCRA — Índices Básicos (IE nº 5/2022; tabela de 2013)";
2210631;70.0;4.0;B3;4;2022-08-01;"INCRA — Índices Básicos (IE nº 5/2022; tabela de 2013)";
2210656;55.0;4.0;B3;4;2022-08-01;"INCRA — Índices Básicos (IE nº 5/2022; tabela de 2013)";
2210706;70.0;4.0;B3;4;2022-08-01;"INCRA — Índices Básicos (IE nº 5/2022; tabela de 2013)";
2210805;70.0;4.0;B3;4;2022-08-01;"INCRA — Índices Básicos (IE nº 5/2022; tabela de 2013)";
2210904;70.0;4.0;B3;4;2022-08-01;"INCRA — Índices Básicos (IE nº 5/2022; tabela de 2013)";
2210938;70.0;4.0;B3;4;2022-08-01;"INCRA — Índices Básicos (IE nº 5/2022; tabela de 2013)";
2210953;70.0;4.0;B3;4;2022-08-01;"INCRA — Índices Básicos (IE nº 5/2022; tabela de 2013)";
2210979;70.0;4.0;B3;4;2022-08-01;"INCRA — Índices Básicos (IE nº 5/2022; tabela de 2013)";
2211001;15.0;2.0;A1;3;2022-08-01;"INCRA — Índices Básicos (IE nº 5/2022; tabela de 2013)";
2211100;30.0;2.0;A1;3;2022-08-01;"INCRA — Índices Básicos (IE nº 5/2022; tabela de 2013)";
2211209;75.0;4.0;B3;5;2022-08-01;"INCRA — Índices Básicos (IE nº 5/2022; tabela de 2013)";
2211308;70.0;4.0;B3;4;2022-08-01;"INCRA — Índices Básicos (IE nº 5/2022; tabela de 2013)";
2211357;70.0;4.0;B3;4;2022-08-01;"INCRA — Índices Básicos (IE nº 5/2022; tabela de 2013)";
2211407;70.0;4.0;B3;4;2022-08-01;"INCRA — Índices Básicos (IE nº 5/2022; tabela de 2013)";
2211506;70.0;4.0;B3;4;2022-08-01;"INCRA — Índices Básicos (IE nº 5/2022; tabela de 2013)";
2211605;70.0;4.0;B3;4;2022-08-01;"INCRA — Índices Básicos (IE nº 5/2022; tabela de 2013)";
2211704;70.0;4.0;B3;4;2022-08-01;"INCRA — Índices Básicos (IE nº 5/2022; tabela de 2013)";
1400050;80.0;3.0;B2;3;2022-08-01;"INCRA — Índices Básicos (IE nº 5/2022; tabela de 2013)";
1400027;80.0;3.0;B2;3;2022-08-01;"INCRA — Índices Básicos (IE nº 5/2022; tabela de 2013)";
1400100;80.0;3.0;B2;3;2022-08-01;"INCRA — Índices Básicos (IE nº 5/2022; tabela de 2013)";
1400159;80.0;3.0;B2;3;2022-08-01;"INCRA — Índices Básicos (IE nº 5/2022; tabela de 2013)";
1400175;80.0;3.0;B2;3;2022-08-01;"INCRA — Índices Básicos (IE nº 5/2022; tabela de 2013)";
1400209;100.0;4.0;C1;3;2022-08-01;"INCRA — Índices Básicos (IE nº 5/2022; tabela de 2013)";
1400233;100.0;5.0;C2;3;2022-08-01;"INCRA — Índices Básicos (IE nº 5/2022; tabela de 2013)";
1400282;100.0;4.0;C1;3;2022-08-01;"INCRA — Índices Básicos (IE nº 5/2022; tabela de 2013)";
1400308;100.0;3.0;B2;3;2022-08-01;"INCRA — Índices Básicos (IE nº 5/2022; tabela de 2013)";
1400407;80.0;3.0;B2;3;2022-08-01;"INCRA — Índices Básicos (IE nº 5/2022; tabela de 2013)";
1400456;80.0;3.0;B2;3;2022-08-01;"INCRA — Índices Básicos (IE nº 5/2022; tabela de 2013)";
1400472;100.0;5.0;C2;3;2022-08-01;"INCRA — Índices Básicos (IE nº 5/2022; tabela de 2013)";
1400506;100.0;5.0;C2;3;2022-08-01;"INCRA — Índices Básicos (IE nº 5/2022; tabela de 2013)";
1400605;100.0;5.0;C2;3;2022-08-01;"INCRA — Índices Básicos (IE nº 5/2022; tabela de 2013)";
1400704;80.0;3.0;B2;3;2022-08-01;"INCRA — Índices Básicos (IE nº 5/2022; tabela de 2013)";
1700251;80.0;3.0;B2;4;2022-08-01;"INCRA — Índices Básicos (IE nº 5/2022; tabela de 2013)";
1700301;80.0;4.0;B3;4;2022-08-01;"INCRA — Índices Básicos (IE nº 5/2022; tabela de 2013)";
1700350;80.0;2.0;A2;4;2022-08-01;"INCRA — Índices Básicos (IE nº 5/2022; tabela de 2013)";
1700400;80.0;4.0;B3;4;2022-08-01;"INCRA — Índices Básicos (IE nº 5/2022; tabela de 2013)";
1700707;80.0;2.0;A2;4;2022-08-01;"INCRA — Índices Básicos (IE nº 5/2022; tabela de 2013)";
1701002;80.0;3.0;B2;4;2022-08-01;"INCRA — Índices Básicos (IE nº 5/2022; tabela de 2013)";
1701051;80.0;3.0;B2;4;2022-08-01;"INCRA — Índices Básicos (IE nº 5/2022; tabela de 2013)";
1701101;80.0;4.0;B3;4;2022-08-01;"INCRA — Índices Básicos (IE nº 5/2022; tabela de 2013)";
1701309;80.0;3.0;B2;4;2022-08-01;"INCRA — Índices Básicos (IE nº 5/2022; tabela de 2013)";
1701903;80.0;3.0;B2;4;2022-08-01;"INCRA — Índices Básicos (IE nº 5/2022; tabela de 2013)";
1702000;70.0;2.0;A2;4;2022-08-01;"INCRA — Índices Básicos (IE nº 5/2022; tabela de 2013)";
1702109;80.0;3.0;B2;4;2022-08-01;"INCRA — Índices Básicos (IE nº 5/2022; tabela de 2013)";
1702158;80.0;3.0;B2;4;2022-08-01;"INCRA — Índices Básicos (IE nº 5/2022; tabela de 2013)";
1702208;80.0;4.0;B3;4;2022-08-01;"INCRA — Índices Básicos (IE nº 5/2022; tabela de 2013)";
1702307;80.0;3.0;B2;4;2022-08-01;"INCRA — Índices Básicos (IE nº 5/2022; tabela de 2013)";
1702406;80.0;4.0;B3;4;2022-08-01;"INCRA — Índices Básicos (IE nº 5/2022; tabela de 2013)";
1702554;80.0;4.0;B3;4;2022-08-01;"INCRA — Índices Básicos (IE nº 5/2022; tabela de 2013)";
1702703;80.0;4.0;B3;4;2022-08-01;"INCRA — Índices Básicos (IE nº 5/2022; tabela de 2013)";
1702901;80.0;4.0;B3;4;2022-08-01;"INCRA — Índices Básicos (IE nº 5/2022; tabela de 2013)";
1703008;80.0;3.0;B2;4;2022-08-01;"INCRA — Índices Básicos (IE nº 5/2022; tabela de 2013)";
1703057;80.0;3.0;B2;4;2022-08-01;"INCRA — Índices Básicos (IE nº 5/2022; tabela de 2013)";
1703073;80.0;3.0;B2;4;2022-08-01;"INCRA — Índices Básicos (IE nº 5/2022; tabela de 2013)";
1703107;80.0;3.0;B2;4;2022-08-01;"INCRA — Índices Básicos (IE nº 5/2022; tabela de 2013)";
1703206;80.0;3.0;B2;4;2022-08-01;"INCRA — Índices Básicos (IE nº 5/2022; tabela de 2013)";
1703305;80.0;4.0;B3;4;2022-08-01;"INCRA — Índices Básicos (IE nº 5/2022; tabela de 2013)";
1703602;80.0;3.0;B2;4;2022-08-01;"INCRA — Índices Básicos (IE nº 5/2022; tabela de 2013)";
1703701;80.0;3.0;B2;4;2022-08-01;"INCRA — Índices Básicos (IE nº 5/2022; tabela de 2013)";
1703800;80.0;4.0;B3;4;2022-08-01;"INCRA — Índices Básicos (IE nº 5/2022; tabela de 2013)";
1703826;80.0;4.0;B3;4;2022-08-01;"INCRA — Índices Básicos (IE nº 5/2022; tabela de 2013)";
1703842;80.0;3.0;B2;4;2022-08-01;"INCRA — Índices Básicos (IE nº 5/2022; tabela de 2013)";
1703867;80.0;2.0;A2;4;2022-08-01;"INCRA — Índices Básicos (IE nº 5/2022; tabela de 2013)";
1703883;80.0;3.0;B2;4;2022-08-01;"INCRA — Índices Básicos (IE nº 5/2022; tabela de 2013)";
1703891;80.0;4.0;B3;4;2022-08-01;"INCRA — Índices Básicos (IE nº 5/2022; tabela de 2013)";
1703909;80.0;3.0;B2;4;2022-08-01;"INCRA — Índices Básicos (IE nº 5/2022; tabela de 2013)";
1704105;80.0;4.0;B3;4;2022-08-01;"INCRA — Índices Básicos (IE nº 5/2022; tabela de 2013)";
1705102;80.0;3.0;B2;4;2022-08-01;"INCRA — Índices Básicos (IE nº 5/2022; tabela de 2013)";
1704600;80.0;3.0;B2;4;2022-08-01;"INCRA — Índices Básicos (IE nº 5/2022; tabela de 2013)";
1705508;80.0;3.0;B2;4;2022-08-01;"INCRA — Índices Básicos (IE nº 5/2022; tabela de 2013)";
1716703;80.0;4.0;B3;4;2022-08-01;"INCRA — Índices Básicos (IE nº 5/2022; tabela de 2013)";
1705557;80.0;4.0;B3;4;2022-08-01;"INCRA — Índices Básicos (IE nº 5/2022; tabela de 2013)";
1705607;80.0;4.0;B3;4;2022-08-01;"INCRA — Índices Básicos (IE nº 5/2022; tabela de 2013)";
1706001;80.0;4.0;B3;4;2022-08-01;"INCRA — Índices Básicos (IE nº 5/2022; tabela de 2013)";
1706100;80.0;3.0;B2;4;2022-08-01;"INCRA — Índices Básicos (IE nº 5/2022; tabela de 2013)";
1706258;80.0;2.0;A2;4;2022-08-01;"INCRA — Índices Básicos (IE nº 5/2022; tabela de 2013)";
1706506;80.0;3.0;B2;4;2022-08-01;"INCRA — Índices Básicos (IE nº 5/2022; tabela de 2013)";
1707009;80.0;4.0;B3;4;2022-08-01;"INCRA — Índices Básicos (IE nº 5/2022; tabela de 2013)";
1707108;80.0;3.0;B2;4;2022-08-01;"INCRA — Índices Básicos (IE nº 5/2022; tabela de 2013)";
1707207;80.0;4.0;B3;4;2022-08-01;"INCRA — Índices Básicos (IE nº 5/2022; tabela de 2013)";
1707306;80.0;2.0;A2;4;2022-08-01;"INCRA — Índices Básicos (IE nº 5/2022; tabela de 2013)";
1707405;80.0;4.0;B3;4;2022-08-01;"INCRA — Índices Básicos (IE nº 5/2022; tabela de 2013)";
1707553;80.0;3.0;B2;4;2022-08-01;"INCRA — Índices Básicos (IE nº 5/2022; tabela de 2013)";
1707652;80.0;2.0;A2;4;2022-08-01;"INCRA — Índices Básicos (IE nº 5/2022; tabela de 2013)";
1707702;80.0;3.0;B2;4;2022-08-01;"INCRA — Índices Básicos (IE nº 5/2022; tabela de 2013)";
1708205;80.0;2.0;A2;4;2022-08-01;"INCRA — Índices Básicos (IE nº 5/2022; tabela de 2013)";
1708254;80.0;4.0;B3;4;2022-08-01;"INCRA — Índices Básicos (IE nº 5/2022; tabela de 2013)";
1708304;80.0;4.0;B3;4;2022-08-01;"INCRA — Índices Básicos (IE nº 5/2022; tabela de 2013)";
1709005;80.0;3.0;B2;4;2022-08-01;"INCRA — Índices Básicos (IE nº 5/2022; tabela de 2013)";
1709302;80.0;4.0;B3;4;2022-08-01;"INCRA — Índices Básicos (IE nº 5/2022; tabela de 2013)";
1709500;80.0;2.0;A2;4;2022-08-01;"INCRA — Índices Básicos (IE nº 5/2022; tabela de 2013)";
1709807;80.0;3.0;B2;4;2022-08-01;"INCRA — Índices Básicos (IE nº 5/2022; tabela de 2013)";
1710508;80.0;3.0;B2;4;2022-08-01;"INCRA — Índices Básicos (IE nº 5/2022; tabela de 2013)";
1710706;80.0;4.0;B3;4;2022-08-01;"INCRA — Índices Básicos (IE nº 5/2022; tabela de 2013)";
1710904;80.0;3.0;B2;4;2022-08-01;"INCRA — Índices Básicos (IE nº 5/2022; tabela de 2013)";
1711100;80.0;4.0;B3;4;2022-08-01;"INCRA — Índices Básicos (IE nº 5/2022; tabela de 2013)";
1711506;80.0;2.0;A2;4;2022-08-01;"INCRA — Índices Básicos (IE nº 5/2022; tabela de 2013)";
1711803;80.0;3.0;B2;4;2022-08-01;"INCRA — Índices Básicos (IE nº 5/2022; tabela de 2013)";
1711902;80.0;3.0;B2;4;2022-08-01;"INCRA — Índices Básicos (IE nº 5/2022; tabela de 2013)";
1711951;80.0;4.0;B3;4;2022-08-01;"INCRA — Índices Básicos (IE nº 5/2022; tabela de 2013)";
1712009;80.0;4.0;B3;4;2022-08-01;"INCRA — Índices Básicos (IE nº 5/2022; tabela de 2013)";
1712157;80.0;4.0;B3;4;2022-08-01;"INCRA — Índices Básicos (IE nº 5/2022; tabela de 2013)";
1712405;80.0;4.0;B3;4;2022-08-01;"INCRA — Índices Básicos (IE nº 5/2022; tabela de 2013)";
1712454;80.0;4.0;B3;4;2022-08-01;"INCRA — Índices Básicos (IE nº 5/2022; tabela de 2013)";
1712504;80.0;3.0;B2;4;2022-08-01;"INCRA — Índices Básicos (IE nº 5/2022; tabela de 2013)";
1712702;80.0;4.0;B3;4;2022-08-01;"INCRA — Índices Básicos (IE nº 5/2022; tabela de 2013)";
1712801;80.0;4.0;B3;4;2022-08-01;"INCRA — Índices Básicos (IE nº 5/2022; tabela de 2013)";
1713205;80.0;4.0;B3;4;2022-08-01;"INCRA — Índices Básicos (IE nº 5/2022; tabela de 2013)";
1713304;80.0;4.0;B3;4;2022-08-01;"INCRA — Índices Básicos (IE nº 5/2022; tabela de 2013)";
1713601;80.0;3.0;B2;4;2022-08-01;"INCRA — Índices Básicos (IE nº 5/2022; tabela de 2013)";
1713700;80.0;3.0;B2;4;2022-08-01;"INCRA — Índices Básicos (IE nº 5/2022; tabela de 2013)";
1713957;80.0;3.0;B2;4;2022-08-01;"INCRA — Índices Básicos (IE nº 5/2022; tabela de 2013)";
1714203;80.0;3.0;B2;4;2022-08-01;"INCRA — Índices Básicos (IE nº 5/2022; tabela de 2013)";
1714302;80.0;4.0;B3;4;2022-08-01;"INCRA — Índices Básicos (IE nº 5/2022; tabela de 2013)";
1714880;80.0;3.0;B2;4;2022-08-01;"INCRA — Índices Básicos (IE nº 5/2022; tabela de 2013)";
1715002;80.0;3.0;B2;4;2022-08-01;"INCRA — Índices Básicos (IE nº 5/2022; tabela de 2013)";
1715101;80.0;4.0;B3;4;2022-08-01;"INCRA — Índices Básicos (IE nº 5/2022; tabela de 2013)";
1715150;80.0;4.0;B3;4;2022-08-01;"INCRA — Índices Básicos (IE nº 5/2022; tabela de 2013)";
1715259;80.0;4.0;B3;4;2022-08-01;"INCRA — Índices Básicos (IE nº 5/2022; tabela de 2013)";
1715507;80.0;3.0;B2;4;2022-08-01;"INCRA — Índices Básicos (IE nº 5/2022; tabela de 2013)";
1721000;80.0;4.0;B3;4;2022-08-01;"INCRA — Índices Básicos (IE nº 5/2022; tabela de 2013)";
1715705;80.0;3.0;B2;4;2022-08-01;"INCRA — Índices Básicos (IE nº 5/2022; tabela de 2013)";
1713809;80.0;4.0;B3;4;2022-08-01;"INCRA — Índices Básicos (IE nº 5/2022; tabela de 2013)";
1715754;80.0;2.0;A2;4;2022-08-01;"INCRA — Índices Básicos (IE nº 5/2022; tabela de 2013)";
1716109;80.0;3.0;B2;4;2022-08-01;"INCRA — Índices Básicos (IE nº 5/2022; tabela de 2013)";
1716208;80.0;2.0;A2;4;2022-08-01;"INCRA — Índices Básicos (IE nº 5/2022; tabela de 2013)";
1716307;80.0;3.0;B2;4;2022-08-01;"INCRA — Índices Básicos (IE nº 5/2022; tabela de 2013)";
1716505;80.0;4.0;B3;4;2022-08-01;"INCRA — Índices Básicos (IE nº 5/2022; tabela de 2013)";
1716604;80.0;2.0;A2;4;2022-08-01;"INCRA — Índices Básicos (IE nº 5/2022; tabela de 2013)";
1716653;80.0;4.0;B3;4;2022-08-01;"INCRA — Índices Básicos (IE nº 5/2022; tabela de 2013)";
1717008;80.0;3.0;B2;4;2022-08-01;"INCRA — Índices Básicos (IE nº 5/2022; tabela de 2013)";
1717206;80.0;3.0;B2;4;2022-08-01;"INCRA — Índices Básicos (IE nº 5/2022; tabela de 2013)";
1717503;80.0;3.0;B2;4;2022-08-01;"INCRA — Índices Básicos (IE nº 5/2022; tabela de 2013)";
1717800;80.0;4.0;B3;4;2022-08-01;"INCRA — Índices Básicos (IE nº 5/2022; tabela de 2013)";
1717909;80.0;3.0;B2;4;2022-08-01;"INCRA — Índices Básicos (IE nº 5/2022; tabela de 2013)";
1718006;80.0;4.0;B3;4;2022-08-01;"INCRA — Índices Básicos (IE nº 5/2022; tabela de 2013)";
1718204;80.0;3.0;B2;4;2022-08-01;"INCRA — Índices Básicos (IE nº 5/2022; tabela de 2013)";
1718303;80.0;4.0;B3;4;2022-08-01;"INCRA — Índices Básicos (IE nº 5/2022; tabela de 2013)";
1718402;80.0;4.0;B3;4;2022-08-01;"INCRA — Índices Básicos (IE nº 5/2022; tabela de 2013)";
1718451;80.0;3.0;B2;4;2022-08-01;"INCRA — Índices Básicos (IE nº 5/2022; tabela de 2013)";
1718501;80.0;4.0;B3;4;2022-08-01;"INCRA — Índices Básicos (IE nº 5/2022; tabela de 2013)";
1718550;80.0;3.0;B2;4;2022-08-01;"INCRA — Índices Básicos (IE nº 5/2022; tabela de 2013)";
1718659;80.0;4.0;B3;4;2022-08-01;"INCRA — Índices Básicos (IE nº 5/2022; tabela de 2013)";
1718709;80.0;4.0;B3;4;2022-08-01;"INCRA — Índices Básicos (IE nº 5/2022; tabela de 2013)";
1718758;80.0;4.0;B3;4;2022-08-01;"INCRA — Índices Básicos (IE nº 5/2022; tabela de 2013)";
1718808;80.0;4.0;B3;4;2022-08-01;"INCRA — Índices Básicos (IE nº 5/2022; tabela de 2013)";
1718840;70.0;2.0;A2;4;2022-08-01;"INCRA — Índices Básicos (IE nº 5/2022; tabela de 2013)";
1718865;80.0;3.0;B2;4;2022-08-01;"INCRA — Índices Básicos (IE nº 5/2022; tabela de 2013)";
1718881;80.0;4.0;B3;4;2022-08-01;"INCRA — Índices Básicos (IE nº 5/2022; tabela de 2013)";
1718899;80.0;3.0;B2;4;2022-08-01;"INCRA — Índices Básicos (IE nº 5/2022; tabela de 2013)";
1718907;80.0;3.0;B2;4;2022-08-01;"INCRA — Índices Básicos (IE nº 5/2022; tabela de 2013)";
1719004;80.0;4.0;B3;4;2022-08-01;"INCRA — Índices Básicos (IE nº 5/2022; tabela de 2013)";
1720002;80.0;4.0;B3;4;2022-08-01;"INCRA — Índices Básicos (IE nº 5/2022; tabela de 2013)";
1720101;80.0;4.0;B3;4;2022-08-01;"INCRA — Índices Básicos (IE nº 5/2022; tabela de 2013)";
1720150;80.0;4.0;B3;4;2022-08-01;"INCRA — Índices Básicos (IE nº 5/2022; tabela de 2013)";
1720200;80.0;4.0;B3;4;2022-08-01;"INCRA — Índices Básicos (IE nº 5/2022; tabela de 2013)";
1720259;80.0;2.0;A2;4;2022-08-01;"INCRA — Índices Básicos (IE nº 5/2022; tabela de 2013)";
1720309;80.0;4.0;B3;4;2022-08-01;"INCRA — Índices Básicos (IE nº 5/2022; tabela de 2013)";
1720499;80.0;2.0;A2;4;2022-08-01;"INCRA — Índices Básicos (IE nº 5/2022; tabela de 2013)";
1720655;80.0;3.0;B2;4;2022-08-01;"INCRA — Índices Básicos (IE nº 5/2022; tabela de 2013)";
1720804;80.0;4.0;B3;4;2022-08-01;"INCRA — Índices Básicos (IE nº 5/2022; tabela de 2013)";
1720853;80.0;2.0;A2;4;2022-08-01;"INCRA — Índices Básicos (IE nº 5/2022; tabela de 2013)";
1720903;80.0;4.0;B3;4;2022-08-01;"INCRA — Índices Básicos (IE nº 5/2022; tabela de 2013)";
1720937;80.0;4.0;B3;4;2022-08-01;"INCRA — Índices Básicos (IE nº 5/2022; tabela de 2013)";
1720978;80.0;2.0;A2;4;2022-08-01;"INCRA — Índices Básicos (IE nº 5/2022; tabela de 2013)";
1721109;80.0;4.0;B3;4;2022-08-01;"INCRA — Índices Básicos (IE nº 5/2022; tabela de 2013)";
1721208;80.0;4.0;B3;4;2022-08-01;"INCRA — Índices Básicos (IE nº 5/2022; tabela de 2013)";
1721257;80.0;4.0;B3;4;2022-08-01;"INCRA — Índices Básicos (IE nº 5/2022; tabela de 2013)";
1721307;80.0;3.0;B2;4;2022-08-01;"INCRA — Índices Básicos (IE nº 5/2022; tabela de 2013)";
1722081;80.0;3.0;B2;4;2022-08-01;"INCRA — Índices Básicos (IE nº 5/2022; tabela de 2013)";
1722107;80.0;3.0;B2;4;2022-08-01;"INCRA — Índices Básicos (IE nº 5/2022; tabela de 2013)";
1500131;70.0;3.0;B2;4;2022-08-01;"INCRA — Índices Básicos (IE nº 5/2022; tabela de 2013)";
1500347;70.0;4.0;B3;4;2022-08-01;"INCRA — Índices Básicos (IE nº 5/2022; tabela de 2013)";
1501204;70.0;4.0;B3;4;2022-08-01;"INCRA — Índices Básicos (IE nº 5/2022; tabela de 2013)";
1501253;75.0;4.0;B3;3;2022-08-01;"INCRA — Índices Básicos (IE nº 5/2022; tabela de 2013)";
1501576;70.0;3.0;B2;4;2022-08-01;"INCRA — Índices Básicos (IE nº 5/2022; tabela de 2013)";
1501758;70.0;3.0;B2;4;2022-08-01;"INCRA — Índices Básicos (IE nº 5/2022; tabela de 2013)";
1501782;70.0;4.0;B3;4;2022-08-01;"INCRA — Índices Básicos (IE nº 5/2022; tabela de 2013)";
1502152;70.0;4.0;B3;4;2022-08-01;"INCRA — Índices Básicos (IE nº 5/2022; tabela de 2013)";
1502707;75.0;4.0;B3;4;2022-08-01;"INCRA — Índices Básicos (IE nº 5/2022; tabela de 2013)";
1502764;75.0;4.0;B3;3;2022-08-01;"INCRA — Índices Básicos (IE nº 5/2022; tabela de 2013)";
1502772;70.0;4.0;B3;4;2022-08-01;"INCRA — Índices Básicos (IE nº 5/2022; tabela de 2013)";
1502954;70.0;4.0;B3;4;2022-08-01;"INCRA — Índices Básicos (IE nº 5/2022; tabela de 2013)";
1503044;75.0;4.0;B3;4;2022-08-01;"INCRA — Índices Básicos (IE nº 5/2022; tabela de 2013)";
1503093;55.0;4.0;B3;4;2022-08-01;"INCRA — Índices Básicos (IE nº 5/2022; tabela de 2013)";
1503705;70.0;3.0;B2;4;2022-08-01;"INCRA — Índices Básicos (IE nº 5/2022; tabela de 2013)";
1503804;70.0;3.0;B2;4;2022-08-01;"INCRA — Índices Básicos (IE nº 5/2022; tabela de 2013)";
1504208;70.0;3.0;B2;4;2022-08-01;"INCRA — Índices Básicos (IE nº 5/2022; tabela de 2013)";
1504976;70.0;3.0;B2;4;2022-08-01;"INCRA — Índices Básicos (IE nº 5/2022; tabela de 2013)";
1505064;70.0;4.0;B3;4;2022-08-01;"INCRA — Índices Básicos (IE nº 5/2022; tabela de 2013)";
1505437;75.0;4.0;C1;3;2022-08-01;"INCRA — Índices Básicos (IE nº 5/2022; tabela de 2013)";
1505494;70.0;3.0;B2;4;2022-08-01;"INCRA — Índices Básicos (IE nº 5/2022; tabela de 2013)";
1505536;70.0;4.0;B3;4;2022-08-01;"INCRA — Índices Básicos (IE nº 5/2022; tabela de 2013)";
1505551;75.0;4.0;B3;4;2022-08-01;"INCRA — Índices Básicos (IE nº 5/2022; tabela de 2013)";
1505635;75.0;3.0;B2;4;2022-08-01;"INCRA — Índices Básicos (IE nº 5/2022; tabela de 2013)";
1506138;75.0;4.0;B3;4;2022-08-01;"INCRA — Índices Básicos (IE nº 5/2022; tabela de 2013)";
1506161;75.0;4.0;B3;4;2022-08-01;"INCRA — Índices Básicos (IE nº 5/2022; tabela de 2013)";
1506187;55.0;3.0;B2;4;2022-08-01;"INCRA — Índices Básicos (IE nº 5/2022; tabela de 2013)";
1506583;75.0;4.0;B3;4;2022-08-01;"INCRA — Índices Básicos (IE nº 5/2022; tabela de 2013)";
1506708;75.0;4.0;B3;4;2022-08-01;"INCRA — Índices Básicos (IE nº 5/2022; tabela de 2013)";
1507151;70.0;3.0;B2;4;2022-08-01;"INCRA — Índices Básicos (IE nº 5/2022; tabela de 2013)";
1507300;75.0;4.0;C1;3;2022-08-01;"INCRA — Índices Básicos (IE nº 5/2022; tabela de 2013)";
1507458;75.0;3.0;B2;4;2022-08-01;"INCRA — Índices Básicos (IE nº 5/2022; tabela de 2013)";
1507508;70.0;3.0;B2;4;2022-08-01;"INCRA — Índices Básicos (IE nº 5/2022; tabela de 2013)";
1507755;75.0;4.0;B3;4;2022-08-01;"INCRA — Índices Básicos (IE nº 5/2022; tabela de 2013)";
1508084;75.0;4.0;C1;3;2022-08-01;"INCRA — Índices Básicos (IE nº 5/2022; tabela de 2013)";
1508100;70.0;4.0;B3;4;2022-08-01;"INCRA — Índices Básicos (IE nº 5/2022; tabela de 2013)";
1508407;75.0;4.0;B3;4;2022-08-01;"INCRA — Índices Básicos (IE nº 5/2022; tabela de 2013)";
5300108;5.0;2.0;A1;3;2022-08-01;"INCRA — Índices Básicos (IE nº 5/2022; tabela de 2013)";zona típica de 2013: o Anexo III da IE nº 5/2022 não a informa para a região imediata
5200175;35.0;4.0;B3;3;2022-08-01;"INCRA — Índices Básicos (IE nº 5/2022; tabela de 2013)";
5200258;40.0;2.0;A2;3;2022-08-01;"INCRA — Índices Básicos (IE nº 5/2022; tabela de 2013)";
5200308;30.0;2.0;A2;3;2022-08-01;"INCRA — Índices Básicos (IE nº 5/2022; tabela de 2013)";
5200605;70.0;4.0;B3;4;2022-08-01;"INCRA — Índices Básicos (IE nº 5/2022; tabela de 2013)";
5200803;70.0;4.0;B3;4;2022-08-01;"INCRA — Índices Básicos (IE nº 5/2022; tabela de 2013)";
5203962;70.0;4.0;B3;4;2022-08-01;"INCRA — Índices Básicos (IE nº 5/2022; tabela de 2013)";
5204003;45.0;2.0;A2;3;2022-08-01;"INCRA — Índices Básicos (IE nº 5/2022; tabela de 2013)";
5204904;80.0;4.0;B3;4;2022-08-01;"INCRA — Índices Básicos (IE nº 5/2022; tabela de 2013)";
5205307;70.0;4.0;B3;4;2022-08-01;"INCRA — Índices Básicos (IE nº 5/2022; tabela de 2013)";
5205497;40.0;2.0;A2;3;2022-08-01;"INCRA — Índices Básicos (IE nº 5/2022; tabela de 2013)";
5205513;35.0;2.0;A2;3;2022-08-01;"INCRA — Índices Básicos (IE nº 5/2022; tabela de 2013)";
5205521;70.0;4.0;B3;4;2022-08-01;"INCRA — Índices Básicos (IE nº 5/2022; tabela de 2013)";
5205802;35.0;2.0;A2;3;2022-08-01;"INCRA — Índices Básicos (IE nº 5/2022; tabela de 2013)";
5206206;40.0;2.0;A2;3;2022-08-01;"INCRA — Índices Básicos (IE nº 5/2022; tabela de 2013)";
5206701;70.0;4.0;B3;4;2022-08-01;"INCRA — Índices Básicos (IE nº 5/2022; tabela de 2013)";
5208301;70.0;4.0;B3;4;2022-08-01;"INCRA — Índices Básicos (IE nº 5/2022; tabela de 2013)";
5207907;70.0;4.0;B3;4;2022-08-01;"INCRA — Índices Básicos (IE nº 5/2022; tabela de 2013)";
5208004;40.0;2.0;A2;3;2022-08-01;"INCRA — Índices Básicos (IE nº 5/2022; tabela de 2013)";
5209408;70.0;4.0;B3;4;2022-08-01;"INCRA — Índices Básicos (IE nº 5/2022; tabela de 2013)";
5209903;70.0;4.0;B3;4;2022-08-01;"INCRA — Índices Básicos (IE nº 5/2022; tabela de 2013)";
5212501;40.0;2.0;A2;3;2022-08-01;"INCRA — Índices Básicos (IE nº 5/2022; tabela de 2013)";
5212709;70.0;4.0;B3;4;2022-08-01;"INCRA — Índices Básicos (IE nº 5/2022; tabela de 2013)";
5213053;40.0;2.0;A2;3;2022-08-01;"INCRA — Índices Básicos (IE nº 5/2022; tabela de 2013)";
5213509;80.0;4.0;B3;4;2022-08-01;"INCRA — Índices Básicos (IE nº 5/2022; tabela de 2013)";
5214903;70.0;4.0;B3;4;2022-08-01;"INCRA — Índices Básicos (IE nº 5/2022; tabela de 2013)";
5215231;40.0;2.0;A2;3;2022-08-01;"INCRA — Índices Básicos (IE nº 5/2022; tabela de 2013)";
5215603;40.0;2.0;A2;3;2022-08-01;"INCRA — Índices Básicos (IE nº 5/2022; tabela de 2013)";
5217609;35.0;2.0;A2;3;2022-08-01;"INCRA — Índices Básicos (IE nº 5/2022; tabela de 2013)";
5218300;70.0;4.0;B3;4;2022-08-01;"INCRA — Índices Básicos (IE nº 5/2022; tabela de 2013)";
5219753;40.0;2.0;A2;3;2022-08-01;"INCRA — Índices Básicos (IE nº 5/2022; tabela de 2013)";
5219803;70.0;4.0;B3;4;2022-08-01;"INCRA — Índices Básicos (IE nº 5/2022; tabela de 2013)";
5220009;70.0;4.0;B3;4;2022-08-01;"INCRA — Índices Básicos (IE nº 5/2022; tabela de 2013)";
5220686;70.0;4.0;B3;4;2022-08-01;"INCRA — Índices Básicos (IE nº 5/2022; tabela de 2013)";
5220702;70.0;4.0;B3;4;2022-08-01;"INCRA — Índices Básicos (IE nº 5/2022; tabela de 2013)";
5221080;70.0;4.0;B3;4;2022-08-01;"INCRA — Índices Básicos (IE nº 5/2022; tabela de 2013)";
5221858;40.0;2.0;A2;3;2022-08-01;"INCRA — Índices Básicos (IE nº 5/2022; tabela de 2013)";
5222203;40.0;4.0;B3;3;2022-08-01;"INCRA — Índices Básicos (IE nº 5/2022; tabela de 2013)";
3104502;65.0;2.0;A3;4;2022-08-01;"INCRA — Índices Básicos (IE nº 5/2022; tabela de 2013)";
3109303;65.0;2.0;A3;4;2022-08-01;"INCRA — Índices Básicos (IE nº 5/2022; tabela de 2013)";
3109451;65.0;2.0;A3;4;2022-08-01;"INCRA — Índices Básicos (IE nº 5/2022; tabela de 2013)";
3126208;65.0;2.0;A3;4;2022-08-01;"INCRA — Índices Básicos (IE nº 5/2022; tabela de 2013)";
3170404;65.0;2.0;A3;4;2022-08-01;"INCRA — Índices Básicos (IE nº 5/2022; tabela de 2013)";
3170479;65.0;2.0;A3;4;2022-08-01;"INCRA — Índices Básicos (IE nº 5/2022; tabela de 2013)";
2900207;65.0;3.0;B2;4;2022-08-01;"INCRA — Índices Básicos (IE nº 5/2022; tabela de 2013)";
2907707;65.0;3.0;B2;4;2022-08-01;"INCRA — Índices Básicos (IE nº 5/2022; tabela de 2013)";
2909901;65.0;2.0;A2;4;2022-08-01;"INCRA — Índices Básicos (IE nº 5/2022; tabela de 2013)";
2911402;70.0;3.0;B2;4;2022-08-01;"INCRA — Índices Básicos (IE nº 5/2022; tabela de 2013)";
2919900;65.0;3.0;B2;4;2022-08-01;"INCRA — Índices Básicos (IE nº 5/2022; tabela de 2013)";
2927101;65.0;3.0;B2;4;2022-08-01;"INCRA — Índices Básicos (IE nº 5/2022; tabela de 2013)";
2600203;55.0;2.0;A2;4;2022-08-01;"INCRA — Índices Básicos (IE nº 5/2022; tabela de 2013)";
2601102;70.0;4.0;B3;4;2022-08-01;"INCRA — Índices Básicos (IE nº 5/2022; tabela de 2013)";
2601607;55.0;4.0;B3;4;2022-08-01;"INCRA — Índices Básicos (IE nº 5/2022; tabela de 2013)";
2601805;65.0;4.0;B3;4;2022-08-01;"INCRA — Índices Básicos (IE nº 5/2022; tabela de 2013)";
2602001;70.0;4.0;B3;4;2022-08-01;"INCRA — Índices Básicos (IE nº 5/2022; tabela de 2013)";
2603009;55.0;4.0;B3;4;2022-08-01;"INCRA — Índices Básicos (IE nº 5/2022; tabela de 2013)";
2603926;55.0;4.0;B3;4;2022-08-01;"INCRA — Índices Básicos (IE nº 5/2022; tabela de 2013)";
2604304;65.0;4.0;B3;4;2022-08-01;"INCRA — Índices Básicos (IE nº 5/2022; tabela de 2013)";
2605152;55.0;2.0;A2;4;2022-08-01;"INCRA — Índices Básicos (IE nº 5/2022; tabela de 2013)";
2605301;70.0;4.0;B3;4;2022-08-01;"INCRA — Índices Básicos (IE nº 5/2022; tabela de 2013)";
2605707;55.0;4.0;B3;4;2022-08-01;"INCRA — Índices Básicos (IE nº 5/2022; tabela de 2013)";
2606309;70.0;4.0;B3;4;2022-08-01;"INCRA — Índices Básicos (IE nº 5/2022; tabela de 2013)";
2606606;65.0;4.0;B3;4;2022-08-01;"INCRA — Índices Básicos (IE nº 5/2022; tabela de 2013)";
2607000;65.0;4.0;B3;4;2022-08-01;"INCRA — Índices Básicos (IE nº 5/2022; tabela de 2013)";
2607307;70.0;4.0;B3;4;2022-08-01;"INCRA — Índices Básicos (IE nº 5/2022; tabela de 2013)";
2607406;55.0;4.0;B3;4;2022-08-01;"INCRA — Índices Básicos (IE nº 5/2022; tabela de 2013)";
2608057;55.0;4.0;B3;4;2022-08-01;"INCRA — Índices Básicos (IE nº 5/2022; tabela de 2013)";
2608750;55.0;2.0;A2;4;2022-08-01;"INCRA — Índices Básicos (IE nº 5/2022; tabela de 2013)";
2609303;65.0;4.0;B3;4;2022-08-01;"INCRA — Índices Básicos (IE nº 5/2022; tabela de 2013)";
2614303;70.0;4.0;B3;4;2022-08-01;"INCRA — Índices Básicos (IE nº 5/2022; tabela de 2013)";
2609808;55.0;2.0;A2;4;2022-08-01;"INCRA — Índices Básicos (IE nº 5/2022; tabela de 2013)";
2609907;70.0;4.0;B3;4;2022-08-01;"INCRA — Índices Básicos (IE nº 5/2022; tabela de 2013)";
2610400;65.0;4.0;B3;4;2022-08-01;"INCRA — Índices Básicos (IE nº 5/2022; tabela de 2013)";
2611002;55.0;4.0;B3;4;2022-08-01;"INCRA — Índices Básicos (IE nº 5/2022; tabela de 2013)";
2611101;55.0;2.0;A2;4;2022-08-01;"INCRA — Índices Básicos (IE nº 5/2022; tabela de 2013)";
2612208;65.0;4.0;B3;4;2022-08-01;"INCRA — Índices Básicos (IE nº 5/2022; tabela de 2013)";
2612455;70.0;4.0;B3;4;2022-08-01;"INCRA — Índices Básicos (IE nº 5/2022; tabela de 2013)";
2612554;70.0;4.0;B3;4;2022-08-01;"INCRA — Índices Básicos (IE nº 5/2022; tabela de 2013)";
2612604;55.0;2.0;A2;4;2022-08-01;"INCRA — Índices Básicos (IE nº 5/2022; tabela de 2013)";
2613503;65.0;4.0;B3;4;2022-08-01;"INCRA — Índices Básicos (IE nº 5/2022; tabela de 2013)";
2613909;40.0;4.0;B3;4;2022-08-01;"INCRA — Índices Básicos (IE nº 5/2022; tabela de 2013)";
2614006;65.0;4.0;B3;4;2022-08-01;"INCRA — Índices Básicos (IE nº 5/2022; tabela de 2013)";
2614808;65.0;4.0;B3;4;2022-08-01;"INCRA — Índices Básicos (IE nº 5/2022; tabela de 2013)";
2615201;65.0;4.0;B3;4;2022-08-01;"INCRA — Índices Básicos (IE nº 5/2022; tabela de 2013)";
2615607;70.0;4.0;B3;4;2022-08-01;"INCRA — Índices Básicos (IE nº 5/2022; tabela de 2013)";
2616100;65.0;4.0;B3;4;2022-08-01;"INCRA — Índices Básicos (IE nº 5/2022; tabela de 2013)";
1500404;75.0;3.0;B2;3;2022-08-01;"INCRA — Índices Básicos (IE nº 5/2022; tabela de 2013)";
1500503;70.0;4.0;C1;3;2022-08-01;"INCRA — Índices Básicos (IE nº 5/2022; tabela de 2013)";
1500602;75.0;3.0;B2;3;2022-08-01;"INCRA — Índices Básicos (IE nº 5/2022; tabela de 2013)";
1500859;70.0;3.0;B2;4;2022-08-01;"INCRA — Índices Básicos (IE nº 5/2022; tabela de 2013)";
1501006;75.0;3.0;B2;3;2022-08-01;"INCRA — Índices Básicos (IE nº 5/2022; tabela de 2013)";
1501451;75.0;3.0;B2;3;2022-08-01;"INCRA — Índices Básicos (IE nº 5/2022; tabela de 2013)";
1501725;75.0;3.0;B2;3;2022-08-01;"INCRA — Índices Básicos (IE nº 5/2022; tabela de 2013)";
1502855;75.0;4.0;C1;3;2022-08-01;"INCRA — Índices Básicos (IE nº 5/2022; tabela de 2013)";
1503002;75.0;4.0;C1;3;2022-08-01;"INCRA — Índices Básicos (IE nº 5/2022; tabela de 2013)";
1503606;75.0;3.0;B2;3;2022-08-01;"INCRA — Índices Básicos (IE nº 5/2022; tabela de 2013)";
1503754;75.0;3.0;B2;3;2022-08-01;"INCRA — Índices Básicos (IE nº 5/2022; tabela de 2013)";
1503903;75.0;4.0;C1;3;2022-08-01;"INCRA — Índices Básicos (IE nº 5/2022; tabela de 2013)";
1504455;70.0;3.0;B2;3;2022-08-01;"INCRA — Índices Básicos (IE nº 5/2022; tabela de 2013)";
1504752;75.0;3.0;B2;3;2022-08-01;"INCRA — Índices Básicos (IE nº 5/2022; tabela de 2013)";
1504802;75.0;3.0;B2;3;2022-08-01;"INCRA — Índices Básicos (IE nº 5/2022; tabela de 2013)";
1505031;75.0;3.0;B2;3;2022-08-01;"INCRA — Índices Básicos (IE nº 5/2022; tabela de 2013)";
1505106;75.0;4.0;C1;3;2022-08-01;"INCRA — Índices Básicos (IE nº 5/2022; tabela de 2013)";
1505304;75.0;4.0;C1;3;2022-08-01;"INCRA — Índices Básicos (IE nº 5/2022; tabela de 2013)";
1505486;70.0;4.0;B3;4;2022-08-01;"INCRA — Índices Básicos (IE nº 5/2022; tabela de 2013)";
1505650;75.0;3.0;B2;3;2022-08-01;"INCRA — Índices Básicos (IE nº 5/2022; tabela de 2013)";
1505908;70.0;4.0;C1;3;2022-08-01;"INCRA — Índices Básicos (IE nº 5/2022; tabela de 2013)";
1506005;70.0;3.0;B2;3;2022-08-01;"INCRA — Índices Básicos (IE nº 5/2022; tabela de 2013)";
1506195;75.0;3.0;B2;3;2022-08-01;"INCRA — Índices Básicos (IE nº 5/2022; tabela de 2013)";
1506807;75.0;3.0;B2;3;2022-08-01;"INCRA — Índices Básicos (IE nº 5/2022; tabela de 2013)";
1507805;70.0;3.0;B2;4;2022-08-01;"INCRA — Índices Básicos (IE nº 5/2022; tabela de 2013)";
1507979;75.0;4.0;C1;3;2022-08-01;"INCRA — Índices Básicos (IE nº 5/2022; tabela de 2013)";
1508050;75.0;3.0;B2;3;2022-08-01;"INCRA — Índices Básicos (IE nº 5/2022; tabela de 2013)";
1508159;70.0;3.0;B2;3;2022-08-01;"INCRA — Índices Básicos (IE nº 5/2022; tabela de 2013)";
1508357;75.0;3.0;B2;3;2022-08-01;"INCRA — Índices Básicos (IE nº 5/2022; tabela de 2013)";
