cod_municipio;ano_referencia;categoria;subcategoria;variavel;valor;unidade;fonte_tabela_sidra
1200013;2017;storage;;Número de estabelecimentos agropecuários com veículos;606.0;;6875
1200054;2017;storage;;Número de estabelecimentos agropecuários com veículos;32.0;;6875
1200104;2017;storage;;Número de estabelecimentos agropecuários com veículos;617.0;;6875
1200138;2017;storage;;Número de estabelecimentos agropecuários com veículos;250.0;;6875
1200179;2017;storage;;Número de estabelecimentos agropecuários com veículos;126.0;;6875
1200203;2017;storage;;Número de estabelecimentos agropecuários com veículos;193.0;;6875
1200252;2017;storage;;Número de estabelecimentos agropecuários com veículos;466.0;;6875
1200302;2017;storage;;Número de estabelecimentos agropecuários com veículos;298.0;;6875
1200328;2017;storage;;Número de estabelecimentos agropecuários com veículos;1.0;;6875
1200336;2017;storage;;Número de estabelecimentos agropecuários com veículos;70.0;;6875
1200344;2017;storage;;Número de estabelecimentos agropecuários com veículos;137.0;;6875
1200351;2017;storage;;Número de estabelecimentos agropecuários com veículos;2.0;;6875
1200385;2017;storage;;Número de estabelecimentos agropecuários com veículos;353.0;;6875
1200393;2017;storage;;Número de estabelecimentos agropecuários com veículos;4.0;;6875
1200401;2017;storage;;Número de estabelecimentos agropecuários com veículos;749.0;;6875
1200427;2017;storage;;Número de estabelecimentos agropecuários com veículos;132.0;;6875
1200435;2017;storage;;Número de estabelecimentos agropecuários com veículos;33.0;;6875
1200450;2017;storage;;Número de estabelecimentos agropecuários com veículos;291.0;;6875
1200500;2017;storage;;Número de estabelecimentos agropecuários com veículos;825.0;;6875
1200609;2017;storage;;Número de estabelecimentos agropecuários com veículos;347.0;;6875
1200708;2017;storage;;Número de estabelecimentos agropecuários com veículos;704.0;;6875
1200807;2017;storage;;Número de estabelecimentos agropecuários com veículos;481.0;;6875
2700102;2017;storage;;Número de estabelecimentos agropecuários com veículos;302.0;;6875
2700201;2017;storage;;Número de estabelecimentos agropecuários com veículos;7.0;;6875
2700300;2017;storage;;Número de estabelecimentos agropecuários com veículos;101.0;;6875
2700409;2017;storage;;Número de estabelecimentos agropecuários com veículos;24.0;;6875
2700508;2017;storage;;Número de estabelecimentos agropecuários com veículos;5.0;;6875
2700706;2017;storage;;Número de estabelecimentos agropecuários com veículos;56.0;;6875
2700805;2017;storage;;Número de estabelecimentos agropecuários com veículos;22.0;;6875
2700904;2017;storage;;Número de estabelecimentos agropecuários com veículos;24.0;;6875
2701001;2017;storage;;Número de estabelecimentos agropecuários com veículos;12.0;;6875
2701100;2017;storage;;Número de estabelecimentos agropecuários com veículos;21.0;;6875
2701209;2017;storage;;Número de estabelecimentos agropecuários com veículos;34.0;;6875
2701308;2017;storage;;Número de estabelecimentos agropecuários com veículos;7.0;;6875
2701357;2017;storage;;Número de estabelecimentos agropecuários com veículos;5.0;;6875
2701407;2017;storage;;Número de estabelecimentos agropecuários com veículos;44.0;;6875
2701506;2017;storage;;Número de estabelecimentos agropecuários com veículos;5.0;;6875
2701605;2017;storage;;Número de estabelecimentos agropecuários com veículos;17.0;;6875
2701704;2017;storage;;Número de estabelecimentos agropecuários com veículos;10.0;;6875
2701803;2017;storage;;Número de estabelecimentos agropecuários com veículos;16.0;;6875
2701902;2017;storage;;Número de estabelecimentos agropecuários com veículos;3.0;;6875
2702009;2017;storage;;Número de estabelecimentos agropecuários com veículos;33.0;;6875
2702108;2017;storage;;Número de estabelecimentos agropecuários com veículos;8.0;;6875
2702207;2017;storage;;Número de estabelecimentos agropecuários com veículos;4.0;;6875
2702306;2017;storage;;Número de estabelecimentos agropecuários com veículos;100.0;;6875
2702355;2017;storage;;Número de estabelecimentos agropecuários com veículos;144.0;;6875
2702405;2017;storage;;Número de estabelecimentos agropecuários com veículos;70.0;;6875
2702504;2017;storage;;Número de estabelecimentos agropecuários com veículos;43.0;;6875
2702553;2017;storage;;Número de estabelecimentos agropecuários com veículos;75.0;;6875
2702603;2017;storage;;Número de estabelecimentos agropecuários com veículos;240.0;;6875
2702702;2017;storage;;Número de estabelecimentos agropecuários com veículos;89.0;;6875
2702801;2017;storage;;Número de estabelecimentos agropecuários com veículos;41.0;;6875
2702900;2017;storage;;Número de estabelecimentos agropecuários com veículos;302.0;;6875
2703007;2017;storage;;Número de estabelecimentos agropecuários com veículos;66.0;;6875
2703106;2017;storage;;Número de estabelecimentos agropecuários com veículos;262.0;;6875
2703205;2017;storage;;Número de estabelecimentos agropecuários com veículos;345.0;;6875
2703304;2017;storage;;Número de estabelecimentos agropecuários com veículos;170.0;;6875
2703403;2017;storage;;Número de estabelecimentos agropecuários com veículos;230.0;;6875
2703502;2017;storage;;Número de estabelecimentos agropecuários com veículos;7.0;;6875
2703601;2017;storage;;Número de estabelecimentos agropecuários com veículos;9.0;;6875
2703700;2017;storage;;Número de estabelecimentos agropecuários com veículos;114.0;;6875
2703759;2017;storage;;Número de estabelecimentos agropecuários com veículos;6.0;;6875
2703809;2017;storage;;Número de estabelecimentos agropecuários com veículos;5.0;;6875
2703908;2017;storage;;Número de estabelecimentos agropecuários com veículos;9.0;;6875
2704005;2017;storage;;Número de estabelecimentos agropecuários com veículos;215.0;;6875
2704104;2017;storage;;Número de estabelecimentos agropecuários com veículos;188.0;;6875
2704203;2017;storage;;Número de estabelecimentos agropecuários com veículos;143.0;;6875
2704302;2017;storage;;Número de estabelecimentos agropecuários com veículos;5.0;;6875
2704401;2017;storage;;Número de estabelecimentos agropecuários com veículos;57.0;;6875
2704500;2017;storage;;Número de estabelecimentos agropecuários com veículos;88.0;;6875
2704609;2017;storage;;Número de estabelecimentos agropecuários com veículos;36.0;;6875
2704708;2017;storage;;Número de estabelecimentos agropecuários com veículos;4.0;;6875
2704807;2017;storage;;Número de estabelecimentos agropecuários com veículos;5.0;;6875
2704906;2017;storage;;Número de estabelecimentos agropecuários com veículos;65.0;;6875
2705002;2017;storage;;Número de estabelecimentos agropecuários com veículos;355.0;;6875
2705101;2017;storage;;Número de estabelecimentos agropecuários com veículos;41.0;;6875
2705200;2017;storage;;Número de estabelecimentos agropecuários com veículos;1.0;;6875
2705309;2017;storage;;Número de estabelecimentos agropecuários com veículos;241.0;;6875
2705507;2017;storage;;Número de estabelecimentos agropecuários com veículos;11.0;;6875
2705606;2017;storage;;Número de estabelecimentos agropecuários com veículos;8.0;;6875
2705705;2017;storage;;Número de estabelecimentos agropecuários com veículos;62.0;;6875
2705804;2017;storage;;Número de estabelecimentos agropecuários com veículos;5.0;;6875
2705903;2017;storage;;Número de estabelecimentos agropecuários com veículos;2.0;;6875
2706000;2017;storage;;Número de estabelecimentos agropecuários com veículos;37.0;;6875
2706109;2017;storage;;Número de estabelecimentos agropecuários com veículos;107.0;;6875
2706208;2017;storage;;Número de estabelecimentos agropecuários com veículos;2.0;;6875
2706307;2017;storage;;Número de estabelecimentos agropecuários com veículos;473.0;;6875
2706406;2017;storage;;Número de estabelecimentos agropecuários com veículos;284.0;;6875
2706422;2017;storage;;Número de estabelecimentos agropecuários com veículos;18.0;;6875
2706448;2017;storage;;Número de estabelecimentos agropecuários com veículos;3.0;;6875
2706505;2017;storage;;Número de estabelecimentos agropecuários com veículos;7.0;;6875
2706604;2017;storage;;Número de estabelecimentos agropecuários com veículos;3.0;;6875
2706703;2017;storage;;Número de estabelecimentos agropecuários com veículos;285.0;;6875
2706802;2017;storage;;Número de estabelecimentos agropecuários com veículos;13.0;;6875
2706901;2017;storage;;Número de estabelecimentos agropecuários com veículos;7.0;;6875
2707008;2017;storage;;Número de estabelecimentos agropecuários com veículos;5.0;;6875
2707107;2017;storage;;Número de estabelecimentos agropecuários com veículos;124.0;;6875
2707206;2017;storage;;Número de estabelecimentos agropecuários com veículos;86.0;;6875
2707305;2017;storage;;Número de estabelecimentos agropecuários com veículos;52.0;;6875
2707404;2017;storage;;Número de estabelecimentos agropecuários com veículos;12.0;;6875
2707503;2017;storage;;Número de estabelecimentos agropecuários com veículos;60.0;;6875
2707602;2017;storage;;Número de estabelecimentos agropecuários com veículos;175.0;;6875
2707701;2017;storage;;Número de estabelecimentos agropecuários com veículos;5.0;;6875
2707800;2017;storage;;Número de estabelecimentos agropecuários com veículos;4.0;;6875
2707909;2017;storage;;Número de estabelecimentos agropecuários com veículos;2.0;;6875
2708006;2017;storage;;Número de estabelecimentos agropecuários com veículos;96.0;;6875
2708105;2017;storage;;Número de estabelecimentos agropecuários com veículos;186.0;;6875
2708204;2017;storage;;Número de estabelecimentos agropecuários com veículos;2.0;;6875
2708303;2017;storage;;Número de estabelecimentos agropecuários com veículos;11.0;;6875
2708402;2017;storage;;Número de estabelecimentos agropecuários com veículos;192.0;;6875
2708501;2017;storage;;Número de estabelecimentos agropecuários com veículos;47.0;;6875
2708600;2017;storage;;Número de estabelecimentos agropecuários com veículos;16.0;;6875
2708709;2017;storage;;Número de estabelecimentos agropecuários com veículos;11.0;;6875
2708808;2017;storage;;Número de estabelecimentos agropecuários com veículos;52.0;;6875
2708907;2017;storage;;Número de estabelecimentos agropecuários com veículos;2.0;;6875
2708956;2017;storage;;Número de estabelecimentos agropecuários com veículos;183.0;;6875
2709004;2017;storage;;Número de estabelecimentos agropecuários com veículos;1.0;;6875
2709103;2017;storage;;Número de estabelecimentos agropecuários com veículos;20.0;;6875
2709152;2017;storage;;Número de estabelecimentos agropecuários com veículos;40.0;;6875
2709202;2017;storage;;Número de estabelecimentos agropecuários com veículos;349.0;;6875
2709301;2017;storage;;Número de estabelecimentos agropecuários com veículos;129.0;;6875
2709400;2017;storage;;Número de estabelecimentos agropecuários com veículos;19.0;;6875
1300029;2017;storage;;Número de estabelecimentos agropecuários com veículos;47.0;;6875
1300060;2017;storage;;Número de estabelecimentos agropecuários com veículos;3.0;;6875
1300086;2017;storage;;Número de estabelecimentos agropecuários com veículos;78.0;;6875
1300102;2017;storage;;Número de estabelecimentos agropecuários com veículos;116.0;;6875
1300144;2017;storage;;Número de estabelecimentos agropecuários com veículos;357.0;;6875
1300300;2017;storage;;Número de estabelecimentos agropecuários com veículos;200.0;;6875
1300409;2017;storage;;Número de estabelecimentos agropecuários com veículos;14.0;;6875
1300508;2017;storage;;Número de estabelecimentos agropecuários com veículos;13.0;;6875
1300607;2017;storage;;Número de estabelecimentos agropecuários com veículos;100.0;;6875
1300631;2017;storage;;Número de estabelecimentos agropecuários com veículos;100.0;;6875
1300680;2017;storage;;Número de estabelecimentos agropecuários com veículos;1.0;;6875
1300706;2017;storage;;Número de estabelecimentos agropecuários com veículos;545.0;;6875
1300805;2017;storage;;Número de estabelecimentos agropecuários com veículos;72.0;;6875
1300904;2017;storage;;Número de estabelecimentos agropecuários com veículos;316.0;;6875
1301001;2017;storage;;Número de estabelecimentos agropecuários com veículos;204.0;;6875
1301100;2017;storage;;Número de estabelecimentos agropecuários com veículos;435.0;;6875
1301159;2017;storage;;Número de estabelecimentos agropecuários com veículos;177.0;;6875
1301209;2017;storage;;Número de estabelecimentos agropecuários com veículos;18.0;;6875
1301308;2017;storage;;Número de estabelecimentos agropecuários com veículos;134.0;;6875
1301407;2017;storage;;Número de estabelecimentos agropecuários com veículos;4.0;;6875
1301506;2017;storage;;Número de estabelecimentos agropecuários com veículos;108.0;;6875
1301605;2017;storage;;Número de estabelecimentos agropecuários com veículos;116.0;;6875
1301654;2017;storage;;Número de estabelecimentos agropecuários com veículos;193.0;;6875
1301704;2017;storage;;Número de estabelecimentos agropecuários com veículos;89.0;;6875
1301803;2017;storage;;Número de estabelecimentos agropecuários com veículos;66.0;;6875
1301852;2017;storage;;Número de estabelecimentos agropecuários com veículos;350.0;;6875
1301902;2017;storage;;Número de estabelecimentos agropecuários com veículos;322.0;;6875
1301951;2017;storage;;Número de estabelecimentos agropecuários com veículos;24.0;;6875
1302009;2017;storage;;Número de estabelecimentos agropecuários com veículos;50.0;;6875
1302108;2017;storage;;Número de estabelecimentos agropecuários com veículos;18.0;;6875
1302207;2017;storage;;Número de estabelecimentos agropecuários com veículos;32.0;;6875
1302306;2017;storage;;Número de estabelecimentos agropecuários com veículos;4.0;;6875
1302405;2017;storage;;Número de estabelecimentos agropecuários com veículos;356.0;;6875
1302504;2017;storage;;Número de estabelecimentos agropecuários com veículos;125.0;;6875
1302553;2017;storage;;Número de estabelecimentos agropecuários com veículos;17.0;;6875
1302603;2017;storage;;Número de estabelecimentos agropecuários com veículos;513.0;;6875
1302702;2017;storage;;Número de estabelecimentos agropecuários com veículos;423.0;;6875
1302900;2017;storage;;Número de estabelecimentos agropecuários com veículos;81.0;;6875
1303007;2017;storage;;Número de estabelecimentos agropecuários com veículos;53.0;;6875
1303106;2017;storage;;Número de estabelecimentos agropecuários com veículos;124.0;;6875
1303205;2017;storage;;Número de estabelecimentos agropecuários com veículos;10.0;;6875
1303304;2017;storage;;Número de estabelecimentos agropecuários com veículos;113.0;;6875
1303403;2017;storage;;Número de estabelecimentos agropecuários com veículos;95.0;;6875
1303502;2017;storage;;Número de estabelecimentos agropecuários com veículos;67.0;;6875
1303536;2017;storage;;Número de estabelecimentos agropecuários com veículos;494.0;;6875
1303569;2017;storage;;Número de estabelecimentos agropecuários com veículos;247.0;;6875
1303601;2017;storage;;Número de estabelecimentos agropecuários com veículos;3.0;;6875
1303700;2017;storage;;Número de estabelecimentos agropecuários com veículos;16.0;;6875
1303809;2017;storage;;Número de estabelecimentos agropecuários com veículos;79.0;;6875
1303908;2017;storage;;Número de estabelecimentos agropecuários com veículos;1.0;;6875
1303957;2017;storage;;Número de estabelecimentos agropecuários com veículos;31.0;;6875
1304005;2017;storage;;Número de estabelecimentos agropecuários com veículos;3.0;;6875
1304062;2017;storage;;Número de estabelecimentos agropecuários com veículos;111.0;;6875
1304104;2017;storage;;Número de estabelecimentos agropecuários com veículos;19.0;;6875
1304203;2017;storage;;Número de estabelecimentos agropecuários com veículos;48.0;;6875
1304237;2017;storage;;Número de estabelecimentos agropecuários com veículos;49.0;;6875
1304260;2017;storage;;Número de estabelecimentos agropecuários com veículos;18.0;;6875
1304302;2017;storage;;Número de estabelecimentos agropecuários com veículos;35.0;;6875
1304401;2017;storage;;Número de estabelecimentos agropecuários com veículos;49.0;;6875
1600055;2017;storage;;Número de estabelecimentos agropecuários com veículos;27.0;;6875
1600105;2017;storage;;Número de estabelecimentos agropecuários com veículos;7.0;;6875
1600154;2017;storage;;Número de estabelecimentos agropecuários com veículos;214.0;;6875
1600204;2017;storage;;Número de estabelecimentos agropecuários com veículos;1.0;;6875
1600212;2017;storage;;Número de estabelecimentos agropecuários com veículos;5.0;;6875
1600238;2017;storage;;Número de estabelecimentos agropecuários com veículos;55.0;;6875
1600253;2017;storage;;Número de estabelecimentos agropecuários com veículos;4.0;;6875
1600279;2017;storage;;Número de estabelecimentos agropecuários com veículos;113.0;;6875
1600303;2017;storage;;Número de estabelecimentos agropecuários com veículos;75.0;;6875
1600402;2017;storage;;Número de estabelecimentos agropecuários com veículos;26.0;;6875
1600501;2017;storage;;Número de estabelecimentos agropecuários com veículos;94.0;;6875
1600535;2017;storage;;Número de estabelecimentos agropecuários com veículos;255.0;;6875
1600550;2017;storage;;Número de estabelecimentos agropecuários com veículos;25.0;;6875
1600600;2017;storage;;Número de estabelecimentos agropecuários com veículos;63.0;;6875
1600709;2017;storage;;Número de estabelecimentos agropecuários com veículos;44.0;;6875
1600808;2017;storage;;Número de estabelecimentos agropecuários com veículos;14.0;;6875
2900108;2017;storage;;Número de estabelecimentos agropecuários com veículos;52.0;;6875
2900207;2017;storage;;Número de estabelecimentos agropecuários com veículos;21.0;;6875
2900306;2017;storage;;Número de estabelecimentos agropecuários com veículos;17.0;;6875
2900355;2017;storage;;Número de estabelecimentos agropecuários com veículos;615.0;;6875
2900405;2017;storage;;Número de estabelecimentos agropecuários com veículos;43.0;;6875
2900504;2017;storage;;Número de estabelecimentos agropecuários com veículos;16.0;;6875
2900603;2017;storage;;Número de estabelecimentos agropecuários com veículos;7.0;;6875
2900702;2017;storage;;Número de estabelecimentos agropecuários com veículos;108.0;;6875
2900801;2017;storage;;Número de estabelecimentos agropecuários com veículos;194.0;;6875
2900900;2017;storage;;Número de estabelecimentos agropecuários com veículos;2.0;;6875
2901007;2017;storage;;Número de estabelecimentos agropecuários com veículos;395.0;;6875
2901106;2017;storage;;Número de estabelecimentos agropecuários com veículos;89.0;;6875
2901155;2017;storage;;Número de estabelecimentos agropecuários com veículos;415.0;;6875
2901205;2017;storage;;Número de estabelecimentos agropecuários com veículos;203.0;;6875
2901304;2017;storage;;Número de estabelecimentos agropecuários com veículos;100.0;;6875
2901353;2017;storage;;Número de estabelecimentos agropecuários com veículos;224.0;;6875
2901403;2017;storage;;Número de estabelecimentos agropecuários com veículos;239.0;;6875
2901502;2017;storage;;Número de estabelecimentos agropecuários com veículos;11.0;;6875
2901601;2017;storage;;Número de estabelecimentos agropecuários com veículos;376.0;;6875
2901700;2017;storage;;Número de estabelecimentos agropecuários com veículos;5.0;;6875
2901809;2017;storage;;Número de estabelecimentos agropecuários com veículos;80.0;;6875
2901908;2017;storage;;Número de estabelecimentos agropecuários com veículos;222.0;;6875
2901957;2017;storage;;Número de estabelecimentos agropecuários com veículos;32.0;;6875
2902005;2017;storage;;Número de estabelecimentos agropecuários com veículos;279.0;;6875
2902054;2017;storage;;Número de estabelecimentos agropecuários com veículos;29.0;;6875
2902104;2017;storage;;Número de estabelecimentos agropecuários com veículos;852.0;;6875
2902203;2017;storage;;Número de estabelecimentos agropecuários com veículos;9.0;;6875
2902252;2017;storage;;Número de estabelecimentos agropecuários com veículos;14.0;;6875
2902302;2017;storage;;Número de estabelecimentos agropecuários com veículos;322.0;;6875
2902401;2017;storage;;Número de estabelecimentos agropecuários com veículos;4.0;;6875
2902500;2017;storage;;Número de estabelecimentos agropecuários com veículos;494.0;;6875
2902609;2017;storage;;Número de estabelecimentos agropecuários com veículos;612.0;;6875
2902658;2017;storage;;Número de estabelecimentos agropecuários com veículos;360.0;;6875
2902708;2017;storage;;Número de estabelecimentos agropecuários com veículos;39.0;;6875
2902807;2017;storage;;Número de estabelecimentos agropecuários com veículos;1253.0;;6875
2902906;2017;storage;;Número de estabelecimentos agropecuários com veículos;348.0;;6875
2903003;2017;storage;;Número de estabelecimentos agropecuários com veículos;651.0;;6875
2903102;2017;storage;;Número de estabelecimentos agropecuários com veículos;31.0;;6875
2903201;2017;storage;;Número de estabelecimentos agropecuários com veículos;405.0;;6875
2903235;2017;storage;;Número de estabelecimentos agropecuários com veículos;781.0;;6875
2903276;2017;storage;;Número de estabelecimentos agropecuários com veículos;301.0;;6875
2903300;2017;storage;;Número de estabelecimentos agropecuários com veículos;48.0;;6875
2903409;2017;storage;;Número de estabelecimentos agropecuários com veículos;53.0;;6875
2903508;2017;storage;;Número de estabelecimentos agropecuários com veículos;253.0;;6875
2903607;2017;storage;;Número de estabelecimentos agropecuários com veículos;96.0;;6875
2903706;2017;storage;;Número de estabelecimentos agropecuários com veículos;65.0;;6875
2903805;2017;storage;;Número de estabelecimentos agropecuários com veículos;350.0;;6875
2903904;2017;storage;;Número de estabelecimentos agropecuários com veículos;103.0;;6875
2903953;2017;storage;;Número de estabelecimentos agropecuários com veículos;60.0;;6875
2904001;2017;storage;;Número de estabelecimentos agropecuários com veículos;204.0;;6875
2904050;2017;storage;;Número de estabelecimentos agropecuários com veículos;86.0;;6875
2904100;2017;storage;;Número de estabelecimentos agropecuários com veículos;265.0;;6875
2904209;2017;storage;;Número de estabelecimentos agropecuários com veículos;277.0;;6875
2904308;2017;storage;;Número de estabelecimentos agropecuários com veículos;316.0;;6875
2904407;2017;storage;;Número de estabelecimentos agropecuários com veículos;699.0;;6875
2904506;2017;storage;;Número de estabelecimentos agropecuários com veículos;64.0;;6875
2904605;2017;storage;;Número de estabelecimentos agropecuários com veículos;352.0;;6875
2904704;2017;storage;;Número de estabelecimentos agropecuários com veículos;2.0;;6875
2904753;2017;storage;;Número de estabelecimentos agropecuários com veículos;3.0;;6875
2904803;2017;storage;;Número de estabelecimentos agropecuários com veículos;20.0;;6875
2904852;2017;storage;;Número de estabelecimentos agropecuários com veículos;258.0;;6875
2904902;2017;storage;;Número de estabelecimentos agropecuários com veículos;78.0;;6875
2905008;2017;storage;;Número de estabelecimentos agropecuários com veículos;590.0;;6875
2905107;2017;storage;;Número de estabelecimentos agropecuários com veículos;94.0;;6875
2905156;2017;storage;;Número de estabelecimentos agropecuários com veículos;208.0;;6875
2905206;2017;storage;;Número de estabelecimentos agropecuários com veículos;731.0;;6875
2905305;2017;storage;;Número de estabelecimentos agropecuários com veículos;788.0;;6875
2905404;2017;storage;;Número de estabelecimentos agropecuários com veículos;1.0;;6875
2905503;2017;storage;;Número de estabelecimentos agropecuários com veículos;174.0;;6875
2905602;2017;storage;;Número de estabelecimentos agropecuários com veículos;115.0;;6875
2905701;2017;storage;;Número de estabelecimentos agropecuários com veículos;56.0;;6875
2905800;2017;storage;;Número de estabelecimentos agropecuários com veículos;164.0;;6875
2905909;2017;storage;;Número de estabelecimentos agropecuários com veículos;827.0;;6875
2906006;2017;storage;;Número de estabelecimentos agropecuários com veículos;1498.0;;6875
2906105;2017;storage;;Número de estabelecimentos agropecuários com veículos;167.0;;6875
2906204;2017;storage;;Número de estabelecimentos agropecuários com veículos;969.0;;6875
2906303;2017;storage;;Número de estabelecimentos agropecuários com veículos;120.0;;6875
2906402;2017;storage;;Número de estabelecimentos agropecuários com veículos;63.0;;6875
2906501;2017;storage;;Número de estabelecimentos agropecuários com veículos;8.0;;6875
2906600;2017;storage;;Número de estabelecimentos agropecuários com veículos;70.0;;6875
2906709;2017;storage;;Número de estabelecimentos agropecuários com veículos;460.0;;6875
2906808;2017;storage;;Número de estabelecimentos agropecuários com veículos;476.0;;6875
2906824;2017;storage;;Número de estabelecimentos agropecuários com veículos;205.0;;6875
2906857;2017;storage;;Número de estabelecimentos agropecuários com veículos;263.0;;6875
2906873;2017;storage;;Número de estabelecimentos agropecuários com veículos;198.0;;6875
2906899;2017;storage;;Número de estabelecimentos agropecuários com veículos;218.0;;6875
2906907;2017;storage;;Número de estabelecimentos agropecuários com veículos;122.0;;6875
2907004;2017;storage;;Número de estabelecimentos agropecuários com veículos;6.0;;6875
2907103;2017;storage;;Número de estabelecimentos agropecuários com veículos;176.0;;6875
2907202;2017;storage;;Número de estabelecimentos agropecuários com veículos;2755.0;;6875
2907301;2017;storage;;Número de estabelecimentos agropecuários com veículos;143.0;;6875
2907400;2017;storage;;Número de estabelecimentos agropecuários com veículos;54.0;;6875
2907509;2017;storage;;Número de estabelecimentos agropecuários com veículos;23.0;;6875
2907558;2017;storage;;Número de estabelecimentos agropecuários com veículos;314.0;;6875
2907608;2017;storage;;Número de estabelecimentos agropecuários com veículos;41.0;;6875
2907707;2017;storage;;Número de estabelecimentos agropecuários com veículos;24.0;;6875
2907806;2017;storage;;Número de estabelecimentos agropecuários com veículos;989.0;;6875
2907905;2017;storage;;Número de estabelecimentos agropecuários com veículos;19.0;;6875
2908002;2017;storage;;Número de estabelecimentos agropecuários com veículos;9.0;;6875
2908101;2017;storage;;Número de estabelecimentos agropecuários com veículos;178.0;;6875
2908200;2017;storage;;Número de estabelecimentos agropecuários com veículos;20.0;;6875
2908309;2017;storage;;Número de estabelecimentos agropecuários com veículos;27.0;;6875
2908408;2017;storage;;Número de estabelecimentos agropecuários com veículos;1255.0;;6875
2908507;2017;storage;;Número de estabelecimentos agropecuários com veículos;39.0;;6875
2908606;2017;storage;;Número de estabelecimentos agropecuários com veículos;60.0;;6875
2908705;2017;storage;;Número de estabelecimentos agropecuários com veículos;703.0;;6875
2908804;2017;storage;;Número de estabelecimentos agropecuários com veículos;42.0;;6875
2908903;2017;storage;;Número de estabelecimentos agropecuários com veículos;39.0;;6875
2909000;2017;storage;;Número de estabelecimentos agropecuários com veículos;210.0;;6875
2909109;2017;storage;;Número de estabelecimentos agropecuários com veículos;170.0;;6875
2909208;2017;storage;;Número de estabelecimentos agropecuários com veículos;595.0;;6875
2909307;2017;storage;;Número de estabelecimentos agropecuários com veículos;304.0;;6875
2909406;2017;storage;;Número de estabelecimentos agropecuários com veículos;639.0;;6875
2909505;2017;storage;;Número de estabelecimentos agropecuários com veículos;3.0;;6875
2909604;2017;storage;;Número de estabelecimentos agropecuários com veículos;293.0;;6875
2909703;2017;storage;;Número de estabelecimentos agropecuários com veículos;266.0;;6875
2909802;2017;storage;;Número de estabelecimentos agropecuários com veículos;26.0;;6875
2909901;2017;storage;;Número de estabelecimentos agropecuários com veículos;1190.0;;6875
2910008;2017;storage;;Número de estabelecimentos agropecuários com veículos;48.0;;6875
2910057;2017;storage;;Número de estabelecimentos agropecuários com veículos;10.0;;6875
2910107;2017;storage;;Número de estabelecimentos agropecuários com veículos;44.0;;6875
2910206;2017;storage;;Número de estabelecimentos agropecuários com veículos;26.0;;6875
2910305;2017;storage;;Número de estabelecimentos agropecuários com veículos;187.0;;6875
2910404;2017;storage;;Número de estabelecimentos agropecuários com veículos;116.0;;6875
2910503;2017;storage;;Número de estabelecimentos agropecuários com veículos;68.0;;6875
2910602;2017;storage;;Número de estabelecimentos agropecuários com veículos;377.0;;6875
2910701;2017;storage;;Número de estabelecimentos agropecuários com veículos;823.0;;6875
2910727;2017;storage;;Número de estabelecimentos agropecuários com veículos;131.0;;6875
2910750;2017;storage;;Número de estabelecimentos agropecuários com veículos;482.0;;6875
2910776;2017;storage;;Número de estabelecimentos agropecuários com veículos;160.0;;6875
2910800;2017;storage;;Número de estabelecimentos agropecuários com veículos;127.0;;6875
2910859;2017;storage;;Número de estabelecimentos agropecuários com veículos;187.0;;6875
2910909;2017;storage;;Número de estabelecimentos agropecuários com veículos;19.0;;6875
2911006;2017;storage;;Número de estabelecimentos agropecuários com veículos;7.0;;6875
2911105;2017;storage;;Número de estabelecimentos agropecuários com veículos;315.0;;6875
2911204;2017;storage;;Número de estabelecimentos agropecuários com veículos;73.0;;6875
2911253;2017;storage;;Número de estabelecimentos agropecuários com veículos;167.0;;6875
2911303;2017;storage;;Número de estabelecimentos agropecuários com veículos;58.0;;6875
2911402;2017;storage;;Número de estabelecimentos agropecuários com veículos;32.0;;6875
2911501;2017;storage;;Número de estabelecimentos agropecuários com veículos;12.0;;6875
2911600;2017;storage;;Número de estabelecimentos agropecuários com veículos;102.0;;6875
2911659;2017;storage;;Número de estabelecimentos agropecuários com veículos;10.0;;6875
2911709;2017;storage;;Número de estabelecimentos agropecuários com veículos;448.0;;6875
2911808;2017;storage;;Número de estabelecimentos agropecuários com veículos;213.0;;6875
2911857;2017;storage;;Número de estabelecimentos agropecuários com veículos;229.0;;6875
2911907;2017;storage;;Número de estabelecimentos agropecuários com veículos;263.0;;6875
2912004;2017;storage;;Número de estabelecimentos agropecuários com veículos;531.0;;6875
2912103;2017;storage;;Número de estabelecimentos agropecuários com veículos;1.0;;6875
2912202;2017;storage;;Número de estabelecimentos agropecuários com veículos;673.0;;6875
2912301;2017;storage;;Número de estabelecimentos agropecuários com veículos;101.0;;6875
2912400;2017;storage;;Número de estabelecimentos agropecuários com veículos;85.0;;6875
2912509;2017;storage;;Número de estabelecimentos agropecuários com veículos;177.0;;6875
2912608;2017;storage;;Número de estabelecimentos agropecuários com veículos;70.0;;6875
2912707;2017;storage;;Número de estabelecimentos agropecuários com veículos;44.0;;6875
2912806;2017;storage;;Número de estabelecimentos agropecuários com veículos;101.0;;6875
2912905;2017;storage;;Número de estabelecimentos agropecuários com veículos;17.0;;6875
2913002;2017;storage;;Número de estabelecimentos agropecuários com veículos;525.0;;6875
2913101;2017;storage;;Número de estabelecimentos agropecuários com veículos;497.0;;6875
2913200;2017;storage;;Número de estabelecimentos agropecuários com veículos;31.0;;6875
2913309;2017;storage;;Número de estabelecimentos agropecuários com veículos;64.0;;6875
2913408;2017;storage;;Número de estabelecimentos agropecuários com veículos;308.0;;6875
2913457;2017;storage;;Número de estabelecimentos agropecuários com veículos;60.0;;6875
2913507;2017;storage;;Número de estabelecimentos agropecuários com veículos;131.0;;6875
2913606;2017;storage;;Número de estabelecimentos agropecuários com veículos;131.0;;6875
2913705;2017;storage;;Número de estabelecimentos agropecuários com veículos;524.0;;6875
2913804;2017;storage;;Número de estabelecimentos agropecuários com veículos;226.0;;6875
2913903;2017;storage;;Número de estabelecimentos agropecuários com veículos;81.0;;6875
2914000;2017;storage;;Número de estabelecimentos agropecuários com veículos;971.0;;6875
2914109;2017;storage;;Número de estabelecimentos agropecuários com veículos;4.0;;6875
2914208;2017;storage;;Número de estabelecimentos agropecuários com veículos;166.0;;6875
2914307;2017;storage;;Número de estabelecimentos agropecuários com veículos;180.0;;6875
2914406;2017;storage;;Número de estabelecimentos agropecuários com veículos;276.0;;6875
2914505;2017;storage;;Número de estabelecimentos agropecuários com veículos;41.0;;6875
2914604;2017;storage;;Número de estabelecimentos agropecuários com veículos;73.0;;6875
2914653;2017;storage;;Número de estabelecimentos agropecuários com veículos;217.0;;6875
2914703;2017;storage;;Número de estabelecimentos agropecuários com veículos;208.0;;6875
2914802;2017;storage;;Número de estabelecimentos agropecuários com veículos;9.0;;6875
2914901;2017;storage;;Número de estabelecimentos agropecuários com veículos;75.0;;6875
2915007;2017;storage;;Número de estabelecimentos agropecuários com veículos;230.0;;6875
2915106;2017;storage;;Número de estabelecimentos agropecuários com veículos;90.0;;6875
2915205;2017;storage;;Número de estabelecimentos agropecuários com veículos;71.0;;6875
2915304;2017;storage;;Número de estabelecimentos agropecuários com veículos;13.0;;6875
2915353;2017;storage;;Número de estabelecimentos agropecuários com veículos;187.0;;6875
2915403;2017;storage;;Número de estabelecimentos agropecuários com veículos;38.0;;6875
2915502;2017;storage;;Número de estabelecimentos agropecuários com veículos;31.0;;6875
2915601;2017;storage;;Número de estabelecimentos agropecuários com veículos;208.0;;6875
2915700;2017;storage;;Número de estabelecimentos agropecuários com veículos;1.0;;6875
2915809;2017;storage;;Número de estabelecimentos agropecuários com veículos;304.0;;6875
2915908;2017;storage;;Número de estabelecimentos agropecuários com veículos;26.0;;6875
2916005;2017;storage;;Número de estabelecimentos agropecuários com veículos;150.0;;6875
2916104;2017;storage;;Número de estabelecimentos agropecuários com veículos;2.0;;6875
2916203;2017;storage;;Número de estabelecimentos agropecuários com veículos;12.0;;6875
2916302;2017;storage;;Número de estabelecimentos agropecuários com veículos;26.0;;6875
2916401;2017;storage;;Número de estabelecimentos agropecuários com veículos;352.0;;6875
2916500;2017;storage;;Número de estabelecimentos agropecuários com veículos;710.0;;6875
2916609;2017;storage;;Número de estabelecimentos agropecuários com veículos;31.0;;6875
2916708;2017;storage;;Número de estabelecimentos agropecuários com veículos;111.0;;6875
2916807;2017;storage;;Número de estabelecimentos agropecuários com veículos;167.0;;6875
2916856;2017;storage;;Número de estabelecimentos agropecuários com veículos;6.0;;6875
2916906;2017;storage;;Número de estabelecimentos agropecuários com veículos;248.0;;6875
2917003;2017;storage;;Número de estabelecimentos agropecuários com veículos;267.0;;6875
2917102;2017;storage;;Número de estabelecimentos agropecuários com veículos;19.0;;6875
2917201;2017;storage;;Número de estabelecimentos agropecuários com veículos;813.0;;6875
2917300;2017;storage;;Número de estabelecimentos agropecuários com veículos;87.0;;6875
2917334;2017;storage;;Número de estabelecimentos agropecuários com veículos;25.0;;6875
2917359;2017;storage;;Número de estabelecimentos agropecuários com veículos;214.0;;6875
2917409;2017;storage;;Número de estabelecimentos agropecuários com veículos;587.0;;6875
2917508;2017;storage;;Número de estabelecimentos agropecuários com veículos;316.0;;6875
2917607;2017;storage;;Número de estabelecimentos agropecuários com veículos;800.0;;6875
2917706;2017;storage;;Número de estabelecimentos agropecuários com veículos;424.0;;6875
2917805;2017;storage;;Número de estabelecimentos agropecuários com veículos;503.0;;6875
2917904;2017;storage;;Número de estabelecimentos agropecuários com veículos;48.0;;6875
2918001;2017;storage;;Número de estabelecimentos agropecuários com veículos;221.0;;6875
2918100;2017;storage;;Número de estabelecimentos agropecuários com veículos;567.0;;6875
2918209;2017;storage;;Número de estabelecimentos agropecuários com veículos;494.0;;6875
2918308;2017;storage;;Número de estabelecimentos agropecuários com veículos;18.0;;6875
2918357;2017;storage;;Número de estabelecimentos agropecuários com veículos;313.0;;6875
2918407;2017;storage;;Número de estabelecimentos agropecuários com veículos;2310.0;;6875
2918456;2017;storage;;Número de estabelecimentos agropecuários com veículos;344.0;;6875
2918506;2017;storage;;Número de estabelecimentos agropecuários com veículos;256.0;;6875
2918555;2017;storage;;Número de estabelecimentos agropecuários com veículos;54.0;;6875
2918605;2017;storage;;Número de estabelecimentos agropecuários com veículos;24.0;;6875
2918704;2017;storage;;Número de estabelecimentos agropecuários com veículos;231.0;;6875
2918753;2017;storage;;Número de estabelecimentos agropecuários com veículos;623.0;;6875
2918803;2017;storage;;Número de estabelecimentos agropecuários com veículos;780.0;;6875
2918902;2017;storage;;Número de estabelecimentos agropecuários com veículos;18.0;;6875
2919009;2017;storage;;Número de estabelecimentos agropecuários com veículos;10.0;;6875
2919058;2017;storage;;Número de estabelecimentos agropecuários com veículos;252.0;;6875
2919108;2017;storage;;Número de estabelecimentos agropecuários com veículos;52.0;;6875
2919157;2017;storage;;Número de estabelecimentos agropecuários com veículos;603.0;;6875
2919207;2017;storage;;Número de estabelecimentos agropecuários com veículos;4.0;;6875
2919306;2017;storage;;Número de estabelecimentos agropecuários com veículos;72.0;;6875
2919405;2017;storage;;Número de estabelecimentos agropecuários com veículos;102.0;;6875
2919504;2017;storage;;Número de estabelecimentos agropecuários com veículos;405.0;;6875
2919553;2017;storage;;Número de estabelecimentos agropecuários com veículos;124.0;;6875
2919603;2017;storage;;Número de estabelecimentos agropecuários com veículos;29.0;;6875
2919702;2017;storage;;Número de estabelecimentos agropecuários com veículos;57.0;;6875
2919801;2017;storage;;Número de estabelecimentos agropecuários com veículos;1085.0;;6875
2919900;2017;storage;;Número de estabelecimentos agropecuários com veículos;146.0;;6875
2919959;2017;storage;;Número de estabelecimentos agropecuários com veículos;17.0;;6875
2920007;2017;storage;;Número de estabelecimentos agropecuários com veículos;58.0;;6875
2920106;2017;storage;;Número de estabelecimentos agropecuários com veículos;500.0;;6875
2920205;2017;storage;;Número de estabelecimentos agropecuários com veículos;185.0;;6875
2920304;2017;storage;;Número de estabelecimentos agropecuários com veículos;556.0;;6875
2920403;2017;storage;;Número de estabelecimentos agropecuários com veículos;98.0;;6875
2920452;2017;storage;;Número de estabelecimentos agropecuários com veículos;334.0;;6875
2920502;2017;storage;;Número de estabelecimentos agropecuários com veículos;499.0;;6875
2920601;2017;storage;;Número de estabelecimentos agropecuários com veículos;624.0;;6875
2920700;2017;storage;;Número de estabelecimentos agropecuários com veículos;104.0;;6875
2920809;2017;storage;;Número de estabelecimentos agropecuários com veículos;43.0;;6875
2920908;2017;storage;;Número de estabelecimentos agropecuários com veículos;13.0;;6875
2921005;2017;storage;;Número de estabelecimentos agropecuários com veículos;8.0;;6875
2921054;2017;storage;;Número de estabelecimentos agropecuários com veículos;154.0;;6875
2921104;2017;storage;;Número de estabelecimentos agropecuários com veículos;139.0;;6875
2921203;2017;storage;;Número de estabelecimentos agropecuários com veículos;276.0;;6875
2921302;2017;storage;;Número de estabelecimentos agropecuários com veículos;67.0;;6875
2921401;2017;storage;;Número de estabelecimentos agropecuários com veículos;34.0;;6875
2921450;2017;storage;;Número de estabelecimentos agropecuários com veículos;68.0;;6875
2921500;2017;storage;;Número de estabelecimentos agropecuários com veículos;703.0;;6875
2921609;2017;storage;;Número de estabelecimentos agropecuários com veículos;85.0;;6875
2921708;2017;storage;;Número de estabelecimentos agropecuários com veículos;826.0;;6875
2921807;2017;storage;;Número de estabelecimentos agropecuários com veículos;278.0;;6875
2921906;2017;storage;;Número de estabelecimentos agropecuários com veículos;103.0;;6875
2922003;2017;storage;;Número de estabelecimentos agropecuários com veículos;84.0;;6875
2922052;2017;storage;;Número de estabelecimentos agropecuários com veículos;988.0;;6875
2922102;2017;storage;;Número de estabelecimentos agropecuários com veículos;232.0;;6875
2922201;2017;storage;;Número de estabelecimentos agropecuários com veículos;71.0;;6875
2922250;2017;storage;;Número de estabelecimentos agropecuários com veículos;102.0;;6875
2922300;2017;storage;;Número de estabelecimentos agropecuários com veículos;223.0;;6875
2922409;2017;storage;;Número de estabelecimentos agropecuários com veículos;658.0;;6875
2922508;2017;storage;;Número de estabelecimentos agropecuários com veículos;125.0;;6875
2922607;2017;storage;;Número de estabelecimentos agropecuários com veículos;342.0;;6875
2922656;2017;storage;;Número de estabelecimentos agropecuários com veículos;364.0;;6875
2922706;2017;storage;;Número de estabelecimentos agropecuários com veículos;213.0;;6875
2922730;2017;storage;;Número de estabelecimentos agropecuários com veículos;347.0;;6875
2922755;2017;storage;;Número de estabelecimentos agropecuários com veículos;84.0;;6875
2922805;2017;storage;;Número de estabelecimentos agropecuários com veículos;220.0;;6875
2922854;2017;storage;;Número de estabelecimentos agropecuários com veículos;253.0;;6875
2922904;2017;storage;;Número de estabelecimentos agropecuários com veículos;273.0;;6875
2923001;2017;storage;;Número de estabelecimentos agropecuários com veículos;57.0;;6875
2923035;2017;storage;;Número de estabelecimentos agropecuários com veículos;149.0;;6875
2923050;2017;storage;;Número de estabelecimentos agropecuários com veículos;267.0;;6875
2923100;2017;storage;;Número de estabelecimentos agropecuários com veículos;244.0;;6875
2923209;2017;storage;;Número de estabelecimentos agropecuários com veículos;408.0;;6875
2923308;2017;storage;;Número de estabelecimentos agropecuários com veículos;42.0;;6875
2923357;2017;storage;;Número de estabelecimentos agropecuários com veículos;172.0;;6875
2923407;2017;storage;;Número de estabelecimentos agropecuários com veículos;285.0;;6875
2923506;2017;storage;;Número de estabelecimentos agropecuários com veículos;32.0;;6875
2923605;2017;storage;;Número de estabelecimentos agropecuários com veículos;237.0;;6875
2923704;2017;storage;;Número de estabelecimentos agropecuários com veículos;319.0;;6875
2923803;2017;storage;;Número de estabelecimentos agropecuários com veículos;1507.0;;6875
2923902;2017;storage;;Número de estabelecimentos agropecuários com veículos;45.0;;6875
2924009;2017;storage;;Número de estabelecimentos agropecuários com veículos;29.0;;6875
2924058;2017;storage;;Número de estabelecimentos agropecuários com veículos;438.0;;6875
2924108;2017;storage;;Número de estabelecimentos agropecuários com veículos;7.0;;6875
2924207;2017;storage;;Número de estabelecimentos agropecuários com veículos;572.0;;6875
2924306;2017;storage;;Número de estabelecimentos agropecuários com veículos;124.0;;6875
2924405;2017;storage;;Número de estabelecimentos agropecuários com veículos;518.0;;6875
2924504;2017;storage;;Número de estabelecimentos agropecuários com veículos;660.0;;6875
2924603;2017;storage;;Número de estabelecimentos agropecuários com veículos;229.0;;6875
2924652;2017;storage;;Número de estabelecimentos agropecuários com veículos;424.0;;6875
2924678;2017;storage;;Número de estabelecimentos agropecuários com veículos;527.0;;6875
2924702;2017;storage;;Número de estabelecimentos agropecuários com veículos;110.0;;6875
2924801;2017;storage;;Número de estabelecimentos agropecuários com veículos;73.0;;6875
2924900;2017;storage;;Número de estabelecimentos agropecuários com veículos;390.0;;6875
2925006;2017;storage;;Número de estabelecimentos agropecuários com veículos;368.0;;6875
2925105;2017;storage;;Número de estabelecimentos agropecuários com veículos;268.0;;6875
2925204;2017;storage;;Número de estabelecimentos agropecuários com veículos;6.0;;6875
2925253;2017;storage;;Número de estabelecimentos agropecuários com veículos;331.0;;6875
2925303;2017;storage;;Número de estabelecimentos agropecuários com veículos;281.0;;6875
2925402;2017;storage;;Número de estabelecimentos agropecuários com veículos;20.0;;6875
2925501;2017;storage;;Número de estabelecimentos agropecuários com veículos;284.0;;6875
2925600;2017;storage;;Número de estabelecimentos agropecuários com veículos;301.0;;6875
2925709;2017;storage;;Número de estabelecimentos agropecuários com veículos;58.0;;6875
2925758;2017;storage;;Número de estabelecimentos agropecuários com veículos;1282.0;;6875
2925808;2017;storage;;Número de estabelecimentos agropecuários com veículos;863.0;;6875
2925907;2017;storage;;Número de estabelecimentos agropecuários com veículos;189.0;;6875
2925931;2017;storage;;Número de estabelecimentos agropecuários com veículos;44.0;;6875
2925956;2017;storage;;Número de estabelecimentos agropecuários com veículos;53.0;;6875
2926004;2017;storage;;Número de estabelecimentos agropecuários com veículos;863.0;;6875
2926103;2017;storage;;Número de estabelecimentos agropecuários com veículos;173.0;;6875
2926202;2017;storage;;Número de estabelecimentos agropecuários com veículos;428.0;;6875
2926301;2017;storage;;Número de estabelecimentos agropecuários com veículos;558.0;;6875
2926400;2017;storage;;Número de estabelecimentos agropecuários com veículos;558.0;;6875
2926509;2017;storage;;Número de estabelecimentos agropecuários com veículos;136.0;;6875
2926608;2017;storage;;Número de estabelecimentos agropecuários com veículos;385.0;;6875
2926657;2017;storage;;Número de estabelecimentos agropecuários com veículos;48.0;;6875
2926707;2017;storage;;Número de estabelecimentos agropecuários com veículos;189.0;;6875
2926806;2017;storage;;Número de estabelecimentos agropecuários com veículos;242.0;;6875
2926905;2017;storage;;Número de estabelecimentos agropecuários com veículos;11.0;;6875
2927002;2017;storage;;Número de estabelecimentos agropecuários com veículos;1000.0;;6875
2927101;2017;storage;;Número de estabelecimentos agropecuários com veículos;158.0;;6875
2927200;2017;storage;;Número de estabelecimentos agropecuários com veículos;121.0;;6875
2927309;2017;storage;;Número de estabelecimentos agropecuários com veículos;1.0;;6875
2927408;2017;storage;;Número de estabelecimentos agropecuários com veículos;3.0;;6875
2927507;2017;storage;;Número de estabelecimentos agropecuários com veículos;51.0;;6875
2927606;2017;storage;;Número de estabelecimentos agropecuários com veículos;175.0;;6875
2927705;2017;storage;;Número de estabelecimentos agropecuários com veículos;160.0;;6875
2927804;2017;storage;;Número de estabelecimentos agropecuários com veículos;10.0;;6875
2927903;2017;storage;;Número de estabelecimentos agropecuários com veículos;19.0;;6875
2928000;2017;storage;;Número de estabelecimentos agropecuários com veículos;1230.0;;6875
2928059;2017;storage;;Número de estabelecimentos agropecuários com veículos;126.0;;6875
2928109;2017;storage;;Número de estabelecimentos agropecuários com veículos;470.0;;6875
2928208;2017;storage;;Número de estabelecimentos agropecuários com veículos;316.0;;6875
2928307;2017;storage;;Número de estabelecimentos agropecuários com veículos;17.0;;6875
2928406;2017;storage;;Número de estabelecimentos agropecuários com veículos;1438.0;;6875
2928505;2017;storage;;Número de estabelecimentos agropecuários com veículos;52.0;;6875
2928604;2017;storage;;Número de estabelecimentos agropecuários com veículos;18.0;;6875
2928703;2017;storage;;Número de estabelecimentos agropecuários com veículos;265.0;;6875
2928802;2017;storage;;Número de estabelecimentos agropecuários com veículos;36.0;;6875
2928901;2017;storage;;Número de estabelecimentos agropecuários com veículos;338.0;;6875
2928950;2017;storage;;Número de estabelecimentos agropecuários com veículos;273.0;;6875
2929008;2017;storage;;Número de estabelecimentos agropecuários com veículos;5.0;;6875
2929057;2017;storage;;Número de estabelecimentos agropecuários com veículos;276.0;;6875
2929107;2017;storage;;Número de estabelecimentos agropecuários com veículos;405.0;;6875
2929206;2017;storage;;Número de estabelecimentos agropecuários com veículos;22.0;;6875
2929255;2017;storage;;Número de estabelecimentos agropecuários com veículos;171.0;;6875
2929305;2017;storage;;Número de estabelecimentos agropecuários com veículos;27.0;;6875
2929354;2017;storage;;Número de estabelecimentos agropecuários com veículos;7.0;;6875
2929370;2017;storage;;Número de estabelecimentos agropecuários com veículos;177.0;;6875
2929404;2017;storage;;Número de estabelecimentos agropecuários com veículos;453.0;;6875
2929503;2017;storage;;Número de estabelecimentos agropecuários com veículos;14.0;;6875
2929602;2017;storage;;Número de estabelecimentos agropecuários com veículos;23.0;;6875
2929701;2017;storage;;Número de estabelecimentos agropecuários com veículos;189.0;;6875
2929750;2017;storage;;Número de estabelecimentos agropecuários com veículos;7.0;;6875
2929800;2017;storage;;Número de estabelecimentos agropecuários com veículos;138.0;;6875
2929909;2017;storage;;Número de estabelecimentos agropecuários com veículos;602.0;;6875
2930006;2017;storage;;Número de estabelecimentos agropecuários com veículos;219.0;;6875
2930105;2017;storage;;Número de estabelecimentos agropecuários com veículos;191.0;;6875
2930154;2017;storage;;Número de estabelecimentos agropecuários com veículos;287.0;;6875
2930204;2017;storage;;Número de estabelecimentos agropecuários com veículos;57.0;;6875
2930303;2017;storage;;Número de estabelecimentos agropecuários com veículos;508.0;;6875
2930402;2017;storage;;Número de estabelecimentos agropecuários com veículos;195.0;;6875
2930501;2017;storage;;Número de estabelecimentos agropecuários com veículos;576.0;;6875
2930600;2017;storage;;Número de estabelecimentos agropecuários com veículos;73.0;;6875
2930709;2017;storage;;Número de estabelecimentos agropecuários com veículos;9.0;;6875
2930758;2017;storage;;Número de estabelecimentos agropecuários com veículos;9.0;;6875
2930766;2017;storage;;Número de estabelecimentos agropecuários com veículos;570.0;;6875
2930774;2017;storage;;Número de estabelecimentos agropecuários com veículos;83.0;;6875
2930808;2017;storage;;Número de estabelecimentos agropecuários com veículos;421.0;;6875
2930907;2017;storage;;Número de estabelecimentos agropecuários com veículos;614.0;;6875
2931004;2017;storage;;Número de estabelecimentos agropecuários com veículos;346.0;;6875
2931053;2017;storage;;Número de estabelecimentos agropecuários com veículos;455.0;;6875
2931103;2017;storage;;Número de estabelecimentos agropecuários com veículos;20.0;;6875
2931202;2017;storage;;Número de estabelecimentos agropecuários com veículos;398.0;;6875
2931301;2017;storage;;Número de estabelecimentos agropecuários com veículos;106.0;;6875
2931350;2017;storage;;Número de estabelecimentos agropecuários com veículos;144.0;;6875
2931400;2017;storage;;Número de estabelecimentos agropecuários com veículos;3.0;;6875
2931509;2017;storage;;Número de estabelecimentos agropecuários com veículos;191.0;;6875
2931608;2017;storage;;Número de estabelecimentos agropecuários com veículos;58.0;;6875
2931707;2017;storage;;Número de estabelecimentos agropecuários com veículos;36.0;;6875
2931806;2017;storage;;Número de estabelecimentos agropecuários com veículos;434.0;;6875
2931905;2017;storage;;Número de estabelecimentos agropecuários com veículos;552.0;;6875
2932002;2017;storage;;Número de estabelecimentos agropecuários com veículos;1075.0;;6875
2932101;2017;storage;;Número de estabelecimentos agropecuários com veículos;337.0;;6875
2932200;2017;storage;;Número de estabelecimentos agropecuários com veículos;7.0;;6875
2932309;2017;storage;;Número de estabelecimentos agropecuários com veículos;6.0;;6875
2932408;2017;storage;;Número de estabelecimentos agropecuários com veículos;395.0;;6875
2932457;2017;storage;;Número de estabelecimentos agropecuários com veículos;199.0;;6875
2932507;2017;storage;;Número de estabelecimentos agropecuários com veículos;186.0;;6875
2932606;2017;storage;;Número de estabelecimentos agropecuários com veículos;47.0;;6875
2932705;2017;storage;;Número de estabelecimentos agropecuários com veículos;21.0;;6875
2932804;2017;storage;;Número de estabelecimentos agropecuários com veículos;95.0;;6875
2932903;2017;storage;;Número de estabelecimentos agropecuários com veículos;880.0;;6875
2933000;2017;storage;;Número de estabelecimentos agropecuários com veículos;220.0;;6875
2933059;2017;storage;;Número de estabelecimentos agropecuários com veículos;256.0;;6875
2933109;2017;storage;;Número de estabelecimentos agropecuários com veículos;70.0;;6875
2933158;2017;storage;;Número de estabelecimentos agropecuários com veículos;776.0;;6875
2933174;2017;storage;;Número de estabelecimentos agropecuários com veículos;70.0;;6875
2933208;2017;storage;;Número de estabelecimentos agropecuários com veículos;13.0;;6875
2933257;2017;storage;;Número de estabelecimentos agropecuários com veículos;20.0;;6875
2933307;2017;storage;;Número de estabelecimentos agropecuários com veículos;582.0;;6875
2933406;2017;storage;;Número de estabelecimentos agropecuários com veículos;87.0;;6875
2933455;2017;storage;;Número de estabelecimentos agropecuários com veículos;626.0;;6875
2933505;2017;storage;;Número de estabelecimentos agropecuários com veículos;336.0;;6875
2933604;2017;storage;;Número de estabelecimentos agropecuários com veículos;256.0;;6875
2300101;2017;storage;;Número de estabelecimentos agropecuários com veículos;95.0;;6875
2300150;2017;storage;;Número de estabelecimentos agropecuários com veículos;110.0;;6875
2300200;2017;storage;;Número de estabelecimentos agropecuários com veículos;623.0;;6875
2300309;2017;storage;;Número de estabelecimentos agropecuários com veículos;2879.0;;6875
2300408;2017;storage;;Número de estabelecimentos agropecuários com veículos;1239.0;;6875
2300507;2017;storage;;Número de estabelecimentos agropecuários com veículos;32.0;;6875
2300606;2017;storage;;Número de estabelecimentos agropecuários com veículos;211.0;;6875
2300705;2017;storage;;Número de estabelecimentos agropecuários com veículos;873.0;;6875
2300754;2017;storage;;Número de estabelecimentos agropecuários com veículos;639.0;;6875
2300804;2017;storage;;Número de estabelecimentos agropecuários com veículos;170.0;;6875
2300903;2017;storage;;Número de estabelecimentos agropecuários com veículos;702.0;;6875
2301000;2017;storage;;Número de estabelecimentos agropecuários com veículos;15.0;;6875
2301109;2017;storage;;Número de estabelecimentos agropecuários com veículos;80.0;;6875
2301208;2017;storage;;Número de estabelecimentos agropecuários com veículos;307.0;;6875
2301257;2017;storage;;Número de estabelecimentos agropecuários com veículos;719.0;;6875
2301307;2017;storage;;Número de estabelecimentos agropecuários com veículos;909.0;;6875
2301406;2017;storage;;Número de estabelecimentos agropecuários com veículos;31.0;;6875
2301505;2017;storage;;Número de estabelecimentos agropecuários com veículos;688.0;;6875
2301604;2017;storage;;Número de estabelecimentos agropecuários com veículos;929.0;;6875
2301703;2017;storage;;Número de estabelecimentos agropecuários com veículos;592.0;;6875
2301802;2017;storage;;Número de estabelecimentos agropecuários com veículos;303.0;;6875
2301851;2017;storage;;Número de estabelecimentos agropecuários com veículos;524.0;;6875
2301901;2017;storage;;Número de estabelecimentos agropecuários com veículos;110.0;;6875
2301950;2017;storage;;Número de estabelecimentos agropecuários com veículos;63.0;;6875
2302008;2017;storage;;Número de estabelecimentos agropecuários com veículos;441.0;;6875
2302057;2017;storage;;Número de estabelecimentos agropecuários com veículos;1.0;;6875
2302107;2017;storage;;Número de estabelecimentos agropecuários com veículos;173.0;;6875
2302206;2017;storage;;Número de estabelecimentos agropecuários com veículos;329.0;;6875
2302305;2017;storage;;Número de estabelecimentos agropecuários com veículos;204.0;;6875
2302404;2017;storage;;Número de estabelecimentos agropecuários com veículos;2561.0;;6875
2302503;2017;storage;;Número de estabelecimentos agropecuários com veículos;100.0;;6875
2302602;2017;storage;;Número de estabelecimentos agropecuários com veículos;114.0;;6875
2302701;2017;storage;;Número de estabelecimentos agropecuários com veículos;606.0;;6875
2302800;2017;storage;;Número de estabelecimentos agropecuários com veículos;462.0;;6875
2302909;2017;storage;;Número de estabelecimentos agropecuários com veículos;63.0;;6875
2303006;2017;storage;;Número de estabelecimentos agropecuários com veículos;93.0;;6875
2303105;2017;storage;;Número de estabelecimentos agropecuários com veículos;185.0;;6875
2303204;2017;storage;;Número de estabelecimentos agropecuários com veículos;640.0;;6875
2303303;2017;storage;;Número de estabelecimentos agropecuários com veículos;705.0;;6875
2303402;2017;storage;;Número de estabelecimentos agropecuários com veículos;27.0;;6875
2303501;2017;storage;;Número de estabelecimentos agropecuários com veículos;52.0;;6875
2303600;2017;storage;;Número de estabelecimentos agropecuários com veículos;679.0;;6875
2303659;2017;storage;;Número de estabelecimentos agropecuários com veículos;364.0;;6875
2303709;2017;storage;;Número de estabelecimentos agropecuários com veículos;257.0;;6875
2303808;2017;storage;;Número de estabelecimentos agropecuários com veículos;652.0;;6875
2303907;2017;storage;;Número de estabelecimentos agropecuários com veículos;190.0;;6875
2303931;2017;storage;;Número de estabelecimentos agropecuários com veículos;289.0;;6875
2303956;2017;storage;;Número de estabelecimentos agropecuários com veículos;6.0;;6875
2304004;2017;storage;;Número de estabelecimentos agropecuários com veículos;88.0;;6875
2304103;2017;storage;;Número de estabelecimentos agropecuários com veículos;2551.0;;6875
2304202;2017;storage;;Número de estabelecimentos agropecuários com veículos;348.0;;6875
2304236;2017;storage;;Número de estabelecimentos agropecuários com veículos;14.0;;6875
2304251;2017;storage;;Número de estabelecimentos agropecuários com veículos;136.0;;6875
2304269;2017;storage;;Número de estabelecimentos agropecuários com veículos;744.0;;6875
2304277;2017;storage;;Número de estabelecimentos agropecuários com veículos;121.0;;6875
2304285;2017;storage;;Número de estabelecimentos agropecuários com veículos;1.0;;6875
2304301;2017;storage;;Número de estabelecimentos agropecuários com veículos;538.0;;6875
2304350;2017;storage;;Número de estabelecimentos agropecuários com veículos;47.0;;6875
2304400;2017;storage;;Número de estabelecimentos agropecuários com veículos;1.0;;6875
2304459;2017;storage;;Número de estabelecimentos agropecuários com veículos;10.0;;6875
2304509;2017;storage;;Número de estabelecimentos agropecuários com veículos;231.0;;6875
2304608;2017;storage;;Número de estabelecimentos agropecuários com veículos;237.0;;6875
2304707;2017;storage;;Número de estabelecimentos agropecuários com veículos;291.0;;6875
2304806;2017;storage;;Número de estabelecimentos agropecuários com veículos;299.0;;6875
2304905;2017;storage;;Número de estabelecimentos agropecuários com veículos;59.0;;6875
2304954;2017;storage;;Número de estabelecimentos agropecuários com veículos;50.0;;6875
2305001;2017;storage;;Número de estabelecimentos agropecuários com veículos;279.0;;6875
2305100;2017;storage;;Número de estabelecimentos agropecuários com veículos;1.0;;6875
2305209;2017;storage;;Número de estabelecimentos agropecuários com veículos;699.0;;6875
2305233;2017;storage;;Número de estabelecimentos agropecuários com veículos;6.0;;6875
2305266;2017;storage;;Número de estabelecimentos agropecuários com veículos;573.0;;6875
2305308;2017;storage;;Número de estabelecimentos agropecuários com veículos;70.0;;6875
2305332;2017;storage;;Número de estabelecimentos agropecuários com veículos;306.0;;6875
2305357;2017;storage;;Número de estabelecimentos agropecuários com veículos;9.0;;6875
2305407;2017;storage;;Número de estabelecimentos agropecuários com veículos;911.0;;6875
2305506;2017;storage;;Número de estabelecimentos agropecuários com veículos;535.0;;6875
2305605;2017;storage;;Número de estabelecimentos agropecuários com veículos;2080.0;;6875
2305654;2017;storage;;Número de estabelecimentos agropecuários com veículos;1006.0;;6875
2305704;2017;storage;;Número de estabelecimentos agropecuários com veículos;533.0;;6875
2305803;2017;storage;;Número de estabelecimentos agropecuários com veículos;219.0;;6875
2305902;2017;storage;;Número de estabelecimentos agropecuários com veículos;402.0;;6875
2306009;2017;storage;;Número de estabelecimentos agropecuários com veículos;344.0;;6875
2306108;2017;storage;;Número de estabelecimentos agropecuários com veículos;180.0;;6875
2306207;2017;storage;;Número de estabelecimentos agropecuários com veículos;285.0;;6875
2306256;2017;storage;;Número de estabelecimentos agropecuários com veículos;6.0;;6875
2306306;2017;storage;;Número de estabelecimentos agropecuários com veículos;130.0;;6875
2306405;2017;storage;;Número de estabelecimentos agropecuários com veículos;687.0;;6875
2306504;2017;storage;;Número de estabelecimentos agropecuários com veículos;194.0;;6875
2306553;2017;storage;;Número de estabelecimentos agropecuários com veículos;180.0;;6875
2306603;2017;storage;;Número de estabelecimentos agropecuários com veículos;192.0;;6875
2306702;2017;storage;;Número de estabelecimentos agropecuários com veículos;392.0;;6875
2306801;2017;storage;;Número de estabelecimentos agropecuários com veículos;639.0;;6875
2306900;2017;storage;;Número de estabelecimentos agropecuários com veículos;795.0;;6875
2307007;2017;storage;;Número de estabelecimentos agropecuários com veículos;640.0;;6875
2307106;2017;storage;;Número de estabelecimentos agropecuários com veículos;274.0;;6875
2307205;2017;storage;;Número de estabelecimentos agropecuários com veículos;5.0;;6875
2307254;2017;storage;;Número de estabelecimentos agropecuários com veículos;86.0;;6875
2307304;2017;storage;;Número de estabelecimentos agropecuários com veículos;67.0;;6875
2307403;2017;storage;;Número de estabelecimentos agropecuários com veículos;899.0;;6875
2307502;2017;storage;;Número de estabelecimentos agropecuários com veículos;1005.0;;6875
2307601;2017;storage;;Número de estabelecimentos agropecuários com veículos;437.0;;6875
2307635;2017;storage;;Número de estabelecimentos agropecuários com veículos;53.0;;6875
2307650;2017;storage;;Número de estabelecimentos agropecuários com veículos;33.0;;6875
2307700;2017;storage;;Número de estabelecimentos agropecuários com veículos;241.0;;6875
2307809;2017;storage;;Número de estabelecimentos agropecuários com veículos;196.0;;6875
2307908;2017;storage;;Número de estabelecimentos agropecuários com veículos;1.0;;6875
2308005;2017;storage;;Número de estabelecimentos agropecuários com veículos;3.0;;6875
2308104;2017;storage;;Número de estabelecimentos agropecuários com veículos;766.0;;6875
2308203;2017;storage;;Número de estabelecimentos agropecuários com veículos;164.0;;6875
2308302;2017;storage;;Número de estabelecimentos agropecuários com veículos;12.0;;6875
2308351;2017;storage;;Número de estabelecimentos agropecuários com veículos;292.0;;6875
2308377;2017;storage;;Número de estabelecimentos agropecuários com veículos;189.0;;6875
2308401;2017;storage;;Número de estabelecimentos agropecuários com veículos;323.0;;6875
2308500;2017;storage;;Número de estabelecimentos agropecuários com veículos;1887.0;;6875
2308609;2017;storage;;Número de estabelecimentos agropecuários com veículos;1098.0;;6875
2308708;2017;storage;;Número de estabelecimentos agropecuários com veículos;954.0;;6875
2308807;2017;storage;;Número de estabelecimentos agropecuários com veículos;231.0;;6875
2308906;2017;storage;;Número de estabelecimentos agropecuários com veículos;13.0;;6875
2309003;2017;storage;;Número de estabelecimentos agropecuários com veículos;54.0;;6875
2309102;2017;storage;;Número de estabelecimentos agropecuários com veículos;5.0;;6875
2309201;2017;storage;;Número de estabelecimentos agropecuários com veículos;164.0;;6875
2309300;2017;storage;;Número de estabelecimentos agropecuários com veículos;385.0;;6875
2309409;2017;storage;;Número de estabelecimentos agropecuários com veículos;1243.0;;6875
2309458;2017;storage;;Número de estabelecimentos agropecuários com veículos;206.0;;6875
2309508;2017;storage;;Número de estabelecimentos agropecuários com veículos;9.0;;6875
2309607;2017;storage;;Número de estabelecimentos agropecuários com veículos;40.0;;6875
2309706;2017;storage;;Número de estabelecimentos agropecuários com veículos;30.0;;6875
2309805;2017;storage;;Número de estabelecimentos agropecuários com veículos;53.0;;6875
2309904;2017;storage;;Número de estabelecimentos agropecuários com veículos;32.0;;6875
2310001;2017;storage;;Número de estabelecimentos agropecuários com veículos;145.0;;6875
2310100;2017;storage;;Número de estabelecimentos agropecuários com veículos;13.0;;6875
2310209;2017;storage;;Número de estabelecimentos agropecuários com veículos;38.0;;6875
2310258;2017;storage;;Número de estabelecimentos agropecuários com veículos;21.0;;6875
2310308;2017;storage;;Número de estabelecimentos agropecuários com veículos;2264.0;;6875
2310407;2017;storage;;Número de estabelecimentos agropecuários com veículos;263.0;;6875
2310506;2017;storage;;Número de estabelecimentos agropecuários com veículos;1337.0;;6875
2310605;2017;storage;;Número de estabelecimentos agropecuários com veículos;8.0;;6875
2310704;2017;storage;;Número de estabelecimentos agropecuários com veículos;611.0;;6875
2310803;2017;storage;;Número de estabelecimentos agropecuários com veículos;312.0;;6875
2310852;2017;storage;;Número de estabelecimentos agropecuários com veículos;2.0;;6875
2310902;2017;storage;;Número de estabelecimentos agropecuários com veículos;994.0;;6875
2310951;2017;storage;;Número de estabelecimentos agropecuários com veículos;2.0;;6875
2311009;2017;storage;;Número de estabelecimentos agropecuários com veículos;967.0;;6875
2311108;2017;storage;;Número de estabelecimentos agropecuários com veículos;196.0;;6875
2311207;2017;storage;;Número de estabelecimentos agropecuários com veículos;491.0;;6875
2311231;2017;storage;;Número de estabelecimentos agropecuários com veículos;459.0;;6875
2311264;2017;storage;;Número de estabelecimentos agropecuários com veículos;2089.0;;6875
2311306;2017;storage;;Número de estabelecimentos agropecuários com veículos;868.0;;6875
2311355;2017;storage;;Número de estabelecimentos agropecuários com veículos;1123.0;;6875
2311405;2017;storage;;Número de estabelecimentos agropecuários com veículos;2760.0;;6875
2311504;2017;storage;;Número de estabelecimentos agropecuários com veículos;211.0;;6875
2311603;2017;storage;;Número de estabelecimentos agropecuários com veículos;96.0;;6875
2311702;2017;storage;;Número de estabelecimentos agropecuários com veículos;166.0;;6875
2311801;2017;storage;;Número de estabelecimentos agropecuários com veículos;876.0;;6875
2311900;2017;storage;;Número de estabelecimentos agropecuários com veículos;489.0;;6875
2311959;2017;storage;;Número de estabelecimentos agropecuários com veículos;1660.0;;6875
2312007;2017;storage;;Número de estabelecimentos agropecuários com veículos;369.0;;6875
2312106;2017;storage;;Número de estabelecimentos agropecuários com veículos;231.0;;6875
2312205;2017;storage;;Número de estabelecimentos agropecuários com veículos;1159.0;;6875
2312304;2017;storage;;Número de estabelecimentos agropecuários com veículos;130.0;;6875
2312403;2017;storage;;Número de estabelecimentos agropecuários com veículos;156.0;;6875
2312502;2017;storage;;Número de estabelecimentos agropecuários com veículos;165.0;;6875
2312601;2017;storage;;Número de estabelecimentos agropecuários com veículos;36.0;;6875
2312700;2017;storage;;Número de estabelecimentos agropecuários com veículos;837.0;;6875
2312809;2017;storage;;Número de estabelecimentos agropecuários com veículos;7.0;;6875
2312908;2017;storage;;Número de estabelecimentos agropecuários com veículos;51.0;;6875
2313005;2017;storage;;Número de estabelecimentos agropecuários com veículos;968.0;;6875
2313104;2017;storage;;Número de estabelecimentos agropecuários com veículos;818.0;;6875
2313203;2017;storage;;Número de estabelecimentos agropecuários com veículos;1209.0;;6875
2313252;2017;storage;;Número de estabelecimentos agropecuários com veículos;534.0;;6875
2313302;2017;storage;;Número de estabelecimentos agropecuários com veículos;2779.0;;6875
2313351;2017;storage;;Número de estabelecimentos agropecuários com veículos;234.0;;6875
2313401;2017;storage;;Número de estabelecimentos agropecuários com veículos;433.0;;6875
2313500;2017;storage;;Número de estabelecimentos agropecuários com veículos;361.0;;6875
2313559;2017;storage;;Número de estabelecimentos agropecuários com veículos;190.0;;6875
2313609;2017;storage;;Número de estabelecimentos agropecuários com veículos;121.0;;6875
2313708;2017;storage;;Número de estabelecimentos agropecuários com veículos;248.0;;6875
2313757;2017;storage;;Número de estabelecimentos agropecuários com veículos;43.0;;6875
2313807;2017;storage;;Número de estabelecimentos agropecuários com veículos;60.0;;6875
2313906;2017;storage;;Número de estabelecimentos agropecuários com veículos;445.0;;6875
2313955;2017;storage;;Número de estabelecimentos agropecuários com veículos;42.0;;6875
2314003;2017;storage;;Número de estabelecimentos agropecuários com veículos;245.0;;6875
2314102;2017;storage;;Número de estabelecimentos agropecuários com veículos;629.0;;6875
5300108;2017;storage;;Número de estabelecimentos agropecuários com veículos;1685.0;;6875
3200102;2017;storage;;Número de estabelecimentos agropecuários com veículos;2000.0;;6875
3200136;2017;storage;;Número de estabelecimentos agropecuários com veículos;792.0;;6875
3200169;2017;storage;;Número de estabelecimentos agropecuários com veículos;538.0;;6875
3200201;2017;storage;;Número de estabelecimentos agropecuários com veículos;922.0;;6875
3200300;2017;storage;;Número de estabelecimentos agropecuários com veículos;843.0;;6875
3200359;2017;storage;;Número de estabelecimentos agropecuários com veículos;573.0;;6875
3200409;2017;storage;;Número de estabelecimentos agropecuários com veículos;126.0;;6875
3200508;2017;storage;;Número de estabelecimentos agropecuários com veículos;264.0;;6875
3200607;2017;storage;;Número de estabelecimentos agropecuários com veículos;154.0;;6875
3200706;2017;storage;;Número de estabelecimentos agropecuários com veículos;93.0;;6875
3200805;2017;storage;;Número de estabelecimentos agropecuários com veículos;742.0;;6875
3200904;2017;storage;;Número de estabelecimentos agropecuários com veículos;940.0;;6875
3201001;2017;storage;;Número de estabelecimentos agropecuários com veículos;513.0;;6875
3201100;2017;storage;;Número de estabelecimentos agropecuários com veículos;27.0;;6875
3201159;2017;storage;;Número de estabelecimentos agropecuários com veículos;362.0;;6875
3201209;2017;storage;;Número de estabelecimentos agropecuários com veículos;293.0;;6875
3201308;2017;storage;;Número de estabelecimentos agropecuários com veículos;159.0;;6875
3201407;2017;storage;;Número de estabelecimentos agropecuários com veículos;1135.0;;6875
3201506;2017;storage;;Número de estabelecimentos agropecuários com veículos;1443.0;;6875
3201605;2017;storage;;Número de estabelecimentos agropecuários com veículos;145.0;;6875
3201704;2017;storage;;Número de estabelecimentos agropecuários com veículos;385.0;;6875
3201803;2017;storage;;Número de estabelecimentos agropecuários com veículos;243.0;;6875
3201902;2017;storage;;Número de estabelecimentos agropecuários com veículos;2094.0;;6875
3202009;2017;storage;;Número de estabelecimentos agropecuários com veículos;369.0;;6875
3202108;2017;storage;;Número de estabelecimentos agropecuários com veículos;708.0;;6875
3202207;2017;storage;;Número de estabelecimentos agropecuários com veículos;85.0;;6875
3202256;2017;storage;;Número de estabelecimentos agropecuários com veículos;952.0;;6875
3202306;2017;storage;;Número de estabelecimentos agropecuários com veículos;625.0;;6875
3202405;2017;storage;;Número de estabelecimentos agropecuários com veículos;297.0;;6875
3202454;2017;storage;;Número de estabelecimentos agropecuários com veículos;878.0;;6875
3202504;2017;storage;;Número de estabelecimentos agropecuários com veículos;67.0;;6875
3202553;2017;storage;;Número de estabelecimentos agropecuários com veículos;416.0;;6875
3202603;2017;storage;;Número de estabelecimentos agropecuários com veículos;474.0;;6875
3202652;2017;storage;;Número de estabelecimentos agropecuários com veículos;473.0;;6875
3202702;2017;storage;;Número de estabelecimentos agropecuários com veículos;921.0;;6875
3202801;2017;storage;;Número de estabelecimentos agropecuários com veículos;271.0;;6875
3202900;2017;storage;;Número de estabelecimentos agropecuários com veículos;691.0;;6875
3203007;2017;storage;;Número de estabelecimentos agropecuários com veículos;1224.0;;6875
3203056;2017;storage;;Número de estabelecimentos agropecuários com veículos;969.0;;6875
3203106;2017;storage;;Número de estabelecimentos agropecuários com veículos;324.0;;6875
3203130;2017;storage;;Número de estabelecimentos agropecuários com veículos;149.0;;6875
3203163;2017;storage;;Número de estabelecimentos agropecuários com veículos;1216.0;;6875
3203205;2017;storage;;Número de estabelecimentos agropecuários com veículos;1172.0;;6875
3203304;2017;storage;;Número de estabelecimentos agropecuários com veículos;918.0;;6875
3203320;2017;storage;;Número de estabelecimentos agropecuários com veículos;640.0;;6875
3203346;2017;storage;;Número de estabelecimentos agropecuários com veículos;312.0;;6875
3203353;2017;storage;;Número de estabelecimentos agropecuários com veículos;526.0;;6875
3203403;2017;storage;;Número de estabelecimentos agropecuários com veículos;947.0;;6875
3203502;2017;storage;;Número de estabelecimentos agropecuários com veículos;366.0;;6875
3203601;2017;storage;;Número de estabelecimentos agropecuários com veículos;135.0;;6875
3203700;2017;storage;;Número de estabelecimentos agropecuários com veículos;1314.0;;6875
3203809;2017;storage;;Número de estabelecimentos agropecuários com veículos;473.0;;6875
3203908;2017;storage;;Número de estabelecimentos agropecuários com veículos;1894.0;;6875
3204005;2017;storage;;Número de estabelecimentos agropecuários com veículos;1277.0;;6875
3204054;2017;storage;;Número de estabelecimentos agropecuários com veículos;138.0;;6875
3204104;2017;storage;;Número de estabelecimentos agropecuários com veículos;434.0;;6875
3204203;2017;storage;;Número de estabelecimentos agropecuários com veículos;39.0;;6875
3204252;2017;storage;;Número de estabelecimentos agropecuários com veículos;51.0;;6875
3204302;2017;storage;;Número de estabelecimentos agropecuários com veículos;270.0;;6875
3204351;2017;storage;;Número de estabelecimentos agropecuários com veículos;1434.0;;6875
3204401;2017;storage;;Número de estabelecimentos agropecuários com veículos;419.0;;6875
3204500;2017;storage;;Número de estabelecimentos agropecuários com veículos;1429.0;;6875
3204559;2017;storage;;Número de estabelecimentos agropecuários com veículos;3199.0;;6875
3204609;2017;storage;;Número de estabelecimentos agropecuários com veículos;758.0;;6875
3204658;2017;storage;;Número de estabelecimentos agropecuários com veículos;747.0;;6875
3204708;2017;storage;;Número de estabelecimentos agropecuários com veículos;1096.0;;6875
3204807;2017;storage;;Número de estabelecimentos agropecuários com veículos;249.0;;6875
3204906;2017;storage;;Número de estabelecimentos agropecuários com veículos;2085.0;;6875
3204955;2017;storage;;Número de estabelecimentos agropecuários com veículos;414.0;;6875
3205002;2017;storage;;Número de estabelecimentos agropecuários com veículos;54.0;;6875
3205010;2017;storage;;Número de estabelecimentos agropecuários com veículos;447.0;;6875
3205036;2017;storage;;Número de estabelecimentos agropecuários com veículos;531.0;;6875
3205069;2017;storage;;Número de estabelecimentos agropecuários com veículos;233.0;;6875
3205101;2017;storage;;Número de estabelecimentos agropecuários com veículos;254.0;;6875
3205150;2017;storage;;Número de estabelecimentos agropecuários com veículos;462.0;;6875
3205176;2017;storage;;Número de estabelecimentos agropecuários com veículos;1283.0;;6875
3205200;2017;storage;;Número de estabelecimentos agropecuários com veículos;42.0;;6875
3205309;2017;storage;;Número de estabelecimentos agropecuários com veículos;1.0;;6875
5200050;2017;storage;;Número de estabelecimentos agropecuários com veículos;32.0;;6875
5200100;2017;storage;;Número de estabelecimentos agropecuários com veículos;138.0;;6875
5200134;2017;storage;;Número de estabelecimentos agropecuários com veículos;122.0;;6875
5200159;2017;storage;;Número de estabelecimentos agropecuários com veículos;5.0;;6875
5200175;2017;storage;;Número de estabelecimentos agropecuários com veículos;104.0;;6875
5200209;2017;storage;;Número de estabelecimentos agropecuários com veículos;68.0;;6875
5200258;2017;storage;;Número de estabelecimentos agropecuários com veículos;8.0;;6875
5200308;2017;storage;;Número de estabelecimentos agropecuários com veículos;150.0;;6875
5200506;2017;storage;;Número de estabelecimentos agropecuários com veículos;20.0;;6875
5200555;2017;storage;;Número de estabelecimentos agropecuários com veículos;176.0;;6875
5200605;2017;storage;;Número de estabelecimentos agropecuários com veículos;84.0;;6875
5200803;2017;storage;;Número de estabelecimentos agropecuários com veículos;52.0;;6875
5200829;2017;storage;;Número de estabelecimentos agropecuários com veículos;366.0;;6875
5200852;2017;storage;;Número de estabelecimentos agropecuários com veículos;117.0;;6875
5200902;2017;storage;;Número de estabelecimentos agropecuários com veículos;208.0;;6875
5201108;2017;storage;;Número de estabelecimentos agropecuários com veículos;483.0;;6875
5201207;2017;storage;;Número de estabelecimentos agropecuários com veículos;9.0;;6875
5201306;2017;storage;;Número de estabelecimentos agropecuários com veículos;54.0;;6875
5201405;2017;storage;;Número de estabelecimentos agropecuários com veículos;111.0;;6875
5201454;2017;storage;;Número de estabelecimentos agropecuários com veículos;78.0;;6875
5201504;2017;storage;;Número de estabelecimentos agropecuários com veículos;136.0;;6875
5201603;2017;storage;;Número de estabelecimentos agropecuários com veículos;17.0;;6875
5201702;2017;storage;;Número de estabelecimentos agropecuários com veículos;108.0;;6875
5201801;2017;storage;;Número de estabelecimentos agropecuários com veículos;162.0;;6875
5202155;2017;storage;;Número de estabelecimentos agropecuários com veículos;208.0;;6875
5202353;2017;storage;;Número de estabelecimentos agropecuários com veículos;58.0;;6875
5202502;2017;storage;;Número de estabelecimentos agropecuários com veículos;66.0;;6875
5202601;2017;storage;;Número de estabelecimentos agropecuários com veículos;56.0;;6875
5202809;2017;storage;;Número de estabelecimentos agropecuários com veículos;14.0;;6875
5203104;2017;storage;;Número de estabelecimentos agropecuários com veículos;85.0;;6875
5203203;2017;storage;;Número de estabelecimentos agropecuários com veículos;166.0;;6875
5203302;2017;storage;;Número de estabelecimentos agropecuários com veículos;276.0;;6875
5203401;2017;storage;;Número de estabelecimentos agropecuários com veículos;184.0;;6875
5203500;2017;storage;;Número de estabelecimentos agropecuários com veículos;97.0;;6875
5203559;2017;storage;;Número de estabelecimentos agropecuários com veículos;79.0;;6875
5203575;2017;storage;;Número de estabelecimentos agropecuários com veículos;209.0;;6875
5203609;2017;storage;;Número de estabelecimentos agropecuários com veículos;9.0;;6875
5203807;2017;storage;;Número de estabelecimentos agropecuários com veículos;20.0;;6875
5203906;2017;storage;;Número de estabelecimentos agropecuários com veículos;145.0;;6875
5203939;2017;storage;;Número de estabelecimentos agropecuários com veículos;146.0;;6875
5203962;2017;storage;;Número de estabelecimentos agropecuários com veículos;13.0;;6875
5204003;2017;storage;;Número de estabelecimentos agropecuários com veículos;201.0;;6875
5204102;2017;storage;;Número de estabelecimentos agropecuários com veículos;135.0;;6875
5204201;2017;storage;;Número de estabelecimentos agropecuários com veículos;19.0;;6875
5204250;2017;storage;;Número de estabelecimentos agropecuários com veículos;66.0;;6875
5204300;2017;storage;;Número de estabelecimentos agropecuários com veículos;392.0;;6875
5204409;2017;storage;;Número de estabelecimentos agropecuários com veículos;711.0;;6875
5204508;2017;storage;;Número de estabelecimentos agropecuários com veículos;148.0;;6875
5204557;2017;storage;;Número de estabelecimentos agropecuários com veículos;81.0;;6875
5204607;2017;storage;;Número de estabelecimentos agropecuários com veículos;6.0;;6875
5204656;2017;storage;;Número de estabelecimentos agropecuários com veículos;75.0;;6875
5204706;2017;storage;;Número de estabelecimentos agropecuários com veículos;272.0;;6875
5204805;2017;storage;;Número de estabelecimentos agropecuários com veículos;253.0;;6875
5204854;2017;storage;;Número de estabelecimentos agropecuários com veículos;66.0;;6875
5204904;2017;storage;;Número de estabelecimentos agropecuários com veículos;138.0;;6875
5204953;2017;storage;;Número de estabelecimentos agropecuários com veículos;94.0;;6875
5205000;2017;storage;;Número de estabelecimentos agropecuários com veículos;181.0;;6875
5205059;2017;storage;;Número de estabelecimentos agropecuários com veículos;25.0;;6875
5205109;2017;storage;;Número de estabelecimentos agropecuários com veículos;566.0;;6875
5205208;2017;storage;;Número de estabelecimentos agropecuários com veículos;27.0;;6875
5205307;2017;storage;;Número de estabelecimentos agropecuários com veículos;268.0;;6875
5205406;2017;storage;;Número de estabelecimentos agropecuários com veículos;67.0;;6875
5205455;2017;storage;;Número de estabelecimentos agropecuários com veículos;35.0;;6875
5205471;2017;storage;;Número de estabelecimentos agropecuários com veículos;73.0;;6875
5205497;2017;storage;;Número de estabelecimentos agropecuários com veículos;23.0;;6875
5205513;2017;storage;;Número de estabelecimentos agropecuários com veículos;94.0;;6875
5205521;2017;storage;;Número de estabelecimentos agropecuários com veículos;87.0;;6875
5205703;2017;storage;;Número de estabelecimentos agropecuários com veículos;43.0;;6875
5205802;2017;storage;;Número de estabelecimentos agropecuários com veículos;52.0;;6875
5205901;2017;storage;;Número de estabelecimentos agropecuários com veículos;75.0;;6875
5206206;2017;storage;;Número de estabelecimentos agropecuários com veículos;644.0;;6875
5206305;2017;storage;;Número de estabelecimentos agropecuários com veículos;45.0;;6875
5206404;2017;storage;;Número de estabelecimentos agropecuários com veículos;692.0;;6875
5206503;2017;storage;;Número de estabelecimentos agropecuários com veículos;38.0;;6875
5206602;2017;storage;;Número de estabelecimentos agropecuários com veículos;30.0;;6875
5206701;2017;storage;;Número de estabelecimentos agropecuários com veículos;62.0;;6875
5206800;2017;storage;;Número de estabelecimentos agropecuários com veículos;44.0;;6875
5206909;2017;storage;;Número de estabelecimentos agropecuários com veículos;99.0;;6875
5207105;2017;storage;;Número de estabelecimentos agropecuários com veículos;259.0;;6875
5207253;2017;storage;;Número de estabelecimentos agropecuários com veículos;365.0;;6875
5207352;2017;storage;;Número de estabelecimentos agropecuários com veículos;56.0;;6875
5207402;2017;storage;;Número de estabelecimentos agropecuários com veículos;190.0;;6875
5207501;2017;storage;;Número de estabelecimentos agropecuários com veículos;57.0;;6875
5207535;2017;storage;;Número de estabelecimentos agropecuários com veículos;332.0;;6875
5207600;2017;storage;;Número de estabelecimentos agropecuários com veículos;408.0;;6875
5207808;2017;storage;;Número de estabelecimentos agropecuários com veículos;198.0;;6875
5207907;2017;storage;;Número de estabelecimentos agropecuários com veículos;329.0;;6875
5208004;2017;storage;;Número de estabelecimentos agropecuários com veículos;431.0;;6875
5208103;2017;storage;;Número de estabelecimentos agropecuários com veículos;132.0;;6875
5208152;2017;storage;;Número de estabelecimentos agropecuários com veículos;209.0;;6875
5208301;2017;storage;;Número de estabelecimentos agropecuários com veículos;42.0;;6875
5208400;2017;storage;;Número de estabelecimentos agropecuários com veículos;26.0;;6875
5208509;2017;storage;;Número de estabelecimentos agropecuários com veículos;83.0;;6875
5208608;2017;storage;;Número de estabelecimentos agropecuários com veículos;421.0;;6875
5208707;2017;storage;;Número de estabelecimentos agropecuários com veículos;153.0;;6875
5208806;2017;storage;;Número de estabelecimentos agropecuários com veículos;39.0;;6875
5208905;2017;storage;;Número de estabelecimentos agropecuários com veículos;614.0;;6875
5209101;2017;storage;;Número de estabelecimentos agropecuários com veículos;212.0;;6875
5209150;2017;storage;;Número de estabelecimentos agropecuários com veículos;52.0;;6875
5209200;2017;storage;;Número de estabelecimentos agropecuários com veículos;157.0;;6875
5209291;2017;storage;;Número de estabelecimentos agropecuários com veículos;11.0;;6875
5209408;2017;storage;;Número de estabelecimentos agropecuários com veículos;251.0;;6875
5209457;2017;storage;;Número de estabelecimentos agropecuários com veículos;65.0;;6875
5209606;2017;storage;;Número de estabelecimentos agropecuários com veículos;68.0;;6875
5209705;2017;storage;;Número de estabelecimentos agropecuários com veículos;552.0;;6875
5209804;2017;storage;;Número de estabelecimentos agropecuários com veículos;278.0;;6875
5209903;2017;storage;;Número de estabelecimentos agropecuários com veículos;137.0;;6875
5209937;2017;storage;;Número de estabelecimentos agropecuários com veículos;57.0;;6875
5209952;2017;storage;;Número de estabelecimentos agropecuários com veículos;306.0;;6875
5210000;2017;storage;;Número de estabelecimentos agropecuários com veículos;155.0;;6875
5210109;2017;storage;;Número de estabelecimentos agropecuários com veículos;337.0;;6875
5210158;2017;storage;;Número de estabelecimentos agropecuários com veículos;193.0;;6875
5210208;2017;storage;;Número de estabelecimentos agropecuários com veículos;404.0;;6875
5210307;2017;storage;;Número de estabelecimentos agropecuários com veículos;52.0;;6875
5210406;2017;storage;;Número de estabelecimentos agropecuários com veículos;329.0;;6875
5210562;2017;storage;;Número de estabelecimentos agropecuários com veículos;174.0;;6875
5210604;2017;storage;;Número de estabelecimentos agropecuários com veículos;9.0;;6875
5210802;2017;storage;;Número de estabelecimentos agropecuários com veículos;126.0;;6875
5210901;2017;storage;;Número de estabelecimentos agropecuários com veículos;241.0;;6875
5211008;2017;storage;;Número de estabelecimentos agropecuários com veículos;177.0;;6875
5211206;2017;storage;;Número de estabelecimentos agropecuários com veículos;520.0;;6875
5211305;2017;storage;;Número de estabelecimentos agropecuários com veículos;291.0;;6875
5211404;2017;storage;;Número de estabelecimentos agropecuários com veículos;8.0;;6875
5211503;2017;storage;;Número de estabelecimentos agropecuários com veículos;395.0;;6875
5211602;2017;storage;;Número de estabelecimentos agropecuários com veículos;58.0;;6875
5211701;2017;storage;;Número de estabelecimentos agropecuários com veículos;294.0;;6875
5211800;2017;storage;;Número de estabelecimentos agropecuários com veículos;529.0;;6875
5211909;2017;storage;;Número de estabelecimentos agropecuários com veículos;880.0;;6875
5212006;2017;storage;;Número de estabelecimentos agropecuários com veículos;135.0;;6875
5212055;2017;storage;;Número de estabelecimentos agropecuários com veículos;60.0;;6875
5212105;2017;storage;;Número de estabelecimentos agropecuários com veículos;61.0;;6875
5212204;2017;storage;;Número de estabelecimentos agropecuários com veículos;145.0;;6875
5212253;2017;storage;;Número de estabelecimentos agropecuários com veículos;54.0;;6875
5212303;2017;storage;;Número de estabelecimentos agropecuários com veículos;258.0;;6875
5212501;2017;storage;;Número de estabelecimentos agropecuários com veículos;416.0;;6875
5212600;2017;storage;;Número de estabelecimentos agropecuários com veículos;65.0;;6875
5212709;2017;storage;;Número de estabelecimentos agropecuários com veículos;50.0;;6875
5212808;2017;storage;;Número de estabelecimentos agropecuários com veículos;414.0;;6875
5212907;2017;storage;;Número de estabelecimentos agropecuários com veículos;84.0;;6875
5212956;2017;storage;;Número de estabelecimentos agropecuários com veículos;42.0;;6875
5213004;2017;storage;;Número de estabelecimentos agropecuários com veículos;44.0;;6875
5213053;2017;storage;;Número de estabelecimentos agropecuários com veículos;41.0;;6875
5213087;2017;storage;;Número de estabelecimentos agropecuários com veículos;583.0;;6875
5213103;2017;storage;;Número de estabelecimentos agropecuários com veículos;260.0;;6875
5213400;2017;storage;;Número de estabelecimentos agropecuários com veículos;89.0;;6875
5213509;2017;storage;;Número de estabelecimentos agropecuários com veículos;299.0;;6875
5213707;2017;storage;;Número de estabelecimentos agropecuários com veículos;369.0;;6875
5213756;2017;storage;;Número de estabelecimentos agropecuários com veículos;115.0;;6875
5213772;2017;storage;;Número de estabelecimentos agropecuários com veículos;66.0;;6875
5213806;2017;storage;;Número de estabelecimentos agropecuários com veículos;762.0;;6875
5213855;2017;storage;;Número de estabelecimentos agropecuários com veículos;17.0;;6875
5213905;2017;storage;;Número de estabelecimentos agropecuários com veículos;104.0;;6875
5214002;2017;storage;;Número de estabelecimentos agropecuários com veículos;26.0;;6875
5214051;2017;storage;;Número de estabelecimentos agropecuários com veículos;107.0;;6875
5214101;2017;storage;;Número de estabelecimentos agropecuários com veículos;274.0;;6875
5214408;2017;storage;;Número de estabelecimentos agropecuários com veículos;19.0;;6875
5214507;2017;storage;;Número de estabelecimentos agropecuários com veículos;28.0;;6875
5214606;2017;storage;;Número de estabelecimentos agropecuários com veículos;268.0;;6875
5214705;2017;storage;;Número de estabelecimentos agropecuários com veículos;25.0;;6875
5214804;2017;storage;;Número de estabelecimentos agropecuários com veículos;61.0;;6875
5214838;2017;storage;;Número de estabelecimentos agropecuários com veículos;302.0;;6875
5214861;2017;storage;;Número de estabelecimentos agropecuários com veículos;149.0;;6875
5214879;2017;storage;;Número de estabelecimentos agropecuários com veículos;156.0;;6875
5214903;2017;storage;;Número de estabelecimentos agropecuários com veículos;119.0;;6875
5215009;2017;storage;;Número de estabelecimentos agropecuários com veículos;16.0;;6875
5215207;2017;storage;;Número de estabelecimentos agropecuários com veículos;78.0;;6875
5215231;2017;storage;;Número de estabelecimentos agropecuários com veículos;17.0;;6875
5215256;2017;storage;;Número de estabelecimentos agropecuários com veículos;78.0;;6875
5215306;2017;storage;;Número de estabelecimentos agropecuários com veículos;136.0;;6875
5215405;2017;storage;;Número de estabelecimentos agropecuários com veículos;33.0;;6875
5215504;2017;storage;;Número de estabelecimentos agropecuários com veículos;48.0;;6875
5215603;2017;storage;;Número de estabelecimentos agropecuários com veículos;324.0;;6875
5215652;2017;storage;;Número de estabelecimentos agropecuários com veículos;149.0;;6875
5215702;2017;storage;;Número de estabelecimentos agropecuários com veículos;409.0;;6875
5215801;2017;storage;;Número de estabelecimentos agropecuários com veículos;8.0;;6875
5215900;2017;storage;;Número de estabelecimentos agropecuários com veículos;203.0;;6875
5216007;2017;storage;;Número de estabelecimentos agropecuários com veículos;53.0;;6875
5216304;2017;storage;;Número de estabelecimentos agropecuários com veículos;69.0;;6875
5216403;2017;storage;;Número de estabelecimentos agropecuários com veículos;279.0;;6875
5216452;2017;storage;;Número de estabelecimentos agropecuários com veículos;63.0;;6875
5216809;2017;storage;;Número de estabelecimentos agropecuários com veículos;370.0;;6875
5216908;2017;storage;;Número de estabelecimentos agropecuários com veículos;173.0;;6875
5217104;2017;storage;;Número de estabelecimentos agropecuários com veículos;429.0;;6875
5217203;2017;storage;;Número de estabelecimentos agropecuários com veículos;235.0;;6875
5217302;2017;storage;;Número de estabelecimentos agropecuários com veículos;451.0;;6875
5217401;2017;storage;;Número de estabelecimentos agropecuários com veículos;97.0;;6875
5217609;2017;storage;;Número de estabelecimentos agropecuários com veículos;163.0;;6875
5217708;2017;storage;;Número de estabelecimentos agropecuários com veículos;205.0;;6875
5218003;2017;storage;;Número de estabelecimentos agropecuários com veículos;516.0;;6875
5218052;2017;storage;;Número de estabelecimentos agropecuários com veículos;26.0;;6875
5218102;2017;storage;;Número de estabelecimentos agropecuários com veículos;33.0;;6875
5218300;2017;storage;;Número de estabelecimentos agropecuários com veículos;295.0;;6875
5218391;2017;storage;;Número de estabelecimentos agropecuários com veículos;5.0;;6875
5218508;2017;storage;;Número de estabelecimentos agropecuários com veículos;497.0;;6875
5218607;2017;storage;;Número de estabelecimentos agropecuários com veículos;53.0;;6875
5218706;2017;storage;;Número de estabelecimentos agropecuários com veículos;71.0;;6875
5218789;2017;storage;;Número de estabelecimentos agropecuários com veículos;85.0;;6875
5218805;2017;storage;;Número de estabelecimentos agropecuários com veículos;1287.0;;6875
5218904;2017;storage;;Número de estabelecimentos agropecuários com veículos;211.0;;6875
5219001;2017;storage;;Número de estabelecimentos agropecuários com veículos;22.0;;6875
5219100;2017;storage;;Número de estabelecimentos agropecuários com veículos;10.0;;6875
5219209;2017;storage;;Número de estabelecimentos agropecuários com veículos;94.0;;6875
5219258;2017;storage;;Número de estabelecimentos agropecuários com veículos;85.0;;6875
5219308;2017;storage;;Número de estabelecimentos agropecuários com veículos;101.0;;6875
5219357;2017;storage;;Número de estabelecimentos agropecuários com veículos;67.0;;6875
5219407;2017;storage;;Número de estabelecimentos agropecuários com veículos;83.0;;6875
5219456;2017;storage;;Número de estabelecimentos agropecuários com veículos;166.0;;6875
5219506;2017;storage;;Número de estabelecimentos agropecuários com veículos;113.0;;6875
5219605;2017;storage;;Número de estabelecimentos agropecuários com veículos;55.0;;6875
5219704;2017;storage;;Número de estabelecimentos agropecuários com veículos;458.0;;6875
5219712;2017;storage;;Número de estabelecimentos agropecuários com veículos;51.0;;6875
5219738;2017;storage;;Número de estabelecimentos agropecuários com veículos;23.0;;6875
5219753;2017;storage;;Número de estabelecimentos agropecuários com veículos;64.0;;6875
5219803;2017;storage;;Número de estabelecimentos agropecuários com veículos;351.0;;6875
5219902;2017;storage;;Número de estabelecimentos agropecuários com veículos;150.0;;6875
5220009;2017;storage;;Número de estabelecimentos agropecuários com veículos;179.0;;6875
5220058;2017;storage;;Número de estabelecimentos agropecuários com veículos;101.0;;6875
5220108;2017;storage;;Número de estabelecimentos agropecuários com veículos;175.0;;6875
5220157;2017;storage;;Número de estabelecimentos agropecuários com veículos;142.0;;6875
5220207;2017;storage;;Número de estabelecimentos agropecuários com veículos;569.0;;6875
5220264;2017;storage;;Número de estabelecimentos agropecuários com veículos;131.0;;6875
5220280;2017;storage;;Número de estabelecimentos agropecuários com veículos;57.0;;6875
5220405;2017;storage;;Número de estabelecimentos agropecuários com veículos;33.0;;6875
5220454;2017;storage;;Número de estabelecimentos agropecuários com veículos;24.0;;6875
5220504;2017;storage;;Número de estabelecimentos agropecuários com veículos;316.0;;6875
5220603;2017;storage;;Número de estabelecimentos agropecuários com veículos;745.0;;6875
5220686;2017;storage;;Número de estabelecimentos agropecuários com veículos;11.0;;6875
5220702;2017;storage;;Número de estabelecimentos agropecuários com veículos;36.0;;6875
5221007;2017;storage;;Número de estabelecimentos agropecuários com veículos;83.0;;6875
5221080;2017;storage;;Número de estabelecimentos agropecuários com veículos;14.0;;6875
5221197;2017;storage;;Número de estabelecimentos agropecuários com veículos;46.0;;6875
5221304;2017;storage;;Número de estabelecimentos agropecuários com veículos;57.0;;6875
5221403;2017;storage;;Número de estabelecimentos agropecuários com veículos;79.0;;6875
5221452;2017;storage;;Número de estabelecimentos agropecuários com veículos;134.0;;6875
5221502;2017;storage;;Número de estabelecimentos agropecuários com veículos;113.0;;6875
5221551;2017;storage;;Número de estabelecimentos agropecuários com veículos;51.0;;6875
5221577;2017;storage;;Número de estabelecimentos agropecuários com veículos;297.0;;6875
5221601;2017;storage;;Número de estabelecimentos agropecuários com veículos;230.0;;6875
5221700;2017;storage;;Número de estabelecimentos agropecuários com veículos;377.0;;6875
5221809;2017;storage;;Número de estabelecimentos agropecuários com veículos;20.0;;6875
5221858;2017;storage;;Número de estabelecimentos agropecuários com veículos;1.0;;6875
5221908;2017;storage;;Número de estabelecimentos agropecuários com veículos;161.0;;6875
5222005;2017;storage;;Número de estabelecimentos agropecuários com veículos;371.0;;6875
5222054;2017;storage;;Número de estabelecimentos agropecuários com veículos;82.0;;6875
5222203;2017;storage;;Número de estabelecimentos agropecuários com veículos;68.0;;6875
5222302;2017;storage;;Número de estabelecimentos agropecuários com veículos;361.0;;6875
2100055;2017;storage;;Número de estabelecimentos agropecuários com veículos;524.0;;6875
2100105;2017;storage;;Número de estabelecimentos agropecuários com veículos;85.0;;6875
2100154;2017;storage;;Número de estabelecimentos agropecuários com veículos;51.0;;6875
2100204;2017;storage;;Número de estabelecimentos agropecuários com veículos;230.0;;6875
2100303;2017;storage;;Número de estabelecimentos agropecuários com veículos;150.0;;6875
2100402;2017;storage;;Número de estabelecimentos agropecuários com veículos;69.0;;6875
2100436;2017;storage;;Número de estabelecimentos agropecuários com veículos;24.0;;6875
2100477;2017;storage;;Número de estabelecimentos agropecuários com veículos;125.0;;6875
2100501;2017;storage;;Número de estabelecimentos agropecuários com veículos;106.0;;6875
2100550;2017;storage;;Número de estabelecimentos agropecuários com veículos;5.0;;6875
2100600;2017;storage;;Número de estabelecimentos agropecuários com veículos;490.0;;6875
2100709;2017;storage;;Número de estabelecimentos agropecuários com veículos;229.0;;6875
2100808;2017;storage;;Número de estabelecimentos agropecuários com veículos;62.0;;6875
2100832;2017;storage;;Número de estabelecimentos agropecuários com veículos;8.0;;6875
2100873;2017;storage;;Número de estabelecimentos agropecuários com veículos;35.0;;6875
2100907;2017;storage;;Número de estabelecimentos agropecuários com veículos;181.0;;6875
2100956;2017;storage;;Número de estabelecimentos agropecuários com veículos;449.0;;6875
2101004;2017;storage;;Número de estabelecimentos agropecuários com veículos;23.0;;6875
2101103;2017;storage;;Número de estabelecimentos agropecuários com veículos;2.0;;6875
2101202;2017;storage;;Número de estabelecimentos agropecuários com veículos;382.0;;6875
2101251;2017;storage;;Número de estabelecimentos agropecuários com veículos;5.0;;6875
2101301;2017;storage;;Número de estabelecimentos agropecuários com veículos;13.0;;6875
2101400;2017;storage;;Número de estabelecimentos agropecuários com veículos;668.0;;6875
2101509;2017;storage;;Número de estabelecimentos agropecuários com veículos;25.0;;6875
2101608;2017;storage;;Número de estabelecimentos agropecuários com veículos;426.0;;6875
2101707;2017;storage;;Número de estabelecimentos agropecuários com veículos;596.0;;6875
2101731;2017;storage;;Número de estabelecimentos agropecuários com veículos;27.0;;6875
2101772;2017;storage;;Número de estabelecimentos agropecuários com veículos;10.0;;6875
2101806;2017;storage;;Número de estabelecimentos agropecuários com veículos;34.0;;6875
2101905;2017;storage;;Número de estabelecimentos agropecuários com veículos;300.0;;6875
2101939;2017;storage;;Número de estabelecimentos agropecuários com veículos;41.0;;6875
2101970;2017;storage;;Número de estabelecimentos agropecuários com veículos;9.0;;6875
2102002;2017;storage;;Número de estabelecimentos agropecuários com veículos;169.0;;6875
2102036;2017;storage;;Número de estabelecimentos agropecuários com veículos;229.0;;6875
2102077;2017;storage;;Número de estabelecimentos agropecuários com veículos;37.0;;6875
2102101;2017;storage;;Número de estabelecimentos agropecuários com veículos;307.0;;6875
2102150;2017;storage;;Número de estabelecimentos agropecuários com veículos;142.0;;6875
2102200;2017;storage;;Número de estabelecimentos agropecuários com veículos;232.0;;6875
2102309;2017;storage;;Número de estabelecimentos agropecuários com veículos;311.0;;6875
2102325;2017;storage;;Número de estabelecimentos agropecuários com veículos;235.0;;6875
2102358;2017;storage;;Número de estabelecimentos agropecuários com veículos;144.0;;6875
2102408;2017;storage;;Número de estabelecimentos agropecuários com veículos;1.0;;6875
2102507;2017;storage;;Número de estabelecimentos agropecuários com veículos;47.0;;6875
2102556;2017;storage;;Número de estabelecimentos agropecuários com veículos;101.0;;6875
2102606;2017;storage;;Número de estabelecimentos agropecuários com veículos;51.0;;6875
2102705;2017;storage;;Número de estabelecimentos agropecuários com veículos;77.0;;6875
2102754;2017;storage;;Número de estabelecimentos agropecuários com veículos;53.0;;6875
2102804;2017;storage;;Número de estabelecimentos agropecuários com veículos;344.0;;6875
2102903;2017;storage;;Número de estabelecimentos agropecuários com veículos;49.0;;6875
2103000;2017;storage;;Número de estabelecimentos agropecuários com veículos;303.0;;6875
2103109;2017;storage;;Número de estabelecimentos agropecuários com veículos;82.0;;6875
2103125;2017;storage;;Número de estabelecimentos agropecuários com veículos;37.0;;6875
2103158;2017;storage;;Número de estabelecimentos agropecuários com veículos;31.0;;6875
2103174;2017;storage;;Número de estabelecimentos agropecuários com veículos;93.0;;6875
2103208;2017;storage;;Número de estabelecimentos agropecuários com veículos;377.0;;6875
2103257;2017;storage;;Número de estabelecimentos agropecuários com veículos;303.0;;6875
2103307;2017;storage;;Número de estabelecimentos agropecuários com veículos;421.0;;6875
2103406;2017;storage;;Número de estabelecimentos agropecuários com veículos;206.0;;6875
2103505;2017;storage;;Número de estabelecimentos agropecuários com veículos;176.0;;6875
2103554;2017;storage;;Número de estabelecimentos agropecuários com veículos;16.0;;6875
2103604;2017;storage;;Número de estabelecimentos agropecuários com veículos;79.0;;6875
2103703;2017;storage;;Número de estabelecimentos agropecuários com veículos;23.0;;6875
2103752;2017;storage;;Número de estabelecimentos agropecuários com veículos;62.0;;6875
2103802;2017;storage;;Número de estabelecimentos agropecuários com veículos;32.0;;6875
2103901;2017;storage;;Número de estabelecimentos agropecuários com veículos;26.0;;6875
2104008;2017;storage;;Número de estabelecimentos agropecuários com veículos;231.0;;6875
2104057;2017;storage;;Número de estabelecimentos agropecuários com veículos;289.0;;6875
2104073;2017;storage;;Número de estabelecimentos agropecuários com veículos;459.0;;6875
2104081;2017;storage;;Número de estabelecimentos agropecuários com veículos;186.0;;6875
2104099;2017;storage;;Número de estabelecimentos agropecuários com veículos;690.0;;6875
2104107;2017;storage;;Número de estabelecimentos agropecuários com veículos;412.0;;6875
2104206;2017;storage;;Número de estabelecimentos agropecuários com veículos;50.0;;6875
2104305;2017;storage;;Número de estabelecimentos agropecuários com veículos;2.0;;6875
2104404;2017;storage;;Número de estabelecimentos agropecuários com veículos;114.0;;6875
2104503;2017;storage;;Número de estabelecimentos agropecuários com veículos;8.0;;6875
2104552;2017;storage;;Número de estabelecimentos agropecuários com veículos;56.0;;6875
2104602;2017;storage;;Número de estabelecimentos agropecuários com veículos;67.0;;6875
2104628;2017;storage;;Número de estabelecimentos agropecuários com veículos;18.0;;6875
2104651;2017;storage;;Número de estabelecimentos agropecuários com veículos;43.0;;6875
2104677;2017;storage;;Número de estabelecimentos agropecuários com veículos;92.0;;6875
2104701;2017;storage;;Número de estabelecimentos agropecuários com veículos;17.0;;6875
2104800;2017;storage;;Número de estabelecimentos agropecuários com veículos;923.0;;6875
2104909;2017;storage;;Número de estabelecimentos agropecuários com veículos;11.0;;6875
2105005;2017;storage;;Número de estabelecimentos agropecuários com veículos;18.0;;6875
2105104;2017;storage;;Número de estabelecimentos agropecuários com veículos;18.0;;6875
2105153;2017;storage;;Número de estabelecimentos agropecuários com veículos;13.0;;6875
2105203;2017;storage;;Número de estabelecimentos agropecuários com veículos;40.0;;6875
2105302;2017;storage;;Número de estabelecimentos agropecuários com veículos;111.0;;6875
2105351;2017;storage;;Número de estabelecimentos agropecuários com veículos;105.0;;6875
2105401;2017;storage;;Número de estabelecimentos agropecuários com veículos;226.0;;6875
2105427;2017;storage;;Número de estabelecimentos agropecuários com veículos;301.0;;6875
2105450;2017;storage;;Número de estabelecimentos agropecuários com veículos;39.0;;6875
2105476;2017;storage;;Número de estabelecimentos agropecuários com veículos;46.0;;6875
2105500;2017;storage;;Número de estabelecimentos agropecuários com veículos;280.0;;6875
2105609;2017;storage;;Número de estabelecimentos agropecuários com veículos;32.0;;6875
2105658;2017;storage;;Número de estabelecimentos agropecuários com veículos;58.0;;6875
2105708;2017;storage;;Número de estabelecimentos agropecuários com veículos;149.0;;6875
2105807;2017;storage;;Número de estabelecimentos agropecuários com veículos;5.0;;6875
2105906;2017;storage;;Número de estabelecimentos agropecuários com veículos;18.0;;6875
2105922;2017;storage;;Número de estabelecimentos agropecuários com veículos;384.0;;6875
2105948;2017;storage;;Número de estabelecimentos agropecuários com veículos;7.0;;6875
2105963;2017;storage;;Número de estabelecimentos agropecuários com veículos;163.0;;6875
2105989;2017;storage;;Número de estabelecimentos agropecuários com veículos;175.0;;6875
2106003;2017;storage;;Número de estabelecimentos agropecuários com veículos;16.0;;6875
2106102;2017;storage;;Número de estabelecimentos agropecuários com veículos;350.0;;6875
2106201;2017;storage;;Número de estabelecimentos agropecuários com veículos;2.0;;6875
2106300;2017;storage;;Número de estabelecimentos agropecuários com veículos;4.0;;6875
2106326;2017;storage;;Número de estabelecimentos agropecuários com veículos;12.0;;6875
2106359;2017;storage;;Número de estabelecimentos agropecuários com veículos;74.0;;6875
2106375;2017;storage;;Número de estabelecimentos agropecuários com veículos;29.0;;6875
2106409;2017;storage;;Número de estabelecimentos agropecuários com veículos;205.0;;6875
2106508;2017;storage;;Número de estabelecimentos agropecuários com veículos;192.0;;6875
2106607;2017;storage;;Número de estabelecimentos agropecuários com veículos;101.0;;6875
2106631;2017;storage;;Número de estabelecimentos agropecuários com veículos;15.0;;6875
2106672;2017;storage;;Número de estabelecimentos agropecuários com veículos;310.0;;6875
2106706;2017;storage;;Número de estabelecimentos agropecuários com veículos;16.0;;6875
2106755;2017;storage;;Número de estabelecimentos agropecuários com veículos;12.0;;6875
2106805;2017;storage;;Número de estabelecimentos agropecuários com veículos;47.0;;6875
2106904;2017;storage;;Número de estabelecimentos agropecuários com veículos;29.0;;6875
2107001;2017;storage;;Número de estabelecimentos agropecuários com veículos;334.0;;6875
2107100;2017;storage;;Número de estabelecimentos agropecuários com veículos;43.0;;6875
2107209;2017;storage;;Número de estabelecimentos agropecuários com veículos;90.0;;6875
2107258;2017;storage;;Número de estabelecimentos agropecuários com veículos;245.0;;6875
2107308;2017;storage;;Número de estabelecimentos agropecuários com veículos;39.0;;6875
2107357;2017;storage;;Número de estabelecimentos agropecuários com veículos;350.0;;6875
2107407;2017;storage;;Número de estabelecimentos agropecuários com veículos;94.0;;6875
2107456;2017;storage;;Número de estabelecimentos agropecuários com veículos;134.0;;6875
2107506;2017;storage;;Número de estabelecimentos agropecuários com veículos;39.0;;6875
2107605;2017;storage;;Número de estabelecimentos agropecuários com veículos;94.0;;6875
2107704;2017;storage;;Número de estabelecimentos agropecuários com veículos;132.0;;6875
2107803;2017;storage;;Número de estabelecimentos agropecuários com veículos;184.0;;6875
2107902;2017;storage;;Número de estabelecimentos agropecuários com veículos;410.0;;6875
2108009;2017;storage;;Número de estabelecimentos agropecuários com veículos;240.0;;6875
2108058;2017;storage;;Número de estabelecimentos agropecuários com veículos;168.0;;6875
2108108;2017;storage;;Número de estabelecimentos agropecuários com veículos;320.0;;6875
2108207;2017;storage;;Número de estabelecimentos agropecuários com veículos;32.0;;6875
2108256;2017;storage;;Número de estabelecimentos agropecuários com veículos;165.0;;6875
2108306;2017;storage;;Número de estabelecimentos agropecuários com veículos;174.0;;6875
2108405;2017;storage;;Número de estabelecimentos agropecuários com veículos;126.0;;6875
2108454;2017;storage;;Número de estabelecimentos agropecuários com veículos;100.0;;6875
2108504;2017;storage;;Número de estabelecimentos agropecuários com veículos;13.0;;6875
2108603;2017;storage;;Número de estabelecimentos agropecuários com veículos;249.0;;6875
2108702;2017;storage;;Número de estabelecimentos agropecuários com veículos;224.0;;6875
2108801;2017;storage;;Número de estabelecimentos agropecuários com veículos;8.0;;6875
2108900;2017;storage;;Número de estabelecimentos agropecuários com veículos;308.0;;6875
2109007;2017;storage;;Número de estabelecimentos agropecuários com veículos;285.0;;6875
2109056;2017;storage;;Número de estabelecimentos agropecuários com veículos;29.0;;6875
2109106;2017;storage;;Número de estabelecimentos agropecuários com veículos;130.0;;6875
2109205;2017;storage;;Número de estabelecimentos agropecuários com veículos;4.0;;6875
2109239;2017;storage;;Número de estabelecimentos agropecuários com veículos;10.0;;6875
2109270;2017;storage;;Número de estabelecimentos agropecuários com veículos;173.0;;6875
2109304;2017;storage;;Número de estabelecimentos agropecuários com veículos;160.0;;6875
2109403;2017;storage;;Número de estabelecimentos agropecuários com veículos;33.0;;6875
2109452;2017;storage;;Número de estabelecimentos agropecuários com veículos;32.0;;6875
2109502;2017;storage;;Número de estabelecimentos agropecuários com veículos;349.0;;6875
2109551;2017;storage;;Número de estabelecimentos agropecuários com veículos;162.0;;6875
2109601;2017;storage;;Número de estabelecimentos agropecuários com veículos;1.0;;6875
2109700;2017;storage;;Número de estabelecimentos agropecuários com veículos;250.0;;6875
2109759;2017;storage;;Número de estabelecimentos agropecuários com veículos;111.0;;6875
2109809;2017;storage;;Número de estabelecimentos agropecuários com veículos;180.0;;6875
2109908;2017;storage;;Número de estabelecimentos agropecuários com veículos;19.0;;6875
2110005;2017;storage;;Número de estabelecimentos agropecuários com veículos;320.0;;6875
2110039;2017;storage;;Número de estabelecimentos agropecuários com veículos;344.0;;6875
2110104;2017;storage;;Número de estabelecimentos agropecuários com veículos;129.0;;6875
2110203;2017;storage;;Número de estabelecimentos agropecuários com veículos;219.0;;6875
2110237;2017;storage;;Número de estabelecimentos agropecuários com veículos;1.0;;6875
2110278;2017;storage;;Número de estabelecimentos agropecuários com veículos;12.0;;6875
2110302;2017;storage;;Número de estabelecimentos agropecuários com veículos;170.0;;6875
2110401;2017;storage;;Número de estabelecimentos agropecuários com veículos;144.0;;6875
2110609;2017;storage;;Número de estabelecimentos agropecuários com veículos;135.0;;6875
2110658;2017;storage;;Número de estabelecimentos agropecuários com veículos;62.0;;6875
2110708;2017;storage;;Número de estabelecimentos agropecuários com veículos;205.0;;6875
2110807;2017;storage;;Número de estabelecimentos agropecuários com veículos;270.0;;6875
2110856;2017;storage;;Número de estabelecimentos agropecuários com veículos;113.0;;6875
2110906;2017;storage;;Número de estabelecimentos agropecuários com veículos;133.0;;6875
2111003;2017;storage;;Número de estabelecimentos agropecuários com veículos;11.0;;6875
2111029;2017;storage;;Número de estabelecimentos agropecuários com veículos;33.0;;6875
2111052;2017;storage;;Número de estabelecimentos agropecuários com veículos;44.0;;6875
2111078;2017;storage;;Número de estabelecimentos agropecuários com veículos;164.0;;6875
2111102;2017;storage;;Número de estabelecimentos agropecuários com veículos;53.0;;6875
2111201;2017;storage;;Número de estabelecimentos agropecuários com veículos;58.0;;6875
2111250;2017;storage;;Número de estabelecimentos agropecuários com veículos;57.0;;6875
2111300;2017;storage;;Número de estabelecimentos agropecuários com veículos;86.0;;6875
2111409;2017;storage;;Número de estabelecimentos agropecuários com veículos;374.0;;6875
2111508;2017;storage;;Número de estabelecimentos agropecuários com veículos;82.0;;6875
2111532;2017;storage;;Número de estabelecimentos agropecuários com veículos;62.0;;6875
2111573;2017;storage;;Número de estabelecimentos agropecuários com veículos;337.0;;6875
2111607;2017;storage;;Número de estabelecimentos agropecuários com veículos;381.0;;6875
2111631;2017;storage;;Número de estabelecimentos agropecuários com veículos;97.0;;6875
2111672;2017;storage;;Número de estabelecimentos agropecuários com veículos;2.0;;6875
2111706;2017;storage;;Número de estabelecimentos agropecuários com veículos;7.0;;6875
2111722;2017;storage;;Número de estabelecimentos agropecuários com veículos;44.0;;6875
2111748;2017;storage;;Número de estabelecimentos agropecuários com veículos;16.0;;6875
2111763;2017;storage;;Número de estabelecimentos agropecuários com veículos;169.0;;6875
2111789;2017;storage;;Número de estabelecimentos agropecuários com veículos;8.0;;6875
2111805;2017;storage;;Número de estabelecimentos agropecuários com veículos;497.0;;6875
2111904;2017;storage;;Número de estabelecimentos agropecuários com veículos;100.0;;6875
2111953;2017;storage;;Número de estabelecimentos agropecuários com veículos;23.0;;6875
2112001;2017;storage;;Número de estabelecimentos agropecuários com veículos;192.0;;6875
2112100;2017;storage;;Número de estabelecimentos agropecuários com veículos;169.0;;6875
2112209;2017;storage;;Número de estabelecimentos agropecuários com veículos;264.0;;6875
2112233;2017;storage;;Número de estabelecimentos agropecuários com veículos;28.0;;6875
2112274;2017;storage;;Número de estabelecimentos agropecuários com veículos;6.0;;6875
2112308;2017;storage;;Número de estabelecimentos agropecuários com veículos;600.0;;6875
2112407;2017;storage;;Número de estabelecimentos agropecuários com veículos;232.0;;6875
2112456;2017;storage;;Número de estabelecimentos agropecuários com veículos;122.0;;6875
2112506;2017;storage;;Número de estabelecimentos agropecuários com veículos;19.0;;6875
2112605;2017;storage;;Número de estabelecimentos agropecuários com veículos;204.0;;6875
2112704;2017;storage;;Número de estabelecimentos agropecuários com veículos;138.0;;6875
2112803;2017;storage;;Número de estabelecimentos agropecuários com veículos;54.0;;6875
2112852;2017;storage;;Número de estabelecimentos agropecuários com veículos;166.0;;6875
2112902;2017;storage;;Número de estabelecimentos agropecuários com veículos;131.0;;6875
2113009;2017;storage;;Número de estabelecimentos agropecuários com veículos;177.0;;6875
2114007;2017;storage;;Número de estabelecimentos agropecuários com veículos;61.0;;6875
3100104;2017;storage;;Número de estabelecimentos agropecuários com veículos;210.0;;6875
3100203;2017;storage;;Número de estabelecimentos agropecuários com veículos;165.0;;6875
3100302;2017;storage;;Número de estabelecimentos agropecuários com veículos;253.0;;6875
3100401;2017;storage;;Número de estabelecimentos agropecuários com veículos;13.0;;6875
3100500;2017;storage;;Número de estabelecimentos agropecuários com veículos;34.0;;6875
3100609;2017;storage;;Número de estabelecimentos agropecuários com veículos;549.0;;6875
3100708;2017;storage;;Número de estabelecimentos agropecuários com veículos;55.0;;6875
3100807;2017;storage;;Número de estabelecimentos agropecuários com veículos;55.0;;6875
3100906;2017;storage;;Número de estabelecimentos agropecuários com veículos;32.0;;6875
3101003;2017;storage;;Número de estabelecimentos agropecuários com veículos;70.0;;6875
3101102;2017;storage;;Número de estabelecimentos agropecuários com veículos;242.0;;6875
3101201;2017;storage;;Número de estabelecimentos agropecuários com veículos;78.0;;6875
3101300;2017;storage;;Número de estabelecimentos agropecuários com veículos;28.0;;6875
3101409;2017;storage;;Número de estabelecimentos agropecuários com veículos;127.0;;6875
3101508;2017;storage;;Número de estabelecimentos agropecuários com veículos;55.0;;6875
3101607;2017;storage;;Número de estabelecimentos agropecuários com veículos;402.0;;6875
3101631;2017;storage;;Número de estabelecimentos agropecuários com veículos;190.0;;6875
3101706;2017;storage;;Número de estabelecimentos agropecuários com veículos;206.0;;6875
3101805;2017;storage;;Número de estabelecimentos agropecuários com veículos;56.0;;6875
3101904;2017;storage;;Número de estabelecimentos agropecuários com veículos;353.0;;6875
3102001;2017;storage;;Número de estabelecimentos agropecuários com veículos;470.0;;6875
3102050;2017;storage;;Número de estabelecimentos agropecuários com veículos;72.0;;6875
3102100;2017;storage;;Número de estabelecimentos agropecuários com veículos;87.0;;6875
3102209;2017;storage;;Número de estabelecimentos agropecuários com veículos;222.0;;6875
3102308;2017;storage;;Número de estabelecimentos agropecuários com veículos;319.0;;6875
3102407;2017;storage;;Número de estabelecimentos agropecuários com veículos;101.0;;6875
3102506;2017;storage;;Número de estabelecimentos agropecuários com veículos;27.0;;6875
3102605;2017;storage;;Número de estabelecimentos agropecuários com veículos;641.0;;6875
3102704;2017;storage;;Número de estabelecimentos agropecuários com veículos;212.0;;6875
3102803;2017;storage;;Número de estabelecimentos agropecuários com veículos;35.0;;6875
3102852;2017;storage;;Número de estabelecimentos agropecuários com veículos;338.0;;6875
3102902;2017;storage;;Número de estabelecimentos agropecuários com veículos;149.0;;6875
3103009;2017;storage;;Número de estabelecimentos agropecuários com veículos;121.0;;6875
3103108;2017;storage;;Número de estabelecimentos agropecuários com veículos;23.0;;6875
3103207;2017;storage;;Número de estabelecimentos agropecuários com veículos;48.0;;6875
3103306;2017;storage;;Número de estabelecimentos agropecuários com veículos;2.0;;6875
3103405;2017;storage;;Número de estabelecimentos agropecuários com veículos;238.0;;6875
3103504;2017;storage;;Número de estabelecimentos agropecuários com veículos;963.0;;6875
3103603;2017;storage;;Número de estabelecimentos agropecuários com veículos;26.0;;6875
3103702;2017;storage;;Número de estabelecimentos agropecuários com veículos;241.0;;6875
3103751;2017;storage;;Número de estabelecimentos agropecuários com veículos;46.0;;6875
3103801;2017;storage;;Número de estabelecimentos agropecuários com veículos;82.0;;6875
3103900;2017;storage;;Número de estabelecimentos agropecuários com veículos;63.0;;6875
3104007;2017;storage;;Número de estabelecimentos agropecuários com veículos;172.0;;6875
3104106;2017;storage;;Número de estabelecimentos agropecuários com veículos;65.0;;6875
3104205;2017;storage;;Número de estabelecimentos agropecuários com veículos;221.0;;6875
3104304;2017;storage;;Número de estabelecimentos agropecuários com veículos;168.0;;6875
3104403;2017;storage;;Número de estabelecimentos agropecuários com veículos;22.0;;6875
3104452;2017;storage;;Número de estabelecimentos agropecuários com veículos;307.0;;6875
3104502;2017;storage;;Número de estabelecimentos agropecuários com veículos;339.0;;6875
3104601;2017;storage;;Número de estabelecimentos agropecuários com veículos;271.0;;6875
3104700;2017;storage;;Número de estabelecimentos agropecuários com veículos;431.0;;6875
3104809;2017;storage;;Número de estabelecimentos agropecuários com veículos;68.0;;6875
3104908;2017;storage;;Número de estabelecimentos agropecuários com veículos;37.0;;6875
3105004;2017;storage;;Número de estabelecimentos agropecuários com veículos;74.0;;6875
3105103;2017;storage;;Número de estabelecimentos agropecuários com veículos;469.0;;6875
3105202;2017;storage;;Número de estabelecimentos agropecuários com veículos;62.0;;6875
3105301;2017;storage;;Número de estabelecimentos agropecuários com veículos;79.0;;6875
3105400;2017;storage;;Número de estabelecimentos agropecuários com veículos;83.0;;6875
3105509;2017;storage;;Número de estabelecimentos agropecuários com veículos;23.0;;6875
3105608;2017;storage;;Número de estabelecimentos agropecuários com veículos;324.0;;6875
3105707;2017;storage;;Número de estabelecimentos agropecuários com veículos;84.0;;6875
3105905;2017;storage;;Número de estabelecimentos agropecuários com veículos;28.0;;6875
3106002;2017;storage;;Número de estabelecimentos agropecuários com veículos;3.0;;6875
3106101;2017;storage;;Número de estabelecimentos agropecuários com veículos;67.0;;6875
3106200;2017;storage;;Número de estabelecimentos agropecuários com veículos;8.0;;6875
3106309;2017;storage;;Número de estabelecimentos agropecuários com veículos;28.0;;6875
3106408;2017;storage;;Número de estabelecimentos agropecuários com veículos;191.0;;6875
3106507;2017;storage;;Número de estabelecimentos agropecuários com veículos;369.0;;6875
3106606;2017;storage;;Número de estabelecimentos agropecuários com veículos;1.0;;6875
3106655;2017;storage;;Número de estabelecimentos agropecuários com veículos;106.0;;6875
3106705;2017;storage;;Número de estabelecimentos agropecuários com veículos;55.0;;6875
3106804;2017;storage;;Número de estabelecimentos agropecuários com veículos;76.0;;6875
3106903;2017;storage;;Número de estabelecimentos agropecuários com veículos;31.0;;6875
3107000;2017;storage;;Número de estabelecimentos agropecuários com veículos;69.0;;6875
3107109;2017;storage;;Número de estabelecimentos agropecuários com veículos;705.0;;6875
3107208;2017;storage;;Número de estabelecimentos agropecuários com veículos;23.0;;6875
3107307;2017;storage;;Número de estabelecimentos agropecuários com veículos;621.0;;6875
3107406;2017;storage;;Número de estabelecimentos agropecuários com veículos;94.0;;6875
3107505;2017;storage;;Número de estabelecimentos agropecuários com veículos;30.0;;6875
3107604;2017;storage;;Número de estabelecimentos agropecuários com veículos;268.0;;6875
3107703;2017;storage;;Número de estabelecimentos agropecuários com veículos;23.0;;6875
3107802;2017;storage;;Número de estabelecimentos agropecuários com veículos;113.0;;6875
3107901;2017;storage;;Número de estabelecimentos agropecuários com veículos;305.0;;6875
3108008;2017;storage;;Número de estabelecimentos agropecuários com veículos;120.0;;6875
3108107;2017;storage;;Número de estabelecimentos agropecuários com veículos;51.0;;6875
3108206;2017;storage;;Número de estabelecimentos agropecuários com veículos;198.0;;6875
3108255;2017;storage;;Número de estabelecimentos agropecuários com veículos;435.0;;6875
3108305;2017;storage;;Número de estabelecimentos agropecuários com veículos;111.0;;6875
3108404;2017;storage;;Número de estabelecimentos agropecuários com veículos;467.0;;6875
3108503;2017;storage;;Número de estabelecimentos agropecuários com veículos;171.0;;6875
3108552;2017;storage;;Número de estabelecimentos agropecuários com veículos;182.0;;6875
3108602;2017;storage;;Número de estabelecimentos agropecuários com veículos;398.0;;6875
3108701;2017;storage;;Número de estabelecimentos agropecuários com veículos;122.0;;6875
3108800;2017;storage;;Número de estabelecimentos agropecuários com veículos;58.0;;6875
3108909;2017;storage;;Número de estabelecimentos agropecuários com veículos;77.0;;6875
3109006;2017;storage;;Número de estabelecimentos agropecuários com veículos;126.0;;6875
3109105;2017;storage;;Número de estabelecimentos agropecuários com veículos;674.0;;6875
3109204;2017;storage;;Número de estabelecimentos agropecuários com veículos;72.0;;6875
3109253;2017;storage;;Número de estabelecimentos agropecuários com veículos;24.0;;6875
3109303;2017;storage;;Número de estabelecimentos agropecuários com veículos;371.0;;6875
3109402;2017;storage;;Número de estabelecimentos agropecuários com veículos;192.0;;6875
3109451;2017;storage;;Número de estabelecimentos agropecuários com veículos;40.0;;6875
3109501;2017;storage;;Número de estabelecimentos agropecuários com veículos;562.0;;6875
3109600;2017;storage;;Número de estabelecimentos agropecuários com veículos;7.0;;6875
3109709;2017;storage;;Número de estabelecimentos agropecuários com veículos;314.0;;6875
3109808;2017;storage;;Número de estabelecimentos agropecuários com veículos;31.0;;6875
3109907;2017;storage;;Número de estabelecimentos agropecuários com veículos;82.0;;6875
3110004;2017;storage;;Número de estabelecimentos agropecuários com veículos;286.0;;6875
3110103;2017;storage;;Número de estabelecimentos agropecuários com veículos;183.0;;6875
3110202;2017;storage;;Número de estabelecimentos agropecuários com veículos;241.0;;6875
3110301;2017;storage;;Número de estabelecimentos agropecuários com veículos;295.0;;6875
3110400;2017;storage;;Número de estabelecimentos agropecuários com veículos;158.0;;6875
3110509;2017;storage;;Número de estabelecimentos agropecuários com veículos;293.0;;6875
3110608;2017;storage;;Número de estabelecimentos agropecuários com veículos;400.0;;6875
3110707;2017;storage;;Número de estabelecimentos agropecuários com veículos;148.0;;6875
3110806;2017;storage;;Número de estabelecimentos agropecuários com veículos;17.0;;6875
3110905;2017;storage;;Número de estabelecimentos agropecuários com veículos;377.0;;6875
3111002;2017;storage;;Número de estabelecimentos agropecuários com veículos;495.0;;6875
3111101;2017;storage;;Número de estabelecimentos agropecuários com veículos;773.0;;6875
3111150;2017;storage;;Número de estabelecimentos agropecuários com veículos;47.0;;6875
3111200;2017;storage;;Número de estabelecimentos agropecuários com veículos;342.0;;6875
3111309;2017;storage;;Número de estabelecimentos agropecuários com veículos;361.0;;6875
3111408;2017;storage;;Número de estabelecimentos agropecuários com veículos;216.0;;6875
3111507;2017;storage;;Número de estabelecimentos agropecuários com veículos;232.0;;6875
3111606;2017;storage;;Número de estabelecimentos agropecuários com veículos;1073.0;;6875
3111705;2017;storage;;Número de estabelecimentos agropecuários com veículos;192.0;;6875
3111804;2017;storage;;Número de estabelecimentos agropecuários com veículos;143.0;;6875
3111903;2017;storage;;Número de estabelecimentos agropecuários com veículos;59.0;;6875
3112000;2017;storage;;Número de estabelecimentos agropecuários com veículos;394.0;;6875
3112059;2017;storage;;Número de estabelecimentos agropecuários com veículos;25.0;;6875
3112109;2017;storage;;Número de estabelecimentos agropecuários com veículos;212.0;;6875
3112208;2017;storage;;Número de estabelecimentos agropecuários com veículos;5.0;;6875
3112307;2017;storage;;Número de estabelecimentos agropecuários com veículos;862.0;;6875
3112406;2017;storage;;Número de estabelecimentos agropecuários com veículos;145.0;;6875
3112505;2017;storage;;Número de estabelecimentos agropecuários com veículos;25.0;;6875
3112604;2017;storage;;Número de estabelecimentos agropecuários com veículos;177.0;;6875
3112653;2017;storage;;Número de estabelecimentos agropecuários com veículos;73.0;;6875
3112703;2017;storage;;Número de estabelecimentos agropecuários com veículos;91.0;;6875
3112802;2017;storage;;Número de estabelecimentos agropecuários com veículos;76.0;;6875
3112901;2017;storage;;Número de estabelecimentos agropecuários com veículos;172.0;;6875
3113008;2017;storage;;Número de estabelecimentos agropecuários com veículos;345.0;;6875
3113107;2017;storage;;Número de estabelecimentos agropecuários com veículos;28.0;;6875
3113206;2017;storage;;Número de estabelecimentos agropecuários com veículos;274.0;;6875
3113305;2017;storage;;Número de estabelecimentos agropecuários com veículos;227.0;;6875
3113404;2017;storage;;Número de estabelecimentos agropecuários com veículos;1459.0;;6875
3113503;2017;storage;;Número de estabelecimentos agropecuários com veículos;275.0;;6875
3113602;2017;storage;;Número de estabelecimentos agropecuários com veículos;66.0;;6875
3113701;2017;storage;;Número de estabelecimentos agropecuários com veículos;154.0;;6875
3113800;2017;storage;;Número de estabelecimentos agropecuários com veículos;31.0;;6875
3113909;2017;storage;;Número de estabelecimentos agropecuários com veículos;187.0;;6875
3114006;2017;storage;;Número de estabelecimentos agropecuários com veículos;144.0;;6875
3114105;2017;storage;;Número de estabelecimentos agropecuários com veículos;113.0;;6875
3114204;2017;storage;;Número de estabelecimentos agropecuários com veículos;425.0;;6875
3114303;2017;storage;;Número de estabelecimentos agropecuários com veículos;435.0;;6875
3114402;2017;storage;;Número de estabelecimentos agropecuários com veículos;615.0;;6875
3114501;2017;storage;;Número de estabelecimentos agropecuários com veículos;136.0;;6875
3114550;2017;storage;;Número de estabelecimentos agropecuários com veículos;203.0;;6875
3114600;2017;storage;;Número de estabelecimentos agropecuários com veículos;51.0;;6875
3114709;2017;storage;;Número de estabelecimentos agropecuários com veículos;161.0;;6875
3114808;2017;storage;;Número de estabelecimentos agropecuários com veículos;19.0;;6875
3114907;2017;storage;;Número de estabelecimentos agropecuários com veículos;87.0;;6875
3115003;2017;storage;;Número de estabelecimentos agropecuários com veículos;130.0;;6875
3115102;2017;storage;;Número de estabelecimentos agropecuários com veículos;285.0;;6875
3115201;2017;storage;;Número de estabelecimentos agropecuários com veículos;47.0;;6875
3115300;2017;storage;;Número de estabelecimentos agropecuários com veículos;128.0;;6875
3115359;2017;storage;;Número de estabelecimentos agropecuários com veículos;60.0;;6875
3115409;2017;storage;;Número de estabelecimentos agropecuários com veículos;18.0;;6875
3115458;2017;storage;;Número de estabelecimentos agropecuários com veículos;13.0;;6875
3115474;2017;storage;;Número de estabelecimentos agropecuários com veículos;105.0;;6875
3115508;2017;storage;;Número de estabelecimentos agropecuários com veículos;19.0;;6875
3115607;2017;storage;;Número de estabelecimentos agropecuários com veículos;1.0;;6875
3115706;2017;storage;;Número de estabelecimentos agropecuários com veículos;20.0;;6875
3115805;2017;storage;;Número de estabelecimentos agropecuários com veículos;92.0;;6875
3115904;2017;storage;;Número de estabelecimentos agropecuários com veículos;17.0;;6875
3116001;2017;storage;;Número de estabelecimentos agropecuários com veículos;460.0;;6875
3116100;2017;storage;;Número de estabelecimentos agropecuários com veículos;432.0;;6875
3116159;2017;storage;;Número de estabelecimentos agropecuários com veículos;220.0;;6875
3116209;2017;storage;;Número de estabelecimentos agropecuários com veículos;56.0;;6875
3116308;2017;storage;;Número de estabelecimentos agropecuários com veículos;161.0;;6875
3116407;2017;storage;;Número de estabelecimentos agropecuários com veículos;333.0;;6875
3116506;2017;storage;;Número de estabelecimentos agropecuários com veículos;185.0;;6875
3116605;2017;storage;;Número de estabelecimentos agropecuários com veículos;326.0;;6875
3116704;2017;storage;;Número de estabelecimentos agropecuários com veículos;148.0;;6875
3116803;2017;storage;;Número de estabelecimentos agropecuários com veículos;270.0;;6875
3116902;2017;storage;;Número de estabelecimentos agropecuários com veículos;170.0;;6875
3117009;2017;storage;;Número de estabelecimentos agropecuários com veículos;150.0;;6875
3117108;2017;storage;;Número de estabelecimentos agropecuários com veículos;774.0;;6875
3117207;2017;storage;;Número de estabelecimentos agropecuários com veículos;60.0;;6875
3117306;2017;storage;;Número de estabelecimentos agropecuários com veículos;202.0;;6875
3117405;2017;storage;;Número de estabelecimentos agropecuários com veículos;507.0;;6875
3117504;2017;storage;;Número de estabelecimentos agropecuários com veículos;181.0;;6875
3117603;2017;storage;;Número de estabelecimentos agropecuários com veículos;60.0;;6875
3117702;2017;storage;;Número de estabelecimentos agropecuários com veículos;64.0;;6875
3117801;2017;storage;;Número de estabelecimentos agropecuários com veículos;5.0;;6875
3117836;2017;storage;;Número de estabelecimentos agropecuários com veículos;111.0;;6875
3117876;2017;storage;;Número de estabelecimentos agropecuários com veículos;1.0;;6875
3117900;2017;storage;;Número de estabelecimentos agropecuários com veículos;195.0;;6875
3118007;2017;storage;;Número de estabelecimentos agropecuários com veículos;20.0;;6875
3118106;2017;storage;;Número de estabelecimentos agropecuários com veículos;15.0;;6875
3118205;2017;storage;;Número de estabelecimentos agropecuários com veículos;109.0;;6875
3118304;2017;storage;;Número de estabelecimentos agropecuários com veículos;46.0;;6875
3118403;2017;storage;;Número de estabelecimentos agropecuários com veículos;656.0;;6875
3118502;2017;storage;;Número de estabelecimentos agropecuários com veículos;34.0;;6875
3118601;2017;storage;;Número de estabelecimentos agropecuários com veículos;15.0;;6875
3118700;2017;storage;;Número de estabelecimentos agropecuários com veículos;427.0;;6875
3118809;2017;storage;;Número de estabelecimentos agropecuários com veículos;405.0;;6875
3118908;2017;storage;;Número de estabelecimentos agropecuários com veículos;153.0;;6875
3119005;2017;storage;;Número de estabelecimentos agropecuários com veículos;70.0;;6875
3119104;2017;storage;;Número de estabelecimentos agropecuários com veículos;115.0;;6875
3119203;2017;storage;;Número de estabelecimentos agropecuários com veículos;155.0;;6875
3119302;2017;storage;;Número de estabelecimentos agropecuários com veículos;935.0;;6875
3119401;2017;storage;;Número de estabelecimentos agropecuários com veículos;55.0;;6875
3119500;2017;storage;;Número de estabelecimentos agropecuários com veículos;39.0;;6875
3119609;2017;storage;;Número de estabelecimentos agropecuários com veículos;33.0;;6875
3119708;2017;storage;;Número de estabelecimentos agropecuários com veículos;58.0;;6875
3119807;2017;storage;;Número de estabelecimentos agropecuários com veículos;235.0;;6875
3119906;2017;storage;;Número de estabelecimentos agropecuários com veículos;41.0;;6875
3119955;2017;storage;;Número de estabelecimentos agropecuários com veículos;47.0;;6875
3120003;2017;storage;;Número de estabelecimentos agropecuários com veículos;17.0;;6875
3120102;2017;storage;;Número de estabelecimentos agropecuários com veículos;23.0;;6875
3120151;2017;storage;;Número de estabelecimentos agropecuários com veículos;36.0;;6875
3120201;2017;storage;;Número de estabelecimentos agropecuários com veículos;305.0;;6875
3120300;2017;storage;;Número de estabelecimentos agropecuários com veículos;201.0;;6875
3120409;2017;storage;;Número de estabelecimentos agropecuários com veículos;13.0;;6875
3120508;2017;storage;;Número de estabelecimentos agropecuários com veículos;160.0;;6875
3120607;2017;storage;;Número de estabelecimentos agropecuários com veículos;150.0;;6875
3120706;2017;storage;;Número de estabelecimentos agropecuários com veículos;44.0;;6875
3120805;2017;storage;;Número de estabelecimentos agropecuários com veículos;70.0;;6875
3120839;2017;storage;;Número de estabelecimentos agropecuários com veículos;170.0;;6875
3120870;2017;storage;;Número de estabelecimentos agropecuários com veículos;180.0;;6875
3120904;2017;storage;;Número de estabelecimentos agropecuários com veículos;232.0;;6875
3121001;2017;storage;;Número de estabelecimentos agropecuários com veículos;29.0;;6875
3121100;2017;storage;;Número de estabelecimentos agropecuários com veículos;70.0;;6875
3121209;2017;storage;;Número de estabelecimentos agropecuários com veículos;232.0;;6875
3121258;2017;storage;;Número de estabelecimentos agropecuários com veículos;20.0;;6875
3121308;2017;storage;;Número de estabelecimentos agropecuários com veículos;12.0;;6875
3121407;2017;storage;;Número de estabelecimentos agropecuários com veículos;100.0;;6875
3121506;2017;storage;;Número de estabelecimentos agropecuários com veículos;1.0;;6875
3121605;2017;storage;;Número de estabelecimentos agropecuários com veículos;113.0;;6875
3121803;2017;storage;;Número de estabelecimentos agropecuários com veículos;35.0;;6875
3121902;2017;storage;;Número de estabelecimentos agropecuários com veículos;63.0;;6875
3122009;2017;storage;;Número de estabelecimentos agropecuários com veículos;429.0;;6875
3122108;2017;storage;;Número de estabelecimentos agropecuários com veículos;9.0;;6875
3122207;2017;storage;;Número de estabelecimentos agropecuários com veículos;30.0;;6875
3122306;2017;storage;;Número de estabelecimentos agropecuários com veículos;541.0;;6875
3122355;2017;storage;;Número de estabelecimentos agropecuários com veículos;3.0;;6875
3122405;2017;storage;;Número de estabelecimentos agropecuários com veículos;167.0;;6875
3122454;2017;storage;;Número de estabelecimentos agropecuários com veículos;193.0;;6875
3122470;2017;storage;;Número de estabelecimentos agropecuários com veículos;103.0;;6875
3122504;2017;storage;;Número de estabelecimentos agropecuários com veículos;5.0;;6875
3122603;2017;storage;;Número de estabelecimentos agropecuários com veículos;44.0;;6875
3122702;2017;storage;;Número de estabelecimentos agropecuários com veículos;44.0;;6875
3122801;2017;storage;;Número de estabelecimentos agropecuários com veículos;21.0;;6875
3122900;2017;storage;;Número de estabelecimentos agropecuários com veículos;50.0;;6875
3123007;2017;storage;;Número de estabelecimentos agropecuários com veículos;62.0;;6875
3123106;2017;storage;;Número de estabelecimentos agropecuários com veículos;89.0;;6875
3123205;2017;storage;;Número de estabelecimentos agropecuários com veículos;23.0;;6875
3123304;2017;storage;;Número de estabelecimentos agropecuários com veículos;12.0;;6875
3123403;2017;storage;;Número de estabelecimentos agropecuários com veículos;21.0;;6875
3123502;2017;storage;;Número de estabelecimentos agropecuários com veículos;96.0;;6875
3123528;2017;storage;;Número de estabelecimentos agropecuários com veículos;307.0;;6875
3123601;2017;storage;;Número de estabelecimentos agropecuários com veículos;379.0;;6875
3123700;2017;storage;;Número de estabelecimentos agropecuários com veículos;18.0;;6875
3123809;2017;storage;;Número de estabelecimentos agropecuários com veículos;143.0;;6875
3123858;2017;storage;;Número de estabelecimentos agropecuários com veículos;188.0;;6875
3123908;2017;storage;;Número de estabelecimentos agropecuários com veículos;178.0;;6875
3124005;2017;storage;;Número de estabelecimentos agropecuários com veículos;602.0;;6875
3124104;2017;storage;;Número de estabelecimentos agropecuários com veículos;187.0;;6875
3124203;2017;storage;;Número de estabelecimentos agropecuários com veículos;567.0;;6875
3124302;2017;storage;;Número de estabelecimentos agropecuários com veículos;503.0;;6875
3124401;2017;storage;;Número de estabelecimentos agropecuários com veículos;293.0;;6875
3124500;2017;storage;;Número de estabelecimentos agropecuários com veículos;297.0;;6875
3124609;2017;storage;;Número de estabelecimentos agropecuários com veículos;19.0;;6875
3124708;2017;storage;;Número de estabelecimentos agropecuários com veículos;37.0;;6875
3124807;2017;storage;;Número de estabelecimentos agropecuários com veículos;152.0;;6875
3124906;2017;storage;;Número de estabelecimentos agropecuários com veículos;106.0;;6875
3125002;2017;storage;;Número de estabelecimentos agropecuários com veículos;24.0;;6875
3125101;2017;storage;;Número de estabelecimentos agropecuários com veículos;90.0;;6875
3125200;2017;storage;;Número de estabelecimentos agropecuários com veículos;77.0;;6875
3125309;2017;storage;;Número de estabelecimentos agropecuários com veículos;38.0;;6875
3125408;2017;storage;;Número de estabelecimentos agropecuários com veículos;205.0;;6875
3125507;2017;storage;;Número de estabelecimentos agropecuários com veículos;14.0;;6875
3125606;2017;storage;;Número de estabelecimentos agropecuários com veículos;104.0;;6875
3125705;2017;storage;;Número de estabelecimentos agropecuários com veículos;79.0;;6875
3125804;2017;storage;;Número de estabelecimentos agropecuários com veículos;7.0;;6875
3125903;2017;storage;;Número de estabelecimentos agropecuários com veículos;166.0;;6875
3125952;2017;storage;;Número de estabelecimentos agropecuários com veículos;329.0;;6875
3126000;2017;storage;;Número de estabelecimentos agropecuários com veículos;84.0;;6875
3126109;2017;storage;;Número de estabelecimentos agropecuários com veículos;250.0;;6875
3126208;2017;storage;;Número de estabelecimentos agropecuários com veículos;117.0;;6875
3126307;2017;storage;;Número de estabelecimentos agropecuários com veículos;110.0;;6875
3126406;2017;storage;;Número de estabelecimentos agropecuários com veículos;29.0;;6875
3126505;2017;storage;;Número de estabelecimentos agropecuários com veículos;300.0;;6875
3126604;2017;storage;;Número de estabelecimentos agropecuários com veículos;131.0;;6875
3126703;2017;storage;;Número de estabelecimentos agropecuários com veículos;539.0;;6875
3126752;2017;storage;;Número de estabelecimentos agropecuários com veículos;52.0;;6875
3126802;2017;storage;;Número de estabelecimentos agropecuários com veículos;128.0;;6875
3126901;2017;storage;;Número de estabelecimentos agropecuários com veículos;21.0;;6875
3126950;2017;storage;;Número de estabelecimentos agropecuários com veículos;203.0;;6875
3127008;2017;storage;;Número de estabelecimentos agropecuários com veículos;99.0;;6875
3127057;2017;storage;;Número de estabelecimentos agropecuários com veículos;29.0;;6875
3127073;2017;storage;;Número de estabelecimentos agropecuários com veículos;183.0;;6875
3127107;2017;storage;;Número de estabelecimentos agropecuários com veículos;723.0;;6875
3127206;2017;storage;;Número de estabelecimentos agropecuários com veículos;24.0;;6875
3127305;2017;storage;;Número de estabelecimentos agropecuários com veículos;157.0;;6875
3127339;2017;storage;;Número de estabelecimentos agropecuários com veículos;227.0;;6875
3127354;2017;storage;;Número de estabelecimentos agropecuários com veículos;170.0;;6875
3127370;2017;storage;;Número de estabelecimentos agropecuários com veículos;12.0;;6875
3127388;2017;storage;;Número de estabelecimentos agropecuários com veículos;11.0;;6875
3127404;2017;storage;;Número de estabelecimentos agropecuários com veículos;19.0;;6875
3127503;2017;storage;;Número de estabelecimentos agropecuários com veículos;92.0;;6875
3127602;2017;storage;;Número de estabelecimentos agropecuários com veículos;183.0;;6875
3127701;2017;storage;;Número de estabelecimentos agropecuários com veículos;324.0;;6875
3127800;2017;storage;;Número de estabelecimentos agropecuários com veículos;306.0;;6875
3127909;2017;storage;;Número de estabelecimentos agropecuários com veículos;53.0;;6875
3128006;2017;storage;;Número de estabelecimentos agropecuários com veículos;260.0;;6875
3128105;2017;storage;;Número de estabelecimentos agropecuários com veículos;560.0;;6875
3128204;2017;storage;;Número de estabelecimentos agropecuários com veículos;170.0;;6875
3128253;2017;storage;;Número de estabelecimentos agropecuários com veículos;154.0;;6875
3128303;2017;storage;;Número de estabelecimentos agropecuários com veículos;235.0;;6875
3128402;2017;storage;;Número de estabelecimentos agropecuários com veículos;104.0;;6875
3128501;2017;storage;;Número de estabelecimentos agropecuários com veículos;14.0;;6875
3128600;2017;storage;;Número de estabelecimentos agropecuários com veículos;314.0;;6875
3128709;2017;storage;;Número de estabelecimentos agropecuários com veículos;155.0;;6875
3128808;2017;storage;;Número de estabelecimentos agropecuários com veículos;58.0;;6875
3128907;2017;storage;;Número de estabelecimentos agropecuários com veículos;113.0;;6875
3129004;2017;storage;;Número de estabelecimentos agropecuários com veículos;185.0;;6875
3129103;2017;storage;;Número de estabelecimentos agropecuários com veículos;481.0;;6875
3129202;2017;storage;;Número de estabelecimentos agropecuários com veículos;168.0;;6875
3129301;2017;storage;;Número de estabelecimentos agropecuários com veículos;59.0;;6875
3129400;2017;storage;;Número de estabelecimentos agropecuários com veículos;67.0;;6875
3129509;2017;storage;;Número de estabelecimentos agropecuários com veículos;311.0;;6875
3129608;2017;storage;;Número de estabelecimentos agropecuários com veículos;52.0;;6875
3129657;2017;storage;;Número de estabelecimentos agropecuários com veículos;233.0;;6875
3129707;2017;storage;;Número de estabelecimentos agropecuários com veículos;458.0;;6875
3129806;2017;storage;;Número de estabelecimentos agropecuários com veículos;32.0;;6875
3129905;2017;storage;;Número de estabelecimentos agropecuários com veículos;109.0;;6875
3130002;2017;storage;;Número de estabelecimentos agropecuários com veículos;71.0;;6875
3130051;2017;storage;;Número de estabelecimentos agropecuários com veículos;329.0;;6875
3130101;2017;storage;;Número de estabelecimentos agropecuários com veículos;59.0;;6875
3130200;2017;storage;;Número de estabelecimentos agropecuários com veículos;37.0;;6875
3130309;2017;storage;;Número de estabelecimentos agropecuários com veículos;65.0;;6875
3130408;2017;storage;;Número de estabelecimentos agropecuários com veículos;45.0;;6875
3130507;2017;storage;;Número de estabelecimentos agropecuários com veículos;492.0;;6875
3130556;2017;storage;;Número de estabelecimentos agropecuários com veículos;592.0;;6875
3130606;2017;storage;;Número de estabelecimentos agropecuários com veículos;123.0;;6875
3130655;2017;storage;;Número de estabelecimentos agropecuários com veículos;489.0;;6875
3130705;2017;storage;;Número de estabelecimentos agropecuários com veículos;229.0;;6875
3130804;2017;storage;;Número de estabelecimentos agropecuários com veículos;90.0;;6875
3130903;2017;storage;;Número de estabelecimentos agropecuários com veículos;864.0;;6875
3131000;2017;storage;;Número de estabelecimentos agropecuários com veículos;37.0;;6875
3131109;2017;storage;;Número de estabelecimentos agropecuários com veículos;54.0;;6875
3131158;2017;storage;;Número de estabelecimentos agropecuários com veículos;27.0;;6875
3131208;2017;storage;;Número de estabelecimentos agropecuários com veículos;161.0;;6875
3131307;2017;storage;;Número de estabelecimentos agropecuários com veículos;26.0;;6875
3131406;2017;storage;;Número de estabelecimentos agropecuários com veículos;86.0;;6875
3131505;2017;storage;;Número de estabelecimentos agropecuários com veículos;97.0;;6875
3131604;2017;storage;;Número de estabelecimentos agropecuários com veículos;294.0;;6875
3131703;2017;storage;;Número de estabelecimentos agropecuários com veículos;395.0;;6875
3131802;2017;storage;;Número de estabelecimentos agropecuários com veículos;144.0;;6875
3131901;2017;storage;;Número de estabelecimentos agropecuários com veículos;35.0;;6875
3132008;2017;storage;;Número de estabelecimentos agropecuários com veículos;116.0;;6875
3132107;2017;storage;;Número de estabelecimentos agropecuários com veículos;71.0;;6875
3132206;2017;storage;;Número de estabelecimentos agropecuários com veículos;141.0;;6875
3132305;2017;storage;;Número de estabelecimentos agropecuários com veículos;149.0;;6875
3132404;2017;storage;;Número de estabelecimentos agropecuários com veículos;111.0;;6875
3132503;2017;storage;;Número de estabelecimentos agropecuários com veículos;981.0;;6875
3132602;2017;storage;;Número de estabelecimentos agropecuários com veículos;254.0;;6875
3132701;2017;storage;;Número de estabelecimentos agropecuários com veículos;306.0;;6875
3132800;2017;storage;;Número de estabelecimentos agropecuários com veículos;102.0;;6875
3132909;2017;storage;;Número de estabelecimentos agropecuários com veículos;419.0;;6875
3133006;2017;storage;;Número de estabelecimentos agropecuários com veículos;31.0;;6875
3133105;2017;storage;;Número de estabelecimentos agropecuários com veículos;29.0;;6875
3133204;2017;storage;;Número de estabelecimentos agropecuários com veículos;44.0;;6875
3133303;2017;storage;;Número de estabelecimentos agropecuários com veículos;221.0;;6875
3133402;2017;storage;;Número de estabelecimentos agropecuários com veículos;456.0;;6875
3133501;2017;storage;;Número de estabelecimentos agropecuários com veículos;212.0;;6875
3133600;2017;storage;;Número de estabelecimentos agropecuários com veículos;79.0;;6875
3133709;2017;storage;;Número de estabelecimentos agropecuários com veículos;43.0;;6875
3133758;2017;storage;;Número de estabelecimentos agropecuários com veículos;11.0;;6875
3133808;2017;storage;;Número de estabelecimentos agropecuários com veículos;191.0;;6875
3133907;2017;storage;;Número de estabelecimentos agropecuários com veículos;60.0;;6875
3134004;2017;storage;;Número de estabelecimentos agropecuários com veículos;168.0;;6875
3134103;2017;storage;;Número de estabelecimentos agropecuários com veículos;369.0;;6875
3134202;2017;storage;;Número de estabelecimentos agropecuários com veículos;783.0;;6875
3134301;2017;storage;;Número de estabelecimentos agropecuários com veículos;73.0;;6875
3134400;2017;storage;;Número de estabelecimentos agropecuários com veículos;85.0;;6875
3134509;2017;storage;;Número de estabelecimentos agropecuários com veículos;104.0;;6875
3134608;2017;storage;;Número de estabelecimentos agropecuários com veículos;54.0;;6875
3134707;2017;storage;;Número de estabelecimentos agropecuários com veículos;16.0;;6875
3134806;2017;storage;;Número de estabelecimentos agropecuários com veículos;294.0;;6875
3134905;2017;storage;;Número de estabelecimentos agropecuários com veículos;81.0;;6875
3135001;2017;storage;;Número de estabelecimentos agropecuários com veículos;1.0;;6875
3135050;2017;storage;;Número de estabelecimentos agropecuários com veículos;655.0;;6875
3135076;2017;storage;;Número de estabelecimentos agropecuários com veículos;234.0;;6875
3135100;2017;storage;;Número de estabelecimentos agropecuários com veículos;489.0;;6875
3135209;2017;storage;;Número de estabelecimentos agropecuários com veículos;290.0;;6875
3135308;2017;storage;;Número de estabelecimentos agropecuários com veículos;35.0;;6875
3135357;2017;storage;;Número de estabelecimentos agropecuários com veículos;88.0;;6875
3135407;2017;storage;;Número de estabelecimentos agropecuários com veículos;137.0;;6875
3135456;2017;storage;;Número de estabelecimentos agropecuários com veículos;154.0;;6875
3135506;2017;storage;;Número de estabelecimentos agropecuários com veículos;245.0;;6875
3135605;2017;storage;;Número de estabelecimentos agropecuários com veículos;116.0;;6875
3135704;2017;storage;;Número de estabelecimentos agropecuários com veículos;97.0;;6875
3135803;2017;storage;;Número de estabelecimentos agropecuários com veículos;243.0;;6875
3135902;2017;storage;;Número de estabelecimentos agropecuários com veículos;152.0;;6875
3136009;2017;storage;;Número de estabelecimentos agropecuários com veículos;77.0;;6875
3136108;2017;storage;;Número de estabelecimentos agropecuários com veículos;94.0;;6875
3136207;2017;storage;;Número de estabelecimentos agropecuários com veículos;30.0;;6875
3136306;2017;storage;;Número de estabelecimentos agropecuários com veículos;742.0;;6875
3136405;2017;storage;;Número de estabelecimentos agropecuários com veículos;49.0;;6875
3136504;2017;storage;;Número de estabelecimentos agropecuários com veículos;44.0;;6875
3136520;2017;storage;;Número de estabelecimentos agropecuários com veículos;269.0;;6875
3136553;2017;storage;;Número de estabelecimentos agropecuários com veículos;124.0;;6875
3136579;2017;storage;;Número de estabelecimentos agropecuários com veículos;236.0;;6875
3136603;2017;storage;;Número de estabelecimentos agropecuários com veículos;12.0;;6875
3136652;2017;storage;;Número de estabelecimentos agropecuários com veículos;12.0;;6875
3136702;2017;storage;;Número de estabelecimentos agropecuários com veículos;324.0;;6875
3136801;2017;storage;;Número de estabelecimentos agropecuários com veículos;160.0;;6875
3136900;2017;storage;;Número de estabelecimentos agropecuários com veículos;716.0;;6875
3136959;2017;storage;;Número de estabelecimentos agropecuários com veículos;73.0;;6875
3137007;2017;storage;;Número de estabelecimentos agropecuários com veículos;490.0;;6875
3137106;2017;storage;;Número de estabelecimentos agropecuários com veículos;172.0;;6875
3137205;2017;storage;;Número de estabelecimentos agropecuários com veículos;75.0;;6875
3137304;2017;storage;;Número de estabelecimentos agropecuários com veículos;222.0;;6875
3137403;2017;storage;;Número de estabelecimentos agropecuários com veículos;358.0;;6875
3137502;2017;storage;;Número de estabelecimentos agropecuários com veículos;277.0;;6875
3137536;2017;storage;;Número de estabelecimentos agropecuários com veículos;266.0;;6875
3137601;2017;storage;;Número de estabelecimentos agropecuários com veículos;67.0;;6875
3137700;2017;storage;;Número de estabelecimentos agropecuários com veículos;581.0;;6875
3137809;2017;storage;;Número de estabelecimentos agropecuários com veículos;509.0;;6875
3137908;2017;storage;;Número de estabelecimentos agropecuários com veículos;31.0;;6875
3138005;2017;storage;;Número de estabelecimentos agropecuários com veículos;40.0;;6875
3138104;2017;storage;;Número de estabelecimentos agropecuários com veículos;265.0;;6875
3138203;2017;storage;;Número de estabelecimentos agropecuários com veículos;320.0;;6875
3138302;2017;storage;;Número de estabelecimentos agropecuários com veículos;53.0;;6875
3138351;2017;storage;;Número de estabelecimentos agropecuários com veículos;144.0;;6875
3138401;2017;storage;;Número de estabelecimentos agropecuários com veículos;105.0;;6875
3138500;2017;storage;;Número de estabelecimentos agropecuários com veículos;126.0;;6875
3138609;2017;storage;;Número de estabelecimentos agropecuários com veículos;135.0;;6875
3138625;2017;storage;;Número de estabelecimentos agropecuários com veículos;251.0;;6875
3138658;2017;storage;;Número de estabelecimentos agropecuários com veículos;21.0;;6875
3138674;2017;storage;;Número de estabelecimentos agropecuários com veículos;607.0;;6875
3138682;2017;storage;;Número de estabelecimentos agropecuários com veículos;110.0;;6875
3138708;2017;storage;;Número de estabelecimentos agropecuários com veículos;73.0;;6875
3138807;2017;storage;;Número de estabelecimentos agropecuários com veículos;202.0;;6875
3138906;2017;storage;;Número de estabelecimentos agropecuários com veículos;153.0;;6875
3139003;2017;storage;;Número de estabelecimentos agropecuários com veículos;972.0;;6875
3139102;2017;storage;;Número de estabelecimentos agropecuários com veículos;95.0;;6875
3139201;2017;storage;;Número de estabelecimentos agropecuários com veículos;260.0;;6875
3139250;2017;storage;;Número de estabelecimentos agropecuários com veículos;483.0;;6875
3139300;2017;storage;;Número de estabelecimentos agropecuários com veículos;104.0;;6875
3139409;2017;storage;;Número de estabelecimentos agropecuários com veículos;1775.0;;6875
3139508;2017;storage;;Número de estabelecimentos agropecuários com veículos;440.0;;6875
3139607;2017;storage;;Número de estabelecimentos agropecuários com veículos;225.0;;6875
3139706;2017;storage;;Número de estabelecimentos agropecuários com veículos;57.0;;6875
3139805;2017;storage;;Número de estabelecimentos agropecuários com veículos;16.0;;6875
3139904;2017;storage;;Número de estabelecimentos agropecuários com veículos;231.0;;6875
3140001;2017;storage;;Número de estabelecimentos agropecuários com veículos;102.0;;6875
3140100;2017;storage;;Número de estabelecimentos agropecuários com veículos;23.0;;6875
3140159;2017;storage;;Número de estabelecimentos agropecuários com veículos;48.0;;6875
3140209;2017;storage;;Número de estabelecimentos agropecuários com veículos;12.0;;6875
3140308;2017;storage;;Número de estabelecimentos agropecuários com veículos;35.0;;6875
3140407;2017;storage;;Número de estabelecimentos agropecuários com veículos;7.0;;6875
3140506;2017;storage;;Número de estabelecimentos agropecuários com veículos;104.0;;6875
3140530;2017;storage;;Número de estabelecimentos agropecuários com veículos;63.0;;6875
3140555;2017;storage;;Número de estabelecimentos agropecuários com veículos;149.0;;6875
3140605;2017;storage;;Número de estabelecimentos agropecuários com veículos;116.0;;6875
3140704;2017;storage;;Número de estabelecimentos agropecuários com veículos;176.0;;6875
3140803;2017;storage;;Número de estabelecimentos agropecuários com veículos;23.0;;6875
3140852;2017;storage;;Número de estabelecimentos agropecuários com veículos;198.0;;6875
3140902;2017;storage;;Número de estabelecimentos agropecuários com veículos;303.0;;6875
3141009;2017;storage;;Número de estabelecimentos agropecuários com veículos;267.0;;6875
3141108;2017;storage;;Número de estabelecimentos agropecuários com veículos;27.0;;6875
3141207;2017;storage;;Número de estabelecimentos agropecuários com veículos;25.0;;6875
3141306;2017;storage;;Número de estabelecimentos agropecuários com veículos;241.0;;6875
3141405;2017;storage;;Número de estabelecimentos agropecuários com veículos;275.0;;6875
3141504;2017;storage;;Número de estabelecimentos agropecuários com veículos;183.0;;6875
3141603;2017;storage;;Número de estabelecimentos agropecuários com veículos;138.0;;6875
3141702;2017;storage;;Número de estabelecimentos agropecuários com veículos;143.0;;6875
3141801;2017;storage;;Número de estabelecimentos agropecuários com veículos;688.0;;6875
3141900;2017;storage;;Número de estabelecimentos agropecuários com veículos;42.0;;6875
3142007;2017;storage;;Número de estabelecimentos agropecuários com veículos;52.0;;6875
3142106;2017;storage;;Número de estabelecimentos agropecuários com veículos;120.0;;6875
3142205;2017;storage;;Número de estabelecimentos agropecuários com veículos;27.0;;6875
3142254;2017;storage;;Número de estabelecimentos agropecuários com veículos;77.0;;6875
3142304;2017;storage;;Número de estabelecimentos agropecuários com veículos;28.0;;6875
3142403;2017;storage;;Número de estabelecimentos agropecuários com veículos;116.0;;6875
3142502;2017;storage;;Número de estabelecimentos agropecuários com veículos;18.0;;6875
3142601;2017;storage;;Número de estabelecimentos agropecuários com veículos;126.0;;6875
3142700;2017;storage;;Número de estabelecimentos agropecuários com veículos;102.0;;6875
3142809;2017;storage;;Número de estabelecimentos agropecuários com veículos;603.0;;6875
3142908;2017;storage;;Número de estabelecimentos agropecuários com veículos;484.0;;6875
3143005;2017;storage;;Número de estabelecimentos agropecuários com veículos;409.0;;6875
3143104;2017;storage;;Número de estabelecimentos agropecuários com veículos;442.0;;6875
3143153;2017;storage;;Número de estabelecimentos agropecuários com veículos;66.0;;6875
3143203;2017;storage;;Número de estabelecimentos agropecuários com veículos;411.0;;6875
3143302;2017;storage;;Número de estabelecimentos agropecuários com veículos;609.0;;6875
3143401;2017;storage;;Número de estabelecimentos agropecuários com veículos;287.0;;6875
3143450;2017;storage;;Número de estabelecimentos agropecuários com veículos;180.0;;6875
3143500;2017;storage;;Número de estabelecimentos agropecuários com veículos;103.0;;6875
3143609;2017;storage;;Número de estabelecimentos agropecuários com veículos;30.0;;6875
3143708;2017;storage;;Número de estabelecimentos agropecuários com veículos;65.0;;6875
3143807;2017;storage;;Número de estabelecimentos agropecuários com veículos;174.0;;6875
3143906;2017;storage;;Número de estabelecimentos agropecuários com veículos;340.0;;6875
3144003;2017;storage;;Número de estabelecimentos agropecuários com veículos;1760.0;;6875
3144102;2017;storage;;Número de estabelecimentos agropecuários com veículos;626.0;;6875
3144201;2017;storage;;Número de estabelecimentos agropecuários com veículos;81.0;;6875
3144300;2017;storage;;Número de estabelecimentos agropecuários com veículos;79.0;;6875
3144359;2017;storage;;Número de estabelecimentos agropecuários com veículos;23.0;;6875
3144375;2017;storage;;Número de estabelecimentos agropecuários com veículos;69.0;;6875
3144409;2017;storage;;Número de estabelecimentos agropecuários com veículos;341.0;;6875
3144508;2017;storage;;Número de estabelecimentos agropecuários com veículos;137.0;;6875
3144607;2017;storage;;Número de estabelecimentos agropecuários com veículos;524.0;;6875
3144656;2017;storage;;Número de estabelecimentos agropecuários com veículos;374.0;;6875
3144672;2017;storage;;Número de estabelecimentos agropecuários com veículos;348.0;;6875
3144706;2017;storage;;Número de estabelecimentos agropecuários com veículos;53.0;;6875
3144805;2017;storage;;Número de estabelecimentos agropecuários com veículos;15.0;;6875
3144904;2017;storage;;Número de estabelecimentos agropecuários com veículos;12.0;;6875
3145000;2017;storage;;Número de estabelecimentos agropecuários com veículos;151.0;;6875
3145059;2017;storage;;Número de estabelecimentos agropecuários com veículos;36.0;;6875
3145109;2017;storage;;Número de estabelecimentos agropecuários com veículos;1552.0;;6875
3145208;2017;storage;;Número de estabelecimentos agropecuários com veículos;22.0;;6875
3145307;2017;storage;;Número de estabelecimentos agropecuários com veículos;364.0;;6875
3145356;2017;storage;;Número de estabelecimentos agropecuários com veículos;13.0;;6875
3145372;2017;storage;;Número de estabelecimentos agropecuários com veículos;139.0;;6875
3145406;2017;storage;;Número de estabelecimentos agropecuários com veículos;42.0;;6875
3145455;2017;storage;;Número de estabelecimentos agropecuários com veículos;399.0;;6875
3145505;2017;storage;;Número de estabelecimentos agropecuários com veículos;21.0;;6875
3145604;2017;storage;;Número de estabelecimentos agropecuários com veículos;171.0;;6875
3145703;2017;storage;;Número de estabelecimentos agropecuários com veículos;1.0;;6875
3145802;2017;storage;;Número de estabelecimentos agropecuários com veículos;67.0;;6875
3145851;2017;storage;;Número de estabelecimentos agropecuários com veículos;15.0;;6875
3145877;2017;storage;;Número de estabelecimentos agropecuários com veículos;286.0;;6875
3145901;2017;storage;;Número de estabelecimentos agropecuários com veículos;91.0;;6875
3146008;2017;storage;;Número de estabelecimentos agropecuários com veículos;543.0;;6875
3146107;2017;storage;;Número de estabelecimentos agropecuários com veículos;69.0;;6875
3146206;2017;storage;;Número de estabelecimentos agropecuários com veículos;169.0;;6875
3146255;2017;storage;;Número de estabelecimentos agropecuários com veículos;52.0;;6875
3146305;2017;storage;;Número de estabelecimentos agropecuários com veículos;77.0;;6875
3146404;2017;storage;;Número de estabelecimentos agropecuários com veículos;155.0;;6875
3146503;2017;storage;;Número de estabelecimentos agropecuários com veículos;44.0;;6875
3146552;2017;storage;;Número de estabelecimentos agropecuários com veículos;241.0;;6875
3146602;2017;storage;;Número de estabelecimentos agropecuários com veículos;3.0;;6875
3146701;2017;storage;;Número de estabelecimentos agropecuários com veículos;115.0;;6875
3146750;2017;storage;;Número de estabelecimentos agropecuários com veículos;57.0;;6875
3146909;2017;storage;;Número de estabelecimentos agropecuários com veículos;40.0;;6875
3147006;2017;storage;;Número de estabelecimentos agropecuários com veículos;689.0;;6875
3147105;2017;storage;;Número de estabelecimentos agropecuários com veículos;161.0;;6875
3147204;2017;storage;;Número de estabelecimentos agropecuários com veículos;605.0;;6875
3147303;2017;storage;;Número de estabelecimentos agropecuários com veículos;73.0;;6875
3147402;2017;storage;;Número de estabelecimentos agropecuários com veículos;128.0;;6875
3147501;2017;storage;;Número de estabelecimentos agropecuários com veículos;8.0;;6875
3147600;2017;storage;;Número de estabelecimentos agropecuários com veículos;16.0;;6875
3147709;2017;storage;;Número de estabelecimentos agropecuários com veículos;199.0;;6875
3147808;2017;storage;;Número de estabelecimentos agropecuários com veículos;10.0;;6875
3147907;2017;storage;;Número de estabelecimentos agropecuários com veículos;648.0;;6875
3147956;2017;storage;;Número de estabelecimentos agropecuários com veículos;15.0;;6875
3148004;2017;storage;;Número de estabelecimentos agropecuários com veículos;1048.0;;6875
3148103;2017;storage;;Número de estabelecimentos agropecuários com veículos;1234.0;;6875
3148202;2017;storage;;Número de estabelecimentos agropecuários com veículos;4.0;;6875
3148301;2017;storage;;Número de estabelecimentos agropecuários com veículos;491.0;;6875
3148400;2017;storage;;Número de estabelecimentos agropecuários com veículos;100.0;;6875
3148509;2017;storage;;Número de estabelecimentos agropecuários com veículos;93.0;;6875
3148608;2017;storage;;Número de estabelecimentos agropecuários com veículos;169.0;;6875
3148707;2017;storage;;Número de estabelecimentos agropecuários com veículos;34.0;;6875
3148756;2017;storage;;Número de estabelecimentos agropecuários com veículos;414.0;;6875
3148806;2017;storage;;Número de estabelecimentos agropecuários com veículos;209.0;;6875
3148905;2017;storage;;Número de estabelecimentos agropecuários com veículos;249.0;;6875
3149002;2017;storage;;Número de estabelecimentos agropecuários com veículos;48.0;;6875
3149101;2017;storage;;Número de estabelecimentos agropecuários com veículos;126.0;;6875
3149150;2017;storage;;Número de estabelecimentos agropecuários com veículos;330.0;;6875
3149200;2017;storage;;Número de estabelecimentos agropecuários com veículos;44.0;;6875
3149309;2017;storage;;Número de estabelecimentos agropecuários com veículos;43.0;;6875
3149408;2017;storage;;Número de estabelecimentos agropecuários com veículos;20.0;;6875
3149507;2017;storage;;Número de estabelecimentos agropecuários com veículos;64.0;;6875
3149606;2017;storage;;Número de estabelecimentos agropecuários com veículos;61.0;;6875
3149705;2017;storage;;Número de estabelecimentos agropecuários com veículos;46.0;;6875
3149804;2017;storage;;Número de estabelecimentos agropecuários com veículos;410.0;;6875
3149903;2017;storage;;Número de estabelecimentos agropecuários com veículos;216.0;;6875
3149952;2017;storage;;Número de estabelecimentos agropecuários com veículos;39.0;;6875
3150000;2017;storage;;Número de estabelecimentos agropecuários com veículos;9.0;;6875
3150109;2017;storage;;Número de estabelecimentos agropecuários com veículos;93.0;;6875
3150158;2017;storage;;Número de estabelecimentos agropecuários com veículos;327.0;;6875
3150208;2017;storage;;Número de estabelecimentos agropecuários com veículos;33.0;;6875
3150307;2017;storage;;Número de estabelecimentos agropecuários com veículos;88.0;;6875
3150406;2017;storage;;Número de estabelecimentos agropecuários com veículos;35.0;;6875
3150505;2017;storage;;Número de estabelecimentos agropecuários com veículos;157.0;;6875
3150539;2017;storage;;Número de estabelecimentos agropecuários com veículos;2.0;;6875
3150570;2017;storage;;Número de estabelecimentos agropecuários com veículos;127.0;;6875
3150604;2017;storage;;Número de estabelecimentos agropecuários com veículos;157.0;;6875
3150703;2017;storage;;Número de estabelecimentos agropecuários com veículos;37.0;;6875
3150802;2017;storage;;Número de estabelecimentos agropecuários com veículos;193.0;;6875
3150901;2017;storage;;Número de estabelecimentos agropecuários com veículos;28.0;;6875
3151008;2017;storage;;Número de estabelecimentos agropecuários com veículos;86.0;;6875
3151107;2017;storage;;Número de estabelecimentos agropecuários com veículos;6.0;;6875
3151206;2017;storage;;Número de estabelecimentos agropecuários com veículos;107.0;;6875
3151305;2017;storage;;Número de estabelecimentos agropecuários com veículos;3.0;;6875
3151404;2017;storage;;Número de estabelecimentos agropecuários com veículos;120.0;;6875
3151503;2017;storage;;Número de estabelecimentos agropecuários com veículos;226.0;;6875
3151602;2017;storage;;Número de estabelecimentos agropecuários com veículos;41.0;;6875
3151701;2017;storage;;Número de estabelecimentos agropecuários com veículos;853.0;;6875
3151800;2017;storage;;Número de estabelecimentos agropecuários com veículos;110.0;;6875
3151909;2017;storage;;Número de estabelecimentos agropecuários com veículos;23.0;;6875
3152006;2017;storage;;Número de estabelecimentos agropecuários com veículos;284.0;;6875
3152105;2017;storage;;Número de estabelecimentos agropecuários com veículos;230.0;;6875
3152131;2017;storage;;Número de estabelecimentos agropecuários com veículos;5.0;;6875
3152170;2017;storage;;Número de estabelecimentos agropecuários com veículos;88.0;;6875
3152204;2017;storage;;Número de estabelecimentos agropecuários com veículos;313.0;;6875
3152303;2017;storage;;Número de estabelecimentos agropecuários com veículos;131.0;;6875
3152402;2017;storage;;Número de estabelecimentos agropecuários com veículos;67.0;;6875
3152501;2017;storage;;Número de estabelecimentos agropecuários com veículos;475.0;;6875
3152600;2017;storage;;Número de estabelecimentos agropecuários com veículos;32.0;;6875
3152709;2017;storage;;Número de estabelecimentos agropecuários com veículos;139.0;;6875
3152808;2017;storage;;Número de estabelecimentos agropecuários com veículos;499.0;;6875
3152907;2017;storage;;Número de estabelecimentos agropecuários com veículos;57.0;;6875
3153004;2017;storage;;Número de estabelecimentos agropecuários com veículos;218.0;;6875
3153103;2017;storage;;Número de estabelecimentos agropecuários com veículos;144.0;;6875
3153202;2017;storage;;Número de estabelecimentos agropecuários com veículos;32.0;;6875
3153301;2017;storage;;Número de estabelecimentos agropecuários com veículos;18.0;;6875
3153400;2017;storage;;Número de estabelecimentos agropecuários com veículos;134.0;;6875
3153509;2017;storage;;Número de estabelecimentos agropecuários com veículos;417.0;;6875
3153608;2017;storage;;Número de estabelecimentos agropecuários com veículos;13.0;;6875
3153707;2017;storage;;Número de estabelecimentos agropecuários com veículos;26.0;;6875
3153806;2017;storage;;Número de estabelecimentos agropecuários com veículos;55.0;;6875
3153905;2017;storage;;Número de estabelecimentos agropecuários com veículos;10.0;;6875
3154002;2017;storage;;Número de estabelecimentos agropecuários com veículos;372.0;;6875
3154101;2017;storage;;Número de estabelecimentos agropecuários com veículos;56.0;;6875
3154150;2017;storage;;Número de estabelecimentos agropecuários com veículos;69.0;;6875
3154200;2017;storage;;Número de estabelecimentos agropecuários com veículos;70.0;;6875
3154309;2017;storage;;Número de estabelecimentos agropecuários com veículos;152.0;;6875
3154408;2017;storage;;Número de estabelecimentos agropecuários com veículos;127.0;;6875
3154457;2017;storage;;Número de estabelecimentos agropecuários com veículos;232.0;;6875
3154507;2017;storage;;Número de estabelecimentos agropecuários com veículos;477.0;;6875
3154606;2017;storage;;Número de estabelecimentos agropecuários com veículos;55.0;;6875
3154705;2017;storage;;Número de estabelecimentos agropecuários com veículos;18.0;;6875
3154804;2017;storage;;Número de estabelecimentos agropecuários com veículos;20.0;;6875
3154903;2017;storage;;Número de estabelecimentos agropecuários com veículos;46.0;;6875
3155009;2017;storage;;Número de estabelecimentos agropecuários com veículos;42.0;;6875
3155108;2017;storage;;Número de estabelecimentos agropecuários com veículos;3.0;;6875
3155207;2017;storage;;Número de estabelecimentos agropecuários com veículos;118.0;;6875
3155306;2017;storage;;Número de estabelecimentos agropecuários com veículos;56.0;;6875
3155405;2017;storage;;Número de estabelecimentos agropecuários com veículos;39.0;;6875
3155504;2017;storage;;Número de estabelecimentos agropecuários com veículos;525.0;;6875
3155603;2017;storage;;Número de estabelecimentos agropecuários com veículos;1373.0;;6875
3155702;2017;storage;;Número de estabelecimentos agropecuários com veículos;122.0;;6875
3155801;2017;storage;;Número de estabelecimentos agropecuários com veículos;23.0;;6875
3155900;2017;storage;;Número de estabelecimentos agropecuários com veículos;128.0;;6875
3156007;2017;storage;;Número de estabelecimentos agropecuários com veículos;367.0;;6875
3156106;2017;storage;;Número de estabelecimentos agropecuários com veículos;35.0;;6875
3156205;2017;storage;;Número de estabelecimentos agropecuários com veículos;3.0;;6875
3156304;2017;storage;;Número de estabelecimentos agropecuários com veículos;8.0;;6875
3156403;2017;storage;;Número de estabelecimentos agropecuários com veículos;53.0;;6875
3156452;2017;storage;;Número de estabelecimentos agropecuários com veículos;12.0;;6875
3156502;2017;storage;;Número de estabelecimentos agropecuários com veículos;124.0;;6875
3156601;2017;storage;;Número de estabelecimentos agropecuários com veículos;103.0;;6875
3156700;2017;storage;;Número de estabelecimentos agropecuários com veículos;94.0;;6875
3156809;2017;storage;;Número de estabelecimentos agropecuários com veículos;317.0;;6875
3156908;2017;storage;;Número de estabelecimentos agropecuários com veículos;454.0;;6875
3157005;2017;storage;;Número de estabelecimentos agropecuários com veículos;296.0;;6875
3157104;2017;storage;;Número de estabelecimentos agropecuários com veículos;12.0;;6875
3157203;2017;storage;;Número de estabelecimentos agropecuários com veículos;122.0;;6875
3157252;2017;storage;;Número de estabelecimentos agropecuários com veículos;162.0;;6875
3157278;2017;storage;;Número de estabelecimentos agropecuários com veículos;66.0;;6875
3157302;2017;storage;;Número de estabelecimentos agropecuários com veículos;97.0;;6875
3157377;2017;storage;;Número de estabelecimentos agropecuários com veículos;179.0;;6875
3157401;2017;storage;;Número de estabelecimentos agropecuários com veículos;45.0;;6875
3157500;2017;storage;;Número de estabelecimentos agropecuários com veículos;28.0;;6875
3157609;2017;storage;;Número de estabelecimentos agropecuários com veículos;86.0;;6875
3157658;2017;storage;;Número de estabelecimentos agropecuários com veículos;19.0;;6875
3157708;2017;storage;;Número de estabelecimentos agropecuários com veículos;160.0;;6875
3157807;2017;storage;;Número de estabelecimentos agropecuários com veículos;70.0;;6875
3157906;2017;storage;;Número de estabelecimentos agropecuários com veículos;896.0;;6875
3158003;2017;storage;;Número de estabelecimentos agropecuários com veículos;59.0;;6875
3158102;2017;storage;;Número de estabelecimentos agropecuários com veículos;49.0;;6875
3158201;2017;storage;;Número de estabelecimentos agropecuários com veículos;212.0;;6875
3158300;2017;storage;;Número de estabelecimentos agropecuários com veículos;118.0;;6875
3158409;2017;storage;;Número de estabelecimentos agropecuários com veículos;45.0;;6875
3158508;2017;storage;;Número de estabelecimentos agropecuários com veículos;209.0;;6875
3158607;2017;storage;;Número de estabelecimentos agropecuários com veículos;8.0;;6875
3158706;2017;storage;;Número de estabelecimentos agropecuários com veículos;64.0;;6875
3158805;2017;storage;;Número de estabelecimentos agropecuários com veículos;58.0;;6875
3158904;2017;storage;;Número de estabelecimentos agropecuários com veículos;460.0;;6875
3158953;2017;storage;;Número de estabelecimentos agropecuários com veículos;17.0;;6875
3159001;2017;storage;;Número de estabelecimentos agropecuários com veículos;43.0;;6875
3159100;2017;storage;;Número de estabelecimentos agropecuários com veículos;35.0;;6875
3159209;2017;storage;;Número de estabelecimentos agropecuários com veículos;106.0;;6875
3159308;2017;storage;;Número de estabelecimentos agropecuários com veículos;40.0;;6875
3159357;2017;storage;;Número de estabelecimentos agropecuários com veículos;79.0;;6875
3159407;2017;storage;;Número de estabelecimentos agropecuários com veículos;18.0;;6875
3159506;2017;storage;;Número de estabelecimentos agropecuários com veículos;248.0;;6875
3159605;2017;storage;;Número de estabelecimentos agropecuários com veículos;229.0;;6875
3159704;2017;storage;;Número de estabelecimentos agropecuários com veículos;283.0;;6875
3159803;2017;storage;;Número de estabelecimentos agropecuários com veículos;332.0;;6875
3159902;2017;storage;;Número de estabelecimentos agropecuários com veículos;211.0;;6875
3160009;2017;storage;;Número de estabelecimentos agropecuários com veículos;54.0;;6875
3160108;2017;storage;;Número de estabelecimentos agropecuários com veículos;11.0;;6875
3160207;2017;storage;;Número de estabelecimentos agropecuários com veículos;18.0;;6875
3160306;2017;storage;;Número de estabelecimentos agropecuários com veículos;15.0;;6875
3160405;2017;storage;;Número de estabelecimentos agropecuários com veículos;505.0;;6875
3160454;2017;storage;;Número de estabelecimentos agropecuários com veículos;202.0;;6875
3160504;2017;storage;;Número de estabelecimentos agropecuários com veículos;14.0;;6875
3160603;2017;storage;;Número de estabelecimentos agropecuários com veículos;50.0;;6875
3160702;2017;storage;;Número de estabelecimentos agropecuários com veículos;65.0;;6875
3160801;2017;storage;;Número de estabelecimentos agropecuários com veículos;18.0;;6875
3160900;2017;storage;;Número de estabelecimentos agropecuários com veículos;13.0;;6875
3160959;2017;storage;;Número de estabelecimentos agropecuários com veículos;210.0;;6875
3161007;2017;storage;;Número de estabelecimentos agropecuários com veículos;291.0;;6875
3161056;2017;storage;;Número de estabelecimentos agropecuários com veículos;4.0;;6875
3161106;2017;storage;;Número de estabelecimentos agropecuários com veículos;236.0;;6875
3161205;2017;storage;;Número de estabelecimentos agropecuários com veículos;114.0;;6875
3161304;2017;storage;;Número de estabelecimentos agropecuários com veículos;139.0;;6875
3161403;2017;storage;;Número de estabelecimentos agropecuários com veículos;107.0;;6875
3161502;2017;storage;;Número de estabelecimentos agropecuários com veículos;33.0;;6875
3161601;2017;storage;;Número de estabelecimentos agropecuários com veículos;109.0;;6875
3161650;2017;storage;;Número de estabelecimentos agropecuários com veículos;133.0;;6875
3161700;2017;storage;;Número de estabelecimentos agropecuários com veículos;80.0;;6875
3161809;2017;storage;;Número de estabelecimentos agropecuários com veículos;75.0;;6875
3161908;2017;storage;;Número de estabelecimentos agropecuários com veículos;227.0;;6875
3162005;2017;storage;;Número de estabelecimentos agropecuários com veículos;330.0;;6875
3162104;2017;storage;;Número de estabelecimentos agropecuários com veículos;247.0;;6875
3162203;2017;storage;;Número de estabelecimentos agropecuários com veículos;62.0;;6875
3162252;2017;storage;;Número de estabelecimentos agropecuários com veículos;137.0;;6875
3162302;2017;storage;;Número de estabelecimentos agropecuários com veículos;62.0;;6875
3162401;2017;storage;;Número de estabelecimentos agropecuários com veículos;537.0;;6875
3162450;2017;storage;;Número de estabelecimentos agropecuários com veículos;368.0;;6875
3162500;2017;storage;;Número de estabelecimentos agropecuários com veículos;414.0;;6875
3162559;2017;storage;;Número de estabelecimentos agropecuários com veículos;539.0;;6875
3162575;2017;storage;;Número de estabelecimentos agropecuários com veículos;10.0;;6875
3162609;2017;storage;;Número de estabelecimentos agropecuários com veículos;51.0;;6875
3162658;2017;storage;;Número de estabelecimentos agropecuários com veículos;19.0;;6875
3162708;2017;storage;;Número de estabelecimentos agropecuários com veículos;961.0;;6875
3162807;2017;storage;;Número de estabelecimentos agropecuários com veículos;151.0;;6875
3162906;2017;storage;;Número de estabelecimentos agropecuários com veículos;334.0;;6875
3162922;2017;storage;;Número de estabelecimentos agropecuários com veículos;56.0;;6875
3162948;2017;storage;;Número de estabelecimentos agropecuários com veículos;78.0;;6875
3162955;2017;storage;;Número de estabelecimentos agropecuários com veículos;8.0;;6875
3163003;2017;storage;;Número de estabelecimentos agropecuários com veículos;7.0;;6875
3163102;2017;storage;;Número de estabelecimentos agropecuários com veículos;36.0;;6875
3163201;2017;storage;;Número de estabelecimentos agropecuários com veículos;25.0;;6875
3163300;2017;storage;;Número de estabelecimentos agropecuários com veículos;19.0;;6875
3163409;2017;storage;;Número de estabelecimentos agropecuários com veículos;168.0;;6875
3163508;2017;storage;;Número de estabelecimentos agropecuários com veículos;322.0;;6875
3163607;2017;storage;;Número de estabelecimentos agropecuários com veículos;187.0;;6875
3163706;2017;storage;;Número de estabelecimentos agropecuários com veículos;13.0;;6875
3163805;2017;storage;;Número de estabelecimentos agropecuários com veículos;381.0;;6875
3163904;2017;storage;;Número de estabelecimentos agropecuários com veículos;439.0;;6875
3164001;2017;storage;;Número de estabelecimentos agropecuários com veículos;26.0;;6875
3164100;2017;storage;;Número de estabelecimentos agropecuários com veículos;135.0;;6875
3164209;2017;storage;;Número de estabelecimentos agropecuários com veículos;107.0;;6875
3164308;2017;storage;;Número de estabelecimentos agropecuários com veículos;418.0;;6875
3164407;2017;storage;;Número de estabelecimentos agropecuários com veículos;54.0;;6875
3164431;2017;storage;;Número de estabelecimentos agropecuários com veículos;345.0;;6875
3164472;2017;storage;;Número de estabelecimentos agropecuários com veículos;350.0;;6875
3164506;2017;storage;;Número de estabelecimentos agropecuários com veículos;269.0;;6875
3164605;2017;storage;;Número de estabelecimentos agropecuários com veículos;275.0;;6875
3164704;2017;storage;;Número de estabelecimentos agropecuários com veículos;365.0;;6875
3164803;2017;storage;;Número de estabelecimentos agropecuários com veículos;76.0;;6875
3164902;2017;storage;;Número de estabelecimentos agropecuários com veículos;27.0;;6875
3165008;2017;storage;;Número de estabelecimentos agropecuários com veículos;337.0;;6875
3165107;2017;storage;;Número de estabelecimentos agropecuários com veículos;125.0;;6875
3165206;2017;storage;;Número de estabelecimentos agropecuários com veículos;19.0;;6875
3165305;2017;storage;;Número de estabelecimentos agropecuários com veículos;65.0;;6875
3165404;2017;storage;;Número de estabelecimentos agropecuários com veículos;37.0;;6875
3165503;2017;storage;;Número de estabelecimentos agropecuários com veículos;13.0;;6875
3165537;2017;storage;;Número de estabelecimentos agropecuários com veículos;41.0;;6875
3165552;2017;storage;;Número de estabelecimentos agropecuários com veículos;92.0;;6875
3165560;2017;storage;;Número de estabelecimentos agropecuários com veículos;67.0;;6875
3165578;2017;storage;;Número de estabelecimentos agropecuários com veículos;145.0;;6875
3165602;2017;storage;;Número de estabelecimentos agropecuários com veículos;1.0;;6875
3165701;2017;storage;;Número de estabelecimentos agropecuários com veículos;75.0;;6875
3165800;2017;storage;;Número de estabelecimentos agropecuários com veículos;38.0;;6875
3165909;2017;storage;;Número de estabelecimentos agropecuários com veículos;75.0;;6875
3166006;2017;storage;;Número de estabelecimentos agropecuários com veículos;3.0;;6875
3166105;2017;storage;;Número de estabelecimentos agropecuários com veículos;90.0;;6875
3166204;2017;storage;;Número de estabelecimentos agropecuários com veículos;188.0;;6875
3166303;2017;storage;;Número de estabelecimentos agropecuários com veículos;349.0;;6875
3166402;2017;storage;;Número de estabelecimentos agropecuários com veículos;10.0;;6875
3166501;2017;storage;;Número de estabelecimentos agropecuários com veículos;10.0;;6875
3166600;2017;storage;;Número de estabelecimentos agropecuários com veículos;7.0;;6875
3166709;2017;storage;;Número de estabelecimentos agropecuários com veículos;14.0;;6875
3166808;2017;storage;;Número de estabelecimentos agropecuários com veículos;280.0;;6875
3166907;2017;storage;;Número de estabelecimentos agropecuários com veículos;74.0;;6875
3166956;2017;storage;;Número de estabelecimentos agropecuários com veículos;115.0;;6875
3167004;2017;storage;;Número de estabelecimentos agropecuários com veículos;44.0;;6875
3167103;2017;storage;;Número de estabelecimentos agropecuários com veículos;266.0;;6875
3167202;2017;storage;;Número de estabelecimentos agropecuários com veículos;113.0;;6875
3167301;2017;storage;;Número de estabelecimentos agropecuários com veículos;27.0;;6875
3167400;2017;storage;;Número de estabelecimentos agropecuários com veículos;28.0;;6875
3167509;2017;storage;;Número de estabelecimentos agropecuários com veículos;22.0;;6875
3167608;2017;storage;;Número de estabelecimentos agropecuários com veículos;799.0;;6875
3167707;2017;storage;;Número de estabelecimentos agropecuários com veículos;69.0;;6875
3167806;2017;storage;;Número de estabelecimentos agropecuários com veículos;14.0;;6875
3167905;2017;storage;;Número de estabelecimentos agropecuários com veículos;21.0;;6875
3168002;2017;storage;;Número de estabelecimentos agropecuários com veículos;397.0;;6875
3168051;2017;storage;;Número de estabelecimentos agropecuários com veículos;30.0;;6875
3168101;2017;storage;;Número de estabelecimentos agropecuários com veículos;192.0;;6875
3168200;2017;storage;;Número de estabelecimentos agropecuários com veículos;64.0;;6875
3168309;2017;storage;;Número de estabelecimentos agropecuários com veículos;77.0;;6875
3168408;2017;storage;;Número de estabelecimentos agropecuários com veículos;112.0;;6875
3168507;2017;storage;;Número de estabelecimentos agropecuários com veículos;91.0;;6875
3168606;2017;storage;;Número de estabelecimentos agropecuários com veículos;358.0;;6875
3168705;2017;storage;;Número de estabelecimentos agropecuários com veículos;12.0;;6875
3168804;2017;storage;;Número de estabelecimentos agropecuários com veículos;55.0;;6875
3168903;2017;storage;;Número de estabelecimentos agropecuários com veículos;156.0;;6875
3169000;2017;storage;;Número de estabelecimentos agropecuários com veículos;165.0;;6875
3169059;2017;storage;;Número de estabelecimentos agropecuários com veículos;130.0;;6875
3169109;2017;storage;;Número de estabelecimentos agropecuários com veículos;43.0;;6875
3169208;2017;storage;;Número de estabelecimentos agropecuários com veículos;75.0;;6875
3169307;2017;storage;;Número de estabelecimentos agropecuários com veículos;360.0;;6875
3169356;2017;storage;;Número de estabelecimentos agropecuários com veículos;87.0;;6875
3169406;2017;storage;;Número de estabelecimentos agropecuários com veículos;454.0;;6875
3169505;2017;storage;;Número de estabelecimentos agropecuários com veículos;8.0;;6875
3169604;2017;storage;;Número de estabelecimentos agropecuários com veículos;180.0;;6875
3169703;2017;storage;;Número de estabelecimentos agropecuários com veículos;446.0;;6875
3169802;2017;storage;;Número de estabelecimentos agropecuários com veículos;278.0;;6875
3169901;2017;storage;;Número de estabelecimentos agropecuários com veículos;178.0;;6875
3170008;2017;storage;;Número de estabelecimentos agropecuários com veículos;263.0;;6875
3170057;2017;storage;;Número de estabelecimentos agropecuários com veículos;505.0;;6875
3170107;2017;storage;;Número de estabelecimentos agropecuários com veículos;909.0;;6875
3170206;2017;storage;;Número de estabelecimentos agropecuários com veículos;944.0;;6875
3170305;2017;storage;;Número de estabelecimentos agropecuários com veículos;17.0;;6875
3170404;2017;storage;;Número de estabelecimentos agropecuários com veículos;441.0;;6875
3170438;2017;storage;;Número de estabelecimentos agropecuários com veículos;186.0;;6875
3170479;2017;storage;;Número de estabelecimentos agropecuários com veículos;95.0;;6875
3170503;2017;storage;;Número de estabelecimentos agropecuários com veículos;18.0;;6875
3170529;2017;storage;;Número de estabelecimentos agropecuários com veículos;605.0;;6875
3170578;2017;storage;;Número de estabelecimentos agropecuários com veículos;12.0;;6875
3170602;2017;storage;;Número de estabelecimentos agropecuários com veículos;96.0;;6875
3170651;2017;storage;;Número de estabelecimentos agropecuários com veículos;67.0;;6875
3170701;2017;storage;;Número de estabelecimentos agropecuários com veículos;220.0;;6875
3170750;2017;storage;;Número de estabelecimentos agropecuários com veículos;30.0;;6875
3170800;2017;storage;;Número de estabelecimentos agropecuários com veículos;315.0;;6875
3170909;2017;storage;;Número de estabelecimentos agropecuários com veículos;103.0;;6875
3171006;2017;storage;;Número de estabelecimentos agropecuários com veículos;217.0;;6875
3171030;2017;storage;;Número de estabelecimentos agropecuários com veículos;157.0;;6875
3171071;2017;storage;;Número de estabelecimentos agropecuários com veículos;263.0;;6875
3171105;2017;storage;;Número de estabelecimentos agropecuários com veículos;359.0;;6875
3171154;2017;storage;;Número de estabelecimentos agropecuários com veículos;355.0;;6875
3171204;2017;storage;;Número de estabelecimentos agropecuários com veículos;6.0;;6875
3171303;2017;storage;;Número de estabelecimentos agropecuários com veículos;137.0;;6875
3171402;2017;storage;;Número de estabelecimentos agropecuários com veículos;79.0;;6875
3171501;2017;storage;;Número de estabelecimentos agropecuários com veículos;20.0;;6875
3171600;2017;storage;;Número de estabelecimentos agropecuários com veículos;301.0;;6875
3171709;2017;storage;;Número de estabelecimentos agropecuários com veículos;207.0;;6875
3171808;2017;storage;;Número de estabelecimentos agropecuários com veículos;96.0;;6875
3171907;2017;storage;;Número de estabelecimentos agropecuários com veículos;145.0;;6875
3172004;2017;storage;;Número de estabelecimentos agropecuários com veículos;139.0;;6875
3172103;2017;storage;;Número de estabelecimentos agropecuários com veículos;9.0;;6875
3172202;2017;storage;;Número de estabelecimentos agropecuários com veículos;35.0;;6875
5000203;2017;storage;;Número de estabelecimentos agropecuários com veículos;218.0;;6875
5000252;2017;storage;;Número de estabelecimentos agropecuários com veículos;400.0;;6875
5000609;2017;storage;;Número de estabelecimentos agropecuários com veículos;510.0;;6875
5000708;2017;storage;;Número de estabelecimentos agropecuários com veículos;157.0;;6875
5000807;2017;storage;;Número de estabelecimentos agropecuários com veículos;268.0;;6875
5000856;2017;storage;;Número de estabelecimentos agropecuários com veículos;146.0;;6875
5000906;2017;storage;;Número de estabelecimentos agropecuários com veículos;171.0;;6875
5001003;2017;storage;;Número de estabelecimentos agropecuários com veículos;146.0;;6875
5001102;2017;storage;;Número de estabelecimentos agropecuários com veículos;256.0;;6875
5001243;2017;storage;;Número de estabelecimentos agropecuários com veículos;288.0;;6875
5001508;2017;storage;;Número de estabelecimentos agropecuários com veículos;210.0;;6875
5001904;2017;storage;;Número de estabelecimentos agropecuários com veículos;262.0;;6875
5002001;2017;storage;;Número de estabelecimentos agropecuários com veículos;70.0;;6875
5002100;2017;storage;;Número de estabelecimentos agropecuários com veículos;124.0;;6875
5002159;2017;storage;;Número de estabelecimentos agropecuários com veículos;153.0;;6875
5002209;2017;storage;;Número de estabelecimentos agropecuários com veículos;516.0;;6875
5002308;2017;storage;;Número de estabelecimentos agropecuários com veículos;193.0;;6875
5002407;2017;storage;;Número de estabelecimentos agropecuários com veículos;323.0;;6875
5002605;2017;storage;;Número de estabelecimentos agropecuários com veículos;394.0;;6875
5002704;2017;storage;;Número de estabelecimentos agropecuários com veículos;519.0;;6875
5002803;2017;storage;;Número de estabelecimentos agropecuários com veículos;174.0;;6875
5002902;2017;storage;;Número de estabelecimentos agropecuários com veículos;197.0;;6875
5002951;2017;storage;;Número de estabelecimentos agropecuários com veículos;122.0;;6875
5003108;2017;storage;;Número de estabelecimentos agropecuários com veículos;179.0;;6875
5003157;2017;storage;;Número de estabelecimentos agropecuários com veículos;265.0;;6875
5003207;2017;storage;;Número de estabelecimentos agropecuários com veículos;423.0;;6875
5003256;2017;storage;;Número de estabelecimentos agropecuários com veículos;174.0;;6875
5003306;2017;storage;;Número de estabelecimentos agropecuários com veículos;532.0;;6875
5003454;2017;storage;;Número de estabelecimentos agropecuários com veículos;263.0;;6875
5003488;2017;storage;;Número de estabelecimentos agropecuários com veículos;231.0;;6875
5003504;2017;storage;;Número de estabelecimentos agropecuários com veículos;98.0;;6875
5003702;2017;storage;;Número de estabelecimentos agropecuários com veículos;884.0;;6875
5003751;2017;storage;;Número de estabelecimentos agropecuários com veículos;170.0;;6875
5003801;2017;storage;;Número de estabelecimentos agropecuários com veículos;314.0;;6875
5003900;2017;storage;;Número de estabelecimentos agropecuários com veículos;196.0;;6875
5004007;2017;storage;;Número de estabelecimentos agropecuários com veículos;209.0;;6875
5004106;2017;storage;;Número de estabelecimentos agropecuários com veículos;263.0;;6875
5004304;2017;storage;;Número de estabelecimentos agropecuários com veículos;384.0;;6875
5004403;2017;storage;;Número de estabelecimentos agropecuários com veículos;241.0;;6875
5004502;2017;storage;;Número de estabelecimentos agropecuários com veículos;360.0;;6875
5004601;2017;storage;;Número de estabelecimentos agropecuários com veículos;839.0;;6875
5004700;2017;storage;;Número de estabelecimentos agropecuários com veículos;482.0;;6875
5004809;2017;storage;;Número de estabelecimentos agropecuários com veículos;390.0;;6875
5004908;2017;storage;;Número de estabelecimentos agropecuários com veículos;745.0;;6875
5005004;2017;storage;;Número de estabelecimentos agropecuários com veículos;310.0;;6875
5005103;2017;storage;;Número de estabelecimentos agropecuários com veículos;76.0;;6875
5005152;2017;storage;;Número de estabelecimentos agropecuários com veículos;135.0;;6875
5005202;2017;storage;;Número de estabelecimentos agropecuários com veículos;17.0;;6875
5005251;2017;storage;;Número de estabelecimentos agropecuários com veículos;248.0;;6875
5005400;2017;storage;;Número de estabelecimentos agropecuários com veículos;361.0;;6875
5005608;2017;storage;;Número de estabelecimentos agropecuários com veículos;175.0;;6875
5005681;2017;storage;;Número de estabelecimentos agropecuários com veículos;174.0;;6875
5005707;2017;storage;;Número de estabelecimentos agropecuários com veículos;197.0;;6875
5005806;2017;storage;;Número de estabelecimentos agropecuários com veículos;604.0;;6875
5006002;2017;storage;;Número de estabelecimentos agropecuários com veículos;172.0;;6875
5006200;2017;storage;;Número de estabelecimentos agropecuários com veículos;783.0;;6875
5006259;2017;storage;;Número de estabelecimentos agropecuários com veículos;215.0;;6875
5006275;2017;storage;;Número de estabelecimentos agropecuários com veículos;192.0;;6875
5006309;2017;storage;;Número de estabelecimentos agropecuários com veículos;886.0;;6875
5006358;2017;storage;;Número de estabelecimentos agropecuários com veículos;115.0;;6875
5006408;2017;storage;;Número de estabelecimentos agropecuários com veículos;267.0;;6875
5006606;2017;storage;;Número de estabelecimentos agropecuários com veículos;1216.0;;6875
5006903;2017;storage;;Número de estabelecimentos agropecuários com veículos;169.0;;6875
5007109;2017;storage;;Número de estabelecimentos agropecuários com veículos;666.0;;6875
5007208;2017;storage;;Número de estabelecimentos agropecuários com veículos;426.0;;6875
5007307;2017;storage;;Número de estabelecimentos agropecuários com veículos;96.0;;6875
5007406;2017;storage;;Número de estabelecimentos agropecuários com veículos;485.0;;6875
5007505;2017;storage;;Número de estabelecimentos agropecuários com veículos;226.0;;6875
5007554;2017;storage;;Número de estabelecimentos agropecuários com veículos;264.0;;6875
5007695;2017;storage;;Número de estabelecimentos agropecuários com veículos;481.0;;6875
5007703;2017;storage;;Número de estabelecimentos agropecuários com veículos;121.0;;6875
5007802;2017;storage;;Número de estabelecimentos agropecuários com veículos;61.0;;6875
5007901;2017;storage;;Número de estabelecimentos agropecuários com veículos;808.0;;6875
5007935;2017;storage;;Número de estabelecimentos agropecuários com veículos;85.0;;6875
5007950;2017;storage;;Número de estabelecimentos agropecuários com veículos;262.0;;6875
5007976;2017;storage;;Número de estabelecimentos agropecuários com veículos;45.0;;6875
5008008;2017;storage;;Número de estabelecimentos agropecuários com veículos;575.0;;6875
5008305;2017;storage;;Número de estabelecimentos agropecuários com veículos;351.0;;6875
5008404;2017;storage;;Número de estabelecimentos agropecuários com veículos;159.0;;6875
5100102;2017;storage;;Número de estabelecimentos agropecuários com veículos;157.0;;6875
5100201;2017;storage;;Número de estabelecimentos agropecuários com veículos;648.0;;6875
5100250;2017;storage;;Número de estabelecimentos agropecuários com veículos;755.0;;6875
5100300;2017;storage;;Número de estabelecimentos agropecuários com veículos;377.0;;6875
5100359;2017;storage;;Número de estabelecimentos agropecuários com veículos;33.0;;6875
5100409;2017;storage;;Número de estabelecimentos agropecuários com veículos;69.0;;6875
5100508;2017;storage;;Número de estabelecimentos agropecuários com veículos;131.0;;6875
5100607;2017;storage;;Número de estabelecimentos agropecuários com veículos;61.0;;6875
5100805;2017;storage;;Número de estabelecimentos agropecuários com veículos;360.0;;6875
5101001;2017;storage;;Número de estabelecimentos agropecuários com veículos;72.0;;6875
5101209;2017;storage;;Número de estabelecimentos agropecuários com veículos;15.0;;6875
5101258;2017;storage;;Número de estabelecimentos agropecuários com veículos;496.0;;6875
5101308;2017;storage;;Número de estabelecimentos agropecuários com veículos;73.0;;6875
5101407;2017;storage;;Número de estabelecimentos agropecuários com veículos;1059.0;;6875
5101605;2017;storage;;Número de estabelecimentos agropecuários com veículos;59.0;;6875
5101704;2017;storage;;Número de estabelecimentos agropecuários com veículos;249.0;;6875
5101803;2017;storage;;Número de estabelecimentos agropecuários com veículos;170.0;;6875
5101852;2017;storage;;Número de estabelecimentos agropecuários com veículos;679.0;;6875
5101902;2017;storage;;Número de estabelecimentos agropecuários com veículos;530.0;;6875
5102504;2017;storage;;Número de estabelecimentos agropecuários com veículos;1180.0;;6875
5102603;2017;storage;;Número de estabelecimentos agropecuários com veículos;532.0;;6875
5102637;2017;storage;;Número de estabelecimentos agropecuários com veículos;131.0;;6875
5102678;2017;storage;;Número de estabelecimentos agropecuários com veículos;613.0;;6875
5102686;2017;storage;;Número de estabelecimentos agropecuários com veículos;88.0;;6875
5102694;2017;storage;;Número de estabelecimentos agropecuários com veículos;496.0;;6875
5102702;2017;storage;;Número de estabelecimentos agropecuários com veículos;275.0;;6875
5102793;2017;storage;;Número de estabelecimentos agropecuários com veículos;311.0;;6875
5102850;2017;storage;;Número de estabelecimentos agropecuários com veículos;799.0;;6875
5103007;2017;storage;;Número de estabelecimentos agropecuários com veículos;248.0;;6875
5103056;2017;storage;;Número de estabelecimentos agropecuários com veículos;457.0;;6875
5103106;2017;storage;;Número de estabelecimentos agropecuários com veículos;319.0;;6875
5103205;2017;storage;;Número de estabelecimentos agropecuários com veículos;592.0;;6875
5103254;2017;storage;;Número de estabelecimentos agropecuários com veículos;1949.0;;6875
5103304;2017;storage;;Número de estabelecimentos agropecuários com veículos;561.0;;6875
5103353;2017;storage;;Número de estabelecimentos agropecuários com veículos;931.0;;6875
5103361;2017;storage;;Número de estabelecimentos agropecuários com veículos;151.0;;6875
5103379;2017;storage;;Número de estabelecimentos agropecuários com veículos;852.0;;6875
5103403;2017;storage;;Número de estabelecimentos agropecuários com veículos;457.0;;6875
5103437;2017;storage;;Número de estabelecimentos agropecuários com veículos;263.0;;6875
5103452;2017;storage;;Número de estabelecimentos agropecuários com veículos;30.0;;6875
5103502;2017;storage;;Número de estabelecimentos agropecuários com veículos;472.0;;6875
5103601;2017;storage;;Número de estabelecimentos agropecuários com veículos;237.0;;6875
5103700;2017;storage;;Número de estabelecimentos agropecuários com veículos;157.0;;6875
5103809;2017;storage;;Número de estabelecimentos agropecuários com veículos;319.0;;6875
5103858;2017;storage;;Número de estabelecimentos agropecuários com veículos;295.0;;6875
5103908;2017;storage;;Número de estabelecimentos agropecuários com veículos;95.0;;6875
5103957;2017;storage;;Número de estabelecimentos agropecuários com veículos;130.0;;6875
5104104;2017;storage;;Número de estabelecimentos agropecuários com veículos;944.0;;6875
5104203;2017;storage;;Número de estabelecimentos agropecuários com veículos;105.0;;6875
5104500;2017;storage;;Número de estabelecimentos agropecuários com veículos;129.0;;6875
5104526;2017;storage;;Número de estabelecimentos agropecuários com veículos;144.0;;6875
5104542;2017;storage;;Número de estabelecimentos agropecuários com veículos;365.0;;6875
5104559;2017;storage;;Número de estabelecimentos agropecuários com veículos;152.0;;6875
5104609;2017;storage;;Número de estabelecimentos agropecuários com veículos;272.0;;6875
5104807;2017;storage;;Número de estabelecimentos agropecuários com veículos;169.0;;6875
5104906;2017;storage;;Número de estabelecimentos agropecuários com veículos;288.0;;6875
5105002;2017;storage;;Número de estabelecimentos agropecuários com veículos;560.0;;6875
5105101;2017;storage;;Número de estabelecimentos agropecuários com veículos;947.0;;6875
5105150;2017;storage;;Número de estabelecimentos agropecuários com veículos;754.0;;6875
5105176;2017;storage;;Número de estabelecimentos agropecuários com veículos;562.0;;6875
5105200;2017;storage;;Número de estabelecimentos agropecuários com veículos;377.0;;6875
5105234;2017;storage;;Número de estabelecimentos agropecuários com veículos;114.0;;6875
5105259;2017;storage;;Número de estabelecimentos agropecuários com veículos;237.0;;6875
5105309;2017;storage;;Número de estabelecimentos agropecuários com veículos;55.0;;6875
5105507;2017;storage;;Número de estabelecimentos agropecuários com veículos;838.0;;6875
5105580;2017;storage;;Número de estabelecimentos agropecuários com veículos;484.0;;6875
5105606;2017;storage;;Número de estabelecimentos agropecuários com veículos;679.0;;6875
5105622;2017;storage;;Número de estabelecimentos agropecuários com veículos;661.0;;6875
5105903;2017;storage;;Número de estabelecimentos agropecuários com veículos;257.0;;6875
5106000;2017;storage;;Número de estabelecimentos agropecuários com veículos;214.0;;6875
5106109;2017;storage;;Número de estabelecimentos agropecuários com veículos;359.0;;6875
5106158;2017;storage;;Número de estabelecimentos agropecuários com veículos;1058.0;;6875
5106174;2017;storage;;Número de estabelecimentos agropecuários com veículos;134.0;;6875
5106182;2017;storage;;Número de estabelecimentos agropecuários com veículos;525.0;;6875
5106190;2017;storage;;Número de estabelecimentos agropecuários com veículos;194.0;;6875
5106208;2017;storage;;Número de estabelecimentos agropecuários com veículos;166.0;;6875
5106216;2017;storage;;Número de estabelecimentos agropecuários com veículos;968.0;;6875
5106224;2017;storage;;Número de estabelecimentos agropecuários com veículos;514.0;;6875
5106232;2017;storage;;Número de estabelecimentos agropecuários com veículos;183.0;;6875
5106240;2017;storage;;Número de estabelecimentos agropecuários com veículos;381.0;;6875
5106257;2017;storage;;Número de estabelecimentos agropecuários com veículos;846.0;;6875
5106265;2017;storage;;Número de estabelecimentos agropecuários com veículos;699.0;;6875
5106273;2017;storage;;Número de estabelecimentos agropecuários com veículos;260.0;;6875
5106281;2017;storage;;Número de estabelecimentos agropecuários com veículos;531.0;;6875
5106299;2017;storage;;Número de estabelecimentos agropecuários com veículos;1072.0;;6875
5106307;2017;storage;;Número de estabelecimentos agropecuários com veículos;628.0;;6875
5106315;2017;storage;;Número de estabelecimentos agropecuários com veículos;97.0;;6875
5106372;2017;storage;;Número de estabelecimentos agropecuários com veículos;368.0;;6875
5106422;2017;storage;;Número de estabelecimentos agropecuários com veículos;993.0;;6875
5106455;2017;storage;;Número de estabelecimentos agropecuários com veículos;71.0;;6875
5106505;2017;storage;;Número de estabelecimentos agropecuários com veículos;666.0;;6875
5106653;2017;storage;;Número de estabelecimentos agropecuários com veículos;106.0;;6875
5106703;2017;storage;;Número de estabelecimentos agropecuários com veículos;36.0;;6875
5106752;2017;storage;;Número de estabelecimentos agropecuários com veículos;612.0;;6875
5106778;2017;storage;;Número de estabelecimentos agropecuários com veículos;488.0;;6875
5106802;2017;storage;;Número de estabelecimentos agropecuários com veículos;183.0;;6875
5106828;2017;storage;;Número de estabelecimentos agropecuários com veículos;359.0;;6875
5106851;2017;storage;;Número de estabelecimentos agropecuários com veículos;81.0;;6875
5107008;2017;storage;;Número de estabelecimentos agropecuários com veículos;849.0;;6875
5107040;2017;storage;;Número de estabelecimentos agropecuários com veículos;258.0;;6875
5107065;2017;storage;;Número de estabelecimentos agropecuários com veículos;412.0;;6875
5107107;2017;storage;;Número de estabelecimentos agropecuários com veículos;389.0;;6875
5107156;2017;storage;;Número de estabelecimentos agropecuários com veículos;214.0;;6875
5107180;2017;storage;;Número de estabelecimentos agropecuários com veículos;398.0;;6875
5107198;2017;storage;;Número de estabelecimentos agropecuários com veículos;43.0;;6875
5107206;2017;storage;;Número de estabelecimentos agropecuários com veículos;141.0;;6875
5107248;2017;storage;;Número de estabelecimentos agropecuários com veículos;140.0;;6875
5107263;2017;storage;;Número de estabelecimentos agropecuários com veículos;79.0;;6875
5107297;2017;storage;;Número de estabelecimentos agropecuários com veículos;295.0;;6875
5107305;2017;storage;;Número de estabelecimentos agropecuários com veículos;451.0;;6875
5107354;2017;storage;;Número de estabelecimentos agropecuários com veículos;188.0;;6875
5107404;2017;storage;;Número de estabelecimentos agropecuários com veículos;68.0;;6875
5107578;2017;storage;;Número de estabelecimentos agropecuários com veículos;170.0;;6875
5107602;2017;storage;;Número de estabelecimentos agropecuários com veículos;532.0;;6875
5107701;2017;storage;;Número de estabelecimentos agropecuários com veículos;447.0;;6875
5107743;2017;storage;;Número de estabelecimentos agropecuários com veículos;137.0;;6875
5107750;2017;storage;;Número de estabelecimentos agropecuários com veículos;268.0;;6875
5107768;2017;storage;;Número de estabelecimentos agropecuários com veículos;89.0;;6875
5107776;2017;storage;;Número de estabelecimentos agropecuários com veículos;593.0;;6875
5107792;2017;storage;;Número de estabelecimentos agropecuários com veículos;85.0;;6875
5107800;2017;storage;;Número de estabelecimentos agropecuários com veículos;436.0;;6875
5107859;2017;storage;;Número de estabelecimentos agropecuários com veículos;437.0;;6875
5107875;2017;storage;;Número de estabelecimentos agropecuários com veículos;100.0;;6875
5107883;2017;storage;;Número de estabelecimentos agropecuários com veículos;257.0;;6875
5107909;2017;storage;;Número de estabelecimentos agropecuários com veículos;605.0;;6875
5107925;2017;storage;;Número de estabelecimentos agropecuários com veículos;550.0;;6875
5107941;2017;storage;;Número de estabelecimentos agropecuários com veículos;299.0;;6875
5107958;2017;storage;;Número de estabelecimentos agropecuários com veículos;766.0;;6875
5108006;2017;storage;;Número de estabelecimentos agropecuários com veículos;138.0;;6875
5108055;2017;storage;;Número de estabelecimentos agropecuários com veículos;871.0;;6875
5108105;2017;storage;;Número de estabelecimentos agropecuários com veículos;123.0;;6875
5108204;2017;storage;;Número de estabelecimentos agropecuários com veículos;51.0;;6875
5108303;2017;storage;;Número de estabelecimentos agropecuários com veículos;232.0;;6875
5108352;2017;storage;;Número de estabelecimentos agropecuários com veículos;348.0;;6875
5108402;2017;storage;;Número de estabelecimentos agropecuários com veículos;157.0;;6875
5108501;2017;storage;;Número de estabelecimentos agropecuários com veículos;207.0;;6875
5108600;2017;storage;;Número de estabelecimentos agropecuários com veículos;917.0;;6875
5108808;2017;storage;;Número de estabelecimentos agropecuários com veículos;398.0;;6875
5108857;2017;storage;;Número de estabelecimentos agropecuários com veículos;54.0;;6875
5108907;2017;storage;;Número de estabelecimentos agropecuários com veículos;171.0;;6875
5108956;2017;storage;;Número de estabelecimentos agropecuários com veículos;328.0;;6875
1500107;2017;storage;;Número de estabelecimentos agropecuários com veículos;917.0;;6875
1500131;2017;storage;;Número de estabelecimentos agropecuários com veículos;6.0;;6875
1500206;2017;storage;;Número de estabelecimentos agropecuários com veículos;587.0;;6875
1500347;2017;storage;;Número de estabelecimentos agropecuários com veículos;590.0;;6875
1500404;2017;storage;;Número de estabelecimentos agropecuários com veículos;1841.0;;6875
1500503;2017;storage;;Número de estabelecimentos agropecuários com veículos;65.0;;6875
1500602;2017;storage;;Número de estabelecimentos agropecuários com veículos;1691.0;;6875
1500800;2017;storage;;Número de estabelecimentos agropecuários com veículos;26.0;;6875
1500859;2017;storage;;Número de estabelecimentos agropecuários com veículos;572.0;;6875
1500909;2017;storage;;Número de estabelecimentos agropecuários com veículos;606.0;;6875
1500958;2017;storage;;Número de estabelecimentos agropecuários com veículos;177.0;;6875
1501006;2017;storage;;Número de estabelecimentos agropecuários com veículos;198.0;;6875
1501105;2017;storage;;Número de estabelecimentos agropecuários com veículos;1.0;;6875
1501204;2017;storage;;Número de estabelecimentos agropecuários com veículos;313.0;;6875
1501253;2017;storage;;Número de estabelecimentos agropecuários com veículos;92.0;;6875
1501303;2017;storage;;Número de estabelecimentos agropecuários com veículos;582.0;;6875
1501402;2017;storage;;Número de estabelecimentos agropecuários com veículos;17.0;;6875
1501451;2017;storage;;Número de estabelecimentos agropecuários com veículos;118.0;;6875
1501501;2017;storage;;Número de estabelecimentos agropecuários com veículos;7.0;;6875
1501576;2017;storage;;Número de estabelecimentos agropecuários com veículos;830.0;;6875
1501600;2017;storage;;Número de estabelecimentos agropecuários com veículos;524.0;;6875
1501709;2017;storage;;Número de estabelecimentos agropecuários com veículos;421.0;;6875
1501725;2017;storage;;Número de estabelecimentos agropecuários com veículos;1104.0;;6875
1501758;2017;storage;;Número de estabelecimentos agropecuários com veículos;60.0;;6875
1501782;2017;storage;;Número de estabelecimentos agropecuários com veículos;837.0;;6875
1501808;2017;storage;;Número de estabelecimentos agropecuários com veículos;1.0;;6875
1501907;2017;storage;;Número de estabelecimentos agropecuários com veículos;434.0;;6875
1501956;2017;storage;;Número de estabelecimentos agropecuários com veículos;250.0;;6875
1502004;2017;storage;;Número de estabelecimentos agropecuários com veículos;33.0;;6875
1502103;2017;storage;;Número de estabelecimentos agropecuários com veículos;2821.0;;6875
1502152;2017;storage;;Número de estabelecimentos agropecuários com veículos;536.0;;6875
1502202;2017;storage;;Número de estabelecimentos agropecuários com veículos;117.0;;6875
1502301;2017;storage;;Número de estabelecimentos agropecuários com veículos;577.0;;6875
1502400;2017;storage;;Número de estabelecimentos agropecuários com veículos;291.0;;6875
1502509;2017;storage;;Número de estabelecimentos agropecuários com veículos;18.0;;6875
1502608;2017;storage;;Número de estabelecimentos agropecuários com veículos;13.0;;6875
1502707;2017;storage;;Número de estabelecimentos agropecuários com veículos;1426.0;;6875
1502756;2017;storage;;Número de estabelecimentos agropecuários com veículos;422.0;;6875
1502764;2017;storage;;Número de estabelecimentos agropecuários com veículos;557.0;;6875
1502772;2017;storage;;Número de estabelecimentos agropecuários com veículos;186.0;;6875
1502855;2017;storage;;Número de estabelecimentos agropecuários com veículos;17.0;;6875
1502905;2017;storage;;Número de estabelecimentos agropecuários com veículos;23.0;;6875
1502939;2017;storage;;Número de estabelecimentos agropecuários com veículos;114.0;;6875
1502954;2017;storage;;Número de estabelecimentos agropecuários com veículos;1386.0;;6875
1503044;2017;storage;;Número de estabelecimentos agropecuários com veículos;692.0;;6875
1503077;2017;storage;;Número de estabelecimentos agropecuários com veículos;778.0;;6875
1503093;2017;storage;;Número de estabelecimentos agropecuários com veículos;441.0;;6875
1503101;2017;storage;;Número de estabelecimentos agropecuários com veículos;4.0;;6875
1503200;2017;storage;;Número de estabelecimentos agropecuários com veículos;548.0;;6875
1503309;2017;storage;;Número de estabelecimentos agropecuários com veículos;11.0;;6875
1503408;2017;storage;;Número de estabelecimentos agropecuários com veículos;14.0;;6875
1503457;2017;storage;;Número de estabelecimentos agropecuários com veículos;752.0;;6875
1503507;2017;storage;;Número de estabelecimentos agropecuários com veículos;639.0;;6875
1503606;2017;storage;;Número de estabelecimentos agropecuários com veículos;617.0;;6875
1503705;2017;storage;;Número de estabelecimentos agropecuários com veículos;1766.0;;6875
1503754;2017;storage;;Número de estabelecimentos agropecuários com veículos;143.0;;6875
1503804;2017;storage;;Número de estabelecimentos agropecuários com veículos;119.0;;6875
1503903;2017;storage;;Número de estabelecimentos agropecuários com veículos;212.0;;6875
1504000;2017;storage;;Número de estabelecimentos agropecuários com veículos;340.0;;6875
1504059;2017;storage;;Número de estabelecimentos agropecuários com veículos;271.0;;6875
1504109;2017;storage;;Número de estabelecimentos agropecuários com veículos;22.0;;6875
1504208;2017;storage;;Número de estabelecimentos agropecuários com veículos;2070.0;;6875
1504307;2017;storage;;Número de estabelecimentos agropecuários com veículos;162.0;;6875
1504406;2017;storage;;Número de estabelecimentos agropecuários com veículos;86.0;;6875
1504422;2017;storage;;Número de estabelecimentos agropecuários com veículos;1.0;;6875
1504455;2017;storage;;Número de estabelecimentos agropecuários com veículos;2061.0;;6875
1504505;2017;storage;;Número de estabelecimentos agropecuários com veículos;2.0;;6875
1504604;2017;storage;;Número de estabelecimentos agropecuários com veículos;370.0;;6875
1504703;2017;storage;;Número de estabelecimentos agropecuários com veículos;1815.0;;6875
1504752;2017;storage;;Número de estabelecimentos agropecuários com veículos;86.0;;6875
1504802;2017;storage;;Número de estabelecimentos agropecuários com veículos;1058.0;;6875
1504901;2017;storage;;Número de estabelecimentos agropecuários com veículos;21.0;;6875
1504950;2017;storage;;Número de estabelecimentos agropecuários com veículos;395.0;;6875
1504976;2017;storage;;Número de estabelecimentos agropecuários com veículos;790.0;;6875
1505007;2017;storage;;Número de estabelecimentos agropecuários com veículos;184.0;;6875
1505031;2017;storage;;Número de estabelecimentos agropecuários com veículos;838.0;;6875
1505064;2017;storage;;Número de estabelecimentos agropecuários com veículos;2722.0;;6875
1505106;2017;storage;;Número de estabelecimentos agropecuários com veículos;405.0;;6875
1505205;2017;storage;;Número de estabelecimentos agropecuários com veículos;351.0;;6875
1505304;2017;storage;;Número de estabelecimentos agropecuários com veículos;40.0;;6875
1505403;2017;storage;;Número de estabelecimentos agropecuários com veículos;42.0;;6875
1505437;2017;storage;;Número de estabelecimentos agropecuários com veículos;979.0;;6875
1505486;2017;storage;;Número de estabelecimentos agropecuários com veículos;1975.0;;6875
1505494;2017;storage;;Número de estabelecimentos agropecuários com veículos;145.0;;6875
1505502;2017;storage;;Número de estabelecimentos agropecuários com veículos;656.0;;6875
1505536;2017;storage;;Número de estabelecimentos agropecuários com veículos;423.0;;6875
1505551;2017;storage;;Número de estabelecimentos agropecuários com veículos;224.0;;6875
1505601;2017;storage;;Número de estabelecimentos agropecuários com veículos;9.0;;6875
1505635;2017;storage;;Número de estabelecimentos agropecuários com veículos;370.0;;6875
1505650;2017;storage;;Número de estabelecimentos agropecuários com veículos;1267.0;;6875
1505700;2017;storage;;Número de estabelecimentos agropecuários com veículos;30.0;;6875
1505809;2017;storage;;Número de estabelecimentos agropecuários com veículos;95.0;;6875
1505908;2017;storage;;Número de estabelecimentos agropecuários com veículos;153.0;;6875
1506005;2017;storage;;Número de estabelecimentos agropecuários com veículos;237.0;;6875
1506104;2017;storage;;Número de estabelecimentos agropecuários com veículos;5.0;;6875
1506112;2017;storage;;Número de estabelecimentos agropecuários com veículos;38.0;;6875
1506138;2017;storage;;Número de estabelecimentos agropecuários com veículos;435.0;;6875
1506161;2017;storage;;Número de estabelecimentos agropecuários com veículos;448.0;;6875
1506187;2017;storage;;Número de estabelecimentos agropecuários com veículos;576.0;;6875
1506195;2017;storage;;Número de estabelecimentos agropecuários com veículos;1365.0;;6875
1506203;2017;storage;;Número de estabelecimentos agropecuários com veículos;6.0;;6875
1506302;2017;storage;;Número de estabelecimentos agropecuários com veículos;8.0;;6875
1506351;2017;storage;;Número de estabelecimentos agropecuários com veículos;115.0;;6875
1506401;2017;storage;;Número de estabelecimentos agropecuários com veículos;8.0;;6875
1506500;2017;storage;;Número de estabelecimentos agropecuários com veículos;157.0;;6875
1506559;2017;storage;;Número de estabelecimentos agropecuários com veículos;188.0;;6875
1506583;2017;storage;;Número de estabelecimentos agropecuários com veículos;1539.0;;6875
1506609;2017;storage;;Número de estabelecimentos agropecuários com veículos;341.0;;6875
1506708;2017;storage;;Número de estabelecimentos agropecuários com veículos;890.0;;6875
1506807;2017;storage;;Número de estabelecimentos agropecuários com veículos;1455.0;;6875
1506906;2017;storage;;Número de estabelecimentos agropecuários com veículos;9.0;;6875
1507003;2017;storage;;Número de estabelecimentos agropecuários com veículos;33.0;;6875
1507102;2017;storage;;Número de estabelecimentos agropecuários com veículos;42.0;;6875
1507151;2017;storage;;Número de estabelecimentos agropecuários com veículos;408.0;;6875
1507201;2017;storage;;Número de estabelecimentos agropecuários com veículos;628.0;;6875
1507300;2017;storage;;Número de estabelecimentos agropecuários com veículos;3447.0;;6875
1507409;2017;storage;;Número de estabelecimentos agropecuários com veículos;28.0;;6875
1507458;2017;storage;;Número de estabelecimentos agropecuários com veículos;595.0;;6875
1507466;2017;storage;;Número de estabelecimentos agropecuários com veículos;10.0;;6875
1507474;2017;storage;;Número de estabelecimentos agropecuários com veículos;4.0;;6875
1507508;2017;storage;;Número de estabelecimentos agropecuários com veículos;426.0;;6875
1507607;2017;storage;;Número de estabelecimentos agropecuários com veículos;98.0;;6875
1507706;2017;storage;;Número de estabelecimentos agropecuários com veículos;89.0;;6875
1507755;2017;storage;;Número de estabelecimentos agropecuários com veículos;10.0;;6875
1507805;2017;storage;;Número de estabelecimentos agropecuários com veículos;902.0;;6875
1507904;2017;storage;;Número de estabelecimentos agropecuários com veículos;4.0;;6875
1507953;2017;storage;;Número de estabelecimentos agropecuários com veículos;475.0;;6875
1507961;2017;storage;;Número de estabelecimentos agropecuários com veículos;2.0;;6875
1507979;2017;storage;;Número de estabelecimentos agropecuários com veículos;13.0;;6875
1508001;2017;storage;;Número de estabelecimentos agropecuários com veículos;790.0;;6875
1508035;2017;storage;;Número de estabelecimentos agropecuários com veículos;549.0;;6875
1508050;2017;storage;;Número de estabelecimentos agropecuários com veículos;194.0;;6875
1508084;2017;storage;;Número de estabelecimentos agropecuários com veículos;1410.0;;6875
1508100;2017;storage;;Número de estabelecimentos agropecuários com veículos;1013.0;;6875
1508126;2017;storage;;Número de estabelecimentos agropecuários com veículos;408.0;;6875
1508159;2017;storage;;Número de estabelecimentos agropecuários com veículos;2813.0;;6875
1508209;2017;storage;;Número de estabelecimentos agropecuários com veículos;69.0;;6875
1508308;2017;storage;;Número de estabelecimentos agropecuários com veículos;535.0;;6875
1508357;2017;storage;;Número de estabelecimentos agropecuários com veículos;676.0;;6875
1508407;2017;storage;;Número de estabelecimentos agropecuários com veículos;160.0;;6875
2500106;2017;storage;;Número de estabelecimentos agropecuários com veículos;45.0;;6875
2500205;2017;storage;;Número de estabelecimentos agropecuários com veículos;83.0;;6875
2500304;2017;storage;;Número de estabelecimentos agropecuários com veículos;163.0;;6875
2500403;2017;storage;;Número de estabelecimentos agropecuários com veículos;394.0;;6875
2500502;2017;storage;;Número de estabelecimentos agropecuários com veículos;237.0;;6875
2500536;2017;storage;;Número de estabelecimentos agropecuários com veículos;171.0;;6875
2500577;2017;storage;;Número de estabelecimentos agropecuários com veículos;192.0;;6875
2500601;2017;storage;;Número de estabelecimentos agropecuários com veículos;272.0;;6875
2500700;2017;storage;;Número de estabelecimentos agropecuários com veículos;404.0;;6875
2500734;2017;storage;;Número de estabelecimentos agropecuários com veículos;42.0;;6875
2500775;2017;storage;;Número de estabelecimentos agropecuários com veículos;220.0;;6875
2500809;2017;storage;;Número de estabelecimentos agropecuários com veículos;893.0;;6875
2500908;2017;storage;;Número de estabelecimentos agropecuários com veículos;165.0;;6875
2501005;2017;storage;;Número de estabelecimentos agropecuários com veículos;525.0;;6875
2501104;2017;storage;;Número de estabelecimentos agropecuários com veículos;178.0;;6875
2501153;2017;storage;;Número de estabelecimentos agropecuários com veículos;72.0;;6875
2501203;2017;storage;;Número de estabelecimentos agropecuários com veículos;195.0;;6875
2501302;2017;storage;;Número de estabelecimentos agropecuários com veículos;191.0;;6875
2501351;2017;storage;;Número de estabelecimentos agropecuários com veículos;24.0;;6875
2501401;2017;storage;;Número de estabelecimentos agropecuários com veículos;135.0;;6875
2501500;2017;storage;;Número de estabelecimentos agropecuários com veículos;621.0;;6875
2501534;2017;storage;;Número de estabelecimentos agropecuários com veículos;30.0;;6875
2501575;2017;storage;;Número de estabelecimentos agropecuários com veículos;624.0;;6875
2501609;2017;storage;;Número de estabelecimentos agropecuários com veículos;895.0;;6875
2501708;2017;storage;;Número de estabelecimentos agropecuários com veículos;170.0;;6875
2501807;2017;storage;;Número de estabelecimentos agropecuários com veículos;1.0;;6875
2501906;2017;storage;;Número de estabelecimentos agropecuários com veículos;5.0;;6875
2502003;2017;storage;;Número de estabelecimentos agropecuários com veículos;82.0;;6875
2502052;2017;storage;;Número de estabelecimentos agropecuários com veículos;70.0;;6875
2502102;2017;storage;;Número de estabelecimentos agropecuários com veículos;149.0;;6875
2502151;2017;storage;;Número de estabelecimentos agropecuários com veículos;100.0;;6875
2502201;2017;storage;;Número de estabelecimentos agropecuários com veículos;3.0;;6875
2502300;2017;storage;;Número de estabelecimentos agropecuários com veículos;41.0;;6875
2502409;2017;storage;;Número de estabelecimentos agropecuários com veículos;394.0;;6875
2502508;2017;storage;;Número de estabelecimentos agropecuários com veículos;414.0;;6875
2502607;2017;storage;;Número de estabelecimentos agropecuários com veículos;22.0;;6875
2502706;2017;storage;;Número de estabelecimentos agropecuários com veículos;117.0;;6875
2502805;2017;storage;;Número de estabelecimentos agropecuários com veículos;165.0;;6875
2502904;2017;storage;;Número de estabelecimentos agropecuários com veículos;31.0;;6875
2503001;2017;storage;;Número de estabelecimentos agropecuários com veículos;218.0;;6875
2503100;2017;storage;;Número de estabelecimentos agropecuários com veículos;142.0;;6875
2503209;2017;storage;;Número de estabelecimentos agropecuários com veículos;1.0;;6875
2503308;2017;storage;;Número de estabelecimentos agropecuários com veículos;38.0;;6875
2503407;2017;storage;;Número de estabelecimentos agropecuários com veículos;165.0;;6875
2503506;2017;storage;;Número de estabelecimentos agropecuários com veículos;404.0;;6875
2503555;2017;storage;;Número de estabelecimentos agropecuários com veículos;130.0;;6875
2503605;2017;storage;;Número de estabelecimentos agropecuários com veículos;237.0;;6875
2503704;2017;storage;;Número de estabelecimentos agropecuários com veículos;286.0;;6875
2503753;2017;storage;;Número de estabelecimentos agropecuários com veículos;230.0;;6875
2503803;2017;storage;;Número de estabelecimentos agropecuários com veículos;8.0;;6875
2503902;2017;storage;;Número de estabelecimentos agropecuários com veículos;527.0;;6875
2504009;2017;storage;;Número de estabelecimentos agropecuários com veículos;251.0;;6875
2504033;2017;storage;;Número de estabelecimentos agropecuários com veículos;1.0;;6875
2504074;2017;storage;;Número de estabelecimentos agropecuários com veículos;120.0;;6875
2504108;2017;storage;;Número de estabelecimentos agropecuários com veículos;24.0;;6875
2504157;2017;storage;;Número de estabelecimentos agropecuários com veículos;340.0;;6875
2504207;2017;storage;;Número de estabelecimentos agropecuários com veículos;236.0;;6875
2504306;2017;storage;;Número de estabelecimentos agropecuários com veículos;347.0;;6875
2504355;2017;storage;;Número de estabelecimentos agropecuários com veículos;81.0;;6875
2504405;2017;storage;;Número de estabelecimentos agropecuários com veículos;848.0;;6875
2504504;2017;storage;;Número de estabelecimentos agropecuários com veículos;278.0;;6875
2504603;2017;storage;;Número de estabelecimentos agropecuários com veículos;250.0;;6875
2504702;2017;storage;;Número de estabelecimentos agropecuários com veículos;198.0;;6875
2504801;2017;storage;;Número de estabelecimentos agropecuários com veículos;395.0;;6875
2504850;2017;storage;;Número de estabelecimentos agropecuários com veículos;89.0;;6875
2504900;2017;storage;;Número de estabelecimentos agropecuários com veículos;325.0;;6875
2505006;2017;storage;;Número de estabelecimentos agropecuários com veículos;80.0;;6875
2505105;2017;storage;;Número de estabelecimentos agropecuários com veículos;734.0;;6875
2505204;2017;storage;;Número de estabelecimentos agropecuários com veículos;12.0;;6875
2505238;2017;storage;;Número de estabelecimentos agropecuários com veículos;5.0;;6875
2505279;2017;storage;;Número de estabelecimentos agropecuários com veículos;92.0;;6875
2505303;2017;storage;;Número de estabelecimentos agropecuários com veículos;87.0;;6875
2505352;2017;storage;;Número de estabelecimentos agropecuários com veículos;224.0;;6875
2505402;2017;storage;;Número de estabelecimentos agropecuários com veículos;186.0;;6875
2505501;2017;storage;;Número de estabelecimentos agropecuários com veículos;99.0;;6875
2505600;2017;storage;;Número de estabelecimentos agropecuários com veículos;70.0;;6875
2505709;2017;storage;;Número de estabelecimentos agropecuários com veículos;68.0;;6875
2505808;2017;storage;;Número de estabelecimentos agropecuários com veículos;109.0;;6875
2505907;2017;storage;;Número de estabelecimentos agropecuários com veículos;81.0;;6875
2506004;2017;storage;;Número de estabelecimentos agropecuários com veículos;397.0;;6875
2506103;2017;storage;;Número de estabelecimentos agropecuários com veículos;40.0;;6875
2506202;2017;storage;;Número de estabelecimentos agropecuários com veículos;121.0;;6875
2506251;2017;storage;;Número de estabelecimentos agropecuários com veículos;117.0;;6875
2506301;2017;storage;;Número de estabelecimentos agropecuários com veículos;242.0;;6875
2506400;2017;storage;;Número de estabelecimentos agropecuários com veículos;35.0;;6875
2506509;2017;storage;;Número de estabelecimentos agropecuários com veículos;118.0;;6875
2506608;2017;storage;;Número de estabelecimentos agropecuários com veículos;260.0;;6875
2506707;2017;storage;;Número de estabelecimentos agropecuários com veículos;105.0;;6875
2506806;2017;storage;;Número de estabelecimentos agropecuários com veículos;38.0;;6875
2506905;2017;storage;;Número de estabelecimentos agropecuários com veículos;30.0;;6875
2507002;2017;storage;;Número de estabelecimentos agropecuários com veículos;68.0;;6875
2507101;2017;storage;;Número de estabelecimentos agropecuários com veículos;421.0;;6875
2507200;2017;storage;;Número de estabelecimentos agropecuários com veículos;85.0;;6875
2507309;2017;storage;;Número de estabelecimentos agropecuários com veículos;64.0;;6875
2507408;2017;storage;;Número de estabelecimentos agropecuários com veículos;396.0;;6875
2507507;2017;storage;;Número de estabelecimentos agropecuários com veículos;7.0;;6875
2507606;2017;storage;;Número de estabelecimentos agropecuários com veículos;2.0;;6875
2507705;2017;storage;;Número de estabelecimentos agropecuários com veículos;299.0;;6875
2507804;2017;storage;;Número de estabelecimentos agropecuários com veículos;10.0;;6875
2507903;2017;storage;;Número de estabelecimentos agropecuários com veículos;22.0;;6875
2508000;2017;storage;;Número de estabelecimentos agropecuários com veículos;162.0;;6875
2508109;2017;storage;;Número de estabelecimentos agropecuários com veículos;13.0;;6875
2508208;2017;storage;;Número de estabelecimentos agropecuários com veículos;110.0;;6875
2508307;2017;storage;;Número de estabelecimentos agropecuários com veículos;523.0;;6875
2508406;2017;storage;;Número de estabelecimentos agropecuários com veículos;51.0;;6875
2508505;2017;storage;;Número de estabelecimentos agropecuários com veículos;453.0;;6875
2508554;2017;storage;;Número de estabelecimentos agropecuários com veículos;25.0;;6875
2508604;2017;storage;;Número de estabelecimentos agropecuários com veículos;39.0;;6875
2508703;2017;storage;;Número de estabelecimentos agropecuários com veículos;71.0;;6875
2508802;2017;storage;;Número de estabelecimentos agropecuários com veículos;104.0;;6875
2508901;2017;storage;;Número de estabelecimentos agropecuários com veículos;13.0;;6875
2509008;2017;storage;;Número de estabelecimentos agropecuários com veículos;331.0;;6875
2509057;2017;storage;;Número de estabelecimentos agropecuários com veículos;33.0;;6875
2509107;2017;storage;;Número de estabelecimentos agropecuários com veículos;236.0;;6875
2509156;2017;storage;;Número de estabelecimentos agropecuários com veículos;148.0;;6875
2509206;2017;storage;;Número de estabelecimentos agropecuários com veículos;321.0;;6875
2509305;2017;storage;;Número de estabelecimentos agropecuários com veículos;5.0;;6875
2509339;2017;storage;;Número de estabelecimentos agropecuários com veículos;6.0;;6875
2509370;2017;storage;;Número de estabelecimentos agropecuários com veículos;62.0;;6875
2509396;2017;storage;;Número de estabelecimentos agropecuários com veículos;8.0;;6875
2509404;2017;storage;;Número de estabelecimentos agropecuários com veículos;265.0;;6875
2509503;2017;storage;;Número de estabelecimentos agropecuários com veículos;199.0;;6875
2509602;2017;storage;;Número de estabelecimentos agropecuários com veículos;267.0;;6875
2509701;2017;storage;;Número de estabelecimentos agropecuários com veículos;1111.0;;6875
2509800;2017;storage;;Número de estabelecimentos agropecuários com veículos;305.0;;6875
2509909;2017;storage;;Número de estabelecimentos agropecuários com veículos;7.0;;6875
2510006;2017;storage;;Número de estabelecimentos agropecuários com veículos;131.0;;6875
2510105;2017;storage;;Número de estabelecimentos agropecuários com veículos;219.0;;6875
2510204;2017;storage;;Número de estabelecimentos agropecuários com veículos;120.0;;6875
2510303;2017;storage;;Número de estabelecimentos agropecuários com veículos;231.0;;6875
2510402;2017;storage;;Número de estabelecimentos agropecuários com veículos;220.0;;6875
2510501;2017;storage;;Número de estabelecimentos agropecuários com veículos;187.0;;6875
2510600;2017;storage;;Número de estabelecimentos agropecuários com veículos;226.0;;6875
2510659;2017;storage;;Número de estabelecimentos agropecuários com veículos;226.0;;6875
2510709;2017;storage;;Número de estabelecimentos agropecuários com veículos;51.0;;6875
2510808;2017;storage;;Número de estabelecimentos agropecuários com veículos;215.0;;6875
2510907;2017;storage;;Número de estabelecimentos agropecuários com veículos;450.0;;6875
2511004;2017;storage;;Número de estabelecimentos agropecuários com veículos;13.0;;6875
2511103;2017;storage;;Número de estabelecimentos agropecuários com veículos;427.0;;6875
2511202;2017;storage;;Número de estabelecimentos agropecuários com veículos;137.0;;6875
2511301;2017;storage;;Número de estabelecimentos agropecuários com veículos;270.0;;6875
2511400;2017;storage;;Número de estabelecimentos agropecuários com veículos;437.0;;6875
2511509;2017;storage;;Número de estabelecimentos agropecuários com veículos;9.0;;6875
2511608;2017;storage;;Número de estabelecimentos agropecuários com veículos;2.0;;6875
2511707;2017;storage;;Número de estabelecimentos agropecuários com veículos;105.0;;6875
2511806;2017;storage;;Número de estabelecimentos agropecuários com veículos;87.0;;6875
2511905;2017;storage;;Número de estabelecimentos agropecuários com veículos;330.0;;6875
2512002;2017;storage;;Número de estabelecimentos agropecuários com veículos;765.0;;6875
2512036;2017;storage;;Número de estabelecimentos agropecuários com veículos;37.0;;6875
2512077;2017;storage;;Número de estabelecimentos agropecuários com veículos;124.0;;6875
2512101;2017;storage;;Número de estabelecimentos agropecuários com veículos;831.0;;6875
2512200;2017;storage;;Número de estabelecimentos agropecuários com veículos;135.0;;6875
2512309;2017;storage;;Número de estabelecimentos agropecuários com veículos;126.0;;6875
2512408;2017;storage;;Número de estabelecimentos agropecuários com veículos;79.0;;6875
2512507;2017;storage;;Número de estabelecimentos agropecuários com veículos;282.0;;6875
2512606;2017;storage;;Número de estabelecimentos agropecuários com veículos;66.0;;6875
2512705;2017;storage;;Número de estabelecimentos agropecuários com veículos;309.0;;6875
2512721;2017;storage;;Número de estabelecimentos agropecuários com veículos;68.0;;6875
2512747;2017;storage;;Número de estabelecimentos agropecuários com veículos;56.0;;6875
2512754;2017;storage;;Número de estabelecimentos agropecuários com veículos;5.0;;6875
2512762;2017;storage;;Número de estabelecimentos agropecuários com veículos;55.0;;6875
2512788;2017;storage;;Número de estabelecimentos agropecuários com veículos;31.0;;6875
2512804;2017;storage;;Número de estabelecimentos agropecuários com veículos;257.0;;6875
2512903;2017;storage;;Número de estabelecimentos agropecuários com veículos;53.0;;6875
2513000;2017;storage;;Número de estabelecimentos agropecuários com veículos;194.0;;6875
2513109;2017;storage;;Número de estabelecimentos agropecuários com veículos;32.0;;6875
2513158;2017;storage;;Número de estabelecimentos agropecuários com veículos;40.0;;6875
2513208;2017;storage;;Número de estabelecimentos agropecuários com veículos;151.0;;6875
2513307;2017;storage;;Número de estabelecimentos agropecuários com veículos;49.0;;6875
2513356;2017;storage;;Número de estabelecimentos agropecuários com veículos;258.0;;6875
2513406;2017;storage;;Número de estabelecimentos agropecuários com veículos;133.0;;6875
2513505;2017;storage;;Número de estabelecimentos agropecuários com veículos;108.0;;6875
2513604;2017;storage;;Número de estabelecimentos agropecuários com veículos;87.0;;6875
2513653;2017;storage;;Número de estabelecimentos agropecuários com veículos;8.0;;6875
2513703;2017;storage;;Número de estabelecimentos agropecuários com veículos;34.0;;6875
2513802;2017;storage;;Número de estabelecimentos agropecuários com veículos;131.0;;6875
2513851;2017;storage;;Número de estabelecimentos agropecuários com veículos;189.0;;6875
2513901;2017;storage;;Número de estabelecimentos agropecuários com veículos;97.0;;6875
2513927;2017;storage;;Número de estabelecimentos agropecuários com veículos;148.0;;6875
2513943;2017;storage;;Número de estabelecimentos agropecuários com veículos;112.0;;6875
2513968;2017;storage;;Número de estabelecimentos agropecuários com veículos;102.0;;6875
2513984;2017;storage;;Número de estabelecimentos agropecuários com veículos;124.0;;6875
2514008;2017;storage;;Número de estabelecimentos agropecuários com veículos;267.0;;6875
2514107;2017;storage;;Número de estabelecimentos agropecuários com veículos;248.0;;6875
2514206;2017;storage;;Número de estabelecimentos agropecuários com veículos;169.0;;6875
2514305;2017;storage;;Número de estabelecimentos agropecuários com veículos;312.0;;6875
2514404;2017;storage;;Número de estabelecimentos agropecuários com veículos;249.0;;6875
2514453;2017;storage;;Número de estabelecimentos agropecuários com veículos;112.0;;6875
2514503;2017;storage;;Número de estabelecimentos agropecuários com veículos;602.0;;6875
2514552;2017;storage;;Número de estabelecimentos agropecuários com veículos;70.0;;6875
2514602;2017;storage;;Número de estabelecimentos agropecuários com veículos;121.0;;6875
2514651;2017;storage;;Número de estabelecimentos agropecuários com veículos;21.0;;6875
2514701;2017;storage;;Número de estabelecimentos agropecuários com veículos;189.0;;6875
2514800;2017;storage;;Número de estabelecimentos agropecuários com veículos;356.0;;6875
2514909;2017;storage;;Número de estabelecimentos agropecuários com veículos;391.0;;6875
2515005;2017;storage;;Número de estabelecimentos agropecuários com veículos;144.0;;6875
2515104;2017;storage;;Número de estabelecimentos agropecuários com veículos;173.0;;6875
2515203;2017;storage;;Número de estabelecimentos agropecuários com veículos;154.0;;6875
2515302;2017;storage;;Número de estabelecimentos agropecuários com veículos;317.0;;6875
2515401;2017;storage;;Número de estabelecimentos agropecuários com veículos;535.0;;6875
2515500;2017;storage;;Número de estabelecimentos agropecuários com veículos;487.0;;6875
2515609;2017;storage;;Número de estabelecimentos agropecuários com veículos;57.0;;6875
2515708;2017;storage;;Número de estabelecimentos agropecuários com veículos;328.0;;6875
2515807;2017;storage;;Número de estabelecimentos agropecuários com veículos;121.0;;6875
2515906;2017;storage;;Número de estabelecimentos agropecuários com veículos;101.0;;6875
2515930;2017;storage;;Número de estabelecimentos agropecuários com veículos;43.0;;6875
2515971;2017;storage;;Número de estabelecimentos agropecuários com veículos;43.0;;6875
2516003;2017;storage;;Número de estabelecimentos agropecuários com veículos;432.0;;6875
2516102;2017;storage;;Número de estabelecimentos agropecuários com veículos;109.0;;6875
2516151;2017;storage;;Número de estabelecimentos agropecuários com veículos;79.0;;6875
2516201;2017;storage;;Número de estabelecimentos agropecuários com veículos;845.0;;6875
2516300;2017;storage;;Número de estabelecimentos agropecuários com veículos;399.0;;6875
2516409;2017;storage;;Número de estabelecimentos agropecuários com veículos;13.0;;6875
2516508;2017;storage;;Número de estabelecimentos agropecuários com veículos;399.0;;6875
2516607;2017;storage;;Número de estabelecimentos agropecuários com veículos;160.0;;6875
2516706;2017;storage;;Número de estabelecimentos agropecuários com veículos;146.0;;6875
2516755;2017;storage;;Número de estabelecimentos agropecuários com veículos;16.0;;6875
2516805;2017;storage;;Número de estabelecimentos agropecuários com veículos;112.0;;6875
2516904;2017;storage;;Número de estabelecimentos agropecuários com veículos;176.0;;6875
2517001;2017;storage;;Número de estabelecimentos agropecuários com veículos;21.0;;6875
2517100;2017;storage;;Número de estabelecimentos agropecuários com veículos;142.0;;6875
2517209;2017;storage;;Número de estabelecimentos agropecuários com veículos;77.0;;6875
2517407;2017;storage;;Número de estabelecimentos agropecuários com veículos;123.0;;6875
2600104;2017;storage;;Número de estabelecimentos agropecuários com veículos;50.0;;6875
2600203;2017;storage;;Número de estabelecimentos agropecuários com veículos;1244.0;;6875
2600302;2017;storage;;Número de estabelecimentos agropecuários com veículos;166.0;;6875
2600401;2017;storage;;Número de estabelecimentos agropecuários com veículos;106.0;;6875
2600500;2017;storage;;Número de estabelecimentos agropecuários com veículos;750.0;;6875
2600609;2017;storage;;Número de estabelecimentos agropecuários com veículos;92.0;;6875
2600708;2017;storage;;Número de estabelecimentos agropecuários com veículos;25.0;;6875
2600807;2017;storage;;Número de estabelecimentos agropecuários com veículos;489.0;;6875
2600906;2017;storage;;Número de estabelecimentos agropecuários com veículos;396.0;;6875
2601003;2017;storage;;Número de estabelecimentos agropecuários com veículos;14.0;;6875
2601052;2017;storage;;Número de estabelecimentos agropecuários com veículos;1.0;;6875
2601102;2017;storage;;Número de estabelecimentos agropecuários com veículos;2240.0;;6875
2601201;2017;storage;;Número de estabelecimentos agropecuários com veículos;20.0;;6875
2601300;2017;storage;;Número de estabelecimentos agropecuários com veículos;5.0;;6875
2601409;2017;storage;;Número de estabelecimentos agropecuários com veículos;7.0;;6875
2601508;2017;storage;;Número de estabelecimentos agropecuários com veículos;7.0;;6875
2601607;2017;storage;;Número de estabelecimentos agropecuários com veículos;103.0;;6875
2601706;2017;storage;;Número de estabelecimentos agropecuários com veículos;269.0;;6875
2601805;2017;storage;;Número de estabelecimentos agropecuários com veículos;338.0;;6875
2601904;2017;storage;;Número de estabelecimentos agropecuários com veículos;151.0;;6875
2602001;2017;storage;;Número de estabelecimentos agropecuários com veículos;252.0;;6875
2602100;2017;storage;;Número de estabelecimentos agropecuários com veículos;616.0;;6875
2602209;2017;storage;;Número de estabelecimentos agropecuários com veículos;119.0;;6875
2602308;2017;storage;;Número de estabelecimentos agropecuários com veículos;240.0;;6875
2602407;2017;storage;;Número de estabelecimentos agropecuários com veículos;46.0;;6875
2602506;2017;storage;;Número de estabelecimentos agropecuários com veículos;230.0;;6875
2602605;2017;storage;;Número de estabelecimentos agropecuários com veículos;225.0;;6875
2602704;2017;storage;;Número de estabelecimentos agropecuários com veículos;45.0;;6875
2602803;2017;storage;;Número de estabelecimentos agropecuários com veículos;251.0;;6875
2602902;2017;storage;;Número de estabelecimentos agropecuários com veículos;125.0;;6875
2603009;2017;storage;;Número de estabelecimentos agropecuários com veículos;248.0;;6875
2603108;2017;storage;;Número de estabelecimentos agropecuários com veículos;175.0;;6875
2603207;2017;storage;;Número de estabelecimentos agropecuários com veículos;600.0;;6875
2603306;2017;storage;;Número de estabelecimentos agropecuários com veículos;143.0;;6875
2603405;2017;storage;;Número de estabelecimentos agropecuários com veículos;30.0;;6875
2603454;2017;storage;;Número de estabelecimentos agropecuários com veículos;2.0;;6875
2603504;2017;storage;;Número de estabelecimentos agropecuários com veículos;11.0;;6875
2603603;2017;storage;;Número de estabelecimentos agropecuários com veículos;9.0;;6875
2603702;2017;storage;;Número de estabelecimentos agropecuários com veículos;61.0;;6875
2603801;2017;storage;;Número de estabelecimentos agropecuários com veículos;417.0;;6875
2603900;2017;storage;;Número de estabelecimentos agropecuários com veículos;185.0;;6875
2603926;2017;storage;;Número de estabelecimentos agropecuários com veículos;194.0;;6875
2604007;2017;storage;;Número de estabelecimentos agropecuários com veículos;10.0;;6875
2604106;2017;storage;;Número de estabelecimentos agropecuários com veículos;271.0;;6875
2604155;2017;storage;;Número de estabelecimentos agropecuários com veículos;24.0;;6875
2604205;2017;storage;;Número de estabelecimentos agropecuários com veículos;30.0;;6875
2604304;2017;storage;;Número de estabelecimentos agropecuários com veículos;10.0;;6875
2604403;2017;storage;;Número de estabelecimentos agropecuários com veículos;5.0;;6875
2604502;2017;storage;;Número de estabelecimentos agropecuários com veículos;200.0;;6875
2604601;2017;storage;;Número de estabelecimentos agropecuários com veículos;1.0;;6875
2604700;2017;storage;;Número de estabelecimentos agropecuários com veículos;46.0;;6875
2604809;2017;storage;;Número de estabelecimentos agropecuários com veículos;1.0;;6875
2604908;2017;storage;;Número de estabelecimentos agropecuários com veículos;177.0;;6875
2605004;2017;storage;;Número de estabelecimentos agropecuários com veículos;14.0;;6875
2605103;2017;storage;;Número de estabelecimentos agropecuários com veículos;253.0;;6875
2605152;2017;storage;;Número de estabelecimentos agropecuários com veículos;1059.0;;6875
2605202;2017;storage;;Número de estabelecimentos agropecuários com veículos;18.0;;6875
2605301;2017;storage;;Número de estabelecimentos agropecuários com veículos;306.0;;6875
2605400;2017;storage;;Número de estabelecimentos agropecuários com veículos;15.0;;6875
2605459;2017;storage;;Número de estabelecimentos agropecuários com veículos;1.0;;6875
2605509;2017;storage;;Número de estabelecimentos agropecuários com veículos;6.0;;6875
2605608;2017;storage;;Número de estabelecimentos agropecuários com veículos;254.0;;6875
2605707;2017;storage;;Número de estabelecimentos agropecuários com veículos;301.0;;6875
2605806;2017;storage;;Número de estabelecimentos agropecuários com veículos;53.0;;6875
2605905;2017;storage;;Número de estabelecimentos agropecuários com veículos;72.0;;6875
2606002;2017;storage;;Número de estabelecimentos agropecuários com veículos;90.0;;6875
2606101;2017;storage;;Número de estabelecimentos agropecuários com veículos;143.0;;6875
2606200;2017;storage;;Número de estabelecimentos agropecuários com veículos;11.0;;6875
2606309;2017;storage;;Número de estabelecimentos agropecuários com veículos;163.0;;6875
2606408;2017;storage;;Número de estabelecimentos agropecuários com veículos;197.0;;6875
2606507;2017;storage;;Número de estabelecimentos agropecuários com veículos;281.0;;6875
2606606;2017;storage;;Número de estabelecimentos agropecuários com veículos;448.0;;6875
2606705;2017;storage;;Número de estabelecimentos agropecuários com veículos;204.0;;6875
2606804;2017;storage;;Número de estabelecimentos agropecuários com veículos;4.0;;6875
2606903;2017;storage;;Número de estabelecimentos agropecuários com veículos;249.0;;6875
2607000;2017;storage;;Número de estabelecimentos agropecuários com veículos;77.0;;6875
2607109;2017;storage;;Número de estabelecimentos agropecuários com veículos;54.0;;6875
2607208;2017;storage;;Número de estabelecimentos agropecuários com veículos;68.0;;6875
2607307;2017;storage;;Número de estabelecimentos agropecuários com veículos;656.0;;6875
2607406;2017;storage;;Número de estabelecimentos agropecuários com veículos;4.0;;6875
2607505;2017;storage;;Número de estabelecimentos agropecuários com veículos;668.0;;6875
2607653;2017;storage;;Número de estabelecimentos agropecuários com veículos;121.0;;6875
2607703;2017;storage;;Número de estabelecimentos agropecuários com veículos;252.0;;6875
2607752;2017;storage;;Número de estabelecimentos agropecuários com veículos;1.0;;6875
2607802;2017;storage;;Número de estabelecimentos agropecuários com veículos;185.0;;6875
2607901;2017;storage;;Número de estabelecimentos agropecuários com veículos;55.0;;6875
2607950;2017;storage;;Número de estabelecimentos agropecuários com veículos;2.0;;6875
2608008;2017;storage;;Número de estabelecimentos agropecuários com veículos;3.0;;6875
2608057;2017;storage;;Número de estabelecimentos agropecuários com veículos;13.0;;6875
2608107;2017;storage;;Número de estabelecimentos agropecuários com veículos;106.0;;6875
2608206;2017;storage;;Número de estabelecimentos agropecuários com veículos;2.0;;6875
2608255;2017;storage;;Número de estabelecimentos agropecuários com veículos;175.0;;6875
2608305;2017;storage;;Número de estabelecimentos agropecuários com veículos;293.0;;6875
2608404;2017;storage;;Número de estabelecimentos agropecuários com veículos;408.0;;6875
2608453;2017;storage;;Número de estabelecimentos agropecuários com veículos;6.0;;6875
2608503;2017;storage;;Número de estabelecimentos agropecuários com veículos;88.0;;6875
2608602;2017;storage;;Número de estabelecimentos agropecuários com veículos;191.0;;6875
2608701;2017;storage;;Número de estabelecimentos agropecuários com veículos;288.0;;6875
2608750;2017;storage;;Número de estabelecimentos agropecuários com veículos;722.0;;6875
2608800;2017;storage;;Número de estabelecimentos agropecuários com veículos;86.0;;6875
2608909;2017;storage;;Número de estabelecimentos agropecuários com veículos;59.0;;6875
2609006;2017;storage;;Número de estabelecimentos agropecuários com veículos;44.0;;6875
2609105;2017;storage;;Número de estabelecimentos agropecuários com veículos;3.0;;6875
2609154;2017;storage;;Número de estabelecimentos agropecuários com veículos;576.0;;6875
2609204;2017;storage;;Número de estabelecimentos agropecuários com veículos;4.0;;6875
2609303;2017;storage;;Número de estabelecimentos agropecuários com veículos;32.0;;6875
2609402;2017;storage;;Número de estabelecimentos agropecuários com veículos;30.0;;6875
2609501;2017;storage;;Número de estabelecimentos agropecuários com veículos;6.0;;6875
2609600;2017;storage;;Número de estabelecimentos agropecuários com veículos;1.0;;6875
2609709;2017;storage;;Número de estabelecimentos agropecuários com veículos;57.0;;6875
2609808;2017;storage;;Número de estabelecimentos agropecuários com veículos;393.0;;6875
2609907;2017;storage;;Número de estabelecimentos agropecuários com veículos;421.0;;6875
2610004;2017;storage;;Número de estabelecimentos agropecuários com veículos;7.0;;6875
2610103;2017;storage;;Número de estabelecimentos agropecuários com veículos;77.0;;6875
2610202;2017;storage;;Número de estabelecimentos agropecuários com veículos;8.0;;6875
2610301;2017;storage;;Número de estabelecimentos agropecuários com veículos;82.0;;6875
2610400;2017;storage;;Número de estabelecimentos agropecuários com veículos;658.0;;6875
2610509;2017;storage;;Número de estabelecimentos agropecuários com veículos;115.0;;6875
2610608;2017;storage;;Número de estabelecimentos agropecuários com veículos;40.0;;6875
2610707;2017;storage;;Número de estabelecimentos agropecuários com veículos;6.0;;6875
2610806;2017;storage;;Número de estabelecimentos agropecuários com veículos;174.0;;6875
2610905;2017;storage;;Número de estabelecimentos agropecuários com veículos;150.0;;6875
2611002;2017;storage;;Número de estabelecimentos agropecuários com veículos;198.0;;6875
2611101;2017;storage;;Número de estabelecimentos agropecuários com veículos;2226.0;;6875
2611200;2017;storage;;Número de estabelecimentos agropecuários com veículos;17.0;;6875
2611309;2017;storage;;Número de estabelecimentos agropecuários com veículos;122.0;;6875
2611408;2017;storage;;Número de estabelecimentos agropecuários com veículos;117.0;;6875
2611507;2017;storage;;Número de estabelecimentos agropecuários com veículos;9.0;;6875
2611533;2017;storage;;Número de estabelecimentos agropecuários com veículos;401.0;;6875
2611606;2017;storage;;Número de estabelecimentos agropecuários com veículos;23.0;;6875
2611705;2017;storage;;Número de estabelecimentos agropecuários com veículos;44.0;;6875
2611804;2017;storage;;Número de estabelecimentos agropecuários com veículos;24.0;;6875
2611903;2017;storage;;Número de estabelecimentos agropecuários com veículos;58.0;;6875
2612000;2017;storage;;Número de estabelecimentos agropecuários com veículos;36.0;;6875
2612109;2017;storage;;Número de estabelecimentos agropecuários com veículos;2.0;;6875
2612208;2017;storage;;Número de estabelecimentos agropecuários com veículos;90.0;;6875
2612307;2017;storage;;Número de estabelecimentos agropecuários com veículos;330.0;;6875
2612406;2017;storage;;Número de estabelecimentos agropecuários com veículos;22.0;;6875
2612455;2017;storage;;Número de estabelecimentos agropecuários com veículos;11.0;;6875
2612471;2017;storage;;Número de estabelecimentos agropecuários com veículos;78.0;;6875
2612505;2017;storage;;Número de estabelecimentos agropecuários com veículos;18.0;;6875
2612554;2017;storage;;Número de estabelecimentos agropecuários com veículos;966.0;;6875
2612604;2017;storage;;Número de estabelecimentos agropecuários com veículos;423.0;;6875
2612703;2017;storage;;Número de estabelecimentos agropecuários com veículos;50.0;;6875
2612802;2017;storage;;Número de estabelecimentos agropecuários com veículos;222.0;;6875
2612901;2017;storage;;Número de estabelecimentos agropecuários com veículos;4.0;;6875
2613008;2017;storage;;Número de estabelecimentos agropecuários com veículos;610.0;;6875
2613107;2017;storage;;Número de estabelecimentos agropecuários com veículos;179.0;;6875
2613206;2017;storage;;Número de estabelecimentos agropecuários com veículos;40.0;;6875
2613305;2017;storage;;Número de estabelecimentos agropecuários com veículos;44.0;;6875
2613404;2017;storage;;Número de estabelecimentos agropecuários com veículos;3.0;;6875
2613503;2017;storage;;Número de estabelecimentos agropecuários com veículos;453.0;;6875
2613602;2017;storage;;Número de estabelecimentos agropecuários com veículos;515.0;;6875
2613701;2017;storage;;Número de estabelecimentos agropecuários com veículos;36.0;;6875
2613800;2017;storage;;Número de estabelecimentos agropecuários com veículos;68.0;;6875
2613909;2017;storage;;Número de estabelecimentos agropecuários com veículos;462.0;;6875
2614006;2017;storage;;Número de estabelecimentos agropecuários com veículos;151.0;;6875
2614105;2017;storage;;Número de estabelecimentos agropecuários com veículos;660.0;;6875
2614204;2017;storage;;Número de estabelecimentos agropecuários com veículos;74.0;;6875
2614303;2017;storage;;Número de estabelecimentos agropecuários com veículos;110.0;;6875
2614402;2017;storage;;Número de estabelecimentos agropecuários com veículos;22.0;;6875
2614501;2017;storage;;Número de estabelecimentos agropecuários com veículos;28.0;;6875
2614600;2017;storage;;Número de estabelecimentos agropecuários com veículos;6.0;;6875
2614709;2017;storage;;Número de estabelecimentos agropecuários com veículos;28.0;;6875
2614808;2017;storage;;Número de estabelecimentos agropecuários com veículos;474.0;;6875
2614857;2017;storage;;Número de estabelecimentos agropecuários com veículos;15.0;;6875
2615003;2017;storage;;Número de estabelecimentos agropecuários com veículos;56.0;;6875
2615102;2017;storage;;Número de estabelecimentos agropecuários com veículos;121.0;;6875
2615201;2017;storage;;Número de estabelecimentos agropecuários com veículos;15.0;;6875
2615300;2017;storage;;Número de estabelecimentos agropecuários com veículos;62.0;;6875
2615508;2017;storage;;Número de estabelecimentos agropecuários com veículos;3.0;;6875
2615607;2017;storage;;Número de estabelecimentos agropecuários com veículos;373.0;;6875
2615706;2017;storage;;Número de estabelecimentos agropecuários com veículos;174.0;;6875
2615805;2017;storage;;Número de estabelecimentos agropecuários com veículos;272.0;;6875
2615904;2017;storage;;Número de estabelecimentos agropecuários com veículos;182.0;;6875
2616001;2017;storage;;Número de estabelecimentos agropecuários com veículos;210.0;;6875
2616100;2017;storage;;Número de estabelecimentos agropecuários com veículos;28.0;;6875
2616183;2017;storage;;Número de estabelecimentos agropecuários com veículos;13.0;;6875
2616209;2017;storage;;Número de estabelecimentos agropecuários com veículos;118.0;;6875
2616308;2017;storage;;Número de estabelecimentos agropecuários com veículos;50.0;;6875
2616407;2017;storage;;Número de estabelecimentos agropecuários com veículos;188.0;;6875
2616506;2017;storage;;Número de estabelecimentos agropecuários com veículos;25.0;;6875
2200053;2017;storage;;Número de estabelecimentos agropecuários com veículos;1040.0;;6875
2200103;2017;storage;;Número de estabelecimentos agropecuários com veículos;208.0;;6875
2200202;2017;storage;;Número de estabelecimentos agropecuários com veículos;118.0;;6875
2200251;2017;storage;;Número de estabelecimentos agropecuários com veículos;496.0;;6875
2200277;2017;storage;;Número de estabelecimentos agropecuários com veículos;94.0;;6875
2200301;2017;storage;;Número de estabelecimentos agropecuários com veículos;352.0;;6875
2200400;2017;storage;;Número de estabelecimentos agropecuários com veículos;59.0;;6875
2200459;2017;storage;;Número de estabelecimentos agropecuários com veículos;13.0;;6875
2200509;2017;storage;;Número de estabelecimentos agropecuários com veículos;79.0;;6875
2200608;2017;storage;;Número de estabelecimentos agropecuários com veículos;4.0;;6875
2200707;2017;storage;;Número de estabelecimentos agropecuários com veículos;563.0;;6875
2200806;2017;storage;;Número de estabelecimentos agropecuários com veículos;14.0;;6875
2200905;2017;storage;;Número de estabelecimentos agropecuários com veículos;8.0;;6875
2200954;2017;storage;;Número de estabelecimentos agropecuários com veículos;34.0;;6875
2201051;2017;storage;;Número de estabelecimentos agropecuários com veículos;578.0;;6875
2201101;2017;storage;;Número de estabelecimentos agropecuários com veículos;564.0;;6875
2201150;2017;storage;;Número de estabelecimentos agropecuários com veículos;433.0;;6875
2201176;2017;storage;;Número de estabelecimentos agropecuários com veículos;53.0;;6875
2201200;2017;storage;;Número de estabelecimentos agropecuários com veículos;355.0;;6875
2201309;2017;storage;;Número de estabelecimentos agropecuários com veículos;1.0;;6875
2201408;2017;storage;;Número de estabelecimentos agropecuários com veículos;22.0;;6875
2201507;2017;storage;;Número de estabelecimentos agropecuários com veículos;317.0;;6875
2201556;2017;storage;;Número de estabelecimentos agropecuários com veículos;45.0;;6875
2201572;2017;storage;;Número de estabelecimentos agropecuários com veículos;126.0;;6875
2201606;2017;storage;;Número de estabelecimentos agropecuários com veículos;47.0;;6875
2201705;2017;storage;;Número de estabelecimentos agropecuários com veículos;91.0;;6875
2201739;2017;storage;;Número de estabelecimentos agropecuários com veículos;871.0;;6875
2201770;2017;storage;;Número de estabelecimentos agropecuários com veículos;30.0;;6875
2201804;2017;storage;;Número de estabelecimentos agropecuários com veículos;64.0;;6875
2201903;2017;storage;;Número de estabelecimentos agropecuários com veículos;234.0;;6875
2201919;2017;storage;;Número de estabelecimentos agropecuários com veículos;32.0;;6875
2201929;2017;storage;;Número de estabelecimentos agropecuários com veículos;570.0;;6875
2201945;2017;storage;;Número de estabelecimentos agropecuários com veículos;116.0;;6875
2201960;2017;storage;;Número de estabelecimentos agropecuários com veículos;104.0;;6875
2201988;2017;storage;;Número de estabelecimentos agropecuários com veículos;562.0;;6875
2202000;2017;storage;;Número de estabelecimentos agropecuários com veículos;144.0;;6875
2202026;2017;storage;;Número de estabelecimentos agropecuários com veículos;315.0;;6875
2202059;2017;storage;;Número de estabelecimentos agropecuários com veículos;124.0;;6875
2202075;2017;storage;;Número de estabelecimentos agropecuários com veículos;9.0;;6875
2202083;2017;storage;;Número de estabelecimentos agropecuários com veículos;16.0;;6875
2202091;2017;storage;;Número de estabelecimentos agropecuários com veículos;677.0;;6875
2202109;2017;storage;;Número de estabelecimentos agropecuários com veículos;400.0;;6875
2202117;2017;storage;;Número de estabelecimentos agropecuários com veículos;115.0;;6875
2202133;2017;storage;;Número de estabelecimentos agropecuários com veículos;252.0;;6875
2202174;2017;storage;;Número de estabelecimentos agropecuários com veículos;28.0;;6875
2202208;2017;storage;;Número de estabelecimentos agropecuários com veículos;304.0;;6875
2202251;2017;storage;;Número de estabelecimentos agropecuários com veículos;85.0;;6875
2202307;2017;storage;;Número de estabelecimentos agropecuários com veículos;756.0;;6875
2202406;2017;storage;;Número de estabelecimentos agropecuários com veículos;254.0;;6875
2202455;2017;storage;;Número de estabelecimentos agropecuários com veículos;140.0;;6875
2202505;2017;storage;;Número de estabelecimentos agropecuários com veículos;583.0;;6875
2202539;2017;storage;;Número de estabelecimentos agropecuários com veículos;119.0;;6875
2202554;2017;storage;;Número de estabelecimentos agropecuários com veículos;552.0;;6875
2202604;2017;storage;;Número de estabelecimentos agropecuários com veículos;912.0;;6875
2202653;2017;storage;;Número de estabelecimentos agropecuários com veículos;264.0;;6875
2202703;2017;storage;;Número de estabelecimentos agropecuários com veículos;721.0;;6875
2202711;2017;storage;;Número de estabelecimentos agropecuários com veículos;28.0;;6875
2202729;2017;storage;;Número de estabelecimentos agropecuários com veículos;1.0;;6875
2202737;2017;storage;;Número de estabelecimentos agropecuários com veículos;44.0;;6875
2202752;2017;storage;;Número de estabelecimentos agropecuários com veículos;128.0;;6875
2202778;2017;storage;;Número de estabelecimentos agropecuários com veículos;90.0;;6875
2202802;2017;storage;;Número de estabelecimentos agropecuários com veículos;21.0;;6875
2202851;2017;storage;;Número de estabelecimentos agropecuários com veículos;108.0;;6875
2202901;2017;storage;;Número de estabelecimentos agropecuários com veículos;523.0;;6875
2203008;2017;storage;;Número de estabelecimentos agropecuários com veículos;154.0;;6875
2203107;2017;storage;;Número de estabelecimentos agropecuários com veículos;118.0;;6875
2203206;2017;storage;;Número de estabelecimentos agropecuários com veículos;477.0;;6875
2203230;2017;storage;;Número de estabelecimentos agropecuários com veículos;397.0;;6875
2203255;2017;storage;;Número de estabelecimentos agropecuários com veículos;1.0;;6875
2203271;2017;storage;;Número de estabelecimentos agropecuários com veículos;344.0;;6875
2203305;2017;storage;;Número de estabelecimentos agropecuários com veículos;104.0;;6875
2203354;2017;storage;;Número de estabelecimentos agropecuários com veículos;268.0;;6875
2203404;2017;storage;;Número de estabelecimentos agropecuários com veículos;60.0;;6875
2203420;2017;storage;;Número de estabelecimentos agropecuários com veículos;227.0;;6875
2203453;2017;storage;;Número de estabelecimentos agropecuários com veículos;894.0;;6875
2203503;2017;storage;;Número de estabelecimentos agropecuários com veículos;169.0;;6875
2203602;2017;storage;;Número de estabelecimentos agropecuários com veículos;194.0;;6875
2203701;2017;storage;;Número de estabelecimentos agropecuários com veículos;580.0;;6875
2203750;2017;storage;;Número de estabelecimentos agropecuários com veículos;297.0;;6875
2203800;2017;storage;;Número de estabelecimentos agropecuários com veículos;236.0;;6875
2203859;2017;storage;;Número de estabelecimentos agropecuários com veículos;89.0;;6875
2203909;2017;storage;;Número de estabelecimentos agropecuários com veículos;179.0;;6875
2204006;2017;storage;;Número de estabelecimentos agropecuários com veículos;7.0;;6875
2204105;2017;storage;;Número de estabelecimentos agropecuários com veículos;74.0;;6875
2204154;2017;storage;;Número de estabelecimentos agropecuários com veículos;4.0;;6875
2204204;2017;storage;;Número de estabelecimentos agropecuários com veículos;535.0;;6875
2204303;2017;storage;;Número de estabelecimentos agropecuários com veículos;442.0;;6875
2204352;2017;storage;;Número de estabelecimentos agropecuários com veículos;131.0;;6875
2204402;2017;storage;;Número de estabelecimentos agropecuários com veículos;419.0;;6875
2204501;2017;storage;;Número de estabelecimentos agropecuários com veículos;147.0;;6875
2204550;2017;storage;;Número de estabelecimentos agropecuários com veículos;261.0;;6875
2204600;2017;storage;;Número de estabelecimentos agropecuários com veículos;14.0;;6875
2204659;2017;storage;;Número de estabelecimentos agropecuários com veículos;5.0;;6875
2204709;2017;storage;;Número de estabelecimentos agropecuários com veículos;476.0;;6875
2204808;2017;storage;;Número de estabelecimentos agropecuários com veículos;162.0;;6875
2204907;2017;storage;;Número de estabelecimentos agropecuários com veículos;8.0;;6875
2205003;2017;storage;;Número de estabelecimentos agropecuários com veículos;331.0;;6875
2205102;2017;storage;;Número de estabelecimentos agropecuários com veículos;874.0;;6875
2205151;2017;storage;;Número de estabelecimentos agropecuários com veículos;290.0;;6875
2205201;2017;storage;;Número de estabelecimentos agropecuários com veículos;252.0;;6875
2205250;2017;storage;;Número de estabelecimentos agropecuários com veículos;1.0;;6875
2205276;2017;storage;;Número de estabelecimentos agropecuários com veículos;228.0;;6875
2205300;2017;storage;;Número de estabelecimentos agropecuários com veículos;4.0;;6875
2205359;2017;storage;;Número de estabelecimentos agropecuários com veículos;14.0;;6875
2205409;2017;storage;;Número de estabelecimentos agropecuários com veículos;8.0;;6875
2205458;2017;storage;;Número de estabelecimentos agropecuários com veículos;194.0;;6875
2205508;2017;storage;;Número de estabelecimentos agropecuários com veículos;728.0;;6875
2205516;2017;storage;;Número de estabelecimentos agropecuários com veículos;459.0;;6875
2205524;2017;storage;;Número de estabelecimentos agropecuários com veículos;487.0;;6875
2205532;2017;storage;;Número de estabelecimentos agropecuários com veículos;508.0;;6875
2205540;2017;storage;;Número de estabelecimentos agropecuários com veículos;7.0;;6875
2205557;2017;storage;;Número de estabelecimentos agropecuários com veículos;3.0;;6875
2205565;2017;storage;;Número de estabelecimentos agropecuários com veículos;213.0;;6875
2205573;2017;storage;;Número de estabelecimentos agropecuários com veículos;335.0;;6875
2205581;2017;storage;;Número de estabelecimentos agropecuários com veículos;61.0;;6875
2205599;2017;storage;;Número de estabelecimentos agropecuários com veículos;230.0;;6875
2205607;2017;storage;;Número de estabelecimentos agropecuários com veículos;156.0;;6875
2205706;2017;storage;;Número de estabelecimentos agropecuários com veículos;1120.0;;6875
2205805;2017;storage;;Número de estabelecimentos agropecuários com veículos;487.0;;6875
2205854;2017;storage;;Número de estabelecimentos agropecuários com veículos;44.0;;6875
2205904;2017;storage;;Número de estabelecimentos agropecuários com veículos;179.0;;6875
2205953;2017;storage;;Número de estabelecimentos agropecuários com veículos;270.0;;6875
2206001;2017;storage;;Número de estabelecimentos agropecuários com veículos;182.0;;6875
2206050;2017;storage;;Número de estabelecimentos agropecuários com veículos;229.0;;6875
2206100;2017;storage;;Número de estabelecimentos agropecuários com veículos;154.0;;6875
2206209;2017;storage;;Número de estabelecimentos agropecuários com veículos;482.0;;6875
2206357;2017;storage;;Número de estabelecimentos agropecuários com veículos;323.0;;6875
2206407;2017;storage;;Número de estabelecimentos agropecuários com veículos;51.0;;6875
2206506;2017;storage;;Número de estabelecimentos agropecuários com veículos;636.0;;6875
2206605;2017;storage;;Número de estabelecimentos agropecuários com veículos;164.0;;6875
2206654;2017;storage;;Número de estabelecimentos agropecuários com veículos;265.0;;6875
2206670;2017;storage;;Número de estabelecimentos agropecuários com veículos;237.0;;6875
2206696;2017;storage;;Número de estabelecimentos agropecuários com veículos;734.0;;6875
2206704;2017;storage;;Número de estabelecimentos agropecuários com veículos;105.0;;6875
2206720;2017;storage;;Número de estabelecimentos agropecuários com veículos;9.0;;6875
2206753;2017;storage;;Número de estabelecimentos agropecuários com veículos;8.0;;6875
2206803;2017;storage;;Número de estabelecimentos agropecuários com veículos;572.0;;6875
2206902;2017;storage;;Número de estabelecimentos agropecuários com veículos;286.0;;6875
2206951;2017;storage;;Número de estabelecimentos agropecuários com veículos;394.0;;6875
2207009;2017;storage;;Número de estabelecimentos agropecuários com veículos;713.0;;6875
2207108;2017;storage;;Número de estabelecimentos agropecuários com veículos;3.0;;6875
2207207;2017;storage;;Número de estabelecimentos agropecuários com veículos;208.0;;6875
2207306;2017;storage;;Número de estabelecimentos agropecuários com veículos;103.0;;6875
2207355;2017;storage;;Número de estabelecimentos agropecuários com veículos;295.0;;6875
2207405;2017;storage;;Número de estabelecimentos agropecuários com veículos;103.0;;6875
2207504;2017;storage;;Número de estabelecimentos agropecuários com veículos;191.0;;6875
2207553;2017;storage;;Número de estabelecimentos agropecuários com veículos;56.0;;6875
2207603;2017;storage;;Número de estabelecimentos agropecuários com veículos;406.0;;6875
2207702;2017;storage;;Número de estabelecimentos agropecuários com veículos;42.0;;6875
2207751;2017;storage;;Número de estabelecimentos agropecuários com veículos;29.0;;6875
2207777;2017;storage;;Número de estabelecimentos agropecuários com veículos;360.0;;6875
2207801;2017;storage;;Número de estabelecimentos agropecuários com veículos;754.0;;6875
2207850;2017;storage;;Número de estabelecimentos agropecuários com veículos;261.0;;6875
2207900;2017;storage;;Número de estabelecimentos agropecuários com veículos;921.0;;6875
2207934;2017;storage;;Número de estabelecimentos agropecuários com veículos;119.0;;6875
2207959;2017;storage;;Número de estabelecimentos agropecuários com veículos;305.0;;6875
2208007;2017;storage;;Número de estabelecimentos agropecuários com veículos;717.0;;6875
2208106;2017;storage;;Número de estabelecimentos agropecuários com veículos;927.0;;6875
2208205;2017;storage;;Número de estabelecimentos agropecuários com veículos;1453.0;;6875
2208304;2017;storage;;Número de estabelecimentos agropecuários com veículos;757.0;;6875
2208403;2017;storage;;Número de estabelecimentos agropecuários com veículos;757.0;;6875
2208502;2017;storage;;Número de estabelecimentos agropecuários com veículos;343.0;;6875
2208551;2017;storage;;Número de estabelecimentos agropecuários com veículos;89.0;;6875
2208650;2017;storage;;Número de estabelecimentos agropecuários com veículos;571.0;;6875
2208700;2017;storage;;Número de estabelecimentos agropecuários com veículos;10.0;;6875
2208809;2017;storage;;Número de estabelecimentos agropecuários com veículos;11.0;;6875
2208858;2017;storage;;Número de estabelecimentos agropecuários com veículos;182.0;;6875
2208874;2017;storage;;Número de estabelecimentos agropecuários com veículos;3.0;;6875
2208908;2017;storage;;Número de estabelecimentos agropecuários com veículos;32.0;;6875
2209005;2017;storage;;Número de estabelecimentos agropecuários com veículos;664.0;;6875
2209104;2017;storage;;Número de estabelecimentos agropecuários com veículos;233.0;;6875
2209153;2017;storage;;Número de estabelecimentos agropecuários com veículos;2.0;;6875
2209203;2017;storage;;Número de estabelecimentos agropecuários com veículos;187.0;;6875
2209302;2017;storage;;Número de estabelecimentos agropecuários com veículos;337.0;;6875
2209351;2017;storage;;Número de estabelecimentos agropecuários com veículos;141.0;;6875
2209377;2017;storage;;Número de estabelecimentos agropecuários com veículos;79.0;;6875
2209401;2017;storage;;Número de estabelecimentos agropecuários com veículos;229.0;;6875
2209450;2017;storage;;Número de estabelecimentos agropecuários com veículos;76.0;;6875
2209500;2017;storage;;Número de estabelecimentos agropecuários com veículos;157.0;;6875
2209559;2017;storage;;Número de estabelecimentos agropecuários com veículos;546.0;;6875
2209658;2017;storage;;Número de estabelecimentos agropecuários com veículos;304.0;;6875
2209708;2017;storage;;Número de estabelecimentos agropecuários com veículos;158.0;;6875
2209757;2017;storage;;Número de estabelecimentos agropecuários com veículos;29.0;;6875
2209807;2017;storage;;Número de estabelecimentos agropecuários com veículos;141.0;;6875
2209856;2017;storage;;Número de estabelecimentos agropecuários com veículos;14.0;;6875
2209872;2017;storage;;Número de estabelecimentos agropecuários com veículos;6.0;;6875
2209906;2017;storage;;Número de estabelecimentos agropecuários com veículos;553.0;;6875
2209955;2017;storage;;Número de estabelecimentos agropecuários com veículos;54.0;;6875
2209971;2017;storage;;Número de estabelecimentos agropecuários com veículos;333.0;;6875
2210003;2017;storage;;Número de estabelecimentos agropecuários com veículos;62.0;;6875
2210052;2017;storage;;Número de estabelecimentos agropecuários com veículos;92.0;;6875
2210102;2017;storage;;Número de estabelecimentos agropecuários com veículos;4.0;;6875
2210201;2017;storage;;Número de estabelecimentos agropecuários com veículos;1072.0;;6875
2210300;2017;storage;;Número de estabelecimentos agropecuários com veículos;320.0;;6875
2210359;2017;storage;;Número de estabelecimentos agropecuários com veículos;14.0;;6875
2210383;2017;storage;;Número de estabelecimentos agropecuários com veículos;2.0;;6875
2210391;2017;storage;;Número de estabelecimentos agropecuários com veículos;1.0;;6875
2210409;2017;storage;;Número de estabelecimentos agropecuários com veículos;720.0;;6875
2210508;2017;storage;;Número de estabelecimentos agropecuários com veículos;314.0;;6875
2210607;2017;storage;;Número de estabelecimentos agropecuários com veículos;934.0;;6875
2210623;2017;storage;;Número de estabelecimentos agropecuários com veículos;288.0;;6875
2210631;2017;storage;;Número de estabelecimentos agropecuários com veículos;14.0;;6875
2210656;2017;storage;;Número de estabelecimentos agropecuários com veículos;1140.0;;6875
2210706;2017;storage;;Número de estabelecimentos agropecuários com veículos;725.0;;6875
2210805;2017;storage;;Número de estabelecimentos agropecuários com veículos;448.0;;6875
2210904;2017;storage;;Número de estabelecimentos agropecuários com veículos;79.0;;6875
2210938;2017;storage;;Número de estabelecimentos agropecuários com veículos;98.0;;6875
2210953;2017;storage;;Número de estabelecimentos agropecuários com veículos;425.0;;6875
2210979;2017;storage;;Número de estabelecimentos agropecuários com veículos;314.0;;6875
2211001;2017;storage;;Número de estabelecimentos agropecuários com veículos;280.0;;6875
2211100;2017;storage;;Número de estabelecimentos agropecuários com veículos;257.0;;6875
2211209;2017;storage;;Número de estabelecimentos agropecuários com veículos;281.0;;6875
2211308;2017;storage;;Número de estabelecimentos agropecuários com veículos;63.0;;6875
2211357;2017;storage;;Número de estabelecimentos agropecuários com veículos;700.0;;6875
2211407;2017;storage;;Número de estabelecimentos agropecuários com veículos;243.0;;6875
2211506;2017;storage;;Número de estabelecimentos agropecuários com veículos;192.0;;6875
2211605;2017;storage;;Número de estabelecimentos agropecuários com veículos;53.0;;6875
2211704;2017;storage;;Número de estabelecimentos agropecuários com veículos;86.0;;6875
4100103;2017;storage;;Número de estabelecimentos agropecuários com veículos;259.0;;6875
4100202;2017;storage;;Número de estabelecimentos agropecuários com veículos;69.0;;6875
4100301;2017;storage;;Número de estabelecimentos agropecuários com veículos;205.0;;6875
4100400;2017;storage;;Número de estabelecimentos agropecuários com veículos;87.0;;6875
4100459;2017;storage;;Número de estabelecimentos agropecuários com veículos;245.0;;6875
4100509;2017;storage;;Número de estabelecimentos agropecuários com veículos;270.0;;6875
4100608;2017;storage;;Número de estabelecimentos agropecuários com veículos;233.0;;6875
4100707;2017;storage;;Número de estabelecimentos agropecuários com veículos;236.0;;6875
4100806;2017;storage;;Número de estabelecimentos agropecuários com veículos;206.0;;6875
4100905;2017;storage;;Número de estabelecimentos agropecuários com veículos;23.0;;6875
4101002;2017;storage;;Número de estabelecimentos agropecuários com veículos;472.0;;6875
4101051;2017;storage;;Número de estabelecimentos agropecuários com veículos;144.0;;6875
4101101;2017;storage;;Número de estabelecimentos agropecuários com veículos;134.0;;6875
4101150;2017;storage;;Número de estabelecimentos agropecuários com veículos;41.0;;6875
4101200;2017;storage;;Número de estabelecimentos agropecuários com veículos;80.0;;6875
4101309;2017;storage;;Número de estabelecimentos agropecuários com veículos;501.0;;6875
4101408;2017;storage;;Número de estabelecimentos agropecuários com veículos;627.0;;6875
4101507;2017;storage;;Número de estabelecimentos agropecuários com veículos;390.0;;6875
4101606;2017;storage;;Número de estabelecimentos agropecuários com veículos;206.0;;6875
4101655;2017;storage;;Número de estabelecimentos agropecuários com veículos;216.0;;6875
4101705;2017;storage;;Número de estabelecimentos agropecuários com veículos;415.0;;6875
4101804;2017;storage;;Número de estabelecimentos agropecuários com veículos;585.0;;6875
4101853;2017;storage;;Número de estabelecimentos agropecuários com veículos;160.0;;6875
4101903;2017;storage;;Número de estabelecimentos agropecuários com veículos;370.0;;6875
4102000;2017;storage;;Número de estabelecimentos agropecuários com veículos;1005.0;;6875
4102109;2017;storage;;Número de estabelecimentos agropecuários com veículos;279.0;;6875
4102208;2017;storage;;Número de estabelecimentos agropecuários com veículos;77.0;;6875
4102307;2017;storage;;Número de estabelecimentos agropecuários com veículos;153.0;;6875
4102406;2017;storage;;Número de estabelecimentos agropecuários com veículos;277.0;;6875
4102505;2017;storage;;Número de estabelecimentos agropecuários com veículos;354.0;;6875
4102604;2017;storage;;Número de estabelecimentos agropecuários com veículos;110.0;;6875
4102703;2017;storage;;Número de estabelecimentos agropecuários com veículos;111.0;;6875
4102752;2017;storage;;Número de estabelecimentos agropecuários com veículos;341.0;;6875
4102802;2017;storage;;Número de estabelecimentos agropecuários com veículos;192.0;;6875
4102901;2017;storage;;Número de estabelecimentos agropecuários com veículos;699.0;;6875
4103008;2017;storage;;Número de estabelecimentos agropecuários com veículos;214.0;;6875
4103024;2017;storage;;Número de estabelecimentos agropecuários com veículos;188.0;;6875
4103040;2017;storage;;Número de estabelecimentos agropecuários com veículos;612.0;;6875
4103057;2017;storage;;Número de estabelecimentos agropecuários com veículos;150.0;;6875
4103107;2017;storage;;Número de estabelecimentos agropecuários com veículos;136.0;;6875
4103156;2017;storage;;Número de estabelecimentos agropecuários com veículos;123.0;;6875
4103206;2017;storage;;Número de estabelecimentos agropecuários com veículos;130.0;;6875
4103222;2017;storage;;Número de estabelecimentos agropecuários com veículos;190.0;;6875
4103305;2017;storage;;Número de estabelecimentos agropecuários com veículos;277.0;;6875
4103354;2017;storage;;Número de estabelecimentos agropecuários com veículos;264.0;;6875
4103370;2017;storage;;Número de estabelecimentos agropecuários com veículos;91.0;;6875
4103404;2017;storage;;Número de estabelecimentos agropecuários com veículos;87.0;;6875
4103453;2017;storage;;Número de estabelecimentos agropecuários com veículos;234.0;;6875
4103479;2017;storage;;Número de estabelecimentos agropecuários com veículos;66.0;;6875
4103503;2017;storage;;Número de estabelecimentos agropecuários com veículos;194.0;;6875
4103602;2017;storage;;Número de estabelecimentos agropecuários com veículos;165.0;;6875
4103701;2017;storage;;Número de estabelecimentos agropecuários com veículos;187.0;;6875
4103800;2017;storage;;Número de estabelecimentos agropecuários com veículos;155.0;;6875
4103909;2017;storage;;Número de estabelecimentos agropecuários com veículos;380.0;;6875
4103958;2017;storage;;Número de estabelecimentos agropecuários com veículos;95.0;;6875
4104006;2017;storage;;Número de estabelecimentos agropecuários com veículos;67.0;;6875
4104055;2017;storage;;Número de estabelecimentos agropecuários com veículos;148.0;;6875
4104105;2017;storage;;Número de estabelecimentos agropecuários com veículos;83.0;;6875
4104204;2017;storage;;Número de estabelecimentos agropecuários com veículos;394.0;;6875
4104253;2017;storage;;Número de estabelecimentos agropecuários com veículos;271.0;;6875
4104303;2017;storage;;Número de estabelecimentos agropecuários com veículos;351.0;;6875
4104402;2017;storage;;Número de estabelecimentos agropecuários com veículos;890.0;;6875
4104428;2017;storage;;Número de estabelecimentos agropecuários com veículos;408.0;;6875
4104451;2017;storage;;Número de estabelecimentos agropecuários com veículos;283.0;;6875
4104501;2017;storage;;Número de estabelecimentos agropecuários com veículos;590.0;;6875
4104600;2017;storage;;Número de estabelecimentos agropecuários com veículos;330.0;;6875
4104659;2017;storage;;Número de estabelecimentos agropecuários com veículos;155.0;;6875
4104709;2017;storage;;Número de estabelecimentos agropecuários com veículos;275.0;;6875
4104808;2017;storage;;Número de estabelecimentos agropecuários com veículos;1530.0;;6875
4104907;2017;storage;;Número de estabelecimentos agropecuários com veículos;767.0;;6875
4105003;2017;storage;;Número de estabelecimentos agropecuários com veículos;273.0;;6875
4105102;2017;storage;;Número de estabelecimentos agropecuários com veículos;146.0;;6875
4105201;2017;storage;;Número de estabelecimentos agropecuários com veículos;570.0;;6875
4105300;2017;storage;;Número de estabelecimentos agropecuários com veículos;312.0;;6875
4105409;2017;storage;;Número de estabelecimentos agropecuários com veículos;742.0;;6875
4105508;2017;storage;;Número de estabelecimentos agropecuários com veículos;639.0;;6875
4105607;2017;storage;;Número de estabelecimentos agropecuários com veículos;134.0;;6875
4105706;2017;storage;;Número de estabelecimentos agropecuários com veículos;338.0;;6875
4105805;2017;storage;;Número de estabelecimentos agropecuários com veículos;210.0;;6875
4105904;2017;storage;;Número de estabelecimentos agropecuários com veículos;196.0;;6875
4106001;2017;storage;;Número de estabelecimentos agropecuários com veículos;138.0;;6875
4106100;2017;storage;;Número de estabelecimentos agropecuários com veículos;40.0;;6875
4106209;2017;storage;;Número de estabelecimentos agropecuários com veículos;516.0;;6875
4106308;2017;storage;;Número de estabelecimentos agropecuários com veículos;277.0;;6875
4106407;2017;storage;;Número de estabelecimentos agropecuários com veículos;240.0;;6875
4106456;2017;storage;;Número de estabelecimentos agropecuários com veículos;349.0;;6875
4106506;2017;storage;;Número de estabelecimentos agropecuários com veículos;737.0;;6875
4106555;2017;storage;;Número de estabelecimentos agropecuários com veículos;162.0;;6875
4106571;2017;storage;;Número de estabelecimentos agropecuários com veículos;124.0;;6875
4106605;2017;storage;;Número de estabelecimentos agropecuários com veículos;125.0;;6875
4106704;2017;storage;;Número de estabelecimentos agropecuários com veículos;127.0;;6875
4106803;2017;storage;;Número de estabelecimentos agropecuários com veículos;1387.0;;6875
4106852;2017;storage;;Número de estabelecimentos agropecuários com veículos;89.0;;6875
4106902;2017;storage;;Número de estabelecimentos agropecuários com veículos;58.0;;6875
4107009;2017;storage;;Número de estabelecimentos agropecuários com veículos;90.0;;6875
4107108;2017;storage;;Número de estabelecimentos agropecuários com veículos;57.0;;6875
4107124;2017;storage;;Número de estabelecimentos agropecuários com veículos;261.0;;6875
4107157;2017;storage;;Número de estabelecimentos agropecuários com veículos;155.0;;6875
4107207;2017;storage;;Número de estabelecimentos agropecuários com veículos;580.0;;6875
4107256;2017;storage;;Número de estabelecimentos agropecuários com veículos;35.0;;6875
4107306;2017;storage;;Número de estabelecimentos agropecuários com veículos;139.0;;6875
4107405;2017;storage;;Número de estabelecimentos agropecuários com veículos;322.0;;6875
4107504;2017;storage;;Número de estabelecimentos agropecuários com veículos;270.0;;6875
4107520;2017;storage;;Número de estabelecimentos agropecuários com veículos;64.0;;6875
4107538;2017;storage;;Número de estabelecimentos agropecuários com veículos;168.0;;6875
4107546;2017;storage;;Número de estabelecimentos agropecuários com veículos;142.0;;6875
4107553;2017;storage;;Número de estabelecimentos agropecuários com veículos;178.0;;6875
4107603;2017;storage;;Número de estabelecimentos agropecuários com veículos;246.0;;6875
4107652;2017;storage;;Número de estabelecimentos agropecuários com veículos;36.0;;6875
4107702;2017;storage;;Número de estabelecimentos agropecuários com veículos;126.0;;6875
4107736;2017;storage;;Número de estabelecimentos agropecuários com veículos;150.0;;6875
4107751;2017;storage;;Número de estabelecimentos agropecuários com veículos;37.0;;6875
4107801;2017;storage;;Número de estabelecimentos agropecuários com veículos;128.0;;6875
4107850;2017;storage;;Número de estabelecimentos agropecuários com veículos;322.0;;6875
4107900;2017;storage;;Número de estabelecimentos agropecuários com veículos;105.0;;6875
4108007;2017;storage;;Número de estabelecimentos agropecuários com veículos;30.0;;6875
4108106;2017;storage;;Número de estabelecimentos agropecuários com veículos;38.0;;6875
4108205;2017;storage;;Número de estabelecimentos agropecuários com veículos;430.0;;6875
4108304;2017;storage;;Número de estabelecimentos agropecuários com veículos;144.0;;6875
4108320;2017;storage;;Número de estabelecimentos agropecuários com veículos;204.0;;6875
4108403;2017;storage;;Número de estabelecimentos agropecuários com veículos;805.0;;6875
4108452;2017;storage;;Número de estabelecimentos agropecuários com veículos;83.0;;6875
4108502;2017;storage;;Número de estabelecimentos agropecuários com veículos;273.0;;6875
4108551;2017;storage;;Número de estabelecimentos agropecuários com veículos;201.0;;6875
4108601;2017;storage;;Número de estabelecimentos agropecuários com veículos;171.0;;6875
4108650;2017;storage;;Número de estabelecimentos agropecuários com veículos;246.0;;6875
4108700;2017;storage;;Número de estabelecimentos agropecuários com veículos;205.0;;6875
4108809;2017;storage;;Número de estabelecimentos agropecuários com veículos;208.0;;6875
4108908;2017;storage;;Número de estabelecimentos agropecuários com veículos;186.0;;6875
4108957;2017;storage;;Número de estabelecimentos agropecuários com veículos;339.0;;6875
4109005;2017;storage;;Número de estabelecimentos agropecuários com veículos;118.0;;6875
4109104;2017;storage;;Número de estabelecimentos agropecuários com veículos;108.0;;6875
4109203;2017;storage;;Número de estabelecimentos agropecuários com veículos;23.0;;6875
4109302;2017;storage;;Número de estabelecimentos agropecuários com veículos;635.0;;6875
4109401;2017;storage;;Número de estabelecimentos agropecuários com veículos;628.0;;6875
4109500;2017;storage;;Número de estabelecimentos agropecuários com veículos;217.0;;6875
4109609;2017;storage;;Número de estabelecimentos agropecuários com veículos;102.0;;6875
4109658;2017;storage;;Número de estabelecimentos agropecuários com veículos;237.0;;6875
4109708;2017;storage;;Número de estabelecimentos agropecuários com veículos;269.0;;6875
4109757;2017;storage;;Número de estabelecimentos agropecuários com veículos;110.0;;6875
4109807;2017;storage;;Número de estabelecimentos agropecuários com veículos;268.0;;6875
4109906;2017;storage;;Número de estabelecimentos agropecuários com veículos;169.0;;6875
4110003;2017;storage;;Número de estabelecimentos agropecuários com veículos;43.0;;6875
4110052;2017;storage;;Número de estabelecimentos agropecuários com veículos;121.0;;6875
4110078;2017;storage;;Número de estabelecimentos agropecuários com veículos;137.0;;6875
4110102;2017;storage;;Número de estabelecimentos agropecuários com veículos;561.0;;6875
4110201;2017;storage;;Número de estabelecimentos agropecuários com veículos;211.0;;6875
4110300;2017;storage;;Número de estabelecimentos agropecuários com veículos;22.0;;6875
4110409;2017;storage;;Número de estabelecimentos agropecuários com veículos;150.0;;6875
4110508;2017;storage;;Número de estabelecimentos agropecuários com veículos;443.0;;6875
4110607;2017;storage;;Número de estabelecimentos agropecuários com veículos;121.0;;6875
4110656;2017;storage;;Número de estabelecimentos agropecuários com veículos;104.0;;6875
4110706;2017;storage;;Número de estabelecimentos agropecuários com veículos;1163.0;;6875
4110805;2017;storage;;Número de estabelecimentos agropecuários com veículos;282.0;;6875
4110904;2017;storage;;Número de estabelecimentos agropecuários com veículos;113.0;;6875
4110953;2017;storage;;Número de estabelecimentos agropecuários com veículos;173.0;;6875
4111001;2017;storage;;Número de estabelecimentos agropecuários com veículos;86.0;;6875
4111100;2017;storage;;Número de estabelecimentos agropecuários com veículos;164.0;;6875
4111209;2017;storage;;Número de estabelecimentos agropecuários com veículos;366.0;;6875
4111258;2017;storage;;Número de estabelecimentos agropecuários com veículos;61.0;;6875
4111308;2017;storage;;Número de estabelecimentos agropecuários com veículos;28.0;;6875
4111407;2017;storage;;Número de estabelecimentos agropecuários com veículos;782.0;;6875
4111506;2017;storage;;Número de estabelecimentos agropecuários com veículos;610.0;;6875
4111555;2017;storage;;Número de estabelecimentos agropecuários com veículos;21.0;;6875
4111605;2017;storage;;Número de estabelecimentos agropecuários com veículos;55.0;;6875
4111704;2017;storage;;Número de estabelecimentos agropecuários com veículos;103.0;;6875
4111803;2017;storage;;Número de estabelecimentos agropecuários com veículos;117.0;;6875
4111902;2017;storage;;Número de estabelecimentos agropecuários com veículos;134.0;;6875
4112009;2017;storage;;Número de estabelecimentos agropecuários com veículos;269.0;;6875
4112108;2017;storage;;Número de estabelecimentos agropecuários com veículos;119.0;;6875
4112207;2017;storage;;Número de estabelecimentos agropecuários com veículos;185.0;;6875
4112306;2017;storage;;Número de estabelecimentos agropecuários com veículos;166.0;;6875
4112405;2017;storage;;Número de estabelecimentos agropecuários com veículos;287.0;;6875
4112504;2017;storage;;Número de estabelecimentos agropecuários com veículos;483.0;;6875
4112603;2017;storage;;Número de estabelecimentos agropecuários com veículos;42.0;;6875
4112702;2017;storage;;Número de estabelecimentos agropecuários com veículos;100.0;;6875
4112751;2017;storage;;Número de estabelecimentos agropecuários com veículos;307.0;;6875
4112801;2017;storage;;Número de estabelecimentos agropecuários com veículos;106.0;;6875
4112900;2017;storage;;Número de estabelecimentos agropecuários com veículos;46.0;;6875
4112959;2017;storage;;Número de estabelecimentos agropecuários com veículos;233.0;;6875
4113007;2017;storage;;Número de estabelecimentos agropecuários com veículos;110.0;;6875
4113106;2017;storage;;Número de estabelecimentos agropecuários com veículos;191.0;;6875
4113205;2017;storage;;Número de estabelecimentos agropecuários com veículos;971.0;;6875
4113254;2017;storage;;Número de estabelecimentos agropecuários com veículos;241.0;;6875
4113304;2017;storage;;Número de estabelecimentos agropecuários com veículos;419.0;;6875
4113403;2017;storage;;Número de estabelecimentos agropecuários com veículos;91.0;;6875
4113429;2017;storage;;Número de estabelecimentos agropecuários com veículos;102.0;;6875
4113452;2017;storage;;Número de estabelecimentos agropecuários com veículos;125.0;;6875
4113502;2017;storage;;Número de estabelecimentos agropecuários com veículos;67.0;;6875
4113601;2017;storage;;Número de estabelecimentos agropecuários com veículos;83.0;;6875
4113700;2017;storage;;Número de estabelecimentos agropecuários com veículos;997.0;;6875
4113734;2017;storage;;Número de estabelecimentos agropecuários com veículos;279.0;;6875
4113759;2017;storage;;Número de estabelecimentos agropecuários com veículos;175.0;;6875
4113809;2017;storage;;Número de estabelecimentos agropecuários com veículos;90.0;;6875
4113908;2017;storage;;Número de estabelecimentos agropecuários com veículos;566.0;;6875
4114005;2017;storage;;Número de estabelecimentos agropecuários com veículos;357.0;;6875
4114104;2017;storage;;Número de estabelecimentos agropecuários com veículos;178.0;;6875
4114203;2017;storage;;Número de estabelecimentos agropecuários com veículos;231.0;;6875
4114302;2017;storage;;Número de estabelecimentos agropecuários com veículos;230.0;;6875
4114351;2017;storage;;Número de estabelecimentos agropecuários com veículos;131.0;;6875
4114401;2017;storage;;Número de estabelecimentos agropecuários com veículos;575.0;;6875
4114500;2017;storage;;Número de estabelecimentos agropecuários com veículos;227.0;;6875
4114609;2017;storage;;Número de estabelecimentos agropecuários com veículos;1120.0;;6875
4114708;2017;storage;;Número de estabelecimentos agropecuários com veículos;171.0;;6875
4114807;2017;storage;;Número de estabelecimentos agropecuários com veículos;696.0;;6875
4114906;2017;storage;;Número de estabelecimentos agropecuários com veículos;226.0;;6875
4115002;2017;storage;;Número de estabelecimentos agropecuários com veículos;130.0;;6875
4115101;2017;storage;;Número de estabelecimentos agropecuários com veículos;192.0;;6875
4115200;2017;storage;;Número de estabelecimentos agropecuários com veículos;406.0;;6875
4115309;2017;storage;;Número de estabelecimentos agropecuários com veículos;234.0;;6875
4115358;2017;storage;;Número de estabelecimentos agropecuários com veículos;427.0;;6875
4115408;2017;storage;;Número de estabelecimentos agropecuários com veículos;459.0;;6875
4115457;2017;storage;;Número de estabelecimentos agropecuários com veículos;170.0;;6875
4115507;2017;storage;;Número de estabelecimentos agropecuários com veículos;64.0;;6875
4115606;2017;storage;;Número de estabelecimentos agropecuários com veículos;391.0;;6875
4115739;2017;storage;;Número de estabelecimentos agropecuários com veículos;161.0;;6875
4115754;2017;storage;;Número de estabelecimentos agropecuários com veículos;30.0;;6875
4115804;2017;storage;;Número de estabelecimentos agropecuários com veículos;459.0;;6875
4115853;2017;storage;;Número de estabelecimentos agropecuários com veículos;318.0;;6875
4115903;2017;storage;;Número de estabelecimentos agropecuários com veículos;93.0;;6875
4116000;2017;storage;;Número de estabelecimentos agropecuários com veículos;78.0;;6875
4116059;2017;storage;;Número de estabelecimentos agropecuários com veículos;602.0;;6875
4116109;2017;storage;;Número de estabelecimentos agropecuários com veículos;129.0;;6875
4116208;2017;storage;;Número de estabelecimentos agropecuários com veículos;136.0;;6875
4116307;2017;storage;;Número de estabelecimentos agropecuários com veículos;56.0;;6875
4116406;2017;storage;;Número de estabelecimentos agropecuários com veículos;59.0;;6875
4116505;2017;storage;;Número de estabelecimentos agropecuários com veículos;97.0;;6875
4116604;2017;storage;;Número de estabelecimentos agropecuários com veículos;45.0;;6875
4116703;2017;storage;;Número de estabelecimentos agropecuários com veículos;454.0;;6875
4116802;2017;storage;;Número de estabelecimentos agropecuários com veículos;250.0;;6875
4116901;2017;storage;;Número de estabelecimentos agropecuários com veículos;217.0;;6875
4116950;2017;storage;;Número de estabelecimentos agropecuários com veículos;297.0;;6875
4117008;2017;storage;;Número de estabelecimentos agropecuários com veículos;51.0;;6875
4117057;2017;storage;;Número de estabelecimentos agropecuários com veículos;410.0;;6875
4117107;2017;storage;;Número de estabelecimentos agropecuários com veículos;62.0;;6875
4117206;2017;storage;;Número de estabelecimentos agropecuários com veículos;155.0;;6875
4117214;2017;storage;;Número de estabelecimentos agropecuários com veículos;67.0;;6875
4117222;2017;storage;;Número de estabelecimentos agropecuários com veículos;460.0;;6875
4117255;2017;storage;;Número de estabelecimentos agropecuários com veículos;545.0;;6875
4117271;2017;storage;;Número de estabelecimentos agropecuários com veículos;426.0;;6875
4117297;2017;storage;;Número de estabelecimentos agropecuários com veículos;157.0;;6875
4117305;2017;storage;;Número de estabelecimentos agropecuários com veículos;463.0;;6875
4117404;2017;storage;;Número de estabelecimentos agropecuários com veículos;87.0;;6875
4117453;2017;storage;;Número de estabelecimentos agropecuários com veículos;302.0;;6875
4117503;2017;storage;;Número de estabelecimentos agropecuários com veículos;102.0;;6875
4117602;2017;storage;;Número de estabelecimentos agropecuários com veículos;264.0;;6875
4117701;2017;storage;;Número de estabelecimentos agropecuários com veículos;1046.0;;6875
4117800;2017;storage;;Número de estabelecimentos agropecuários com veículos;377.0;;6875
4117909;2017;storage;;Número de estabelecimentos agropecuários com veículos;573.0;;6875
4118006;2017;storage;;Número de estabelecimentos agropecuários com veículos;124.0;;6875
4118105;2017;storage;;Número de estabelecimentos agropecuários com veículos;78.0;;6875
4118204;2017;storage;;Número de estabelecimentos agropecuários com veículos;55.0;;6875
4118303;2017;storage;;Número de estabelecimentos agropecuários com veículos;12.0;;6875
4118402;2017;storage;;Número de estabelecimentos agropecuários com veículos;408.0;;6875
4118451;2017;storage;;Número de estabelecimentos agropecuários com veículos;166.0;;6875
4118501;2017;storage;;Número de estabelecimentos agropecuários com veículos;599.0;;6875
4118600;2017;storage;;Número de estabelecimentos agropecuários com veículos;243.0;;6875
4118709;2017;storage;;Número de estabelecimentos agropecuários com veículos;440.0;;6875
4118808;2017;storage;;Número de estabelecimentos agropecuários com veículos;320.0;;6875
4118857;2017;storage;;Número de estabelecimentos agropecuários com veículos;217.0;;6875
4118907;2017;storage;;Número de estabelecimentos agropecuários com veículos;108.0;;6875
4119004;2017;storage;;Número de estabelecimentos agropecuários com veículos;504.0;;6875
4119103;2017;storage;;Número de estabelecimentos agropecuários com veículos;480.0;;6875
4119152;2017;storage;;Número de estabelecimentos agropecuários com veículos;6.0;;6875
4119202;2017;storage;;Número de estabelecimentos agropecuários com veículos;188.0;;6875
4119251;2017;storage;;Número de estabelecimentos agropecuários com veículos;220.0;;6875
4119301;2017;storage;;Número de estabelecimentos agropecuários com veículos;730.0;;6875
4119400;2017;storage;;Número de estabelecimentos agropecuários com veículos;504.0;;6875
4119509;2017;storage;;Número de estabelecimentos agropecuários com veículos;51.0;;6875
4119608;2017;storage;;Número de estabelecimentos agropecuários com veículos;1013.0;;6875
4119657;2017;storage;;Número de estabelecimentos agropecuários com veículos;159.0;;6875
4119707;2017;storage;;Número de estabelecimentos agropecuários com veículos;96.0;;6875
4119806;2017;storage;;Número de estabelecimentos agropecuários com veículos;885.0;;6875
4119905;2017;storage;;Número de estabelecimentos agropecuários com veículos;521.0;;6875
4119954;2017;storage;;Número de estabelecimentos agropecuários com veículos;4.0;;6875
4120002;2017;storage;;Número de estabelecimentos agropecuários com veículos;7.0;;6875
4120101;2017;storage;;Número de estabelecimentos agropecuários com veículos;49.0;;6875
4120150;2017;storage;;Número de estabelecimentos agropecuários com veículos;210.0;;6875
4120200;2017;storage;;Número de estabelecimentos agropecuários com veículos;26.0;;6875
4120309;2017;storage;;Número de estabelecimentos agropecuários com veículos;122.0;;6875
4120333;2017;storage;;Número de estabelecimentos agropecuários com veículos;71.0;;6875
4120358;2017;storage;;Número de estabelecimentos agropecuários com veículos;215.0;;6875
4120408;2017;storage;;Número de estabelecimentos agropecuários com veículos;132.0;;6875
4120507;2017;storage;;Número de estabelecimentos agropecuários com veículos;163.0;;6875
4120606;2017;storage;;Número de estabelecimentos agropecuários com veículos;2742.0;;6875
4120655;2017;storage;;Número de estabelecimentos agropecuários com veículos;92.0;;6875
4120705;2017;storage;;Número de estabelecimentos agropecuários com veículos;109.0;;6875
4120804;2017;storage;;Número de estabelecimentos agropecuários com veículos;21.0;;6875
4120853;2017;storage;;Número de estabelecimentos agropecuários com veículos;192.0;;6875
4120903;2017;storage;;Número de estabelecimentos agropecuários com veículos;1023.0;;6875
4121000;2017;storage;;Número de estabelecimentos agropecuários com veículos;358.0;;6875
4121109;2017;storage;;Número de estabelecimentos agropecuários com veículos;137.0;;6875
4121208;2017;storage;;Número de estabelecimentos agropecuários com veículos;562.0;;6875
4121257;2017;storage;;Número de estabelecimentos agropecuários com veículos;153.0;;6875
4121307;2017;storage;;Número de estabelecimentos agropecuários com veículos;60.0;;6875
4121356;2017;storage;;Número de estabelecimentos agropecuários com veículos;77.0;;6875
4121406;2017;storage;;Número de estabelecimentos agropecuários com veículos;500.0;;6875
4121505;2017;storage;;Número de estabelecimentos agropecuários com veículos;562.0;;6875
4121604;2017;storage;;Número de estabelecimentos agropecuários com veículos;313.0;;6875
4121703;2017;storage;;Número de estabelecimentos agropecuários com veículos;280.0;;6875
4121752;2017;storage;;Número de estabelecimentos agropecuários com veículos;239.0;;6875
4121802;2017;storage;;Número de estabelecimentos agropecuários com veículos;64.0;;6875
4121901;2017;storage;;Número de estabelecimentos agropecuários com veículos;246.0;;6875
4122008;2017;storage;;Número de estabelecimentos agropecuários com veículos;977.0;;6875
4122107;2017;storage;;Número de estabelecimentos agropecuários com veículos;88.0;;6875
4122156;2017;storage;;Número de estabelecimentos agropecuários com veículos;893.0;;6875
4122172;2017;storage;;Número de estabelecimentos agropecuários com veículos;229.0;;6875
4122206;2017;storage;;Número de estabelecimentos agropecuários com veículos;240.0;;6875
4122305;2017;storage;;Número de estabelecimentos agropecuários com veículos;422.0;;6875
4122404;2017;storage;;Número de estabelecimentos agropecuários com veículos;284.0;;6875
4122503;2017;storage;;Número de estabelecimentos agropecuários com veículos;291.0;;6875
4122602;2017;storage;;Número de estabelecimentos agropecuários com veículos;180.0;;6875
4122651;2017;storage;;Número de estabelecimentos agropecuários com veículos;219.0;;6875
4122701;2017;storage;;Número de estabelecimentos agropecuários com veículos;178.0;;6875
4122800;2017;storage;;Número de estabelecimentos agropecuários com veículos;140.0;;6875
4122909;2017;storage;;Número de estabelecimentos agropecuários com veículos;172.0;;6875
4123006;2017;storage;;Número de estabelecimentos agropecuários com veículos;691.0;;6875
4123105;2017;storage;;Número de estabelecimentos agropecuários com veículos;90.0;;6875
4123204;2017;storage;;Número de estabelecimentos agropecuários com veículos;84.0;;6875
4123303;2017;storage;;Número de estabelecimentos agropecuários com veículos;36.0;;6875
4123402;2017;storage;;Número de estabelecimentos agropecuários com veículos;175.0;;6875
4123501;2017;storage;;Número de estabelecimentos agropecuários com veículos;761.0;;6875
4123600;2017;storage;;Número de estabelecimentos agropecuários com veículos;32.0;;6875
4123709;2017;storage;;Número de estabelecimentos agropecuários com veículos;86.0;;6875
4123808;2017;storage;;Número de estabelecimentos agropecuários com veículos;496.0;;6875
4123824;2017;storage;;Número de estabelecimentos agropecuários com veículos;196.0;;6875
4123857;2017;storage;;Número de estabelecimentos agropecuários com veículos;459.0;;6875
4123907;2017;storage;;Número de estabelecimentos agropecuários com veículos;133.0;;6875
4123956;2017;storage;;Número de estabelecimentos agropecuários com veículos;23.0;;6875
4124004;2017;storage;;Número de estabelecimentos agropecuários com veículos;165.0;;6875
4124020;2017;storage;;Número de estabelecimentos agropecuários com veículos;169.0;;6875
4124053;2017;storage;;Número de estabelecimentos agropecuários com veículos;116.0;;6875
4124103;2017;storage;;Número de estabelecimentos agropecuários com veículos;233.0;;6875
4124202;2017;storage;;Número de estabelecimentos agropecuários com veículos;22.0;;6875
4124301;2017;storage;;Número de estabelecimentos agropecuários com veículos;70.0;;6875
4124400;2017;storage;;Número de estabelecimentos agropecuários com veículos;351.0;;6875
4124509;2017;storage;;Número de estabelecimentos agropecuários com veículos;121.0;;6875
4124608;2017;storage;;Número de estabelecimentos agropecuários com veículos;91.0;;6875
4124707;2017;storage;;Número de estabelecimentos agropecuários com veículos;419.0;;6875
4124806;2017;storage;;Número de estabelecimentos agropecuários com veículos;457.0;;6875
4124905;2017;storage;;Número de estabelecimentos agropecuários com veículos;41.0;;6875
4125001;2017;storage;;Número de estabelecimentos agropecuários com veículos;292.0;;6875
4125100;2017;storage;;Número de estabelecimentos agropecuários com veículos;655.0;;6875
4125209;2017;storage;;Número de estabelecimentos agropecuários com veículos;381.0;;6875
4125308;2017;storage;;Número de estabelecimentos agropecuários com veículos;167.0;;6875
4125357;2017;storage;;Número de estabelecimentos agropecuários com veículos;424.0;;6875
4125407;2017;storage;;Número de estabelecimentos agropecuários com veículos;247.0;;6875
4125456;2017;storage;;Número de estabelecimentos agropecuários com veículos;195.0;;6875
4125506;2017;storage;;Número de estabelecimentos agropecuários com veículos;619.0;;6875
4125555;2017;storage;;Número de estabelecimentos agropecuários com veículos;129.0;;6875
4125605;2017;storage;;Número de estabelecimentos agropecuários com veículos;1102.0;;6875
4125704;2017;storage;;Número de estabelecimentos agropecuários com veículos;521.0;;6875
4125753;2017;storage;;Número de estabelecimentos agropecuários com veículos;282.0;;6875
4125803;2017;storage;;Número de estabelecimentos agropecuários com veículos;156.0;;6875
4125902;2017;storage;;Número de estabelecimentos agropecuários com veículos;105.0;;6875
4126009;2017;storage;;Número de estabelecimentos agropecuários com veículos;98.0;;6875
4126108;2017;storage;;Número de estabelecimentos agropecuários com veículos;58.0;;6875
4126207;2017;storage;;Número de estabelecimentos agropecuários com veículos;205.0;;6875
4126256;2017;storage;;Número de estabelecimentos agropecuários com veículos;96.0;;6875
4126272;2017;storage;;Número de estabelecimentos agropecuários com veículos;228.0;;6875
4126306;2017;storage;;Número de estabelecimentos agropecuários com veículos;96.0;;6875
4126355;2017;storage;;Número de estabelecimentos agropecuários com veículos;381.0;;6875
4126405;2017;storage;;Número de estabelecimentos agropecuários com veículos;121.0;;6875
4126504;2017;storage;;Número de estabelecimentos agropecuários com veículos;241.0;;6875
4126603;2017;storage;;Número de estabelecimentos agropecuários com veículos;77.0;;6875
4126652;2017;storage;;Número de estabelecimentos agropecuários com veículos;197.0;;6875
4126678;2017;storage;;Número de estabelecimentos agropecuários com veículos;204.0;;6875
4126702;2017;storage;;Número de estabelecimentos agropecuários com veículos;117.0;;6875
4126801;2017;storage;;Número de estabelecimentos agropecuários com veículos;112.0;;6875
4126900;2017;storage;;Número de estabelecimentos agropecuários com veículos;243.0;;6875
4127007;2017;storage;;Número de estabelecimentos agropecuários com veículos;428.0;;6875
4127106;2017;storage;;Número de estabelecimentos agropecuários com veículos;9.0;;6875
4127205;2017;storage;;Número de estabelecimentos agropecuários com veículos;144.0;;6875
4127304;2017;storage;;Número de estabelecimentos agropecuários com veículos;224.0;;6875
4127403;2017;storage;;Número de estabelecimentos agropecuários com veículos;553.0;;6875
4127502;2017;storage;;Número de estabelecimentos agropecuários com veículos;297.0;;6875
4127601;2017;storage;;Número de estabelecimentos agropecuários com veículos;185.0;;6875
4127700;2017;storage;;Número de estabelecimentos agropecuários com veículos;1549.0;;6875
4127809;2017;storage;;Número de estabelecimentos agropecuários com veículos;320.0;;6875
4127858;2017;storage;;Número de estabelecimentos agropecuários com veículos;571.0;;6875
4127882;2017;storage;;Número de estabelecimentos agropecuários com veículos;30.0;;6875
4127908;2017;storage;;Número de estabelecimentos agropecuários com veículos;379.0;;6875
4127957;2017;storage;;Número de estabelecimentos agropecuários com veículos;333.0;;6875
4127965;2017;storage;;Número de estabelecimentos agropecuários com veículos;220.0;;6875
4128005;2017;storage;;Número de estabelecimentos agropecuários com veículos;524.0;;6875
4128104;2017;storage;;Número de estabelecimentos agropecuários com veículos;242.0;;6875
4128203;2017;storage;;Número de estabelecimentos agropecuários com veículos;205.0;;6875
4128302;2017;storage;;Número de estabelecimentos agropecuários com veículos;51.0;;6875
4128401;2017;storage;;Número de estabelecimentos agropecuários com veículos;260.0;;6875
4128500;2017;storage;;Número de estabelecimentos agropecuários com veículos;193.0;;6875
4128534;2017;storage;;Número de estabelecimentos agropecuários com veículos;123.0;;6875
4128559;2017;storage;;Número de estabelecimentos agropecuários com veículos;277.0;;6875
4128609;2017;storage;;Número de estabelecimentos agropecuários com veículos;277.0;;6875
4128625;2017;storage;;Número de estabelecimentos agropecuários com veículos;36.0;;6875
4128633;2017;storage;;Número de estabelecimentos agropecuários com veículos;397.0;;6875
4128658;2017;storage;;Número de estabelecimentos agropecuários com veículos;104.0;;6875
4128708;2017;storage;;Número de estabelecimentos agropecuários com veículos;214.0;;6875
4128807;2017;storage;;Número de estabelecimentos agropecuários com veículos;119.0;;6875
3300100;2017;storage;;Número de estabelecimentos agropecuários com veículos;28.0;;6875
3300159;2017;storage;;Número de estabelecimentos agropecuários com veículos;133.0;;6875
3300209;2017;storage;;Número de estabelecimentos agropecuários com veículos;53.0;;6875
3300225;2017;storage;;Número de estabelecimentos agropecuários com veículos;32.0;;6875
3300233;2017;storage;;Número de estabelecimentos agropecuários com veículos;1.0;;6875
3300258;2017;storage;;Número de estabelecimentos agropecuários com veículos;1.0;;6875
3300308;2017;storage;;Número de estabelecimentos agropecuários com veículos;38.0;;6875
3300407;2017;storage;;Número de estabelecimentos agropecuários com veículos;41.0;;6875
3300506;2017;storage;;Número de estabelecimentos agropecuários com veículos;442.0;;6875
3300605;2017;storage;;Número de estabelecimentos agropecuários com veículos;281.0;;6875
3300704;2017;storage;;Número de estabelecimentos agropecuários com veículos;22.0;;6875
3300803;2017;storage;;Número de estabelecimentos agropecuários com veículos;150.0;;6875
3300902;2017;storage;;Número de estabelecimentos agropecuários com veículos;241.0;;6875
3300936;2017;storage;;Número de estabelecimentos agropecuários com veículos;35.0;;6875
3300951;2017;storage;;Número de estabelecimentos agropecuários com veículos;33.0;;6875
3301009;2017;storage;;Número de estabelecimentos agropecuários com veículos;443.0;;6875
3301108;2017;storage;;Número de estabelecimentos agropecuários com veículos;148.0;;6875
3301157;2017;storage;;Número de estabelecimentos agropecuários com veículos;25.0;;6875
3301207;2017;storage;;Número de estabelecimentos agropecuários com veículos;77.0;;6875
3301306;2017;storage;;Número de estabelecimentos agropecuários com veículos;52.0;;6875
3301405;2017;storage;;Número de estabelecimentos agropecuários com veículos;120.0;;6875
3301504;2017;storage;;Número de estabelecimentos agropecuários com veículos;27.0;;6875
3301603;2017;storage;;Número de estabelecimentos agropecuários com veículos;86.0;;6875
3301702;2017;storage;;Número de estabelecimentos agropecuários com veículos;49.0;;6875
3301801;2017;storage;;Número de estabelecimentos agropecuários com veículos;13.0;;6875
3301850;2017;storage;;Número de estabelecimentos agropecuários com veículos;32.0;;6875
3301876;2017;storage;;Número de estabelecimentos agropecuários com veículos;1.0;;6875
3301900;2017;storage;;Número de estabelecimentos agropecuários com veículos;62.0;;6875
3302007;2017;storage;;Número de estabelecimentos agropecuários com veículos;35.0;;6875
3302056;2017;storage;;Número de estabelecimentos agropecuários com veículos;15.0;;6875
3302106;2017;storage;;Número de estabelecimentos agropecuários com veículos;526.0;;6875
3302205;2017;storage;;Número de estabelecimentos agropecuários com veículos;113.0;;6875
3302254;2017;storage;;Número de estabelecimentos agropecuários com veículos;4.0;;6875
3302270;2017;storage;;Número de estabelecimentos agropecuários com veículos;13.0;;6875
3302304;2017;storage;;Número de estabelecimentos agropecuários com veículos;28.0;;6875
3302403;2017;storage;;Número de estabelecimentos agropecuários com veículos;111.0;;6875
3302452;2017;storage;;Número de estabelecimentos agropecuários com veículos;31.0;;6875
3302502;2017;storage;;Número de estabelecimentos agropecuários com veículos;125.0;;6875
3302601;2017;storage;;Número de estabelecimentos agropecuários com veículos;12.0;;6875
3302700;2017;storage;;Número de estabelecimentos agropecuários com veículos;7.0;;6875
3302809;2017;storage;;Número de estabelecimentos agropecuários com veículos;10.0;;6875
3302858;2017;storage;;Número de estabelecimentos agropecuários com veículos;1.0;;6875
3302908;2017;storage;;Número de estabelecimentos agropecuários com veículos;10.0;;6875
3303005;2017;storage;;Número de estabelecimentos agropecuários com veículos;13.0;;6875
3303104;2017;storage;;Número de estabelecimentos agropecuários com veículos;189.0;;6875
3303302;2017;storage;;Número de estabelecimentos agropecuários com veículos;6.0;;6875
3303401;2017;storage;;Número de estabelecimentos agropecuários com veículos;868.0;;6875
3303500;2017;storage;;Número de estabelecimentos agropecuários com veículos;13.0;;6875
3303609;2017;storage;;Número de estabelecimentos agropecuários com veículos;27.0;;6875
3303708;2017;storage;;Número de estabelecimentos agropecuários com veículos;53.0;;6875
3303807;2017;storage;;Número de estabelecimentos agropecuários com veículos;34.0;;6875
3303856;2017;storage;;Número de estabelecimentos agropecuários com veículos;289.0;;6875
3303906;2017;storage;;Número de estabelecimentos agropecuários com veículos;261.0;;6875
3303955;2017;storage;;Número de estabelecimentos agropecuários com veículos;9.0;;6875
3304003;2017;storage;;Número de estabelecimentos agropecuários com veículos;65.0;;6875
3304102;2017;storage;;Número de estabelecimentos agropecuários com veículos;293.0;;6875
3304110;2017;storage;;Número de estabelecimentos agropecuários com veículos;3.0;;6875
3304128;2017;storage;;Número de estabelecimentos agropecuários com veículos;28.0;;6875
3304144;2017;storage;;Número de estabelecimentos agropecuários com veículos;3.0;;6875
3304151;2017;storage;;Número de estabelecimentos agropecuários com veículos;155.0;;6875
3304201;2017;storage;;Número de estabelecimentos agropecuários com veículos;25.0;;6875
3304300;2017;storage;;Número de estabelecimentos agropecuários com veículos;58.0;;6875
3304409;2017;storage;;Número de estabelecimentos agropecuários com veículos;49.0;;6875
3304508;2017;storage;;Número de estabelecimentos agropecuários com veículos;20.0;;6875
3304524;2017;storage;;Número de estabelecimentos agropecuários com veículos;35.0;;6875
3304557;2017;storage;;Número de estabelecimentos agropecuários com veículos;104.0;;6875
3304607;2017;storage;;Número de estabelecimentos agropecuários com veículos;94.0;;6875
3304706;2017;storage;;Número de estabelecimentos agropecuários com veículos;143.0;;6875
3304755;2017;storage;;Número de estabelecimentos agropecuários com veículos;597.0;;6875
3304805;2017;storage;;Número de estabelecimentos agropecuários com veículos;53.0;;6875
3304904;2017;storage;;Número de estabelecimentos agropecuários com veículos;65.0;;6875
3305000;2017;storage;;Número de estabelecimentos agropecuários com veículos;20.0;;6875
3305133;2017;storage;;Número de estabelecimentos agropecuários com veículos;49.0;;6875
3305158;2017;storage;;Número de estabelecimentos agropecuários com veículos;360.0;;6875
3305208;2017;storage;;Número de estabelecimentos agropecuários com veículos;14.0;;6875
3305307;2017;storage;;Número de estabelecimentos agropecuários com veículos;97.0;;6875
3305406;2017;storage;;Número de estabelecimentos agropecuários com veículos;39.0;;6875
3305505;2017;storage;;Número de estabelecimentos agropecuários com veículos;32.0;;6875
3305554;2017;storage;;Número de estabelecimentos agropecuários com veículos;36.0;;6875
3305604;2017;storage;;Número de estabelecimentos agropecuários com veículos;123.0;;6875
3305703;2017;storage;;Número de estabelecimentos agropecuários com veículos;1195.0;;6875
3305752;2017;storage;;Número de estabelecimentos agropecuários com veículos;86.0;;6875
3305802;2017;storage;;Número de estabelecimentos agropecuários com veículos;530.0;;6875
3305901;2017;storage;;Número de estabelecimentos agropecuários com veículos;95.0;;6875
3306008;2017;storage;;Número de estabelecimentos agropecuários com veículos;120.0;;6875
3306107;2017;storage;;Número de estabelecimentos agropecuários com veículos;192.0;;6875
3306156;2017;storage;;Número de estabelecimentos agropecuários com veículos;271.0;;6875
3306206;2017;storage;;Número de estabelecimentos agropecuários com veículos;27.0;;6875
3306305;2017;storage;;Número de estabelecimentos agropecuários com veículos;16.0;;6875
2400109;2017;storage;;Número de estabelecimentos agropecuários com veículos;76.0;;6875
2400208;2017;storage;;Número de estabelecimentos agropecuários com veículos;419.0;;6875
2400307;2017;storage;;Número de estabelecimentos agropecuários com veículos;83.0;;6875
2400505;2017;storage;;Número de estabelecimentos agropecuários com veículos;19.0;;6875
2400604;2017;storage;;Número de estabelecimentos agropecuários com veículos;85.0;;6875
2400703;2017;storage;;Número de estabelecimentos agropecuários com veículos;43.0;;6875
2400802;2017;storage;;Número de estabelecimentos agropecuários com veículos;47.0;;6875
2400901;2017;storage;;Número de estabelecimentos agropecuários com veículos;48.0;;6875
2401008;2017;storage;;Número de estabelecimentos agropecuários com veículos;868.0;;6875
2401107;2017;storage;;Número de estabelecimentos agropecuários com veículos;6.0;;6875
2401206;2017;storage;;Número de estabelecimentos agropecuários com veículos;15.0;;6875
2401305;2017;storage;;Número de estabelecimentos agropecuários com veículos;257.0;;6875
2401404;2017;storage;;Número de estabelecimentos agropecuários com veículos;4.0;;6875
2401453;2017;storage;;Número de estabelecimentos agropecuários com veículos;196.0;;6875
2401503;2017;storage;;Número de estabelecimentos agropecuários com veículos;66.0;;6875
2401602;2017;storage;;Número de estabelecimentos agropecuários com veículos;140.0;;6875
2401651;2017;storage;;Número de estabelecimentos agropecuários com veículos;16.0;;6875
2401701;2017;storage;;Número de estabelecimentos agropecuários com veículos;38.0;;6875
2401800;2017;storage;;Número de estabelecimentos agropecuários com veículos;30.0;;6875
2401859;2017;storage;;Número de estabelecimentos agropecuários com veículos;10.0;;6875
2401909;2017;storage;;Número de estabelecimentos agropecuários com veículos;58.0;;6875
2402006;2017;storage;;Número de estabelecimentos agropecuários com veículos;304.0;;6875
2402105;2017;storage;;Número de estabelecimentos agropecuários com veículos;35.0;;6875
2402204;2017;storage;;Número de estabelecimentos agropecuários com veículos;23.0;;6875
2402303;2017;storage;;Número de estabelecimentos agropecuários com veículos;299.0;;6875
2402402;2017;storage;;Número de estabelecimentos agropecuários com veículos;54.0;;6875
2402501;2017;storage;;Número de estabelecimentos agropecuários com veículos;193.0;;6875
2402600;2017;storage;;Número de estabelecimentos agropecuários com veículos;170.0;;6875
2402709;2017;storage;;Número de estabelecimentos agropecuários com veículos;301.0;;6875
2402808;2017;storage;;Número de estabelecimentos agropecuários com veículos;48.0;;6875
2402907;2017;storage;;Número de estabelecimentos agropecuários com veículos;72.0;;6875
2403004;2017;storage;;Número de estabelecimentos agropecuários com veículos;250.0;;6875
2403103;2017;storage;;Número de estabelecimentos agropecuários com veículos;97.0;;6875
2403202;2017;storage;;Número de estabelecimentos agropecuários com veículos;80.0;;6875
2403251;2017;storage;;Número de estabelecimentos agropecuários com veículos;3.0;;6875
2403301;2017;storage;;Número de estabelecimentos agropecuários com veículos;9.0;;6875
2403400;2017;storage;;Número de estabelecimentos agropecuários com veículos;53.0;;6875
2403509;2017;storage;;Número de estabelecimentos agropecuários com veículos;6.0;;6875
2403608;2017;storage;;Número de estabelecimentos agropecuários com veículos;13.0;;6875
2403707;2017;storage;;Número de estabelecimentos agropecuários com veículos;122.0;;6875
2403756;2017;storage;;Número de estabelecimentos agropecuários com veículos;43.0;;6875
2403806;2017;storage;;Número de estabelecimentos agropecuários com veículos;195.0;;6875
2403905;2017;storage;;Número de estabelecimentos agropecuários com veículos;7.0;;6875
2404002;2017;storage;;Número de estabelecimentos agropecuários com veículos;93.0;;6875
2404101;2017;storage;;Número de estabelecimentos agropecuários com veículos;22.0;;6875
2404200;2017;storage;;Número de estabelecimentos agropecuários com veículos;49.0;;6875
2404309;2017;storage;;Número de estabelecimentos agropecuários com veículos;67.0;;6875
2404408;2017;storage;;Número de estabelecimentos agropecuários com veículos;8.0;;6875
2404507;2017;storage;;Número de estabelecimentos agropecuários com veículos;55.0;;6875
2404606;2017;storage;;Número de estabelecimentos agropecuários com veículos;99.0;;6875
2404705;2017;storage;;Número de estabelecimentos agropecuários com veículos;139.0;;6875
2404804;2017;storage;;Número de estabelecimentos agropecuários com veículos;29.0;;6875
2404853;2017;storage;;Número de estabelecimentos agropecuários com veículos;11.0;;6875
2404903;2017;storage;;Número de estabelecimentos agropecuários com veículos;8.0;;6875
2405009;2017;storage;;Número de estabelecimentos agropecuários com veículos;30.0;;6875
2405108;2017;storage;;Número de estabelecimentos agropecuários com veículos;93.0;;6875
2405207;2017;storage;;Número de estabelecimentos agropecuários com veículos;116.0;;6875
2405306;2017;storage;;Número de estabelecimentos agropecuários com veículos;152.0;;6875
2405405;2017;storage;;Número de estabelecimentos agropecuários com veículos;78.0;;6875
2405504;2017;storage;;Número de estabelecimentos agropecuários com veículos;17.0;;6875
2405603;2017;storage;;Número de estabelecimentos agropecuários com veículos;66.0;;6875
2405702;2017;storage;;Número de estabelecimentos agropecuários com veículos;226.0;;6875
2405801;2017;storage;;Número de estabelecimentos agropecuários com veículos;198.0;;6875
2405900;2017;storage;;Número de estabelecimentos agropecuários com veículos;3.0;;6875
2406007;2017;storage;;Número de estabelecimentos agropecuários com veículos;74.0;;6875
2406106;2017;storage;;Número de estabelecimentos agropecuários com veículos;234.0;;6875
2406155;2017;storage;;Número de estabelecimentos agropecuários com veículos;3.0;;6875
2406205;2017;storage;;Número de estabelecimentos agropecuários com veículos;25.0;;6875
2406304;2017;storage;;Número de estabelecimentos agropecuários com veículos;79.0;;6875
2406403;2017;storage;;Número de estabelecimentos agropecuários com veículos;59.0;;6875
2406502;2017;storage;;Número de estabelecimentos agropecuários com veículos;371.0;;6875
2406601;2017;storage;;Número de estabelecimentos agropecuários com veículos;18.0;;6875
2406700;2017;storage;;Número de estabelecimentos agropecuários com veículos;224.0;;6875
2406908;2017;storage;;Número de estabelecimentos agropecuários com veículos;1.0;;6875
2407005;2017;storage;;Número de estabelecimentos agropecuários com veículos;10.0;;6875
2407104;2017;storage;;Número de estabelecimentos agropecuários com veículos;93.0;;6875
2407203;2017;storage;;Número de estabelecimentos agropecuários com veículos;38.0;;6875
2407252;2017;storage;;Número de estabelecimentos agropecuários com veículos;4.0;;6875
2407302;2017;storage;;Número de estabelecimentos agropecuários com veículos;101.0;;6875
2407401;2017;storage;;Número de estabelecimentos agropecuários com veículos;15.0;;6875
2407500;2017;storage;;Número de estabelecimentos agropecuários com veículos;18.0;;6875
2407609;2017;storage;;Número de estabelecimentos agropecuários com veículos;56.0;;6875
2407708;2017;storage;;Número de estabelecimentos agropecuários com veículos;23.0;;6875
2407807;2017;storage;;Número de estabelecimentos agropecuários com veículos;46.0;;6875
2407906;2017;storage;;Número de estabelecimentos agropecuários com veículos;1.0;;6875
2408003;2017;storage;;Número de estabelecimentos agropecuários com veículos;352.0;;6875
2408102;2017;storage;;Número de estabelecimentos agropecuários com veículos;2.0;;6875
2408201;2017;storage;;Número de estabelecimentos agropecuários com veículos;22.0;;6875
2408300;2017;storage;;Número de estabelecimentos agropecuários com veículos;138.0;;6875
2408409;2017;storage;;Número de estabelecimentos agropecuários com veículos;51.0;;6875
2408508;2017;storage;;Número de estabelecimentos agropecuários com veículos;89.0;;6875
2408607;2017;storage;;Número de estabelecimentos agropecuários com veículos;1.0;;6875
2408706;2017;storage;;Número de estabelecimentos agropecuários com veículos;82.0;;6875
2408805;2017;storage;;Número de estabelecimentos agropecuários com veículos;42.0;;6875
2408904;2017;storage;;Número de estabelecimentos agropecuários com veículos;102.0;;6875
2408953;2017;storage;;Número de estabelecimentos agropecuários com veículos;46.0;;6875
2409100;2017;storage;;Número de estabelecimentos agropecuários com veículos;29.0;;6875
2409209;2017;storage;;Número de estabelecimentos agropecuários com veículos;3.0;;6875
2409308;2017;storage;;Número de estabelecimentos agropecuários com veículos;42.0;;6875
2409332;2017;storage;;Número de estabelecimentos agropecuários com veículos;14.0;;6875
2409407;2017;storage;;Número de estabelecimentos agropecuários com veículos;22.0;;6875
2409506;2017;storage;;Número de estabelecimentos agropecuários com veículos;15.0;;6875
2409605;2017;storage;;Número de estabelecimentos agropecuários com veículos;89.0;;6875
2409704;2017;storage;;Número de estabelecimentos agropecuários com veículos;208.0;;6875
2409803;2017;storage;;Número de estabelecimentos agropecuários com veículos;91.0;;6875
2409902;2017;storage;;Número de estabelecimentos agropecuários com veículos;77.0;;6875
2410009;2017;storage;;Número de estabelecimentos agropecuários com veículos;5.0;;6875
2410108;2017;storage;;Número de estabelecimentos agropecuários com veículos;38.0;;6875
2410207;2017;storage;;Número de estabelecimentos agropecuários com veículos;10.0;;6875
2410256;2017;storage;;Número de estabelecimentos agropecuários com veículos;23.0;;6875
2410306;2017;storage;;Número de estabelecimentos agropecuários com veículos;77.0;;6875
2410405;2017;storage;;Número de estabelecimentos agropecuários com veículos;51.0;;6875
2410504;2017;storage;;Número de estabelecimentos agropecuários com veículos;74.0;;6875
2410603;2017;storage;;Número de estabelecimentos agropecuários com veículos;45.0;;6875
2410702;2017;storage;;Número de estabelecimentos agropecuários com veículos;2.0;;6875
2410801;2017;storage;;Número de estabelecimentos agropecuários com veículos;44.0;;6875
2410900;2017;storage;;Número de estabelecimentos agropecuários com veículos;57.0;;6875
2411007;2017;storage;;Número de estabelecimentos agropecuários com veículos;12.0;;6875
2411056;2017;storage;;Número de estabelecimentos agropecuários com veículos;8.0;;6875
2411106;2017;storage;;Número de estabelecimentos agropecuários com veículos;21.0;;6875
2411205;2017;storage;;Número de estabelecimentos agropecuários com veículos;53.0;;6875
2411403;2017;storage;;Número de estabelecimentos agropecuários com veículos;182.0;;6875
2411429;2017;storage;;Número de estabelecimentos agropecuários com veículos;56.0;;6875
2411502;2017;storage;;Número de estabelecimentos agropecuários com veículos;76.0;;6875
2411601;2017;storage;;Número de estabelecimentos agropecuários com veículos;50.0;;6875
2411700;2017;storage;;Número de estabelecimentos agropecuários com veículos;60.0;;6875
2411809;2017;storage;;Número de estabelecimentos agropecuários com veículos;102.0;;6875
2411908;2017;storage;;Número de estabelecimentos agropecuários com veículos;87.0;;6875
2412005;2017;storage;;Número de estabelecimentos agropecuários com veículos;26.0;;6875
2412104;2017;storage;;Número de estabelecimentos agropecuários com veículos;145.0;;6875
2412203;2017;storage;;Número de estabelecimentos agropecuários com veículos;68.0;;6875
2412302;2017;storage;;Número de estabelecimentos agropecuários com veículos;10.0;;6875
2412401;2017;storage;;Número de estabelecimentos agropecuários com veículos;127.0;;6875
2412500;2017;storage;;Número de estabelecimentos agropecuários com veículos;242.0;;6875
2412559;2017;storage;;Número de estabelecimentos agropecuários com veículos;58.0;;6875
2412609;2017;storage;;Número de estabelecimentos agropecuários com veículos;157.0;;6875
2412708;2017;storage;;Número de estabelecimentos agropecuários com veículos;47.0;;6875
2412807;2017;storage;;Número de estabelecimentos agropecuários com veículos;101.0;;6875
2412906;2017;storage;;Número de estabelecimentos agropecuários com veículos;226.0;;6875
2413003;2017;storage;;Número de estabelecimentos agropecuários com veículos;137.0;;6875
2413102;2017;storage;;Número de estabelecimentos agropecuários com veículos;91.0;;6875
2413201;2017;storage;;Número de estabelecimentos agropecuários com veículos;2.0;;6875
2413300;2017;storage;;Número de estabelecimentos agropecuários com veículos;111.0;;6875
2413359;2017;storage;;Número de estabelecimentos agropecuários com veículos;39.0;;6875
2413409;2017;storage;;Número de estabelecimentos agropecuários com veículos;33.0;;6875
2413508;2017;storage;;Número de estabelecimentos agropecuários com veículos;107.0;;6875
2413557;2017;storage;;Número de estabelecimentos agropecuários com veículos;23.0;;6875
2413607;2017;storage;;Número de estabelecimentos agropecuários com veículos;105.0;;6875
2413706;2017;storage;;Número de estabelecimentos agropecuários com veículos;62.0;;6875
2413904;2017;storage;;Número de estabelecimentos agropecuários com veículos;72.0;;6875
2414001;2017;storage;;Número de estabelecimentos agropecuários com veículos;27.0;;6875
2414100;2017;storage;;Número de estabelecimentos agropecuários com veículos;15.0;;6875
2414159;2017;storage;;Número de estabelecimentos agropecuários com veículos;78.0;;6875
2414209;2017;storage;;Número de estabelecimentos agropecuários com veículos;19.0;;6875
2414308;2017;storage;;Número de estabelecimentos agropecuários com veículos;1.0;;6875
2414407;2017;storage;;Número de estabelecimentos agropecuários com veículos;514.0;;6875
2414456;2017;storage;;Número de estabelecimentos agropecuários com veículos;17.0;;6875
2414506;2017;storage;;Número de estabelecimentos agropecuários com veículos;163.0;;6875
2414605;2017;storage;;Número de estabelecimentos agropecuários com veículos;427.0;;6875
2414704;2017;storage;;Número de estabelecimentos agropecuários com veículos;35.0;;6875
2414753;2017;storage;;Número de estabelecimentos agropecuários com veículos;139.0;;6875
2414803;2017;storage;;Número de estabelecimentos agropecuários com veículos;26.0;;6875
2415008;2017;storage;;Número de estabelecimentos agropecuários com veículos;7.0;;6875
1100015;2017;storage;;Número de estabelecimentos agropecuários com veículos;1611.0;;6875
1100023;2017;storage;;Número de estabelecimentos agropecuários com veículos;1163.0;;6875
1100031;2017;storage;;Número de estabelecimentos agropecuários com veículos;522.0;;6875
1100049;2017;storage;;Número de estabelecimentos agropecuários com veículos;2039.0;;6875
1100056;2017;storage;;Número de estabelecimentos agropecuários com veículos;464.0;;6875
1100064;2017;storage;;Número de estabelecimentos agropecuários com veículos;681.0;;6875
1100072;2017;storage;;Número de estabelecimentos agropecuários com veículos;965.0;;6875
1100080;2017;storage;;Número de estabelecimentos agropecuários com veículos;719.0;;6875
1100098;2017;storage;;Número de estabelecimentos agropecuários com veículos;753.0;;6875
1100106;2017;storage;;Número de estabelecimentos agropecuários com veículos;160.0;;6875
1100114;2017;storage;;Número de estabelecimentos agropecuários com veículos;1434.0;;6875
1100122;2017;storage;;Número de estabelecimentos agropecuários com veículos;1185.0;;6875
1100130;2017;storage;;Número de estabelecimentos agropecuários com veículos;2022.0;;6875
1100148;2017;storage;;Número de estabelecimentos agropecuários com veículos;1065.0;;6875
1100155;2017;storage;;Número de estabelecimentos agropecuários com veículos;718.0;;6875
1100189;2017;storage;;Número de estabelecimentos agropecuários com veículos;571.0;;6875
1100205;2017;storage;;Número de estabelecimentos agropecuários com veículos;2268.0;;6875
1100254;2017;storage;;Número de estabelecimentos agropecuários com veículos;862.0;;6875
1100262;2017;storage;;Número de estabelecimentos agropecuários com veículos;232.0;;6875
1100288;2017;storage;;Número de estabelecimentos agropecuários com veículos;728.0;;6875
1100296;2017;storage;;Número de estabelecimentos agropecuários com veículos;415.0;;6875
1100304;2017;storage;;Número de estabelecimentos agropecuários com veículos;691.0;;6875
1100320;2017;storage;;Número de estabelecimentos agropecuários com veículos;933.0;;6875
1100338;2017;storage;;Número de estabelecimentos agropecuários com veículos;1007.0;;6875
1100346;2017;storage;;Número de estabelecimentos agropecuários com veículos;847.0;;6875
1100379;2017;storage;;Número de estabelecimentos agropecuários com veículos;700.0;;6875
1100403;2017;storage;;Número de estabelecimentos agropecuários com veículos;684.0;;6875
1100452;2017;storage;;Número de estabelecimentos agropecuários com veículos;1496.0;;6875
1100502;2017;storage;;Número de estabelecimentos agropecuários com veículos;373.0;;6875
1100601;2017;storage;;Número de estabelecimentos agropecuários com veículos;308.0;;6875
1100700;2017;storage;;Número de estabelecimentos agropecuários com veículos;1376.0;;6875
1100809;2017;storage;;Número de estabelecimentos agropecuários com veículos;545.0;;6875
1100908;2017;storage;;Número de estabelecimentos agropecuários com veículos;71.0;;6875
1100924;2017;storage;;Número de estabelecimentos agropecuários com veículos;313.0;;6875
1100940;2017;storage;;Número de estabelecimentos agropecuários com veículos;1100.0;;6875
1101005;2017;storage;;Número de estabelecimentos agropecuários com veículos;858.0;;6875
1101104;2017;storage;;Número de estabelecimentos agropecuários com veículos;371.0;;6875
1101203;2017;storage;;Número de estabelecimentos agropecuários com veículos;327.0;;6875
1101302;2017;storage;;Número de estabelecimentos agropecuários com veículos;575.0;;6875
1101401;2017;storage;;Número de estabelecimentos agropecuários com veículos;714.0;;6875
1101435;2017;storage;;Número de estabelecimentos agropecuários com veículos;875.0;;6875
1101450;2017;storage;;Número de estabelecimentos agropecuários com veículos;322.0;;6875
1101468;2017;storage;;Número de estabelecimentos agropecuários com veículos;140.0;;6875
1101476;2017;storage;;Número de estabelecimentos agropecuários com veículos;82.0;;6875
1101484;2017;storage;;Número de estabelecimentos agropecuários com veículos;206.0;;6875
1101492;2017;storage;;Número de estabelecimentos agropecuários com veículos;764.0;;6875
1101500;2017;storage;;Número de estabelecimentos agropecuários com veículos;997.0;;6875
1101559;2017;storage;;Número de estabelecimentos agropecuários com veículos;573.0;;6875
1101609;2017;storage;;Número de estabelecimentos agropecuários com veículos;1117.0;;6875
1101708;2017;storage;;Número de estabelecimentos agropecuários com veículos;651.0;;6875
1101757;2017;storage;;Número de estabelecimentos agropecuários com veículos;907.0;;6875
1101807;2017;storage;;Número de estabelecimentos agropecuários com veículos;456.0;;6875
1400027;2017;storage;;Número de estabelecimentos agropecuários com veículos;352.0;;6875
1400050;2017;storage;;Número de estabelecimentos agropecuários com veículos;321.0;;6875
1400100;2017;storage;;Número de estabelecimentos agropecuários com veículos;332.0;;6875
1400159;2017;storage;;Número de estabelecimentos agropecuários com veículos;205.0;;6875
1400175;2017;storage;;Número de estabelecimentos agropecuários com veículos;527.0;;6875
1400209;2017;storage;;Número de estabelecimentos agropecuários com veículos;168.0;;6875
1400233;2017;storage;;Número de estabelecimentos agropecuários com veículos;637.0;;6875
1400282;2017;storage;;Número de estabelecimentos agropecuários com veículos;370.0;;6875
1400308;2017;storage;;Número de estabelecimentos agropecuários com veículos;344.0;;6875
1400407;2017;storage;;Número de estabelecimentos agropecuários com veículos;289.0;;6875
1400456;2017;storage;;Número de estabelecimentos agropecuários com veículos;18.0;;6875
1400472;2017;storage;;Número de estabelecimentos agropecuários com veículos;889.0;;6875
1400506;2017;storage;;Número de estabelecimentos agropecuários com veículos;260.0;;6875
1400605;2017;storage;;Número de estabelecimentos agropecuários com veículos;242.0;;6875
1400704;2017;storage;;Número de estabelecimentos agropecuários com veículos;88.0;;6875
4300034;2017;storage;;Número de estabelecimentos agropecuários com veículos;135.0;;6875
4300059;2017;storage;;Número de estabelecimentos agropecuários com veículos;328.0;;6875
4300109;2017;storage;;Número de estabelecimentos agropecuários com veículos;772.0;;6875
4300208;2017;storage;;Número de estabelecimentos agropecuários com veículos;454.0;;6875
4300307;2017;storage;;Número de estabelecimentos agropecuários com veículos;586.0;;6875
4300406;2017;storage;;Número de estabelecimentos agropecuários com veículos;744.0;;6875
4300455;2017;storage;;Número de estabelecimentos agropecuários com veículos;285.0;;6875
4300471;2017;storage;;Número de estabelecimentos agropecuários com veículos;218.0;;6875
4300505;2017;storage;;Número de estabelecimentos agropecuários com veículos;389.0;;6875
4300554;2017;storage;;Número de estabelecimentos agropecuários com veículos;143.0;;6875
4300570;2017;storage;;Número de estabelecimentos agropecuários com veículos;113.0;;6875
4300604;2017;storage;;Número de estabelecimentos agropecuários com veículos;9.0;;6875
4300638;2017;storage;;Número de estabelecimentos agropecuários com veículos;479.0;;6875
4300646;2017;storage;;Número de estabelecimentos agropecuários com veículos;139.0;;6875
4300661;2017;storage;;Número de estabelecimentos agropecuários com veículos;87.0;;6875
4300703;2017;storage;;Número de estabelecimentos agropecuários com veículos;261.0;;6875
4300802;2017;storage;;Número de estabelecimentos agropecuários com veículos;601.0;;6875
4300851;2017;storage;;Número de estabelecimentos agropecuários com veículos;74.0;;6875
4300877;2017;storage;;Número de estabelecimentos agropecuários com veículos;16.0;;6875
4300901;2017;storage;;Número de estabelecimentos agropecuários com veículos;181.0;;6875
4301008;2017;storage;;Número de estabelecimentos agropecuários com veículos;276.0;;6875
4301057;2017;storage;;Número de estabelecimentos agropecuários com veículos;20.0;;6875
4301073;2017;storage;;Número de estabelecimentos agropecuários com veículos;71.0;;6875
4301107;2017;storage;;Número de estabelecimentos agropecuários com veículos;172.0;;6875
4301206;2017;storage;;Número de estabelecimentos agropecuários com veículos;769.0;;6875
4301305;2017;storage;;Número de estabelecimentos agropecuários com veículos;443.0;;6875
4301404;2017;storage;;Número de estabelecimentos agropecuários com veículos;432.0;;6875
4301503;2017;storage;;Número de estabelecimentos agropecuários com veículos;513.0;;6875
4301552;2017;storage;;Número de estabelecimentos agropecuários com veículos;227.0;;6875
4301602;2017;storage;;Número de estabelecimentos agropecuários com veículos;391.0;;6875
4301636;2017;storage;;Número de estabelecimentos agropecuários com veículos;4.0;;6875
4301651;2017;storage;;Número de estabelecimentos agropecuários com veículos;144.0;;6875
4301701;2017;storage;;Número de estabelecimentos agropecuários com veículos;316.0;;6875
4301750;2017;storage;;Número de estabelecimentos agropecuários com veículos;643.0;;6875
4301800;2017;storage;;Número de estabelecimentos agropecuários com veículos;291.0;;6875
4301859;2017;storage;;Número de estabelecimentos agropecuários com veículos;55.0;;6875
4301875;2017;storage;;Número de estabelecimentos agropecuários com veículos;86.0;;6875
4301909;2017;storage;;Número de estabelecimentos agropecuários com veículos;142.0;;6875
4301925;2017;storage;;Número de estabelecimentos agropecuários com veículos;141.0;;6875
4301958;2017;storage;;Número de estabelecimentos agropecuários com veículos;97.0;;6875
4302006;2017;storage;;Número de estabelecimentos agropecuários com veículos;227.0;;6875
4302055;2017;storage;;Número de estabelecimentos agropecuários com veículos;183.0;;6875
4302105;2017;storage;;Número de estabelecimentos agropecuários com veículos;753.0;;6875
4302154;2017;storage;;Número de estabelecimentos agropecuários com veículos;87.0;;6875
4302204;2017;storage;;Número de estabelecimentos agropecuários com veículos;274.0;;6875
4302220;2017;storage;;Número de estabelecimentos agropecuários com veículos;286.0;;6875
4302238;2017;storage;;Número de estabelecimentos agropecuários com veículos;197.0;;6875
4302253;2017;storage;;Número de estabelecimentos agropecuários com veículos;155.0;;6875
4302303;2017;storage;;Número de estabelecimentos agropecuários com veículos;301.0;;6875
4302352;2017;storage;;Número de estabelecimentos agropecuários com veículos;83.0;;6875
4302378;2017;storage;;Número de estabelecimentos agropecuários com veículos;106.0;;6875
4302402;2017;storage;;Número de estabelecimentos agropecuários com veículos;38.0;;6875
4302451;2017;storage;;Número de estabelecimentos agropecuários com veículos;221.0;;6875
4302501;2017;storage;;Número de estabelecimentos agropecuários com veículos;312.0;;6875
4302584;2017;storage;;Número de estabelecimentos agropecuários com veículos;208.0;;6875
4302600;2017;storage;;Número de estabelecimentos agropecuários com veículos;117.0;;6875
4302659;2017;storage;;Número de estabelecimentos agropecuários com veículos;80.0;;6875
4302709;2017;storage;;Número de estabelecimentos agropecuários com veículos;70.0;;6875
4302808;2017;storage;;Número de estabelecimentos agropecuários com veículos;461.0;;6875
4302907;2017;storage;;Número de estabelecimentos agropecuários com veículos;195.0;;6875
4303004;2017;storage;;Número de estabelecimentos agropecuários com veículos;1035.0;;6875
4303103;2017;storage;;Número de estabelecimentos agropecuários com veículos;6.0;;6875
4303202;2017;storage;;Número de estabelecimentos agropecuários com veículos;279.0;;6875
4303301;2017;storage;;Número de estabelecimentos agropecuários com veículos;161.0;;6875
4303400;2017;storage;;Número de estabelecimentos agropecuários com veículos;358.0;;6875
4303509;2017;storage;;Número de estabelecimentos agropecuários com veículos;1177.0;;6875
4303558;2017;storage;;Número de estabelecimentos agropecuários com veículos;186.0;;6875
4303608;2017;storage;;Número de estabelecimentos agropecuários com veículos;90.0;;6875
4303673;2017;storage;;Número de estabelecimentos agropecuários com veículos;325.0;;6875
4303707;2017;storage;;Número de estabelecimentos agropecuários com veículos;571.0;;6875
4303806;2017;storage;;Número de estabelecimentos agropecuários com veículos;226.0;;6875
4303905;2017;storage;;Número de estabelecimentos agropecuários com veículos;17.0;;6875
4304002;2017;storage;;Número de estabelecimentos agropecuários com veículos;93.0;;6875
4304101;2017;storage;;Número de estabelecimentos agropecuários com veículos;230.0;;6875
4304200;2017;storage;;Número de estabelecimentos agropecuários com veículos;573.0;;6875
4304309;2017;storage;;Número de estabelecimentos agropecuários com veículos;702.0;;6875
4304358;2017;storage;;Número de estabelecimentos agropecuários com veículos;170.0;;6875
4304408;2017;storage;;Número de estabelecimentos agropecuários com veículos;33.0;;6875
4304507;2017;storage;;Número de estabelecimentos agropecuários com veículos;2972.0;;6875
4304606;2017;storage;;Número de estabelecimentos agropecuários com veículos;19.0;;6875
4304614;2017;storage;;Número de estabelecimentos agropecuários com veículos;178.0;;6875
4304622;2017;storage;;Número de estabelecimentos agropecuários com veículos;175.0;;6875
4304630;2017;storage;;Número de estabelecimentos agropecuários com veículos;7.0;;6875
4304655;2017;storage;;Número de estabelecimentos agropecuários com veículos;140.0;;6875
4304663;2017;storage;;Número de estabelecimentos agropecuários com veículos;79.0;;6875
4304671;2017;storage;;Número de estabelecimentos agropecuários com veículos;49.0;;6875
4304689;2017;storage;;Número de estabelecimentos agropecuários com veículos;52.0;;6875
4304697;2017;storage;;Número de estabelecimentos agropecuários com veículos;104.0;;6875
4304705;2017;storage;;Número de estabelecimentos agropecuários com veículos;228.0;;6875
4304713;2017;storage;;Número de estabelecimentos agropecuários com veículos;217.0;;6875
4304804;2017;storage;;Número de estabelecimentos agropecuários com veículos;250.0;;6875
4304853;2017;storage;;Número de estabelecimentos agropecuários com veículos;82.0;;6875
4304903;2017;storage;;Número de estabelecimentos agropecuários com veículos;201.0;;6875
4304952;2017;storage;;Número de estabelecimentos agropecuários com veículos;162.0;;6875
4305009;2017;storage;;Número de estabelecimentos agropecuários com veículos;471.0;;6875
4305108;2017;storage;;Número de estabelecimentos agropecuários com veículos;1399.0;;6875
4305116;2017;storage;;Número de estabelecimentos agropecuários com veículos;149.0;;6875
4305124;2017;storage;;Número de estabelecimentos agropecuários com veículos;141.0;;6875
4305132;2017;storage;;Número de estabelecimentos agropecuários com veículos;197.0;;6875
4305157;2017;storage;;Número de estabelecimentos agropecuários com veículos;106.0;;6875
4305173;2017;storage;;Número de estabelecimentos agropecuários com veículos;512.0;;6875
4305207;2017;storage;;Número de estabelecimentos agropecuários com veículos;417.0;;6875
4305306;2017;storage;;Número de estabelecimentos agropecuários com veículos;395.0;;6875
4305355;2017;storage;;Número de estabelecimentos agropecuários com veículos;33.0;;6875
4305371;2017;storage;;Número de estabelecimentos agropecuários com veículos;192.0;;6875
4305405;2017;storage;;Número de estabelecimentos agropecuários com veículos;200.0;;6875
4305439;2017;storage;;Número de estabelecimentos agropecuários com veículos;23.0;;6875
4305447;2017;storage;;Número de estabelecimentos agropecuários com veículos;335.0;;6875
4305454;2017;storage;;Número de estabelecimentos agropecuários com veículos;16.0;;6875
4305504;2017;storage;;Número de estabelecimentos agropecuários com veículos;176.0;;6875
4305587;2017;storage;;Número de estabelecimentos agropecuários com veículos;97.0;;6875
4305603;2017;storage;;Número de estabelecimentos agropecuários com veículos;276.0;;6875
4305702;2017;storage;;Número de estabelecimentos agropecuários com veículos;283.0;;6875
4305801;2017;storage;;Número de estabelecimentos agropecuários com veículos;392.0;;6875
4305835;2017;storage;;Número de estabelecimentos agropecuários com veículos;126.0;;6875
4305850;2017;storage;;Número de estabelecimentos agropecuários com veículos;264.0;;6875
4305871;2017;storage;;Número de estabelecimentos agropecuários com veículos;194.0;;6875
4305900;2017;storage;;Número de estabelecimentos agropecuários com veículos;242.0;;6875
4305934;2017;storage;;Número de estabelecimentos agropecuários com veículos;192.0;;6875
4305959;2017;storage;;Número de estabelecimentos agropecuários com veículos;346.0;;6875
4305975;2017;storage;;Número de estabelecimentos agropecuários com veículos;189.0;;6875
4306007;2017;storage;;Número de estabelecimentos agropecuários com veículos;364.0;;6875
4306056;2017;storage;;Número de estabelecimentos agropecuários com veículos;270.0;;6875
4306072;2017;storage;;Número de estabelecimentos agropecuários com veículos;66.0;;6875
4306106;2017;storage;;Número de estabelecimentos agropecuários com veículos;301.0;;6875
4306130;2017;storage;;Número de estabelecimentos agropecuários com veículos;218.0;;6875
4306205;2017;storage;;Número de estabelecimentos agropecuários com veículos;412.0;;6875
4306304;2017;storage;;Número de estabelecimentos agropecuários com veículos;310.0;;6875
4306320;2017;storage;;Número de estabelecimentos agropecuários com veículos;228.0;;6875
4306353;2017;storage;;Número de estabelecimentos agropecuários com veículos;388.0;;6875
4306379;2017;storage;;Número de estabelecimentos agropecuários com veículos;137.0;;6875
4306403;2017;storage;;Número de estabelecimentos agropecuários com veículos;16.0;;6875
4306429;2017;storage;;Número de estabelecimentos agropecuários com veículos;89.0;;6875
4306452;2017;storage;;Número de estabelecimentos agropecuários com veículos;115.0;;6875
4306502;2017;storage;;Número de estabelecimentos agropecuários com veículos;892.0;;6875
4306551;2017;storage;;Número de estabelecimentos agropecuários com veículos;123.0;;6875
4306601;2017;storage;;Número de estabelecimentos agropecuários com veículos;412.0;;6875
4306700;2017;storage;;Número de estabelecimentos agropecuários com veículos;193.0;;6875
4306734;2017;storage;;Número de estabelecimentos agropecuários com veículos;410.0;;6875
4306759;2017;storage;;Número de estabelecimentos agropecuários com veículos;91.0;;6875
4306767;2017;storage;;Número de estabelecimentos agropecuários com veículos;90.0;;6875
4306809;2017;storage;;Número de estabelecimentos agropecuários com veículos;119.0;;6875
4306908;2017;storage;;Número de estabelecimentos agropecuários com veículos;471.0;;6875
4306924;2017;storage;;Número de estabelecimentos agropecuários com veículos;67.0;;6875
4306932;2017;storage;;Número de estabelecimentos agropecuários com veículos;409.0;;6875
4306957;2017;storage;;Número de estabelecimentos agropecuários com veículos;86.0;;6875
4306973;2017;storage;;Número de estabelecimentos agropecuários com veículos;123.0;;6875
4307005;2017;storage;;Número de estabelecimentos agropecuários com veículos;526.0;;6875
4307054;2017;storage;;Número de estabelecimentos agropecuários com veículos;212.0;;6875
4307104;2017;storage;;Número de estabelecimentos agropecuários com veículos;180.0;;6875
4307203;2017;storage;;Número de estabelecimentos agropecuários com veículos;375.0;;6875
4307302;2017;storage;;Número de estabelecimentos agropecuários com veículos;323.0;;6875
4307401;2017;storage;;Número de estabelecimentos agropecuários com veículos;141.0;;6875
4307450;2017;storage;;Número de estabelecimentos agropecuários com veículos;148.0;;6875
4307500;2017;storage;;Número de estabelecimentos agropecuários com veículos;516.0;;6875
4307559;2017;storage;;Número de estabelecimentos agropecuários com veículos;77.0;;6875
4307609;2017;storage;;Número de estabelecimentos agropecuários com veículos;11.0;;6875
4307807;2017;storage;;Número de estabelecimentos agropecuários com veículos;270.0;;6875
4307815;2017;storage;;Número de estabelecimentos agropecuários com veículos;200.0;;6875
4307831;2017;storage;;Número de estabelecimentos agropecuários com veículos;209.0;;6875
4307864;2017;storage;;Número de estabelecimentos agropecuários com veículos;109.0;;6875
4307906;2017;storage;;Número de estabelecimentos agropecuários com veículos;780.0;;6875
4308003;2017;storage;;Número de estabelecimentos agropecuários com veículos;251.0;;6875
4308052;2017;storage;;Número de estabelecimentos agropecuários com veículos;113.0;;6875
4308078;2017;storage;;Número de estabelecimentos agropecuários com veículos;31.0;;6875
4308102;2017;storage;;Número de estabelecimentos agropecuários com veículos;148.0;;6875
4308201;2017;storage;;Número de estabelecimentos agropecuários com veículos;860.0;;6875
4308250;2017;storage;;Número de estabelecimentos agropecuários com veículos;100.0;;6875
4308300;2017;storage;;Número de estabelecimentos agropecuários com veículos;312.0;;6875
4308409;2017;storage;;Número de estabelecimentos agropecuários com veículos;233.0;;6875
4308433;2017;storage;;Número de estabelecimentos agropecuários com veículos;66.0;;6875
4308458;2017;storage;;Número de estabelecimentos agropecuários com veículos;199.0;;6875
4308508;2017;storage;;Número de estabelecimentos agropecuários com veículos;357.0;;6875
4308607;2017;storage;;Número de estabelecimentos agropecuários com veículos;366.0;;6875
4308656;2017;storage;;Número de estabelecimentos agropecuários com veículos;302.0;;6875
4308706;2017;storage;;Número de estabelecimentos agropecuários com veículos;290.0;;6875
4308805;2017;storage;;Número de estabelecimentos agropecuários com veículos;214.0;;6875
4308854;2017;storage;;Número de estabelecimentos agropecuários com veículos;132.0;;6875
4308904;2017;storage;;Número de estabelecimentos agropecuários com veículos;225.0;;6875
4309001;2017;storage;;Número de estabelecimentos agropecuários com veículos;544.0;;6875
4309050;2017;storage;;Número de estabelecimentos agropecuários com veículos;162.0;;6875
4309100;2017;storage;;Número de estabelecimentos agropecuários com veículos;118.0;;6875
4309126;2017;storage;;Número de estabelecimentos agropecuários com veículos;107.0;;6875
4309159;2017;storage;;Número de estabelecimentos agropecuários com veículos;141.0;;6875
4309209;2017;storage;;Número de estabelecimentos agropecuários com veículos;110.0;;6875
4309258;2017;storage;;Número de estabelecimentos agropecuários com veículos;57.0;;6875
4309308;2017;storage;;Número de estabelecimentos agropecuários com veículos;91.0;;6875
4309407;2017;storage;;Número de estabelecimentos agropecuários com veículos;161.0;;6875
4309506;2017;storage;;Número de estabelecimentos agropecuários com veículos;360.0;;6875
4309555;2017;storage;;Número de estabelecimentos agropecuários com veículos;94.0;;6875
4309571;2017;storage;;Número de estabelecimentos agropecuários com veículos;38.0;;6875
4309605;2017;storage;;Número de estabelecimentos agropecuários com veículos;238.0;;6875
4309654;2017;storage;;Número de estabelecimentos agropecuários com veículos;343.0;;6875
4309704;2017;storage;;Número de estabelecimentos agropecuários com veículos;195.0;;6875
4309753;2017;storage;;Número de estabelecimentos agropecuários com veículos;259.0;;6875
4309803;2017;storage;;Número de estabelecimentos agropecuários com veículos;242.0;;6875
4309902;2017;storage;;Número de estabelecimentos agropecuários com veículos;377.0;;6875
4309951;2017;storage;;Número de estabelecimentos agropecuários com veículos;192.0;;6875
4310009;2017;storage;;Número de estabelecimentos agropecuários com veículos;700.0;;6875
4310108;2017;storage;;Número de estabelecimentos agropecuários com veículos;145.0;;6875
4310207;2017;storage;;Número de estabelecimentos agropecuários com veículos;950.0;;6875
4310306;2017;storage;;Número de estabelecimentos agropecuários com veículos;296.0;;6875
4310330;2017;storage;;Número de estabelecimentos agropecuários com veículos;1.0;;6875
4310363;2017;storage;;Número de estabelecimentos agropecuários com veículos;139.0;;6875
4310405;2017;storage;;Número de estabelecimentos agropecuários com veículos;316.0;;6875
4310413;2017;storage;;Número de estabelecimentos agropecuários com veículos;92.0;;6875
4310439;2017;storage;;Número de estabelecimentos agropecuários com veículos;503.0;;6875
4310462;2017;storage;;Número de estabelecimentos agropecuários com veículos;103.0;;6875
4310504;2017;storage;;Número de estabelecimentos agropecuários com veículos;356.0;;6875
4310538;2017;storage;;Número de estabelecimentos agropecuários com veículos;34.0;;6875
4310553;2017;storage;;Número de estabelecimentos agropecuários com veículos;166.0;;6875
4310579;2017;storage;;Número de estabelecimentos agropecuários com veículos;84.0;;6875
4310603;2017;storage;;Número de estabelecimentos agropecuários com veículos;205.0;;6875
4310652;2017;storage;;Número de estabelecimentos agropecuários com veículos;50.0;;6875
4310702;2017;storage;;Número de estabelecimentos agropecuários com veículos;231.0;;6875
4310751;2017;storage;;Número de estabelecimentos agropecuários com veículos;113.0;;6875
4310801;2017;storage;;Número de estabelecimentos agropecuários com veículos;52.0;;6875
4310850;2017;storage;;Número de estabelecimentos agropecuários com veículos;113.0;;6875
4310876;2017;storage;;Número de estabelecimentos agropecuários com veículos;134.0;;6875
4310900;2017;storage;;Número de estabelecimentos agropecuários com veículos;112.0;;6875
4311007;2017;storage;;Número de estabelecimentos agropecuários com veículos;260.0;;6875
4311106;2017;storage;;Número de estabelecimentos agropecuários com veículos;656.0;;6875
4311122;2017;storage;;Número de estabelecimentos agropecuários com veículos;124.0;;6875
4311130;2017;storage;;Número de estabelecimentos agropecuários com veículos;319.0;;6875
4311155;2017;storage;;Número de estabelecimentos agropecuários com veículos;664.0;;6875
4311205;2017;storage;;Número de estabelecimentos agropecuários com veículos;499.0;;6875
4311239;2017;storage;;Número de estabelecimentos agropecuários com veículos;85.0;;6875
4311254;2017;storage;;Número de estabelecimentos agropecuários com veículos;125.0;;6875
4311270;2017;storage;;Número de estabelecimentos agropecuários com veículos;145.0;;6875
4311304;2017;storage;;Número de estabelecimentos agropecuários com veículos;515.0;;6875
4311403;2017;storage;;Número de estabelecimentos agropecuários com veículos;90.0;;6875
4311429;2017;storage;;Número de estabelecimentos agropecuários com veículos;95.0;;6875
4311502;2017;storage;;Número de estabelecimentos agropecuários com veículos;315.0;;6875
4311601;2017;storage;;Número de estabelecimentos agropecuários com veículos;342.0;;6875
4311627;2017;storage;;Número de estabelecimentos agropecuários com veículos;36.0;;6875
4311643;2017;storage;;Número de estabelecimentos agropecuários com veículos;120.0;;6875
4311700;2017;storage;;Número de estabelecimentos agropecuários com veículos;201.0;;6875
4311718;2017;storage;;Número de estabelecimentos agropecuários com veículos;125.0;;6875
4311734;2017;storage;;Número de estabelecimentos agropecuários com veículos;215.0;;6875
4311759;2017;storage;;Número de estabelecimentos agropecuários com veículos;246.0;;6875
4311775;2017;storage;;Número de estabelecimentos agropecuários com veículos;124.0;;6875
4311791;2017;storage;;Número de estabelecimentos agropecuários com veículos;112.0;;6875
4311809;2017;storage;;Número de estabelecimentos agropecuários com veículos;606.0;;6875
4311908;2017;storage;;Número de estabelecimentos agropecuários com veículos;352.0;;6875
4311981;2017;storage;;Número de estabelecimentos agropecuários com veículos;520.0;;6875
4312005;2017;storage;;Número de estabelecimentos agropecuários com veículos;98.0;;6875
4312054;2017;storage;;Número de estabelecimentos agropecuários com veículos;214.0;;6875
4312104;2017;storage;;Número de estabelecimentos agropecuários com veículos;283.0;;6875
4312138;2017;storage;;Número de estabelecimentos agropecuários com veículos;182.0;;6875
4312153;2017;storage;;Número de estabelecimentos agropecuários com veículos;27.0;;6875
4312179;2017;storage;;Número de estabelecimentos agropecuários com veículos;175.0;;6875
4312203;2017;storage;;Número de estabelecimentos agropecuários com veículos;161.0;;6875
4312252;2017;storage;;Número de estabelecimentos agropecuários com veículos;27.0;;6875
4312302;2017;storage;;Número de estabelecimentos agropecuários com veículos;231.0;;6875
4312351;2017;storage;;Número de estabelecimentos agropecuários com veículos;118.0;;6875
4312377;2017;storage;;Número de estabelecimentos agropecuários com veículos;244.0;;6875
4312385;2017;storage;;Número de estabelecimentos agropecuários com veículos;371.0;;6875
4312401;2017;storage;;Número de estabelecimentos agropecuários com veículos;314.0;;6875
4312427;2017;storage;;Número de estabelecimentos agropecuários com veículos;101.0;;6875
4312443;2017;storage;;Número de estabelecimentos agropecuários com veículos;217.0;;6875
4312450;2017;storage;;Número de estabelecimentos agropecuários com veículos;131.0;;6875
4312476;2017;storage;;Número de estabelecimentos agropecuários com veículos;44.0;;6875
4312500;2017;storage;;Número de estabelecimentos agropecuários com veículos;230.0;;6875
4312609;2017;storage;;Número de estabelecimentos agropecuários com veículos;87.0;;6875
4312617;2017;storage;;Número de estabelecimentos agropecuários com veículos;170.0;;6875
4312625;2017;storage;;Número de estabelecimentos agropecuários com veículos;186.0;;6875
4312658;2017;storage;;Número de estabelecimentos agropecuários com veículos;334.0;;6875
4312674;2017;storage;;Número de estabelecimentos agropecuários com veículos;107.0;;6875
4312708;2017;storage;;Número de estabelecimentos agropecuários com veículos;150.0;;6875
4312757;2017;storage;;Número de estabelecimentos agropecuários com veículos;158.0;;6875
4312807;2017;storage;;Número de estabelecimentos agropecuários com veículos;178.0;;6875
4312906;2017;storage;;Número de estabelecimentos agropecuários com veículos;224.0;;6875
4312955;2017;storage;;Número de estabelecimentos agropecuários com veículos;194.0;;6875
4313003;2017;storage;;Número de estabelecimentos agropecuários com veículos;224.0;;6875
4313011;2017;storage;;Número de estabelecimentos agropecuários com veículos;263.0;;6875
4313037;2017;storage;;Número de estabelecimentos agropecuários com veículos;228.0;;6875
4313060;2017;storage;;Número de estabelecimentos agropecuários com veículos;22.0;;6875
4313086;2017;storage;;Número de estabelecimentos agropecuários com veículos;268.0;;6875
4313102;2017;storage;;Número de estabelecimentos agropecuários com veículos;392.0;;6875
4313201;2017;storage;;Número de estabelecimentos agropecuários com veículos;376.0;;6875
4313300;2017;storage;;Número de estabelecimentos agropecuários com veículos;118.0;;6875
4313334;2017;storage;;Número de estabelecimentos agropecuários com veículos;263.0;;6875
4313359;2017;storage;;Número de estabelecimentos agropecuários com veículos;228.0;;6875
4313375;2017;storage;;Número de estabelecimentos agropecuários com veículos;179.0;;6875
4313391;2017;storage;;Número de estabelecimentos agropecuários com veículos;213.0;;6875
4313409;2017;storage;;Número de estabelecimentos agropecuários com veículos;59.0;;6875
4313425;2017;storage;;Número de estabelecimentos agropecuários com veículos;296.0;;6875
4313441;2017;storage;;Número de estabelecimentos agropecuários com veículos;92.0;;6875
4313466;2017;storage;;Número de estabelecimentos agropecuários com veículos;159.0;;6875
4313490;2017;storage;;Número de estabelecimentos agropecuários com veículos;207.0;;6875
4313508;2017;storage;;Número de estabelecimentos agropecuários com veículos;148.0;;6875
4313607;2017;storage;;Número de estabelecimentos agropecuários com veículos;237.0;;6875
4313656;2017;storage;;Número de estabelecimentos agropecuários com veículos;83.0;;6875
4313706;2017;storage;;Número de estabelecimentos agropecuários com veículos;486.0;;6875
4313805;2017;storage;;Número de estabelecimentos agropecuários com veículos;452.0;;6875
4313904;2017;storage;;Número de estabelecimentos agropecuários com veículos;557.0;;6875
4313953;2017;storage;;Número de estabelecimentos agropecuários com veículos;96.0;;6875
4314001;2017;storage;;Número de estabelecimentos agropecuários com veículos;247.0;;6875
4314027;2017;storage;;Número de estabelecimentos agropecuários com veículos;416.0;;6875
4314035;2017;storage;;Número de estabelecimentos agropecuários com veículos;194.0;;6875
4314050;2017;storage;;Número de estabelecimentos agropecuários com veículos;33.0;;6875
4314068;2017;storage;;Número de estabelecimentos agropecuários com veículos;282.0;;6875
4314076;2017;storage;;Número de estabelecimentos agropecuários com veículos;175.0;;6875
4314100;2017;storage;;Número de estabelecimentos agropecuários com veículos;454.0;;6875
4314134;2017;storage;;Número de estabelecimentos agropecuários com veículos;140.0;;6875
4314159;2017;storage;;Número de estabelecimentos agropecuários com veículos;301.0;;6875
4314175;2017;storage;;Número de estabelecimentos agropecuários com veículos;211.0;;6875
4314209;2017;storage;;Número de estabelecimentos agropecuários com veículos;89.0;;6875
4314308;2017;storage;;Número de estabelecimentos agropecuários com veículos;171.0;;6875
4314407;2017;storage;;Número de estabelecimentos agropecuários com veículos;752.0;;6875
4314423;2017;storage;;Número de estabelecimentos agropecuários com veículos;57.0;;6875
4314456;2017;storage;;Número de estabelecimentos agropecuários com veículos;220.0;;6875
4314464;2017;storage;;Número de estabelecimentos agropecuários com veículos;141.0;;6875
4314472;2017;storage;;Número de estabelecimentos agropecuários com veículos;291.0;;6875
4314498;2017;storage;;Número de estabelecimentos agropecuários com veículos;403.0;;6875
4314506;2017;storage;;Número de estabelecimentos agropecuários com veículos;296.0;;6875
4314548;2017;storage;;Número de estabelecimentos agropecuários com veículos;369.0;;6875
4314555;2017;storage;;Número de estabelecimentos agropecuários com veículos;365.0;;6875
4314605;2017;storage;;Número de estabelecimentos agropecuários com veículos;445.0;;6875
4314704;2017;storage;;Número de estabelecimentos agropecuários com veículos;281.0;;6875
4314753;2017;storage;;Número de estabelecimentos agropecuários com veículos;123.0;;6875
4314779;2017;storage;;Número de estabelecimentos agropecuários com veículos;234.0;;6875
4314787;2017;storage;;Número de estabelecimentos agropecuários com veículos;174.0;;6875
4314803;2017;storage;;Número de estabelecimentos agropecuários com veículos;92.0;;6875
4314902;2017;storage;;Número de estabelecimentos agropecuários com veículos;125.0;;6875
4315008;2017;storage;;Número de estabelecimentos agropecuários com veículos;533.0;;6875
4315057;2017;storage;;Número de estabelecimentos agropecuários com veículos;173.0;;6875
4315073;2017;storage;;Número de estabelecimentos agropecuários com veículos;153.0;;6875
4315107;2017;storage;;Número de estabelecimentos agropecuários com veículos;433.0;;6875
4315131;2017;storage;;Número de estabelecimentos agropecuários com veículos;50.0;;6875
4315149;2017;storage;;Número de estabelecimentos agropecuários com veículos;67.0;;6875
4315156;2017;storage;;Número de estabelecimentos agropecuários com veículos;305.0;;6875
4315172;2017;storage;;Número de estabelecimentos agropecuários com veículos;167.0;;6875
4315206;2017;storage;;Número de estabelecimentos agropecuários com veículos;348.0;;6875
4315305;2017;storage;;Número de estabelecimentos agropecuários com veículos;153.0;;6875
4315313;2017;storage;;Número de estabelecimentos agropecuários com veículos;124.0;;6875
4315321;2017;storage;;Número de estabelecimentos agropecuários com veículos;118.0;;6875
4315354;2017;storage;;Número de estabelecimentos agropecuários com veículos;189.0;;6875
4315404;2017;storage;;Número de estabelecimentos agropecuários com veículos;171.0;;6875
4315453;2017;storage;;Número de estabelecimentos agropecuários com veículos;87.0;;6875
4315503;2017;storage;;Número de estabelecimentos agropecuários com veículos;496.0;;6875
4315552;2017;storage;;Número de estabelecimentos agropecuários com veículos;265.0;;6875
4315602;2017;storage;;Número de estabelecimentos agropecuários com veículos;370.0;;6875
4315701;2017;storage;;Número de estabelecimentos agropecuários com veículos;903.0;;6875
4315750;2017;storage;;Número de estabelecimentos agropecuários com veículos;140.0;;6875
4315800;2017;storage;;Número de estabelecimentos agropecuários com veículos;373.0;;6875
4315909;2017;storage;;Número de estabelecimentos agropecuários com veículos;185.0;;6875
4315958;2017;storage;;Número de estabelecimentos agropecuários com veículos;226.0;;6875
4316006;2017;storage;;Número de estabelecimentos agropecuários com veículos;203.0;;6875
4316105;2017;storage;;Número de estabelecimentos agropecuários com veículos;341.0;;6875
4316204;2017;storage;;Número de estabelecimentos agropecuários com veículos;422.0;;6875
4316303;2017;storage;;Número de estabelecimentos agropecuários com veículos;463.0;;6875
4316402;2017;storage;;Número de estabelecimentos agropecuários com veículos;636.0;;6875
4316428;2017;storage;;Número de estabelecimentos agropecuários com veículos;96.0;;6875
4316436;2017;storage;;Número de estabelecimentos agropecuários com veículos;147.0;;6875
4316451;2017;storage;;Número de estabelecimentos agropecuários com veículos;112.0;;6875
4316477;2017;storage;;Número de estabelecimentos agropecuários com veículos;204.0;;6875
4316501;2017;storage;;Número de estabelecimentos agropecuários com veículos;164.0;;6875
4316600;2017;storage;;Número de estabelecimentos agropecuários com veículos;556.0;;6875
4316709;2017;storage;;Número de estabelecimentos agropecuários com veículos;243.0;;6875
4316733;2017;storage;;Número de estabelecimentos agropecuários com veículos;210.0;;6875
4316758;2017;storage;;Número de estabelecimentos agropecuários com veículos;126.0;;6875
4316808;2017;storage;;Número de estabelecimentos agropecuários com veículos;901.0;;6875
4316907;2017;storage;;Número de estabelecimentos agropecuários com veículos;691.0;;6875
4316956;2017;storage;;Número de estabelecimentos agropecuários com veículos;90.0;;6875
4316972;2017;storage;;Número de estabelecimentos agropecuários com veículos;134.0;;6875
4317004;2017;storage;;Número de estabelecimentos agropecuários com veículos;429.0;;6875
4317103;2017;storage;;Número de estabelecimentos agropecuários com veículos;1066.0;;6875
4317202;2017;storage;;Número de estabelecimentos agropecuários com veículos;711.0;;6875
4317251;2017;storage;;Número de estabelecimentos agropecuários com veículos;120.0;;6875
4317301;2017;storage;;Número de estabelecimentos agropecuários com veículos;267.0;;6875
4317400;2017;storage;;Número de estabelecimentos agropecuários com veículos;549.0;;6875
4317509;2017;storage;;Número de estabelecimentos agropecuários com veículos;566.0;;6875
4317558;2017;storage;;Número de estabelecimentos agropecuários com veículos;187.0;;6875
4317608;2017;storage;;Número de estabelecimentos agropecuários com veículos;322.0;;6875
4317707;2017;storage;;Número de estabelecimentos agropecuários com veículos;415.0;;6875
4317756;2017;storage;;Número de estabelecimentos agropecuários com veículos;169.0;;6875
4317806;2017;storage;;Número de estabelecimentos agropecuários com veículos;262.0;;6875
4317905;2017;storage;;Número de estabelecimentos agropecuários com veículos;810.0;;6875
4317954;2017;storage;;Número de estabelecimentos agropecuários com veículos;196.0;;6875
4318002;2017;storage;;Número de estabelecimentos agropecuários com veículos;498.0;;6875
4318051;2017;storage;;Número de estabelecimentos agropecuários com veículos;52.0;;6875
4318101;2017;storage;;Número de estabelecimentos agropecuários com veículos;759.0;;6875
4318200;2017;storage;;Número de estabelecimentos agropecuários com veículos;363.0;;6875
4318309;2017;storage;;Número de estabelecimentos agropecuários com veículos;746.0;;6875
4318408;2017;storage;;Número de estabelecimentos agropecuários com veículos;347.0;;6875
4318424;2017;storage;;Número de estabelecimentos agropecuários com veículos;294.0;;6875
4318432;2017;storage;;Número de estabelecimentos agropecuários com veículos;67.0;;6875
4318440;2017;storage;;Número de estabelecimentos agropecuários com veículos;192.0;;6875
4318457;2017;storage;;Número de estabelecimentos agropecuários com veículos;123.0;;6875
4318465;2017;storage;;Número de estabelecimentos agropecuários com veículos;25.0;;6875
4318481;2017;storage;;Número de estabelecimentos agropecuários com veículos;107.0;;6875
4318499;2017;storage;;Número de estabelecimentos agropecuários com veículos;197.0;;6875
4318507;2017;storage;;Número de estabelecimentos agropecuários com veículos;413.0;;6875
4318606;2017;storage;;Número de estabelecimentos agropecuários com veículos;255.0;;6875
4318614;2017;storage;;Número de estabelecimentos agropecuários com veículos;95.0;;6875
4318622;2017;storage;;Número de estabelecimentos agropecuários com veículos;227.0;;6875
4318705;2017;storage;;Número de estabelecimentos agropecuários com veículos;21.0;;6875
4318804;2017;storage;;Número de estabelecimentos agropecuários com veículos;1512.0;;6875
4318903;2017;storage;;Número de estabelecimentos agropecuários com veículos;475.0;;6875
4319000;2017;storage;;Número de estabelecimentos agropecuários com veículos;287.0;;6875
4319109;2017;storage;;Número de estabelecimentos agropecuários com veículos;178.0;;6875
4319125;2017;storage;;Número de estabelecimentos agropecuários com veículos;103.0;;6875
4319158;2017;storage;;Número de estabelecimentos agropecuários com veículos;394.0;;6875
4319208;2017;storage;;Número de estabelecimentos agropecuários com veículos;338.0;;6875
4319307;2017;storage;;Número de estabelecimentos agropecuários com veículos;553.0;;6875
4319356;2017;storage;;Número de estabelecimentos agropecuários com veículos;40.0;;6875
4319364;2017;storage;;Número de estabelecimentos agropecuários com veículos;119.0;;6875
4319372;2017;storage;;Número de estabelecimentos agropecuários com veículos;178.0;;6875
4319406;2017;storage;;Número de estabelecimentos agropecuários com veículos;474.0;;6875
4319505;2017;storage;;Número de estabelecimentos agropecuários com veículos;203.0;;6875
4319604;2017;storage;;Número de estabelecimentos agropecuários com veículos;484.0;;6875
4319703;2017;storage;;Número de estabelecimentos agropecuários com veículos;88.0;;6875
4319711;2017;storage;;Número de estabelecimentos agropecuários com veículos;139.0;;6875
4319737;2017;storage;;Número de estabelecimentos agropecuários com veículos;82.0;;6875
4319752;2017;storage;;Número de estabelecimentos agropecuários com veículos;41.0;;6875
4319802;2017;storage;;Número de estabelecimentos agropecuários com veículos;424.0;;6875
4319901;2017;storage;;Número de estabelecimentos agropecuários com veículos;81.0;;6875
4320008;2017;storage;;Número de estabelecimentos agropecuários com veículos;16.0;;6875
4320107;2017;storage;;Número de estabelecimentos agropecuários com veículos;351.0;;6875
4320206;2017;storage;;Número de estabelecimentos agropecuários com veículos;504.0;;6875
4320230;2017;storage;;Número de estabelecimentos agropecuários com veículos;108.0;;6875
4320263;2017;storage;;Número de estabelecimentos agropecuários com veículos;515.0;;6875
4320305;2017;storage;;Número de estabelecimentos agropecuários com veículos;168.0;;6875
4320321;2017;storage;;Número de estabelecimentos agropecuários com veículos;245.0;;6875
4320354;2017;storage;;Número de estabelecimentos agropecuários com veículos;360.0;;6875
4320404;2017;storage;;Número de estabelecimentos agropecuários com veículos;112.0;;6875
4320453;2017;storage;;Número de estabelecimentos agropecuários com veículos;101.0;;6875
4320503;2017;storage;;Número de estabelecimentos agropecuários com veículos;383.0;;6875
4320552;2017;storage;;Número de estabelecimentos agropecuários com veículos;237.0;;6875
4320578;2017;storage;;Número de estabelecimentos agropecuários com veículos;124.0;;6875
4320602;2017;storage;;Número de estabelecimentos agropecuários com veículos;274.0;;6875
4320651;2017;storage;;Número de estabelecimentos agropecuários com veículos;163.0;;6875
4320677;2017;storage;;Número de estabelecimentos agropecuários com veículos;119.0;;6875
4320701;2017;storage;;Número de estabelecimentos agropecuários com veículos;280.0;;6875
4320800;2017;storage;;Número de estabelecimentos agropecuários com veículos;423.0;;6875
4320859;2017;storage;;Número de estabelecimentos agropecuários com veículos;132.0;;6875
4320909;2017;storage;;Número de estabelecimentos agropecuários com veículos;315.0;;6875
4321006;2017;storage;;Número de estabelecimentos agropecuários com veículos;206.0;;6875
4321105;2017;storage;;Número de estabelecimentos agropecuários com veículos;107.0;;6875
4321204;2017;storage;;Número de estabelecimentos agropecuários com veículos;241.0;;6875
4321303;2017;storage;;Número de estabelecimentos agropecuários com veículos;155.0;;6875
4321329;2017;storage;;Número de estabelecimentos agropecuários com veículos;184.0;;6875
4321352;2017;storage;;Número de estabelecimentos agropecuários com veículos;150.0;;6875
4321402;2017;storage;;Número de estabelecimentos agropecuários com veículos;270.0;;6875
4321436;2017;storage;;Número de estabelecimentos agropecuários com veículos;55.0;;6875
4321451;2017;storage;;Número de estabelecimentos agropecuários com veículos;296.0;;6875
4321469;2017;storage;;Número de estabelecimentos agropecuários com veículos;33.0;;6875
4321477;2017;storage;;Número de estabelecimentos agropecuários com veículos;205.0;;6875
4321493;2017;storage;;Número de estabelecimentos agropecuários com veículos;156.0;;6875
4321501;2017;storage;;Número de estabelecimentos agropecuários com veículos;125.0;;6875
4321600;2017;storage;;Número de estabelecimentos agropecuários com veículos;28.0;;6875
4321626;2017;storage;;Número de estabelecimentos agropecuários com veículos;110.0;;6875
4321634;2017;storage;;Número de estabelecimentos agropecuários com veículos;203.0;;6875
4321667;2017;storage;;Número de estabelecimentos agropecuários com veículos;169.0;;6875
4321709;2017;storage;;Número de estabelecimentos agropecuários com veículos;75.0;;6875
4321808;2017;storage;;Número de estabelecimentos agropecuários com veículos;644.0;;6875
4321832;2017;storage;;Número de estabelecimentos agropecuários com veículos;195.0;;6875
4321857;2017;storage;;Número de estabelecimentos agropecuários com veículos;161.0;;6875
4321907;2017;storage;;Número de estabelecimentos agropecuários com veículos;441.0;;6875
4321956;2017;storage;;Número de estabelecimentos agropecuários com veículos;269.0;;6875
4322004;2017;storage;;Número de estabelecimentos agropecuários com veículos;369.0;;6875
4322103;2017;storage;;Número de estabelecimentos agropecuários com veículos;235.0;;6875
4322152;2017;storage;;Número de estabelecimentos agropecuários com veículos;317.0;;6875
4322186;2017;storage;;Número de estabelecimentos agropecuários com veículos;113.0;;6875
4322202;2017;storage;;Número de estabelecimentos agropecuários com veículos;478.0;;6875
4322251;2017;storage;;Número de estabelecimentos agropecuários com veículos;27.0;;6875
4322301;2017;storage;;Número de estabelecimentos agropecuários com veículos;616.0;;6875
4322327;2017;storage;;Número de estabelecimentos agropecuários com veículos;70.0;;6875
4322343;2017;storage;;Número de estabelecimentos agropecuários com veículos;324.0;;6875
4322350;2017;storage;;Número de estabelecimentos agropecuários com veículos;32.0;;6875
4322376;2017;storage;;Número de estabelecimentos agropecuários com veículos;163.0;;6875
4322400;2017;storage;;Número de estabelecimentos agropecuários com veículos;468.0;;6875
4322509;2017;storage;;Número de estabelecimentos agropecuários com veículos;436.0;;6875
4322525;2017;storage;;Número de estabelecimentos agropecuários com veículos;185.0;;6875
4322533;2017;storage;;Número de estabelecimentos agropecuários com veículos;307.0;;6875
4322541;2017;storage;;Número de estabelecimentos agropecuários com veículos;48.0;;6875
4322558;2017;storage;;Número de estabelecimentos agropecuários com veículos;40.0;;6875
4322608;2017;storage;;Número de estabelecimentos agropecuários com veículos;909.0;;6875
4322707;2017;storage;;Número de estabelecimentos agropecuários com veículos;511.0;;6875
4322806;2017;storage;;Número de estabelecimentos agropecuários com veículos;451.0;;6875
4322855;2017;storage;;Número de estabelecimentos agropecuários com veículos;164.0;;6875
4322905;2017;storage;;Número de estabelecimentos agropecuários com veículos;353.0;;6875
4323002;2017;storage;;Número de estabelecimentos agropecuários com veículos;322.0;;6875
4323101;2017;storage;;Número de estabelecimentos agropecuários com veículos;424.0;;6875
4323200;2017;storage;;Número de estabelecimentos agropecuários com veículos;259.0;;6875
4323309;2017;storage;;Número de estabelecimentos agropecuários com veículos;126.0;;6875
4323358;2017;storage;;Número de estabelecimentos agropecuários com veículos;192.0;;6875
4323408;2017;storage;;Número de estabelecimentos agropecuários com veículos;224.0;;6875
4323457;2017;storage;;Número de estabelecimentos agropecuários com veículos;77.0;;6875
4323507;2017;storage;;Número de estabelecimentos agropecuários com veículos;223.0;;6875
4323606;2017;storage;;Número de estabelecimentos agropecuários com veículos;90.0;;6875
4323705;2017;storage;;Número de estabelecimentos agropecuários com veículos;89.0;;6875
4323754;2017;storage;;Número de estabelecimentos agropecuários com veículos;300.0;;6875
4323770;2017;storage;;Número de estabelecimentos agropecuários com veículos;144.0;;6875
4323804;2017;storage;;Número de estabelecimentos agropecuários com veículos;6.0;;6875
4200051;2017;storage;;Número de estabelecimentos agropecuários com veículos;243.0;;6875
4200101;2017;storage;;Número de estabelecimentos agropecuários com veículos;411.0;;6875
4200200;2017;storage;;Número de estabelecimentos agropecuários com veículos;215.0;;6875
4200309;2017;storage;;Número de estabelecimentos agropecuários com veículos;209.0;;6875
4200408;2017;storage;;Número de estabelecimentos agropecuários com veículos;277.0;;6875
4200507;2017;storage;;Número de estabelecimentos agropecuários com veículos;322.0;;6875
4200556;2017;storage;;Número de estabelecimentos agropecuários com veículos;250.0;;6875
4200606;2017;storage;;Número de estabelecimentos agropecuários com veículos;210.0;;6875
4200705;2017;storage;;Número de estabelecimentos agropecuários com veículos;870.0;;6875
4200754;2017;storage;;Número de estabelecimentos agropecuários com veículos;139.0;;6875
4200804;2017;storage;;Número de estabelecimentos agropecuários com veículos;177.0;;6875
4200903;2017;storage;;Número de estabelecimentos agropecuários com veículos;530.0;;6875
4201000;2017;storage;;Número de estabelecimentos agropecuários com veículos;424.0;;6875
4201109;2017;storage;;Número de estabelecimentos agropecuários com veículos;266.0;;6875
4201208;2017;storage;;Número de estabelecimentos agropecuários com veículos;235.0;;6875
4201257;2017;storage;;Número de estabelecimentos agropecuários com veículos;70.0;;6875
4201273;2017;storage;;Número de estabelecimentos agropecuários com veículos;398.0;;6875
4201307;2017;storage;;Número de estabelecimentos agropecuários com veículos;85.0;;6875
4201406;2017;storage;;Número de estabelecimentos agropecuários com veículos;347.0;;6875
4201505;2017;storage;;Número de estabelecimentos agropecuários com veículos;112.0;;6875
4201604;2017;storage;;Número de estabelecimentos agropecuários com veículos;208.0;;6875
4201653;2017;storage;;Número de estabelecimentos agropecuários com veículos;29.0;;6875
4201703;2017;storage;;Número de estabelecimentos agropecuários com veículos;48.0;;6875
4201802;2017;storage;;Número de estabelecimentos agropecuários com veículos;188.0;;6875
4201901;2017;storage;;Número de estabelecimentos agropecuários com veículos;230.0;;6875
4201950;2017;storage;;Número de estabelecimentos agropecuários com veículos;28.0;;6875
4202008;2017;storage;;Número de estabelecimentos agropecuários com veículos;2.0;;6875
4202057;2017;storage;;Número de estabelecimentos agropecuários com veículos;15.0;;6875
4202073;2017;storage;;Número de estabelecimentos agropecuários com veículos;38.0;;6875
4202081;2017;storage;;Número de estabelecimentos agropecuários com veículos;132.0;;6875
4202099;2017;storage;;Número de estabelecimentos agropecuários com veículos;106.0;;6875
4202107;2017;storage;;Número de estabelecimentos agropecuários com veículos;74.0;;6875
4202131;2017;storage;;Número de estabelecimentos agropecuários com veículos;512.0;;6875
4202156;2017;storage;;Número de estabelecimentos agropecuários com veículos;106.0;;6875
4202206;2017;storage;;Número de estabelecimentos agropecuários com veículos;121.0;;6875
4202305;2017;storage;;Número de estabelecimentos agropecuários com veículos;86.0;;6875
4202404;2017;storage;;Número de estabelecimentos agropecuários com veículos;72.0;;6875
4202438;2017;storage;;Número de estabelecimentos agropecuários com veículos;172.0;;6875
4202453;2017;storage;;Número de estabelecimentos agropecuários com veículos;1.0;;6875
4202503;2017;storage;;Número de estabelecimentos agropecuários com veículos;257.0;;6875
4202537;2017;storage;;Número de estabelecimentos agropecuários com veículos;92.0;;6875
4202578;2017;storage;;Número de estabelecimentos agropecuários com veículos;151.0;;6875
4202602;2017;storage;;Número de estabelecimentos agropecuários com veículos;337.0;;6875
4202701;2017;storage;;Número de estabelecimentos agropecuários com veículos;74.0;;6875
4202800;2017;storage;;Número de estabelecimentos agropecuários com veículos;170.0;;6875
4202859;2017;storage;;Número de estabelecimentos agropecuários com veículos;119.0;;6875
4202875;2017;storage;;Número de estabelecimentos agropecuários com veículos;266.0;;6875
4202909;2017;storage;;Número de estabelecimentos agropecuários com veículos;33.0;;6875
4203006;2017;storage;;Número de estabelecimentos agropecuários com veículos;501.0;;6875
4203105;2017;storage;;Número de estabelecimentos agropecuários com veículos;219.0;;6875
4203154;2017;storage;;Número de estabelecimentos agropecuários com veículos;83.0;;6875
4203204;2017;storage;;Número de estabelecimentos agropecuários com veículos;127.0;;6875
4203253;2017;storage;;Número de estabelecimentos agropecuários com veículos;220.0;;6875
4203303;2017;storage;;Número de estabelecimentos agropecuários com veículos;215.0;;6875
4203402;2017;storage;;Número de estabelecimentos agropecuários com veículos;332.0;;6875
4203501;2017;storage;;Número de estabelecimentos agropecuários com veículos;249.0;;6875
4203600;2017;storage;;Número de estabelecimentos agropecuários com veículos;677.0;;6875
4203709;2017;storage;;Número de estabelecimentos agropecuários com veículos;59.0;;6875
4203808;2017;storage;;Número de estabelecimentos agropecuários com veículos;1385.0;;6875
4203907;2017;storage;;Número de estabelecimentos agropecuários com veículos;73.0;;6875
4203956;2017;storage;;Número de estabelecimentos agropecuários com veículos;12.0;;6875
4204004;2017;storage;;Número de estabelecimentos agropecuários com veículos;76.0;;6875
4204103;2017;storage;;Número de estabelecimentos agropecuários com veículos;349.0;;6875
4204152;2017;storage;;Número de estabelecimentos agropecuários com veículos;246.0;;6875
4204178;2017;storage;;Número de estabelecimentos agropecuários com veículos;298.0;;6875
4204194;2017;storage;;Número de estabelecimentos agropecuários com veículos;293.0;;6875
4204202;2017;storage;;Número de estabelecimentos agropecuários com veículos;567.0;;6875
4204251;2017;storage;;Número de estabelecimentos agropecuários com veículos;78.0;;6875
4204301;2017;storage;;Número de estabelecimentos agropecuários com veículos;1404.0;;6875
4204350;2017;storage;;Número de estabelecimentos agropecuários com veículos;76.0;;6875
4204400;2017;storage;;Número de estabelecimentos agropecuários com veículos;404.0;;6875
4204459;2017;storage;;Número de estabelecimentos agropecuários com veículos;263.0;;6875
4204509;2017;storage;;Número de estabelecimentos agropecuários com veículos;161.0;;6875
4204558;2017;storage;;Número de estabelecimentos agropecuários com veículos;251.0;;6875
4204608;2017;storage;;Número de estabelecimentos agropecuários com veículos;239.0;;6875
4204707;2017;storage;;Número de estabelecimentos agropecuários com veículos;230.0;;6875
4204756;2017;storage;;Número de estabelecimentos agropecuários com veículos;92.0;;6875
4204806;2017;storage;;Número de estabelecimentos agropecuários com veículos;405.0;;6875
4204905;2017;storage;;Número de estabelecimentos agropecuários com veículos;397.0;;6875
4205001;2017;storage;;Número de estabelecimentos agropecuários com veículos;375.0;;6875
4205100;2017;storage;;Número de estabelecimentos agropecuários com veículos;212.0;;6875
4205159;2017;storage;;Número de estabelecimentos agropecuários com veículos;88.0;;6875
4205175;2017;storage;;Número de estabelecimentos agropecuários com veículos;88.0;;6875
4205191;2017;storage;;Número de estabelecimentos agropecuários com veículos;102.0;;6875
4205209;2017;storage;;Número de estabelecimentos agropecuários com veículos;135.0;;6875
4205308;2017;storage;;Número de estabelecimentos agropecuários com veículos;148.0;;6875
4205357;2017;storage;;Número de estabelecimentos agropecuários com veículos;106.0;;6875
4205407;2017;storage;;Número de estabelecimentos agropecuários com veículos;37.0;;6875
4205431;2017;storage;;Número de estabelecimentos agropecuários com veículos;192.0;;6875
4205456;2017;storage;;Número de estabelecimentos agropecuários com veículos;238.0;;6875
4205506;2017;storage;;Número de estabelecimentos agropecuários com veículos;482.0;;6875
4205555;2017;storage;;Número de estabelecimentos agropecuários com veículos;205.0;;6875
4205605;2017;storage;;Número de estabelecimentos agropecuários com veículos;127.0;;6875
4205704;2017;storage;;Número de estabelecimentos agropecuários com veículos;7.0;;6875
4205803;2017;storage;;Número de estabelecimentos agropecuários com veículos;123.0;;6875
4205902;2017;storage;;Número de estabelecimentos agropecuários com veículos;79.0;;6875
4206009;2017;storage;;Número de estabelecimentos agropecuários com veículos;13.0;;6875
4206108;2017;storage;;Número de estabelecimentos agropecuários com veículos;297.0;;6875
4206207;2017;storage;;Número de estabelecimentos agropecuários com veículos;139.0;;6875
4206306;2017;storage;;Número de estabelecimentos agropecuários com veículos;56.0;;6875
4206405;2017;storage;;Número de estabelecimentos agropecuários com veículos;532.0;;6875
4206504;2017;storage;;Número de estabelecimentos agropecuários com veículos;173.0;;6875
4206603;2017;storage;;Número de estabelecimentos agropecuários com veículos;189.0;;6875
4206652;2017;storage;;Número de estabelecimentos agropecuários com veículos;235.0;;6875
4206702;2017;storage;;Número de estabelecimentos agropecuários com veículos;138.0;;6875
4206751;2017;storage;;Número de estabelecimentos agropecuários com veículos;176.0;;6875
4206801;2017;storage;;Número de estabelecimentos agropecuários com veículos;254.0;;6875
4206900;2017;storage;;Número de estabelecimentos agropecuários com veículos;259.0;;6875
4207007;2017;storage;;Número de estabelecimentos agropecuários com veículos;485.0;;6875
4207106;2017;storage;;Número de estabelecimentos agropecuários com veículos;95.0;;6875
4207205;2017;storage;;Número de estabelecimentos agropecuários com veículos;79.0;;6875
4207304;2017;storage;;Número de estabelecimentos agropecuários com veículos;42.0;;6875
4207403;2017;storage;;Número de estabelecimentos agropecuários com veículos;353.0;;6875
4207502;2017;storage;;Número de estabelecimentos agropecuários com veículos;200.0;;6875
4207577;2017;storage;;Número de estabelecimentos agropecuários com veículos;196.0;;6875
4207601;2017;storage;;Número de estabelecimentos agropecuários com veículos;291.0;;6875
4207650;2017;storage;;Número de estabelecimentos agropecuários com veículos;105.0;;6875
4207684;2017;storage;;Número de estabelecimentos agropecuários com veículos;256.0;;6875
4207700;2017;storage;;Número de estabelecimentos agropecuários com veículos;251.0;;6875
4207759;2017;storage;;Número de estabelecimentos agropecuários com veículos;279.0;;6875
4207809;2017;storage;;Número de estabelecimentos agropecuários com veículos;175.0;;6875
4207858;2017;storage;;Número de estabelecimentos agropecuários com veículos;154.0;;6875
4207908;2017;storage;;Número de estabelecimentos agropecuários com veículos;710.0;;6875
4208005;2017;storage;;Número de estabelecimentos agropecuários com veículos;240.0;;6875
4208104;2017;storage;;Número de estabelecimentos agropecuários com veículos;624.0;;6875
4208203;2017;storage;;Número de estabelecimentos agropecuários com veículos;73.0;;6875
4208302;2017;storage;;Número de estabelecimentos agropecuários com veículos;12.0;;6875
4208401;2017;storage;;Número de estabelecimentos agropecuários com veículos;307.0;;6875
4208450;2017;storage;;Número de estabelecimentos agropecuários com veículos;27.0;;6875
4208500;2017;storage;;Número de estabelecimentos agropecuários com veículos;433.0;;6875
4208609;2017;storage;;Número de estabelecimentos agropecuários com veículos;199.0;;6875
4208708;2017;storage;;Número de estabelecimentos agropecuários com veículos;519.0;;6875
4208807;2017;storage;;Número de estabelecimentos agropecuários com veículos;113.0;;6875
4208906;2017;storage;;Número de estabelecimentos agropecuários com veículos;179.0;;6875
4208955;2017;storage;;Número de estabelecimentos agropecuários com veículos;118.0;;6875
4209003;2017;storage;;Número de estabelecimentos agropecuários com veículos;176.0;;6875
4209102;2017;storage;;Número de estabelecimentos agropecuários com veículos;379.0;;6875
4209151;2017;storage;;Número de estabelecimentos agropecuários com veículos;170.0;;6875
4209177;2017;storage;;Número de estabelecimentos agropecuários com veículos;145.0;;6875
4209201;2017;storage;;Número de estabelecimentos agropecuários com veículos;34.0;;6875
4209300;2017;storage;;Número de estabelecimentos agropecuários com veículos;547.0;;6875
4209409;2017;storage;;Número de estabelecimentos agropecuários com veículos;38.0;;6875
4209458;2017;storage;;Número de estabelecimentos agropecuários com veículos;107.0;;6875
4209508;2017;storage;;Número de estabelecimentos agropecuários com veículos;144.0;;6875
4209607;2017;storage;;Número de estabelecimentos agropecuários com veículos;93.0;;6875
4209706;2017;storage;;Número de estabelecimentos agropecuários com veículos;392.0;;6875
4209805;2017;storage;;Número de estabelecimentos agropecuários com veículos;411.0;;6875
4209854;2017;storage;;Número de estabelecimentos agropecuários com veículos;91.0;;6875
4209904;2017;storage;;Número de estabelecimentos agropecuários com veículos;198.0;;6875
4210001;2017;storage;;Número de estabelecimentos agropecuários com veículos;322.0;;6875
4210035;2017;storage;;Número de estabelecimentos agropecuários com veículos;61.0;;6875
4210050;2017;storage;;Número de estabelecimentos agropecuários com veículos;188.0;;6875
4210100;2017;storage;;Número de estabelecimentos agropecuários com veículos;1022.0;;6875
4210209;2017;storage;;Número de estabelecimentos agropecuários com veículos;164.0;;6875
4210308;2017;storage;;Número de estabelecimentos agropecuários com veículos;494.0;;6875
4210407;2017;storage;;Número de estabelecimentos agropecuários com veículos;81.0;;6875
4210506;2017;storage;;Número de estabelecimentos agropecuários com veículos;323.0;;6875
4210555;2017;storage;;Número de estabelecimentos agropecuários com veículos;101.0;;6875
4210605;2017;storage;;Número de estabelecimentos agropecuários com veículos;598.0;;6875
4210704;2017;storage;;Número de estabelecimentos agropecuários com veículos;97.0;;6875
4210803;2017;storage;;Número de estabelecimentos agropecuários com veículos;306.0;;6875
4210852;2017;storage;;Número de estabelecimentos agropecuários com veículos;162.0;;6875
4210902;2017;storage;;Número de estabelecimentos agropecuários com veículos;131.0;;6875
4211009;2017;storage;;Número de estabelecimentos agropecuários com veículos;343.0;;6875
4211058;2017;storage;;Número de estabelecimentos agropecuários com veículos;84.0;;6875
4211108;2017;storage;;Número de estabelecimentos agropecuários com veículos;232.0;;6875
4211207;2017;storage;;Número de estabelecimentos agropecuários com veículos;112.0;;6875
4211256;2017;storage;;Número de estabelecimentos agropecuários com veículos;177.0;;6875
4211306;2017;storage;;Número de estabelecimentos agropecuários com veículos;19.0;;6875
4211405;2017;storage;;Número de estabelecimentos agropecuários com veículos;173.0;;6875
4211454;2017;storage;;Número de estabelecimentos agropecuários com veículos;168.0;;6875
4211504;2017;storage;;Número de estabelecimentos agropecuários com veículos;305.0;;6875
4211603;2017;storage;;Número de estabelecimentos agropecuários com veículos;301.0;;6875
4211652;2017;storage;;Número de estabelecimentos agropecuários com veículos;137.0;;6875
4211702;2017;storage;;Número de estabelecimentos agropecuários com veículos;341.0;;6875
4211751;2017;storage;;Número de estabelecimentos agropecuários com veículos;182.0;;6875
4211801;2017;storage;;Número de estabelecimentos agropecuários com veículos;320.0;;6875
4211850;2017;storage;;Número de estabelecimentos agropecuários com veículos;72.0;;6875
4211876;2017;storage;;Número de estabelecimentos agropecuários com veículos;137.0;;6875
4211892;2017;storage;;Número de estabelecimentos agropecuários com veículos;77.0;;6875
4211900;2017;storage;;Número de estabelecimentos agropecuários com veículos;59.0;;6875
4212007;2017;storage;;Número de estabelecimentos agropecuários com veículos;226.0;;6875
4212056;2017;storage;;Número de estabelecimentos agropecuários com veículos;170.0;;6875
4212106;2017;storage;;Número de estabelecimentos agropecuários com veículos;575.0;;6875
4212205;2017;storage;;Número de estabelecimentos agropecuários com veículos;659.0;;6875
4212239;2017;storage;;Número de estabelecimentos agropecuários com veículos;209.0;;6875
4212254;2017;storage;;Número de estabelecimentos agropecuários com veículos;25.0;;6875
4212270;2017;storage;;Número de estabelecimentos agropecuários com veículos;199.0;;6875
4212304;2017;storage;;Número de estabelecimentos agropecuários com veículos;56.0;;6875
4212403;2017;storage;;Número de estabelecimentos agropecuários com veículos;145.0;;6875
4212502;2017;storage;;Número de estabelecimentos agropecuários com veículos;20.0;;6875
4212601;2017;storage;;Número de estabelecimentos agropecuários com veículos;122.0;;6875
4212650;2017;storage;;Número de estabelecimentos agropecuários com veículos;20.0;;6875
4212700;2017;storage;;Número de estabelecimentos agropecuários com veículos;463.0;;6875
4212809;2017;storage;;Número de estabelecimentos agropecuários com veículos;33.0;;6875
4212908;2017;storage;;Número de estabelecimentos agropecuários com veículos;273.0;;6875
4213005;2017;storage;;Número de estabelecimentos agropecuários com veículos;161.0;;6875
4213104;2017;storage;;Número de estabelecimentos agropecuários com veículos;161.0;;6875
4213153;2017;storage;;Número de estabelecimentos agropecuários com veículos;144.0;;6875
4213203;2017;storage;;Número de estabelecimentos agropecuários com veículos;147.0;;6875
4213302;2017;storage;;Número de estabelecimentos agropecuários com veículos;136.0;;6875
4213351;2017;storage;;Número de estabelecimentos agropecuários com veículos;32.0;;6875
4213401;2017;storage;;Número de estabelecimentos agropecuários com veículos;137.0;;6875
4213500;2017;storage;;Número de estabelecimentos agropecuários com veículos;18.0;;6875
4213609;2017;storage;;Número de estabelecimentos agropecuários com veículos;576.0;;6875
4213708;2017;storage;;Número de estabelecimentos agropecuários com veículos;398.0;;6875
4213807;2017;storage;;Número de estabelecimentos agropecuários com veículos;165.0;;6875
4213906;2017;storage;;Número de estabelecimentos agropecuários com veículos;124.0;;6875
4214003;2017;storage;;Número de estabelecimentos agropecuários com veículos;504.0;;6875
4214102;2017;storage;;Número de estabelecimentos agropecuários com veículos;126.0;;6875
4214151;2017;storage;;Número de estabelecimentos agropecuários com veículos;209.0;;6875
4214201;2017;storage;;Número de estabelecimentos agropecuários com veículos;458.0;;6875
4214300;2017;storage;;Número de estabelecimentos agropecuários com veículos;162.0;;6875
4214409;2017;storage;;Número de estabelecimentos agropecuários com veículos;371.0;;6875
4214508;2017;storage;;Número de estabelecimentos agropecuários com veículos;157.0;;6875
4214607;2017;storage;;Número de estabelecimentos agropecuários com veículos;386.0;;6875
4214706;2017;storage;;Número de estabelecimentos agropecuários com veículos;142.0;;6875
4214805;2017;storage;;Número de estabelecimentos agropecuários com veículos;147.0;;6875
4214904;2017;storage;;Número de estabelecimentos agropecuários com veículos;362.0;;6875
4215000;2017;storage;;Número de estabelecimentos agropecuários com veículos;345.0;;6875
4215059;2017;storage;;Número de estabelecimentos agropecuários com veículos;89.0;;6875
4215075;2017;storage;;Número de estabelecimentos agropecuários com veículos;393.0;;6875
4215109;2017;storage;;Número de estabelecimentos agropecuários com veículos;50.0;;6875
4215208;2017;storage;;Número de estabelecimentos agropecuários com veículos;196.0;;6875
4215307;2017;storage;;Número de estabelecimentos agropecuários com veículos;275.0;;6875
4215356;2017;storage;;Número de estabelecimentos agropecuários com veículos;217.0;;6875
4215406;2017;storage;;Número de estabelecimentos agropecuários com veículos;186.0;;6875
4215455;2017;storage;;Número de estabelecimentos agropecuários com veículos;44.0;;6875
4215505;2017;storage;;Número de estabelecimentos agropecuários com veículos;125.0;;6875
4215554;2017;storage;;Número de estabelecimentos agropecuários com veículos;80.0;;6875
4215604;2017;storage;;Número de estabelecimentos agropecuários com veículos;100.0;;6875
4215653;2017;storage;;Número de estabelecimentos agropecuários com veículos;139.0;;6875
4215679;2017;storage;;Número de estabelecimentos agropecuários com veículos;803.0;;6875
4215687;2017;storage;;Número de estabelecimentos agropecuários com veículos;47.0;;6875
4215695;2017;storage;;Número de estabelecimentos agropecuários com veículos;61.0;;6875
4215703;2017;storage;;Número de estabelecimentos agropecuários com veículos;88.0;;6875
4215752;2017;storage;;Número de estabelecimentos agropecuários com veículos;109.0;;6875
4215802;2017;storage;;Número de estabelecimentos agropecuários com veículos;131.0;;6875
4215901;2017;storage;;Número de estabelecimentos agropecuários com veículos;216.0;;6875
4216008;2017;storage;;Número de estabelecimentos agropecuários com veículos;422.0;;6875
4216057;2017;storage;;Número de estabelecimentos agropecuários com veículos;38.0;;6875
4216107;2017;storage;;Número de estabelecimentos agropecuários com veículos;402.0;;6875
4216206;2017;storage;;Número de estabelecimentos agropecuários com veículos;48.0;;6875
4216255;2017;storage;;Número de estabelecimentos agropecuários com veículos;224.0;;6875
4216305;2017;storage;;Número de estabelecimentos agropecuários com veículos;60.0;;6875
4216354;2017;storage;;Número de estabelecimentos agropecuários com veículos;86.0;;6875
4216404;2017;storage;;Número de estabelecimentos agropecuários com veículos;132.0;;6875
4216503;2017;storage;;Número de estabelecimentos agropecuários com veículos;1115.0;;6875
4216602;2017;storage;;Número de estabelecimentos agropecuários com veículos;11.0;;6875
4216701;2017;storage;;Número de estabelecimentos agropecuários com veículos;390.0;;6875
4216800;2017;storage;;Número de estabelecimentos agropecuários com veículos;679.0;;6875
4216909;2017;storage;;Número de estabelecimentos agropecuários com veículos;395.0;;6875
4217006;2017;storage;;Número de estabelecimentos agropecuários com veículos;154.0;;6875
4217105;2017;storage;;Número de estabelecimentos agropecuários com veículos;106.0;;6875
4217154;2017;storage;;Número de estabelecimentos agropecuários com veículos;173.0;;6875
4217204;2017;storage;;Número de estabelecimentos agropecuários com veículos;279.0;;6875
4217253;2017;storage;;Número de estabelecimentos agropecuários com veículos;70.0;;6875
4217303;2017;storage;;Número de estabelecimentos agropecuários com veículos;418.0;;6875
4217402;2017;storage;;Número de estabelecimentos agropecuários com veículos;6.0;;6875
4217501;2017;storage;;Número de estabelecimentos agropecuários com veículos;430.0;;6875
4217550;2017;storage;;Número de estabelecimentos agropecuários com veículos;166.0;;6875
4217600;2017;storage;;Número de estabelecimentos agropecuários com veículos;232.0;;6875
4217709;2017;storage;;Número de estabelecimentos agropecuários com veículos;254.0;;6875
4217758;2017;storage;;Número de estabelecimentos agropecuários com veículos;200.0;;6875
4217808;2017;storage;;Número de estabelecimentos agropecuários com veículos;589.0;;6875
4217907;2017;storage;;Número de estabelecimentos agropecuários com veículos;473.0;;6875
4217956;2017;storage;;Número de estabelecimentos agropecuários com veículos;143.0;;6875
4218004;2017;storage;;Número de estabelecimentos agropecuários com veículos;227.0;;6875
4218103;2017;storage;;Número de estabelecimentos agropecuários com veículos;177.0;;6875
4218202;2017;storage;;Número de estabelecimentos agropecuários com veículos;66.0;;6875
4218251;2017;storage;;Número de estabelecimentos agropecuários com veículos;36.0;;6875
4218301;2017;storage;;Número de estabelecimentos agropecuários com veículos;105.0;;6875
4218350;2017;storage;;Número de estabelecimentos agropecuários com veículos;106.0;;6875
4218400;2017;storage;;Número de estabelecimentos agropecuários com veículos;251.0;;6875
4218509;2017;storage;;Número de estabelecimentos agropecuários com veículos;148.0;;6875
4218608;2017;storage;;Número de estabelecimentos agropecuários com veículos;125.0;;6875
4218707;2017;storage;;Número de estabelecimentos agropecuários com veículos;319.0;;6875
4218756;2017;storage;;Número de estabelecimentos agropecuários com veículos;181.0;;6875
4218806;2017;storage;;Número de estabelecimentos agropecuários com veículos;405.0;;6875
4218855;2017;storage;;Número de estabelecimentos agropecuários com veículos;219.0;;6875
4218905;2017;storage;;Número de estabelecimentos agropecuários com veículos;375.0;;6875
4218954;2017;storage;;Número de estabelecimentos agropecuários com veículos;123.0;;6875
4219002;2017;storage;;Número de estabelecimentos agropecuários com veículos;118.0;;6875
4219101;2017;storage;;Número de estabelecimentos agropecuários com veículos;144.0;;6875
4219150;2017;storage;;Número de estabelecimentos agropecuários com veículos;106.0;;6875
4219176;2017;storage;;Número de estabelecimentos agropecuários com veículos;137.0;;6875
4219200;2017;storage;;Número de estabelecimentos agropecuários com veículos;491.0;;6875
4219309;2017;storage;;Número de estabelecimentos agropecuários com veículos;615.0;;6875
4219358;2017;storage;;Número de estabelecimentos agropecuários com veículos;234.0;;6875
4219408;2017;storage;;Número de estabelecimentos agropecuários com veículos;201.0;;6875
4219507;2017;storage;;Número de estabelecimentos agropecuários com veículos;243.0;;6875
4219606;2017;storage;;Número de estabelecimentos agropecuários com veículos;310.0;;6875
4219705;2017;storage;;Número de estabelecimentos agropecuários com veículos;330.0;;6875
4219853;2017;storage;;Número de estabelecimentos agropecuários com veículos;156.0;;6875
4220000;2017;storage;;Número de estabelecimentos agropecuários com veículos;37.0;;6875
2800100;2017;storage;;Número de estabelecimentos agropecuários com veículos;13.0;;6875
2800209;2017;storage;;Número de estabelecimentos agropecuários com veículos;256.0;;6875
2800308;2017;storage;;Número de estabelecimentos agropecuários com veículos;19.0;;6875
2800407;2017;storage;;Número de estabelecimentos agropecuários com veículos;56.0;;6875
2800506;2017;storage;;Número de estabelecimentos agropecuários com veículos;149.0;;6875
2800605;2017;storage;;Número de estabelecimentos agropecuários com veículos;1.0;;6875
2800670;2017;storage;;Número de estabelecimentos agropecuários com veículos;295.0;;6875
2800704;2017;storage;;Número de estabelecimentos agropecuários com veículos;13.0;;6875
2801009;2017;storage;;Número de estabelecimentos agropecuários com veículos;401.0;;6875
2801108;2017;storage;;Número de estabelecimentos agropecuários com veículos;81.0;;6875
2801207;2017;storage;;Número de estabelecimentos agropecuários com veículos;342.0;;6875
2801306;2017;storage;;Número de estabelecimentos agropecuários com veículos;374.0;;6875
2801405;2017;storage;;Número de estabelecimentos agropecuários com veículos;428.0;;6875
2801504;2017;storage;;Número de estabelecimentos agropecuários com veículos;25.0;;6875
2801603;2017;storage;;Número de estabelecimentos agropecuários com veículos;28.0;;6875
2801702;2017;storage;;Número de estabelecimentos agropecuários com veículos;257.0;;6875
2801900;2017;storage;;Número de estabelecimentos agropecuários com veículos;7.0;;6875
2802007;2017;storage;;Número de estabelecimentos agropecuários com veículos;33.0;;6875
2802106;2017;storage;;Número de estabelecimentos agropecuários com veículos;186.0;;6875
2802205;2017;storage;;Número de estabelecimentos agropecuários com veículos;154.0;;6875
2802304;2017;storage;;Número de estabelecimentos agropecuários com veículos;191.0;;6875
2802403;2017;storage;;Número de estabelecimentos agropecuários com veículos;327.0;;6875
2802502;2017;storage;;Número de estabelecimentos agropecuários com veículos;30.0;;6875
2802601;2017;storage;;Número de estabelecimentos agropecuários com veículos;182.0;;6875
2802700;2017;storage;;Número de estabelecimentos agropecuários com veículos;13.0;;6875
2802809;2017;storage;;Número de estabelecimentos agropecuários com veículos;301.0;;6875
2802908;2017;storage;;Número de estabelecimentos agropecuários com veículos;425.0;;6875
2803005;2017;storage;;Número de estabelecimentos agropecuários com veículos;386.0;;6875
2803104;2017;storage;;Número de estabelecimentos agropecuários com veículos;193.0;;6875
2803203;2017;storage;;Número de estabelecimentos agropecuários com veículos;152.0;;6875
2803302;2017;storage;;Número de estabelecimentos agropecuários com veículos;137.0;;6875
2803401;2017;storage;;Número de estabelecimentos agropecuários com veículos;72.0;;6875
2803500;2017;storage;;Número de estabelecimentos agropecuários com veículos;1042.0;;6875
2803609;2017;storage;;Número de estabelecimentos agropecuários com veículos;10.0;;6875
2803708;2017;storage;;Número de estabelecimentos agropecuários com veículos;136.0;;6875
2803807;2017;storage;;Número de estabelecimentos agropecuários com veículos;5.0;;6875
2803906;2017;storage;;Número de estabelecimentos agropecuários com veículos;69.0;;6875
2804003;2017;storage;;Número de estabelecimentos agropecuários com veículos;24.0;;6875
2804102;2017;storage;;Número de estabelecimentos agropecuários com veículos;978.0;;6875
2804201;2017;storage;;Número de estabelecimentos agropecuários com veículos;304.0;;6875
2804300;2017;storage;;Número de estabelecimentos agropecuários com veículos;20.0;;6875
2804409;2017;storage;;Número de estabelecimentos agropecuários com veículos;56.0;;6875
2804458;2017;storage;;Número de estabelecimentos agropecuários com veículos;546.0;;6875
2804508;2017;storage;;Número de estabelecimentos agropecuários com veículos;1422.0;;6875
2804607;2017;storage;;Número de estabelecimentos agropecuários com veículos;359.0;;6875
2804706;2017;storage;;Número de estabelecimentos agropecuários com veículos;175.0;;6875
2804805;2017;storage;;Número de estabelecimentos agropecuários com veículos;55.0;;6875
2804904;2017;storage;;Número de estabelecimentos agropecuários com veículos;51.0;;6875
2805000;2017;storage;;Número de estabelecimentos agropecuários com veículos;100.0;;6875
2805109;2017;storage;;Número de estabelecimentos agropecuários com veículos;49.0;;6875
2805208;2017;storage;;Número de estabelecimentos agropecuários com veículos;195.0;;6875
2805307;2017;storage;;Número de estabelecimentos agropecuários com veículos;121.0;;6875
2805406;2017;storage;;Número de estabelecimentos agropecuários com veículos;1706.0;;6875
2805505;2017;storage;;Número de estabelecimentos agropecuários com veículos;580.0;;6875
2805604;2017;storage;;Número de estabelecimentos agropecuários com veículos;1382.0;;6875
2805703;2017;storage;;Número de estabelecimentos agropecuários com veículos;141.0;;6875
2805802;2017;storage;;Número de estabelecimentos agropecuários com veículos;558.0;;6875
2805901;2017;storage;;Número de estabelecimentos agropecuários com veículos;17.0;;6875
2806008;2017;storage;;Número de estabelecimentos agropecuários com veículos;893.0;;6875
2806107;2017;storage;;Número de estabelecimentos agropecuários com veículos;24.0;;6875
2806206;2017;storage;;Número de estabelecimentos agropecuários com veículos;529.0;;6875
2806305;2017;storage;;Número de estabelecimentos agropecuários com veículos;141.0;;6875
2806404;2017;storage;;Número de estabelecimentos agropecuários com veículos;8.0;;6875
2806503;2017;storage;;Número de estabelecimentos agropecuários com veículos;9.0;;6875
2806602;2017;storage;;Número de estabelecimentos agropecuários com veículos;163.0;;6875
2806701;2017;storage;;Número de estabelecimentos agropecuários com veículos;132.0;;6875
2806800;2017;storage;;Número de estabelecimentos agropecuários com veículos;208.0;;6875
2806909;2017;storage;;Número de estabelecimentos agropecuários com veículos;33.0;;6875
2807006;2017;storage;;Número de estabelecimentos agropecuários com veículos;90.0;;6875
2807105;2017;storage;;Número de estabelecimentos agropecuários com veículos;725.0;;6875
2807204;2017;storage;;Número de estabelecimentos agropecuários com veículos;37.0;;6875
2807303;2017;storage;;Número de estabelecimentos agropecuários com veículos;74.0;;6875
2807402;2017;storage;;Número de estabelecimentos agropecuários com veículos;403.0;;6875
2807501;2017;storage;;Número de estabelecimentos agropecuários com veículos;589.0;;6875
2807600;2017;storage;;Número de estabelecimentos agropecuários com veículos;179.0;;6875
3500105;2017;storage;;Número de estabelecimentos agropecuários com veículos;103.0;;6875
3500204;2017;storage;;Número de estabelecimentos agropecuários com veículos;16.0;;6875
3500303;2017;storage;;Número de estabelecimentos agropecuários com veículos;94.0;;6875
3500402;2017;storage;;Número de estabelecimentos agropecuários com veículos;40.0;;6875
3500501;2017;storage;;Número de estabelecimentos agropecuários com veículos;23.0;;6875
3500550;2017;storage;;Número de estabelecimentos agropecuários com veículos;68.0;;6875
3500709;2017;storage;;Número de estabelecimentos agropecuários com veículos;82.0;;6875
3500758;2017;storage;;Número de estabelecimentos agropecuários com veículos;81.0;;6875
3500808;2017;storage;;Número de estabelecimentos agropecuários com veículos;31.0;;6875
3500907;2017;storage;;Número de estabelecimentos agropecuários com veículos;25.0;;6875
3501004;2017;storage;;Número de estabelecimentos agropecuários com veículos;90.0;;6875
3501103;2017;storage;;Número de estabelecimentos agropecuários com veículos;118.0;;6875
3501152;2017;storage;;Número de estabelecimentos agropecuários com veículos;3.0;;6875
3501202;2017;storage;;Número de estabelecimentos agropecuários com veículos;111.0;;6875
3501301;2017;storage;;Número de estabelecimentos agropecuários com veículos;199.0;;6875
3501400;2017;storage;;Número de estabelecimentos agropecuários com veículos;34.0;;6875
3501509;2017;storage;;Número de estabelecimentos agropecuários com veículos;18.0;;6875
3501608;2017;storage;;Número de estabelecimentos agropecuários com veículos;3.0;;6875
3501707;2017;storage;;Número de estabelecimentos agropecuários com veículos;3.0;;6875
3501806;2017;storage;;Número de estabelecimentos agropecuários com veículos;72.0;;6875
3501905;2017;storage;;Número de estabelecimentos agropecuários com veículos;180.0;;6875
3502002;2017;storage;;Número de estabelecimentos agropecuários com veículos;30.0;;6875
3502101;2017;storage;;Número de estabelecimentos agropecuários com veículos;216.0;;6875
3502200;2017;storage;;Número de estabelecimentos agropecuários com veículos;140.0;;6875
3502309;2017;storage;;Número de estabelecimentos agropecuários com veículos;59.0;;6875
3502408;2017;storage;;Número de estabelecimentos agropecuários com veículos;89.0;;6875
3502507;2017;storage;;Número de estabelecimentos agropecuários com veículos;10.0;;6875
3502606;2017;storage;;Número de estabelecimentos agropecuários com veículos;102.0;;6875
3502705;2017;storage;;Número de estabelecimentos agropecuários com veículos;138.0;;6875
3502754;2017;storage;;Número de estabelecimentos agropecuários com veículos;2.0;;6875
3502804;2017;storage;;Número de estabelecimentos agropecuários com veículos;243.0;;6875
3502903;2017;storage;;Número de estabelecimentos agropecuários com veículos;121.0;;6875
3503000;2017;storage;;Número de estabelecimentos agropecuários com veículos;25.0;;6875
3503109;2017;storage;;Número de estabelecimentos agropecuários com veículos;57.0;;6875
3503158;2017;storage;;Número de estabelecimentos agropecuários com veículos;3.0;;6875
3503208;2017;storage;;Número de estabelecimentos agropecuários com veículos;324.0;;6875
3503307;2017;storage;;Número de estabelecimentos agropecuários com veículos;200.0;;6875
3503356;2017;storage;;Número de estabelecimentos agropecuários com veículos;44.0;;6875
3503406;2017;storage;;Número de estabelecimentos agropecuários com veículos;169.0;;6875
3503505;2017;storage;;Número de estabelecimentos agropecuários com veículos;15.0;;6875
3503604;2017;storage;;Número de estabelecimentos agropecuários com veículos;6.0;;6875
3503703;2017;storage;;Número de estabelecimentos agropecuários com veículos;28.0;;6875
3503802;2017;storage;;Número de estabelecimentos agropecuários com veículos;257.0;;6875
3503901;2017;storage;;Número de estabelecimentos agropecuários com veículos;32.0;;6875
3503950;2017;storage;;Número de estabelecimentos agropecuários com veículos;48.0;;6875
3504008;2017;storage;;Número de estabelecimentos agropecuários com veículos;169.0;;6875
3504107;2017;storage;;Número de estabelecimentos agropecuários com veículos;319.0;;6875
3504206;2017;storage;;Número de estabelecimentos agropecuários com veículos;137.0;;6875
3504305;2017;storage;;Número de estabelecimentos agropecuários com veículos;54.0;;6875
3504404;2017;storage;;Número de estabelecimentos agropecuários com veículos;24.0;;6875
3504503;2017;storage;;Número de estabelecimentos agropecuários com veículos;257.0;;6875
3504602;2017;storage;;Número de estabelecimentos agropecuários com veículos;82.0;;6875
3504701;2017;storage;;Número de estabelecimentos agropecuários com veículos;10.0;;6875
3504800;2017;storage;;Número de estabelecimentos agropecuários com veículos;23.0;;6875
3504909;2017;storage;;Número de estabelecimentos agropecuários com veículos;39.0;;6875
3505005;2017;storage;;Número de estabelecimentos agropecuários com veículos;54.0;;6875
3505104;2017;storage;;Número de estabelecimentos agropecuários com veículos;30.0;;6875
3505203;2017;storage;;Número de estabelecimentos agropecuários com veículos;164.0;;6875
3505302;2017;storage;;Número de estabelecimentos agropecuários com veículos;27.0;;6875
3505351;2017;storage;;Número de estabelecimentos agropecuários com veículos;146.0;;6875
3505401;2017;storage;;Número de estabelecimentos agropecuários com veículos;19.0;;6875
3505500;2017;storage;;Número de estabelecimentos agropecuários com veículos;358.0;;6875
3505609;2017;storage;;Número de estabelecimentos agropecuários com veículos;11.0;;6875
3505807;2017;storage;;Número de estabelecimentos agropecuários com veículos;176.0;;6875
3505906;2017;storage;;Número de estabelecimentos agropecuários com veículos;166.0;;6875
3506003;2017;storage;;Número de estabelecimentos agropecuários com veículos;114.0;;6875
3506102;2017;storage;;Número de estabelecimentos agropecuários com veículos;200.0;;6875
3506201;2017;storage;;Número de estabelecimentos agropecuários com veículos;13.0;;6875
3506300;2017;storage;;Número de estabelecimentos agropecuários com veículos;83.0;;6875
3506409;2017;storage;;Número de estabelecimentos agropecuários com veículos;66.0;;6875
3506508;2017;storage;;Número de estabelecimentos agropecuários com veículos;229.0;;6875
3506607;2017;storage;;Número de estabelecimentos agropecuários com veículos;156.0;;6875
3506706;2017;storage;;Número de estabelecimentos agropecuários com veículos;49.0;;6875
3506805;2017;storage;;Número de estabelecimentos agropecuários com veículos;61.0;;6875
3506904;2017;storage;;Número de estabelecimentos agropecuários com veículos;66.0;;6875
3507001;2017;storage;;Número de estabelecimentos agropecuários com veículos;68.0;;6875
3507100;2017;storage;;Número de estabelecimentos agropecuários com veículos;30.0;;6875
3507159;2017;storage;;Número de estabelecimentos agropecuários com veículos;29.0;;6875
3507209;2017;storage;;Número de estabelecimentos agropecuários com veículos;9.0;;6875
3507308;2017;storage;;Número de estabelecimentos agropecuários com veículos;20.0;;6875
3507407;2017;storage;;Número de estabelecimentos agropecuários com veículos;108.0;;6875
3507456;2017;storage;;Número de estabelecimentos agropecuários com veículos;23.0;;6875
3507506;2017;storage;;Número de estabelecimentos agropecuários com veículos;148.0;;6875
3507605;2017;storage;;Número de estabelecimentos agropecuários com veículos;306.0;;6875
3507704;2017;storage;;Número de estabelecimentos agropecuários com veículos;62.0;;6875
3507753;2017;storage;;Número de estabelecimentos agropecuários com veículos;67.0;;6875
3507803;2017;storage;;Número de estabelecimentos agropecuários com veículos;68.0;;6875
3507902;2017;storage;;Número de estabelecimentos agropecuários com veículos;159.0;;6875
3508009;2017;storage;;Número de estabelecimentos agropecuários com veículos;226.0;;6875
3508108;2017;storage;;Número de estabelecimentos agropecuários com veículos;98.0;;6875
3508207;2017;storage;;Número de estabelecimentos agropecuários com veículos;59.0;;6875
3508306;2017;storage;;Número de estabelecimentos agropecuários com veículos;20.0;;6875
3508405;2017;storage;;Número de estabelecimentos agropecuários com veículos;30.0;;6875
3508504;2017;storage;;Número de estabelecimentos agropecuários com veículos;48.0;;6875
3508603;2017;storage;;Número de estabelecimentos agropecuários com veículos;92.0;;6875
3508702;2017;storage;;Número de estabelecimentos agropecuários com veículos;517.0;;6875
3508801;2017;storage;;Número de estabelecimentos agropecuários com veículos;81.0;;6875
3508900;2017;storage;;Número de estabelecimentos agropecuários com veículos;15.0;;6875
3509007;2017;storage;;Número de estabelecimentos agropecuários com veículos;2.0;;6875
3509106;2017;storage;;Número de estabelecimentos agropecuários com veículos;211.0;;6875
3509205;2017;storage;;Número de estabelecimentos agropecuários com veículos;8.0;;6875
3509254;2017;storage;;Número de estabelecimentos agropecuários com veículos;68.0;;6875
3509304;2017;storage;;Número de estabelecimentos agropecuários com veículos;69.0;;6875
3509403;2017;storage;;Número de estabelecimentos agropecuários com veículos;134.0;;6875
3509452;2017;storage;;Número de estabelecimentos agropecuários com veículos;32.0;;6875
3509502;2017;storage;;Número de estabelecimentos agropecuários com veículos;279.0;;6875
3509601;2017;storage;;Número de estabelecimentos agropecuários com veículos;11.0;;6875
3509700;2017;storage;;Número de estabelecimentos agropecuários com veículos;8.0;;6875
3509809;2017;storage;;Número de estabelecimentos agropecuários com veículos;65.0;;6875
3509908;2017;storage;;Número de estabelecimentos agropecuários com veículos;17.0;;6875
3509957;2017;storage;;Número de estabelecimentos agropecuários com veículos;16.0;;6875
3510005;2017;storage;;Número de estabelecimentos agropecuários com veículos;245.0;;6875
3510104;2017;storage;;Número de estabelecimentos agropecuários com veículos;61.0;;6875
3510153;2017;storage;;Número de estabelecimentos agropecuários com veículos;9.0;;6875
3510203;2017;storage;;Número de estabelecimentos agropecuários com veículos;330.0;;6875
3510302;2017;storage;;Número de estabelecimentos agropecuários com veículos;43.0;;6875
3510401;2017;storage;;Número de estabelecimentos agropecuários com veículos;57.0;;6875
3510500;2017;storage;;Número de estabelecimentos agropecuários com veículos;21.0;;6875
3510708;2017;storage;;Número de estabelecimentos agropecuários com veículos;77.0;;6875
3510807;2017;storage;;Número de estabelecimentos agropecuários com veículos;220.0;;6875
3510906;2017;storage;;Número de estabelecimentos agropecuários com veículos;27.0;;6875
3511003;2017;storage;;Número de estabelecimentos agropecuários com veículos;252.0;;6875
3511102;2017;storage;;Número de estabelecimentos agropecuários com veículos;54.0;;6875
3511201;2017;storage;;Número de estabelecimentos agropecuários com veículos;7.0;;6875
3511300;2017;storage;;Número de estabelecimentos agropecuários com veículos;126.0;;6875
3511409;2017;storage;;Número de estabelecimentos agropecuários com veículos;156.0;;6875
3511508;2017;storage;;Número de estabelecimentos agropecuários com veículos;60.0;;6875
3511607;2017;storage;;Número de estabelecimentos agropecuários com veículos;33.0;;6875
3511706;2017;storage;;Número de estabelecimentos agropecuários com veículos;43.0;;6875
3511904;2017;storage;;Número de estabelecimentos agropecuários com veículos;60.0;;6875
3512001;2017;storage;;Número de estabelecimentos agropecuários com veículos;49.0;;6875
3512100;2017;storage;;Número de estabelecimentos agropecuários com veículos;91.0;;6875
3512209;2017;storage;;Número de estabelecimentos agropecuários com veículos;90.0;;6875
3512308;2017;storage;;Número de estabelecimentos agropecuários com veículos;67.0;;6875
3512407;2017;storage;;Número de estabelecimentos agropecuários com veículos;66.0;;6875
3512506;2017;storage;;Número de estabelecimentos agropecuários com veículos;111.0;;6875
3512605;2017;storage;;Número de estabelecimentos agropecuários com veículos;109.0;;6875
3512704;2017;storage;;Número de estabelecimentos agropecuários com veículos;54.0;;6875
3512803;2017;storage;;Número de estabelecimentos agropecuários com veículos;58.0;;6875
3512902;2017;storage;;Número de estabelecimentos agropecuários com veículos;95.0;;6875
3513009;2017;storage;;Número de estabelecimentos agropecuários com veículos;120.0;;6875
3513108;2017;storage;;Número de estabelecimentos agropecuários com veículos;66.0;;6875
3513207;2017;storage;;Número de estabelecimentos agropecuários com veículos;167.0;;6875
3513306;2017;storage;;Número de estabelecimentos agropecuários com veículos;58.0;;6875
3513405;2017;storage;;Número de estabelecimentos agropecuários com veículos;13.0;;6875
3513603;2017;storage;;Número de estabelecimentos agropecuários com veículos;328.0;;6875
3513702;2017;storage;;Número de estabelecimentos agropecuários com veículos;192.0;;6875
3513850;2017;storage;;Número de estabelecimentos agropecuários com veículos;20.0;;6875
3513900;2017;storage;;Número de estabelecimentos agropecuários com veículos;321.0;;6875
3514007;2017;storage;;Número de estabelecimentos agropecuários com veículos;13.0;;6875
3514106;2017;storage;;Número de estabelecimentos agropecuários com veículos;139.0;;6875
3514205;2017;storage;;Número de estabelecimentos agropecuários com veículos;28.0;;6875
3514304;2017;storage;;Número de estabelecimentos agropecuários com veículos;35.0;;6875
3514403;2017;storage;;Número de estabelecimentos agropecuários com veículos;106.0;;6875
3514502;2017;storage;;Número de estabelecimentos agropecuários com veículos;37.0;;6875
3514601;2017;storage;;Número de estabelecimentos agropecuários com veículos;21.0;;6875
3514700;2017;storage;;Número de estabelecimentos agropecuários com veículos;94.0;;6875
3514809;2017;storage;;Número de estabelecimentos agropecuários com veículos;118.0;;6875
3514908;2017;storage;;Número de estabelecimentos agropecuários com veículos;99.0;;6875
3514924;2017;storage;;Número de estabelecimentos agropecuários com veículos;7.0;;6875
3514957;2017;storage;;Número de estabelecimentos agropecuários com veículos;16.0;;6875
3515004;2017;storage;;Número de estabelecimentos agropecuários com veículos;18.0;;6875
3515103;2017;storage;;Número de estabelecimentos agropecuários com veículos;38.0;;6875
3515129;2017;storage;;Número de estabelecimentos agropecuários com veículos;64.0;;6875
3515152;2017;storage;;Número de estabelecimentos agropecuários com veículos;99.0;;6875
3515186;2017;storage;;Número de estabelecimentos agropecuários com veículos;201.0;;6875
3515194;2017;storage;;Número de estabelecimentos agropecuários com veículos;39.0;;6875
3515202;2017;storage;;Número de estabelecimentos agropecuários com veículos;65.0;;6875
3515301;2017;storage;;Número de estabelecimentos agropecuários com veículos;11.0;;6875
3515350;2017;storage;;Número de estabelecimentos agropecuários com veículos;168.0;;6875
3515400;2017;storage;;Número de estabelecimentos agropecuários com veículos;178.0;;6875
3515509;2017;storage;;Número de estabelecimentos agropecuários com veículos;102.0;;6875
3515608;2017;storage;;Número de estabelecimentos agropecuários com veículos;94.0;;6875
3515657;2017;storage;;Número de estabelecimentos agropecuários com veículos;50.0;;6875
3515707;2017;storage;;Número de estabelecimentos agropecuários com veículos;4.0;;6875
3515806;2017;storage;;Número de estabelecimentos agropecuários com veículos;15.0;;6875
3515905;2017;storage;;Número de estabelecimentos agropecuários com veículos;20.0;;6875
3516002;2017;storage;;Número de estabelecimentos agropecuários com veículos;90.0;;6875
3516101;2017;storage;;Número de estabelecimentos agropecuários com veículos;35.0;;6875
3516200;2017;storage;;Número de estabelecimentos agropecuários com veículos;146.0;;6875
3516309;2017;storage;;Número de estabelecimentos agropecuários com veículos;2.0;;6875
3516408;2017;storage;;Número de estabelecimentos agropecuários com veículos;17.0;;6875
3516507;2017;storage;;Número de estabelecimentos agropecuários com veículos;81.0;;6875
3516606;2017;storage;;Número de estabelecimentos agropecuários com veículos;93.0;;6875
3516705;2017;storage;;Número de estabelecimentos agropecuários com veículos;246.0;;6875
3516804;2017;storage;;Número de estabelecimentos agropecuários com veículos;35.0;;6875
3516853;2017;storage;;Número de estabelecimentos agropecuários com veículos;18.0;;6875
3516903;2017;storage;;Número de estabelecimentos agropecuários com veículos;132.0;;6875
3517000;2017;storage;;Número de estabelecimentos agropecuários com veículos;74.0;;6875
3517109;2017;storage;;Número de estabelecimentos agropecuários com veículos;61.0;;6875
3517208;2017;storage;;Número de estabelecimentos agropecuários com veículos;40.0;;6875
3517307;2017;storage;;Número de estabelecimentos agropecuários com veículos;36.0;;6875
3517406;2017;storage;;Número de estabelecimentos agropecuários com veículos;149.0;;6875
3517505;2017;storage;;Número de estabelecimentos agropecuários com veículos;85.0;;6875
3517604;2017;storage;;Número de estabelecimentos agropecuários com veículos;139.0;;6875
3517703;2017;storage;;Número de estabelecimentos agropecuários com veículos;34.0;;6875
3517802;2017;storage;;Número de estabelecimentos agropecuários com veículos;123.0;;6875
3517901;2017;storage;;Número de estabelecimentos agropecuários com veículos;58.0;;6875
3518008;2017;storage;;Número de estabelecimentos agropecuários com veículos;24.0;;6875
3518107;2017;storage;;Número de estabelecimentos agropecuários com veículos;78.0;;6875
3518206;2017;storage;;Número de estabelecimentos agropecuários com veículos;95.0;;6875
3518305;2017;storage;;Número de estabelecimentos agropecuários com veículos;102.0;;6875
3518404;2017;storage;;Número de estabelecimentos agropecuários com veículos;130.0;;6875
3518503;2017;storage;;Número de estabelecimentos agropecuários com veículos;122.0;;6875
3518602;2017;storage;;Número de estabelecimentos agropecuários com veículos;24.0;;6875
3518701;2017;storage;;Número de estabelecimentos agropecuários com veículos;3.0;;6875
3518800;2017;storage;;Número de estabelecimentos agropecuários com veículos;34.0;;6875
3518859;2017;storage;;Número de estabelecimentos agropecuários com veículos;86.0;;6875
3518909;2017;storage;;Número de estabelecimentos agropecuários com veículos;50.0;;6875
3519006;2017;storage;;Número de estabelecimentos agropecuários com veículos;131.0;;6875
3519055;2017;storage;;Número de estabelecimentos agropecuários com veículos;121.0;;6875
3519071;2017;storage;;Número de estabelecimentos agropecuários com veículos;8.0;;6875
3519105;2017;storage;;Número de estabelecimentos agropecuários com veículos;41.0;;6875
3519204;2017;storage;;Número de estabelecimentos agropecuários com veículos;54.0;;6875
3519253;2017;storage;;Número de estabelecimentos agropecuários com veículos;99.0;;6875
3519303;2017;storage;;Número de estabelecimentos agropecuários com veículos;41.0;;6875
3519402;2017;storage;;Número de estabelecimentos agropecuários com veículos;91.0;;6875
3519501;2017;storage;;Número de estabelecimentos agropecuários com veículos;75.0;;6875
3519600;2017;storage;;Número de estabelecimentos agropecuários com veículos;165.0;;6875
3519709;2017;storage;;Número de estabelecimentos agropecuários com veículos;694.0;;6875
3519808;2017;storage;;Número de estabelecimentos agropecuários com veículos;18.0;;6875
3519907;2017;storage;;Número de estabelecimentos agropecuários com veículos;88.0;;6875
3520004;2017;storage;;Número de estabelecimentos agropecuários com veículos;25.0;;6875
3520103;2017;storage;;Número de estabelecimentos agropecuários com veículos;54.0;;6875
3520202;2017;storage;;Número de estabelecimentos agropecuários com veículos;33.0;;6875
3520301;2017;storage;;Número de estabelecimentos agropecuários com veículos;59.0;;6875
3520400;2017;storage;;Número de estabelecimentos agropecuários com veículos;1.0;;6875
3520442;2017;storage;;Número de estabelecimentos agropecuários com veículos;60.0;;6875
3520509;2017;storage;;Número de estabelecimentos agropecuários com veículos;105.0;;6875
3520608;2017;storage;;Número de estabelecimentos agropecuários com veículos;51.0;;6875
3520707;2017;storage;;Número de estabelecimentos agropecuários com veículos;55.0;;6875
3520806;2017;storage;;Número de estabelecimentos agropecuários com veículos;10.0;;6875
3520905;2017;storage;;Número de estabelecimentos agropecuários com veículos;14.0;;6875
3521002;2017;storage;;Número de estabelecimentos agropecuários com veículos;38.0;;6875
3521101;2017;storage;;Número de estabelecimentos agropecuários com veículos;105.0;;6875
3521150;2017;storage;;Número de estabelecimentos agropecuários com veículos;29.0;;6875
3521200;2017;storage;;Número de estabelecimentos agropecuários com veículos;25.0;;6875
3521309;2017;storage;;Número de estabelecimentos agropecuários com veículos;23.0;;6875
3521408;2017;storage;;Número de estabelecimentos agropecuários com veículos;10.0;;6875
3521507;2017;storage;;Número de estabelecimentos agropecuários com veículos;85.0;;6875
3521606;2017;storage;;Número de estabelecimentos agropecuários com veículos;79.0;;6875
3521705;2017;storage;;Número de estabelecimentos agropecuários com veículos;395.0;;6875
3521804;2017;storage;;Número de estabelecimentos agropecuários com veículos;239.0;;6875
3521903;2017;storage;;Número de estabelecimentos agropecuários com veículos;171.0;;6875
3522000;2017;storage;;Número de estabelecimentos agropecuários com veículos;93.0;;6875
3522109;2017;storage;;Número de estabelecimentos agropecuários com veículos;17.0;;6875
3522158;2017;storage;;Número de estabelecimentos agropecuários com veículos;6.0;;6875
3522208;2017;storage;;Número de estabelecimentos agropecuários com veículos;37.0;;6875
3522307;2017;storage;;Número de estabelecimentos agropecuários com veículos;343.0;;6875
3522406;2017;storage;;Número de estabelecimentos agropecuários com veículos;405.0;;6875
3522505;2017;storage;;Número de estabelecimentos agropecuários com veículos;2.0;;6875
3522604;2017;storage;;Número de estabelecimentos agropecuários com veículos;186.0;;6875
3522653;2017;storage;;Número de estabelecimentos agropecuários com veículos;74.0;;6875
3522703;2017;storage;;Número de estabelecimentos agropecuários com veículos;384.0;;6875
3522802;2017;storage;;Número de estabelecimentos agropecuários com veículos;183.0;;6875
3522901;2017;storage;;Número de estabelecimentos agropecuários com veículos;49.0;;6875
3523008;2017;storage;;Número de estabelecimentos agropecuários com veículos;37.0;;6875
3523107;2017;storage;;Número de estabelecimentos agropecuários com veículos;17.0;;6875
3523206;2017;storage;;Número de estabelecimentos agropecuários com veículos;220.0;;6875
3523305;2017;storage;;Número de estabelecimentos agropecuários com veículos;69.0;;6875
3523404;2017;storage;;Número de estabelecimentos agropecuários com veículos;155.0;;6875
3523503;2017;storage;;Número de estabelecimentos agropecuários com veículos;93.0;;6875
3523602;2017;storage;;Número de estabelecimentos agropecuários com veículos;72.0;;6875
3523701;2017;storage;;Número de estabelecimentos agropecuários com veículos;63.0;;6875
3523800;2017;storage;;Número de estabelecimentos agropecuários com veículos;50.0;;6875
3523909;2017;storage;;Número de estabelecimentos agropecuários com veículos;90.0;;6875
3524006;2017;storage;;Número de estabelecimentos agropecuários com veículos;61.0;;6875
3524105;2017;storage;;Número de estabelecimentos agropecuários com veículos;115.0;;6875
3524204;2017;storage;;Número de estabelecimentos agropecuários com veículos;44.0;;6875
3524303;2017;storage;;Número de estabelecimentos agropecuários com veículos;176.0;;6875
3524402;2017;storage;;Número de estabelecimentos agropecuários com veículos;109.0;;6875
3524501;2017;storage;;Número de estabelecimentos agropecuários com veículos;44.0;;6875
3524600;2017;storage;;Número de estabelecimentos agropecuários com veículos;39.0;;6875
3524709;2017;storage;;Número de estabelecimentos agropecuários com veículos;43.0;;6875
3524808;2017;storage;;Número de estabelecimentos agropecuários com veículos;268.0;;6875
3524907;2017;storage;;Número de estabelecimentos agropecuários com veículos;31.0;;6875
3525102;2017;storage;;Número de estabelecimentos agropecuários com veículos;120.0;;6875
3525201;2017;storage;;Número de estabelecimentos agropecuários com veículos;101.0;;6875
3525300;2017;storage;;Número de estabelecimentos agropecuários com veículos;187.0;;6875
3525409;2017;storage;;Número de estabelecimentos agropecuários com veículos;45.0;;6875
3525508;2017;storage;;Número de estabelecimentos agropecuários com veículos;43.0;;6875
3525607;2017;storage;;Número de estabelecimentos agropecuários com veículos;194.0;;6875
3525706;2017;storage;;Número de estabelecimentos agropecuários com veículos;260.0;;6875
3525805;2017;storage;;Número de estabelecimentos agropecuários com veículos;30.0;;6875
3525854;2017;storage;;Número de estabelecimentos agropecuários com veículos;31.0;;6875
3525904;2017;storage;;Número de estabelecimentos agropecuários com veículos;192.0;;6875
3526001;2017;storage;;Número de estabelecimentos agropecuários com veículos;107.0;;6875
3526100;2017;storage;;Número de estabelecimentos agropecuários com veículos;73.0;;6875
3526209;2017;storage;;Número de estabelecimentos agropecuários com veículos;33.0;;6875
3526308;2017;storage;;Número de estabelecimentos agropecuários com veículos;43.0;;6875
3526407;2017;storage;;Número de estabelecimentos agropecuários com veículos;103.0;;6875
3526506;2017;storage;;Número de estabelecimentos agropecuários com veículos;94.0;;6875
3526605;2017;storage;;Número de estabelecimentos agropecuários com veículos;22.0;;6875
3526704;2017;storage;;Número de estabelecimentos agropecuários com veículos;150.0;;6875
3526803;2017;storage;;Número de estabelecimentos agropecuários com veículos;66.0;;6875
3526902;2017;storage;;Número de estabelecimentos agropecuários com veículos;425.0;;6875
3527009;2017;storage;;Número de estabelecimentos agropecuários com veículos;24.0;;6875
3527108;2017;storage;;Número de estabelecimentos agropecuários com veículos;59.0;;6875
3527207;2017;storage;;Número de estabelecimentos agropecuários com veículos;46.0;;6875
3527256;2017;storage;;Número de estabelecimentos agropecuários com veículos;17.0;;6875
3527306;2017;storage;;Número de estabelecimentos agropecuários com veículos;81.0;;6875
3527405;2017;storage;;Número de estabelecimentos agropecuários com veículos;133.0;;6875
3527504;2017;storage;;Número de estabelecimentos agropecuários com veículos;29.0;;6875
3527603;2017;storage;;Número de estabelecimentos agropecuários com veículos;24.0;;6875
3527702;2017;storage;;Número de estabelecimentos agropecuários com veículos;21.0;;6875
3527801;2017;storage;;Número de estabelecimentos agropecuários com veículos;54.0;;6875
3527900;2017;storage;;Número de estabelecimentos agropecuários com veículos;51.0;;6875
3528007;2017;storage;;Número de estabelecimentos agropecuários com veículos;31.0;;6875
3528106;2017;storage;;Número de estabelecimentos agropecuários com veículos;24.0;;6875
3528205;2017;storage;;Número de estabelecimentos agropecuários com veículos;33.0;;6875
3528304;2017;storage;;Número de estabelecimentos agropecuários com veículos;24.0;;6875
3528403;2017;storage;;Número de estabelecimentos agropecuários com veículos;55.0;;6875
3528502;2017;storage;;Número de estabelecimentos agropecuários com veículos;13.0;;6875
3528601;2017;storage;;Número de estabelecimentos agropecuários com veículos;50.0;;6875
3528700;2017;storage;;Número de estabelecimentos agropecuários com veículos;148.0;;6875
3528809;2017;storage;;Número de estabelecimentos agropecuários com veículos;110.0;;6875
3528858;2017;storage;;Número de estabelecimentos agropecuários com veículos;32.0;;6875
3528908;2017;storage;;Número de estabelecimentos agropecuários com veículos;48.0;;6875
3529005;2017;storage;;Número de estabelecimentos agropecuários com veículos;436.0;;6875
3529104;2017;storage;;Número de estabelecimentos agropecuários com veículos;75.0;;6875
3529203;2017;storage;;Número de estabelecimentos agropecuários com veículos;96.0;;6875
3529302;2017;storage;;Número de estabelecimentos agropecuários com veículos;84.0;;6875
3529401;2017;storage;;Número de estabelecimentos agropecuários com veículos;2.0;;6875
3529500;2017;storage;;Número de estabelecimentos agropecuários com veículos;82.0;;6875
3529609;2017;storage;;Número de estabelecimentos agropecuários com veículos;67.0;;6875
3529658;2017;storage;;Número de estabelecimentos agropecuários com veículos;36.0;;6875
3529708;2017;storage;;Número de estabelecimentos agropecuários com veículos;88.0;;6875
3529807;2017;storage;;Número de estabelecimentos agropecuários com veículos;33.0;;6875
3529906;2017;storage;;Número de estabelecimentos agropecuários com veículos;140.0;;6875
3530003;2017;storage;;Número de estabelecimentos agropecuários com veículos;90.0;;6875
3530102;2017;storage;;Número de estabelecimentos agropecuários com veículos;355.0;;6875
3530201;2017;storage;;Número de estabelecimentos agropecuários com veículos;517.0;;6875
3530300;2017;storage;;Número de estabelecimentos agropecuários com veículos;116.0;;6875
3530409;2017;storage;;Número de estabelecimentos agropecuários com veículos;40.0;;6875
3530508;2017;storage;;Número de estabelecimentos agropecuários com veículos;145.0;;6875
3530607;2017;storage;;Número de estabelecimentos agropecuários com veículos;479.0;;6875
3530706;2017;storage;;Número de estabelecimentos agropecuários com veículos;213.0;;6875
3530805;2017;storage;;Número de estabelecimentos agropecuários com veículos;333.0;;6875
3530904;2017;storage;;Número de estabelecimentos agropecuários com veículos;26.0;;6875
3531001;2017;storage;;Número de estabelecimentos agropecuários com veículos;25.0;;6875
3531100;2017;storage;;Número de estabelecimentos agropecuários com veículos;2.0;;6875
3531209;2017;storage;;Número de estabelecimentos agropecuários com veículos;62.0;;6875
3531308;2017;storage;;Número de estabelecimentos agropecuários com veículos;266.0;;6875
3531407;2017;storage;;Número de estabelecimentos agropecuários com veículos;215.0;;6875
3531506;2017;storage;;Número de estabelecimentos agropecuários com veículos;88.0;;6875
3531605;2017;storage;;Número de estabelecimentos agropecuários com veículos;89.0;;6875
3531704;2017;storage;;Número de estabelecimentos agropecuários com veículos;35.0;;6875
3531803;2017;storage;;Número de estabelecimentos agropecuários com veículos;133.0;;6875
3531902;2017;storage;;Número de estabelecimentos agropecuários com veículos;115.0;;6875
3532009;2017;storage;;Número de estabelecimentos agropecuários com veículos;49.0;;6875
3532058;2017;storage;;Número de estabelecimentos agropecuários com veículos;104.0;;6875
3532108;2017;storage;;Número de estabelecimentos agropecuários com veículos;120.0;;6875
3532157;2017;storage;;Número de estabelecimentos agropecuários com veículos;26.0;;6875
3532207;2017;storage;;Número de estabelecimentos agropecuários com veículos;14.0;;6875
3532306;2017;storage;;Número de estabelecimentos agropecuários com veículos;121.0;;6875
3532405;2017;storage;;Número de estabelecimentos agropecuários com veículos;58.0;;6875
3532504;2017;storage;;Número de estabelecimentos agropecuários com veículos;103.0;;6875
3532603;2017;storage;;Número de estabelecimentos agropecuários com veículos;35.0;;6875
3532702;2017;storage;;Número de estabelecimentos agropecuários com veículos;32.0;;6875
3532801;2017;storage;;Número de estabelecimentos agropecuários com veículos;52.0;;6875
3532827;2017;storage;;Número de estabelecimentos agropecuários com veículos;44.0;;6875
3532843;2017;storage;;Número de estabelecimentos agropecuários com veículos;56.0;;6875
3532868;2017;storage;;Número de estabelecimentos agropecuários com veículos;19.0;;6875
3532900;2017;storage;;Número de estabelecimentos agropecuários com veículos;43.0;;6875
3533007;2017;storage;;Número de estabelecimentos agropecuários com veículos;85.0;;6875
3533106;2017;storage;;Número de estabelecimentos agropecuários com veículos;14.0;;6875
3533205;2017;storage;;Número de estabelecimentos agropecuários com veículos;24.0;;6875
3533254;2017;storage;;Número de estabelecimentos agropecuários com veículos;18.0;;6875
3533304;2017;storage;;Número de estabelecimentos agropecuários com veículos;5.0;;6875
3533403;2017;storage;;Número de estabelecimentos agropecuários com veículos;9.0;;6875
3533502;2017;storage;;Número de estabelecimentos agropecuários com veículos;210.0;;6875
3533601;2017;storage;;Número de estabelecimentos agropecuários com veículos;72.0;;6875
3533700;2017;storage;;Número de estabelecimentos agropecuários com veículos;89.0;;6875
3533809;2017;storage;;Número de estabelecimentos agropecuários com veículos;108.0;;6875
3533908;2017;storage;;Número de estabelecimentos agropecuários com veículos;193.0;;6875
3534005;2017;storage;;Número de estabelecimentos agropecuários com veículos;20.0;;6875
3534104;2017;storage;;Número de estabelecimentos agropecuários com veículos;55.0;;6875
3534203;2017;storage;;Número de estabelecimentos agropecuários com veículos;52.0;;6875
3534302;2017;storage;;Número de estabelecimentos agropecuários com veículos;33.0;;6875
3534500;2017;storage;;Número de estabelecimentos agropecuários com veículos;41.0;;6875
3534609;2017;storage;;Número de estabelecimentos agropecuários com veículos;124.0;;6875
3534708;2017;storage;;Número de estabelecimentos agropecuários com veículos;53.0;;6875
3534757;2017;storage;;Número de estabelecimentos agropecuários com veículos;57.0;;6875
3534807;2017;storage;;Número de estabelecimentos agropecuários com veículos;39.0;;6875
3534906;2017;storage;;Número de estabelecimentos agropecuários com veículos;119.0;;6875
3535002;2017;storage;;Número de estabelecimentos agropecuários com veículos;108.0;;6875
3535101;2017;storage;;Número de estabelecimentos agropecuários com veículos;7.0;;6875
3535200;2017;storage;;Número de estabelecimentos agropecuários com veículos;132.0;;6875
3535309;2017;storage;;Número de estabelecimentos agropecuários com veículos;229.0;;6875
3535408;2017;storage;;Número de estabelecimentos agropecuários com veículos;32.0;;6875
3535507;2017;storage;;Número de estabelecimentos agropecuários com veículos;114.0;;6875
3535606;2017;storage;;Número de estabelecimentos agropecuários com veículos;83.0;;6875
3535705;2017;storage;;Número de estabelecimentos agropecuários com veículos;12.0;;6875
3535804;2017;storage;;Número de estabelecimentos agropecuários com veículos;203.0;;6875
3535903;2017;storage;;Número de estabelecimentos agropecuários com veículos;55.0;;6875
3536000;2017;storage;;Número de estabelecimentos agropecuários com veículos;93.0;;6875
3536109;2017;storage;;Número de estabelecimentos agropecuários com veículos;48.0;;6875
3536208;2017;storage;;Número de estabelecimentos agropecuários com veículos;104.0;;6875
3536257;2017;storage;;Número de estabelecimentos agropecuários com veículos;88.0;;6875
3536307;2017;storage;;Número de estabelecimentos agropecuários com veículos;114.0;;6875
3536406;2017;storage;;Número de estabelecimentos agropecuários com veículos;18.0;;6875
3536505;2017;storage;;Número de estabelecimentos agropecuários com veículos;27.0;;6875
3536570;2017;storage;;Número de estabelecimentos agropecuários com veículos;23.0;;6875
3536604;2017;storage;;Número de estabelecimentos agropecuários com veículos;72.0;;6875
3536703;2017;storage;;Número de estabelecimentos agropecuários com veículos;136.0;;6875
3536802;2017;storage;;Número de estabelecimentos agropecuários com veículos;114.0;;6875
3536901;2017;storage;;Número de estabelecimentos agropecuários com veículos;79.0;;6875
3537008;2017;storage;;Número de estabelecimentos agropecuários com veículos;198.0;;6875
3537107;2017;storage;;Número de estabelecimentos agropecuários com veículos;10.0;;6875
3537156;2017;storage;;Número de estabelecimentos agropecuários com veículos;87.0;;6875
3537206;2017;storage;;Número de estabelecimentos agropecuários com veículos;38.0;;6875
3537305;2017;storage;;Número de estabelecimentos agropecuários com veículos;247.0;;6875
3537404;2017;storage;;Número de estabelecimentos agropecuários com veículos;96.0;;6875
3537503;2017;storage;;Número de estabelecimentos agropecuários com veículos;25.0;;6875
3537602;2017;storage;;Número de estabelecimentos agropecuários com veículos;12.0;;6875
3537701;2017;storage;;Número de estabelecimentos agropecuários com veículos;103.0;;6875
3537800;2017;storage;;Número de estabelecimentos agropecuários com veículos;716.0;;6875
3537909;2017;storage;;Número de estabelecimentos agropecuários com veículos;178.0;;6875
3538006;2017;storage;;Número de estabelecimentos agropecuários com veículos;139.0;;6875
3538105;2017;storage;;Número de estabelecimentos agropecuários com veículos;61.0;;6875
3538204;2017;storage;;Número de estabelecimentos agropecuários com veículos;159.0;;6875
3538303;2017;storage;;Número de estabelecimentos agropecuários com veículos;54.0;;6875
3538501;2017;storage;;Número de estabelecimentos agropecuários com veículos;23.0;;6875
3538600;2017;storage;;Número de estabelecimentos agropecuários com veículos;145.0;;6875
3538709;2017;storage;;Número de estabelecimentos agropecuários com veículos;283.0;;6875
3538808;2017;storage;;Número de estabelecimentos agropecuários com veículos;113.0;;6875
3538907;2017;storage;;Número de estabelecimentos agropecuários com veículos;77.0;;6875
3539004;2017;storage;;Número de estabelecimentos agropecuários com veículos;73.0;;6875
3539103;2017;storage;;Número de estabelecimentos agropecuários com veículos;2.0;;6875
3539202;2017;storage;;Número de estabelecimentos agropecuários com veículos;61.0;;6875
3539301;2017;storage;;Número de estabelecimentos agropecuários com veículos;224.0;;6875
3539400;2017;storage;;Número de estabelecimentos agropecuários com veículos;80.0;;6875
3539509;2017;storage;;Número de estabelecimentos agropecuários com veículos;86.0;;6875
3539608;2017;storage;;Número de estabelecimentos agropecuários com veículos;45.0;;6875
3539707;2017;storage;;Número de estabelecimentos agropecuários com veículos;78.0;;6875
3539806;2017;storage;;Número de estabelecimentos agropecuários com veículos;3.0;;6875
3539905;2017;storage;;Número de estabelecimentos agropecuários com veículos;34.0;;6875
3540002;2017;storage;;Número de estabelecimentos agropecuários com veículos;133.0;;6875
3540101;2017;storage;;Número de estabelecimentos agropecuários com veículos;30.0;;6875
3540200;2017;storage;;Número de estabelecimentos agropecuários com veículos;28.0;;6875
3540259;2017;storage;;Número de estabelecimentos agropecuários com veículos;37.0;;6875
3540309;2017;storage;;Número de estabelecimentos agropecuários com veículos;18.0;;6875
3540408;2017;storage;;Número de estabelecimentos agropecuários com veículos;46.0;;6875
3540507;2017;storage;;Número de estabelecimentos agropecuários com veículos;22.0;;6875
3540606;2017;storage;;Número de estabelecimentos agropecuários com veículos;224.0;;6875
3540705;2017;storage;;Número de estabelecimentos agropecuários com veículos;54.0;;6875
3540754;2017;storage;;Número de estabelecimentos agropecuários com veículos;15.0;;6875
3540804;2017;storage;;Número de estabelecimentos agropecuários com veículos;124.0;;6875
3540853;2017;storage;;Número de estabelecimentos agropecuários com veículos;42.0;;6875
3540903;2017;storage;;Número de estabelecimentos agropecuários com veículos;66.0;;6875
3541059;2017;storage;;Número de estabelecimentos agropecuários com veículos;28.0;;6875
3541109;2017;storage;;Número de estabelecimentos agropecuários com veículos;54.0;;6875
3541208;2017;storage;;Número de estabelecimentos agropecuários com veículos;188.0;;6875
3541307;2017;storage;;Número de estabelecimentos agropecuários com veículos;114.0;;6875
3541406;2017;storage;;Número de estabelecimentos agropecuários com veículos;143.0;;6875
3541505;2017;storage;;Número de estabelecimentos agropecuários com veículos;256.0;;6875
3541604;2017;storage;;Número de estabelecimentos agropecuários com veículos;430.0;;6875
3541653;2017;storage;;Número de estabelecimentos agropecuários com veículos;52.0;;6875
3541703;2017;storage;;Número de estabelecimentos agropecuários com veículos;26.0;;6875
3541802;2017;storage;;Número de estabelecimentos agropecuários com veículos;16.0;;6875
3541901;2017;storage;;Número de estabelecimentos agropecuários com veículos;20.0;;6875
3542008;2017;storage;;Número de estabelecimentos agropecuários com veículos;33.0;;6875
3542107;2017;storage;;Número de estabelecimentos agropecuários com veículos;49.0;;6875
3542206;2017;storage;;Número de estabelecimentos agropecuários com veículos;430.0;;6875
3542305;2017;storage;;Número de estabelecimentos agropecuários com veículos;62.0;;6875
3542404;2017;storage;;Número de estabelecimentos agropecuários com veículos;100.0;;6875
3542503;2017;storage;;Número de estabelecimentos agropecuários com veículos;19.0;;6875
3542602;2017;storage;;Número de estabelecimentos agropecuários com veículos;166.0;;6875
3542701;2017;storage;;Número de estabelecimentos agropecuários com veículos;70.0;;6875
3542800;2017;storage;;Número de estabelecimentos agropecuários com veículos;16.0;;6875
3542909;2017;storage;;Número de estabelecimentos agropecuários com veículos;151.0;;6875
3543006;2017;storage;;Número de estabelecimentos agropecuários com veículos;203.0;;6875
3543105;2017;storage;;Número de estabelecimentos agropecuários com veículos;60.0;;6875
3543204;2017;storage;;Número de estabelecimentos agropecuários com veículos;52.0;;6875
3543238;2017;storage;;Número de estabelecimentos agropecuários com veículos;19.0;;6875
3543253;2017;storage;;Número de estabelecimentos agropecuários com veículos;103.0;;6875
3543303;2017;storage;;Número de estabelecimentos agropecuários com veículos;2.0;;6875
3543402;2017;storage;;Número de estabelecimentos agropecuários com veículos;100.0;;6875
3543501;2017;storage;;Número de estabelecimentos agropecuários com veículos;83.0;;6875
3543600;2017;storage;;Número de estabelecimentos agropecuários com veículos;5.0;;6875
3543709;2017;storage;;Número de estabelecimentos agropecuários com veículos;19.0;;6875
3543808;2017;storage;;Número de estabelecimentos agropecuários com veículos;160.0;;6875
3543907;2017;storage;;Número de estabelecimentos agropecuários com veículos;242.0;;6875
3544004;2017;storage;;Número de estabelecimentos agropecuários com veículos;36.0;;6875
3544103;2017;storage;;Número de estabelecimentos agropecuários com veículos;2.0;;6875
3544202;2017;storage;;Número de estabelecimentos agropecuários com veículos;51.0;;6875
3544251;2017;storage;;Número de estabelecimentos agropecuários com veículos;38.0;;6875
3544301;2017;storage;;Número de estabelecimentos agropecuários com veículos;21.0;;6875
3544400;2017;storage;;Número de estabelecimentos agropecuários com veículos;29.0;;6875
3544509;2017;storage;;Número de estabelecimentos agropecuários com veículos;16.0;;6875
3544608;2017;storage;;Número de estabelecimentos agropecuários com veículos;36.0;;6875
3544707;2017;storage;;Número de estabelecimentos agropecuários com veículos;13.0;;6875
3544806;2017;storage;;Número de estabelecimentos agropecuários com veículos;44.0;;6875
3544905;2017;storage;;Número de estabelecimentos agropecuários com veículos;55.0;;6875
3545001;2017;storage;;Número de estabelecimentos agropecuários com veículos;117.0;;6875
3545100;2017;storage;;Número de estabelecimentos agropecuários com veículos;54.0;;6875
3545159;2017;storage;;Número de estabelecimentos agropecuários com veículos;41.0;;6875
3545209;2017;storage;;Número de estabelecimentos agropecuários com veículos;22.0;;6875
3545308;2017;storage;;Número de estabelecimentos agropecuários com veículos;61.0;;6875
3545407;2017;storage;;Número de estabelecimentos agropecuários com veículos;80.0;;6875
3545506;2017;storage;;Número de estabelecimentos agropecuários com veículos;56.0;;6875
3545605;2017;storage;;Número de estabelecimentos agropecuários com veículos;77.0;;6875
3545704;2017;storage;;Número de estabelecimentos agropecuários com veículos;35.0;;6875
3545803;2017;storage;;Número de estabelecimentos agropecuários com veículos;31.0;;6875
3546009;2017;storage;;Número de estabelecimentos agropecuários com veículos;22.0;;6875
3546108;2017;storage;;Número de estabelecimentos agropecuários com veículos;25.0;;6875
3546207;2017;storage;;Número de estabelecimentos agropecuários com veículos;57.0;;6875
3546256;2017;storage;;Número de estabelecimentos agropecuários com veículos;18.0;;6875
3546306;2017;storage;;Número de estabelecimentos agropecuários com veículos;46.0;;6875
3546405;2017;storage;;Número de estabelecimentos agropecuários com veículos;276.0;;6875
3546504;2017;storage;;Número de estabelecimentos agropecuários com veículos;20.0;;6875
3546603;2017;storage;;Número de estabelecimentos agropecuários com veículos;57.0;;6875
3546702;2017;storage;;Número de estabelecimentos agropecuários com veículos;11.0;;6875
3546801;2017;storage;;Número de estabelecimentos agropecuários com veículos;53.0;;6875
3546900;2017;storage;;Número de estabelecimentos agropecuários com veículos;19.0;;6875
3547007;2017;storage;;Número de estabelecimentos agropecuários com veículos;63.0;;6875
3547106;2017;storage;;Número de estabelecimentos agropecuários com veículos;25.0;;6875
3547205;2017;storage;;Número de estabelecimentos agropecuários com veículos;27.0;;6875
3547304;2017;storage;;Número de estabelecimentos agropecuários com veículos;7.0;;6875
3547403;2017;storage;;Número de estabelecimentos agropecuários com veículos;32.0;;6875
3547502;2017;storage;;Número de estabelecimentos agropecuários com veículos;163.0;;6875
3547601;2017;storage;;Número de estabelecimentos agropecuários com veículos;99.0;;6875
3547650;2017;storage;;Número de estabelecimentos agropecuários com veículos;75.0;;6875
3547700;2017;storage;;Número de estabelecimentos agropecuários com veículos;66.0;;6875
3547809;2017;storage;;Número de estabelecimentos agropecuários com veículos;8.0;;6875
3547908;2017;storage;;Número de estabelecimentos agropecuários com veículos;69.0;;6875
3548005;2017;storage;;Número de estabelecimentos agropecuários com veículos;76.0;;6875
3548054;2017;storage;;Número de estabelecimentos agropecuários com veículos;77.0;;6875
3548104;2017;storage;;Número de estabelecimentos agropecuários com veículos;89.0;;6875
3548203;2017;storage;;Número de estabelecimentos agropecuários com veículos;98.0;;6875
3548302;2017;storage;;Número de estabelecimentos agropecuários com veículos;28.0;;6875
3548401;2017;storage;;Número de estabelecimentos agropecuários com veículos;22.0;;6875
3548609;2017;storage;;Número de estabelecimentos agropecuários com veículos;255.0;;6875
3548708;2017;storage;;Número de estabelecimentos agropecuários com veículos;9.0;;6875
3548906;2017;storage;;Número de estabelecimentos agropecuários com veículos;137.0;;6875
3549003;2017;storage;;Número de estabelecimentos agropecuários com veículos;95.0;;6875
3549102;2017;storage;;Número de estabelecimentos agropecuários com veículos;205.0;;6875
3549201;2017;storage;;Número de estabelecimentos agropecuários com veículos;23.0;;6875
3549250;2017;storage;;Número de estabelecimentos agropecuários com veículos;48.0;;6875
3549300;2017;storage;;Número de estabelecimentos agropecuários com veículos;48.0;;6875
3549409;2017;storage;;Número de estabelecimentos agropecuários com veículos;43.0;;6875
3549508;2017;storage;;Número de estabelecimentos agropecuários com veículos;80.0;;6875
3549607;2017;storage;;Número de estabelecimentos agropecuários com veículos;25.0;;6875
3549706;2017;storage;;Número de estabelecimentos agropecuários com veículos;276.0;;6875
3549805;2017;storage;;Número de estabelecimentos agropecuários com veículos;163.0;;6875
3549904;2017;storage;;Número de estabelecimentos agropecuários com veículos;96.0;;6875
3549953;2017;storage;;Número de estabelecimentos agropecuários com veículos;44.0;;6875
3550001;2017;storage;;Número de estabelecimentos agropecuários com veículos;120.0;;6875
3550100;2017;storage;;Número de estabelecimentos agropecuários com veículos;32.0;;6875
3550209;2017;storage;;Número de estabelecimentos agropecuários com veículos;891.0;;6875
3550308;2017;storage;;Número de estabelecimentos agropecuários com veículos;180.0;;6875
3550407;2017;storage;;Número de estabelecimentos agropecuários com veículos;61.0;;6875
3550506;2017;storage;;Número de estabelecimentos agropecuários com veículos;217.0;;6875
3550605;2017;storage;;Número de estabelecimentos agropecuários com veículos;80.0;;6875
3550704;2017;storage;;Número de estabelecimentos agropecuários com veículos;3.0;;6875
3550803;2017;storage;;Número de estabelecimentos agropecuários com veículos;92.0;;6875
3550902;2017;storage;;Número de estabelecimentos agropecuários com veículos;44.0;;6875
3551009;2017;storage;;Número de estabelecimentos agropecuários com veículos;2.0;;6875
3551108;2017;storage;;Número de estabelecimentos agropecuários com veículos;164.0;;6875
3551207;2017;storage;;Número de estabelecimentos agropecuários com veículos;31.0;;6875
3551306;2017;storage;;Número de estabelecimentos agropecuários com veículos;18.0;;6875
3551405;2017;storage;;Número de estabelecimentos agropecuários com veículos;10.0;;6875
3551504;2017;storage;;Número de estabelecimentos agropecuários com veículos;4.0;;6875
3551603;2017;storage;;Número de estabelecimentos agropecuários com veículos;248.0;;6875
3551702;2017;storage;;Número de estabelecimentos agropecuários com veículos;69.0;;6875
3551801;2017;storage;;Número de estabelecimentos agropecuários com veículos;163.0;;6875
3551900;2017;storage;;Número de estabelecimentos agropecuários com veículos;47.0;;6875
3552007;2017;storage;;Número de estabelecimentos agropecuários com veículos;28.0;;6875
3552106;2017;storage;;Número de estabelecimentos agropecuários com veículos;418.0;;6875
3552205;2017;storage;;Número de estabelecimentos agropecuários com veículos;73.0;;6875
3552304;2017;storage;;Número de estabelecimentos agropecuários com veículos;66.0;;6875
3552403;2017;storage;;Número de estabelecimentos agropecuários com veículos;75.0;;6875
3552502;2017;storage;;Número de estabelecimentos agropecuários com veículos;119.0;;6875
3552551;2017;storage;;Número de estabelecimentos agropecuários com veículos;101.0;;6875
3552601;2017;storage;;Número de estabelecimentos agropecuários com veículos;33.0;;6875
3552700;2017;storage;;Número de estabelecimentos agropecuários com veículos;120.0;;6875
3552809;2017;storage;;Número de estabelecimentos agropecuários com veículos;1.0;;6875
3552908;2017;storage;;Número de estabelecimentos agropecuários com veículos;62.0;;6875
3553005;2017;storage;;Número de estabelecimentos agropecuários com veículos;67.0;;6875
3553104;2017;storage;;Número de estabelecimentos agropecuários com veículos;76.0;;6875
3553203;2017;storage;;Número de estabelecimentos agropecuários com veículos;53.0;;6875
3553302;2017;storage;;Número de estabelecimentos agropecuários com veículos;88.0;;6875
3553401;2017;storage;;Número de estabelecimentos agropecuários com veículos;96.0;;6875
3553500;2017;storage;;Número de estabelecimentos agropecuários com veículos;23.0;;6875
3553609;2017;storage;;Número de estabelecimentos agropecuários com veículos;24.0;;6875
3553658;2017;storage;;Número de estabelecimentos agropecuários com veículos;12.0;;6875
3553708;2017;storage;;Número de estabelecimentos agropecuários com veículos;267.0;;6875
3553807;2017;storage;;Número de estabelecimentos agropecuários com veículos;297.0;;6875
3553856;2017;storage;;Número de estabelecimentos agropecuários com veículos;47.0;;6875
3553906;2017;storage;;Número de estabelecimentos agropecuários com veículos;14.0;;6875
3553955;2017;storage;;Número de estabelecimentos agropecuários com veículos;55.0;;6875
3554003;2017;storage;;Número de estabelecimentos agropecuários com veículos;127.0;;6875
3554102;2017;storage;;Número de estabelecimentos agropecuários com veículos;127.0;;6875
3554201;2017;storage;;Número de estabelecimentos agropecuários com veículos;100.0;;6875
3554300;2017;storage;;Número de estabelecimentos agropecuários com veículos;269.0;;6875
3554409;2017;storage;;Número de estabelecimentos agropecuários com veículos;37.0;;6875
3554508;2017;storage;;Número de estabelecimentos agropecuários com veículos;131.0;;6875
3554607;2017;storage;;Número de estabelecimentos agropecuários com veículos;29.0;;6875
3554656;2017;storage;;Número de estabelecimentos agropecuários com veículos;11.0;;6875
3554706;2017;storage;;Número de estabelecimentos agropecuários com veículos;132.0;;6875
3554755;2017;storage;;Número de estabelecimentos agropecuários com veículos;11.0;;6875
3554805;2017;storage;;Número de estabelecimentos agropecuários com veículos;55.0;;6875
3554904;2017;storage;;Número de estabelecimentos agropecuários com veículos;27.0;;6875
3554953;2017;storage;;Número de estabelecimentos agropecuários com veículos;166.0;;6875
3555000;2017;storage;;Número de estabelecimentos agropecuários com veículos;177.0;;6875
3555109;2017;storage;;Número de estabelecimentos agropecuários com veículos;129.0;;6875
3555208;2017;storage;;Número de estabelecimentos agropecuários com veículos;33.0;;6875
3555307;2017;storage;;Número de estabelecimentos agropecuários com veículos;75.0;;6875
3555356;2017;storage;;Número de estabelecimentos agropecuários com veículos;22.0;;6875
3555406;2017;storage;;Número de estabelecimentos agropecuários com veículos;24.0;;6875
3555505;2017;storage;;Número de estabelecimentos agropecuários com veículos;73.0;;6875
3555604;2017;storage;;Número de estabelecimentos agropecuários com veículos;175.0;;6875
3555703;2017;storage;;Número de estabelecimentos agropecuários com veículos;24.0;;6875
3555802;2017;storage;;Número de estabelecimentos agropecuários com veículos;106.0;;6875
3555901;2017;storage;;Número de estabelecimentos agropecuários com veículos;16.0;;6875
3556008;2017;storage;;Número de estabelecimentos agropecuários com veículos;190.0;;6875
3556107;2017;storage;;Número de estabelecimentos agropecuários com veículos;90.0;;6875
3556206;2017;storage;;Número de estabelecimentos agropecuários com veículos;101.0;;6875
3556305;2017;storage;;Número de estabelecimentos agropecuários com veículos;68.0;;6875
3556354;2017;storage;;Número de estabelecimentos agropecuários com veículos;80.0;;6875
3556404;2017;storage;;Número de estabelecimentos agropecuários com veículos;56.0;;6875
3556453;2017;storage;;Número de estabelecimentos agropecuários com veículos;30.0;;6875
3556503;2017;storage;;Número de estabelecimentos agropecuários com veículos;1.0;;6875
3556602;2017;storage;;Número de estabelecimentos agropecuários com veículos;99.0;;6875
3556701;2017;storage;;Número de estabelecimentos agropecuários com veículos;31.0;;6875
3556800;2017;storage;;Número de estabelecimentos agropecuários com veículos;82.0;;6875
3556909;2017;storage;;Número de estabelecimentos agropecuários com veículos;62.0;;6875
3556958;2017;storage;;Número de estabelecimentos agropecuários com veículos;27.0;;6875
3557006;2017;storage;;Número de estabelecimentos agropecuários com veículos;18.0;;6875
3557105;2017;storage;;Número de estabelecimentos agropecuários com veículos;136.0;;6875
3557154;2017;storage;;Número de estabelecimentos agropecuários com veículos;23.0;;6875
3557204;2017;storage;;Número de estabelecimentos agropecuários com veículos;13.0;;6875
3557303;2017;storage;;Número de estabelecimentos agropecuários com veículos;24.0;;6875
1700251;2017;storage;;Número de estabelecimentos agropecuários com veículos;92.0;;6875
1700301;2017;storage;;Número de estabelecimentos agropecuários com veículos;17.0;;6875
1700350;2017;storage;;Número de estabelecimentos agropecuários com veículos;138.0;;6875
1700400;2017;storage;;Número de estabelecimentos agropecuários com veículos;125.0;;6875
1700707;2017;storage;;Número de estabelecimentos agropecuários com veículos;57.0;;6875
1701002;2017;storage;;Número de estabelecimentos agropecuários com veículos;116.0;;6875
1701051;2017;storage;;Número de estabelecimentos agropecuários com veículos;9.0;;6875
1701101;2017;storage;;Número de estabelecimentos agropecuários com veículos;173.0;;6875
1701309;2017;storage;;Número de estabelecimentos agropecuários com veículos;280.0;;6875
1701903;2017;storage;;Número de estabelecimentos agropecuários com veículos;407.0;;6875
1702000;2017;storage;;Número de estabelecimentos agropecuários com veículos;561.0;;6875
1702109;2017;storage;;Número de estabelecimentos agropecuários com veículos;375.0;;6875
1702158;2017;storage;;Número de estabelecimentos agropecuários com veículos;82.0;;6875
1702208;2017;storage;;Número de estabelecimentos agropecuários com veículos;797.0;;6875
1702307;2017;storage;;Número de estabelecimentos agropecuários com veículos;106.0;;6875
1702406;2017;storage;;Número de estabelecimentos agropecuários com veículos;218.0;;6875
1702554;2017;storage;;Número de estabelecimentos agropecuários com veículos;174.0;;6875
1702703;2017;storage;;Número de estabelecimentos agropecuários com veículos;15.0;;6875
1702901;2017;storage;;Número de estabelecimentos agropecuários com veículos;87.0;;6875
1703008;2017;storage;;Número de estabelecimentos agropecuários com veículos;196.0;;6875
1703057;2017;storage;;Número de estabelecimentos agropecuários com veículos;54.0;;6875
1703073;2017;storage;;Número de estabelecimentos agropecuários com veículos;37.0;;6875
1703107;2017;storage;;Número de estabelecimentos agropecuários com veículos;176.0;;6875
1703206;2017;storage;;Número de estabelecimentos agropecuários com veículos;340.0;;6875
1703305;2017;storage;;Número de estabelecimentos agropecuários com veículos;51.0;;6875
1703602;2017;storage;;Número de estabelecimentos agropecuários com veículos;32.0;;6875
1703701;2017;storage;;Número de estabelecimentos agropecuários com veículos;110.0;;6875
1703800;2017;storage;;Número de estabelecimentos agropecuários com veículos;53.0;;6875
1703826;2017;storage;;Número de estabelecimentos agropecuários com veículos;2.0;;6875
1703842;2017;storage;;Número de estabelecimentos agropecuários com veículos;397.0;;6875
1703867;2017;storage;;Número de estabelecimentos agropecuários com veículos;206.0;;6875
1703883;2017;storage;;Número de estabelecimentos agropecuários com veículos;16.0;;6875
1703891;2017;storage;;Número de estabelecimentos agropecuários com veículos;7.0;;6875
1703909;2017;storage;;Número de estabelecimentos agropecuários com veículos;78.0;;6875
1704105;2017;storage;;Número de estabelecimentos agropecuários com veículos;64.0;;6875
1704600;2017;storage;;Número de estabelecimentos agropecuários com veículos;123.0;;6875
1705102;2017;storage;;Número de estabelecimentos agropecuários com veículos;123.0;;6875
1705508;2017;storage;;Número de estabelecimentos agropecuários com veículos;22.0;;6875
1705557;2017;storage;;Número de estabelecimentos agropecuários com veículos;6.0;;6875
1705607;2017;storage;;Número de estabelecimentos agropecuários com veículos;149.0;;6875
1706001;2017;storage;;Número de estabelecimentos agropecuários com veículos;419.0;;6875
1706100;2017;storage;;Número de estabelecimentos agropecuários com veículos;352.0;;6875
1706258;2017;storage;;Número de estabelecimentos agropecuários com veículos;115.0;;6875
1706506;2017;storage;;Número de estabelecimentos agropecuários com veículos;114.0;;6875
1707009;2017;storage;;Número de estabelecimentos agropecuários com veículos;156.0;;6875
1707108;2017;storage;;Número de estabelecimentos agropecuários com veículos;228.0;;6875
1707207;2017;storage;;Número de estabelecimentos agropecuários com veículos;618.0;;6875
1707306;2017;storage;;Número de estabelecimentos agropecuários com veículos;188.0;;6875
1707405;2017;storage;;Número de estabelecimentos agropecuários com veículos;180.0;;6875
1707553;2017;storage;;Número de estabelecimentos agropecuários com veículos;47.0;;6875
1707652;2017;storage;;Número de estabelecimentos agropecuários com veículos;112.0;;6875
1707702;2017;storage;;Número de estabelecimentos agropecuários com veículos;174.0;;6875
1708205;2017;storage;;Número de estabelecimentos agropecuários com veículos;635.0;;6875
1708254;2017;storage;;Número de estabelecimentos agropecuários com veículos;5.0;;6875
1708304;2017;storage;;Número de estabelecimentos agropecuários com veículos;278.0;;6875
1709005;2017;storage;;Número de estabelecimentos agropecuários com veículos;223.0;;6875
1709302;2017;storage;;Número de estabelecimentos agropecuários com veículos;204.0;;6875
1709500;2017;storage;;Número de estabelecimentos agropecuários com veículos;289.0;;6875
1709807;2017;storage;;Número de estabelecimentos agropecuários com veículos;55.0;;6875
1710508;2017;storage;;Número de estabelecimentos agropecuários com veículos;286.0;;6875
1710706;2017;storage;;Número de estabelecimentos agropecuários com veículos;215.0;;6875
1710904;2017;storage;;Número de estabelecimentos agropecuários com veículos;268.0;;6875
1711100;2017;storage;;Número de estabelecimentos agropecuários com veículos;142.0;;6875
1711506;2017;storage;;Número de estabelecimentos agropecuários com veículos;125.0;;6875
1711803;2017;storage;;Número de estabelecimentos agropecuários com veículos;160.0;;6875
1711902;2017;storage;;Número de estabelecimentos agropecuários com veículos;186.0;;6875
1711951;2017;storage;;Número de estabelecimentos agropecuários com veículos;123.0;;6875
1712009;2017;storage;;Número de estabelecimentos agropecuários com veículos;53.0;;6875
1712157;2017;storage;;Número de estabelecimentos agropecuários com veículos;32.0;;6875
1712405;2017;storage;;Número de estabelecimentos agropecuários com veículos;34.0;;6875
1712454;2017;storage;;Número de estabelecimentos agropecuários com veículos;4.0;;6875
1712504;2017;storage;;Número de estabelecimentos agropecuários com veículos;82.0;;6875
1712702;2017;storage;;Número de estabelecimentos agropecuários com veículos;24.0;;6875
1712801;2017;storage;;Número de estabelecimentos agropecuários com veículos;13.0;;6875
1713205;2017;storage;;Número de estabelecimentos agropecuários com veículos;156.0;;6875
1713304;2017;storage;;Número de estabelecimentos agropecuários com veículos;136.0;;6875
1713601;2017;storage;;Número de estabelecimentos agropecuários com veículos;262.0;;6875
1713700;2017;storage;;Número de estabelecimentos agropecuários com veículos;132.0;;6875
1713809;2017;storage;;Número de estabelecimentos agropecuários com veículos;43.0;;6875
1713957;2017;storage;;Número de estabelecimentos agropecuários com veículos;121.0;;6875
1714203;2017;storage;;Número de estabelecimentos agropecuários com veículos;91.0;;6875
1714302;2017;storage;;Número de estabelecimentos agropecuários com veículos;64.0;;6875
1714880;2017;storage;;Número de estabelecimentos agropecuários com veículos;328.0;;6875
1715002;2017;storage;;Número de estabelecimentos agropecuários com veículos;82.0;;6875
1715101;2017;storage;;Número de estabelecimentos agropecuários com veículos;136.0;;6875
1715150;2017;storage;;Número de estabelecimentos agropecuários com veículos;15.0;;6875
1715259;2017;storage;;Número de estabelecimentos agropecuários com veículos;14.0;;6875
1715507;2017;storage;;Número de estabelecimentos agropecuários com veículos;41.0;;6875
1715705;2017;storage;;Número de estabelecimentos agropecuários com veículos;310.0;;6875
1715754;2017;storage;;Número de estabelecimentos agropecuários com veículos;281.0;;6875
1716109;2017;storage;;Número de estabelecimentos agropecuários com veículos;112.0;;6875
1716208;2017;storage;;Número de estabelecimentos agropecuários com veículos;404.0;;6875
1716307;2017;storage;;Número de estabelecimentos agropecuários com veículos;172.0;;6875
1716505;2017;storage;;Número de estabelecimentos agropecuários com veículos;164.0;;6875
1716604;2017;storage;;Número de estabelecimentos agropecuários com veículos;618.0;;6875
1716653;2017;storage;;Número de estabelecimentos agropecuários com veículos;423.0;;6875
1716703;2017;storage;;Número de estabelecimentos agropecuários com veículos;63.0;;6875
1717008;2017;storage;;Número de estabelecimentos agropecuários com veículos;56.0;;6875
1717206;2017;storage;;Número de estabelecimentos agropecuários com veículos;153.0;;6875
1717503;2017;storage;;Número de estabelecimentos agropecuários com veículos;266.0;;6875
1717800;2017;storage;;Número de estabelecimentos agropecuários com veículos;69.0;;6875
1717909;2017;storage;;Número de estabelecimentos agropecuários com veículos;334.0;;6875
1718006;2017;storage;;Número de estabelecimentos agropecuários com veículos;76.0;;6875
1718204;2017;storage;;Número de estabelecimentos agropecuários com veículos;585.0;;6875
1718303;2017;storage;;Número de estabelecimentos agropecuários com veículos;14.0;;6875
1718402;2017;storage;;Número de estabelecimentos agropecuários com veículos;74.0;;6875
1718451;2017;storage;;Número de estabelecimentos agropecuários com veículos;21.0;;6875
1718501;2017;storage;;Número de estabelecimentos agropecuários com veículos;21.0;;6875
1718550;2017;storage;;Número de estabelecimentos agropecuários com veículos;119.0;;6875
1718659;2017;storage;;Número de estabelecimentos agropecuários com veículos;10.0;;6875
1718709;2017;storage;;Número de estabelecimentos agropecuários com veículos;29.0;;6875
1718758;2017;storage;;Número de estabelecimentos agropecuários com veículos;857.0;;6875
1718808;2017;storage;;Número de estabelecimentos agropecuários com veículos;103.0;;6875
1718840;2017;storage;;Número de estabelecimentos agropecuários com veículos;183.0;;6875
1718865;2017;storage;;Número de estabelecimentos agropecuários com veículos;51.0;;6875
1718881;2017;storage;;Número de estabelecimentos agropecuários com veículos;177.0;;6875
1718899;2017;storage;;Número de estabelecimentos agropecuários com veículos;306.0;;6875
1718907;2017;storage;;Número de estabelecimentos agropecuários com veículos;131.0;;6875
1719004;2017;storage;;Número de estabelecimentos agropecuários com veículos;22.0;;6875
1720002;2017;storage;;Número de estabelecimentos agropecuários com veículos;16.0;;6875
1720101;2017;storage;;Número de estabelecimentos agropecuários com veículos;13.0;;6875
1720150;2017;storage;;Número de estabelecimentos agropecuários com veículos;16.0;;6875
1720200;2017;storage;;Número de estabelecimentos agropecuários com veículos;102.0;;6875
1720259;2017;storage;;Número de estabelecimentos agropecuários com veículos;146.0;;6875
1720309;2017;storage;;Número de estabelecimentos agropecuários com veículos;162.0;;6875
1720499;2017;storage;;Número de estabelecimentos agropecuários com veículos;332.0;;6875
1720655;2017;storage;;Número de estabelecimentos agropecuários com veículos;72.0;;6875
1720804;2017;storage;;Número de estabelecimentos agropecuários com veículos;147.0;;6875
1720853;2017;storage;;Número de estabelecimentos agropecuários com veículos;105.0;;6875
1720903;2017;storage;;Número de estabelecimentos agropecuários com veículos;212.0;;6875
1720937;2017;storage;;Número de estabelecimentos agropecuários com veículos;21.0;;6875
1720978;2017;storage;;Número de estabelecimentos agropecuários com veículos;169.0;;6875
1721000;2017;storage;;Número de estabelecimentos agropecuários com veículos;219.0;;6875
1721109;2017;storage;;Número de estabelecimentos agropecuários com veículos;341.0;;6875
1721208;2017;storage;;Número de estabelecimentos agropecuários com veículos;86.0;;6875
1721257;2017;storage;;Número de estabelecimentos agropecuários com veículos;48.0;;6875
1721307;2017;storage;;Número de estabelecimentos agropecuários com veículos;166.0;;6875
1722081;2017;storage;;Número de estabelecimentos agropecuários com veículos;73.0;;6875
1722107;2017;storage;;Número de estabelecimentos agropecuários com veículos;123.0;;6875
