cod_municipio;ano_referencia;categoria;subcategoria;variavel;valor;unidade;fonte_tabela_sidra
1200013;2017;technical_assistance;;Número de estabelecimentos agropecuários;1462.0;;6847
1200054;2017;technical_assistance;;Número de estabelecimentos agropecuários;523.0;;6847
1200104;2017;technical_assistance;;Número de estabelecimentos agropecuários;2100.0;;6847
1200138;2017;technical_assistance;;Número de estabelecimentos agropecuários;1404.0;;6847
1200179;2017;technical_assistance;;Número de estabelecimentos agropecuários;1289.0;;6847
1200203;2017;technical_assistance;;Número de estabelecimentos agropecuários;3264.0;;6847
1200252;2017;technical_assistance;;Número de estabelecimentos agropecuários;1454.0;;6847
1200302;2017;technical_assistance;;Número de estabelecimentos agropecuários;2968.0;;6847
1200328;2017;technical_assistance;;Número de estabelecimentos agropecuários;484.0;;6847
1200336;2017;technical_assistance;;Número de estabelecimentos agropecuários;1088.0;;6847
1200344;2017;technical_assistance;;Número de estabelecimentos agropecuários;645.0;;6847
1200351;2017;technical_assistance;;Número de estabelecimentos agropecuários;1677.0;;6847
1200385;2017;technical_assistance;;Número de estabelecimentos agropecuários;1346.0;;6847
1200393;2017;technical_assistance;;Número de estabelecimentos agropecuários;1116.0;;6847
1200401;2017;technical_assistance;;Número de estabelecimentos agropecuários;4106.0;;6847
1200427;2017;technical_assistance;;Número de estabelecimentos agropecuários;1292.0;;6847
1200435;2017;technical_assistance;;Número de estabelecimentos agropecuários;632.0;;6847
1200450;2017;technical_assistance;;Número de estabelecimentos agropecuários;1454.0;;6847
1200500;2017;technical_assistance;;Número de estabelecimentos agropecuários;2682.0;;6847
1200609;2017;technical_assistance;;Número de estabelecimentos agropecuários;2904.0;;6847
1200708;2017;technical_assistance;;Número de estabelecimentos agropecuários;1887.0;;6847
1200807;2017;technical_assistance;;Número de estabelecimentos agropecuários;1579.0;;6847
2700102;2017;technical_assistance;;Número de estabelecimentos agropecuários;2122.0;;6847
2700201;2017;technical_assistance;;Número de estabelecimentos agropecuários;270.0;;6847
2700300;2017;technical_assistance;;Número de estabelecimentos agropecuários;2930.0;;6847
2700409;2017;technical_assistance;;Número de estabelecimentos agropecuários;440.0;;6847
2700508;2017;technical_assistance;;Número de estabelecimentos agropecuários;15.0;;6847
2700607;2017;technical_assistance;;Número de estabelecimentos agropecuários;15.0;;6847
2700706;2017;technical_assistance;;Número de estabelecimentos agropecuários;735.0;;6847
2700805;2017;technical_assistance;;Número de estabelecimentos agropecuários;232.0;;6847
2700904;2017;technical_assistance;;Número de estabelecimentos agropecuários;498.0;;6847
2701001;2017;technical_assistance;;Número de estabelecimentos agropecuários;210.0;;6847
2701100;2017;technical_assistance;;Número de estabelecimentos agropecuários;543.0;;6847
2701209;2017;technical_assistance;;Número de estabelecimentos agropecuários;774.0;;6847
2701308;2017;technical_assistance;;Número de estabelecimentos agropecuários;163.0;;6847
2701357;2017;technical_assistance;;Número de estabelecimentos agropecuários;124.0;;6847
2701407;2017;technical_assistance;;Número de estabelecimentos agropecuários;337.0;;6847
2701506;2017;technical_assistance;;Número de estabelecimentos agropecuários;1302.0;;6847
2701605;2017;technical_assistance;;Número de estabelecimentos agropecuários;1692.0;;6847
2701704;2017;technical_assistance;;Número de estabelecimentos agropecuários;252.0;;6847
2701803;2017;technical_assistance;;Número de estabelecimentos agropecuários;616.0;;6847
2701902;2017;technical_assistance;;Número de estabelecimentos agropecuários;420.0;;6847
2702009;2017;technical_assistance;;Número de estabelecimentos agropecuários;1712.0;;6847
2702108;2017;technical_assistance;;Número de estabelecimentos agropecuários;354.0;;6847
2702207;2017;technical_assistance;;Número de estabelecimentos agropecuários;41.0;;6847
2702306;2017;technical_assistance;;Número de estabelecimentos agropecuários;700.0;;6847
2702355;2017;technical_assistance;;Número de estabelecimentos agropecuários;2932.0;;6847
2702405;2017;technical_assistance;;Número de estabelecimentos agropecuários;973.0;;6847
2702504;2017;technical_assistance;;Número de estabelecimentos agropecuários;1156.0;;6847
2702553;2017;technical_assistance;;Número de estabelecimentos agropecuários;2676.0;;6847
2702603;2017;technical_assistance;;Número de estabelecimentos agropecuários;3275.0;;6847
2702702;2017;technical_assistance;;Número de estabelecimentos agropecuários;263.0;;6847
2702801;2017;technical_assistance;;Número de estabelecimentos agropecuários;558.0;;6847
2702900;2017;technical_assistance;;Número de estabelecimentos agropecuários;4141.0;;6847
2703007;2017;technical_assistance;;Número de estabelecimentos agropecuários;419.0;;6847
2703106;2017;technical_assistance;;Número de estabelecimentos agropecuários;2946.0;;6847
2703205;2017;technical_assistance;;Número de estabelecimentos agropecuários;1414.0;;6847
2703304;2017;technical_assistance;;Número de estabelecimentos agropecuários;1745.0;;6847
2703403;2017;technical_assistance;;Número de estabelecimentos agropecuários;538.0;;6847
2703502;2017;technical_assistance;;Número de estabelecimentos agropecuários;444.0;;6847
2703601;2017;technical_assistance;;Número de estabelecimentos agropecuários;158.0;;6847
2703700;2017;technical_assistance;;Número de estabelecimentos agropecuários;401.0;;6847
2703759;2017;technical_assistance;;Número de estabelecimentos agropecuários;224.0;;6847
2703809;2017;technical_assistance;;Número de estabelecimentos agropecuários;751.0;;6847
2703908;2017;technical_assistance;;Número de estabelecimentos agropecuários;215.0;;6847
2704005;2017;technical_assistance;;Número de estabelecimentos agropecuários;1563.0;;6847
2704104;2017;technical_assistance;;Número de estabelecimentos agropecuários;1583.0;;6847
2704203;2017;technical_assistance;;Número de estabelecimentos agropecuários;1985.0;;6847
2704302;2017;technical_assistance;;Número de estabelecimentos agropecuários;44.0;;6847
2704401;2017;technical_assistance;;Número de estabelecimentos agropecuários;1985.0;;6847
2704500;2017;technical_assistance;;Número de estabelecimentos agropecuários;1180.0;;6847
2704609;2017;technical_assistance;;Número de estabelecimentos agropecuários;982.0;;6847
2704708;2017;technical_assistance;;Número de estabelecimentos agropecuários;101.0;;6847
2704807;2017;technical_assistance;;Número de estabelecimentos agropecuários;290.0;;6847
2704906;2017;technical_assistance;;Número de estabelecimentos agropecuários;341.0;;6847
2705002;2017;technical_assistance;;Número de estabelecimentos agropecuários;3260.0;;6847
2705101;2017;technical_assistance;;Número de estabelecimentos agropecuários;312.0;;6847
2705200;2017;technical_assistance;;Número de estabelecimentos agropecuários;258.0;;6847
2705309;2017;technical_assistance;;Número de estabelecimentos agropecuários;793.0;;6847
2705408;2017;technical_assistance;;Número de estabelecimentos agropecuários;316.0;;6847
2705507;2017;technical_assistance;;Número de estabelecimentos agropecuários;594.0;;6847
2705606;2017;technical_assistance;;Número de estabelecimentos agropecuários;281.0;;6847
2705705;2017;technical_assistance;;Número de estabelecimentos agropecuários;1440.0;;6847
2705804;2017;technical_assistance;;Número de estabelecimentos agropecuários;722.0;;6847
2705903;2017;technical_assistance;;Número de estabelecimentos agropecuários;898.0;;6847
2706000;2017;technical_assistance;;Número de estabelecimentos agropecuários;1593.0;;6847
2706109;2017;technical_assistance;;Número de estabelecimentos agropecuários;835.0;;6847
2706208;2017;technical_assistance;;Número de estabelecimentos agropecuários;120.0;;6847
2706307;2017;technical_assistance;;Número de estabelecimentos agropecuários;3492.0;;6847
2706406;2017;technical_assistance;;Número de estabelecimentos agropecuários;1539.0;;6847
2706422;2017;technical_assistance;;Número de estabelecimentos agropecuários;757.0;;6847
2706448;2017;technical_assistance;;Número de estabelecimentos agropecuários;84.0;;6847
2706505;2017;technical_assistance;;Número de estabelecimentos agropecuários;123.0;;6847
2706604;2017;technical_assistance;;Número de estabelecimentos agropecuários;337.0;;6847
2706703;2017;technical_assistance;;Número de estabelecimentos agropecuários;1445.0;;6847
2706802;2017;technical_assistance;;Número de estabelecimentos agropecuários;206.0;;6847
2706901;2017;technical_assistance;;Número de estabelecimentos agropecuários;145.0;;6847
2707008;2017;technical_assistance;;Número de estabelecimentos agropecuários;325.0;;6847
2707107;2017;technical_assistance;;Número de estabelecimentos agropecuários;1074.0;;6847
2707206;2017;technical_assistance;;Número de estabelecimentos agropecuários;1486.0;;6847
2707305;2017;technical_assistance;;Número de estabelecimentos agropecuários;416.0;;6847
2707404;2017;technical_assistance;;Número de estabelecimentos agropecuários;241.0;;6847
2707503;2017;technical_assistance;;Número de estabelecimentos agropecuários;1209.0;;6847
2707602;2017;technical_assistance;;Número de estabelecimentos agropecuários;800.0;;6847
2707701;2017;technical_assistance;;Número de estabelecimentos agropecuários;73.0;;6847
2707800;2017;technical_assistance;;Número de estabelecimentos agropecuários;78.0;;6847
2707909;2017;technical_assistance;;Número de estabelecimentos agropecuários;19.0;;6847
2708006;2017;technical_assistance;;Número de estabelecimentos agropecuários;2351.0;;6847
2708105;2017;technical_assistance;;Número de estabelecimentos agropecuários;1679.0;;6847
2708204;2017;technical_assistance;;Número de estabelecimentos agropecuários;467.0;;6847
2708303;2017;technical_assistance;;Número de estabelecimentos agropecuários;356.0;;6847
2708402;2017;technical_assistance;;Número de estabelecimentos agropecuários;2468.0;;6847
2708501;2017;technical_assistance;;Número de estabelecimentos agropecuários;883.0;;6847
2708600;2017;technical_assistance;;Número de estabelecimentos agropecuários;148.0;;6847
2708709;2017;technical_assistance;;Número de estabelecimentos agropecuários;111.0;;6847
2708808;2017;technical_assistance;;Número de estabelecimentos agropecuários;2625.0;;6847
2708907;2017;technical_assistance;;Número de estabelecimentos agropecuários;23.0;;6847
2708956;2017;technical_assistance;;Número de estabelecimentos agropecuários;1558.0;;6847
2709004;2017;technical_assistance;;Número de estabelecimentos agropecuários;460.0;;6847
2709103;2017;technical_assistance;;Número de estabelecimentos agropecuários;2183.0;;6847
2709152;2017;technical_assistance;;Número de estabelecimentos agropecuários;529.0;;6847
2709202;2017;technical_assistance;;Número de estabelecimentos agropecuários;3163.0;;6847
2709301;2017;technical_assistance;;Número de estabelecimentos agropecuários;1650.0;;6847
2709400;2017;technical_assistance;;Número de estabelecimentos agropecuários;837.0;;6847
1300029;2017;technical_assistance;;Número de estabelecimentos agropecuários;1002.0;;6847
1300060;2017;technical_assistance;;Número de estabelecimentos agropecuários;538.0;;6847
1300086;2017;technical_assistance;;Número de estabelecimentos agropecuários;622.0;;6847
1300102;2017;technical_assistance;;Número de estabelecimentos agropecuários;749.0;;6847
1300144;2017;technical_assistance;;Número de estabelecimentos agropecuários;1091.0;;6847
1300201;2017;technical_assistance;;Número de estabelecimentos agropecuários;1252.0;;6847
1300300;2017;technical_assistance;;Número de estabelecimentos agropecuários;2583.0;;6847
1300409;2017;technical_assistance;;Número de estabelecimentos agropecuários;932.0;;6847
1300508;2017;technical_assistance;;Número de estabelecimentos agropecuários;1579.0;;6847
1300607;2017;technical_assistance;;Número de estabelecimentos agropecuários;1210.0;;6847
1300631;2017;technical_assistance;;Número de estabelecimentos agropecuários;1017.0;;6847
1300680;2017;technical_assistance;;Número de estabelecimentos agropecuários;1119.0;;6847
1300706;2017;technical_assistance;;Número de estabelecimentos agropecuários;3373.0;;6847
1300805;2017;technical_assistance;;Número de estabelecimentos agropecuários;1732.0;;6847
1300839;2017;technical_assistance;;Número de estabelecimentos agropecuários;213.0;;6847
1300904;2017;technical_assistance;;Número de estabelecimentos agropecuários;1029.0;;6847
1301001;2017;technical_assistance;;Número de estabelecimentos agropecuários;1505.0;;6847
1301100;2017;technical_assistance;;Número de estabelecimentos agropecuários;2291.0;;6847
1301159;2017;technical_assistance;;Número de estabelecimentos agropecuários;1842.0;;6847
1301209;2017;technical_assistance;;Número de estabelecimentos agropecuários;2173.0;;6847
1301308;2017;technical_assistance;;Número de estabelecimentos agropecuários;1130.0;;6847
1301407;2017;technical_assistance;;Número de estabelecimentos agropecuários;1052.0;;6847
1301506;2017;technical_assistance;;Número de estabelecimentos agropecuários;1028.0;;6847
1301605;2017;technical_assistance;;Número de estabelecimentos agropecuários;881.0;;6847
1301654;2017;technical_assistance;;Número de estabelecimentos agropecuários;948.0;;6847
1301704;2017;technical_assistance;;Número de estabelecimentos agropecuários;768.0;;6847
1301803;2017;technical_assistance;;Número de estabelecimentos agropecuários;1099.0;;6847
1301852;2017;technical_assistance;;Número de estabelecimentos agropecuários;1399.0;;6847
1301902;2017;technical_assistance;;Número de estabelecimentos agropecuários;2442.0;;6847
1301951;2017;technical_assistance;;Número de estabelecimentos agropecuários;913.0;;6847
1302009;2017;technical_assistance;;Número de estabelecimentos agropecuários;226.0;;6847
1302108;2017;technical_assistance;;Número de estabelecimentos agropecuários;302.0;;6847
1302207;2017;technical_assistance;;Número de estabelecimentos agropecuários;836.0;;6847
1302306;2017;technical_assistance;;Número de estabelecimentos agropecuários;1100.0;;6847
1302405;2017;technical_assistance;;Número de estabelecimentos agropecuários;2461.0;;6847
1302504;2017;technical_assistance;;Número de estabelecimentos agropecuários;2357.0;;6847
1302553;2017;technical_assistance;;Número de estabelecimentos agropecuários;1281.0;;6847
1302603;2017;technical_assistance;;Número de estabelecimentos agropecuários;1943.0;;6847
1302702;2017;technical_assistance;;Número de estabelecimentos agropecuários;2650.0;;6847
1302801;2017;technical_assistance;;Número de estabelecimentos agropecuários;725.0;;6847
1302900;2017;technical_assistance;;Número de estabelecimentos agropecuários;1779.0;;6847
1303007;2017;technical_assistance;;Número de estabelecimentos agropecuários;1316.0;;6847
1303106;2017;technical_assistance;;Número de estabelecimentos agropecuários;1392.0;;6847
1303205;2017;technical_assistance;;Número de estabelecimentos agropecuários;241.0;;6847
1303304;2017;technical_assistance;;Número de estabelecimentos agropecuários;1006.0;;6847
1303403;2017;technical_assistance;;Número de estabelecimentos agropecuários;2742.0;;6847
1303502;2017;technical_assistance;;Número de estabelecimentos agropecuários;1410.0;;6847
1303536;2017;technical_assistance;;Número de estabelecimentos agropecuários;1769.0;;6847
1303569;2017;technical_assistance;;Número de estabelecimentos agropecuários;1004.0;;6847
1303601;2017;technical_assistance;;Número de estabelecimentos agropecuários;1149.0;;6847
1303700;2017;technical_assistance;;Número de estabelecimentos agropecuários;754.0;;6847
1303809;2017;technical_assistance;;Número de estabelecimentos agropecuários;3928.0;;6847
1303908;2017;technical_assistance;;Número de estabelecimentos agropecuários;1052.0;;6847
1303957;2017;technical_assistance;;Número de estabelecimentos agropecuários;408.0;;6847
1304005;2017;technical_assistance;;Número de estabelecimentos agropecuários;502.0;;6847
1304062;2017;technical_assistance;;Número de estabelecimentos agropecuários;1889.0;;6847
1304104;2017;technical_assistance;;Número de estabelecimentos agropecuários;1089.0;;6847
1304203;2017;technical_assistance;;Número de estabelecimentos agropecuários;1826.0;;6847
1304237;2017;technical_assistance;;Número de estabelecimentos agropecuários;367.0;;6847
1304260;2017;technical_assistance;;Número de estabelecimentos agropecuários;803.0;;6847
1304302;2017;technical_assistance;;Número de estabelecimentos agropecuários;609.0;;6847
1304401;2017;technical_assistance;;Número de estabelecimentos agropecuários;531.0;;6847
1600055;2017;technical_assistance;;Número de estabelecimentos agropecuários;114.0;;6847
1600105;2017;technical_assistance;;Número de estabelecimentos agropecuários;223.0;;6847
1600154;2017;technical_assistance;;Número de estabelecimentos agropecuários;594.0;;6847
1600204;2017;technical_assistance;;Número de estabelecimentos agropecuários;213.0;;6847
1600212;2017;technical_assistance;;Número de estabelecimentos agropecuários;182.0;;6847
1600238;2017;technical_assistance;;Número de estabelecimentos agropecuários;226.0;;6847
1600253;2017;technical_assistance;;Número de estabelecimentos agropecuários;215.0;;6847
1600279;2017;technical_assistance;;Número de estabelecimentos agropecuários;427.0;;6847
1600303;2017;technical_assistance;;Número de estabelecimentos agropecuários;1828.0;;6847
1600402;2017;technical_assistance;;Número de estabelecimentos agropecuários;1169.0;;6847
1600501;2017;technical_assistance;;Número de estabelecimentos agropecuários;1136.0;;6847
1600535;2017;technical_assistance;;Número de estabelecimentos agropecuários;739.0;;6847
1600550;2017;technical_assistance;;Número de estabelecimentos agropecuários;145.0;;6847
1600600;2017;technical_assistance;;Número de estabelecimentos agropecuários;705.0;;6847
1600709;2017;technical_assistance;;Número de estabelecimentos agropecuários;327.0;;6847
1600808;2017;technical_assistance;;Número de estabelecimentos agropecuários;264.0;;6847
2900108;2017;technical_assistance;;Número de estabelecimentos agropecuários;919.0;;6847
2900207;2017;technical_assistance;;Número de estabelecimentos agropecuários;1885.0;;6847
2900306;2017;technical_assistance;;Número de estabelecimentos agropecuários;1337.0;;6847
2900355;2017;technical_assistance;;Número de estabelecimentos agropecuários;3249.0;;6847
2900405;2017;technical_assistance;;Número de estabelecimentos agropecuários;2165.0;;6847
2900504;2017;technical_assistance;;Número de estabelecimentos agropecuários;1989.0;;6847
2900603;2017;technical_assistance;;Número de estabelecimentos agropecuários;329.0;;6847
2900702;2017;technical_assistance;;Número de estabelecimentos agropecuários;2546.0;;6847
2900801;2017;technical_assistance;;Número de estabelecimentos agropecuários;1246.0;;6847
2900900;2017;technical_assistance;;Número de estabelecimentos agropecuários;197.0;;6847
2901007;2017;technical_assistance;;Número de estabelecimentos agropecuários;2727.0;;6847
2901106;2017;technical_assistance;;Número de estabelecimentos agropecuários;323.0;;6847
2901155;2017;technical_assistance;;Número de estabelecimentos agropecuários;1301.0;;6847
2901205;2017;technical_assistance;;Número de estabelecimentos agropecuários;2475.0;;6847
2901304;2017;technical_assistance;;Número de estabelecimentos agropecuários;954.0;;6847
2901353;2017;technical_assistance;;Número de estabelecimentos agropecuários;2401.0;;6847
2901403;2017;technical_assistance;;Número de estabelecimentos agropecuários;1292.0;;6847
2901502;2017;technical_assistance;;Número de estabelecimentos agropecuários;839.0;;6847
2901601;2017;technical_assistance;;Número de estabelecimentos agropecuários;1823.0;;6847
2901700;2017;technical_assistance;;Número de estabelecimentos agropecuários;2064.0;;6847
2901809;2017;technical_assistance;;Número de estabelecimentos agropecuários;843.0;;6847
2901908;2017;technical_assistance;;Número de estabelecimentos agropecuários;2633.0;;6847
2901957;2017;technical_assistance;;Número de estabelecimentos agropecuários;416.0;;6847
2902005;2017;technical_assistance;;Número de estabelecimentos agropecuários;3017.0;;6847
2902054;2017;technical_assistance;;Número de estabelecimentos agropecuários;851.0;;6847
2902104;2017;technical_assistance;;Número de estabelecimentos agropecuários;4779.0;;6847
2902203;2017;technical_assistance;;Número de estabelecimentos agropecuários;771.0;;6847
2902252;2017;technical_assistance;;Número de estabelecimentos agropecuários;768.0;;6847
2902302;2017;technical_assistance;;Número de estabelecimentos agropecuários;914.0;;6847
2902401;2017;technical_assistance;;Número de estabelecimentos agropecuários;378.0;;6847
2902500;2017;technical_assistance;;Número de estabelecimentos agropecuários;2130.0;;6847
2902609;2017;technical_assistance;;Número de estabelecimentos agropecuários;2642.0;;6847
2902658;2017;technical_assistance;;Número de estabelecimentos agropecuários;1754.0;;6847
2902708;2017;technical_assistance;;Número de estabelecimentos agropecuários;2904.0;;6847
2902807;2017;technical_assistance;;Número de estabelecimentos agropecuários;3774.0;;6847
2902906;2017;technical_assistance;;Número de estabelecimentos agropecuários;1996.0;;6847
2903003;2017;technical_assistance;;Número de estabelecimentos agropecuários;1995.0;;6847
2903102;2017;technical_assistance;;Número de estabelecimentos agropecuários;461.0;;6847
2903201;2017;technical_assistance;;Número de estabelecimentos agropecuários;2192.0;;6847
2903235;2017;technical_assistance;;Número de estabelecimentos agropecuários;1866.0;;6847
2903276;2017;technical_assistance;;Número de estabelecimentos agropecuários;1589.0;;6847
2903300;2017;technical_assistance;;Número de estabelecimentos agropecuários;393.0;;6847
2903409;2017;technical_assistance;;Número de estabelecimentos agropecuários;1397.0;;6847
2903508;2017;technical_assistance;;Número de estabelecimentos agropecuários;1272.0;;6847
2903607;2017;technical_assistance;;Número de estabelecimentos agropecuários;2577.0;;6847
2903706;2017;technical_assistance;;Número de estabelecimentos agropecuários;2080.0;;6847
2903805;2017;technical_assistance;;Número de estabelecimentos agropecuários;2536.0;;6847
2903904;2017;technical_assistance;;Número de estabelecimentos agropecuários;3721.0;;6847
2903953;2017;technical_assistance;;Número de estabelecimentos agropecuários;1570.0;;6847
2904001;2017;technical_assistance;;Número de estabelecimentos agropecuários;1114.0;;6847
2904050;2017;technical_assistance;;Número de estabelecimentos agropecuários;1678.0;;6847
2904100;2017;technical_assistance;;Número de estabelecimentos agropecuários;3082.0;;6847
2904209;2017;technical_assistance;;Número de estabelecimentos agropecuários;2223.0;;6847
2904308;2017;technical_assistance;;Número de estabelecimentos agropecuários;1428.0;;6847
2904407;2017;technical_assistance;;Número de estabelecimentos agropecuários;1410.0;;6847
2904506;2017;technical_assistance;;Número de estabelecimentos agropecuários;1640.0;;6847
2904605;2017;technical_assistance;;Número de estabelecimentos agropecuários;4600.0;;6847
2904704;2017;technical_assistance;;Número de estabelecimentos agropecuários;571.0;;6847
2904753;2017;technical_assistance;;Número de estabelecimentos agropecuários;2211.0;;6847
2904803;2017;technical_assistance;;Número de estabelecimentos agropecuários;679.0;;6847
2904852;2017;technical_assistance;;Número de estabelecimentos agropecuários;3118.0;;6847
2904902;2017;technical_assistance;;Número de estabelecimentos agropecuários;1989.0;;6847
2905008;2017;technical_assistance;;Número de estabelecimentos agropecuários;2499.0;;6847
2905107;2017;technical_assistance;;Número de estabelecimentos agropecuários;1035.0;;6847
2905156;2017;technical_assistance;;Número de estabelecimentos agropecuários;1873.0;;6847
2905206;2017;technical_assistance;;Número de estabelecimentos agropecuários;4555.0;;6847
2905305;2017;technical_assistance;;Número de estabelecimentos agropecuários;2227.0;;6847
2905404;2017;technical_assistance;;Número de estabelecimentos agropecuários;26.0;;6847
2905503;2017;technical_assistance;;Número de estabelecimentos agropecuários;1597.0;;6847
2905602;2017;technical_assistance;;Número de estabelecimentos agropecuários;747.0;;6847
2905701;2017;technical_assistance;;Número de estabelecimentos agropecuários;1175.0;;6847
2905800;2017;technical_assistance;;Número de estabelecimentos agropecuários;2692.0;;6847
2905909;2017;technical_assistance;;Número de estabelecimentos agropecuários;5260.0;;6847
2906006;2017;technical_assistance;;Número de estabelecimentos agropecuários;5840.0;;6847
2906105;2017;technical_assistance;;Número de estabelecimentos agropecuários;1601.0;;6847
2906204;2017;technical_assistance;;Número de estabelecimentos agropecuários;2588.0;;6847
2906303;2017;technical_assistance;;Número de estabelecimentos agropecuários;1560.0;;6847
2906402;2017;technical_assistance;;Número de estabelecimentos agropecuários;891.0;;6847
2906501;2017;technical_assistance;;Número de estabelecimentos agropecuários;454.0;;6847
2906600;2017;technical_assistance;;Número de estabelecimentos agropecuários;1917.0;;6847
2906709;2017;technical_assistance;;Número de estabelecimentos agropecuários;1310.0;;6847
2906808;2017;technical_assistance;;Número de estabelecimentos agropecuários;3579.0;;6847
2906824;2017;technical_assistance;;Número de estabelecimentos agropecuários;1741.0;;6847
2906857;2017;technical_assistance;;Número de estabelecimentos agropecuários;1237.0;;6847
2906873;2017;technical_assistance;;Número de estabelecimentos agropecuários;1087.0;;6847
2906899;2017;technical_assistance;;Número de estabelecimentos agropecuários;1710.0;;6847
2906907;2017;technical_assistance;;Número de estabelecimentos agropecuários;1005.0;;6847
2907004;2017;technical_assistance;;Número de estabelecimentos agropecuários;171.0;;6847
2907103;2017;technical_assistance;;Número de estabelecimentos agropecuários;2550.0;;6847
2907202;2017;technical_assistance;;Número de estabelecimentos agropecuários;7509.0;;6847
2907301;2017;technical_assistance;;Número de estabelecimentos agropecuários;1662.0;;6847
2907400;2017;technical_assistance;;Número de estabelecimentos agropecuários;515.0;;6847
2907509;2017;technical_assistance;;Número de estabelecimentos agropecuários;989.0;;6847
2907558;2017;technical_assistance;;Número de estabelecimentos agropecuários;1797.0;;6847
2907608;2017;technical_assistance;;Número de estabelecimentos agropecuários;1994.0;;6847
2907707;2017;technical_assistance;;Número de estabelecimentos agropecuários;1172.0;;6847
2907806;2017;technical_assistance;;Número de estabelecimentos agropecuários;4711.0;;6847
2907905;2017;technical_assistance;;Número de estabelecimentos agropecuários;1213.0;;6847
2908002;2017;technical_assistance;;Número de estabelecimentos agropecuários;362.0;;6847
2908101;2017;technical_assistance;;Número de estabelecimentos agropecuários;1657.0;;6847
2908200;2017;technical_assistance;;Número de estabelecimentos agropecuários;807.0;;6847
2908309;2017;technical_assistance;;Número de estabelecimentos agropecuários;1315.0;;6847
2908408;2017;technical_assistance;;Número de estabelecimentos agropecuários;5603.0;;6847
2908507;2017;technical_assistance;;Número de estabelecimentos agropecuários;483.0;;6847
2908606;2017;technical_assistance;;Número de estabelecimentos agropecuários;2195.0;;6847
2908705;2017;technical_assistance;;Número de estabelecimentos agropecuários;2730.0;;6847
2908804;2017;technical_assistance;;Número de estabelecimentos agropecuários;347.0;;6847
2908903;2017;technical_assistance;;Número de estabelecimentos agropecuários;2583.0;;6847
2909000;2017;technical_assistance;;Número de estabelecimentos agropecuários;1371.0;;6847
2909109;2017;technical_assistance;;Número de estabelecimentos agropecuários;1834.0;;6847
2909208;2017;technical_assistance;;Número de estabelecimentos agropecuários;2222.0;;6847
2909307;2017;technical_assistance;;Número de estabelecimentos agropecuários;3408.0;;6847
2909406;2017;technical_assistance;;Número de estabelecimentos agropecuários;1913.0;;6847
2909505;2017;technical_assistance;;Número de estabelecimentos agropecuários;221.0;;6847
2909604;2017;technical_assistance;;Número de estabelecimentos agropecuários;4237.0;;6847
2909703;2017;technical_assistance;;Número de estabelecimentos agropecuários;1274.0;;6847
2909802;2017;technical_assistance;;Número de estabelecimentos agropecuários;1436.0;;6847
2909901;2017;technical_assistance;;Número de estabelecimentos agropecuários;4655.0;;6847
2910008;2017;technical_assistance;;Número de estabelecimentos agropecuários;936.0;;6847
2910057;2017;technical_assistance;;Número de estabelecimentos agropecuários;194.0;;6847
2910107;2017;technical_assistance;;Número de estabelecimentos agropecuários;2053.0;;6847
2910206;2017;technical_assistance;;Número de estabelecimentos agropecuários;507.0;;6847
2910305;2017;technical_assistance;;Número de estabelecimentos agropecuários;1266.0;;6847
2910404;2017;technical_assistance;;Número de estabelecimentos agropecuários;1871.0;;6847
2910503;2017;technical_assistance;;Número de estabelecimentos agropecuários;620.0;;6847
2910602;2017;technical_assistance;;Número de estabelecimentos agropecuários;2493.0;;6847
2910701;2017;technical_assistance;;Número de estabelecimentos agropecuários;5686.0;;6847
2910727;2017;technical_assistance;;Número de estabelecimentos agropecuários;954.0;;6847
2910750;2017;technical_assistance;;Número de estabelecimentos agropecuários;2480.0;;6847
2910776;2017;technical_assistance;;Número de estabelecimentos agropecuários;1184.0;;6847
2910800;2017;technical_assistance;;Número de estabelecimentos agropecuários;9191.0;;6847
2910859;2017;technical_assistance;;Número de estabelecimentos agropecuários;1680.0;;6847
2910909;2017;technical_assistance;;Número de estabelecimentos agropecuários;207.0;;6847
2911006;2017;technical_assistance;;Número de estabelecimentos agropecuários;410.0;;6847
2911105;2017;technical_assistance;;Número de estabelecimentos agropecuários;1352.0;;6847
2911204;2017;technical_assistance;;Número de estabelecimentos agropecuários;1227.0;;6847
2911253;2017;technical_assistance;;Número de estabelecimentos agropecuários;592.0;;6847
2911303;2017;technical_assistance;;Número de estabelecimentos agropecuários;871.0;;6847
2911402;2017;technical_assistance;;Número de estabelecimentos agropecuários;1498.0;;6847
2911501;2017;technical_assistance;;Número de estabelecimentos agropecuários;251.0;;6847
2911600;2017;technical_assistance;;Número de estabelecimentos agropecuários;2144.0;;6847
2911659;2017;technical_assistance;;Número de estabelecimentos agropecuários;1867.0;;6847
2911709;2017;technical_assistance;;Número de estabelecimentos agropecuários;4417.0;;6847
2911808;2017;technical_assistance;;Número de estabelecimentos agropecuários;2121.0;;6847
2911857;2017;technical_assistance;;Número de estabelecimentos agropecuários;2036.0;;6847
2911907;2017;technical_assistance;;Número de estabelecimentos agropecuários;1675.0;;6847
2912004;2017;technical_assistance;;Número de estabelecimentos agropecuários;1629.0;;6847
2912103;2017;technical_assistance;;Número de estabelecimentos agropecuários;264.0;;6847
2912202;2017;technical_assistance;;Número de estabelecimentos agropecuários;1722.0;;6847
2912301;2017;technical_assistance;;Número de estabelecimentos agropecuários;1061.0;;6847
2912400;2017;technical_assistance;;Número de estabelecimentos agropecuários;2207.0;;6847
2912509;2017;technical_assistance;;Número de estabelecimentos agropecuários;2436.0;;6847
2912608;2017;technical_assistance;;Número de estabelecimentos agropecuários;582.0;;6847
2912707;2017;technical_assistance;;Número de estabelecimentos agropecuários;2025.0;;6847
2912806;2017;technical_assistance;;Número de estabelecimentos agropecuários;493.0;;6847
2912905;2017;technical_assistance;;Número de estabelecimentos agropecuários;941.0;;6847
2913002;2017;technical_assistance;;Número de estabelecimentos agropecuários;2178.0;;6847
2913101;2017;technical_assistance;;Número de estabelecimentos agropecuários;2571.0;;6847
2913200;2017;technical_assistance;;Número de estabelecimentos agropecuários;1503.0;;6847
2913309;2017;technical_assistance;;Número de estabelecimentos agropecuários;514.0;;6847
2913408;2017;technical_assistance;;Número de estabelecimentos agropecuários;1410.0;;6847
2913457;2017;technical_assistance;;Número de estabelecimentos agropecuários;2245.0;;6847
2913507;2017;technical_assistance;;Número de estabelecimentos agropecuários;2013.0;;6847
2913606;2017;technical_assistance;;Número de estabelecimentos agropecuários;3559.0;;6847
2913705;2017;technical_assistance;;Número de estabelecimentos agropecuários;4151.0;;6847
2913804;2017;technical_assistance;;Número de estabelecimentos agropecuários;3484.0;;6847
2913903;2017;technical_assistance;;Número de estabelecimentos agropecuários;866.0;;6847
2914000;2017;technical_assistance;;Número de estabelecimentos agropecuários;6199.0;;6847
2914109;2017;technical_assistance;;Número de estabelecimentos agropecuários;1066.0;;6847
2914208;2017;technical_assistance;;Número de estabelecimentos agropecuários;442.0;;6847
2914307;2017;technical_assistance;;Número de estabelecimentos agropecuários;945.0;;6847
2914406;2017;technical_assistance;;Número de estabelecimentos agropecuários;2987.0;;6847
2914505;2017;technical_assistance;;Número de estabelecimentos agropecuários;3294.0;;6847
2914604;2017;technical_assistance;;Número de estabelecimentos agropecuários;800.0;;6847
2914653;2017;technical_assistance;;Número de estabelecimentos agropecuários;660.0;;6847
2914703;2017;technical_assistance;;Número de estabelecimentos agropecuários;2996.0;;6847
2914802;2017;technical_assistance;;Número de estabelecimentos agropecuários;923.0;;6847
2914901;2017;technical_assistance;;Número de estabelecimentos agropecuários;2606.0;;6847
2915007;2017;technical_assistance;;Número de estabelecimentos agropecuários;1437.0;;6847
2915106;2017;technical_assistance;;Número de estabelecimentos agropecuários;566.0;;6847
2915205;2017;technical_assistance;;Número de estabelecimentos agropecuários;956.0;;6847
2915304;2017;technical_assistance;;Número de estabelecimentos agropecuários;236.0;;6847
2915353;2017;technical_assistance;;Número de estabelecimentos agropecuários;1429.0;;6847
2915403;2017;technical_assistance;;Número de estabelecimentos agropecuários;307.0;;6847
2915502;2017;technical_assistance;;Número de estabelecimentos agropecuários;632.0;;6847
2915601;2017;technical_assistance;;Número de estabelecimentos agropecuários;2213.0;;6847
2915700;2017;technical_assistance;;Número de estabelecimentos agropecuários;776.0;;6847
2915809;2017;technical_assistance;;Número de estabelecimentos agropecuários;1436.0;;6847
2915908;2017;technical_assistance;;Número de estabelecimentos agropecuários;311.0;;6847
2916005;2017;technical_assistance;;Número de estabelecimentos agropecuários;1514.0;;6847
2916104;2017;technical_assistance;;Número de estabelecimentos agropecuários;86.0;;6847
2916203;2017;technical_assistance;;Número de estabelecimentos agropecuários;322.0;;6847
2916302;2017;technical_assistance;;Número de estabelecimentos agropecuários;242.0;;6847
2916401;2017;technical_assistance;;Número de estabelecimentos agropecuários;672.0;;6847
2916500;2017;technical_assistance;;Número de estabelecimentos agropecuários;5073.0;;6847
2916609;2017;technical_assistance;;Número de estabelecimentos agropecuários;323.0;;6847
2916708;2017;technical_assistance;;Número de estabelecimentos agropecuários;586.0;;6847
2916807;2017;technical_assistance;;Número de estabelecimentos agropecuários;926.0;;6847
2916856;2017;technical_assistance;;Número de estabelecimentos agropecuários;708.0;;6847
2916906;2017;technical_assistance;;Número de estabelecimentos agropecuários;614.0;;6847
2917003;2017;technical_assistance;;Número de estabelecimentos agropecuários;3432.0;;6847
2917102;2017;technical_assistance;;Número de estabelecimentos agropecuários;490.0;;6847
2917201;2017;technical_assistance;;Número de estabelecimentos agropecuários;2652.0;;6847
2917300;2017;technical_assistance;;Número de estabelecimentos agropecuários;1540.0;;6847
2917334;2017;technical_assistance;;Número de estabelecimentos agropecuários;1096.0;;6847
2917359;2017;technical_assistance;;Número de estabelecimentos agropecuários;1320.0;;6847
2917409;2017;technical_assistance;;Número de estabelecimentos agropecuários;2493.0;;6847
2917508;2017;technical_assistance;;Número de estabelecimentos agropecuários;2294.0;;6847
2917607;2017;technical_assistance;;Número de estabelecimentos agropecuários;2406.0;;6847
2917706;2017;technical_assistance;;Número de estabelecimentos agropecuários;2007.0;;6847
2917805;2017;technical_assistance;;Número de estabelecimentos agropecuários;2067.0;;6847
2917904;2017;technical_assistance;;Número de estabelecimentos agropecuários;668.0;;6847
2918001;2017;technical_assistance;;Número de estabelecimentos agropecuários;2657.0;;6847
2918100;2017;technical_assistance;;Número de estabelecimentos agropecuários;4169.0;;6847
2918209;2017;technical_assistance;;Número de estabelecimentos agropecuários;2462.0;;6847
2918308;2017;technical_assistance;;Número de estabelecimentos agropecuários;1023.0;;6847
2918357;2017;technical_assistance;;Número de estabelecimentos agropecuários;1347.0;;6847
2918407;2017;technical_assistance;;Número de estabelecimentos agropecuários;7288.0;;6847
2918456;2017;technical_assistance;;Número de estabelecimentos agropecuários;1281.0;;6847
2918506;2017;technical_assistance;;Número de estabelecimentos agropecuários;1765.0;;6847
2918555;2017;technical_assistance;;Número de estabelecimentos agropecuários;194.0;;6847
2918605;2017;technical_assistance;;Número de estabelecimentos agropecuários;809.0;;6847
2918704;2017;technical_assistance;;Número de estabelecimentos agropecuários;562.0;;6847
2918753;2017;technical_assistance;;Número de estabelecimentos agropecuários;2307.0;;6847
2918803;2017;technical_assistance;;Número de estabelecimentos agropecuários;3942.0;;6847
2918902;2017;technical_assistance;;Número de estabelecimentos agropecuários;242.0;;6847
2919009;2017;technical_assistance;;Número de estabelecimentos agropecuários;499.0;;6847
2919058;2017;technical_assistance;;Número de estabelecimentos agropecuários;915.0;;6847
2919108;2017;technical_assistance;;Número de estabelecimentos agropecuários;1619.0;;6847
2919157;2017;technical_assistance;;Número de estabelecimentos agropecuários;2432.0;;6847
2919207;2017;technical_assistance;;Número de estabelecimentos agropecuários;30.0;;6847
2919306;2017;technical_assistance;;Número de estabelecimentos agropecuários;497.0;;6847
2919405;2017;technical_assistance;;Número de estabelecimentos agropecuários;1458.0;;6847
2919504;2017;technical_assistance;;Número de estabelecimentos agropecuários;4636.0;;6847
2919553;2017;technical_assistance;;Número de estabelecimentos agropecuários;429.0;;6847
2919603;2017;technical_assistance;;Número de estabelecimentos agropecuários;873.0;;6847
2919702;2017;technical_assistance;;Número de estabelecimentos agropecuários;344.0;;6847
2919801;2017;technical_assistance;;Número de estabelecimentos agropecuários;7189.0;;6847
2919900;2017;technical_assistance;;Número de estabelecimentos agropecuários;996.0;;6847
2919959;2017;technical_assistance;;Número de estabelecimentos agropecuários;953.0;;6847
2920007;2017;technical_assistance;;Número de estabelecimentos agropecuários;385.0;;6847
2920106;2017;technical_assistance;;Número de estabelecimentos agropecuários;2316.0;;6847
2920205;2017;technical_assistance;;Número de estabelecimentos agropecuários;1966.0;;6847
2920304;2017;technical_assistance;;Número de estabelecimentos agropecuários;1662.0;;6847
2920403;2017;technical_assistance;;Número de estabelecimentos agropecuários;1703.0;;6847
2920452;2017;technical_assistance;;Número de estabelecimentos agropecuários;1237.0;;6847
2920502;2017;technical_assistance;;Número de estabelecimentos agropecuários;1465.0;;6847
2920601;2017;technical_assistance;;Número de estabelecimentos agropecuários;4044.0;;6847
2920700;2017;technical_assistance;;Número de estabelecimentos agropecuários;2212.0;;6847
2920809;2017;technical_assistance;;Número de estabelecimentos agropecuários;804.0;;6847
2920908;2017;technical_assistance;;Número de estabelecimentos agropecuários;567.0;;6847
2921005;2017;technical_assistance;;Número de estabelecimentos agropecuários;515.0;;6847
2921054;2017;technical_assistance;;Número de estabelecimentos agropecuários;1361.0;;6847
2921104;2017;technical_assistance;;Número de estabelecimentos agropecuários;746.0;;6847
2921203;2017;technical_assistance;;Número de estabelecimentos agropecuários;2074.0;;6847
2921302;2017;technical_assistance;;Número de estabelecimentos agropecuários;267.0;;6847
2921401;2017;technical_assistance;;Número de estabelecimentos agropecuários;1777.0;;6847
2921450;2017;technical_assistance;;Número de estabelecimentos agropecuários;1577.0;;6847
2921500;2017;technical_assistance;;Número de estabelecimentos agropecuários;6488.0;;6847
2921609;2017;technical_assistance;;Número de estabelecimentos agropecuários;828.0;;6847
2921708;2017;technical_assistance;;Número de estabelecimentos agropecuários;2471.0;;6847
2921807;2017;technical_assistance;;Número de estabelecimentos agropecuários;1887.0;;6847
2921906;2017;technical_assistance;;Número de estabelecimentos agropecuários;814.0;;6847
2922003;2017;technical_assistance;;Número de estabelecimentos agropecuários;987.0;;6847
2922052;2017;technical_assistance;;Número de estabelecimentos agropecuários;3116.0;;6847
2922102;2017;technical_assistance;;Número de estabelecimentos agropecuários;1710.0;;6847
2922201;2017;technical_assistance;;Número de estabelecimentos agropecuários;1025.0;;6847
2922250;2017;technical_assistance;;Número de estabelecimentos agropecuários;1488.0;;6847
2922300;2017;technical_assistance;;Número de estabelecimentos agropecuários;1934.0;;6847
2922409;2017;technical_assistance;;Número de estabelecimentos agropecuários;3782.0;;6847
2922508;2017;technical_assistance;;Número de estabelecimentos agropecuários;957.0;;6847
2922607;2017;technical_assistance;;Número de estabelecimentos agropecuários;1660.0;;6847
2922656;2017;technical_assistance;;Número de estabelecimentos agropecuários;1107.0;;6847
2922706;2017;technical_assistance;;Número de estabelecimentos agropecuários;2136.0;;6847
2922730;2017;technical_assistance;;Número de estabelecimentos agropecuários;1124.0;;6847
2922755;2017;technical_assistance;;Número de estabelecimentos agropecuários;873.0;;6847
2922805;2017;technical_assistance;;Número de estabelecimentos agropecuários;647.0;;6847
2922854;2017;technical_assistance;;Número de estabelecimentos agropecuários;1069.0;;6847
2922904;2017;technical_assistance;;Número de estabelecimentos agropecuários;3537.0;;6847
2923001;2017;technical_assistance;;Número de estabelecimentos agropecuários;552.0;;6847
2923035;2017;technical_assistance;;Número de estabelecimentos agropecuários;878.0;;6847
2923050;2017;technical_assistance;;Número de estabelecimentos agropecuários;1195.0;;6847
2923100;2017;technical_assistance;;Número de estabelecimentos agropecuários;2038.0;;6847
2923209;2017;technical_assistance;;Número de estabelecimentos agropecuários;2854.0;;6847
2923308;2017;technical_assistance;;Número de estabelecimentos agropecuários;1048.0;;6847
2923357;2017;technical_assistance;;Número de estabelecimentos agropecuários;1279.0;;6847
2923407;2017;technical_assistance;;Número de estabelecimentos agropecuários;3214.0;;6847
2923506;2017;technical_assistance;;Número de estabelecimentos agropecuários;462.0;;6847
2923605;2017;technical_assistance;;Número de estabelecimentos agropecuários;2991.0;;6847
2923704;2017;technical_assistance;;Número de estabelecimentos agropecuários;3621.0;;6847
2923803;2017;technical_assistance;;Número de estabelecimentos agropecuários;5088.0;;6847
2923902;2017;technical_assistance;;Número de estabelecimentos agropecuários;1039.0;;6847
2924009;2017;technical_assistance;;Número de estabelecimentos agropecuários;1797.0;;6847
2924058;2017;technical_assistance;;Número de estabelecimentos agropecuários;1677.0;;6847
2924108;2017;technical_assistance;;Número de estabelecimentos agropecuários;656.0;;6847
2924207;2017;technical_assistance;;Número de estabelecimentos agropecuários;1788.0;;6847
2924306;2017;technical_assistance;;Número de estabelecimentos agropecuários;1991.0;;6847
2924405;2017;technical_assistance;;Número de estabelecimentos agropecuários;5178.0;;6847
2924504;2017;technical_assistance;;Número de estabelecimentos agropecuários;2512.0;;6847
2924603;2017;technical_assistance;;Número de estabelecimentos agropecuários;986.0;;6847
2924652;2017;technical_assistance;;Número de estabelecimentos agropecuários;1483.0;;6847
2924678;2017;technical_assistance;;Número de estabelecimentos agropecuários;2360.0;;6847
2924702;2017;technical_assistance;;Número de estabelecimentos agropecuários;1031.0;;6847
2924801;2017;technical_assistance;;Número de estabelecimentos agropecuários;1582.0;;6847
2924900;2017;technical_assistance;;Número de estabelecimentos agropecuários;961.0;;6847
2925006;2017;technical_assistance;;Número de estabelecimentos agropecuários;1571.0;;6847
2925105;2017;technical_assistance;;Número de estabelecimentos agropecuários;2496.0;;6847
2925204;2017;technical_assistance;;Número de estabelecimentos agropecuários;379.0;;6847
2925253;2017;technical_assistance;;Número de estabelecimentos agropecuários;1431.0;;6847
2925303;2017;technical_assistance;;Número de estabelecimentos agropecuários;1538.0;;6847
2925402;2017;technical_assistance;;Número de estabelecimentos agropecuários;299.0;;6847
2925501;2017;technical_assistance;;Número de estabelecimentos agropecuários;1165.0;;6847
2925600;2017;technical_assistance;;Número de estabelecimentos agropecuários;2292.0;;6847
2925709;2017;technical_assistance;;Número de estabelecimentos agropecuários;2104.0;;6847
2925758;2017;technical_assistance;;Número de estabelecimentos agropecuários;4412.0;;6847
2925808;2017;technical_assistance;;Número de estabelecimentos agropecuários;2311.0;;6847
2925907;2017;technical_assistance;;Número de estabelecimentos agropecuários;4268.0;;6847
2925931;2017;technical_assistance;;Número de estabelecimentos agropecuários;980.0;;6847
2925956;2017;technical_assistance;;Número de estabelecimentos agropecuários;3085.0;;6847
2926004;2017;technical_assistance;;Número de estabelecimentos agropecuários;3713.0;;6847
2926103;2017;technical_assistance;;Número de estabelecimentos agropecuários;1310.0;;6847
2926202;2017;technical_assistance;;Número de estabelecimentos agropecuários;1628.0;;6847
2926301;2017;technical_assistance;;Número de estabelecimentos agropecuários;2509.0;;6847
2926400;2017;technical_assistance;;Número de estabelecimentos agropecuários;3864.0;;6847
2926509;2017;technical_assistance;;Número de estabelecimentos agropecuários;2769.0;;6847
2926608;2017;technical_assistance;;Número de estabelecimentos agropecuários;5010.0;;6847
2926657;2017;technical_assistance;;Número de estabelecimentos agropecuários;1598.0;;6847
2926707;2017;technical_assistance;;Número de estabelecimentos agropecuários;1358.0;;6847
2926806;2017;technical_assistance;;Número de estabelecimentos agropecuários;2454.0;;6847
2926905;2017;technical_assistance;;Número de estabelecimentos agropecuários;1406.0;;6847
2927002;2017;technical_assistance;;Número de estabelecimentos agropecuários;3434.0;;6847
2927101;2017;technical_assistance;;Número de estabelecimentos agropecuários;997.0;;6847
2927200;2017;technical_assistance;;Número de estabelecimentos agropecuários;1775.0;;6847
2927309;2017;technical_assistance;;Número de estabelecimentos agropecuários;87.0;;6847
2927408;2017;technical_assistance;;Número de estabelecimentos agropecuários;50.0;;6847
2927507;2017;technical_assistance;;Número de estabelecimentos agropecuários;1411.0;;6847
2927606;2017;technical_assistance;;Número de estabelecimentos agropecuários;2136.0;;6847
2927705;2017;technical_assistance;;Número de estabelecimentos agropecuários;884.0;;6847
2927804;2017;technical_assistance;;Número de estabelecimentos agropecuários;215.0;;6847
2927903;2017;technical_assistance;;Número de estabelecimentos agropecuários;145.0;;6847
2928000;2017;technical_assistance;;Número de estabelecimentos agropecuários;2589.0;;6847
2928059;2017;technical_assistance;;Número de estabelecimentos agropecuários;1176.0;;6847
2928109;2017;technical_assistance;;Número de estabelecimentos agropecuários;2719.0;;6847
2928208;2017;technical_assistance;;Número de estabelecimentos agropecuários;2287.0;;6847
2928307;2017;technical_assistance;;Número de estabelecimentos agropecuários;1323.0;;6847
2928406;2017;technical_assistance;;Número de estabelecimentos agropecuários;2368.0;;6847
2928505;2017;technical_assistance;;Número de estabelecimentos agropecuários;616.0;;6847
2928604;2017;technical_assistance;;Número de estabelecimentos agropecuários;2963.0;;6847
2928703;2017;technical_assistance;;Número de estabelecimentos agropecuários;2715.0;;6847
2928802;2017;technical_assistance;;Número de estabelecimentos agropecuários;4973.0;;6847
2928901;2017;technical_assistance;;Número de estabelecimentos agropecuários;2305.0;;6847
2928950;2017;technical_assistance;;Número de estabelecimentos agropecuários;842.0;;6847
2929008;2017;technical_assistance;;Número de estabelecimentos agropecuários;987.0;;6847
2929057;2017;technical_assistance;;Número de estabelecimentos agropecuários;982.0;;6847
2929107;2017;technical_assistance;;Número de estabelecimentos agropecuários;2143.0;;6847
2929206;2017;technical_assistance;;Número de estabelecimentos agropecuários;370.0;;6847
2929255;2017;technical_assistance;;Número de estabelecimentos agropecuários;2038.0;;6847
2929305;2017;technical_assistance;;Número de estabelecimentos agropecuários;2279.0;;6847
2929354;2017;technical_assistance;;Número de estabelecimentos agropecuários;249.0;;6847
2929370;2017;technical_assistance;;Número de estabelecimentos agropecuários;826.0;;6847
2929404;2017;technical_assistance;;Número de estabelecimentos agropecuários;1981.0;;6847
2929503;2017;technical_assistance;;Número de estabelecimentos agropecuários;1166.0;;6847
2929602;2017;technical_assistance;;Número de estabelecimentos agropecuários;1760.0;;6847
2929701;2017;technical_assistance;;Número de estabelecimentos agropecuários;2325.0;;6847
2929750;2017;technical_assistance;;Número de estabelecimentos agropecuários;94.0;;6847
2929800;2017;technical_assistance;;Número de estabelecimentos agropecuários;870.0;;6847
2929909;2017;technical_assistance;;Número de estabelecimentos agropecuários;3253.0;;6847
2930006;2017;technical_assistance;;Número de estabelecimentos agropecuários;1404.0;;6847
2930105;2017;technical_assistance;;Número de estabelecimentos agropecuários;1487.0;;6847
2930154;2017;technical_assistance;;Número de estabelecimentos agropecuários;2927.0;;6847
2930204;2017;technical_assistance;;Número de estabelecimentos agropecuários;2248.0;;6847
2930303;2017;technical_assistance;;Número de estabelecimentos agropecuários;2141.0;;6847
2930402;2017;technical_assistance;;Número de estabelecimentos agropecuários;1760.0;;6847
2930501;2017;technical_assistance;;Número de estabelecimentos agropecuários;5841.0;;6847
2930600;2017;technical_assistance;;Número de estabelecimentos agropecuários;1080.0;;6847
2930709;2017;technical_assistance;;Número de estabelecimentos agropecuários;355.0;;6847
2930758;2017;technical_assistance;;Número de estabelecimentos agropecuários;1370.0;;6847
2930766;2017;technical_assistance;;Número de estabelecimentos agropecuários;2839.0;;6847
2930774;2017;technical_assistance;;Número de estabelecimentos agropecuários;561.0;;6847
2930808;2017;technical_assistance;;Número de estabelecimentos agropecuários;2458.0;;6847
2930907;2017;technical_assistance;;Número de estabelecimentos agropecuários;1701.0;;6847
2931004;2017;technical_assistance;;Número de estabelecimentos agropecuários;2737.0;;6847
2931053;2017;technical_assistance;;Número de estabelecimentos agropecuários;2612.0;;6847
2931103;2017;technical_assistance;;Número de estabelecimentos agropecuários;568.0;;6847
2931202;2017;technical_assistance;;Número de estabelecimentos agropecuários;1678.0;;6847
2931301;2017;technical_assistance;;Número de estabelecimentos agropecuários;806.0;;6847
2931350;2017;technical_assistance;;Número de estabelecimentos agropecuários;967.0;;6847
2931400;2017;technical_assistance;;Número de estabelecimentos agropecuários;192.0;;6847
2931509;2017;technical_assistance;;Número de estabelecimentos agropecuários;1961.0;;6847
2931608;2017;technical_assistance;;Número de estabelecimentos agropecuários;1931.0;;6847
2931707;2017;technical_assistance;;Número de estabelecimentos agropecuários;154.0;;6847
2931806;2017;technical_assistance;;Número de estabelecimentos agropecuários;2542.0;;6847
2931905;2017;technical_assistance;;Número de estabelecimentos agropecuários;5007.0;;6847
2932002;2017;technical_assistance;;Número de estabelecimentos agropecuários;3215.0;;6847
2932101;2017;technical_assistance;;Número de estabelecimentos agropecuários;3045.0;;6847
2932200;2017;technical_assistance;;Número de estabelecimentos agropecuários;272.0;;6847
2932309;2017;technical_assistance;;Número de estabelecimentos agropecuários;607.0;;6847
2932408;2017;technical_assistance;;Número de estabelecimentos agropecuários;1837.0;;6847
2932457;2017;technical_assistance;;Número de estabelecimentos agropecuários;1367.0;;6847
2932507;2017;technical_assistance;;Número de estabelecimentos agropecuários;1870.0;;6847
2932606;2017;technical_assistance;;Número de estabelecimentos agropecuários;2076.0;;6847
2932705;2017;technical_assistance;;Número de estabelecimentos agropecuários;1376.0;;6847
2932804;2017;technical_assistance;;Número de estabelecimentos agropecuários;1049.0;;6847
2932903;2017;technical_assistance;;Número de estabelecimentos agropecuários;5866.0;;6847
2933000;2017;technical_assistance;;Número de estabelecimentos agropecuários;1511.0;;6847
2933059;2017;technical_assistance;;Número de estabelecimentos agropecuários;2272.0;;6847
2933109;2017;technical_assistance;;Número de estabelecimentos agropecuários;586.0;;6847
2933158;2017;technical_assistance;;Número de estabelecimentos agropecuários;1542.0;;6847
2933174;2017;technical_assistance;;Número de estabelecimentos agropecuários;1354.0;;6847
2933208;2017;technical_assistance;;Número de estabelecimentos agropecuários;231.0;;6847
2933257;2017;technical_assistance;;Número de estabelecimentos agropecuários;284.0;;6847
2933307;2017;technical_assistance;;Número de estabelecimentos agropecuários;6548.0;;6847
2933406;2017;technical_assistance;;Número de estabelecimentos agropecuários;724.0;;6847
2933455;2017;technical_assistance;;Número de estabelecimentos agropecuários;1660.0;;6847
2933505;2017;technical_assistance;;Número de estabelecimentos agropecuários;3446.0;;6847
2933604;2017;technical_assistance;;Número de estabelecimentos agropecuários;2453.0;;6847
2300101;2017;technical_assistance;;Número de estabelecimentos agropecuários;884.0;;6847
2300150;2017;technical_assistance;;Número de estabelecimentos agropecuários;852.0;;6847
2300200;2017;technical_assistance;;Número de estabelecimentos agropecuários;5029.0;;6847
2300309;2017;technical_assistance;;Número de estabelecimentos agropecuários;6034.0;;6847
2300408;2017;technical_assistance;;Número de estabelecimentos agropecuários;2932.0;;6847
2300507;2017;technical_assistance;;Número de estabelecimentos agropecuários;612.0;;6847
2300606;2017;technical_assistance;;Número de estabelecimentos agropecuários;562.0;;6847
2300705;2017;technical_assistance;;Número de estabelecimentos agropecuários;1564.0;;6847
2300754;2017;technical_assistance;;Número de estabelecimentos agropecuários;3529.0;;6847
2300804;2017;technical_assistance;;Número de estabelecimentos agropecuários;400.0;;6847
2300903;2017;technical_assistance;;Número de estabelecimentos agropecuários;1247.0;;6847
2301000;2017;technical_assistance;;Número de estabelecimentos agropecuários;4325.0;;6847
2301109;2017;technical_assistance;;Número de estabelecimentos agropecuários;3055.0;;6847
2301208;2017;technical_assistance;;Número de estabelecimentos agropecuários;2757.0;;6847
2301257;2017;technical_assistance;;Número de estabelecimentos agropecuários;1613.0;;6847
2301307;2017;technical_assistance;;Número de estabelecimentos agropecuários;3073.0;;6847
2301406;2017;technical_assistance;;Número de estabelecimentos agropecuários;1588.0;;6847
2301505;2017;technical_assistance;;Número de estabelecimentos agropecuários;1361.0;;6847
2301604;2017;technical_assistance;;Número de estabelecimentos agropecuários;2643.0;;6847
2301703;2017;technical_assistance;;Número de estabelecimentos agropecuários;2633.0;;6847
2301802;2017;technical_assistance;;Número de estabelecimentos agropecuários;764.0;;6847
2301851;2017;technical_assistance;;Número de estabelecimentos agropecuários;1104.0;;6847
2301901;2017;technical_assistance;;Número de estabelecimentos agropecuários;2936.0;;6847
2301950;2017;technical_assistance;;Número de estabelecimentos agropecuários;1753.0;;6847
2302008;2017;technical_assistance;;Número de estabelecimentos agropecuários;1605.0;;6847
2302057;2017;technical_assistance;;Número de estabelecimentos agropecuários;887.0;;6847
2302107;2017;technical_assistance;;Número de estabelecimentos agropecuários;2045.0;;6847
2302206;2017;technical_assistance;;Número de estabelecimentos agropecuários;3365.0;;6847
2302305;2017;technical_assistance;;Número de estabelecimentos agropecuários;2593.0;;6847
2302404;2017;technical_assistance;;Número de estabelecimentos agropecuários;6176.0;;6847
2302503;2017;technical_assistance;;Número de estabelecimentos agropecuários;1682.0;;6847
2302602;2017;technical_assistance;;Número de estabelecimentos agropecuários;2184.0;;6847
2302701;2017;technical_assistance;;Número de estabelecimentos agropecuários;2676.0;;6847
2302800;2017;technical_assistance;;Número de estabelecimentos agropecuários;5847.0;;6847
2302909;2017;technical_assistance;;Número de estabelecimentos agropecuários;2189.0;;6847
2303006;2017;technical_assistance;;Número de estabelecimentos agropecuários;1458.0;;6847
2303105;2017;technical_assistance;;Número de estabelecimentos agropecuários;1751.0;;6847
2303204;2017;technical_assistance;;Número de estabelecimentos agropecuários;2643.0;;6847
2303303;2017;technical_assistance;;Número de estabelecimentos agropecuários;2740.0;;6847
2303402;2017;technical_assistance;;Número de estabelecimentos agropecuários;1021.0;;6847
2303501;2017;technical_assistance;;Número de estabelecimentos agropecuários;2550.0;;6847
2303600;2017;technical_assistance;;Número de estabelecimentos agropecuários;1222.0;;6847
2303659;2017;technical_assistance;;Número de estabelecimentos agropecuários;1139.0;;6847
2303709;2017;technical_assistance;;Número de estabelecimentos agropecuários;2699.0;;6847
2303808;2017;technical_assistance;;Número de estabelecimentos agropecuários;2829.0;;6847
2303907;2017;technical_assistance;;Número de estabelecimentos agropecuários;459.0;;6847
2303931;2017;technical_assistance;;Número de estabelecimentos agropecuários;1805.0;;6847
2303956;2017;technical_assistance;;Número de estabelecimentos agropecuários;1383.0;;6847
2304004;2017;technical_assistance;;Número de estabelecimentos agropecuários;1271.0;;6847
2304103;2017;technical_assistance;;Número de estabelecimentos agropecuários;6457.0;;6847
2304202;2017;technical_assistance;;Número de estabelecimentos agropecuários;2649.0;;6847
2304236;2017;technical_assistance;;Número de estabelecimentos agropecuários;1684.0;;6847
2304251;2017;technical_assistance;;Número de estabelecimentos agropecuários;1425.0;;6847
2304269;2017;technical_assistance;;Número de estabelecimentos agropecuários;1594.0;;6847
2304277;2017;technical_assistance;;Número de estabelecimentos agropecuários;516.0;;6847
2304285;2017;technical_assistance;;Número de estabelecimentos agropecuários;187.0;;6847
2304301;2017;technical_assistance;;Número de estabelecimentos agropecuários;2401.0;;6847
2304350;2017;technical_assistance;;Número de estabelecimentos agropecuários;764.0;;6847
2304400;2017;technical_assistance;;Número de estabelecimentos agropecuários;244.0;;6847
2304459;2017;technical_assistance;;Número de estabelecimentos agropecuários;596.0;;6847
2304509;2017;technical_assistance;;Número de estabelecimentos agropecuários;916.0;;6847
2304608;2017;technical_assistance;;Número de estabelecimentos agropecuários;380.0;;6847
2304657;2017;technical_assistance;;Número de estabelecimentos agropecuários;1744.0;;6847
2304707;2017;technical_assistance;;Número de estabelecimentos agropecuários;4367.0;;6847
2304806;2017;technical_assistance;;Número de estabelecimentos agropecuários;597.0;;6847
2304905;2017;technical_assistance;;Número de estabelecimentos agropecuários;1181.0;;6847
2304954;2017;technical_assistance;;Número de estabelecimentos agropecuários;1167.0;;6847
2305001;2017;technical_assistance;;Número de estabelecimentos agropecuários;2036.0;;6847
2305100;2017;technical_assistance;;Número de estabelecimentos agropecuários;258.0;;6847
2305209;2017;technical_assistance;;Número de estabelecimentos agropecuários;2683.0;;6847
2305233;2017;technical_assistance;;Número de estabelecimentos agropecuários;754.0;;6847
2305266;2017;technical_assistance;;Número de estabelecimentos agropecuários;1639.0;;6847
2305308;2017;technical_assistance;;Número de estabelecimentos agropecuários;1814.0;;6847
2305332;2017;technical_assistance;;Número de estabelecimentos agropecuários;998.0;;6847
2305357;2017;technical_assistance;;Número de estabelecimentos agropecuários;1156.0;;6847
2305407;2017;technical_assistance;;Número de estabelecimentos agropecuários;6024.0;;6847
2305506;2017;technical_assistance;;Número de estabelecimentos agropecuários;3734.0;;6847
2305605;2017;technical_assistance;;Número de estabelecimentos agropecuários;3529.0;;6847
2305654;2017;technical_assistance;;Número de estabelecimentos agropecuários;1805.0;;6847
2305704;2017;technical_assistance;;Número de estabelecimentos agropecuários;1479.0;;6847
2305803;2017;technical_assistance;;Número de estabelecimentos agropecuários;2356.0;;6847
2305902;2017;technical_assistance;;Número de estabelecimentos agropecuários;3282.0;;6847
2306009;2017;technical_assistance;;Número de estabelecimentos agropecuários;818.0;;6847
2306108;2017;technical_assistance;;Número de estabelecimentos agropecuários;2100.0;;6847
2306207;2017;technical_assistance;;Número de estabelecimentos agropecuários;904.0;;6847
2306256;2017;technical_assistance;;Número de estabelecimentos agropecuários;637.0;;6847
2306306;2017;technical_assistance;;Número de estabelecimentos agropecuários;2024.0;;6847
2306405;2017;technical_assistance;;Número de estabelecimentos agropecuários;6629.0;;6847
2306504;2017;technical_assistance;;Número de estabelecimentos agropecuários;2235.0;;6847
2306553;2017;technical_assistance;;Número de estabelecimentos agropecuários;2307.0;;6847
2306603;2017;technical_assistance;;Número de estabelecimentos agropecuários;2251.0;;6847
2306702;2017;technical_assistance;;Número de estabelecimentos agropecuários;1777.0;;6847
2306801;2017;technical_assistance;;Número de estabelecimentos agropecuários;1082.0;;6847
2306900;2017;technical_assistance;;Número de estabelecimentos agropecuários;2698.0;;6847
2307007;2017;technical_assistance;;Número de estabelecimentos agropecuários;2648.0;;6847
2307106;2017;technical_assistance;;Número de estabelecimentos agropecuários;2615.0;;6847
2307205;2017;technical_assistance;;Número de estabelecimentos agropecuários;485.0;;6847
2307254;2017;technical_assistance;;Número de estabelecimentos agropecuários;1162.0;;6847
2307304;2017;technical_assistance;;Número de estabelecimentos agropecuários;946.0;;6847
2307403;2017;technical_assistance;;Número de estabelecimentos agropecuários;2211.0;;6847
2307502;2017;technical_assistance;;Número de estabelecimentos agropecuários;3214.0;;6847
2307601;2017;technical_assistance;;Número de estabelecimentos agropecuários;1888.0;;6847
2307635;2017;technical_assistance;;Número de estabelecimentos agropecuários;1772.0;;6847
2307650;2017;technical_assistance;;Número de estabelecimentos agropecuários;194.0;;6847
2307700;2017;technical_assistance;;Número de estabelecimentos agropecuários;3047.0;;6847
2307809;2017;technical_assistance;;Número de estabelecimentos agropecuários;1399.0;;6847
2307908;2017;technical_assistance;;Número de estabelecimentos agropecuários;524.0;;6847
2308005;2017;technical_assistance;;Número de estabelecimentos agropecuários;2045.0;;6847
2308104;2017;technical_assistance;;Número de estabelecimentos agropecuários;3639.0;;6847
2308203;2017;technical_assistance;;Número de estabelecimentos agropecuários;1087.0;;6847
2308302;2017;technical_assistance;;Número de estabelecimentos agropecuários;1913.0;;6847
2308351;2017;technical_assistance;;Número de estabelecimentos agropecuários;1745.0;;6847
2308377;2017;technical_assistance;;Número de estabelecimentos agropecuários;574.0;;6847
2308401;2017;technical_assistance;;Número de estabelecimentos agropecuários;4408.0;;6847
2308500;2017;technical_assistance;;Número de estabelecimentos agropecuários;6196.0;;6847
2308609;2017;technical_assistance;;Número de estabelecimentos agropecuários;2143.0;;6847
2308708;2017;technical_assistance;;Número de estabelecimentos agropecuários;4738.0;;6847
2308807;2017;technical_assistance;;Número de estabelecimentos agropecuários;754.0;;6847
2308906;2017;technical_assistance;;Número de estabelecimentos agropecuários;1545.0;;6847
2309003;2017;technical_assistance;;Número de estabelecimentos agropecuários;1103.0;;6847
2309102;2017;technical_assistance;;Número de estabelecimentos agropecuários;1170.0;;6847
2309201;2017;technical_assistance;;Número de estabelecimentos agropecuários;1013.0;;6847
2309300;2017;technical_assistance;;Número de estabelecimentos agropecuários;1992.0;;6847
2309409;2017;technical_assistance;;Número de estabelecimentos agropecuários;3588.0;;6847
2309458;2017;technical_assistance;;Número de estabelecimentos agropecuários;2506.0;;6847
2309508;2017;technical_assistance;;Número de estabelecimentos agropecuários;1951.0;;6847
2309607;2017;technical_assistance;;Número de estabelecimentos agropecuários;1239.0;;6847
2309706;2017;technical_assistance;;Número de estabelecimentos agropecuários;774.0;;6847
2309805;2017;technical_assistance;;Número de estabelecimentos agropecuários;1026.0;;6847
2309904;2017;technical_assistance;;Número de estabelecimentos agropecuários;296.0;;6847
2310001;2017;technical_assistance;;Número de estabelecimentos agropecuários;1337.0;;6847
2310100;2017;technical_assistance;;Número de estabelecimentos agropecuários;1054.0;;6847
2310209;2017;technical_assistance;;Número de estabelecimentos agropecuários;591.0;;6847
2310258;2017;technical_assistance;;Número de estabelecimentos agropecuários;1776.0;;6847
2310308;2017;technical_assistance;;Número de estabelecimentos agropecuários;4389.0;;6847
2310407;2017;technical_assistance;;Número de estabelecimentos agropecuários;852.0;;6847
2310506;2017;technical_assistance;;Número de estabelecimentos agropecuários;4004.0;;6847
2310605;2017;technical_assistance;;Número de estabelecimentos agropecuários;287.0;;6847
2310704;2017;technical_assistance;;Número de estabelecimentos agropecuários;2483.0;;6847
2310803;2017;technical_assistance;;Número de estabelecimentos agropecuários;1620.0;;6847
2310852;2017;technical_assistance;;Número de estabelecimentos agropecuários;1490.0;;6847
2310902;2017;technical_assistance;;Número de estabelecimentos agropecuários;2504.0;;6847
2310951;2017;technical_assistance;;Número de estabelecimentos agropecuários;1011.0;;6847
2311009;2017;technical_assistance;;Número de estabelecimentos agropecuários;2144.0;;6847
2311108;2017;technical_assistance;;Número de estabelecimentos agropecuários;1534.0;;6847
2311207;2017;technical_assistance;;Número de estabelecimentos agropecuários;1376.0;;6847
2311231;2017;technical_assistance;;Número de estabelecimentos agropecuários;1072.0;;6847
2311264;2017;technical_assistance;;Número de estabelecimentos agropecuários;3513.0;;6847
2311306;2017;technical_assistance;;Número de estabelecimentos agropecuários;4880.0;;6847
2311355;2017;technical_assistance;;Número de estabelecimentos agropecuários;2112.0;;6847
2311405;2017;technical_assistance;;Número de estabelecimentos agropecuários;6848.0;;6847
2311504;2017;technical_assistance;;Número de estabelecimentos agropecuários;628.0;;6847
2311603;2017;technical_assistance;;Número de estabelecimentos agropecuários;2983.0;;6847
2311702;2017;technical_assistance;;Número de estabelecimentos agropecuários;1836.0;;6847
2311801;2017;technical_assistance;;Número de estabelecimentos agropecuários;4262.0;;6847
2311900;2017;technical_assistance;;Número de estabelecimentos agropecuários;1909.0;;6847
2311959;2017;technical_assistance;;Número de estabelecimentos agropecuários;3245.0;;6847
2312007;2017;technical_assistance;;Número de estabelecimentos agropecuários;3169.0;;6847
2312106;2017;technical_assistance;;Número de estabelecimentos agropecuários;1337.0;;6847
2312205;2017;technical_assistance;;Número de estabelecimentos agropecuários;4621.0;;6847
2312304;2017;technical_assistance;;Número de estabelecimentos agropecuários;3564.0;;6847
2312403;2017;technical_assistance;;Número de estabelecimentos agropecuários;1192.0;;6847
2312502;2017;technical_assistance;;Número de estabelecimentos agropecuários;730.0;;6847
2312601;2017;technical_assistance;;Número de estabelecimentos agropecuários;497.0;;6847
2312700;2017;technical_assistance;;Número de estabelecimentos agropecuários;2524.0;;6847
2312809;2017;technical_assistance;;Número de estabelecimentos agropecuários;647.0;;6847
2312908;2017;technical_assistance;;Número de estabelecimentos agropecuários;5720.0;;6847
2313005;2017;technical_assistance;;Número de estabelecimentos agropecuários;2491.0;;6847
2313104;2017;technical_assistance;;Número de estabelecimentos agropecuários;1597.0;;6847
2313203;2017;technical_assistance;;Número de estabelecimentos agropecuários;2719.0;;6847
2313252;2017;technical_assistance;;Número de estabelecimentos agropecuários;1567.0;;6847
2313302;2017;technical_assistance;;Número de estabelecimentos agropecuários;6322.0;;6847
2313351;2017;technical_assistance;;Número de estabelecimentos agropecuários;888.0;;6847
2313401;2017;technical_assistance;;Número de estabelecimentos agropecuários;3652.0;;6847
2313500;2017;technical_assistance;;Número de estabelecimentos agropecuários;3367.0;;6847
2313559;2017;technical_assistance;;Número de estabelecimentos agropecuários;1068.0;;6847
2313609;2017;technical_assistance;;Número de estabelecimentos agropecuários;2545.0;;6847
2313708;2017;technical_assistance;;Número de estabelecimentos agropecuários;909.0;;6847
2313757;2017;technical_assistance;;Número de estabelecimentos agropecuários;1755.0;;6847
2313807;2017;technical_assistance;;Número de estabelecimentos agropecuários;833.0;;6847
2313906;2017;technical_assistance;;Número de estabelecimentos agropecuários;1377.0;;6847
2313955;2017;technical_assistance;;Número de estabelecimentos agropecuários;739.0;;6847
2314003;2017;technical_assistance;;Número de estabelecimentos agropecuários;4126.0;;6847
2314102;2017;technical_assistance;;Número de estabelecimentos agropecuários;5737.0;;6847
5300108;2017;technical_assistance;;Número de estabelecimentos agropecuários;5246.0;;6847
3200102;2017;technical_assistance;;Número de estabelecimentos agropecuários;3136.0;;6847
3200136;2017;technical_assistance;;Número de estabelecimentos agropecuários;1539.0;;6847
3200169;2017;technical_assistance;;Número de estabelecimentos agropecuários;1350.0;;6847
3200201;2017;technical_assistance;;Número de estabelecimentos agropecuários;2318.0;;6847
3200300;2017;technical_assistance;;Número de estabelecimentos agropecuários;1799.0;;6847
3200359;2017;technical_assistance;;Número de estabelecimentos agropecuários;853.0;;6847
3200409;2017;technical_assistance;;Número de estabelecimentos agropecuários;904.0;;6847
3200508;2017;technical_assistance;;Número de estabelecimentos agropecuários;674.0;;6847
3200607;2017;technical_assistance;;Número de estabelecimentos agropecuários;1036.0;;6847
3200706;2017;technical_assistance;;Número de estabelecimentos agropecuários;501.0;;6847
3200805;2017;technical_assistance;;Número de estabelecimentos agropecuários;1216.0;;6847
3200904;2017;technical_assistance;;Número de estabelecimentos agropecuários;2748.0;;6847
3201001;2017;technical_assistance;;Número de estabelecimentos agropecuários;1039.0;;6847
3201100;2017;technical_assistance;;Número de estabelecimentos agropecuários;192.0;;6847
3201159;2017;technical_assistance;;Número de estabelecimentos agropecuários;862.0;;6847
3201209;2017;technical_assistance;;Número de estabelecimentos agropecuários;1968.0;;6847
3201308;2017;technical_assistance;;Número de estabelecimentos agropecuários;465.0;;6847
3201407;2017;technical_assistance;;Número de estabelecimentos agropecuários;2460.0;;6847
3201506;2017;technical_assistance;;Número de estabelecimentos agropecuários;2409.0;;6847
3201605;2017;technical_assistance;;Número de estabelecimentos agropecuários;646.0;;6847
3201704;2017;technical_assistance;;Número de estabelecimentos agropecuários;1046.0;;6847
3201803;2017;technical_assistance;;Número de estabelecimentos agropecuários;657.0;;6847
3201902;2017;technical_assistance;;Número de estabelecimentos agropecuários;4511.0;;6847
3202009;2017;technical_assistance;;Número de estabelecimentos agropecuários;662.0;;6847
3202108;2017;technical_assistance;;Número de estabelecimentos agropecuários;2008.0;;6847
3202207;2017;technical_assistance;;Número de estabelecimentos agropecuários;455.0;;6847
3202256;2017;technical_assistance;;Número de estabelecimentos agropecuários;1127.0;;6847
3202306;2017;technical_assistance;;Número de estabelecimentos agropecuários;1492.0;;6847
3202405;2017;technical_assistance;;Número de estabelecimentos agropecuários;772.0;;6847
3202454;2017;technical_assistance;;Número de estabelecimentos agropecuários;1839.0;;6847
3202504;2017;technical_assistance;;Número de estabelecimentos agropecuários;382.0;;6847
3202553;2017;technical_assistance;;Número de estabelecimentos agropecuários;1117.0;;6847
3202603;2017;technical_assistance;;Número de estabelecimentos agropecuários;1023.0;;6847
3202652;2017;technical_assistance;;Número de estabelecimentos agropecuários;1147.0;;6847
3202702;2017;technical_assistance;;Número de estabelecimentos agropecuários;1626.0;;6847
3202801;2017;technical_assistance;;Número de estabelecimentos agropecuários;997.0;;6847
3202900;2017;technical_assistance;;Número de estabelecimentos agropecuários;1221.0;;6847
3203007;2017;technical_assistance;;Número de estabelecimentos agropecuários;2141.0;;6847
3203056;2017;technical_assistance;;Número de estabelecimentos agropecuários;1516.0;;6847
3203106;2017;technical_assistance;;Número de estabelecimentos agropecuários;797.0;;6847
3203130;2017;technical_assistance;;Número de estabelecimentos agropecuários;376.0;;6847
3203163;2017;technical_assistance;;Número de estabelecimentos agropecuários;1935.0;;6847
3203205;2017;technical_assistance;;Número de estabelecimentos agropecuários;2341.0;;6847
3203304;2017;technical_assistance;;Número de estabelecimentos agropecuários;1390.0;;6847
3203320;2017;technical_assistance;;Número de estabelecimentos agropecuários;1399.0;;6847
3203346;2017;technical_assistance;;Número de estabelecimentos agropecuários;916.0;;6847
3203353;2017;technical_assistance;;Número de estabelecimentos agropecuários;804.0;;6847
3203403;2017;technical_assistance;;Número de estabelecimentos agropecuários;3200.0;;6847
3203502;2017;technical_assistance;;Número de estabelecimentos agropecuários;1016.0;;6847
3203601;2017;technical_assistance;;Número de estabelecimentos agropecuários;612.0;;6847
3203700;2017;technical_assistance;;Número de estabelecimentos agropecuários;2379.0;;6847
3203809;2017;technical_assistance;;Número de estabelecimentos agropecuários;1251.0;;6847
3203908;2017;technical_assistance;;Número de estabelecimentos agropecuários;3090.0;;6847
3204005;2017;technical_assistance;;Número de estabelecimentos agropecuários;2000.0;;6847
3204054;2017;technical_assistance;;Número de estabelecimentos agropecuários;434.0;;6847
3204104;2017;technical_assistance;;Número de estabelecimentos agropecuários;1010.0;;6847
3204203;2017;technical_assistance;;Número de estabelecimentos agropecuários;160.0;;6847
3204252;2017;technical_assistance;;Número de estabelecimentos agropecuários;394.0;;6847
3204302;2017;technical_assistance;;Número de estabelecimentos agropecuários;699.0;;6847
3204351;2017;technical_assistance;;Número de estabelecimentos agropecuários;1932.0;;6847
3204401;2017;technical_assistance;;Número de estabelecimentos agropecuários;673.0;;6847
3204500;2017;technical_assistance;;Número de estabelecimentos agropecuários;2296.0;;6847
3204559;2017;technical_assistance;;Número de estabelecimentos agropecuários;5183.0;;6847
3204609;2017;technical_assistance;;Número de estabelecimentos agropecuários;2012.0;;6847
3204658;2017;technical_assistance;;Número de estabelecimentos agropecuários;1135.0;;6847
3204708;2017;technical_assistance;;Número de estabelecimentos agropecuários;1732.0;;6847
3204807;2017;technical_assistance;;Número de estabelecimentos agropecuários;787.0;;6847
3204906;2017;technical_assistance;;Número de estabelecimentos agropecuários;4189.0;;6847
3204955;2017;technical_assistance;;Número de estabelecimentos agropecuários;1029.0;;6847
3205002;2017;technical_assistance;;Número de estabelecimentos agropecuários;269.0;;6847
3205010;2017;technical_assistance;;Número de estabelecimentos agropecuários;656.0;;6847
3205036;2017;technical_assistance;;Número de estabelecimentos agropecuários;1255.0;;6847
3205069;2017;technical_assistance;;Número de estabelecimentos agropecuários;715.0;;6847
3205101;2017;technical_assistance;;Número de estabelecimentos agropecuários;624.0;;6847
3205150;2017;technical_assistance;;Número de estabelecimentos agropecuários;1447.0;;6847
3205176;2017;technical_assistance;;Número de estabelecimentos agropecuários;1796.0;;6847
3205200;2017;technical_assistance;;Número de estabelecimentos agropecuários;211.0;;6847
3205309;2017;technical_assistance;;Número de estabelecimentos agropecuários;16.0;;6847
5200050;2017;technical_assistance;;Número de estabelecimentos agropecuários;177.0;;6847
5200100;2017;technical_assistance;;Número de estabelecimentos agropecuários;995.0;;6847
5200134;2017;technical_assistance;;Número de estabelecimentos agropecuários;407.0;;6847
5200159;2017;technical_assistance;;Número de estabelecimentos agropecuários;130.0;;6847
5200175;2017;technical_assistance;;Número de estabelecimentos agropecuários;647.0;;6847
5200209;2017;technical_assistance;;Número de estabelecimentos agropecuários;354.0;;6847
5200258;2017;technical_assistance;;Número de estabelecimentos agropecuários;32.0;;6847
5200308;2017;technical_assistance;;Número de estabelecimentos agropecuários;598.0;;6847
5200506;2017;technical_assistance;;Número de estabelecimentos agropecuários;170.0;;6847
5200555;2017;technical_assistance;;Número de estabelecimentos agropecuários;223.0;;6847
5200605;2017;technical_assistance;;Número de estabelecimentos agropecuários;385.0;;6847
5200803;2017;technical_assistance;;Número de estabelecimentos agropecuários;363.0;;6847
5200829;2017;technical_assistance;;Número de estabelecimentos agropecuários;636.0;;6847
5200852;2017;technical_assistance;;Número de estabelecimentos agropecuários;201.0;;6847
5200902;2017;technical_assistance;;Número de estabelecimentos agropecuários;310.0;;6847
5201108;2017;technical_assistance;;Número de estabelecimentos agropecuários;1511.0;;6847
5201207;2017;technical_assistance;;Número de estabelecimentos agropecuários;24.0;;6847
5201306;2017;technical_assistance;;Número de estabelecimentos agropecuários;961.0;;6847
5201405;2017;technical_assistance;;Número de estabelecimentos agropecuários;229.0;;6847
5201454;2017;technical_assistance;;Número de estabelecimentos agropecuários;114.0;;6847
5201504;2017;technical_assistance;;Número de estabelecimentos agropecuários;275.0;;6847
5201603;2017;technical_assistance;;Número de estabelecimentos agropecuários;221.0;;6847
5201702;2017;technical_assistance;;Número de estabelecimentos agropecuários;261.0;;6847
5201801;2017;technical_assistance;;Número de estabelecimentos agropecuários;385.0;;6847
5202155;2017;technical_assistance;;Número de estabelecimentos agropecuários;669.0;;6847
5202353;2017;technical_assistance;;Número de estabelecimentos agropecuários;566.0;;6847
5202502;2017;technical_assistance;;Número de estabelecimentos agropecuários;271.0;;6847
5202601;2017;technical_assistance;;Número de estabelecimentos agropecuários;365.0;;6847
5202809;2017;technical_assistance;;Número de estabelecimentos agropecuários;199.0;;6847
5203104;2017;technical_assistance;;Número de estabelecimentos agropecuários;909.0;;6847
5203203;2017;technical_assistance;;Número de estabelecimentos agropecuários;383.0;;6847
5203302;2017;technical_assistance;;Número de estabelecimentos agropecuários;1791.0;;6847
5203401;2017;technical_assistance;;Número de estabelecimentos agropecuários;769.0;;6847
5203500;2017;technical_assistance;;Número de estabelecimentos agropecuários;272.0;;6847
5203559;2017;technical_assistance;;Número de estabelecimentos agropecuários;197.0;;6847
5203575;2017;technical_assistance;;Número de estabelecimentos agropecuários;508.0;;6847
5203609;2017;technical_assistance;;Número de estabelecimentos agropecuários;216.0;;6847
5203807;2017;technical_assistance;;Número de estabelecimentos agropecuários;182.0;;6847
5203906;2017;technical_assistance;;Número de estabelecimentos agropecuários;362.0;;6847
5203939;2017;technical_assistance;;Número de estabelecimentos agropecuários;243.0;;6847
5203962;2017;technical_assistance;;Número de estabelecimentos agropecuários;222.0;;6847
5204003;2017;technical_assistance;;Número de estabelecimentos agropecuários;398.0;;6847
5204102;2017;technical_assistance;;Número de estabelecimentos agropecuários;624.0;;6847
5204201;2017;technical_assistance;;Número de estabelecimentos agropecuários;134.0;;6847
5204250;2017;technical_assistance;;Número de estabelecimentos agropecuários;153.0;;6847
5204300;2017;technical_assistance;;Número de estabelecimentos agropecuários;615.0;;6847
5204409;2017;technical_assistance;;Número de estabelecimentos agropecuários;1863.0;;6847
5204508;2017;technical_assistance;;Número de estabelecimentos agropecuários;761.0;;6847
5204557;2017;technical_assistance;;Número de estabelecimentos agropecuários;459.0;;6847
5204607;2017;technical_assistance;;Número de estabelecimentos agropecuários;306.0;;6847
5204656;2017;technical_assistance;;Número de estabelecimentos agropecuários;472.0;;6847
5204706;2017;technical_assistance;;Número de estabelecimentos agropecuários;574.0;;6847
5204805;2017;technical_assistance;;Número de estabelecimentos agropecuários;406.0;;6847
5204854;2017;technical_assistance;;Número de estabelecimentos agropecuários;370.0;;6847
5204904;2017;technical_assistance;;Número de estabelecimentos agropecuários;353.0;;6847
5204953;2017;technical_assistance;;Número de estabelecimentos agropecuários;173.0;;6847
5205000;2017;technical_assistance;;Número de estabelecimentos agropecuários;667.0;;6847
5205059;2017;technical_assistance;;Número de estabelecimentos agropecuários;95.0;;6847
5205109;2017;technical_assistance;;Número de estabelecimentos agropecuários;1589.0;;6847
5205208;2017;technical_assistance;;Número de estabelecimentos agropecuários;502.0;;6847
5205307;2017;technical_assistance;;Número de estabelecimentos agropecuários;1239.0;;6847
5205406;2017;technical_assistance;;Número de estabelecimentos agropecuários;454.0;;6847
5205455;2017;technical_assistance;;Número de estabelecimentos agropecuários;484.0;;6847
5205471;2017;technical_assistance;;Número de estabelecimentos agropecuários;106.0;;6847
5205497;2017;technical_assistance;;Número de estabelecimentos agropecuários;156.0;;6847
5205513;2017;technical_assistance;;Número de estabelecimentos agropecuários;717.0;;6847
5205521;2017;technical_assistance;;Número de estabelecimentos agropecuários;355.0;;6847
5205703;2017;technical_assistance;;Número de estabelecimentos agropecuários;440.0;;6847
5205802;2017;technical_assistance;;Número de estabelecimentos agropecuários;767.0;;6847
5205901;2017;technical_assistance;;Número de estabelecimentos agropecuários;565.0;;6847
5206206;2017;technical_assistance;;Número de estabelecimentos agropecuários;1763.0;;6847
5206305;2017;technical_assistance;;Número de estabelecimentos agropecuários;181.0;;6847
5206404;2017;technical_assistance;;Número de estabelecimentos agropecuários;1587.0;;6847
5206503;2017;technical_assistance;;Número de estabelecimentos agropecuários;330.0;;6847
5206602;2017;technical_assistance;;Número de estabelecimentos agropecuários;243.0;;6847
5206701;2017;technical_assistance;;Número de estabelecimentos agropecuários;338.0;;6847
5206800;2017;technical_assistance;;Número de estabelecimentos agropecuários;261.0;;6847
5206909;2017;technical_assistance;;Número de estabelecimentos agropecuários;247.0;;6847
5207105;2017;technical_assistance;;Número de estabelecimentos agropecuários;435.0;;6847
5207253;2017;technical_assistance;;Número de estabelecimentos agropecuários;997.0;;6847
5207352;2017;technical_assistance;;Número de estabelecimentos agropecuários;353.0;;6847
5207402;2017;technical_assistance;;Número de estabelecimentos agropecuários;449.0;;6847
5207501;2017;technical_assistance;;Número de estabelecimentos agropecuários;135.0;;6847
5207535;2017;technical_assistance;;Número de estabelecimentos agropecuários;1204.0;;6847
5207600;2017;technical_assistance;;Número de estabelecimentos agropecuários;927.0;;6847
5207808;2017;technical_assistance;;Número de estabelecimentos agropecuários;636.0;;6847
5207907;2017;technical_assistance;;Número de estabelecimentos agropecuários;1790.0;;6847
5208004;2017;technical_assistance;;Número de estabelecimentos agropecuários;2476.0;;6847
5208103;2017;technical_assistance;;Número de estabelecimentos agropecuários;577.0;;6847
5208152;2017;technical_assistance;;Número de estabelecimentos agropecuários;533.0;;6847
5208301;2017;technical_assistance;;Número de estabelecimentos agropecuários;309.0;;6847
5208400;2017;technical_assistance;;Número de estabelecimentos agropecuários;174.0;;6847
5208509;2017;technical_assistance;;Número de estabelecimentos agropecuários;344.0;;6847
5208608;2017;technical_assistance;;Número de estabelecimentos agropecuários;1052.0;;6847
5208707;2017;technical_assistance;;Número de estabelecimentos agropecuários;461.0;;6847
5208806;2017;technical_assistance;;Número de estabelecimentos agropecuários;327.0;;6847
5208905;2017;technical_assistance;;Número de estabelecimentos agropecuários;2215.0;;6847
5209101;2017;technical_assistance;;Número de estabelecimentos agropecuários;725.0;;6847
5209150;2017;technical_assistance;;Número de estabelecimentos agropecuários;147.0;;6847
5209200;2017;technical_assistance;;Número de estabelecimentos agropecuários;533.0;;6847
5209291;2017;technical_assistance;;Número de estabelecimentos agropecuários;353.0;;6847
5209408;2017;technical_assistance;;Número de estabelecimentos agropecuários;569.0;;6847
5209457;2017;technical_assistance;;Número de estabelecimentos agropecuários;478.0;;6847
5209606;2017;technical_assistance;;Número de estabelecimentos agropecuários;329.0;;6847
5209705;2017;technical_assistance;;Número de estabelecimentos agropecuários;1016.0;;6847
5209804;2017;technical_assistance;;Número de estabelecimentos agropecuários;453.0;;6847
5209903;2017;technical_assistance;;Número de estabelecimentos agropecuários;514.0;;6847
5209937;2017;technical_assistance;;Número de estabelecimentos agropecuários;169.0;;6847
5209952;2017;technical_assistance;;Número de estabelecimentos agropecuários;705.0;;6847
5210000;2017;technical_assistance;;Número de estabelecimentos agropecuários;1068.0;;6847
5210109;2017;technical_assistance;;Número de estabelecimentos agropecuários;1193.0;;6847
5210158;2017;technical_assistance;;Número de estabelecimentos agropecuários;428.0;;6847
5210208;2017;technical_assistance;;Número de estabelecimentos agropecuários;964.0;;6847
5210307;2017;technical_assistance;;Número de estabelecimentos agropecuários;219.0;;6847
5210406;2017;technical_assistance;;Número de estabelecimentos agropecuários;1917.0;;6847
5210562;2017;technical_assistance;;Número de estabelecimentos agropecuários;277.0;;6847
5210604;2017;technical_assistance;;Número de estabelecimentos agropecuários;421.0;;6847
5210802;2017;technical_assistance;;Número de estabelecimentos agropecuários;228.0;;6847
5210901;2017;technical_assistance;;Número de estabelecimentos agropecuários;698.0;;6847
5211008;2017;technical_assistance;;Número de estabelecimentos agropecuários;796.0;;6847
5211206;2017;technical_assistance;;Número de estabelecimentos agropecuários;1704.0;;6847
5211305;2017;technical_assistance;;Número de estabelecimentos agropecuários;517.0;;6847
5211404;2017;technical_assistance;;Número de estabelecimentos agropecuários;519.0;;6847
5211503;2017;technical_assistance;;Número de estabelecimentos agropecuários;1114.0;;6847
5211602;2017;technical_assistance;;Número de estabelecimentos agropecuários;487.0;;6847
5211701;2017;technical_assistance;;Número de estabelecimentos agropecuários;683.0;;6847
5211800;2017;technical_assistance;;Número de estabelecimentos agropecuários;1834.0;;6847
5211909;2017;technical_assistance;;Número de estabelecimentos agropecuários;1906.0;;6847
5212006;2017;technical_assistance;;Número de estabelecimentos agropecuários;192.0;;6847
5212055;2017;technical_assistance;;Número de estabelecimentos agropecuários;168.0;;6847
5212105;2017;technical_assistance;;Número de estabelecimentos agropecuários;183.0;;6847
5212204;2017;technical_assistance;;Número de estabelecimentos agropecuários;846.0;;6847
5212253;2017;technical_assistance;;Número de estabelecimentos agropecuários;113.0;;6847
5212303;2017;technical_assistance;;Número de estabelecimentos agropecuários;774.0;;6847
5212501;2017;technical_assistance;;Número de estabelecimentos agropecuários;1485.0;;6847
5212600;2017;technical_assistance;;Número de estabelecimentos agropecuários;370.0;;6847
5212709;2017;technical_assistance;;Número de estabelecimentos agropecuários;371.0;;6847
5212808;2017;technical_assistance;;Número de estabelecimentos agropecuários;771.0;;6847
5212907;2017;technical_assistance;;Número de estabelecimentos agropecuários;159.0;;6847
5212956;2017;technical_assistance;;Número de estabelecimentos agropecuários;426.0;;6847
5213004;2017;technical_assistance;;Número de estabelecimentos agropecuários;114.0;;6847
5213053;2017;technical_assistance;;Número de estabelecimentos agropecuários;453.0;;6847
5213087;2017;technical_assistance;;Número de estabelecimentos agropecuários;1485.0;;6847
5213103;2017;technical_assistance;;Número de estabelecimentos agropecuários;1488.0;;6847
5213400;2017;technical_assistance;;Número de estabelecimentos agropecuários;258.0;;6847
5213509;2017;technical_assistance;;Número de estabelecimentos agropecuários;980.0;;6847
5213707;2017;technical_assistance;;Número de estabelecimentos agropecuários;763.0;;6847
5213756;2017;technical_assistance;;Número de estabelecimentos agropecuários;287.0;;6847
5213772;2017;technical_assistance;;Número de estabelecimentos agropecuários;686.0;;6847
5213806;2017;technical_assistance;;Número de estabelecimentos agropecuários;2168.0;;6847
5213855;2017;technical_assistance;;Número de estabelecimentos agropecuários;314.0;;6847
5213905;2017;technical_assistance;;Número de estabelecimentos agropecuários;584.0;;6847
5214002;2017;technical_assistance;;Número de estabelecimentos agropecuários;427.0;;6847
5214051;2017;technical_assistance;;Número de estabelecimentos agropecuários;820.0;;6847
5214101;2017;technical_assistance;;Número de estabelecimentos agropecuários;438.0;;6847
5214408;2017;technical_assistance;;Número de estabelecimentos agropecuários;196.0;;6847
5214507;2017;technical_assistance;;Número de estabelecimentos agropecuários;305.0;;6847
5214606;2017;technical_assistance;;Número de estabelecimentos agropecuários;2032.0;;6847
5214705;2017;technical_assistance;;Número de estabelecimentos agropecuários;260.0;;6847
5214804;2017;technical_assistance;;Número de estabelecimentos agropecuários;139.0;;6847
5214838;2017;technical_assistance;;Número de estabelecimentos agropecuários;861.0;;6847
5214861;2017;technical_assistance;;Número de estabelecimentos agropecuários;515.0;;6847
5214879;2017;technical_assistance;;Número de estabelecimentos agropecuários;297.0;;6847
5214903;2017;technical_assistance;;Número de estabelecimentos agropecuários;514.0;;6847
5215009;2017;technical_assistance;;Número de estabelecimentos agropecuários;449.0;;6847
5215207;2017;technical_assistance;;Número de estabelecimentos agropecuários;461.0;;6847
5215231;2017;technical_assistance;;Número de estabelecimentos agropecuários;79.0;;6847
5215256;2017;technical_assistance;;Número de estabelecimentos agropecuários;386.0;;6847
5215306;2017;technical_assistance;;Número de estabelecimentos agropecuários;2179.0;;6847
5215405;2017;technical_assistance;;Número de estabelecimentos agropecuários;499.0;;6847
5215504;2017;technical_assistance;;Número de estabelecimentos agropecuários;242.0;;6847
5215603;2017;technical_assistance;;Número de estabelecimentos agropecuários;2086.0;;6847
5215652;2017;technical_assistance;;Número de estabelecimentos agropecuários;496.0;;6847
5215702;2017;technical_assistance;;Número de estabelecimentos agropecuários;1512.0;;6847
5215801;2017;technical_assistance;;Número de estabelecimentos agropecuários;63.0;;6847
5215900;2017;technical_assistance;;Número de estabelecimentos agropecuários;510.0;;6847
5216007;2017;technical_assistance;;Número de estabelecimentos agropecuários;210.0;;6847
5216304;2017;technical_assistance;;Número de estabelecimentos agropecuários;279.0;;6847
5216403;2017;technical_assistance;;Número de estabelecimentos agropecuários;760.0;;6847
5216452;2017;technical_assistance;;Número de estabelecimentos agropecuários;201.0;;6847
5216809;2017;technical_assistance;;Número de estabelecimentos agropecuários;955.0;;6847
5216908;2017;technical_assistance;;Número de estabelecimentos agropecuários;554.0;;6847
5217104;2017;technical_assistance;;Número de estabelecimentos agropecuários;2135.0;;6847
5217203;2017;technical_assistance;;Número de estabelecimentos agropecuários;998.0;;6847
5217302;2017;technical_assistance;;Número de estabelecimentos agropecuários;2022.0;;6847
5217401;2017;technical_assistance;;Número de estabelecimentos agropecuários;676.0;;6847
5217609;2017;technical_assistance;;Número de estabelecimentos agropecuários;1341.0;;6847
5217708;2017;technical_assistance;;Número de estabelecimentos agropecuários;1028.0;;6847
5218003;2017;technical_assistance;;Número de estabelecimentos agropecuários;1926.0;;6847
5218052;2017;technical_assistance;;Número de estabelecimentos agropecuários;45.0;;6847
5218102;2017;technical_assistance;;Número de estabelecimentos agropecuários;277.0;;6847
5218300;2017;technical_assistance;;Número de estabelecimentos agropecuários;1461.0;;6847
5218391;2017;technical_assistance;;Número de estabelecimentos agropecuários;295.0;;6847
5218508;2017;technical_assistance;;Número de estabelecimentos agropecuários;1234.0;;6847
5218607;2017;technical_assistance;;Número de estabelecimentos agropecuários;239.0;;6847
5218706;2017;technical_assistance;;Número de estabelecimentos agropecuários;177.0;;6847
5218789;2017;technical_assistance;;Número de estabelecimentos agropecuários;367.0;;6847
5218805;2017;technical_assistance;;Número de estabelecimentos agropecuários;2970.0;;6847
5218904;2017;technical_assistance;;Número de estabelecimentos agropecuários;872.0;;6847
5219001;2017;technical_assistance;;Número de estabelecimentos agropecuários;494.0;;6847
5219100;2017;technical_assistance;;Número de estabelecimentos agropecuários;158.0;;6847
5219209;2017;technical_assistance;;Número de estabelecimentos agropecuários;673.0;;6847
5219258;2017;technical_assistance;;Número de estabelecimentos agropecuários;300.0;;6847
5219308;2017;technical_assistance;;Número de estabelecimentos agropecuários;563.0;;6847
5219357;2017;technical_assistance;;Número de estabelecimentos agropecuários;516.0;;6847
5219407;2017;technical_assistance;;Número de estabelecimentos agropecuários;243.0;;6847
5219456;2017;technical_assistance;;Número de estabelecimentos agropecuários;467.0;;6847
5219506;2017;technical_assistance;;Número de estabelecimentos agropecuários;255.0;;6847
5219605;2017;technical_assistance;;Número de estabelecimentos agropecuários;208.0;;6847
5219704;2017;technical_assistance;;Número de estabelecimentos agropecuários;655.0;;6847
5219712;2017;technical_assistance;;Número de estabelecimentos agropecuários;173.0;;6847
5219738;2017;technical_assistance;;Número de estabelecimentos agropecuários;128.0;;6847
5219753;2017;technical_assistance;;Número de estabelecimentos agropecuários;583.0;;6847
5219803;2017;technical_assistance;;Número de estabelecimentos agropecuários;1112.0;;6847
5219902;2017;technical_assistance;;Número de estabelecimentos agropecuários;630.0;;6847
5220009;2017;technical_assistance;;Número de estabelecimentos agropecuários;1088.0;;6847
5220058;2017;technical_assistance;;Número de estabelecimentos agropecuários;179.0;;6847
5220108;2017;technical_assistance;;Número de estabelecimentos agropecuários;1212.0;;6847
5220157;2017;technical_assistance;;Número de estabelecimentos agropecuários;258.0;;6847
5220207;2017;technical_assistance;;Número de estabelecimentos agropecuários;1083.0;;6847
5220264;2017;technical_assistance;;Número de estabelecimentos agropecuários;589.0;;6847
5220280;2017;technical_assistance;;Número de estabelecimentos agropecuários;291.0;;6847
5220405;2017;technical_assistance;;Número de estabelecimentos agropecuários;83.0;;6847
5220454;2017;technical_assistance;;Número de estabelecimentos agropecuários;208.0;;6847
5220504;2017;technical_assistance;;Número de estabelecimentos agropecuários;494.0;;6847
5220603;2017;technical_assistance;;Número de estabelecimentos agropecuários;2091.0;;6847
5220686;2017;technical_assistance;;Número de estabelecimentos agropecuários;402.0;;6847
5220702;2017;technical_assistance;;Número de estabelecimentos agropecuários;440.0;;6847
5221007;2017;technical_assistance;;Número de estabelecimentos agropecuários;296.0;;6847
5221080;2017;technical_assistance;;Número de estabelecimentos agropecuários;165.0;;6847
5221197;2017;technical_assistance;;Número de estabelecimentos agropecuários;105.0;;6847
5221304;2017;technical_assistance;;Número de estabelecimentos agropecuários;147.0;;6847
5221403;2017;technical_assistance;;Número de estabelecimentos agropecuários;723.0;;6847
5221452;2017;technical_assistance;;Número de estabelecimentos agropecuários;504.0;;6847
5221502;2017;technical_assistance;;Número de estabelecimentos agropecuários;429.0;;6847
5221551;2017;technical_assistance;;Número de estabelecimentos agropecuários;195.0;;6847
5221577;2017;technical_assistance;;Número de estabelecimentos agropecuários;410.0;;6847
5221601;2017;technical_assistance;;Número de estabelecimentos agropecuários;937.0;;6847
5221700;2017;technical_assistance;;Número de estabelecimentos agropecuários;727.0;;6847
5221809;2017;technical_assistance;;Número de estabelecimentos agropecuários;384.0;;6847
5221858;2017;technical_assistance;;Número de estabelecimentos agropecuários;6.0;;6847
5221908;2017;technical_assistance;;Número de estabelecimentos agropecuários;502.0;;6847
5222005;2017;technical_assistance;;Número de estabelecimentos agropecuários;843.0;;6847
5222054;2017;technical_assistance;;Número de estabelecimentos agropecuários;158.0;;6847
5222203;2017;technical_assistance;;Número de estabelecimentos agropecuários;149.0;;6847
5222302;2017;technical_assistance;;Número de estabelecimentos agropecuários;854.0;;6847
2100055;2017;technical_assistance;;Número de estabelecimentos agropecuários;1617.0;;6847
2100105;2017;technical_assistance;;Número de estabelecimentos agropecuários;280.0;;6847
2100154;2017;technical_assistance;;Número de estabelecimentos agropecuários;790.0;;6847
2100204;2017;technical_assistance;;Número de estabelecimentos agropecuários;1570.0;;6847
2100303;2017;technical_assistance;;Número de estabelecimentos agropecuários;1362.0;;6847
2100402;2017;technical_assistance;;Número de estabelecimentos agropecuários;413.0;;6847
2100436;2017;technical_assistance;;Número de estabelecimentos agropecuários;209.0;;6847
2100477;2017;technical_assistance;;Número de estabelecimentos agropecuários;747.0;;6847
2100501;2017;technical_assistance;;Número de estabelecimentos agropecuários;447.0;;6847
2100550;2017;technical_assistance;;Número de estabelecimentos agropecuários;210.0;;6847
2100600;2017;technical_assistance;;Número de estabelecimentos agropecuários;2305.0;;6847
2100709;2017;technical_assistance;;Número de estabelecimentos agropecuários;1662.0;;6847
2100808;2017;technical_assistance;;Número de estabelecimentos agropecuários;1114.0;;6847
2100832;2017;technical_assistance;;Número de estabelecimentos agropecuários;173.0;;6847
2100873;2017;technical_assistance;;Número de estabelecimentos agropecuários;529.0;;6847
2100907;2017;technical_assistance;;Número de estabelecimentos agropecuários;2266.0;;6847
2100956;2017;technical_assistance;;Número de estabelecimentos agropecuários;1402.0;;6847
2101004;2017;technical_assistance;;Número de estabelecimentos agropecuários;1260.0;;6847
2101103;2017;technical_assistance;;Número de estabelecimentos agropecuários;695.0;;6847
2101202;2017;technical_assistance;;Número de estabelecimentos agropecuários;1964.0;;6847
2101251;2017;technical_assistance;;Número de estabelecimentos agropecuários;166.0;;6847
2101301;2017;technical_assistance;;Número de estabelecimentos agropecuários;437.0;;6847
2101350;2017;technical_assistance;;Número de estabelecimentos agropecuários;416.0;;6847
2101400;2017;technical_assistance;;Número de estabelecimentos agropecuários;1488.0;;6847
2101509;2017;technical_assistance;;Número de estabelecimentos agropecuários;872.0;;6847
2101608;2017;technical_assistance;;Número de estabelecimentos agropecuários;2459.0;;6847
2101707;2017;technical_assistance;;Número de estabelecimentos agropecuários;2457.0;;6847
2101731;2017;technical_assistance;;Número de estabelecimentos agropecuários;892.0;;6847
2101772;2017;technical_assistance;;Número de estabelecimentos agropecuários;201.0;;6847
2101806;2017;technical_assistance;;Número de estabelecimentos agropecuários;363.0;;6847
2101905;2017;technical_assistance;;Número de estabelecimentos agropecuários;2009.0;;6847
2101939;2017;technical_assistance;;Número de estabelecimentos agropecuários;456.0;;6847
2101970;2017;technical_assistance;;Número de estabelecimentos agropecuários;188.0;;6847
2102002;2017;technical_assistance;;Número de estabelecimentos agropecuários;1044.0;;6847
2102036;2017;technical_assistance;;Número de estabelecimentos agropecuários;781.0;;6847
2102077;2017;technical_assistance;;Número de estabelecimentos agropecuários;900.0;;6847
2102101;2017;technical_assistance;;Número de estabelecimentos agropecuários;2416.0;;6847
2102150;2017;technical_assistance;;Número de estabelecimentos agropecuários;697.0;;6847
2102200;2017;technical_assistance;;Número de estabelecimentos agropecuários;2946.0;;6847
2102309;2017;technical_assistance;;Número de estabelecimentos agropecuários;899.0;;6847
2102325;2017;technical_assistance;;Número de estabelecimentos agropecuários;837.0;;6847
2102358;2017;technical_assistance;;Número de estabelecimentos agropecuários;588.0;;6847
2102374;2017;technical_assistance;;Número de estabelecimentos agropecuários;904.0;;6847
2102408;2017;technical_assistance;;Número de estabelecimentos agropecuários;781.0;;6847
2102507;2017;technical_assistance;;Número de estabelecimentos agropecuários;2149.0;;6847
2102556;2017;technical_assistance;;Número de estabelecimentos agropecuários;207.0;;6847
2102606;2017;technical_assistance;;Número de estabelecimentos agropecuários;433.0;;6847
2102705;2017;technical_assistance;;Número de estabelecimentos agropecuários;1369.0;;6847
2102754;2017;technical_assistance;;Número de estabelecimentos agropecuários;746.0;;6847
2102804;2017;technical_assistance;;Número de estabelecimentos agropecuários;1253.0;;6847
2102903;2017;technical_assistance;;Número de estabelecimentos agropecuários;379.0;;6847
2103000;2017;technical_assistance;;Número de estabelecimentos agropecuários;4567.0;;6847
2103109;2017;technical_assistance;;Número de estabelecimentos agropecuários;401.0;;6847
2103125;2017;technical_assistance;;Número de estabelecimentos agropecuários;367.0;;6847
2103158;2017;technical_assistance;;Número de estabelecimentos agropecuários;425.0;;6847
2103174;2017;technical_assistance;;Número de estabelecimentos agropecuários;536.0;;6847
2103208;2017;technical_assistance;;Número de estabelecimentos agropecuários;4314.0;;6847
2103257;2017;technical_assistance;;Número de estabelecimentos agropecuários;816.0;;6847
2103307;2017;technical_assistance;;Número de estabelecimentos agropecuários;4808.0;;6847
2103406;2017;technical_assistance;;Número de estabelecimentos agropecuários;974.0;;6847
2103505;2017;technical_assistance;;Número de estabelecimentos agropecuários;1198.0;;6847
2103554;2017;technical_assistance;;Número de estabelecimentos agropecuários;484.0;;6847
2103604;2017;technical_assistance;;Número de estabelecimentos agropecuários;2826.0;;6847
2103703;2017;technical_assistance;;Número de estabelecimentos agropecuários;443.0;;6847
2103752;2017;technical_assistance;;Número de estabelecimentos agropecuários;214.0;;6847
2103802;2017;technical_assistance;;Número de estabelecimentos agropecuários;631.0;;6847
2103901;2017;technical_assistance;;Número de estabelecimentos agropecuários;263.0;;6847
2104008;2017;technical_assistance;;Número de estabelecimentos agropecuários;1423.0;;6847
2104057;2017;technical_assistance;;Número de estabelecimentos agropecuários;1327.0;;6847
2104073;2017;technical_assistance;;Número de estabelecimentos agropecuários;1019.0;;6847
2104081;2017;technical_assistance;;Número de estabelecimentos agropecuários;758.0;;6847
2104099;2017;technical_assistance;;Número de estabelecimentos agropecuários;1949.0;;6847
2104107;2017;technical_assistance;;Número de estabelecimentos agropecuários;1088.0;;6847
2104206;2017;technical_assistance;;Número de estabelecimentos agropecuários;317.0;;6847
2104305;2017;technical_assistance;;Número de estabelecimentos agropecuários;226.0;;6847
2104404;2017;technical_assistance;;Número de estabelecimentos agropecuários;1023.0;;6847
2104503;2017;technical_assistance;;Número de estabelecimentos agropecuários;410.0;;6847
2104552;2017;technical_assistance;;Número de estabelecimentos agropecuários;314.0;;6847
2104602;2017;technical_assistance;;Número de estabelecimentos agropecuários;1114.0;;6847
2104628;2017;technical_assistance;;Número de estabelecimentos agropecuários;179.0;;6847
2104651;2017;technical_assistance;;Número de estabelecimentos agropecuários;315.0;;6847
2104677;2017;technical_assistance;;Número de estabelecimentos agropecuários;550.0;;6847
2104701;2017;technical_assistance;;Número de estabelecimentos agropecuários;459.0;;6847
2104800;2017;technical_assistance;;Número de estabelecimentos agropecuários;3216.0;;6847
2104909;2017;technical_assistance;;Número de estabelecimentos agropecuários;449.0;;6847
2105005;2017;technical_assistance;;Número de estabelecimentos agropecuários;853.0;;6847
2105104;2017;technical_assistance;;Número de estabelecimentos agropecuários;1429.0;;6847
2105153;2017;technical_assistance;;Número de estabelecimentos agropecuários;361.0;;6847
2105203;2017;technical_assistance;;Número de estabelecimentos agropecuários;661.0;;6847
2105302;2017;technical_assistance;;Número de estabelecimentos agropecuários;709.0;;6847
2105351;2017;technical_assistance;;Número de estabelecimentos agropecuários;799.0;;6847
2105401;2017;technical_assistance;;Número de estabelecimentos agropecuários;2131.0;;6847
2105427;2017;technical_assistance;;Número de estabelecimentos agropecuários;655.0;;6847
2105450;2017;technical_assistance;;Número de estabelecimentos agropecuários;528.0;;6847
2105476;2017;technical_assistance;;Número de estabelecimentos agropecuários;932.0;;6847
2105500;2017;technical_assistance;;Número de estabelecimentos agropecuários;679.0;;6847
2105609;2017;technical_assistance;;Número de estabelecimentos agropecuários;1146.0;;6847
2105658;2017;technical_assistance;;Número de estabelecimentos agropecuários;195.0;;6847
2105708;2017;technical_assistance;;Número de estabelecimentos agropecuários;1010.0;;6847
2105807;2017;technical_assistance;;Número de estabelecimentos agropecuários;674.0;;6847
2105906;2017;technical_assistance;;Número de estabelecimentos agropecuários;615.0;;6847
2105922;2017;technical_assistance;;Número de estabelecimentos agropecuários;1012.0;;6847
2105948;2017;technical_assistance;;Número de estabelecimentos agropecuários;496.0;;6847
2105963;2017;technical_assistance;;Número de estabelecimentos agropecuários;595.0;;6847
2105989;2017;technical_assistance;;Número de estabelecimentos agropecuários;691.0;;6847
2106003;2017;technical_assistance;;Número de estabelecimentos agropecuários;719.0;;6847
2106102;2017;technical_assistance;;Número de estabelecimentos agropecuários;579.0;;6847
2106201;2017;technical_assistance;;Número de estabelecimentos agropecuários;273.0;;6847
2106300;2017;technical_assistance;;Número de estabelecimentos agropecuários;930.0;;6847
2106326;2017;technical_assistance;;Número de estabelecimentos agropecuários;197.0;;6847
2106359;2017;technical_assistance;;Número de estabelecimentos agropecuários;382.0;;6847
2106375;2017;technical_assistance;;Número de estabelecimentos agropecuários;427.0;;6847
2106409;2017;technical_assistance;;Número de estabelecimentos agropecuários;1074.0;;6847
2106508;2017;technical_assistance;;Número de estabelecimentos agropecuários;2012.0;;6847
2106607;2017;technical_assistance;;Número de estabelecimentos agropecuários;2280.0;;6847
2106631;2017;technical_assistance;;Número de estabelecimentos agropecuários;595.0;;6847
2106672;2017;technical_assistance;;Número de estabelecimentos agropecuários;1183.0;;6847
2106706;2017;technical_assistance;;Número de estabelecimentos agropecuários;1566.0;;6847
2106755;2017;technical_assistance;;Número de estabelecimentos agropecuários;260.0;;6847
2106805;2017;technical_assistance;;Número de estabelecimentos agropecuários;707.0;;6847
2106904;2017;technical_assistance;;Número de estabelecimentos agropecuários;934.0;;6847
2107001;2017;technical_assistance;;Número de estabelecimentos agropecuários;717.0;;6847
2107100;2017;technical_assistance;;Número de estabelecimentos agropecuários;1266.0;;6847
2107209;2017;technical_assistance;;Número de estabelecimentos agropecuários;660.0;;6847
2107258;2017;technical_assistance;;Número de estabelecimentos agropecuários;343.0;;6847
2107308;2017;technical_assistance;;Número de estabelecimentos agropecuários;138.0;;6847
2107357;2017;technical_assistance;;Número de estabelecimentos agropecuários;760.0;;6847
2107407;2017;technical_assistance;;Número de estabelecimentos agropecuários;451.0;;6847
2107456;2017;technical_assistance;;Número de estabelecimentos agropecuários;1052.0;;6847
2107506;2017;technical_assistance;;Número de estabelecimentos agropecuários;919.0;;6847
2107605;2017;technical_assistance;;Número de estabelecimentos agropecuários;1924.0;;6847
2107704;2017;technical_assistance;;Número de estabelecimentos agropecuários;627.0;;6847
2107803;2017;technical_assistance;;Número de estabelecimentos agropecuários;1771.0;;6847
2107902;2017;technical_assistance;;Número de estabelecimentos agropecuários;1258.0;;6847
2108009;2017;technical_assistance;;Número de estabelecimentos agropecuários;668.0;;6847
2108058;2017;technical_assistance;;Número de estabelecimentos agropecuários;947.0;;6847
2108108;2017;technical_assistance;;Número de estabelecimentos agropecuários;710.0;;6847
2108207;2017;technical_assistance;;Número de estabelecimentos agropecuários;602.0;;6847
2108256;2017;technical_assistance;;Número de estabelecimentos agropecuários;3130.0;;6847
2108306;2017;technical_assistance;;Número de estabelecimentos agropecuários;2795.0;;6847
2108405;2017;technical_assistance;;Número de estabelecimentos agropecuários;633.0;;6847
2108454;2017;technical_assistance;;Número de estabelecimentos agropecuários;824.0;;6847
2108504;2017;technical_assistance;;Número de estabelecimentos agropecuários;241.0;;6847
2108603;2017;technical_assistance;;Número de estabelecimentos agropecuários;2186.0;;6847
2108702;2017;technical_assistance;;Número de estabelecimentos agropecuários;686.0;;6847
2108801;2017;technical_assistance;;Número de estabelecimentos agropecuários;972.0;;6847
2108900;2017;technical_assistance;;Número de estabelecimentos agropecuários;2241.0;;6847
2109007;2017;technical_assistance;;Número de estabelecimentos agropecuários;953.0;;6847
2109056;2017;technical_assistance;;Número de estabelecimentos agropecuários;284.0;;6847
2109106;2017;technical_assistance;;Número de estabelecimentos agropecuários;969.0;;6847
2109205;2017;technical_assistance;;Número de estabelecimentos agropecuários;780.0;;6847
2109239;2017;technical_assistance;;Número de estabelecimentos agropecuários;222.0;;6847
2109270;2017;technical_assistance;;Número de estabelecimentos agropecuários;1420.0;;6847
2109304;2017;technical_assistance;;Número de estabelecimentos agropecuários;771.0;;6847
2109403;2017;technical_assistance;;Número de estabelecimentos agropecuários;452.0;;6847
2109452;2017;technical_assistance;;Número de estabelecimentos agropecuários;250.0;;6847
2109502;2017;technical_assistance;;Número de estabelecimentos agropecuários;1515.0;;6847
2109551;2017;technical_assistance;;Número de estabelecimentos agropecuários;423.0;;6847
2109601;2017;technical_assistance;;Número de estabelecimentos agropecuários;490.0;;6847
2109700;2017;technical_assistance;;Número de estabelecimentos agropecuários;492.0;;6847
2109759;2017;technical_assistance;;Número de estabelecimentos agropecuários;334.0;;6847
2109809;2017;technical_assistance;;Número de estabelecimentos agropecuários;1285.0;;6847
2109908;2017;technical_assistance;;Número de estabelecimentos agropecuários;282.0;;6847
2110005;2017;technical_assistance;;Número de estabelecimentos agropecuários;1961.0;;6847
2110039;2017;technical_assistance;;Número de estabelecimentos agropecuários;833.0;;6847
2110104;2017;technical_assistance;;Número de estabelecimentos agropecuários;1370.0;;6847
2110203;2017;technical_assistance;;Número de estabelecimentos agropecuários;1608.0;;6847
2110237;2017;technical_assistance;;Número de estabelecimentos agropecuários;824.0;;6847
2110278;2017;technical_assistance;;Número de estabelecimentos agropecuários;725.0;;6847
2110302;2017;technical_assistance;;Número de estabelecimentos agropecuários;1521.0;;6847
2110401;2017;technical_assistance;;Número de estabelecimentos agropecuários;1353.0;;6847
2110500;2017;technical_assistance;;Número de estabelecimentos agropecuários;1207.0;;6847
2110609;2017;technical_assistance;;Número de estabelecimentos agropecuários;1684.0;;6847
2110658;2017;technical_assistance;;Número de estabelecimentos agropecuários;239.0;;6847
2110708;2017;technical_assistance;;Número de estabelecimentos agropecuários;1219.0;;6847
2110807;2017;technical_assistance;;Número de estabelecimentos agropecuários;619.0;;6847
2110856;2017;technical_assistance;;Número de estabelecimentos agropecuários;508.0;;6847
2110906;2017;technical_assistance;;Número de estabelecimentos agropecuários;694.0;;6847
2111003;2017;technical_assistance;;Número de estabelecimentos agropecuários;2365.0;;6847
2111029;2017;technical_assistance;;Número de estabelecimentos agropecuários;359.0;;6847
2111052;2017;technical_assistance;;Número de estabelecimentos agropecuários;1058.0;;6847
2111078;2017;technical_assistance;;Número de estabelecimentos agropecuários;930.0;;6847
2111102;2017;technical_assistance;;Número de estabelecimentos agropecuários;543.0;;6847
2111201;2017;technical_assistance;;Número de estabelecimentos agropecuários;959.0;;6847
2111250;2017;technical_assistance;;Número de estabelecimentos agropecuários;738.0;;6847
2111300;2017;technical_assistance;;Número de estabelecimentos agropecuários;817.0;;6847
2111409;2017;technical_assistance;;Número de estabelecimentos agropecuários;1622.0;;6847
2111508;2017;technical_assistance;;Número de estabelecimentos agropecuários;568.0;;6847
2111532;2017;technical_assistance;;Número de estabelecimentos agropecuários;236.0;;6847
2111573;2017;technical_assistance;;Número de estabelecimentos agropecuários;519.0;;6847
2111607;2017;technical_assistance;;Número de estabelecimentos agropecuários;589.0;;6847
2111631;2017;technical_assistance;;Número de estabelecimentos agropecuários;742.0;;6847
2111672;2017;technical_assistance;;Número de estabelecimentos agropecuários;417.0;;6847
2111706;2017;technical_assistance;;Número de estabelecimentos agropecuários;2009.0;;6847
2111722;2017;technical_assistance;;Número de estabelecimentos agropecuários;431.0;;6847
2111748;2017;technical_assistance;;Número de estabelecimentos agropecuários;229.0;;6847
2111763;2017;technical_assistance;;Número de estabelecimentos agropecuários;509.0;;6847
2111789;2017;technical_assistance;;Número de estabelecimentos agropecuários;498.0;;6847
2111805;2017;technical_assistance;;Número de estabelecimentos agropecuários;2036.0;;6847
2111904;2017;technical_assistance;;Número de estabelecimentos agropecuários;710.0;;6847
2111953;2017;technical_assistance;;Número de estabelecimentos agropecuários;195.0;;6847
2112001;2017;technical_assistance;;Número de estabelecimentos agropecuários;378.0;;6847
2112100;2017;technical_assistance;;Número de estabelecimentos agropecuários;1381.0;;6847
2112209;2017;technical_assistance;;Número de estabelecimentos agropecuários;2544.0;;6847
2112233;2017;technical_assistance;;Número de estabelecimentos agropecuários;377.0;;6847
2112274;2017;technical_assistance;;Número de estabelecimentos agropecuários;129.0;;6847
2112308;2017;technical_assistance;;Número de estabelecimentos agropecuários;1552.0;;6847
2112407;2017;technical_assistance;;Número de estabelecimentos agropecuários;1895.0;;6847
2112456;2017;technical_assistance;;Número de estabelecimentos agropecuários;697.0;;6847
2112506;2017;technical_assistance;;Número de estabelecimentos agropecuários;2396.0;;6847
2112605;2017;technical_assistance;;Número de estabelecimentos agropecuários;2944.0;;6847
2112704;2017;technical_assistance;;Número de estabelecimentos agropecuários;1813.0;;6847
2112803;2017;technical_assistance;;Número de estabelecimentos agropecuários;2692.0;;6847
2112852;2017;technical_assistance;;Número de estabelecimentos agropecuários;698.0;;6847
2112902;2017;technical_assistance;;Número de estabelecimentos agropecuários;1132.0;;6847
2113009;2017;technical_assistance;;Número de estabelecimentos agropecuários;933.0;;6847
2114007;2017;technical_assistance;;Número de estabelecimentos agropecuários;877.0;;6847
3100104;2017;technical_assistance;;Número de estabelecimentos agropecuários;1070.0;;6847
3100203;2017;technical_assistance;;Número de estabelecimentos agropecuários;983.0;;6847
3100302;2017;technical_assistance;;Número de estabelecimentos agropecuários;1640.0;;6847
3100401;2017;technical_assistance;;Número de estabelecimentos agropecuários;290.0;;6847
3100500;2017;technical_assistance;;Número de estabelecimentos agropecuários;765.0;;6847
3100609;2017;technical_assistance;;Número de estabelecimentos agropecuários;1739.0;;6847
3100708;2017;technical_assistance;;Número de estabelecimentos agropecuários;105.0;;6847
3100807;2017;technical_assistance;;Número de estabelecimentos agropecuários;326.0;;6847
3100906;2017;technical_assistance;;Número de estabelecimentos agropecuários;1515.0;;6847
3101003;2017;technical_assistance;;Número de estabelecimentos agropecuários;614.0;;6847
3101102;2017;technical_assistance;;Número de estabelecimentos agropecuários;1399.0;;6847
3101201;2017;technical_assistance;;Número de estabelecimentos agropecuários;554.0;;6847
3101300;2017;technical_assistance;;Número de estabelecimentos agropecuários;306.0;;6847
3101409;2017;technical_assistance;;Número de estabelecimentos agropecuários;206.0;;6847
3101508;2017;technical_assistance;;Número de estabelecimentos agropecuários;366.0;;6847
3101607;2017;technical_assistance;;Número de estabelecimentos agropecuários;972.0;;6847
3101631;2017;technical_assistance;;Número de estabelecimentos agropecuários;377.0;;6847
3101706;2017;technical_assistance;;Número de estabelecimentos agropecuários;1643.0;;6847
3101805;2017;technical_assistance;;Número de estabelecimentos agropecuários;192.0;;6847
3101904;2017;technical_assistance;;Número de estabelecimentos agropecuários;1132.0;;6847
3102001;2017;technical_assistance;;Número de estabelecimentos agropecuários;1384.0;;6847
3102050;2017;technical_assistance;;Número de estabelecimentos agropecuários;376.0;;6847
3102100;2017;technical_assistance;;Número de estabelecimentos agropecuários;1472.0;;6847
3102209;2017;technical_assistance;;Número de estabelecimentos agropecuários;468.0;;6847
3102308;2017;technical_assistance;;Número de estabelecimentos agropecuários;777.0;;6847
3102407;2017;technical_assistance;;Número de estabelecimentos agropecuários;201.0;;6847
3102506;2017;technical_assistance;;Número de estabelecimentos agropecuários;462.0;;6847
3102605;2017;technical_assistance;;Número de estabelecimentos agropecuários;1719.0;;6847
3102704;2017;technical_assistance;;Número de estabelecimentos agropecuários;754.0;;6847
3102803;2017;technical_assistance;;Número de estabelecimentos agropecuários;612.0;;6847
3102852;2017;technical_assistance;;Número de estabelecimentos agropecuários;789.0;;6847
3102902;2017;technical_assistance;;Número de estabelecimentos agropecuários;444.0;;6847
3103009;2017;technical_assistance;;Número de estabelecimentos agropecuários;548.0;;6847
3103108;2017;technical_assistance;;Número de estabelecimentos agropecuários;215.0;;6847
3103207;2017;technical_assistance;;Número de estabelecimentos agropecuários;101.0;;6847
3103306;2017;technical_assistance;;Número de estabelecimentos agropecuários;140.0;;6847
3103405;2017;technical_assistance;;Número de estabelecimentos agropecuários;2589.0;;6847
3103504;2017;technical_assistance;;Número de estabelecimentos agropecuários;2124.0;;6847
3103603;2017;technical_assistance;;Número de estabelecimentos agropecuários;121.0;;6847
3103702;2017;technical_assistance;;Número de estabelecimentos agropecuários;1438.0;;6847
3103751;2017;technical_assistance;;Número de estabelecimentos agropecuários;106.0;;6847
3103801;2017;technical_assistance;;Número de estabelecimentos agropecuários;408.0;;6847
3103900;2017;technical_assistance;;Número de estabelecimentos agropecuários;361.0;;6847
3104007;2017;technical_assistance;;Número de estabelecimentos agropecuários;470.0;;6847
3104106;2017;technical_assistance;;Número de estabelecimentos agropecuários;201.0;;6847
3104205;2017;technical_assistance;;Número de estabelecimentos agropecuários;942.0;;6847
3104304;2017;technical_assistance;;Número de estabelecimentos agropecuários;770.0;;6847
3104403;2017;technical_assistance;;Número de estabelecimentos agropecuários;310.0;;6847
3104452;2017;technical_assistance;;Número de estabelecimentos agropecuários;825.0;;6847
3104502;2017;technical_assistance;;Número de estabelecimentos agropecuários;1803.0;;6847
3104601;2017;technical_assistance;;Número de estabelecimentos agropecuários;468.0;;6847
3104700;2017;technical_assistance;;Número de estabelecimentos agropecuários;1540.0;;6847
3104809;2017;technical_assistance;;Número de estabelecimentos agropecuários;258.0;;6847
3104908;2017;technical_assistance;;Número de estabelecimentos agropecuários;768.0;;6847
3105004;2017;technical_assistance;;Número de estabelecimentos agropecuários;354.0;;6847
3105103;2017;technical_assistance;;Número de estabelecimentos agropecuários;1525.0;;6847
3105202;2017;technical_assistance;;Número de estabelecimentos agropecuários;478.0;;6847
3105301;2017;technical_assistance;;Número de estabelecimentos agropecuários;160.0;;6847
3105400;2017;technical_assistance;;Número de estabelecimentos agropecuários;263.0;;6847
3105509;2017;technical_assistance;;Número de estabelecimentos agropecuários;335.0;;6847
3105608;2017;technical_assistance;;Número de estabelecimentos agropecuários;1449.0;;6847
3105707;2017;technical_assistance;;Número de estabelecimentos agropecuários;498.0;;6847
3105905;2017;technical_assistance;;Número de estabelecimentos agropecuários;136.0;;6847
3106002;2017;technical_assistance;;Número de estabelecimentos agropecuários;50.0;;6847
3106101;2017;technical_assistance;;Número de estabelecimentos agropecuários;206.0;;6847
3106200;2017;technical_assistance;;Número de estabelecimentos agropecuários;48.0;;6847
3106309;2017;technical_assistance;;Número de estabelecimentos agropecuários;481.0;;6847
3106408;2017;technical_assistance;;Número de estabelecimentos agropecuários;711.0;;6847
3106507;2017;technical_assistance;;Número de estabelecimentos agropecuários;1489.0;;6847
3106606;2017;technical_assistance;;Número de estabelecimentos agropecuários;375.0;;6847
3106655;2017;technical_assistance;;Número de estabelecimentos agropecuários;266.0;;6847
3106705;2017;technical_assistance;;Número de estabelecimentos agropecuários;233.0;;6847
3106804;2017;technical_assistance;;Número de estabelecimentos agropecuários;417.0;;6847
3106903;2017;technical_assistance;;Número de estabelecimentos agropecuários;124.0;;6847
3107000;2017;technical_assistance;;Número de estabelecimentos agropecuários;484.0;;6847
3107109;2017;technical_assistance;;Número de estabelecimentos agropecuários;1512.0;;6847
3107208;2017;technical_assistance;;Número de estabelecimentos agropecuários;389.0;;6847
3107307;2017;technical_assistance;;Número de estabelecimentos agropecuários;2551.0;;6847
3107406;2017;technical_assistance;;Número de estabelecimentos agropecuários;1121.0;;6847
3107505;2017;technical_assistance;;Número de estabelecimentos agropecuários;242.0;;6847
3107604;2017;technical_assistance;;Número de estabelecimentos agropecuários;464.0;;6847
3107703;2017;technical_assistance;;Número de estabelecimentos agropecuários;287.0;;6847
3107802;2017;technical_assistance;;Número de estabelecimentos agropecuários;1139.0;;6847
3107901;2017;technical_assistance;;Número de estabelecimentos agropecuários;1521.0;;6847
3108008;2017;technical_assistance;;Número de estabelecimentos agropecuários;532.0;;6847
3108107;2017;technical_assistance;;Número de estabelecimentos agropecuários;559.0;;6847
3108206;2017;technical_assistance;;Número de estabelecimentos agropecuários;714.0;;6847
3108255;2017;technical_assistance;;Número de estabelecimentos agropecuários;1276.0;;6847
3108305;2017;technical_assistance;;Número de estabelecimentos agropecuários;910.0;;6847
3108404;2017;technical_assistance;;Número de estabelecimentos agropecuários;899.0;;6847
3108503;2017;technical_assistance;;Número de estabelecimentos agropecuários;817.0;;6847
3108552;2017;technical_assistance;;Número de estabelecimentos agropecuários;537.0;;6847
3108602;2017;technical_assistance;;Número de estabelecimentos agropecuários;2463.0;;6847
3108701;2017;technical_assistance;;Número de estabelecimentos agropecuários;262.0;;6847
3108800;2017;technical_assistance;;Número de estabelecimentos agropecuários;535.0;;6847
3108909;2017;technical_assistance;;Número de estabelecimentos agropecuários;785.0;;6847
3109006;2017;technical_assistance;;Número de estabelecimentos agropecuários;443.0;;6847
3109105;2017;technical_assistance;;Número de estabelecimentos agropecuários;1679.0;;6847
3109204;2017;technical_assistance;;Número de estabelecimentos agropecuários;338.0;;6847
3109253;2017;technical_assistance;;Número de estabelecimentos agropecuários;189.0;;6847
3109303;2017;technical_assistance;;Número de estabelecimentos agropecuários;1758.0;;6847
3109402;2017;technical_assistance;;Número de estabelecimentos agropecuários;759.0;;6847
3109451;2017;technical_assistance;;Número de estabelecimentos agropecuários;342.0;;6847
3109501;2017;technical_assistance;;Número de estabelecimentos agropecuários;1250.0;;6847
3109600;2017;technical_assistance;;Número de estabelecimentos agropecuários;35.0;;6847
3109709;2017;technical_assistance;;Número de estabelecimentos agropecuários;1148.0;;6847
3109808;2017;technical_assistance;;Número de estabelecimentos agropecuários;76.0;;6847
3109907;2017;technical_assistance;;Número de estabelecimentos agropecuários;181.0;;6847
3110004;2017;technical_assistance;;Número de estabelecimentos agropecuários;784.0;;6847
3110103;2017;technical_assistance;;Número de estabelecimentos agropecuários;555.0;;6847
3110202;2017;technical_assistance;;Número de estabelecimentos agropecuários;434.0;;6847
3110301;2017;technical_assistance;;Número de estabelecimentos agropecuários;1643.0;;6847
3110400;2017;technical_assistance;;Número de estabelecimentos agropecuários;362.0;;6847
3110509;2017;technical_assistance;;Número de estabelecimentos agropecuários;1041.0;;6847
3110608;2017;technical_assistance;;Número de estabelecimentos agropecuários;997.0;;6847
3110707;2017;technical_assistance;;Número de estabelecimentos agropecuários;454.0;;6847
3110806;2017;technical_assistance;;Número de estabelecimentos agropecuários;168.0;;6847
3110905;2017;technical_assistance;;Número de estabelecimentos agropecuários;875.0;;6847
3111002;2017;technical_assistance;;Número de estabelecimentos agropecuários;2076.0;;6847
3111101;2017;technical_assistance;;Número de estabelecimentos agropecuários;2211.0;;6847
3111150;2017;technical_assistance;;Número de estabelecimentos agropecuários;447.0;;6847
3111200;2017;technical_assistance;;Número de estabelecimentos agropecuários;782.0;;6847
3111309;2017;technical_assistance;;Número de estabelecimentos agropecuários;884.0;;6847
3111408;2017;technical_assistance;;Número de estabelecimentos agropecuários;561.0;;6847
3111507;2017;technical_assistance;;Número de estabelecimentos agropecuários;411.0;;6847
3111606;2017;technical_assistance;;Número de estabelecimentos agropecuários;3009.0;;6847
3111705;2017;technical_assistance;;Número de estabelecimentos agropecuários;666.0;;6847
3111804;2017;technical_assistance;;Número de estabelecimentos agropecuários;298.0;;6847
3111903;2017;technical_assistance;;Número de estabelecimentos agropecuários;387.0;;6847
3112000;2017;technical_assistance;;Número de estabelecimentos agropecuários;1303.0;;6847
3112059;2017;technical_assistance;;Número de estabelecimentos agropecuários;222.0;;6847
3112109;2017;technical_assistance;;Número de estabelecimentos agropecuários;562.0;;6847
3112208;2017;technical_assistance;;Número de estabelecimentos agropecuários;437.0;;6847
3112307;2017;technical_assistance;;Número de estabelecimentos agropecuários;2078.0;;6847
3112406;2017;technical_assistance;;Número de estabelecimentos agropecuários;375.0;;6847
3112505;2017;technical_assistance;;Número de estabelecimentos agropecuários;76.0;;6847
3112604;2017;technical_assistance;;Número de estabelecimentos agropecuários;328.0;;6847
3112653;2017;technical_assistance;;Número de estabelecimentos agropecuários;299.0;;6847
3112703;2017;technical_assistance;;Número de estabelecimentos agropecuários;486.0;;6847
3112802;2017;technical_assistance;;Número de estabelecimentos agropecuários;597.0;;6847
3112901;2017;technical_assistance;;Número de estabelecimentos agropecuários;759.0;;6847
3113008;2017;technical_assistance;;Número de estabelecimentos agropecuários;2310.0;;6847
3113107;2017;technical_assistance;;Número de estabelecimentos agropecuários;222.0;;6847
3113206;2017;technical_assistance;;Número de estabelecimentos agropecuários;695.0;;6847
3113305;2017;technical_assistance;;Número de estabelecimentos agropecuários;1297.0;;6847
3113404;2017;technical_assistance;;Número de estabelecimentos agropecuários;2667.0;;6847
3113503;2017;technical_assistance;;Número de estabelecimentos agropecuários;667.0;;6847
3113602;2017;technical_assistance;;Número de estabelecimentos agropecuários;382.0;;6847
3113701;2017;technical_assistance;;Número de estabelecimentos agropecuários;951.0;;6847
3113800;2017;technical_assistance;;Número de estabelecimentos agropecuários;193.0;;6847
3113909;2017;technical_assistance;;Número de estabelecimentos agropecuários;516.0;;6847
3114006;2017;technical_assistance;;Número de estabelecimentos agropecuários;403.0;;6847
3114105;2017;technical_assistance;;Número de estabelecimentos agropecuários;348.0;;6847
3114204;2017;technical_assistance;;Número de estabelecimentos agropecuários;1032.0;;6847
3114303;2017;technical_assistance;;Número de estabelecimentos agropecuários;1544.0;;6847
3114402;2017;technical_assistance;;Número de estabelecimentos agropecuários;1632.0;;6847
3114501;2017;technical_assistance;;Número de estabelecimentos agropecuários;840.0;;6847
3114550;2017;technical_assistance;;Número de estabelecimentos agropecuários;683.0;;6847
3114600;2017;technical_assistance;;Número de estabelecimentos agropecuários;226.0;;6847
3114709;2017;technical_assistance;;Número de estabelecimentos agropecuários;414.0;;6847
3114808;2017;technical_assistance;;Número de estabelecimentos agropecuários;465.0;;6847
3114907;2017;technical_assistance;;Número de estabelecimentos agropecuários;274.0;;6847
3115003;2017;technical_assistance;;Número de estabelecimentos agropecuários;306.0;;6847
3115102;2017;technical_assistance;;Número de estabelecimentos agropecuários;640.0;;6847
3115201;2017;technical_assistance;;Número de estabelecimentos agropecuários;302.0;;6847
3115300;2017;technical_assistance;;Número de estabelecimentos agropecuários;698.0;;6847
3115359;2017;technical_assistance;;Número de estabelecimentos agropecuários;126.0;;6847
3115409;2017;technical_assistance;;Número de estabelecimentos agropecuários;290.0;;6847
3115458;2017;technical_assistance;;Número de estabelecimentos agropecuários;352.0;;6847
3115474;2017;technical_assistance;;Número de estabelecimentos agropecuários;565.0;;6847
3115508;2017;technical_assistance;;Número de estabelecimentos agropecuários;99.0;;6847
3115607;2017;technical_assistance;;Número de estabelecimentos agropecuários;124.0;;6847
3115706;2017;technical_assistance;;Número de estabelecimentos agropecuários;329.0;;6847
3115805;2017;technical_assistance;;Número de estabelecimentos agropecuários;165.0;;6847
3115904;2017;technical_assistance;;Número de estabelecimentos agropecuários;173.0;;6847
3116001;2017;technical_assistance;;Número de estabelecimentos agropecuários;741.0;;6847
3116100;2017;technical_assistance;;Número de estabelecimentos agropecuários;2262.0;;6847
3116159;2017;technical_assistance;;Número de estabelecimentos agropecuários;955.0;;6847
3116209;2017;technical_assistance;;Número de estabelecimentos agropecuários;224.0;;6847
3116308;2017;technical_assistance;;Número de estabelecimentos agropecuários;757.0;;6847
3116407;2017;technical_assistance;;Número de estabelecimentos agropecuários;606.0;;6847
3116506;2017;technical_assistance;;Número de estabelecimentos agropecuários;842.0;;6847
3116605;2017;technical_assistance;;Número de estabelecimentos agropecuários;1257.0;;6847
3116704;2017;technical_assistance;;Número de estabelecimentos agropecuários;431.0;;6847
3116803;2017;technical_assistance;;Número de estabelecimentos agropecuários;598.0;;6847
3116902;2017;technical_assistance;;Número de estabelecimentos agropecuários;498.0;;6847
3117009;2017;technical_assistance;;Número de estabelecimentos agropecuários;1219.0;;6847
3117108;2017;technical_assistance;;Número de estabelecimentos agropecuários;1355.0;;6847
3117207;2017;technical_assistance;;Número de estabelecimentos agropecuários;318.0;;6847
3117306;2017;technical_assistance;;Número de estabelecimentos agropecuários;465.0;;6847
3117405;2017;technical_assistance;;Número de estabelecimentos agropecuários;795.0;;6847
3117504;2017;technical_assistance;;Número de estabelecimentos agropecuários;1397.0;;6847
3117603;2017;technical_assistance;;Número de estabelecimentos agropecuários;447.0;;6847
3117702;2017;technical_assistance;;Número de estabelecimentos agropecuários;371.0;;6847
3117801;2017;technical_assistance;;Número de estabelecimentos agropecuários;367.0;;6847
3117836;2017;technical_assistance;;Número de estabelecimentos agropecuários;838.0;;6847
3117876;2017;technical_assistance;;Número de estabelecimentos agropecuários;8.0;;6847
3117900;2017;technical_assistance;;Número de estabelecimentos agropecuários;872.0;;6847
3118007;2017;technical_assistance;;Número de estabelecimentos agropecuários;107.0;;6847
3118106;2017;technical_assistance;;Número de estabelecimentos agropecuários;350.0;;6847
3118205;2017;technical_assistance;;Número de estabelecimentos agropecuários;233.0;;6847
3118304;2017;technical_assistance;;Número de estabelecimentos agropecuários;375.0;;6847
3118403;2017;technical_assistance;;Número de estabelecimentos agropecuários;1386.0;;6847
3118502;2017;technical_assistance;;Número de estabelecimentos agropecuários;314.0;;6847
3118601;2017;technical_assistance;;Número de estabelecimentos agropecuários;94.0;;6847
3118700;2017;technical_assistance;;Número de estabelecimentos agropecuários;909.0;;6847
3118809;2017;technical_assistance;;Número de estabelecimentos agropecuários;2688.0;;6847
3118908;2017;technical_assistance;;Número de estabelecimentos agropecuários;510.0;;6847
3119005;2017;technical_assistance;;Número de estabelecimentos agropecuários;147.0;;6847
3119104;2017;technical_assistance;;Número de estabelecimentos agropecuários;582.0;;6847
3119203;2017;technical_assistance;;Número de estabelecimentos agropecuários;670.0;;6847
3119302;2017;technical_assistance;;Número de estabelecimentos agropecuários;2008.0;;6847
3119401;2017;technical_assistance;;Número de estabelecimentos agropecuários;183.0;;6847
3119500;2017;technical_assistance;;Número de estabelecimentos agropecuários;832.0;;6847
3119609;2017;technical_assistance;;Número de estabelecimentos agropecuários;133.0;;6847
3119708;2017;technical_assistance;;Número de estabelecimentos agropecuários;182.0;;6847
3119807;2017;technical_assistance;;Número de estabelecimentos agropecuários;658.0;;6847
3119906;2017;technical_assistance;;Número de estabelecimentos agropecuários;297.0;;6847
3119955;2017;technical_assistance;;Número de estabelecimentos agropecuários;154.0;;6847
3120003;2017;technical_assistance;;Número de estabelecimentos agropecuários;304.0;;6847
3120102;2017;technical_assistance;;Número de estabelecimentos agropecuários;155.0;;6847
3120151;2017;technical_assistance;;Número de estabelecimentos agropecuários;584.0;;6847
3120201;2017;technical_assistance;;Número de estabelecimentos agropecuários;911.0;;6847
3120300;2017;technical_assistance;;Número de estabelecimentos agropecuários;739.0;;6847
3120409;2017;technical_assistance;;Número de estabelecimentos agropecuários;141.0;;6847
3120508;2017;technical_assistance;;Número de estabelecimentos agropecuários;672.0;;6847
3120607;2017;technical_assistance;;Número de estabelecimentos agropecuários;562.0;;6847
3120706;2017;technical_assistance;;Número de estabelecimentos agropecuários;221.0;;6847
3120805;2017;technical_assistance;;Número de estabelecimentos agropecuários;549.0;;6847
3120839;2017;technical_assistance;;Número de estabelecimentos agropecuários;277.0;;6847
3120870;2017;technical_assistance;;Número de estabelecimentos agropecuários;440.0;;6847
3120904;2017;technical_assistance;;Número de estabelecimentos agropecuários;1093.0;;6847
3121001;2017;technical_assistance;;Número de estabelecimentos agropecuários;217.0;;6847
3121100;2017;technical_assistance;;Número de estabelecimentos agropecuários;509.0;;6847
3121209;2017;technical_assistance;;Número de estabelecimentos agropecuários;536.0;;6847
3121258;2017;technical_assistance;;Número de estabelecimentos agropecuários;70.0;;6847
3121308;2017;technical_assistance;;Número de estabelecimentos agropecuários;306.0;;6847
3121407;2017;technical_assistance;;Número de estabelecimentos agropecuários;1123.0;;6847
3121506;2017;technical_assistance;;Número de estabelecimentos agropecuários;391.0;;6847
3121605;2017;technical_assistance;;Número de estabelecimentos agropecuários;892.0;;6847
3121704;2017;technical_assistance;;Número de estabelecimentos agropecuários;627.0;;6847
3121803;2017;technical_assistance;;Número de estabelecimentos agropecuários;468.0;;6847
3121902;2017;technical_assistance;;Número de estabelecimentos agropecuários;237.0;;6847
3122009;2017;technical_assistance;;Número de estabelecimentos agropecuários;2284.0;;6847
3122108;2017;technical_assistance;;Número de estabelecimentos agropecuários;276.0;;6847
3122207;2017;technical_assistance;;Número de estabelecimentos agropecuários;229.0;;6847
3122306;2017;technical_assistance;;Número de estabelecimentos agropecuários;1627.0;;6847
3122355;2017;technical_assistance;;Número de estabelecimentos agropecuários;96.0;;6847
3122405;2017;technical_assistance;;Número de estabelecimentos agropecuários;420.0;;6847
3122454;2017;technical_assistance;;Número de estabelecimentos agropecuários;539.0;;6847
3122470;2017;technical_assistance;;Número de estabelecimentos agropecuários;374.0;;6847
3122504;2017;technical_assistance;;Número de estabelecimentos agropecuários;155.0;;6847
3122603;2017;technical_assistance;;Número de estabelecimentos agropecuários;241.0;;6847
3122702;2017;technical_assistance;;Número de estabelecimentos agropecuários;327.0;;6847
3122801;2017;technical_assistance;;Número de estabelecimentos agropecuários;239.0;;6847
3122900;2017;technical_assistance;;Número de estabelecimentos agropecuários;231.0;;6847
3123007;2017;technical_assistance;;Número de estabelecimentos agropecuários;156.0;;6847
3123106;2017;technical_assistance;;Número de estabelecimentos agropecuários;384.0;;6847
3123205;2017;technical_assistance;;Número de estabelecimentos agropecuários;643.0;;6847
3123304;2017;technical_assistance;;Número de estabelecimentos agropecuários;383.0;;6847
3123403;2017;technical_assistance;;Número de estabelecimentos agropecuários;151.0;;6847
3123502;2017;technical_assistance;;Número de estabelecimentos agropecuários;231.0;;6847
3123528;2017;technical_assistance;;Número de estabelecimentos agropecuários;653.0;;6847
3123601;2017;technical_assistance;;Número de estabelecimentos agropecuários;1059.0;;6847
3123700;2017;technical_assistance;;Número de estabelecimentos agropecuários;253.0;;6847
3123809;2017;technical_assistance;;Número de estabelecimentos agropecuários;472.0;;6847
3123858;2017;technical_assistance;;Número de estabelecimentos agropecuários;332.0;;6847
3123908;2017;technical_assistance;;Número de estabelecimentos agropecuários;897.0;;6847
3124005;2017;technical_assistance;;Número de estabelecimentos agropecuários;1936.0;;6847
3124104;2017;technical_assistance;;Número de estabelecimentos agropecuários;961.0;;6847
3124203;2017;technical_assistance;;Número de estabelecimentos agropecuários;1552.0;;6847
3124302;2017;technical_assistance;;Número de estabelecimentos agropecuários;2988.0;;6847
3124401;2017;technical_assistance;;Número de estabelecimentos agropecuários;695.0;;6847
3124500;2017;technical_assistance;;Número de estabelecimentos agropecuários;1572.0;;6847
3124609;2017;technical_assistance;;Número de estabelecimentos agropecuários;123.0;;6847
3124708;2017;technical_assistance;;Número de estabelecimentos agropecuários;442.0;;6847
3124807;2017;technical_assistance;;Número de estabelecimentos agropecuários;577.0;;6847
3124906;2017;technical_assistance;;Número de estabelecimentos agropecuários;938.0;;6847
3125002;2017;technical_assistance;;Número de estabelecimentos agropecuários;52.0;;6847
3125101;2017;technical_assistance;;Número de estabelecimentos agropecuários;526.0;;6847
3125200;2017;technical_assistance;;Número de estabelecimentos agropecuários;176.0;;6847
3125309;2017;technical_assistance;;Número de estabelecimentos agropecuários;235.0;;6847
3125408;2017;technical_assistance;;Número de estabelecimentos agropecuários;827.0;;6847
3125507;2017;technical_assistance;;Número de estabelecimentos agropecuários;243.0;;6847
3125606;2017;technical_assistance;;Número de estabelecimentos agropecuários;381.0;;6847
3125705;2017;technical_assistance;;Número de estabelecimentos agropecuários;602.0;;6847
3125804;2017;technical_assistance;;Número de estabelecimentos agropecuários;158.0;;6847
3125903;2017;technical_assistance;;Número de estabelecimentos agropecuários;1047.0;;6847
3125952;2017;technical_assistance;;Número de estabelecimentos agropecuários;1258.0;;6847
3126000;2017;technical_assistance;;Número de estabelecimentos agropecuários;247.0;;6847
3126109;2017;technical_assistance;;Número de estabelecimentos agropecuários;1616.0;;6847
3126208;2017;technical_assistance;;Número de estabelecimentos agropecuários;723.0;;6847
3126307;2017;technical_assistance;;Número de estabelecimentos agropecuários;388.0;;6847
3126406;2017;technical_assistance;;Número de estabelecimentos agropecuários;193.0;;6847
3126505;2017;technical_assistance;;Número de estabelecimentos agropecuários;1384.0;;6847
3126604;2017;technical_assistance;;Número de estabelecimentos agropecuários;349.0;;6847
3126703;2017;technical_assistance;;Número de estabelecimentos agropecuários;2354.0;;6847
3126752;2017;technical_assistance;;Número de estabelecimentos agropecuários;643.0;;6847
3126802;2017;technical_assistance;;Número de estabelecimentos agropecuários;443.0;;6847
3126901;2017;technical_assistance;;Número de estabelecimentos agropecuários;283.0;;6847
3126950;2017;technical_assistance;;Número de estabelecimentos agropecuários;401.0;;6847
3127008;2017;technical_assistance;;Número de estabelecimentos agropecuários;314.0;;6847
3127057;2017;technical_assistance;;Número de estabelecimentos agropecuários;345.0;;6847
3127073;2017;technical_assistance;;Número de estabelecimentos agropecuários;722.0;;6847
3127107;2017;technical_assistance;;Número de estabelecimentos agropecuários;1918.0;;6847
3127206;2017;technical_assistance;;Número de estabelecimentos agropecuários;129.0;;6847
3127305;2017;technical_assistance;;Número de estabelecimentos agropecuários;486.0;;6847
3127339;2017;technical_assistance;;Número de estabelecimentos agropecuários;944.0;;6847
3127354;2017;technical_assistance;;Número de estabelecimentos agropecuários;416.0;;6847
3127370;2017;technical_assistance;;Número de estabelecimentos agropecuários;183.0;;6847
3127388;2017;technical_assistance;;Número de estabelecimentos agropecuários;192.0;;6847
3127404;2017;technical_assistance;;Número de estabelecimentos agropecuários;529.0;;6847
3127503;2017;technical_assistance;;Número de estabelecimentos agropecuários;415.0;;6847
3127602;2017;technical_assistance;;Número de estabelecimentos agropecuários;466.0;;6847
3127701;2017;technical_assistance;;Número de estabelecimentos agropecuários;1710.0;;6847
3127800;2017;technical_assistance;;Número de estabelecimentos agropecuários;1948.0;;6847
3127909;2017;technical_assistance;;Número de estabelecimentos agropecuários;82.0;;6847
3128006;2017;technical_assistance;;Número de estabelecimentos agropecuários;976.0;;6847
3128105;2017;technical_assistance;;Número de estabelecimentos agropecuários;1594.0;;6847
3128204;2017;technical_assistance;;Número de estabelecimentos agropecuários;1209.0;;6847
3128253;2017;technical_assistance;;Número de estabelecimentos agropecuários;593.0;;6847
3128303;2017;technical_assistance;;Número de estabelecimentos agropecuários;563.0;;6847
3128402;2017;technical_assistance;;Número de estabelecimentos agropecuários;485.0;;6847
3128501;2017;technical_assistance;;Número de estabelecimentos agropecuários;119.0;;6847
3128600;2017;technical_assistance;;Número de estabelecimentos agropecuários;784.0;;6847
3128709;2017;technical_assistance;;Número de estabelecimentos agropecuários;422.0;;6847
3128808;2017;technical_assistance;;Número de estabelecimentos agropecuários;392.0;;6847
3128907;2017;technical_assistance;;Número de estabelecimentos agropecuários;540.0;;6847
3129004;2017;technical_assistance;;Número de estabelecimentos agropecuários;1248.0;;6847
3129103;2017;technical_assistance;;Número de estabelecimentos agropecuários;1048.0;;6847
3129202;2017;technical_assistance;;Número de estabelecimentos agropecuários;561.0;;6847
3129301;2017;technical_assistance;;Número de estabelecimentos agropecuários;891.0;;6847
3129400;2017;technical_assistance;;Número de estabelecimentos agropecuários;239.0;;6847
3129509;2017;technical_assistance;;Número de estabelecimentos agropecuários;819.0;;6847
3129608;2017;technical_assistance;;Número de estabelecimentos agropecuários;348.0;;6847
3129657;2017;technical_assistance;;Número de estabelecimentos agropecuários;485.0;;6847
3129707;2017;technical_assistance;;Número de estabelecimentos agropecuários;948.0;;6847
3129806;2017;technical_assistance;;Número de estabelecimentos agropecuários;75.0;;6847
3129905;2017;technical_assistance;;Número de estabelecimentos agropecuários;383.0;;6847
3130002;2017;technical_assistance;;Número de estabelecimentos agropecuários;172.0;;6847
3130051;2017;technical_assistance;;Número de estabelecimentos agropecuários;1161.0;;6847
3130101;2017;technical_assistance;;Número de estabelecimentos agropecuários;174.0;;6847
3130200;2017;technical_assistance;;Número de estabelecimentos agropecuários;448.0;;6847
3130309;2017;technical_assistance;;Número de estabelecimentos agropecuários;460.0;;6847
3130408;2017;technical_assistance;;Número de estabelecimentos agropecuários;122.0;;6847
3130507;2017;technical_assistance;;Número de estabelecimentos agropecuários;1042.0;;6847
3130556;2017;technical_assistance;;Número de estabelecimentos agropecuários;1064.0;;6847
3130606;2017;technical_assistance;;Número de estabelecimentos agropecuários;870.0;;6847
3130655;2017;technical_assistance;;Número de estabelecimentos agropecuários;1265.0;;6847
3130705;2017;technical_assistance;;Número de estabelecimentos agropecuários;433.0;;6847
3130804;2017;technical_assistance;;Número de estabelecimentos agropecuários;236.0;;6847
3130903;2017;technical_assistance;;Número de estabelecimentos agropecuários;2509.0;;6847
3131000;2017;technical_assistance;;Número de estabelecimentos agropecuários;183.0;;6847
3131109;2017;technical_assistance;;Número de estabelecimentos agropecuários;254.0;;6847
3131158;2017;technical_assistance;;Número de estabelecimentos agropecuários;140.0;;6847
3131208;2017;technical_assistance;;Número de estabelecimentos agropecuários;939.0;;6847
3131307;2017;technical_assistance;;Número de estabelecimentos agropecuários;114.0;;6847
3131406;2017;technical_assistance;;Número de estabelecimentos agropecuários;152.0;;6847
3131505;2017;technical_assistance;;Número de estabelecimentos agropecuários;461.0;;6847
3131604;2017;technical_assistance;;Número de estabelecimentos agropecuários;507.0;;6847
3131703;2017;technical_assistance;;Número de estabelecimentos agropecuários;1665.0;;6847
3131802;2017;technical_assistance;;Número de estabelecimentos agropecuários;609.0;;6847
3131901;2017;technical_assistance;;Número de estabelecimentos agropecuários;242.0;;6847
3132008;2017;technical_assistance;;Número de estabelecimentos agropecuários;663.0;;6847
3132107;2017;technical_assistance;;Número de estabelecimentos agropecuários;558.0;;6847
3132206;2017;technical_assistance;;Número de estabelecimentos agropecuários;911.0;;6847
3132305;2017;technical_assistance;;Número de estabelecimentos agropecuários;1180.0;;6847
3132404;2017;technical_assistance;;Número de estabelecimentos agropecuários;784.0;;6847
3132503;2017;technical_assistance;;Número de estabelecimentos agropecuários;2426.0;;6847
3132602;2017;technical_assistance;;Número de estabelecimentos agropecuários;445.0;;6847
3132701;2017;technical_assistance;;Número de estabelecimentos agropecuários;1491.0;;6847
3132800;2017;technical_assistance;;Número de estabelecimentos agropecuários;443.0;;6847
3132909;2017;technical_assistance;;Número de estabelecimentos agropecuários;793.0;;6847
3133006;2017;technical_assistance;;Número de estabelecimentos agropecuários;559.0;;6847
3133105;2017;technical_assistance;;Número de estabelecimentos agropecuários;265.0;;6847
3133204;2017;technical_assistance;;Número de estabelecimentos agropecuários;594.0;;6847
3133303;2017;technical_assistance;;Número de estabelecimentos agropecuários;897.0;;6847
3133402;2017;technical_assistance;;Número de estabelecimentos agropecuários;1374.0;;6847
3133501;2017;technical_assistance;;Número de estabelecimentos agropecuários;1202.0;;6847
3133600;2017;technical_assistance;;Número de estabelecimentos agropecuários;498.0;;6847
3133709;2017;technical_assistance;;Número de estabelecimentos agropecuários;236.0;;6847
3133758;2017;technical_assistance;;Número de estabelecimentos agropecuários;147.0;;6847
3133808;2017;technical_assistance;;Número de estabelecimentos agropecuários;618.0;;6847
3133907;2017;technical_assistance;;Número de estabelecimentos agropecuários;339.0;;6847
3134004;2017;technical_assistance;;Número de estabelecimentos agropecuários;1230.0;;6847
3134103;2017;technical_assistance;;Número de estabelecimentos agropecuários;757.0;;6847
3134202;2017;technical_assistance;;Número de estabelecimentos agropecuários;1465.0;;6847
3134301;2017;technical_assistance;;Número de estabelecimentos agropecuários;348.0;;6847
3134400;2017;technical_assistance;;Número de estabelecimentos agropecuários;558.0;;6847
3134509;2017;technical_assistance;;Número de estabelecimentos agropecuários;288.0;;6847
3134608;2017;technical_assistance;;Número de estabelecimentos agropecuários;736.0;;6847
3134707;2017;technical_assistance;;Número de estabelecimentos agropecuários;757.0;;6847
3134806;2017;technical_assistance;;Número de estabelecimentos agropecuários;1075.0;;6847
3134905;2017;technical_assistance;;Número de estabelecimentos agropecuários;953.0;;6847
3135001;2017;technical_assistance;;Número de estabelecimentos agropecuários;114.0;;6847
3135050;2017;technical_assistance;;Número de estabelecimentos agropecuários;2620.0;;6847
3135076;2017;technical_assistance;;Número de estabelecimentos agropecuários;472.0;;6847
3135100;2017;technical_assistance;;Número de estabelecimentos agropecuários;1585.0;;6847
3135209;2017;technical_assistance;;Número de estabelecimentos agropecuários;3418.0;;6847
3135308;2017;technical_assistance;;Número de estabelecimentos agropecuários;181.0;;6847
3135357;2017;technical_assistance;;Número de estabelecimentos agropecuários;1033.0;;6847
3135407;2017;technical_assistance;;Número de estabelecimentos agropecuários;429.0;;6847
3135456;2017;technical_assistance;;Número de estabelecimentos agropecuários;697.0;;6847
3135506;2017;technical_assistance;;Número de estabelecimentos agropecuários;1253.0;;6847
3135605;2017;technical_assistance;;Número de estabelecimentos agropecuários;415.0;;6847
3135704;2017;technical_assistance;;Número de estabelecimentos agropecuários;419.0;;6847
3135803;2017;technical_assistance;;Número de estabelecimentos agropecuários;1734.0;;6847
3135902;2017;technical_assistance;;Número de estabelecimentos agropecuários;380.0;;6847
3136009;2017;technical_assistance;;Número de estabelecimentos agropecuários;915.0;;6847
3136108;2017;technical_assistance;;Número de estabelecimentos agropecuários;610.0;;6847
3136207;2017;technical_assistance;;Número de estabelecimentos agropecuários;90.0;;6847
3136306;2017;technical_assistance;;Número de estabelecimentos agropecuários;2634.0;;6847
3136405;2017;technical_assistance;;Número de estabelecimentos agropecuários;279.0;;6847
3136504;2017;technical_assistance;;Número de estabelecimentos agropecuários;611.0;;6847
3136520;2017;technical_assistance;;Número de estabelecimentos agropecuários;601.0;;6847
3136553;2017;technical_assistance;;Número de estabelecimentos agropecuários;319.0;;6847
3136579;2017;technical_assistance;;Número de estabelecimentos agropecuários;670.0;;6847
3136603;2017;technical_assistance;;Número de estabelecimentos agropecuários;490.0;;6847
3136652;2017;technical_assistance;;Número de estabelecimentos agropecuários;42.0;;6847
3136702;2017;technical_assistance;;Número de estabelecimentos agropecuários;1049.0;;6847
3136801;2017;technical_assistance;;Número de estabelecimentos agropecuários;319.0;;6847
3136900;2017;technical_assistance;;Número de estabelecimentos agropecuários;1177.0;;6847
3136959;2017;technical_assistance;;Número de estabelecimentos agropecuários;445.0;;6847
3137007;2017;technical_assistance;;Número de estabelecimentos agropecuários;2181.0;;6847
3137106;2017;technical_assistance;;Número de estabelecimentos agropecuários;917.0;;6847
3137205;2017;technical_assistance;;Número de estabelecimentos agropecuários;360.0;;6847
3137304;2017;technical_assistance;;Número de estabelecimentos agropecuários;481.0;;6847
3137403;2017;technical_assistance;;Número de estabelecimentos agropecuários;714.0;;6847
3137502;2017;technical_assistance;;Número de estabelecimentos agropecuários;1464.0;;6847
3137536;2017;technical_assistance;;Número de estabelecimentos agropecuários;697.0;;6847
3137601;2017;technical_assistance;;Número de estabelecimentos agropecuários;116.0;;6847
3137700;2017;technical_assistance;;Número de estabelecimentos agropecuários;1867.0;;6847
3137809;2017;technical_assistance;;Número de estabelecimentos agropecuários;1300.0;;6847
3137908;2017;technical_assistance;;Número de estabelecimentos agropecuários;351.0;;6847
3138005;2017;technical_assistance;;Número de estabelecimentos agropecuários;704.0;;6847
3138104;2017;technical_assistance;;Número de estabelecimentos agropecuários;647.0;;6847
3138203;2017;technical_assistance;;Número de estabelecimentos agropecuários;808.0;;6847
3138302;2017;technical_assistance;;Número de estabelecimentos agropecuários;265.0;;6847
3138351;2017;technical_assistance;;Número de estabelecimentos agropecuários;327.0;;6847
3138401;2017;technical_assistance;;Número de estabelecimentos agropecuários;1320.0;;6847
3138500;2017;technical_assistance;;Número de estabelecimentos agropecuários;472.0;;6847
3138609;2017;technical_assistance;;Número de estabelecimentos agropecuários;683.0;;6847
3138625;2017;technical_assistance;;Número de estabelecimentos agropecuários;714.0;;6847
3138658;2017;technical_assistance;;Número de estabelecimentos agropecuários;567.0;;6847
3138674;2017;technical_assistance;;Número de estabelecimentos agropecuários;1113.0;;6847
3138682;2017;technical_assistance;;Número de estabelecimentos agropecuários;443.0;;6847
3138708;2017;technical_assistance;;Número de estabelecimentos agropecuários;276.0;;6847
3138807;2017;technical_assistance;;Número de estabelecimentos agropecuários;833.0;;6847
3138906;2017;technical_assistance;;Número de estabelecimentos agropecuários;347.0;;6847
3139003;2017;technical_assistance;;Número de estabelecimentos agropecuários;1623.0;;6847
3139102;2017;technical_assistance;;Número de estabelecimentos agropecuários;226.0;;6847
3139201;2017;technical_assistance;;Número de estabelecimentos agropecuários;1270.0;;6847
3139250;2017;technical_assistance;;Número de estabelecimentos agropecuários;1133.0;;6847
3139300;2017;technical_assistance;;Número de estabelecimentos agropecuários;1006.0;;6847
3139409;2017;technical_assistance;;Número de estabelecimentos agropecuários;2822.0;;6847
3139508;2017;technical_assistance;;Número de estabelecimentos agropecuários;702.0;;6847
3139607;2017;technical_assistance;;Número de estabelecimentos agropecuários;1165.0;;6847
3139706;2017;technical_assistance;;Número de estabelecimentos agropecuários;278.0;;6847
3139805;2017;technical_assistance;;Número de estabelecimentos agropecuários;428.0;;6847
3139904;2017;technical_assistance;;Número de estabelecimentos agropecuários;627.0;;6847
3140001;2017;technical_assistance;;Número de estabelecimentos agropecuários;564.0;;6847
3140100;2017;technical_assistance;;Número de estabelecimentos agropecuários;142.0;;6847
3140159;2017;technical_assistance;;Número de estabelecimentos agropecuários;140.0;;6847
3140209;2017;technical_assistance;;Número de estabelecimentos agropecuários;188.0;;6847
3140308;2017;technical_assistance;;Número de estabelecimentos agropecuários;199.0;;6847
3140407;2017;technical_assistance;;Número de estabelecimentos agropecuários;279.0;;6847
3140506;2017;technical_assistance;;Número de estabelecimentos agropecuários;529.0;;6847
3140530;2017;technical_assistance;;Número de estabelecimentos agropecuários;639.0;;6847
3140555;2017;technical_assistance;;Número de estabelecimentos agropecuários;377.0;;6847
3140605;2017;technical_assistance;;Número de estabelecimentos agropecuários;385.0;;6847
3140704;2017;technical_assistance;;Número de estabelecimentos agropecuários;452.0;;6847
3140803;2017;technical_assistance;;Número de estabelecimentos agropecuários;70.0;;6847
3140852;2017;technical_assistance;;Número de estabelecimentos agropecuários;696.0;;6847
3140902;2017;technical_assistance;;Número de estabelecimentos agropecuários;1043.0;;6847
3141009;2017;technical_assistance;;Número de estabelecimentos agropecuários;1113.0;;6847
3141108;2017;technical_assistance;;Número de estabelecimentos agropecuários;84.0;;6847
3141207;2017;technical_assistance;;Número de estabelecimentos agropecuários;404.0;;6847
3141306;2017;technical_assistance;;Número de estabelecimentos agropecuários;599.0;;6847
3141405;2017;technical_assistance;;Número de estabelecimentos agropecuários;1658.0;;6847
3141504;2017;technical_assistance;;Número de estabelecimentos agropecuários;562.0;;6847
3141603;2017;technical_assistance;;Número de estabelecimentos agropecuários;710.0;;6847
3141702;2017;technical_assistance;;Número de estabelecimentos agropecuários;637.0;;6847
3141801;2017;technical_assistance;;Número de estabelecimentos agropecuários;3210.0;;6847
3141900;2017;technical_assistance;;Número de estabelecimentos agropecuários;95.0;;6847
3142007;2017;technical_assistance;;Número de estabelecimentos agropecuários;933.0;;6847
3142106;2017;technical_assistance;;Número de estabelecimentos agropecuários;1016.0;;6847
3142205;2017;technical_assistance;;Número de estabelecimentos agropecuários;747.0;;6847
3142254;2017;technical_assistance;;Número de estabelecimentos agropecuários;545.0;;6847
3142304;2017;technical_assistance;;Número de estabelecimentos agropecuários;130.0;;6847
3142403;2017;technical_assistance;;Número de estabelecimentos agropecuários;310.0;;6847
3142502;2017;technical_assistance;;Número de estabelecimentos agropecuários;144.0;;6847
3142601;2017;technical_assistance;;Número de estabelecimentos agropecuários;367.0;;6847
3142700;2017;technical_assistance;;Número de estabelecimentos agropecuários;1211.0;;6847
3142809;2017;technical_assistance;;Número de estabelecimentos agropecuários;1773.0;;6847
3142908;2017;technical_assistance;;Número de estabelecimentos agropecuários;2386.0;;6847
3143005;2017;technical_assistance;;Número de estabelecimentos agropecuários;1444.0;;6847
3143104;2017;technical_assistance;;Número de estabelecimentos agropecuários;1218.0;;6847
3143153;2017;technical_assistance;;Número de estabelecimentos agropecuários;451.0;;6847
3143203;2017;technical_assistance;;Número de estabelecimentos agropecuários;987.0;;6847
3143302;2017;technical_assistance;;Número de estabelecimentos agropecuários;3562.0;;6847
3143401;2017;technical_assistance;;Número de estabelecimentos agropecuários;929.0;;6847
3143450;2017;technical_assistance;;Número de estabelecimentos agropecuários;1144.0;;6847
3143500;2017;technical_assistance;;Número de estabelecimentos agropecuários;496.0;;6847
3143609;2017;technical_assistance;;Número de estabelecimentos agropecuários;160.0;;6847
3143708;2017;technical_assistance;;Número de estabelecimentos agropecuários;231.0;;6847
3143807;2017;technical_assistance;;Número de estabelecimentos agropecuários;550.0;;6847
3143906;2017;technical_assistance;;Número de estabelecimentos agropecuários;1894.0;;6847
3144003;2017;technical_assistance;;Número de estabelecimentos agropecuários;3049.0;;6847
3144102;2017;technical_assistance;;Número de estabelecimentos agropecuários;1185.0;;6847
3144201;2017;technical_assistance;;Número de estabelecimentos agropecuários;195.0;;6847
3144300;2017;technical_assistance;;Número de estabelecimentos agropecuários;595.0;;6847
3144359;2017;technical_assistance;;Número de estabelecimentos agropecuários;99.0;;6847
3144375;2017;technical_assistance;;Número de estabelecimentos agropecuários;202.0;;6847
3144409;2017;technical_assistance;;Número de estabelecimentos agropecuários;721.0;;6847
3144508;2017;technical_assistance;;Número de estabelecimentos agropecuários;523.0;;6847
3144607;2017;technical_assistance;;Número de estabelecimentos agropecuários;1532.0;;6847
3144656;2017;technical_assistance;;Número de estabelecimentos agropecuários;1004.0;;6847
3144672;2017;technical_assistance;;Número de estabelecimentos agropecuários;655.0;;6847
3144706;2017;technical_assistance;;Número de estabelecimentos agropecuários;201.0;;6847
3144805;2017;technical_assistance;;Número de estabelecimentos agropecuários;56.0;;6847
3144904;2017;technical_assistance;;Número de estabelecimentos agropecuários;293.0;;6847
3145000;2017;technical_assistance;;Número de estabelecimentos agropecuários;364.0;;6847
3145059;2017;technical_assistance;;Número de estabelecimentos agropecuários;500.0;;6847
3145109;2017;technical_assistance;;Número de estabelecimentos agropecuários;2718.0;;6847
3145208;2017;technical_assistance;;Número de estabelecimentos agropecuários;294.0;;6847
3145307;2017;technical_assistance;;Número de estabelecimentos agropecuários;2979.0;;6847
3145356;2017;technical_assistance;;Número de estabelecimentos agropecuários;550.0;;6847
3145372;2017;technical_assistance;;Número de estabelecimentos agropecuários;377.0;;6847
3145406;2017;technical_assistance;;Número de estabelecimentos agropecuários;231.0;;6847
3145455;2017;technical_assistance;;Número de estabelecimentos agropecuários;890.0;;6847
3145505;2017;technical_assistance;;Número de estabelecimentos agropecuários;93.0;;6847
3145604;2017;technical_assistance;;Número de estabelecimentos agropecuários;1202.0;;6847
3145703;2017;technical_assistance;;Número de estabelecimentos agropecuários;178.0;;6847
3145802;2017;technical_assistance;;Número de estabelecimentos agropecuários;283.0;;6847
3145851;2017;technical_assistance;;Número de estabelecimentos agropecuários;199.0;;6847
3145877;2017;technical_assistance;;Número de estabelecimentos agropecuários;952.0;;6847
3145901;2017;technical_assistance;;Número de estabelecimentos agropecuários;269.0;;6847
3146008;2017;technical_assistance;;Número de estabelecimentos agropecuários;1924.0;;6847
3146107;2017;technical_assistance;;Número de estabelecimentos agropecuários;728.0;;6847
3146206;2017;technical_assistance;;Número de estabelecimentos agropecuários;546.0;;6847
3146255;2017;technical_assistance;;Número de estabelecimentos agropecuários;385.0;;6847
3146305;2017;technical_assistance;;Número de estabelecimentos agropecuários;777.0;;6847
3146404;2017;technical_assistance;;Número de estabelecimentos agropecuários;476.0;;6847
3146503;2017;technical_assistance;;Número de estabelecimentos agropecuários;320.0;;6847
3146552;2017;technical_assistance;;Número de estabelecimentos agropecuários;1198.0;;6847
3146602;2017;technical_assistance;;Número de estabelecimentos agropecuários;138.0;;6847
3146701;2017;technical_assistance;;Número de estabelecimentos agropecuários;635.0;;6847
3146750;2017;technical_assistance;;Número de estabelecimentos agropecuários;647.0;;6847
3146909;2017;technical_assistance;;Número de estabelecimentos agropecuários;308.0;;6847
3147006;2017;technical_assistance;;Número de estabelecimentos agropecuários;2218.0;;6847
3147105;2017;technical_assistance;;Número de estabelecimentos agropecuários;795.0;;6847
3147204;2017;technical_assistance;;Número de estabelecimentos agropecuários;1345.0;;6847
3147303;2017;technical_assistance;;Número de estabelecimentos agropecuários;1102.0;;6847
3147402;2017;technical_assistance;;Número de estabelecimentos agropecuários;396.0;;6847
3147501;2017;technical_assistance;;Número de estabelecimentos agropecuários;155.0;;6847
3147600;2017;technical_assistance;;Número de estabelecimentos agropecuários;350.0;;6847
3147709;2017;technical_assistance;;Número de estabelecimentos agropecuários;574.0;;6847
3147808;2017;technical_assistance;;Número de estabelecimentos agropecuários;216.0;;6847
3147907;2017;technical_assistance;;Número de estabelecimentos agropecuários;1528.0;;6847
3147956;2017;technical_assistance;;Número de estabelecimentos agropecuários;389.0;;6847
3148004;2017;technical_assistance;;Número de estabelecimentos agropecuários;3779.0;;6847
3148103;2017;technical_assistance;;Número de estabelecimentos agropecuários;2810.0;;6847
3148202;2017;technical_assistance;;Número de estabelecimentos agropecuários;699.0;;6847
3148301;2017;technical_assistance;;Número de estabelecimentos agropecuários;884.0;;6847
3148400;2017;technical_assistance;;Número de estabelecimentos agropecuários;268.0;;6847
3148509;2017;technical_assistance;;Número de estabelecimentos agropecuários;538.0;;6847
3148608;2017;technical_assistance;;Número de estabelecimentos agropecuários;1261.0;;6847
3148707;2017;technical_assistance;;Número de estabelecimentos agropecuários;671.0;;6847
3148756;2017;technical_assistance;;Número de estabelecimentos agropecuários;1353.0;;6847
3148806;2017;technical_assistance;;Número de estabelecimentos agropecuários;448.0;;6847
3148905;2017;technical_assistance;;Número de estabelecimentos agropecuários;578.0;;6847
3149002;2017;technical_assistance;;Número de estabelecimentos agropecuários;259.0;;6847
3149101;2017;technical_assistance;;Número de estabelecimentos agropecuários;870.0;;6847
3149150;2017;technical_assistance;;Número de estabelecimentos agropecuários;1024.0;;6847
3149200;2017;technical_assistance;;Número de estabelecimentos agropecuários;176.0;;6847
3149309;2017;technical_assistance;;Número de estabelecimentos agropecuários;184.0;;6847
3149408;2017;technical_assistance;;Número de estabelecimentos agropecuários;165.0;;6847
3149507;2017;technical_assistance;;Número de estabelecimentos agropecuários;107.0;;6847
3149606;2017;technical_assistance;;Número de estabelecimentos agropecuários;244.0;;6847
3149705;2017;technical_assistance;;Número de estabelecimentos agropecuários;407.0;;6847
3149804;2017;technical_assistance;;Número de estabelecimentos agropecuários;1319.0;;6847
3149903;2017;technical_assistance;;Número de estabelecimentos agropecuários;703.0;;6847
3149952;2017;technical_assistance;;Número de estabelecimentos agropecuários;160.0;;6847
3150000;2017;technical_assistance;;Número de estabelecimentos agropecuários;167.0;;6847
3150109;2017;technical_assistance;;Número de estabelecimentos agropecuários;280.0;;6847
3150158;2017;technical_assistance;;Número de estabelecimentos agropecuários;533.0;;6847
3150208;2017;technical_assistance;;Número de estabelecimentos agropecuários;111.0;;6847
3150307;2017;technical_assistance;;Número de estabelecimentos agropecuários;204.0;;6847
3150406;2017;technical_assistance;;Número de estabelecimentos agropecuários;700.0;;6847
3150505;2017;technical_assistance;;Número de estabelecimentos agropecuários;629.0;;6847
3150539;2017;technical_assistance;;Número de estabelecimentos agropecuários;108.0;;6847
3150570;2017;technical_assistance;;Número de estabelecimentos agropecuários;1145.0;;6847
3150604;2017;technical_assistance;;Número de estabelecimentos agropecuários;482.0;;6847
3150703;2017;technical_assistance;;Número de estabelecimentos agropecuários;79.0;;6847
3150802;2017;technical_assistance;;Número de estabelecimentos agropecuários;2324.0;;6847
3150901;2017;technical_assistance;;Número de estabelecimentos agropecuários;551.0;;6847
3151008;2017;technical_assistance;;Número de estabelecimentos agropecuários;426.0;;6847
3151107;2017;technical_assistance;;Número de estabelecimentos agropecuários;211.0;;6847
3151206;2017;technical_assistance;;Número de estabelecimentos agropecuários;269.0;;6847
3151305;2017;technical_assistance;;Número de estabelecimentos agropecuários;423.0;;6847
3151404;2017;technical_assistance;;Número de estabelecimentos agropecuários;494.0;;6847
3151503;2017;technical_assistance;;Número de estabelecimentos agropecuários;928.0;;6847
3151602;2017;technical_assistance;;Número de estabelecimentos agropecuários;112.0;;6847
3151701;2017;technical_assistance;;Número de estabelecimentos agropecuários;1972.0;;6847
3151800;2017;technical_assistance;;Número de estabelecimentos agropecuários;296.0;;6847
3151909;2017;technical_assistance;;Número de estabelecimentos agropecuários;990.0;;6847
3152006;2017;technical_assistance;;Número de estabelecimentos agropecuários;815.0;;6847
3152105;2017;technical_assistance;;Número de estabelecimentos agropecuários;1006.0;;6847
3152131;2017;technical_assistance;;Número de estabelecimentos agropecuários;248.0;;6847
3152170;2017;technical_assistance;;Número de estabelecimentos agropecuários;1053.0;;6847
3152204;2017;technical_assistance;;Número de estabelecimentos agropecuários;3241.0;;6847
3152303;2017;technical_assistance;;Número de estabelecimentos agropecuários;1123.0;;6847
3152402;2017;technical_assistance;;Número de estabelecimentos agropecuários;1056.0;;6847
3152501;2017;technical_assistance;;Número de estabelecimentos agropecuários;1954.0;;6847
3152600;2017;technical_assistance;;Número de estabelecimentos agropecuários;548.0;;6847
3152709;2017;technical_assistance;;Número de estabelecimentos agropecuários;344.0;;6847
3152808;2017;technical_assistance;;Número de estabelecimentos agropecuários;1793.0;;6847
3152907;2017;technical_assistance;;Número de estabelecimentos agropecuários;451.0;;6847
3153004;2017;technical_assistance;;Número de estabelecimentos agropecuários;471.0;;6847
3153103;2017;technical_assistance;;Número de estabelecimentos agropecuários;875.0;;6847
3153202;2017;technical_assistance;;Número de estabelecimentos agropecuários;167.0;;6847
3153301;2017;technical_assistance;;Número de estabelecimentos agropecuários;107.0;;6847
3153400;2017;technical_assistance;;Número de estabelecimentos agropecuários;2406.0;;6847
3153509;2017;technical_assistance;;Número de estabelecimentos agropecuários;679.0;;6847
3153608;2017;technical_assistance;;Número de estabelecimentos agropecuários;58.0;;6847
3153707;2017;technical_assistance;;Número de estabelecimentos agropecuários;368.0;;6847
3153806;2017;technical_assistance;;Número de estabelecimentos agropecuários;193.0;;6847
3153905;2017;technical_assistance;;Número de estabelecimentos agropecuários;18.0;;6847
3154002;2017;technical_assistance;;Número de estabelecimentos agropecuários;2332.0;;6847
3154101;2017;technical_assistance;;Número de estabelecimentos agropecuários;253.0;;6847
3154150;2017;technical_assistance;;Número de estabelecimentos agropecuários;393.0;;6847
3154200;2017;technical_assistance;;Número de estabelecimentos agropecuários;935.0;;6847
3154309;2017;technical_assistance;;Número de estabelecimentos agropecuários;945.0;;6847
3154408;2017;technical_assistance;;Número de estabelecimentos agropecuários;362.0;;6847
3154457;2017;technical_assistance;;Número de estabelecimentos agropecuários;994.0;;6847
3154507;2017;technical_assistance;;Número de estabelecimentos agropecuários;1230.0;;6847
3154606;2017;technical_assistance;;Número de estabelecimentos agropecuários;142.0;;6847
3154705;2017;technical_assistance;;Número de estabelecimentos agropecuários;94.0;;6847
3154804;2017;technical_assistance;;Número de estabelecimentos agropecuários;97.0;;6847
3154903;2017;technical_assistance;;Número de estabelecimentos agropecuários;425.0;;6847
3155009;2017;technical_assistance;;Número de estabelecimentos agropecuários;194.0;;6847
3155108;2017;technical_assistance;;Número de estabelecimentos agropecuários;275.0;;6847
3155207;2017;technical_assistance;;Número de estabelecimentos agropecuários;1128.0;;6847
3155306;2017;technical_assistance;;Número de estabelecimentos agropecuários;389.0;;6847
3155405;2017;technical_assistance;;Número de estabelecimentos agropecuários;220.0;;6847
3155504;2017;technical_assistance;;Número de estabelecimentos agropecuários;1080.0;;6847
3155603;2017;technical_assistance;;Número de estabelecimentos agropecuários;3429.0;;6847
3155702;2017;technical_assistance;;Número de estabelecimentos agropecuários;411.0;;6847
3155801;2017;technical_assistance;;Número de estabelecimentos agropecuários;531.0;;6847
3155900;2017;technical_assistance;;Número de estabelecimentos agropecuários;297.0;;6847
3156007;2017;technical_assistance;;Número de estabelecimentos agropecuários;1088.0;;6847
3156106;2017;technical_assistance;;Número de estabelecimentos agropecuários;367.0;;6847
3156205;2017;technical_assistance;;Número de estabelecimentos agropecuários;71.0;;6847
3156304;2017;technical_assistance;;Número de estabelecimentos agropecuários;123.0;;6847
3156403;2017;technical_assistance;;Número de estabelecimentos agropecuários;196.0;;6847
3156452;2017;technical_assistance;;Número de estabelecimentos agropecuários;399.0;;6847
3156502;2017;technical_assistance;;Número de estabelecimentos agropecuários;1219.0;;6847
3156601;2017;technical_assistance;;Número de estabelecimentos agropecuários;748.0;;6847
3156700;2017;technical_assistance;;Número de estabelecimentos agropecuários;229.0;;6847
3156809;2017;technical_assistance;;Número de estabelecimentos agropecuários;1300.0;;6847
3156908;2017;technical_assistance;;Número de estabelecimentos agropecuários;1312.0;;6847
3157005;2017;technical_assistance;;Número de estabelecimentos agropecuários;1970.0;;6847
3157104;2017;technical_assistance;;Número de estabelecimentos agropecuários;325.0;;6847
3157203;2017;technical_assistance;;Número de estabelecimentos agropecuários;297.0;;6847
3157252;2017;technical_assistance;;Número de estabelecimentos agropecuários;973.0;;6847
3157278;2017;technical_assistance;;Número de estabelecimentos agropecuários;291.0;;6847
3157302;2017;technical_assistance;;Número de estabelecimentos agropecuários;526.0;;6847
3157336;2017;technical_assistance;;Número de estabelecimentos agropecuários;1.0;;6847
3157377;2017;technical_assistance;;Número de estabelecimentos agropecuários;877.0;;6847
3157401;2017;technical_assistance;;Número de estabelecimentos agropecuários;402.0;;6847
3157500;2017;technical_assistance;;Número de estabelecimentos agropecuários;201.0;;6847
3157609;2017;technical_assistance;;Número de estabelecimentos agropecuários;500.0;;6847
3157658;2017;technical_assistance;;Número de estabelecimentos agropecuários;293.0;;6847
3157708;2017;technical_assistance;;Número de estabelecimentos agropecuários;367.0;;6847
3157807;2017;technical_assistance;;Número de estabelecimentos agropecuários;220.0;;6847
3157906;2017;technical_assistance;;Número de estabelecimentos agropecuários;2068.0;;6847
3158003;2017;technical_assistance;;Número de estabelecimentos agropecuários;623.0;;6847
3158102;2017;technical_assistance;;Número de estabelecimentos agropecuários;339.0;;6847
3158201;2017;technical_assistance;;Número de estabelecimentos agropecuários;694.0;;6847
3158300;2017;technical_assistance;;Número de estabelecimentos agropecuários;363.0;;6847
3158409;2017;technical_assistance;;Número de estabelecimentos agropecuários;450.0;;6847
3158508;2017;technical_assistance;;Número de estabelecimentos agropecuários;1123.0;;6847
3158607;2017;technical_assistance;;Número de estabelecimentos agropecuários;69.0;;6847
3158706;2017;technical_assistance;;Número de estabelecimentos agropecuários;155.0;;6847
3158805;2017;technical_assistance;;Número de estabelecimentos agropecuários;129.0;;6847
3158904;2017;technical_assistance;;Número de estabelecimentos agropecuários;1215.0;;6847
3158953;2017;technical_assistance;;Número de estabelecimentos agropecuários;215.0;;6847
3159001;2017;technical_assistance;;Número de estabelecimentos agropecuários;240.0;;6847
3159100;2017;technical_assistance;;Número de estabelecimentos agropecuários;459.0;;6847
3159209;2017;technical_assistance;;Número de estabelecimentos agropecuários;1116.0;;6847
3159308;2017;technical_assistance;;Número de estabelecimentos agropecuários;483.0;;6847
3159357;2017;technical_assistance;;Número de estabelecimentos agropecuários;263.0;;6847
3159407;2017;technical_assistance;;Número de estabelecimentos agropecuários;388.0;;6847
3159506;2017;technical_assistance;;Número de estabelecimentos agropecuários;731.0;;6847
3159605;2017;technical_assistance;;Número de estabelecimentos agropecuários;898.0;;6847
3159704;2017;technical_assistance;;Número de estabelecimentos agropecuários;426.0;;6847
3159803;2017;technical_assistance;;Número de estabelecimentos agropecuários;972.0;;6847
3159902;2017;technical_assistance;;Número de estabelecimentos agropecuários;529.0;;6847
3160009;2017;technical_assistance;;Número de estabelecimentos agropecuários;314.0;;6847
3160108;2017;technical_assistance;;Número de estabelecimentos agropecuários;239.0;;6847
3160207;2017;technical_assistance;;Número de estabelecimentos agropecuários;192.0;;6847
3160306;2017;technical_assistance;;Número de estabelecimentos agropecuários;1099.0;;6847
3160405;2017;technical_assistance;;Número de estabelecimentos agropecuários;1341.0;;6847
3160454;2017;technical_assistance;;Número de estabelecimentos agropecuários;874.0;;6847
3160504;2017;technical_assistance;;Número de estabelecimentos agropecuários;156.0;;6847
3160603;2017;technical_assistance;;Número de estabelecimentos agropecuários;154.0;;6847
3160702;2017;technical_assistance;;Número de estabelecimentos agropecuários;541.0;;6847
3160801;2017;technical_assistance;;Número de estabelecimentos agropecuários;72.0;;6847
3160900;2017;technical_assistance;;Número de estabelecimentos agropecuários;134.0;;6847
3160959;2017;technical_assistance;;Número de estabelecimentos agropecuários;625.0;;6847
3161007;2017;technical_assistance;;Número de estabelecimentos agropecuários;1165.0;;6847
3161056;2017;technical_assistance;;Número de estabelecimentos agropecuários;302.0;;6847
3161106;2017;technical_assistance;;Número de estabelecimentos agropecuários;4207.0;;6847
3161205;2017;technical_assistance;;Número de estabelecimentos agropecuários;460.0;;6847
3161304;2017;technical_assistance;;Número de estabelecimentos agropecuários;456.0;;6847
3161403;2017;technical_assistance;;Número de estabelecimentos agropecuários;408.0;;6847
3161502;2017;technical_assistance;;Número de estabelecimentos agropecuários;460.0;;6847
3161601;2017;technical_assistance;;Número de estabelecimentos agropecuários;300.0;;6847
3161650;2017;technical_assistance;;Número de estabelecimentos agropecuários;296.0;;6847
3161700;2017;technical_assistance;;Número de estabelecimentos agropecuários;396.0;;6847
3161809;2017;technical_assistance;;Número de estabelecimentos agropecuários;390.0;;6847
3161908;2017;technical_assistance;;Número de estabelecimentos agropecuários;445.0;;6847
3162005;2017;technical_assistance;;Número de estabelecimentos agropecuários;576.0;;6847
3162104;2017;technical_assistance;;Número de estabelecimentos agropecuários;998.0;;6847
3162203;2017;technical_assistance;;Número de estabelecimentos agropecuários;354.0;;6847
3162252;2017;technical_assistance;;Número de estabelecimentos agropecuários;779.0;;6847
3162302;2017;technical_assistance;;Número de estabelecimentos agropecuários;307.0;;6847
3162401;2017;technical_assistance;;Número de estabelecimentos agropecuários;3311.0;;6847
3162450;2017;technical_assistance;;Número de estabelecimentos agropecuários;1205.0;;6847
3162500;2017;technical_assistance;;Número de estabelecimentos agropecuários;953.0;;6847
3162559;2017;technical_assistance;;Número de estabelecimentos agropecuários;914.0;;6847
3162575;2017;technical_assistance;;Número de estabelecimentos agropecuários;236.0;;6847
3162609;2017;technical_assistance;;Número de estabelecimentos agropecuários;315.0;;6847
3162658;2017;technical_assistance;;Número de estabelecimentos agropecuários;458.0;;6847
3162708;2017;technical_assistance;;Número de estabelecimentos agropecuários;2695.0;;6847
3162807;2017;technical_assistance;;Número de estabelecimentos agropecuários;659.0;;6847
3162906;2017;technical_assistance;;Número de estabelecimentos agropecuários;612.0;;6847
3162922;2017;technical_assistance;;Número de estabelecimentos agropecuários;120.0;;6847
3162948;2017;technical_assistance;;Número de estabelecimentos agropecuários;447.0;;6847
3162955;2017;technical_assistance;;Número de estabelecimentos agropecuários;31.0;;6847
3163003;2017;technical_assistance;;Número de estabelecimentos agropecuários;81.0;;6847
3163102;2017;technical_assistance;;Número de estabelecimentos agropecuários;258.0;;6847
3163201;2017;technical_assistance;;Número de estabelecimentos agropecuários;237.0;;6847
3163300;2017;technical_assistance;;Número de estabelecimentos agropecuários;337.0;;6847
3163409;2017;technical_assistance;;Número de estabelecimentos agropecuários;437.0;;6847
3163508;2017;technical_assistance;;Número de estabelecimentos agropecuários;651.0;;6847
3163607;2017;technical_assistance;;Número de estabelecimentos agropecuários;296.0;;6847
3163706;2017;technical_assistance;;Número de estabelecimentos agropecuários;76.0;;6847
3163805;2017;technical_assistance;;Número de estabelecimentos agropecuários;846.0;;6847
3163904;2017;technical_assistance;;Número de estabelecimentos agropecuários;1049.0;;6847
3164001;2017;technical_assistance;;Número de estabelecimentos agropecuários;369.0;;6847
3164100;2017;technical_assistance;;Número de estabelecimentos agropecuários;375.0;;6847
3164209;2017;technical_assistance;;Número de estabelecimentos agropecuários;725.0;;6847
3164308;2017;technical_assistance;;Número de estabelecimentos agropecuários;1055.0;;6847
3164407;2017;technical_assistance;;Número de estabelecimentos agropecuários;275.0;;6847
3164431;2017;technical_assistance;;Número de estabelecimentos agropecuários;516.0;;6847
3164472;2017;technical_assistance;;Número de estabelecimentos agropecuários;599.0;;6847
3164506;2017;technical_assistance;;Número de estabelecimentos agropecuários;1155.0;;6847
3164605;2017;technical_assistance;;Número de estabelecimentos agropecuários;798.0;;6847
3164704;2017;technical_assistance;;Número de estabelecimentos agropecuários;1115.0;;6847
3164803;2017;technical_assistance;;Número de estabelecimentos agropecuários;261.0;;6847
3164902;2017;technical_assistance;;Número de estabelecimentos agropecuários;280.0;;6847
3165008;2017;technical_assistance;;Número de estabelecimentos agropecuários;908.0;;6847
3165107;2017;technical_assistance;;Número de estabelecimentos agropecuários;444.0;;6847
3165206;2017;technical_assistance;;Número de estabelecimentos agropecuários;432.0;;6847
3165305;2017;technical_assistance;;Número de estabelecimentos agropecuários;226.0;;6847
3165404;2017;technical_assistance;;Número de estabelecimentos agropecuários;289.0;;6847
3165503;2017;technical_assistance;;Número de estabelecimentos agropecuários;313.0;;6847
3165537;2017;technical_assistance;;Número de estabelecimentos agropecuários;72.0;;6847
3165552;2017;technical_assistance;;Número de estabelecimentos agropecuários;1279.0;;6847
3165560;2017;technical_assistance;;Número de estabelecimentos agropecuários;421.0;;6847
3165578;2017;technical_assistance;;Número de estabelecimentos agropecuários;590.0;;6847
3165602;2017;technical_assistance;;Número de estabelecimentos agropecuários;115.0;;6847
3165701;2017;technical_assistance;;Número de estabelecimentos agropecuários;226.0;;6847
3165800;2017;technical_assistance;;Número de estabelecimentos agropecuários;272.0;;6847
3165909;2017;technical_assistance;;Número de estabelecimentos agropecuários;771.0;;6847
3166006;2017;technical_assistance;;Número de estabelecimentos agropecuários;307.0;;6847
3166105;2017;technical_assistance;;Número de estabelecimentos agropecuários;286.0;;6847
3166204;2017;technical_assistance;;Número de estabelecimentos agropecuários;1100.0;;6847
3166303;2017;technical_assistance;;Número de estabelecimentos agropecuários;766.0;;6847
3166402;2017;technical_assistance;;Número de estabelecimentos agropecuários;106.0;;6847
3166501;2017;technical_assistance;;Número de estabelecimentos agropecuários;354.0;;6847
3166600;2017;technical_assistance;;Número de estabelecimentos agropecuários;156.0;;6847
3166709;2017;technical_assistance;;Número de estabelecimentos agropecuários;100.0;;6847
3166808;2017;technical_assistance;;Número de estabelecimentos agropecuários;918.0;;6847
3166907;2017;technical_assistance;;Número de estabelecimentos agropecuários;227.0;;6847
3166956;2017;technical_assistance;;Número de estabelecimentos agropecuários;713.0;;6847
3167004;2017;technical_assistance;;Número de estabelecimentos agropecuários;171.0;;6847
3167103;2017;technical_assistance;;Número de estabelecimentos agropecuários;1683.0;;6847
3167202;2017;technical_assistance;;Número de estabelecimentos agropecuários;651.0;;6847
3167301;2017;technical_assistance;;Número de estabelecimentos agropecuários;236.0;;6847
3167400;2017;technical_assistance;;Número de estabelecimentos agropecuários;1053.0;;6847
3167509;2017;technical_assistance;;Número de estabelecimentos agropecuários;64.0;;6847
3167608;2017;technical_assistance;;Número de estabelecimentos agropecuários;2431.0;;6847
3167707;2017;technical_assistance;;Número de estabelecimentos agropecuários;417.0;;6847
3167806;2017;technical_assistance;;Número de estabelecimentos agropecuários;497.0;;6847
3167905;2017;technical_assistance;;Número de estabelecimentos agropecuários;272.0;;6847
3168002;2017;technical_assistance;;Número de estabelecimentos agropecuários;1160.0;;6847
3168051;2017;technical_assistance;;Número de estabelecimentos agropecuários;333.0;;6847
3168101;2017;technical_assistance;;Número de estabelecimentos agropecuários;447.0;;6847
3168200;2017;technical_assistance;;Número de estabelecimentos agropecuários;328.0;;6847
3168309;2017;technical_assistance;;Número de estabelecimentos agropecuários;203.0;;6847
3168408;2017;technical_assistance;;Número de estabelecimentos agropecuários;955.0;;6847
3168507;2017;technical_assistance;;Número de estabelecimentos agropecuários;722.0;;6847
3168606;2017;technical_assistance;;Número de estabelecimentos agropecuários;2717.0;;6847
3168705;2017;technical_assistance;;Número de estabelecimentos agropecuários;70.0;;6847
3168804;2017;technical_assistance;;Número de estabelecimentos agropecuários;103.0;;6847
3168903;2017;technical_assistance;;Número de estabelecimentos agropecuários;1110.0;;6847
3169000;2017;technical_assistance;;Número de estabelecimentos agropecuários;569.0;;6847
3169059;2017;technical_assistance;;Número de estabelecimentos agropecuários;617.0;;6847
3169109;2017;technical_assistance;;Número de estabelecimentos agropecuários;523.0;;6847
3169208;2017;technical_assistance;;Número de estabelecimentos agropecuários;586.0;;6847
3169307;2017;technical_assistance;;Número de estabelecimentos agropecuários;859.0;;6847
3169356;2017;technical_assistance;;Número de estabelecimentos agropecuários;348.0;;6847
3169406;2017;technical_assistance;;Número de estabelecimentos agropecuários;1091.0;;6847
3169505;2017;technical_assistance;;Número de estabelecimentos agropecuários;461.0;;6847
3169604;2017;technical_assistance;;Número de estabelecimentos agropecuários;642.0;;6847
3169703;2017;technical_assistance;;Número de estabelecimentos agropecuários;1247.0;;6847
3169802;2017;technical_assistance;;Número de estabelecimentos agropecuários;559.0;;6847
3169901;2017;technical_assistance;;Número de estabelecimentos agropecuários;541.0;;6847
3170008;2017;technical_assistance;;Número de estabelecimentos agropecuários;1024.0;;6847
3170057;2017;technical_assistance;;Número de estabelecimentos agropecuários;1018.0;;6847
3170107;2017;technical_assistance;;Número de estabelecimentos agropecuários;2073.0;;6847
3170206;2017;technical_assistance;;Número de estabelecimentos agropecuários;2706.0;;6847
3170305;2017;technical_assistance;;Número de estabelecimentos agropecuários;167.0;;6847
3170404;2017;technical_assistance;;Número de estabelecimentos agropecuários;3849.0;;6847
3170438;2017;technical_assistance;;Número de estabelecimentos agropecuários;511.0;;6847
3170479;2017;technical_assistance;;Número de estabelecimentos agropecuários;479.0;;6847
3170503;2017;technical_assistance;;Número de estabelecimentos agropecuários;233.0;;6847
3170529;2017;technical_assistance;;Número de estabelecimentos agropecuários;1334.0;;6847
3170578;2017;technical_assistance;;Número de estabelecimentos agropecuários;269.0;;6847
3170602;2017;technical_assistance;;Número de estabelecimentos agropecuários;181.0;;6847
3170651;2017;technical_assistance;;Número de estabelecimentos agropecuários;517.0;;6847
3170701;2017;technical_assistance;;Número de estabelecimentos agropecuários;462.0;;6847
3170750;2017;technical_assistance;;Número de estabelecimentos agropecuários;323.0;;6847
3170800;2017;technical_assistance;;Número de estabelecimentos agropecuários;766.0;;6847
3170909;2017;technical_assistance;;Número de estabelecimentos agropecuários;1139.0;;6847
3171006;2017;technical_assistance;;Número de estabelecimentos agropecuários;990.0;;6847
3171030;2017;technical_assistance;;Número de estabelecimentos agropecuários;745.0;;6847
3171071;2017;technical_assistance;;Número de estabelecimentos agropecuários;684.0;;6847
3171105;2017;technical_assistance;;Número de estabelecimentos agropecuários;523.0;;6847
3171154;2017;technical_assistance;;Número de estabelecimentos agropecuários;732.0;;6847
3171204;2017;technical_assistance;;Número de estabelecimentos agropecuários;37.0;;6847
3171303;2017;technical_assistance;;Número de estabelecimentos agropecuários;909.0;;6847
3171402;2017;technical_assistance;;Número de estabelecimentos agropecuários;595.0;;6847
3171501;2017;technical_assistance;;Número de estabelecimentos agropecuários;84.0;;6847
3171600;2017;technical_assistance;;Número de estabelecimentos agropecuários;1108.0;;6847
3171709;2017;technical_assistance;;Número de estabelecimentos agropecuários;1146.0;;6847
3171808;2017;technical_assistance;;Número de estabelecimentos agropecuários;529.0;;6847
3171907;2017;technical_assistance;;Número de estabelecimentos agropecuários;365.0;;6847
3172004;2017;technical_assistance;;Número de estabelecimentos agropecuários;800.0;;6847
3172103;2017;technical_assistance;;Número de estabelecimentos agropecuários;131.0;;6847
3172202;2017;technical_assistance;;Número de estabelecimentos agropecuários;173.0;;6847
5000203;2017;technical_assistance;;Número de estabelecimentos agropecuários;376.0;;6847
5000252;2017;technical_assistance;;Número de estabelecimentos agropecuários;604.0;;6847
5000609;2017;technical_assistance;;Número de estabelecimentos agropecuários;1429.0;;6847
5000708;2017;technical_assistance;;Número de estabelecimentos agropecuários;1058.0;;6847
5000807;2017;technical_assistance;;Número de estabelecimentos agropecuários;777.0;;6847
5000856;2017;technical_assistance;;Número de estabelecimentos agropecuários;487.0;;6847
5000906;2017;technical_assistance;;Número de estabelecimentos agropecuários;298.0;;6847
5001003;2017;technical_assistance;;Número de estabelecimentos agropecuários;734.0;;6847
5001102;2017;technical_assistance;;Número de estabelecimentos agropecuários;1223.0;;6847
5001243;2017;technical_assistance;;Número de estabelecimentos agropecuários;618.0;;6847
5001508;2017;technical_assistance;;Número de estabelecimentos agropecuários;704.0;;6847
5001904;2017;technical_assistance;;Número de estabelecimentos agropecuários;904.0;;6847
5002001;2017;technical_assistance;;Número de estabelecimentos agropecuários;492.0;;6847
5002100;2017;technical_assistance;;Número de estabelecimentos agropecuários;1316.0;;6847
5002159;2017;technical_assistance;;Número de estabelecimentos agropecuários;670.0;;6847
5002209;2017;technical_assistance;;Número de estabelecimentos agropecuários;895.0;;6847
5002308;2017;technical_assistance;;Número de estabelecimentos agropecuários;831.0;;6847
5002407;2017;technical_assistance;;Número de estabelecimentos agropecuários;910.0;;6847
5002605;2017;technical_assistance;;Número de estabelecimentos agropecuários;974.0;;6847
5002704;2017;technical_assistance;;Número de estabelecimentos agropecuários;1849.0;;6847
5002803;2017;technical_assistance;;Número de estabelecimentos agropecuários;472.0;;6847
5002902;2017;technical_assistance;;Número de estabelecimentos agropecuários;698.0;;6847
5002951;2017;technical_assistance;;Número de estabelecimentos agropecuários;265.0;;6847
5003108;2017;technical_assistance;;Número de estabelecimentos agropecuários;638.0;;6847
5003157;2017;technical_assistance;;Número de estabelecimentos agropecuários;478.0;;6847
5003207;2017;technical_assistance;;Número de estabelecimentos agropecuários;1766.0;;6847
5003256;2017;technical_assistance;;Número de estabelecimentos agropecuários;590.0;;6847
5003306;2017;technical_assistance;;Número de estabelecimentos agropecuários;1036.0;;6847
5003454;2017;technical_assistance;;Número de estabelecimentos agropecuários;681.0;;6847
5003488;2017;technical_assistance;;Número de estabelecimentos agropecuários;752.0;;6847
5003504;2017;technical_assistance;;Número de estabelecimentos agropecuários;223.0;;6847
5003702;2017;technical_assistance;;Número de estabelecimentos agropecuários;1718.0;;6847
5003751;2017;technical_assistance;;Número de estabelecimentos agropecuários;427.0;;6847
5003801;2017;technical_assistance;;Número de estabelecimentos agropecuários;620.0;;6847
5003900;2017;technical_assistance;;Número de estabelecimentos agropecuários;495.0;;6847
5004007;2017;technical_assistance;;Número de estabelecimentos agropecuários;744.0;;6847
5004106;2017;technical_assistance;;Número de estabelecimentos agropecuários;672.0;;6847
5004304;2017;technical_assistance;;Número de estabelecimentos agropecuários;927.0;;6847
5004403;2017;technical_assistance;;Número de estabelecimentos agropecuários;817.0;;6847
5004502;2017;technical_assistance;;Número de estabelecimentos agropecuários;822.0;;6847
5004601;2017;technical_assistance;;Número de estabelecimentos agropecuários;2820.0;;6847
5004700;2017;technical_assistance;;Número de estabelecimentos agropecuários;1315.0;;6847
5004809;2017;technical_assistance;;Número de estabelecimentos agropecuários;922.0;;6847
5004908;2017;technical_assistance;;Número de estabelecimentos agropecuários;1527.0;;6847
5005004;2017;technical_assistance;;Número de estabelecimentos agropecuários;657.0;;6847
5005103;2017;technical_assistance;;Número de estabelecimentos agropecuários;381.0;;6847
5005152;2017;technical_assistance;;Número de estabelecimentos agropecuários;339.0;;6847
5005202;2017;technical_assistance;;Número de estabelecimentos agropecuários;161.0;;6847
5005251;2017;technical_assistance;;Número de estabelecimentos agropecuários;424.0;;6847
5005400;2017;technical_assistance;;Número de estabelecimentos agropecuários;701.0;;6847
5005608;2017;technical_assistance;;Número de estabelecimentos agropecuários;864.0;;6847
5005681;2017;technical_assistance;;Número de estabelecimentos agropecuários;424.0;;6847
5005707;2017;technical_assistance;;Número de estabelecimentos agropecuários;442.0;;6847
5005806;2017;technical_assistance;;Número de estabelecimentos agropecuários;2003.0;;6847
5006002;2017;technical_assistance;;Número de estabelecimentos agropecuários;956.0;;6847
5006200;2017;technical_assistance;;Número de estabelecimentos agropecuários;1930.0;;6847
5006259;2017;technical_assistance;;Número de estabelecimentos agropecuários;611.0;;6847
5006275;2017;technical_assistance;;Número de estabelecimentos agropecuários;492.0;;6847
5006309;2017;technical_assistance;;Número de estabelecimentos agropecuários;1711.0;;6847
5006358;2017;technical_assistance;;Número de estabelecimentos agropecuários;294.0;;6847
5006408;2017;technical_assistance;;Número de estabelecimentos agropecuários;563.0;;6847
5006606;2017;technical_assistance;;Número de estabelecimentos agropecuários;2844.0;;6847
5006903;2017;technical_assistance;;Número de estabelecimentos agropecuários;484.0;;6847
5007109;2017;technical_assistance;;Número de estabelecimentos agropecuários;1203.0;;6847
5007208;2017;technical_assistance;;Número de estabelecimentos agropecuários;1102.0;;6847
5007307;2017;technical_assistance;;Número de estabelecimentos agropecuários;444.0;;6847
5007406;2017;technical_assistance;;Número de estabelecimentos agropecuários;825.0;;6847
5007505;2017;technical_assistance;;Número de estabelecimentos agropecuários;694.0;;6847
5007554;2017;technical_assistance;;Número de estabelecimentos agropecuários;985.0;;6847
5007695;2017;technical_assistance;;Número de estabelecimentos agropecuários;726.0;;6847
5007703;2017;technical_assistance;;Número de estabelecimentos agropecuários;262.0;;6847
5007802;2017;technical_assistance;;Número de estabelecimentos agropecuários;606.0;;6847
5007901;2017;technical_assistance;;Número de estabelecimentos agropecuários;4087.0;;6847
5007935;2017;technical_assistance;;Número de estabelecimentos agropecuários;243.0;;6847
5007950;2017;technical_assistance;;Número de estabelecimentos agropecuários;686.0;;6847
5007976;2017;technical_assistance;;Número de estabelecimentos agropecuários;330.0;;6847
5008008;2017;technical_assistance;;Número de estabelecimentos agropecuários;2606.0;;6847
5008305;2017;technical_assistance;;Número de estabelecimentos agropecuários;1101.0;;6847
5008404;2017;technical_assistance;;Número de estabelecimentos agropecuários;409.0;;6847
5100102;2017;technical_assistance;;Número de estabelecimentos agropecuários;565.0;;6847
5100201;2017;technical_assistance;;Número de estabelecimentos agropecuários;1009.0;;6847
5100250;2017;technical_assistance;;Número de estabelecimentos agropecuários;1675.0;;6847
5100300;2017;technical_assistance;;Número de estabelecimentos agropecuários;691.0;;6847
5100359;2017;technical_assistance;;Número de estabelecimentos agropecuários;207.0;;6847
5100409;2017;technical_assistance;;Número de estabelecimentos agropecuários;298.0;;6847
5100508;2017;technical_assistance;;Número de estabelecimentos agropecuários;617.0;;6847
5100607;2017;technical_assistance;;Número de estabelecimentos agropecuários;159.0;;6847
5100805;2017;technical_assistance;;Número de estabelecimentos agropecuários;696.0;;6847
5101001;2017;technical_assistance;;Número de estabelecimentos agropecuários;251.0;;6847
5101209;2017;technical_assistance;;Número de estabelecimentos agropecuários;64.0;;6847
5101258;2017;technical_assistance;;Número de estabelecimentos agropecuários;697.0;;6847
5101308;2017;technical_assistance;;Número de estabelecimentos agropecuários;284.0;;6847
5101407;2017;technical_assistance;;Número de estabelecimentos agropecuários;2084.0;;6847
5101605;2017;technical_assistance;;Número de estabelecimentos agropecuários;822.0;;6847
5101704;2017;technical_assistance;;Número de estabelecimentos agropecuários;532.0;;6847
5101803;2017;technical_assistance;;Número de estabelecimentos agropecuários;823.0;;6847
5101852;2017;technical_assistance;;Número de estabelecimentos agropecuários;943.0;;6847
5101902;2017;technical_assistance;;Número de estabelecimentos agropecuários;943.0;;6847
5102504;2017;technical_assistance;;Número de estabelecimentos agropecuários;3536.0;;6847
5102603;2017;technical_assistance;;Número de estabelecimentos agropecuários;831.0;;6847
5102637;2017;technical_assistance;;Número de estabelecimentos agropecuários;269.0;;6847
5102678;2017;technical_assistance;;Número de estabelecimentos agropecuários;1166.0;;6847
5102686;2017;technical_assistance;;Número de estabelecimentos agropecuários;111.0;;6847
5102694;2017;technical_assistance;;Número de estabelecimentos agropecuários;744.0;;6847
5102702;2017;technical_assistance;;Número de estabelecimentos agropecuários;444.0;;6847
5102793;2017;technical_assistance;;Número de estabelecimentos agropecuários;1329.0;;6847
5102850;2017;technical_assistance;;Número de estabelecimentos agropecuários;1440.0;;6847
5103007;2017;technical_assistance;;Número de estabelecimentos agropecuários;1094.0;;6847
5103056;2017;technical_assistance;;Número de estabelecimentos agropecuários;706.0;;6847
5103106;2017;technical_assistance;;Número de estabelecimentos agropecuários;505.0;;6847
5103205;2017;technical_assistance;;Número de estabelecimentos agropecuários;1783.0;;6847
5103254;2017;technical_assistance;;Número de estabelecimentos agropecuários;3475.0;;6847
5103304;2017;technical_assistance;;Número de estabelecimentos agropecuários;1207.0;;6847
5103353;2017;technical_assistance;;Número de estabelecimentos agropecuários;2300.0;;6847
5103361;2017;technical_assistance;;Número de estabelecimentos agropecuários;204.0;;6847
5103379;2017;technical_assistance;;Número de estabelecimentos agropecuários;2047.0;;6847
5103403;2017;technical_assistance;;Número de estabelecimentos agropecuários;1505.0;;6847
5103437;2017;technical_assistance;;Número de estabelecimentos agropecuários;466.0;;6847
5103452;2017;technical_assistance;;Número de estabelecimentos agropecuários;541.0;;6847
5103502;2017;technical_assistance;;Número de estabelecimentos agropecuários;795.0;;6847
5103601;2017;technical_assistance;;Número de estabelecimentos agropecuários;567.0;;6847
5103700;2017;technical_assistance;;Número de estabelecimentos agropecuários;304.0;;6847
5103809;2017;technical_assistance;;Número de estabelecimentos agropecuários;717.0;;6847
5103858;2017;technical_assistance;;Número de estabelecimentos agropecuários;522.0;;6847
5103908;2017;technical_assistance;;Número de estabelecimentos agropecuários;359.0;;6847
5103957;2017;technical_assistance;;Número de estabelecimentos agropecuários;343.0;;6847
5104104;2017;technical_assistance;;Número de estabelecimentos agropecuários;1453.0;;6847
5104203;2017;technical_assistance;;Número de estabelecimentos agropecuários;636.0;;6847
5104500;2017;technical_assistance;;Número de estabelecimentos agropecuários;210.0;;6847
5104526;2017;technical_assistance;;Número de estabelecimentos agropecuários;167.0;;6847
5104542;2017;technical_assistance;;Número de estabelecimentos agropecuários;1246.0;;6847
5104559;2017;technical_assistance;;Número de estabelecimentos agropecuários;238.0;;6847
5104609;2017;technical_assistance;;Número de estabelecimentos agropecuários;512.0;;6847
5104807;2017;technical_assistance;;Número de estabelecimentos agropecuários;634.0;;6847
5104906;2017;technical_assistance;;Número de estabelecimentos agropecuários;546.0;;6847
5105002;2017;technical_assistance;;Número de estabelecimentos agropecuários;967.0;;6847
5105101;2017;technical_assistance;;Número de estabelecimentos agropecuários;1689.0;;6847
5105150;2017;technical_assistance;;Número de estabelecimentos agropecuários;2759.0;;6847
5105176;2017;technical_assistance;;Número de estabelecimentos agropecuários;1059.0;;6847
5105200;2017;technical_assistance;;Número de estabelecimentos agropecuários;920.0;;6847
5105234;2017;technical_assistance;;Número de estabelecimentos agropecuários;424.0;;6847
5105259;2017;technical_assistance;;Número de estabelecimentos agropecuários;321.0;;6847
5105309;2017;technical_assistance;;Número de estabelecimentos agropecuários;218.0;;6847
5105507;2017;technical_assistance;;Número de estabelecimentos agropecuários;1521.0;;6847
5105580;2017;technical_assistance;;Número de estabelecimentos agropecuários;910.0;;6847
5105606;2017;technical_assistance;;Número de estabelecimentos agropecuários;967.0;;6847
5105622;2017;technical_assistance;;Número de estabelecimentos agropecuários;1424.0;;6847
5105903;2017;technical_assistance;;Número de estabelecimentos agropecuários;656.0;;6847
5106000;2017;technical_assistance;;Número de estabelecimentos agropecuários;446.0;;6847
5106109;2017;technical_assistance;;Número de estabelecimentos agropecuários;1842.0;;6847
5106158;2017;technical_assistance;;Número de estabelecimentos agropecuários;1626.0;;6847
5106174;2017;technical_assistance;;Número de estabelecimentos agropecuários;275.0;;6847
5106182;2017;technical_assistance;;Número de estabelecimentos agropecuários;659.0;;6847
5106190;2017;technical_assistance;;Número de estabelecimentos agropecuários;361.0;;6847
5106208;2017;technical_assistance;;Número de estabelecimentos agropecuários;409.0;;6847
5106216;2017;technical_assistance;;Número de estabelecimentos agropecuários;1587.0;;6847
5106224;2017;technical_assistance;;Número de estabelecimentos agropecuários;661.0;;6847
5106232;2017;technical_assistance;;Número de estabelecimentos agropecuários;451.0;;6847
5106240;2017;technical_assistance;;Número de estabelecimentos agropecuários;725.0;;6847
5106257;2017;technical_assistance;;Número de estabelecimentos agropecuários;1362.0;;6847
5106265;2017;technical_assistance;;Número de estabelecimentos agropecuários;1203.0;;6847
5106273;2017;technical_assistance;;Número de estabelecimentos agropecuários;548.0;;6847
5106281;2017;technical_assistance;;Número de estabelecimentos agropecuários;823.0;;6847
5106299;2017;technical_assistance;;Número de estabelecimentos agropecuários;1736.0;;6847
5106307;2017;technical_assistance;;Número de estabelecimentos agropecuários;1157.0;;6847
5106315;2017;technical_assistance;;Número de estabelecimentos agropecuários;229.0;;6847
5106372;2017;technical_assistance;;Número de estabelecimentos agropecuários;1079.0;;6847
5106422;2017;technical_assistance;;Número de estabelecimentos agropecuários;1873.0;;6847
5106455;2017;technical_assistance;;Número de estabelecimentos agropecuários;253.0;;6847
5106505;2017;technical_assistance;;Número de estabelecimentos agropecuários;2551.0;;6847
5106653;2017;technical_assistance;;Número de estabelecimentos agropecuários;391.0;;6847
5106703;2017;technical_assistance;;Número de estabelecimentos agropecuários;143.0;;6847
5106752;2017;technical_assistance;;Número de estabelecimentos agropecuários;1302.0;;6847
5106778;2017;technical_assistance;;Número de estabelecimentos agropecuários;793.0;;6847
5106802;2017;technical_assistance;;Número de estabelecimentos agropecuários;300.0;;6847
5106828;2017;technical_assistance;;Número de estabelecimentos agropecuários;1169.0;;6847
5106851;2017;technical_assistance;;Número de estabelecimentos agropecuários;316.0;;6847
5107008;2017;technical_assistance;;Número de estabelecimentos agropecuários;1629.0;;6847
5107040;2017;technical_assistance;;Número de estabelecimentos agropecuários;361.0;;6847
5107065;2017;technical_assistance;;Número de estabelecimentos agropecuários;678.0;;6847
5107107;2017;technical_assistance;;Número de estabelecimentos agropecuários;1568.0;;6847
5107156;2017;technical_assistance;;Número de estabelecimentos agropecuários;267.0;;6847
5107180;2017;technical_assistance;;Número de estabelecimentos agropecuários;861.0;;6847
5107198;2017;technical_assistance;;Número de estabelecimentos agropecuários;176.0;;6847
5107206;2017;technical_assistance;;Número de estabelecimentos agropecuários;277.0;;6847
5107248;2017;technical_assistance;;Número de estabelecimentos agropecuários;172.0;;6847
5107263;2017;technical_assistance;;Número de estabelecimentos agropecuários;385.0;;6847
5107297;2017;technical_assistance;;Número de estabelecimentos agropecuários;482.0;;6847
5107305;2017;technical_assistance;;Número de estabelecimentos agropecuários;708.0;;6847
5107354;2017;technical_assistance;;Número de estabelecimentos agropecuários;342.0;;6847
5107404;2017;technical_assistance;;Número de estabelecimentos agropecuários;203.0;;6847
5107578;2017;technical_assistance;;Número de estabelecimentos agropecuários;462.0;;6847
5107602;2017;technical_assistance;;Número de estabelecimentos agropecuários;2341.0;;6847
5107701;2017;technical_assistance;;Número de estabelecimentos agropecuários;1631.0;;6847
5107743;2017;technical_assistance;;Número de estabelecimentos agropecuários;262.0;;6847
5107750;2017;technical_assistance;;Número de estabelecimentos agropecuários;598.0;;6847
5107768;2017;technical_assistance;;Número de estabelecimentos agropecuários;99.0;;6847
5107776;2017;technical_assistance;;Número de estabelecimentos agropecuários;818.0;;6847
5107792;2017;technical_assistance;;Número de estabelecimentos agropecuários;121.0;;6847
5107800;2017;technical_assistance;;Número de estabelecimentos agropecuários;2382.0;;6847
5107859;2017;technical_assistance;;Número de estabelecimentos agropecuários;1070.0;;6847
5107875;2017;technical_assistance;;Número de estabelecimentos agropecuários;134.0;;6847
5107883;2017;technical_assistance;;Número de estabelecimentos agropecuários;462.0;;6847
5107909;2017;technical_assistance;;Número de estabelecimentos agropecuários;936.0;;6847
5107925;2017;technical_assistance;;Número de estabelecimentos agropecuários;830.0;;6847
5107941;2017;technical_assistance;;Número de estabelecimentos agropecuários;756.0;;6847
5107958;2017;technical_assistance;;Número de estabelecimentos agropecuários;1565.0;;6847
5108006;2017;technical_assistance;;Número de estabelecimentos agropecuários;264.0;;6847
5108055;2017;technical_assistance;;Número de estabelecimentos agropecuários;1428.0;;6847
5108105;2017;technical_assistance;;Número de estabelecimentos agropecuários;258.0;;6847
5108204;2017;technical_assistance;;Número de estabelecimentos agropecuários;465.0;;6847
5108303;2017;technical_assistance;;Número de estabelecimentos agropecuários;308.0;;6847
5108352;2017;technical_assistance;;Número de estabelecimentos agropecuários;495.0;;6847
5108402;2017;technical_assistance;;Número de estabelecimentos agropecuários;693.0;;6847
5108501;2017;technical_assistance;;Número de estabelecimentos agropecuários;428.0;;6847
5108600;2017;technical_assistance;;Número de estabelecimentos agropecuários;1514.0;;6847
5108808;2017;technical_assistance;;Número de estabelecimentos agropecuários;587.0;;6847
5108857;2017;technical_assistance;;Número de estabelecimentos agropecuários;225.0;;6847
5108907;2017;technical_assistance;;Número de estabelecimentos agropecuários;288.0;;6847
5108956;2017;technical_assistance;;Número de estabelecimentos agropecuários;733.0;;6847
1500107;2017;technical_assistance;;Número de estabelecimentos agropecuários;9410.0;;6847
1500131;2017;technical_assistance;;Número de estabelecimentos agropecuários;186.0;;6847
1500206;2017;technical_assistance;;Número de estabelecimentos agropecuários;6373.0;;6847
1500305;2017;technical_assistance;;Número de estabelecimentos agropecuários;4296.0;;6847
1500347;2017;technical_assistance;;Número de estabelecimentos agropecuários;1614.0;;6847
1500404;2017;technical_assistance;;Número de estabelecimentos agropecuários;4940.0;;6847
1500503;2017;technical_assistance;;Número de estabelecimentos agropecuários;1093.0;;6847
1500602;2017;technical_assistance;;Número de estabelecimentos agropecuários;3896.0;;6847
1500701;2017;technical_assistance;;Número de estabelecimentos agropecuários;1666.0;;6847
1500800;2017;technical_assistance;;Número de estabelecimentos agropecuários;287.0;;6847
1500859;2017;technical_assistance;;Número de estabelecimentos agropecuários;2403.0;;6847
1500909;2017;technical_assistance;;Número de estabelecimentos agropecuários;3531.0;;6847
1500958;2017;technical_assistance;;Número de estabelecimentos agropecuários;2364.0;;6847
1501006;2017;technical_assistance;;Número de estabelecimentos agropecuários;1151.0;;6847
1501105;2017;technical_assistance;;Número de estabelecimentos agropecuários;1468.0;;6847
1501204;2017;technical_assistance;;Número de estabelecimentos agropecuários;2820.0;;6847
1501253;2017;technical_assistance;;Número de estabelecimentos agropecuários;491.0;;6847
1501303;2017;technical_assistance;;Número de estabelecimentos agropecuários;3120.0;;6847
1501402;2017;technical_assistance;;Número de estabelecimentos agropecuários;601.0;;6847
1501451;2017;technical_assistance;;Número de estabelecimentos agropecuários;506.0;;6847
1501501;2017;technical_assistance;;Número de estabelecimentos agropecuários;211.0;;6847
1501576;2017;technical_assistance;;Número de estabelecimentos agropecuários;1294.0;;6847
1501600;2017;technical_assistance;;Número de estabelecimentos agropecuários;1086.0;;6847
1501709;2017;technical_assistance;;Número de estabelecimentos agropecuários;4538.0;;6847
1501725;2017;technical_assistance;;Número de estabelecimentos agropecuários;1855.0;;6847
1501758;2017;technical_assistance;;Número de estabelecimentos agropecuários;608.0;;6847
1501782;2017;technical_assistance;;Número de estabelecimentos agropecuários;2490.0;;6847
1501808;2017;technical_assistance;;Número de estabelecimentos agropecuários;5082.0;;6847
1501907;2017;technical_assistance;;Número de estabelecimentos agropecuários;2955.0;;6847
1501956;2017;technical_assistance;;Número de estabelecimentos agropecuários;2028.0;;6847
1502004;2017;technical_assistance;;Número de estabelecimentos agropecuários;816.0;;6847
1502103;2017;technical_assistance;;Número de estabelecimentos agropecuários;12889.0;;6847
1502152;2017;technical_assistance;;Número de estabelecimentos agropecuários;1148.0;;6847
1502202;2017;technical_assistance;;Número de estabelecimentos agropecuários;920.0;;6847
1502301;2017;technical_assistance;;Número de estabelecimentos agropecuários;2418.0;;6847
1502400;2017;technical_assistance;;Número de estabelecimentos agropecuários;1117.0;;6847
1502509;2017;technical_assistance;;Número de estabelecimentos agropecuários;1722.0;;6847
1502608;2017;technical_assistance;;Número de estabelecimentos agropecuários;465.0;;6847
1502707;2017;technical_assistance;;Número de estabelecimentos agropecuários;3388.0;;6847
1502756;2017;technical_assistance;;Número de estabelecimentos agropecuários;1183.0;;6847
1502764;2017;technical_assistance;;Número de estabelecimentos agropecuários;787.0;;6847
1502772;2017;technical_assistance;;Número de estabelecimentos agropecuários;312.0;;6847
1502806;2017;technical_assistance;;Número de estabelecimentos agropecuários;2941.0;;6847
1502855;2017;technical_assistance;;Número de estabelecimentos agropecuários;495.0;;6847
1502905;2017;technical_assistance;;Número de estabelecimentos agropecuários;567.0;;6847
1502939;2017;technical_assistance;;Número de estabelecimentos agropecuários;567.0;;6847
1502954;2017;technical_assistance;;Número de estabelecimentos agropecuários;2600.0;;6847
1503002;2017;technical_assistance;;Número de estabelecimentos agropecuários;103.0;;6847
1503044;2017;technical_assistance;;Número de estabelecimentos agropecuários;1276.0;;6847
1503077;2017;technical_assistance;;Número de estabelecimentos agropecuários;2211.0;;6847
1503093;2017;technical_assistance;;Número de estabelecimentos agropecuários;1357.0;;6847
1503101;2017;technical_assistance;;Número de estabelecimentos agropecuários;1346.0;;6847
1503200;2017;technical_assistance;;Número de estabelecimentos agropecuários;2126.0;;6847
1503309;2017;technical_assistance;;Número de estabelecimentos agropecuários;3863.0;;6847
1503408;2017;technical_assistance;;Número de estabelecimentos agropecuários;534.0;;6847
1503457;2017;technical_assistance;;Número de estabelecimentos agropecuários;2151.0;;6847
1503507;2017;technical_assistance;;Número de estabelecimentos agropecuários;2356.0;;6847
1503606;2017;technical_assistance;;Número de estabelecimentos agropecuários;1597.0;;6847
1503705;2017;technical_assistance;;Número de estabelecimentos agropecuários;3318.0;;6847
1503754;2017;technical_assistance;;Número de estabelecimentos agropecuários;434.0;;6847
1503804;2017;technical_assistance;;Número de estabelecimentos agropecuários;731.0;;6847
1503903;2017;technical_assistance;;Número de estabelecimentos agropecuários;1486.0;;6847
1504000;2017;technical_assistance;;Número de estabelecimentos agropecuários;3813.0;;6847
1504059;2017;technical_assistance;;Número de estabelecimentos agropecuários;802.0;;6847
1504109;2017;technical_assistance;;Número de estabelecimentos agropecuários;441.0;;6847
1504208;2017;technical_assistance;;Número de estabelecimentos agropecuários;5305.0;;6847
1504307;2017;technical_assistance;;Número de estabelecimentos agropecuários;1756.0;;6847
1504406;2017;technical_assistance;;Número de estabelecimentos agropecuários;911.0;;6847
1504422;2017;technical_assistance;;Número de estabelecimentos agropecuários;51.0;;6847
1504455;2017;technical_assistance;;Número de estabelecimentos agropecuários;3457.0;;6847
1504505;2017;technical_assistance;;Número de estabelecimentos agropecuários;1759.0;;6847
1504604;2017;technical_assistance;;Número de estabelecimentos agropecuários;1480.0;;6847
1504703;2017;technical_assistance;;Número de estabelecimentos agropecuários;5831.0;;6847
1504752;2017;technical_assistance;;Número de estabelecimentos agropecuários;1575.0;;6847
1504802;2017;technical_assistance;;Número de estabelecimentos agropecuários;4225.0;;6847
1504901;2017;technical_assistance;;Número de estabelecimentos agropecuários;2484.0;;6847
1504950;2017;technical_assistance;;Número de estabelecimentos agropecuários;1378.0;;6847
1504976;2017;technical_assistance;;Número de estabelecimentos agropecuários;1428.0;;6847
1505007;2017;technical_assistance;;Número de estabelecimentos agropecuários;906.0;;6847
1505031;2017;technical_assistance;;Número de estabelecimentos agropecuários;1318.0;;6847
1505064;2017;technical_assistance;;Número de estabelecimentos agropecuários;5424.0;;6847
1505106;2017;technical_assistance;;Número de estabelecimentos agropecuários;2780.0;;6847
1505205;2017;technical_assistance;;Número de estabelecimentos agropecuários;3725.0;;6847
1505304;2017;technical_assistance;;Número de estabelecimentos agropecuários;2440.0;;6847
1505403;2017;technical_assistance;;Número de estabelecimentos agropecuários;1159.0;;6847
1505437;2017;technical_assistance;;Número de estabelecimentos agropecuários;1207.0;;6847
1505486;2017;technical_assistance;;Número de estabelecimentos agropecuários;4422.0;;6847
1505494;2017;technical_assistance;;Número de estabelecimentos agropecuários;433.0;;6847
1505502;2017;technical_assistance;;Número de estabelecimentos agropecuários;1446.0;;6847
1505536;2017;technical_assistance;;Número de estabelecimentos agropecuários;1297.0;;6847
1505551;2017;technical_assistance;;Número de estabelecimentos agropecuários;570.0;;6847
1505601;2017;technical_assistance;;Número de estabelecimentos agropecuários;718.0;;6847
1505635;2017;technical_assistance;;Número de estabelecimentos agropecuários;1334.0;;6847
1505650;2017;technical_assistance;;Número de estabelecimentos agropecuários;2722.0;;6847
1505700;2017;technical_assistance;;Número de estabelecimentos agropecuários;2841.0;;6847
1505809;2017;technical_assistance;;Número de estabelecimentos agropecuários;2348.0;;6847
1505908;2017;technical_assistance;;Número de estabelecimentos agropecuários;1584.0;;6847
1506005;2017;technical_assistance;;Número de estabelecimentos agropecuários;1211.0;;6847
1506104;2017;technical_assistance;;Número de estabelecimentos agropecuários;388.0;;6847
1506112;2017;technical_assistance;;Número de estabelecimentos agropecuários;151.0;;6847
1506138;2017;technical_assistance;;Número de estabelecimentos agropecuários;986.0;;6847
1506161;2017;technical_assistance;;Número de estabelecimentos agropecuários;1064.0;;6847
1506187;2017;technical_assistance;;Número de estabelecimentos agropecuários;1850.0;;6847
1506195;2017;technical_assistance;;Número de estabelecimentos agropecuários;2660.0;;6847
1506203;2017;technical_assistance;;Número de estabelecimentos agropecuários;210.0;;6847
1506302;2017;technical_assistance;;Número de estabelecimentos agropecuários;344.0;;6847
1506351;2017;technical_assistance;;Número de estabelecimentos agropecuários;447.0;;6847
1506401;2017;technical_assistance;;Número de estabelecimentos agropecuários;175.0;;6847
1506500;2017;technical_assistance;;Número de estabelecimentos agropecuários;1213.0;;6847
1506559;2017;technical_assistance;;Número de estabelecimentos agropecuários;1131.0;;6847
1506583;2017;technical_assistance;;Número de estabelecimentos agropecuários;2788.0;;6847
1506609;2017;technical_assistance;;Número de estabelecimentos agropecuários;1217.0;;6847
1506708;2017;technical_assistance;;Número de estabelecimentos agropecuários;2051.0;;6847
1506807;2017;technical_assistance;;Número de estabelecimentos agropecuários;7379.0;;6847
1506906;2017;technical_assistance;;Número de estabelecimentos agropecuários;233.0;;6847
1507003;2017;technical_assistance;;Número de estabelecimentos agropecuários;883.0;;6847
1507102;2017;technical_assistance;;Número de estabelecimentos agropecuários;626.0;;6847
1507151;2017;technical_assistance;;Número de estabelecimentos agropecuários;1016.0;;6847
1507201;2017;technical_assistance;;Número de estabelecimentos agropecuários;3151.0;;6847
1507300;2017;technical_assistance;;Número de estabelecimentos agropecuários;6375.0;;6847
1507409;2017;technical_assistance;;Número de estabelecimentos agropecuários;686.0;;6847
1507458;2017;technical_assistance;;Número de estabelecimentos agropecuários;1213.0;;6847
1507466;2017;technical_assistance;;Número de estabelecimentos agropecuários;181.0;;6847
1507474;2017;technical_assistance;;Número de estabelecimentos agropecuários;521.0;;6847
1507508;2017;technical_assistance;;Número de estabelecimentos agropecuários;1220.0;;6847
1507607;2017;technical_assistance;;Número de estabelecimentos agropecuários;2250.0;;6847
1507706;2017;technical_assistance;;Número de estabelecimentos agropecuários;2382.0;;6847
1507755;2017;technical_assistance;;Número de estabelecimentos agropecuários;236.0;;6847
1507805;2017;technical_assistance;;Número de estabelecimentos agropecuários;2224.0;;6847
1507904;2017;technical_assistance;;Número de estabelecimentos agropecuários;120.0;;6847
1507953;2017;technical_assistance;;Número de estabelecimentos agropecuários;939.0;;6847
1507961;2017;technical_assistance;;Número de estabelecimentos agropecuários;104.0;;6847
1507979;2017;technical_assistance;;Número de estabelecimentos agropecuários;572.0;;6847
1508001;2017;technical_assistance;;Número de estabelecimentos agropecuários;3050.0;;6847
1508035;2017;technical_assistance;;Número de estabelecimentos agropecuários;3072.0;;6847
1508050;2017;technical_assistance;;Número de estabelecimentos agropecuários;726.0;;6847
1508084;2017;technical_assistance;;Número de estabelecimentos agropecuários;1869.0;;6847
1508100;2017;technical_assistance;;Número de estabelecimentos agropecuários;1410.0;;6847
1508126;2017;technical_assistance;;Número de estabelecimentos agropecuários;1246.0;;6847
1508159;2017;technical_assistance;;Número de estabelecimentos agropecuários;3993.0;;6847
1508209;2017;technical_assistance;;Número de estabelecimentos agropecuários;945.0;;6847
1508308;2017;technical_assistance;;Número de estabelecimentos agropecuários;4241.0;;6847
1508357;2017;technical_assistance;;Número de estabelecimentos agropecuários;1075.0;;6847
1508407;2017;technical_assistance;;Número de estabelecimentos agropecuários;918.0;;6847
2500106;2017;technical_assistance;;Número de estabelecimentos agropecuários;863.0;;6847
2500205;2017;technical_assistance;;Número de estabelecimentos agropecuários;851.0;;6847
2500304;2017;technical_assistance;;Número de estabelecimentos agropecuários;1459.0;;6847
2500403;2017;technical_assistance;;Número de estabelecimentos agropecuários;1682.0;;6847
2500502;2017;technical_assistance;;Número de estabelecimentos agropecuários;915.0;;6847
2500536;2017;technical_assistance;;Número de estabelecimentos agropecuários;475.0;;6847
2500577;2017;technical_assistance;;Número de estabelecimentos agropecuários;292.0;;6847
2500601;2017;technical_assistance;;Número de estabelecimentos agropecuários;836.0;;6847
2500700;2017;technical_assistance;;Número de estabelecimentos agropecuários;1601.0;;6847
2500734;2017;technical_assistance;;Número de estabelecimentos agropecuários;248.0;;6847
2500775;2017;technical_assistance;;Número de estabelecimentos agropecuários;521.0;;6847
2500809;2017;technical_assistance;;Número de estabelecimentos agropecuários;2180.0;;6847
2500908;2017;technical_assistance;;Número de estabelecimentos agropecuários;825.0;;6847
2501005;2017;technical_assistance;;Número de estabelecimentos agropecuários;1348.0;;6847
2501104;2017;technical_assistance;;Número de estabelecimentos agropecuários;1702.0;;6847
2501153;2017;technical_assistance;;Número de estabelecimentos agropecuários;113.0;;6847
2501203;2017;technical_assistance;;Número de estabelecimentos agropecuários;568.0;;6847
2501302;2017;technical_assistance;;Número de estabelecimentos agropecuários;2092.0;;6847
2501351;2017;technical_assistance;;Número de estabelecimentos agropecuários;161.0;;6847
2501401;2017;technical_assistance;;Número de estabelecimentos agropecuários;547.0;;6847
2501500;2017;technical_assistance;;Número de estabelecimentos agropecuários;2020.0;;6847
2501534;2017;technical_assistance;;Número de estabelecimentos agropecuários;300.0;;6847
2501575;2017;technical_assistance;;Número de estabelecimentos agropecuários;1487.0;;6847
2501609;2017;technical_assistance;;Número de estabelecimentos agropecuários;1484.0;;6847
2501708;2017;technical_assistance;;Número de estabelecimentos agropecuários;505.0;;6847
2501807;2017;technical_assistance;;Número de estabelecimentos agropecuários;33.0;;6847
2501906;2017;technical_assistance;;Número de estabelecimentos agropecuários;628.0;;6847
2502003;2017;technical_assistance;;Número de estabelecimentos agropecuários;298.0;;6847
2502052;2017;technical_assistance;;Número de estabelecimentos agropecuários;298.0;;6847
2502102;2017;technical_assistance;;Número de estabelecimentos agropecuários;371.0;;6847
2502151;2017;technical_assistance;;Número de estabelecimentos agropecuários;681.0;;6847
2502201;2017;technical_assistance;;Número de estabelecimentos agropecuários;146.0;;6847
2502300;2017;technical_assistance;;Número de estabelecimentos agropecuários;374.0;;6847
2502409;2017;technical_assistance;;Número de estabelecimentos agropecuários;670.0;;6847
2502508;2017;technical_assistance;;Número de estabelecimentos agropecuários;871.0;;6847
2502607;2017;technical_assistance;;Número de estabelecimentos agropecuários;499.0;;6847
2502706;2017;technical_assistance;;Número de estabelecimentos agropecuários;312.0;;6847
2502805;2017;technical_assistance;;Número de estabelecimentos agropecuários;371.0;;6847
2502904;2017;technical_assistance;;Número de estabelecimentos agropecuários;232.0;;6847
2503001;2017;technical_assistance;;Número de estabelecimentos agropecuários;536.0;;6847
2503100;2017;technical_assistance;;Número de estabelecimentos agropecuários;629.0;;6847
2503209;2017;technical_assistance;;Número de estabelecimentos agropecuários;21.0;;6847
2503308;2017;technical_assistance;;Número de estabelecimentos agropecuários;731.0;;6847
2503407;2017;technical_assistance;;Número de estabelecimentos agropecuários;338.0;;6847
2503506;2017;technical_assistance;;Número de estabelecimentos agropecuários;1361.0;;6847
2503555;2017;technical_assistance;;Número de estabelecimentos agropecuários;842.0;;6847
2503605;2017;technical_assistance;;Número de estabelecimentos agropecuários;582.0;;6847
2503704;2017;technical_assistance;;Número de estabelecimentos agropecuários;1544.0;;6847
2503753;2017;technical_assistance;;Número de estabelecimentos agropecuários;336.0;;6847
2503803;2017;technical_assistance;;Número de estabelecimentos agropecuários;205.0;;6847
2503902;2017;technical_assistance;;Número de estabelecimentos agropecuários;698.0;;6847
2504009;2017;technical_assistance;;Número de estabelecimentos agropecuários;2431.0;;6847
2504033;2017;technical_assistance;;Número de estabelecimentos agropecuários;78.0;;6847
2504074;2017;technical_assistance;;Número de estabelecimentos agropecuários;396.0;;6847
2504108;2017;technical_assistance;;Número de estabelecimentos agropecuários;74.0;;6847
2504157;2017;technical_assistance;;Número de estabelecimentos agropecuários;780.0;;6847
2504207;2017;technical_assistance;;Número de estabelecimentos agropecuários;363.0;;6847
2504306;2017;technical_assistance;;Número de estabelecimentos agropecuários;735.0;;6847
2504355;2017;technical_assistance;;Número de estabelecimentos agropecuários;544.0;;6847
2504405;2017;technical_assistance;;Número de estabelecimentos agropecuários;1595.0;;6847
2504504;2017;technical_assistance;;Número de estabelecimentos agropecuários;418.0;;6847
2504603;2017;technical_assistance;;Número de estabelecimentos agropecuários;908.0;;6847
2504702;2017;technical_assistance;;Número de estabelecimentos agropecuários;415.0;;6847
2504801;2017;technical_assistance;;Número de estabelecimentos agropecuários;667.0;;6847
2504850;2017;technical_assistance;;Número de estabelecimentos agropecuários;259.0;;6847
2504900;2017;technical_assistance;;Número de estabelecimentos agropecuários;1855.0;;6847
2505006;2017;technical_assistance;;Número de estabelecimentos agropecuários;526.0;;6847
2505105;2017;technical_assistance;;Número de estabelecimentos agropecuários;1738.0;;6847
2505204;2017;technical_assistance;;Número de estabelecimentos agropecuários;194.0;;6847
2505238;2017;technical_assistance;;Número de estabelecimentos agropecuários;723.0;;6847
2505279;2017;technical_assistance;;Número de estabelecimentos agropecuários;843.0;;6847
2505303;2017;technical_assistance;;Número de estabelecimentos agropecuários;265.0;;6847
2505352;2017;technical_assistance;;Número de estabelecimentos agropecuários;640.0;;6847
2505402;2017;technical_assistance;;Número de estabelecimentos agropecuários;516.0;;6847
2505501;2017;technical_assistance;;Número de estabelecimentos agropecuários;210.0;;6847
2505600;2017;technical_assistance;;Número de estabelecimentos agropecuários;555.0;;6847
2505709;2017;technical_assistance;;Número de estabelecimentos agropecuários;1022.0;;6847
2505808;2017;technical_assistance;;Número de estabelecimentos agropecuários;251.0;;6847
2505907;2017;technical_assistance;;Número de estabelecimentos agropecuários;113.0;;6847
2506004;2017;technical_assistance;;Número de estabelecimentos agropecuários;1697.0;;6847
2506103;2017;technical_assistance;;Número de estabelecimentos agropecuários;1094.0;;6847
2506202;2017;technical_assistance;;Número de estabelecimentos agropecuários;250.0;;6847
2506251;2017;technical_assistance;;Número de estabelecimentos agropecuários;1292.0;;6847
2506301;2017;technical_assistance;;Número de estabelecimentos agropecuários;995.0;;6847
2506400;2017;technical_assistance;;Número de estabelecimentos agropecuários;1237.0;;6847
2506509;2017;technical_assistance;;Número de estabelecimentos agropecuários;245.0;;6847
2506608;2017;technical_assistance;;Número de estabelecimentos agropecuários;581.0;;6847
2506707;2017;technical_assistance;;Número de estabelecimentos agropecuários;1099.0;;6847
2506806;2017;technical_assistance;;Número de estabelecimentos agropecuários;946.0;;6847
2506905;2017;technical_assistance;;Número de estabelecimentos agropecuários;957.0;;6847
2507002;2017;technical_assistance;;Número de estabelecimentos agropecuários;1231.0;;6847
2507101;2017;technical_assistance;;Número de estabelecimentos agropecuários;1160.0;;6847
2507200;2017;technical_assistance;;Número de estabelecimentos agropecuários;837.0;;6847
2507309;2017;technical_assistance;;Número de estabelecimentos agropecuários;834.0;;6847
2507408;2017;technical_assistance;;Número de estabelecimentos agropecuários;466.0;;6847
2507507;2017;technical_assistance;;Número de estabelecimentos agropecuários;150.0;;6847
2507606;2017;technical_assistance;;Número de estabelecimentos agropecuários;226.0;;6847
2507705;2017;technical_assistance;;Número de estabelecimentos agropecuários;1377.0;;6847
2507804;2017;technical_assistance;;Número de estabelecimentos agropecuários;432.0;;6847
2507903;2017;technical_assistance;;Número de estabelecimentos agropecuários;171.0;;6847
2508000;2017;technical_assistance;;Número de estabelecimentos agropecuários;1136.0;;6847
2508109;2017;technical_assistance;;Número de estabelecimentos agropecuários;296.0;;6847
2508208;2017;technical_assistance;;Número de estabelecimentos agropecuários;665.0;;6847
2508307;2017;technical_assistance;;Número de estabelecimentos agropecuários;2026.0;;6847
2508406;2017;technical_assistance;;Número de estabelecimentos agropecuários;256.0;;6847
2508505;2017;technical_assistance;;Número de estabelecimentos agropecuários;848.0;;6847
2508554;2017;technical_assistance;;Número de estabelecimentos agropecuários;267.0;;6847
2508604;2017;technical_assistance;;Número de estabelecimentos agropecuários;191.0;;6847
2508703;2017;technical_assistance;;Número de estabelecimentos agropecuários;544.0;;6847
2508802;2017;technical_assistance;;Número de estabelecimentos agropecuários;150.0;;6847
2508901;2017;technical_assistance;;Número de estabelecimentos agropecuários;1093.0;;6847
2509008;2017;technical_assistance;;Número de estabelecimentos agropecuários;1280.0;;6847
2509057;2017;technical_assistance;;Número de estabelecimentos agropecuários;473.0;;6847
2509107;2017;technical_assistance;;Número de estabelecimentos agropecuários;727.0;;6847
2509156;2017;technical_assistance;;Número de estabelecimentos agropecuários;218.0;;6847
2509206;2017;technical_assistance;;Número de estabelecimentos agropecuários;1858.0;;6847
2509305;2017;technical_assistance;;Número de estabelecimentos agropecuários;73.0;;6847
2509339;2017;technical_assistance;;Número de estabelecimentos agropecuários;937.0;;6847
2509370;2017;technical_assistance;;Número de estabelecimentos agropecuários;134.0;;6847
2509396;2017;technical_assistance;;Número de estabelecimentos agropecuários;420.0;;6847
2509404;2017;technical_assistance;;Número de estabelecimentos agropecuários;1024.0;;6847
2509503;2017;technical_assistance;;Número de estabelecimentos agropecuários;502.0;;6847
2509602;2017;technical_assistance;;Número de estabelecimentos agropecuários;493.0;;6847
2509701;2017;technical_assistance;;Número de estabelecimentos agropecuários;3203.0;;6847
2509800;2017;technical_assistance;;Número de estabelecimentos agropecuários;826.0;;6847
2509909;2017;technical_assistance;;Número de estabelecimentos agropecuários;871.0;;6847
2510006;2017;technical_assistance;;Número de estabelecimentos agropecuários;603.0;;6847
2510105;2017;technical_assistance;;Número de estabelecimentos agropecuários;354.0;;6847
2510204;2017;technical_assistance;;Número de estabelecimentos agropecuários;420.0;;6847
2510303;2017;technical_assistance;;Número de estabelecimentos agropecuários;542.0;;6847
2510402;2017;technical_assistance;;Número de estabelecimentos agropecuários;654.0;;6847
2510501;2017;technical_assistance;;Número de estabelecimentos agropecuários;550.0;;6847
2510600;2017;technical_assistance;;Número de estabelecimentos agropecuários;321.0;;6847
2510659;2017;technical_assistance;;Número de estabelecimentos agropecuários;359.0;;6847
2510709;2017;technical_assistance;;Número de estabelecimentos agropecuários;99.0;;6847
2510808;2017;technical_assistance;;Número de estabelecimentos agropecuários;497.0;;6847
2510907;2017;technical_assistance;;Número de estabelecimentos agropecuários;815.0;;6847
2511004;2017;technical_assistance;;Número de estabelecimentos agropecuários;493.0;;6847
2511103;2017;technical_assistance;;Número de estabelecimentos agropecuários;1194.0;;6847
2511202;2017;technical_assistance;;Número de estabelecimentos agropecuários;1824.0;;6847
2511301;2017;technical_assistance;;Número de estabelecimentos agropecuários;892.0;;6847
2511400;2017;technical_assistance;;Número de estabelecimentos agropecuários;1209.0;;6847
2511509;2017;technical_assistance;;Número de estabelecimentos agropecuários;599.0;;6847
2511608;2017;technical_assistance;;Número de estabelecimentos agropecuários;530.0;;6847
2511707;2017;technical_assistance;;Número de estabelecimentos agropecuários;588.0;;6847
2511806;2017;technical_assistance;;Número de estabelecimentos agropecuários;436.0;;6847
2511905;2017;technical_assistance;;Número de estabelecimentos agropecuários;984.0;;6847
2512002;2017;technical_assistance;;Número de estabelecimentos agropecuários;1782.0;;6847
2512036;2017;technical_assistance;;Número de estabelecimentos agropecuários;319.0;;6847
2512077;2017;technical_assistance;;Número de estabelecimentos agropecuários;498.0;;6847
2512101;2017;technical_assistance;;Número de estabelecimentos agropecuários;1334.0;;6847
2512200;2017;technical_assistance;;Número de estabelecimentos agropecuários;334.0;;6847
2512309;2017;technical_assistance;;Número de estabelecimentos agropecuários;1146.0;;6847
2512408;2017;technical_assistance;;Número de estabelecimentos agropecuários;1063.0;;6847
2512507;2017;technical_assistance;;Número de estabelecimentos agropecuários;3401.0;;6847
2512606;2017;technical_assistance;;Número de estabelecimentos agropecuários;136.0;;6847
2512705;2017;technical_assistance;;Número de estabelecimentos agropecuários;875.0;;6847
2512721;2017;technical_assistance;;Número de estabelecimentos agropecuários;591.0;;6847
2512747;2017;technical_assistance;;Número de estabelecimentos agropecuários;309.0;;6847
2512754;2017;technical_assistance;;Número de estabelecimentos agropecuários;316.0;;6847
2512762;2017;technical_assistance;;Número de estabelecimentos agropecuários;400.0;;6847
2512788;2017;technical_assistance;;Número de estabelecimentos agropecuários;51.0;;6847
2512804;2017;technical_assistance;;Número de estabelecimentos agropecuários;604.0;;6847
2512903;2017;technical_assistance;;Número de estabelecimentos agropecuários;1123.0;;6847
2513000;2017;technical_assistance;;Número de estabelecimentos agropecuários;338.0;;6847
2513109;2017;technical_assistance;;Número de estabelecimentos agropecuários;1372.0;;6847
2513158;2017;technical_assistance;;Número de estabelecimentos agropecuários;1048.0;;6847
2513208;2017;technical_assistance;;Número de estabelecimentos agropecuários;497.0;;6847
2513307;2017;technical_assistance;;Número de estabelecimentos agropecuários;446.0;;6847
2513356;2017;technical_assistance;;Número de estabelecimentos agropecuários;403.0;;6847
2513406;2017;technical_assistance;;Número de estabelecimentos agropecuários;383.0;;6847
2513505;2017;technical_assistance;;Número de estabelecimentos agropecuários;696.0;;6847
2513604;2017;technical_assistance;;Número de estabelecimentos agropecuários;703.0;;6847
2513653;2017;technical_assistance;;Número de estabelecimentos agropecuários;176.0;;6847
2513703;2017;technical_assistance;;Número de estabelecimentos agropecuários;612.0;;6847
2513802;2017;technical_assistance;;Número de estabelecimentos agropecuários;339.0;;6847
2513851;2017;technical_assistance;;Número de estabelecimentos agropecuários;396.0;;6847
2513901;2017;technical_assistance;;Número de estabelecimentos agropecuários;261.0;;6847
2513927;2017;technical_assistance;;Número de estabelecimentos agropecuários;264.0;;6847
2513943;2017;technical_assistance;;Número de estabelecimentos agropecuários;332.0;;6847
2513968;2017;technical_assistance;;Número de estabelecimentos agropecuários;283.0;;6847
2513984;2017;technical_assistance;;Número de estabelecimentos agropecuários;292.0;;6847
2514008;2017;technical_assistance;;Número de estabelecimentos agropecuários;487.0;;6847
2514107;2017;technical_assistance;;Número de estabelecimentos agropecuários;587.0;;6847
2514206;2017;technical_assistance;;Número de estabelecimentos agropecuários;796.0;;6847
2514305;2017;technical_assistance;;Número de estabelecimentos agropecuários;545.0;;6847
2514404;2017;technical_assistance;;Número de estabelecimentos agropecuários;458.0;;6847
2514453;2017;technical_assistance;;Número de estabelecimentos agropecuários;481.0;;6847
2514503;2017;technical_assistance;;Número de estabelecimentos agropecuários;1671.0;;6847
2514552;2017;technical_assistance;;Número de estabelecimentos agropecuários;718.0;;6847
2514602;2017;technical_assistance;;Número de estabelecimentos agropecuários;168.0;;6847
2514651;2017;technical_assistance;;Número de estabelecimentos agropecuários;90.0;;6847
2514701;2017;technical_assistance;;Número de estabelecimentos agropecuários;296.0;;6847
2514800;2017;technical_assistance;;Número de estabelecimentos agropecuários;541.0;;6847
2514909;2017;technical_assistance;;Número de estabelecimentos agropecuários;569.0;;6847
2515005;2017;technical_assistance;;Número de estabelecimentos agropecuários;674.0;;6847
2515104;2017;technical_assistance;;Número de estabelecimentos agropecuários;1376.0;;6847
2515203;2017;technical_assistance;;Número de estabelecimentos agropecuários;347.0;;6847
2515302;2017;technical_assistance;;Número de estabelecimentos agropecuários;1651.0;;6847
2515401;2017;technical_assistance;;Número de estabelecimentos agropecuários;1155.0;;6847
2515500;2017;technical_assistance;;Número de estabelecimentos agropecuários;951.0;;6847
2515609;2017;technical_assistance;;Número de estabelecimentos agropecuários;299.0;;6847
2515708;2017;technical_assistance;;Número de estabelecimentos agropecuários;430.0;;6847
2515807;2017;technical_assistance;;Número de estabelecimentos agropecuários;888.0;;6847
2515906;2017;technical_assistance;;Número de estabelecimentos agropecuários;579.0;;6847
2515930;2017;technical_assistance;;Número de estabelecimentos agropecuários;338.0;;6847
2515971;2017;technical_assistance;;Número de estabelecimentos agropecuários;1011.0;;6847
2516003;2017;technical_assistance;;Número de estabelecimentos agropecuários;1645.0;;6847
2516102;2017;technical_assistance;;Número de estabelecimentos agropecuários;960.0;;6847
2516151;2017;technical_assistance;;Número de estabelecimentos agropecuários;353.0;;6847
2516201;2017;technical_assistance;;Número de estabelecimentos agropecuários;1726.0;;6847
2516300;2017;technical_assistance;;Número de estabelecimentos agropecuários;905.0;;6847
2516409;2017;technical_assistance;;Número de estabelecimentos agropecuários;674.0;;6847
2516508;2017;technical_assistance;;Número de estabelecimentos agropecuários;1033.0;;6847
2516607;2017;technical_assistance;;Número de estabelecimentos agropecuários;1391.0;;6847
2516706;2017;technical_assistance;;Número de estabelecimentos agropecuários;1272.0;;6847
2516755;2017;technical_assistance;;Número de estabelecimentos agropecuários;260.0;;6847
2516805;2017;technical_assistance;;Número de estabelecimentos agropecuários;620.0;;6847
2516904;2017;technical_assistance;;Número de estabelecimentos agropecuários;696.0;;6847
2517001;2017;technical_assistance;;Número de estabelecimentos agropecuários;886.0;;6847
2517100;2017;technical_assistance;;Número de estabelecimentos agropecuários;227.0;;6847
2517209;2017;technical_assistance;;Número de estabelecimentos agropecuários;528.0;;6847
2517407;2017;technical_assistance;;Número de estabelecimentos agropecuários;266.0;;6847
2600054;2017;technical_assistance;;Número de estabelecimentos agropecuários;408.0;;6847
2600104;2017;technical_assistance;;Número de estabelecimentos agropecuários;1882.0;;6847
2600203;2017;technical_assistance;;Número de estabelecimentos agropecuários;3460.0;;6847
2600302;2017;technical_assistance;;Número de estabelecimentos agropecuários;1077.0;;6847
2600401;2017;technical_assistance;;Número de estabelecimentos agropecuários;1234.0;;6847
2600500;2017;technical_assistance;;Número de estabelecimentos agropecuários;3060.0;;6847
2600609;2017;technical_assistance;;Número de estabelecimentos agropecuários;1247.0;;6847
2600708;2017;technical_assistance;;Número de estabelecimentos agropecuários;804.0;;6847
2600807;2017;technical_assistance;;Número de estabelecimentos agropecuários;2851.0;;6847
2600906;2017;technical_assistance;;Número de estabelecimentos agropecuários;1839.0;;6847
2601003;2017;technical_assistance;;Número de estabelecimentos agropecuários;708.0;;6847
2601052;2017;technical_assistance;;Número de estabelecimentos agropecuários;57.0;;6847
2601102;2017;technical_assistance;;Número de estabelecimentos agropecuários;7375.0;;6847
2601201;2017;technical_assistance;;Número de estabelecimentos agropecuários;737.0;;6847
2601300;2017;technical_assistance;;Número de estabelecimentos agropecuários;375.0;;6847
2601409;2017;technical_assistance;;Número de estabelecimentos agropecuários;676.0;;6847
2601508;2017;technical_assistance;;Número de estabelecimentos agropecuários;894.0;;6847
2601607;2017;technical_assistance;;Número de estabelecimentos agropecuários;1620.0;;6847
2601706;2017;technical_assistance;;Número de estabelecimentos agropecuários;1502.0;;6847
2601805;2017;technical_assistance;;Número de estabelecimentos agropecuários;1808.0;;6847
2601904;2017;technical_assistance;;Número de estabelecimentos agropecuários;1750.0;;6847
2602001;2017;technical_assistance;;Número de estabelecimentos agropecuários;3568.0;;6847
2602100;2017;technical_assistance;;Número de estabelecimentos agropecuários;2710.0;;6847
2602209;2017;technical_assistance;;Número de estabelecimentos agropecuários;3832.0;;6847
2602308;2017;technical_assistance;;Número de estabelecimentos agropecuários;1679.0;;6847
2602407;2017;technical_assistance;;Número de estabelecimentos agropecuários;1005.0;;6847
2602506;2017;technical_assistance;;Número de estabelecimentos agropecuários;837.0;;6847
2602605;2017;technical_assistance;;Número de estabelecimentos agropecuários;1442.0;;6847
2602704;2017;technical_assistance;;Número de estabelecimentos agropecuários;419.0;;6847
2602803;2017;technical_assistance;;Número de estabelecimentos agropecuários;5652.0;;6847
2602902;2017;technical_assistance;;Número de estabelecimentos agropecuários;1873.0;;6847
2603009;2017;technical_assistance;;Número de estabelecimentos agropecuários;1466.0;;6847
2603108;2017;technical_assistance;;Número de estabelecimentos agropecuários;865.0;;6847
2603207;2017;technical_assistance;;Número de estabelecimentos agropecuários;4463.0;;6847
2603306;2017;technical_assistance;;Número de estabelecimentos agropecuários;1908.0;;6847
2603405;2017;technical_assistance;;Número de estabelecimentos agropecuários;613.0;;6847
2603454;2017;technical_assistance;;Número de estabelecimentos agropecuários;12.0;;6847
2603504;2017;technical_assistance;;Número de estabelecimentos agropecuários;322.0;;6847
2603603;2017;technical_assistance;;Número de estabelecimentos agropecuários;230.0;;6847
2603702;2017;technical_assistance;;Número de estabelecimentos agropecuários;2180.0;;6847
2603801;2017;technical_assistance;;Número de estabelecimentos agropecuários;2706.0;;6847
2603900;2017;technical_assistance;;Número de estabelecimentos agropecuários;2647.0;;6847
2603926;2017;technical_assistance;;Número de estabelecimentos agropecuários;2098.0;;6847
2604007;2017;technical_assistance;;Número de estabelecimentos agropecuários;398.0;;6847
2604106;2017;technical_assistance;;Número de estabelecimentos agropecuários;1406.0;;6847
2604155;2017;technical_assistance;;Número de estabelecimentos agropecuários;1903.0;;6847
2604205;2017;technical_assistance;;Número de estabelecimentos agropecuários;892.0;;6847
2604304;2017;technical_assistance;;Número de estabelecimentos agropecuários;637.0;;6847
2604403;2017;technical_assistance;;Número de estabelecimentos agropecuários;321.0;;6847
2604502;2017;technical_assistance;;Número de estabelecimentos agropecuários;1502.0;;6847
2604601;2017;technical_assistance;;Número de estabelecimentos agropecuários;232.0;;6847
2604700;2017;technical_assistance;;Número de estabelecimentos agropecuários;1291.0;;6847
2604809;2017;technical_assistance;;Número de estabelecimentos agropecuários;341.0;;6847
2604908;2017;technical_assistance;;Número de estabelecimentos agropecuários;2407.0;;6847
2605004;2017;technical_assistance;;Número de estabelecimentos agropecuários;557.0;;6847
2605103;2017;technical_assistance;;Número de estabelecimentos agropecuários;3789.0;;6847
2605152;2017;technical_assistance;;Número de estabelecimentos agropecuários;3037.0;;6847
2605202;2017;technical_assistance;;Número de estabelecimentos agropecuários;613.0;;6847
2605301;2017;technical_assistance;;Número de estabelecimentos agropecuários;2597.0;;6847
2605400;2017;technical_assistance;;Número de estabelecimentos agropecuários;771.0;;6847
2605459;2017;technical_assistance;;Número de estabelecimentos agropecuários;14.0;;6847
2605509;2017;technical_assistance;;Número de estabelecimentos agropecuários;430.0;;6847
2605608;2017;technical_assistance;;Número de estabelecimentos agropecuários;3373.0;;6847
2605707;2017;technical_assistance;;Número de estabelecimentos agropecuários;2033.0;;6847
2605806;2017;technical_assistance;;Número de estabelecimentos agropecuários;1336.0;;6847
2605905;2017;technical_assistance;;Número de estabelecimentos agropecuários;571.0;;6847
2606002;2017;technical_assistance;;Número de estabelecimentos agropecuários;3055.0;;6847
2606101;2017;technical_assistance;;Número de estabelecimentos agropecuários;2347.0;;6847
2606200;2017;technical_assistance;;Número de estabelecimentos agropecuários;1546.0;;6847
2606309;2017;technical_assistance;;Número de estabelecimentos agropecuários;553.0;;6847
2606408;2017;technical_assistance;;Número de estabelecimentos agropecuários;1897.0;;6847
2606507;2017;technical_assistance;;Número de estabelecimentos agropecuários;1832.0;;6847
2606606;2017;technical_assistance;;Número de estabelecimentos agropecuários;1741.0;;6847
2606705;2017;technical_assistance;;Número de estabelecimentos agropecuários;1029.0;;6847
2606804;2017;technical_assistance;;Número de estabelecimentos agropecuários;559.0;;6847
2606903;2017;technical_assistance;;Número de estabelecimentos agropecuários;1598.0;;6847
2607000;2017;technical_assistance;;Número de estabelecimentos agropecuários;2023.0;;6847
2607109;2017;technical_assistance;;Número de estabelecimentos agropecuários;626.0;;6847
2607208;2017;technical_assistance;;Número de estabelecimentos agropecuários;1489.0;;6847
2607307;2017;technical_assistance;;Número de estabelecimentos agropecuários;1941.0;;6847
2607406;2017;technical_assistance;;Número de estabelecimentos agropecuários;297.0;;6847
2607505;2017;technical_assistance;;Número de estabelecimentos agropecuários;4232.0;;6847
2607604;2017;technical_assistance;;Número de estabelecimentos agropecuários;95.0;;6847
2607653;2017;technical_assistance;;Número de estabelecimentos agropecuários;745.0;;6847
2607703;2017;technical_assistance;;Número de estabelecimentos agropecuários;1468.0;;6847
2607752;2017;technical_assistance;;Número de estabelecimentos agropecuários;101.0;;6847
2607802;2017;technical_assistance;;Número de estabelecimentos agropecuários;746.0;;6847
2607901;2017;technical_assistance;;Número de estabelecimentos agropecuários;605.0;;6847
2607950;2017;technical_assistance;;Número de estabelecimentos agropecuários;516.0;;6847
2608008;2017;technical_assistance;;Número de estabelecimentos agropecuários;1094.0;;6847
2608057;2017;technical_assistance;;Número de estabelecimentos agropecuários;853.0;;6847
2608107;2017;technical_assistance;;Número de estabelecimentos agropecuários;2749.0;;6847
2608206;2017;technical_assistance;;Número de estabelecimentos agropecuários;404.0;;6847
2608255;2017;technical_assistance;;Número de estabelecimentos agropecuários;1780.0;;6847
2608305;2017;technical_assistance;;Número de estabelecimentos agropecuários;1476.0;;6847
2608404;2017;technical_assistance;;Número de estabelecimentos agropecuários;1425.0;;6847
2608453;2017;technical_assistance;;Número de estabelecimentos agropecuários;659.0;;6847
2608503;2017;technical_assistance;;Número de estabelecimentos agropecuários;709.0;;6847
2608602;2017;technical_assistance;;Número de estabelecimentos agropecuários;1609.0;;6847
2608701;2017;technical_assistance;;Número de estabelecimentos agropecuários;2262.0;;6847
2608750;2017;technical_assistance;;Número de estabelecimentos agropecuários;1412.0;;6847
2608800;2017;technical_assistance;;Número de estabelecimentos agropecuários;1531.0;;6847
2608909;2017;technical_assistance;;Número de estabelecimentos agropecuários;1721.0;;6847
2609006;2017;technical_assistance;;Número de estabelecimentos agropecuários;848.0;;6847
2609105;2017;technical_assistance;;Número de estabelecimentos agropecuários;575.0;;6847
2609154;2017;technical_assistance;;Número de estabelecimentos agropecuários;2877.0;;6847
2609204;2017;technical_assistance;;Número de estabelecimentos agropecuários;355.0;;6847
2609303;2017;technical_assistance;;Número de estabelecimentos agropecuários;988.0;;6847
2609402;2017;technical_assistance;;Número de estabelecimentos agropecuários;795.0;;6847
2609501;2017;technical_assistance;;Número de estabelecimentos agropecuários;389.0;;6847
2609600;2017;technical_assistance;;Número de estabelecimentos agropecuários;84.0;;6847
2609709;2017;technical_assistance;;Número de estabelecimentos agropecuários;2229.0;;6847
2609808;2017;technical_assistance;;Número de estabelecimentos agropecuários;1535.0;;6847
2609907;2017;technical_assistance;;Número de estabelecimentos agropecuários;5143.0;;6847
2610004;2017;technical_assistance;;Número de estabelecimentos agropecuários;540.0;;6847
2610103;2017;technical_assistance;;Número de estabelecimentos agropecuários;737.0;;6847
2610202;2017;technical_assistance;;Número de estabelecimentos agropecuários;2440.0;;6847
2610301;2017;technical_assistance;;Número de estabelecimentos agropecuários;2031.0;;6847
2610400;2017;technical_assistance;;Número de estabelecimentos agropecuários;1917.0;;6847
2610509;2017;technical_assistance;;Número de estabelecimentos agropecuários;2273.0;;6847
2610608;2017;technical_assistance;;Número de estabelecimentos agropecuários;898.0;;6847
2610707;2017;technical_assistance;;Número de estabelecimentos agropecuários;165.0;;6847
2610806;2017;technical_assistance;;Número de estabelecimentos agropecuários;1834.0;;6847
2610905;2017;technical_assistance;;Número de estabelecimentos agropecuários;2600.0;;6847
2611002;2017;technical_assistance;;Número de estabelecimentos agropecuários;1579.0;;6847
2611101;2017;technical_assistance;;Número de estabelecimentos agropecuários;7018.0;;6847
2611200;2017;technical_assistance;;Número de estabelecimentos agropecuários;895.0;;6847
2611309;2017;technical_assistance;;Número de estabelecimentos agropecuários;2108.0;;6847
2611408;2017;technical_assistance;;Número de estabelecimentos agropecuários;617.0;;6847
2611507;2017;technical_assistance;;Número de estabelecimentos agropecuários;1670.0;;6847
2611533;2017;technical_assistance;;Número de estabelecimentos agropecuários;1356.0;;6847
2611606;2017;technical_assistance;;Número de estabelecimentos agropecuários;242.0;;6847
2611705;2017;technical_assistance;;Número de estabelecimentos agropecuários;1419.0;;6847
2611804;2017;technical_assistance;;Número de estabelecimentos agropecuários;312.0;;6847
2611903;2017;technical_assistance;;Número de estabelecimentos agropecuários;881.0;;6847
2612000;2017;technical_assistance;;Número de estabelecimentos agropecuários;1235.0;;6847
2612109;2017;technical_assistance;;Número de estabelecimentos agropecuários;770.0;;6847
2612208;2017;technical_assistance;;Número de estabelecimentos agropecuários;1988.0;;6847
2612307;2017;technical_assistance;;Número de estabelecimentos agropecuários;1469.0;;6847
2612406;2017;technical_assistance;;Número de estabelecimentos agropecuários;873.0;;6847
2612455;2017;technical_assistance;;Número de estabelecimentos agropecuários;1937.0;;6847
2612471;2017;technical_assistance;;Número de estabelecimentos agropecuários;1127.0;;6847
2612505;2017;technical_assistance;;Número de estabelecimentos agropecuários;435.0;;6847
2612554;2017;technical_assistance;;Número de estabelecimentos agropecuários;2030.0;;6847
2612604;2017;technical_assistance;;Número de estabelecimentos agropecuários;4359.0;;6847
2612703;2017;technical_assistance;;Número de estabelecimentos agropecuários;1740.0;;6847
2612802;2017;technical_assistance;;Número de estabelecimentos agropecuários;813.0;;6847
2612901;2017;technical_assistance;;Número de estabelecimentos agropecuários;557.0;;6847
2613008;2017;technical_assistance;;Número de estabelecimentos agropecuários;4101.0;;6847
2613107;2017;technical_assistance;;Número de estabelecimentos agropecuários;1684.0;;6847
2613206;2017;technical_assistance;;Número de estabelecimentos agropecuários;2749.0;;6847
2613305;2017;technical_assistance;;Número de estabelecimentos agropecuários;1141.0;;6847
2613404;2017;technical_assistance;;Número de estabelecimentos agropecuários;326.0;;6847
2613503;2017;technical_assistance;;Número de estabelecimentos agropecuários;2975.0;;6847
2613602;2017;technical_assistance;;Número de estabelecimentos agropecuários;2765.0;;6847
2613701;2017;technical_assistance;;Número de estabelecimentos agropecuários;727.0;;6847
2613800;2017;technical_assistance;;Número de estabelecimentos agropecuários;478.0;;6847
2613909;2017;technical_assistance;;Número de estabelecimentos agropecuários;4229.0;;6847
2614006;2017;technical_assistance;;Número de estabelecimentos agropecuários;2223.0;;6847
2614105;2017;technical_assistance;;Número de estabelecimentos agropecuários;3589.0;;6847
2614204;2017;technical_assistance;;Número de estabelecimentos agropecuários;718.0;;6847
2614303;2017;technical_assistance;;Número de estabelecimentos agropecuários;779.0;;6847
2614402;2017;technical_assistance;;Número de estabelecimentos agropecuários;807.0;;6847
2614501;2017;technical_assistance;;Número de estabelecimentos agropecuários;2442.0;;6847
2614600;2017;technical_assistance;;Número de estabelecimentos agropecuários;1741.0;;6847
2614709;2017;technical_assistance;;Número de estabelecimentos agropecuários;571.0;;6847
2614808;2017;technical_assistance;;Número de estabelecimentos agropecuários;3061.0;;6847
2614857;2017;technical_assistance;;Número de estabelecimentos agropecuários;571.0;;6847
2615003;2017;technical_assistance;;Número de estabelecimentos agropecuários;1584.0;;6847
2615102;2017;technical_assistance;;Número de estabelecimentos agropecuários;850.0;;6847
2615201;2017;technical_assistance;;Número de estabelecimentos agropecuários;457.0;;6847
2615300;2017;technical_assistance;;Número de estabelecimentos agropecuários;706.0;;6847
2615409;2017;technical_assistance;;Número de estabelecimentos agropecuários;33.0;;6847
2615508;2017;technical_assistance;;Número de estabelecimentos agropecuários;242.0;;6847
2615607;2017;technical_assistance;;Número de estabelecimentos agropecuários;1196.0;;6847
2615706;2017;technical_assistance;;Número de estabelecimentos agropecuários;1687.0;;6847
2615805;2017;technical_assistance;;Número de estabelecimentos agropecuários;2635.0;;6847
2615904;2017;technical_assistance;;Número de estabelecimentos agropecuários;373.0;;6847
2616001;2017;technical_assistance;;Número de estabelecimentos agropecuários;1134.0;;6847
2616100;2017;technical_assistance;;Número de estabelecimentos agropecuários;1243.0;;6847
2616183;2017;technical_assistance;;Número de estabelecimentos agropecuários;610.0;;6847
2616209;2017;technical_assistance;;Número de estabelecimentos agropecuários;790.0;;6847
2616308;2017;technical_assistance;;Número de estabelecimentos agropecuários;768.0;;6847
2616407;2017;technical_assistance;;Número de estabelecimentos agropecuários;1834.0;;6847
2616506;2017;technical_assistance;;Número de estabelecimentos agropecuários;119.0;;6847
2200053;2017;technical_assistance;;Número de estabelecimentos agropecuários;1734.0;;6847
2200103;2017;technical_assistance;;Número de estabelecimentos agropecuários;446.0;;6847
2200202;2017;technical_assistance;;Número de estabelecimentos agropecuários;448.0;;6847
2200251;2017;technical_assistance;;Número de estabelecimentos agropecuários;1908.0;;6847
2200277;2017;technical_assistance;;Número de estabelecimentos agropecuários;549.0;;6847
2200301;2017;technical_assistance;;Número de estabelecimentos agropecuários;1936.0;;6847
2200400;2017;technical_assistance;;Número de estabelecimentos agropecuários;1668.0;;6847
2200459;2017;technical_assistance;;Número de estabelecimentos agropecuários;376.0;;6847
2200509;2017;technical_assistance;;Número de estabelecimentos agropecuários;1835.0;;6847
2200608;2017;technical_assistance;;Número de estabelecimentos agropecuários;457.0;;6847
2200707;2017;technical_assistance;;Número de estabelecimentos agropecuários;1306.0;;6847
2200806;2017;technical_assistance;;Número de estabelecimentos agropecuários;161.0;;6847
2200905;2017;technical_assistance;;Número de estabelecimentos agropecuários;564.0;;6847
2200954;2017;technical_assistance;;Número de estabelecimentos agropecuários;594.0;;6847
2201002;2017;technical_assistance;;Número de estabelecimentos agropecuários;680.0;;6847
2201051;2017;technical_assistance;;Número de estabelecimentos agropecuários;1254.0;;6847
2201101;2017;technical_assistance;;Número de estabelecimentos agropecuários;1256.0;;6847
2201150;2017;technical_assistance;;Número de estabelecimentos agropecuários;913.0;;6847
2201176;2017;technical_assistance;;Número de estabelecimentos agropecuários;704.0;;6847
2201200;2017;technical_assistance;;Número de estabelecimentos agropecuários;3967.0;;6847
2201309;2017;technical_assistance;;Número de estabelecimentos agropecuários;245.0;;6847
2201408;2017;technical_assistance;;Número de estabelecimentos agropecuários;413.0;;6847
2201507;2017;technical_assistance;;Número de estabelecimentos agropecuários;3367.0;;6847
2201556;2017;technical_assistance;;Número de estabelecimentos agropecuários;837.0;;6847
2201572;2017;technical_assistance;;Número de estabelecimentos agropecuários;455.0;;6847
2201606;2017;technical_assistance;;Número de estabelecimentos agropecuários;1002.0;;6847
2201705;2017;technical_assistance;;Número de estabelecimentos agropecuários;413.0;;6847
2201739;2017;technical_assistance;;Número de estabelecimentos agropecuários;1153.0;;6847
2201770;2017;technical_assistance;;Número de estabelecimentos agropecuários;657.0;;6847
2201804;2017;technical_assistance;;Número de estabelecimentos agropecuários;771.0;;6847
2201903;2017;technical_assistance;;Número de estabelecimentos agropecuários;1023.0;;6847
2201919;2017;technical_assistance;;Número de estabelecimentos agropecuários;527.0;;6847
2201929;2017;technical_assistance;;Número de estabelecimentos agropecuários;1417.0;;6847
2201945;2017;technical_assistance;;Número de estabelecimentos agropecuários;557.0;;6847
2201960;2017;technical_assistance;;Número de estabelecimentos agropecuários;753.0;;6847
2201988;2017;technical_assistance;;Número de estabelecimentos agropecuários;799.0;;6847
2202000;2017;technical_assistance;;Número de estabelecimentos agropecuários;1198.0;;6847
2202026;2017;technical_assistance;;Número de estabelecimentos agropecuários;1183.0;;6847
2202059;2017;technical_assistance;;Número de estabelecimentos agropecuários;1360.0;;6847
2202075;2017;technical_assistance;;Número de estabelecimentos agropecuários;539.0;;6847
2202083;2017;technical_assistance;;Número de estabelecimentos agropecuários;489.0;;6847
2202091;2017;technical_assistance;;Número de estabelecimentos agropecuários;1085.0;;6847
2202109;2017;technical_assistance;;Número de estabelecimentos agropecuários;1555.0;;6847
2202117;2017;technical_assistance;;Número de estabelecimentos agropecuários;1004.0;;6847
2202133;2017;technical_assistance;;Número de estabelecimentos agropecuários;1183.0;;6847
2202174;2017;technical_assistance;;Número de estabelecimentos agropecuários;1162.0;;6847
2202208;2017;technical_assistance;;Número de estabelecimentos agropecuários;2232.0;;6847
2202251;2017;technical_assistance;;Número de estabelecimentos agropecuários;484.0;;6847
2202307;2017;technical_assistance;;Número de estabelecimentos agropecuários;2160.0;;6847
2202406;2017;technical_assistance;;Número de estabelecimentos agropecuários;902.0;;6847
2202455;2017;technical_assistance;;Número de estabelecimentos agropecuários;843.0;;6847
2202505;2017;technical_assistance;;Número de estabelecimentos agropecuários;1443.0;;6847
2202539;2017;technical_assistance;;Número de estabelecimentos agropecuários;948.0;;6847
2202554;2017;technical_assistance;;Número de estabelecimentos agropecuários;837.0;;6847
2202604;2017;technical_assistance;;Número de estabelecimentos agropecuários;1718.0;;6847
2202653;2017;technical_assistance;;Número de estabelecimentos agropecuários;466.0;;6847
2202703;2017;technical_assistance;;Número de estabelecimentos agropecuários;3861.0;;6847
2202711;2017;technical_assistance;;Número de estabelecimentos agropecuários;504.0;;6847
2202729;2017;technical_assistance;;Número de estabelecimentos agropecuários;1449.0;;6847
2202737;2017;technical_assistance;;Número de estabelecimentos agropecuários;573.0;;6847
2202752;2017;technical_assistance;;Número de estabelecimentos agropecuários;302.0;;6847
2202778;2017;technical_assistance;;Número de estabelecimentos agropecuários;1100.0;;6847
2202802;2017;technical_assistance;;Número de estabelecimentos agropecuários;700.0;;6847
2202851;2017;technical_assistance;;Número de estabelecimentos agropecuários;732.0;;6847
2202901;2017;technical_assistance;;Número de estabelecimentos agropecuários;1469.0;;6847
2203008;2017;technical_assistance;;Número de estabelecimentos agropecuários;789.0;;6847
2203107;2017;technical_assistance;;Número de estabelecimentos agropecuários;495.0;;6847
2203206;2017;technical_assistance;;Número de estabelecimentos agropecuários;1183.0;;6847
2203230;2017;technical_assistance;;Número de estabelecimentos agropecuários;759.0;;6847
2203255;2017;technical_assistance;;Número de estabelecimentos agropecuários;463.0;;6847
2203271;2017;technical_assistance;;Número de estabelecimentos agropecuários;741.0;;6847
2203305;2017;technical_assistance;;Número de estabelecimentos agropecuários;633.0;;6847
2203354;2017;technical_assistance;;Número de estabelecimentos agropecuários;1561.0;;6847
2203404;2017;technical_assistance;;Número de estabelecimentos agropecuários;412.0;;6847
2203420;2017;technical_assistance;;Número de estabelecimentos agropecuários;688.0;;6847
2203453;2017;technical_assistance;;Número de estabelecimentos agropecuários;1876.0;;6847
2203503;2017;technical_assistance;;Número de estabelecimentos agropecuários;1372.0;;6847
2203602;2017;technical_assistance;;Número de estabelecimentos agropecuários;493.0;;6847
2203701;2017;technical_assistance;;Número de estabelecimentos agropecuários;2295.0;;6847
2203750;2017;technical_assistance;;Número de estabelecimentos agropecuários;1149.0;;6847
2203800;2017;technical_assistance;;Número de estabelecimentos agropecuários;579.0;;6847
2203859;2017;technical_assistance;;Número de estabelecimentos agropecuários;421.0;;6847
2203909;2017;technical_assistance;;Número de estabelecimentos agropecuários;1382.0;;6847
2204006;2017;technical_assistance;;Número de estabelecimentos agropecuários;659.0;;6847
2204105;2017;technical_assistance;;Número de estabelecimentos agropecuários;615.0;;6847
2204154;2017;technical_assistance;;Número de estabelecimentos agropecuários;444.0;;6847
2204204;2017;technical_assistance;;Número de estabelecimentos agropecuários;1295.0;;6847
2204303;2017;technical_assistance;;Número de estabelecimentos agropecuários;969.0;;6847
2204352;2017;technical_assistance;;Número de estabelecimentos agropecuários;919.0;;6847
2204402;2017;technical_assistance;;Número de estabelecimentos agropecuários;761.0;;6847
2204501;2017;technical_assistance;;Número de estabelecimentos agropecuários;250.0;;6847
2204550;2017;technical_assistance;;Número de estabelecimentos agropecuários;850.0;;6847
2204600;2017;technical_assistance;;Número de estabelecimentos agropecuários;375.0;;6847
2204659;2017;technical_assistance;;Número de estabelecimentos agropecuários;218.0;;6847
2204709;2017;technical_assistance;;Número de estabelecimentos agropecuários;2269.0;;6847
2204808;2017;technical_assistance;;Número de estabelecimentos agropecuários;1211.0;;6847
2204907;2017;technical_assistance;;Número de estabelecimentos agropecuários;1717.0;;6847
2205003;2017;technical_assistance;;Número de estabelecimentos agropecuários;2166.0;;6847
2205102;2017;technical_assistance;;Número de estabelecimentos agropecuários;1476.0;;6847
2205151;2017;technical_assistance;;Número de estabelecimentos agropecuários;1406.0;;6847
2205201;2017;technical_assistance;;Número de estabelecimentos agropecuários;2637.0;;6847
2205250;2017;technical_assistance;;Número de estabelecimentos agropecuários;548.0;;6847
2205276;2017;technical_assistance;;Número de estabelecimentos agropecuários;885.0;;6847
2205300;2017;technical_assistance;;Número de estabelecimentos agropecuários;191.0;;6847
2205359;2017;technical_assistance;;Número de estabelecimentos agropecuários;640.0;;6847
2205409;2017;technical_assistance;;Número de estabelecimentos agropecuários;1464.0;;6847
2205458;2017;technical_assistance;;Número de estabelecimentos agropecuários;789.0;;6847
2205508;2017;technical_assistance;;Número de estabelecimentos agropecuários;3426.0;;6847
2205516;2017;technical_assistance;;Número de estabelecimentos agropecuários;882.0;;6847
2205524;2017;technical_assistance;;Número de estabelecimentos agropecuários;889.0;;6847
2205532;2017;technical_assistance;;Número de estabelecimentos agropecuários;1130.0;;6847
2205540;2017;technical_assistance;;Número de estabelecimentos agropecuários;206.0;;6847
2205557;2017;technical_assistance;;Número de estabelecimentos agropecuários;798.0;;6847
2205565;2017;technical_assistance;;Número de estabelecimentos agropecuários;1004.0;;6847
2205573;2017;technical_assistance;;Número de estabelecimentos agropecuários;940.0;;6847
2205581;2017;technical_assistance;;Número de estabelecimentos agropecuários;566.0;;6847
2205599;2017;technical_assistance;;Número de estabelecimentos agropecuários;1097.0;;6847
2205607;2017;technical_assistance;;Número de estabelecimentos agropecuários;853.0;;6847
2205706;2017;technical_assistance;;Número de estabelecimentos agropecuários;3197.0;;6847
2205805;2017;technical_assistance;;Número de estabelecimentos agropecuários;2396.0;;6847
2205854;2017;technical_assistance;;Número de estabelecimentos agropecuários;892.0;;6847
2205904;2017;technical_assistance;;Número de estabelecimentos agropecuários;494.0;;6847
2205953;2017;technical_assistance;;Número de estabelecimentos agropecuários;434.0;;6847
2206001;2017;technical_assistance;;Número de estabelecimentos agropecuários;421.0;;6847
2206050;2017;technical_assistance;;Número de estabelecimentos agropecuários;1310.0;;6847
2206100;2017;technical_assistance;;Número de estabelecimentos agropecuários;765.0;;6847
2206209;2017;technical_assistance;;Número de estabelecimentos agropecuários;3972.0;;6847
2206308;2017;technical_assistance;;Número de estabelecimentos agropecuários;134.0;;6847
2206357;2017;technical_assistance;;Número de estabelecimentos agropecuários;1327.0;;6847
2206407;2017;technical_assistance;;Número de estabelecimentos agropecuários;925.0;;6847
2206506;2017;technical_assistance;;Número de estabelecimentos agropecuários;1628.0;;6847
2206605;2017;technical_assistance;;Número de estabelecimentos agropecuários;1608.0;;6847
2206654;2017;technical_assistance;;Número de estabelecimentos agropecuários;576.0;;6847
2206670;2017;technical_assistance;;Número de estabelecimentos agropecuários;646.0;;6847
2206696;2017;technical_assistance;;Número de estabelecimentos agropecuários;1622.0;;6847
2206704;2017;technical_assistance;;Número de estabelecimentos agropecuários;531.0;;6847
2206720;2017;technical_assistance;;Número de estabelecimentos agropecuários;870.0;;6847
2206753;2017;technical_assistance;;Número de estabelecimentos agropecuários;692.0;;6847
2206803;2017;technical_assistance;;Número de estabelecimentos agropecuários;1399.0;;6847
2206902;2017;technical_assistance;;Número de estabelecimentos agropecuários;887.0;;6847
2206951;2017;technical_assistance;;Número de estabelecimentos agropecuários;555.0;;6847
2207009;2017;technical_assistance;;Número de estabelecimentos agropecuários;3588.0;;6847
2207108;2017;technical_assistance;;Número de estabelecimentos agropecuários;468.0;;6847
2207207;2017;technical_assistance;;Número de estabelecimentos agropecuários;829.0;;6847
2207306;2017;technical_assistance;;Número de estabelecimentos agropecuários;807.0;;6847
2207355;2017;technical_assistance;;Número de estabelecimentos agropecuários;590.0;;6847
2207405;2017;technical_assistance;;Número de estabelecimentos agropecuários;765.0;;6847
2207504;2017;technical_assistance;;Número de estabelecimentos agropecuários;2044.0;;6847
2207553;2017;technical_assistance;;Número de estabelecimentos agropecuários;597.0;;6847
2207603;2017;technical_assistance;;Número de estabelecimentos agropecuários;1040.0;;6847
2207702;2017;technical_assistance;;Número de estabelecimentos agropecuários;1269.0;;6847
2207751;2017;technical_assistance;;Número de estabelecimentos agropecuários;525.0;;6847
2207777;2017;technical_assistance;;Número de estabelecimentos agropecuários;1273.0;;6847
2207793;2017;technical_assistance;;Número de estabelecimentos agropecuários;661.0;;6847
2207801;2017;technical_assistance;;Número de estabelecimentos agropecuários;2476.0;;6847
2207850;2017;technical_assistance;;Número de estabelecimentos agropecuários;647.0;;6847
2207900;2017;technical_assistance;;Número de estabelecimentos agropecuários;3644.0;;6847
2207934;2017;technical_assistance;;Número de estabelecimentos agropecuários;597.0;;6847
2207959;2017;technical_assistance;;Número de estabelecimentos agropecuários;899.0;;6847
2208007;2017;technical_assistance;;Número de estabelecimentos agropecuários;3014.0;;6847
2208106;2017;technical_assistance;;Número de estabelecimentos agropecuários;1894.0;;6847
2208205;2017;technical_assistance;;Número de estabelecimentos agropecuários;3584.0;;6847
2208304;2017;technical_assistance;;Número de estabelecimentos agropecuários;2030.0;;6847
2208403;2017;technical_assistance;;Número de estabelecimentos agropecuários;3460.0;;6847
2208502;2017;technical_assistance;;Número de estabelecimentos agropecuários;804.0;;6847
2208551;2017;technical_assistance;;Número de estabelecimentos agropecuários;217.0;;6847
2208601;2017;technical_assistance;;Número de estabelecimentos agropecuários;200.0;;6847
2208650;2017;technical_assistance;;Número de estabelecimentos agropecuários;1877.0;;6847
2208700;2017;technical_assistance;;Número de estabelecimentos agropecuários;624.0;;6847
2208809;2017;technical_assistance;;Número de estabelecimentos agropecuários;929.0;;6847
2208858;2017;technical_assistance;;Número de estabelecimentos agropecuários;429.0;;6847
2208874;2017;technical_assistance;;Número de estabelecimentos agropecuários;464.0;;6847
2208908;2017;technical_assistance;;Número de estabelecimentos agropecuários;345.0;;6847
2209005;2017;technical_assistance;;Número de estabelecimentos agropecuários;857.0;;6847
2209104;2017;technical_assistance;;Número de estabelecimentos agropecuários;541.0;;6847
2209153;2017;technical_assistance;;Número de estabelecimentos agropecuários;268.0;;6847
2209203;2017;technical_assistance;;Número de estabelecimentos agropecuários;640.0;;6847
2209302;2017;technical_assistance;;Número de estabelecimentos agropecuários;435.0;;6847
2209351;2017;technical_assistance;;Número de estabelecimentos agropecuários;561.0;;6847
2209377;2017;technical_assistance;;Número de estabelecimentos agropecuários;510.0;;6847
2209401;2017;technical_assistance;;Número de estabelecimentos agropecuários;892.0;;6847
2209450;2017;technical_assistance;;Número de estabelecimentos agropecuários;204.0;;6847
2209500;2017;technical_assistance;;Número de estabelecimentos agropecuários;717.0;;6847
2209559;2017;technical_assistance;;Número de estabelecimentos agropecuários;1073.0;;6847
2209609;2017;technical_assistance;;Número de estabelecimentos agropecuários;338.0;;6847
2209658;2017;technical_assistance;;Número de estabelecimentos agropecuários;1196.0;;6847
2209708;2017;technical_assistance;;Número de estabelecimentos agropecuários;1210.0;;6847
2209757;2017;technical_assistance;;Número de estabelecimentos agropecuários;367.0;;6847
2209807;2017;technical_assistance;;Número de estabelecimentos agropecuários;449.0;;6847
2209856;2017;technical_assistance;;Número de estabelecimentos agropecuários;406.0;;6847
2209872;2017;technical_assistance;;Número de estabelecimentos agropecuários;316.0;;6847
2209906;2017;technical_assistance;;Número de estabelecimentos agropecuários;734.0;;6847
2209955;2017;technical_assistance;;Número de estabelecimentos agropecuários;510.0;;6847
2209971;2017;technical_assistance;;Número de estabelecimentos agropecuários;703.0;;6847
2210003;2017;technical_assistance;;Número de estabelecimentos agropecuários;1311.0;;6847
2210052;2017;technical_assistance;;Número de estabelecimentos agropecuários;538.0;;6847
2210102;2017;technical_assistance;;Número de estabelecimentos agropecuários;397.0;;6847
2210201;2017;technical_assistance;;Número de estabelecimentos agropecuários;1603.0;;6847
2210300;2017;technical_assistance;;Número de estabelecimentos agropecuários;547.0;;6847
2210359;2017;technical_assistance;;Número de estabelecimentos agropecuários;860.0;;6847
2210375;2017;technical_assistance;;Número de estabelecimentos agropecuários;520.0;;6847
2210383;2017;technical_assistance;;Número de estabelecimentos agropecuários;293.0;;6847
2210391;2017;technical_assistance;;Número de estabelecimentos agropecuários;207.0;;6847
2210409;2017;technical_assistance;;Número de estabelecimentos agropecuários;2632.0;;6847
2210508;2017;technical_assistance;;Número de estabelecimentos agropecuários;1489.0;;6847
2210607;2017;technical_assistance;;Número de estabelecimentos agropecuários;3664.0;;6847
2210623;2017;technical_assistance;;Número de estabelecimentos agropecuários;578.0;;6847
2210631;2017;technical_assistance;;Número de estabelecimentos agropecuários;502.0;;6847
2210656;2017;technical_assistance;;Número de estabelecimentos agropecuários;1534.0;;6847
2210706;2017;technical_assistance;;Número de estabelecimentos agropecuários;2082.0;;6847
2210805;2017;technical_assistance;;Número de estabelecimentos agropecuários;1636.0;;6847
2210904;2017;technical_assistance;;Número de estabelecimentos agropecuários;635.0;;6847
2210938;2017;technical_assistance;;Número de estabelecimentos agropecuários;863.0;;6847
2210953;2017;technical_assistance;;Número de estabelecimentos agropecuários;592.0;;6847
2210979;2017;technical_assistance;;Número de estabelecimentos agropecuários;444.0;;6847
2211001;2017;technical_assistance;;Número de estabelecimentos agropecuários;5171.0;;6847
2211100;2017;technical_assistance;;Número de estabelecimentos agropecuários;3781.0;;6847
2211209;2017;technical_assistance;;Número de estabelecimentos agropecuários;1220.0;;6847
2211308;2017;technical_assistance;;Número de estabelecimentos agropecuários;1154.0;;6847
2211357;2017;technical_assistance;;Número de estabelecimentos agropecuários;1139.0;;6847
2211407;2017;technical_assistance;;Número de estabelecimentos agropecuários;528.0;;6847
2211506;2017;technical_assistance;;Número de estabelecimentos agropecuários;719.0;;6847
2211605;2017;technical_assistance;;Número de estabelecimentos agropecuários;869.0;;6847
2211704;2017;technical_assistance;;Número de estabelecimentos agropecuários;833.0;;6847
4100103;2017;technical_assistance;;Número de estabelecimentos agropecuários;673.0;;6847
4100202;2017;technical_assistance;;Número de estabelecimentos agropecuários;663.0;;6847
4100301;2017;technical_assistance;;Número de estabelecimentos agropecuários;1002.0;;6847
4100400;2017;technical_assistance;;Número de estabelecimentos agropecuários;206.0;;6847
4100459;2017;technical_assistance;;Número de estabelecimentos agropecuários;543.0;;6847
4100509;2017;technical_assistance;;Número de estabelecimentos agropecuários;1571.0;;6847
4100608;2017;technical_assistance;;Número de estabelecimentos agropecuários;592.0;;6847
4100707;2017;technical_assistance;;Número de estabelecimentos agropecuários;754.0;;6847
4100806;2017;technical_assistance;;Número de estabelecimentos agropecuários;371.0;;6847
4100905;2017;technical_assistance;;Número de estabelecimentos agropecuários;319.0;;6847
4101002;2017;technical_assistance;;Número de estabelecimentos agropecuários;1185.0;;6847
4101051;2017;technical_assistance;;Número de estabelecimentos agropecuários;208.0;;6847
4101101;2017;technical_assistance;;Número de estabelecimentos agropecuários;291.0;;6847
4101150;2017;technical_assistance;;Número de estabelecimentos agropecuários;265.0;;6847
4101200;2017;technical_assistance;;Número de estabelecimentos agropecuários;304.0;;6847
4101309;2017;technical_assistance;;Número de estabelecimentos agropecuários;1008.0;;6847
4101408;2017;technical_assistance;;Número de estabelecimentos agropecuários;1308.0;;6847
4101507;2017;technical_assistance;;Número de estabelecimentos agropecuários;568.0;;6847
4101606;2017;technical_assistance;;Número de estabelecimentos agropecuários;858.0;;6847
4101655;2017;technical_assistance;;Número de estabelecimentos agropecuários;476.0;;6847
4101705;2017;technical_assistance;;Número de estabelecimentos agropecuários;611.0;;6847
4101804;2017;technical_assistance;;Número de estabelecimentos agropecuários;1387.0;;6847
4101853;2017;technical_assistance;;Número de estabelecimentos agropecuários;524.0;;6847
4101903;2017;technical_assistance;;Número de estabelecimentos agropecuários;598.0;;6847
4102000;2017;technical_assistance;;Número de estabelecimentos agropecuários;1472.0;;6847
4102109;2017;technical_assistance;;Número de estabelecimentos agropecuários;705.0;;6847
4102208;2017;technical_assistance;;Número de estabelecimentos agropecuários;279.0;;6847
4102307;2017;technical_assistance;;Número de estabelecimentos agropecuários;295.0;;6847
4102406;2017;technical_assistance;;Número de estabelecimentos agropecuários;774.0;;6847
4102505;2017;technical_assistance;;Número de estabelecimentos agropecuários;909.0;;6847
4102604;2017;technical_assistance;;Número de estabelecimentos agropecuários;794.0;;6847
4102703;2017;technical_assistance;;Número de estabelecimentos agropecuários;282.0;;6847
4102752;2017;technical_assistance;;Número de estabelecimentos agropecuários;838.0;;6847
4102802;2017;technical_assistance;;Número de estabelecimentos agropecuários;342.0;;6847
4102901;2017;technical_assistance;;Número de estabelecimentos agropecuários;1561.0;;6847
4103008;2017;technical_assistance;;Número de estabelecimentos agropecuários;378.0;;6847
4103024;2017;technical_assistance;;Número de estabelecimentos agropecuários;431.0;;6847
4103040;2017;technical_assistance;;Número de estabelecimentos agropecuários;1292.0;;6847
4103057;2017;technical_assistance;;Número de estabelecimentos agropecuários;857.0;;6847
4103107;2017;technical_assistance;;Número de estabelecimentos agropecuários;378.0;;6847
4103156;2017;technical_assistance;;Número de estabelecimentos agropecuários;832.0;;6847
4103206;2017;technical_assistance;;Número de estabelecimentos agropecuários;363.0;;6847
4103222;2017;technical_assistance;;Número de estabelecimentos agropecuários;333.0;;6847
4103305;2017;technical_assistance;;Número de estabelecimentos agropecuários;670.0;;6847
4103354;2017;technical_assistance;;Número de estabelecimentos agropecuários;511.0;;6847
4103370;2017;technical_assistance;;Número de estabelecimentos agropecuários;203.0;;6847
4103404;2017;technical_assistance;;Número de estabelecimentos agropecuários;158.0;;6847
4103453;2017;technical_assistance;;Número de estabelecimentos agropecuários;444.0;;6847
4103479;2017;technical_assistance;;Número de estabelecimentos agropecuários;538.0;;6847
4103503;2017;technical_assistance;;Número de estabelecimentos agropecuários;438.0;;6847
4103602;2017;technical_assistance;;Número de estabelecimentos agropecuários;398.0;;6847
4103701;2017;technical_assistance;;Número de estabelecimentos agropecuários;563.0;;6847
4103800;2017;technical_assistance;;Número de estabelecimentos agropecuários;554.0;;6847
4103909;2017;technical_assistance;;Número de estabelecimentos agropecuários;729.0;;6847
4103958;2017;technical_assistance;;Número de estabelecimentos agropecuários;460.0;;6847
4104006;2017;technical_assistance;;Número de estabelecimentos agropecuários;447.0;;6847
4104055;2017;technical_assistance;;Número de estabelecimentos agropecuários;552.0;;6847
4104105;2017;technical_assistance;;Número de estabelecimentos agropecuários;322.0;;6847
4104204;2017;technical_assistance;;Número de estabelecimentos agropecuários;2233.0;;6847
4104253;2017;technical_assistance;;Número de estabelecimentos agropecuários;858.0;;6847
4104303;2017;technical_assistance;;Número de estabelecimentos agropecuários;626.0;;6847
4104402;2017;technical_assistance;;Número de estabelecimentos agropecuários;2452.0;;6847
4104428;2017;technical_assistance;;Número de estabelecimentos agropecuários;1481.0;;6847
4104451;2017;technical_assistance;;Número de estabelecimentos agropecuários;943.0;;6847
4104501;2017;technical_assistance;;Número de estabelecimentos agropecuários;1917.0;;6847
4104600;2017;technical_assistance;;Número de estabelecimentos agropecuários;987.0;;6847
4104659;2017;technical_assistance;;Número de estabelecimentos agropecuários;222.0;;6847
4104709;2017;technical_assistance;;Número de estabelecimentos agropecuários;1273.0;;6847
4104808;2017;technical_assistance;;Número de estabelecimentos agropecuários;3221.0;;6847
4104907;2017;technical_assistance;;Número de estabelecimentos agropecuários;2603.0;;6847
4105003;2017;technical_assistance;;Número de estabelecimentos agropecuários;1076.0;;6847
4105102;2017;technical_assistance;;Número de estabelecimentos agropecuários;795.0;;6847
4105201;2017;technical_assistance;;Número de estabelecimentos agropecuários;1991.0;;6847
4105300;2017;technical_assistance;;Número de estabelecimentos agropecuários;801.0;;6847
4105409;2017;technical_assistance;;Número de estabelecimentos agropecuários;1550.0;;6847
4105508;2017;technical_assistance;;Número de estabelecimentos agropecuários;1349.0;;6847
4105607;2017;technical_assistance;;Número de estabelecimentos agropecuários;332.0;;6847
4105706;2017;technical_assistance;;Número de estabelecimentos agropecuários;761.0;;6847
4105805;2017;technical_assistance;;Número de estabelecimentos agropecuários;374.0;;6847
4105904;2017;technical_assistance;;Número de estabelecimentos agropecuários;393.0;;6847
4106001;2017;technical_assistance;;Número de estabelecimentos agropecuários;974.0;;6847
4106100;2017;technical_assistance;;Número de estabelecimentos agropecuários;218.0;;6847
4106209;2017;technical_assistance;;Número de estabelecimentos agropecuários;1074.0;;6847
4106308;2017;technical_assistance;;Número de estabelecimentos agropecuários;454.0;;6847
4106407;2017;technical_assistance;;Número de estabelecimentos agropecuários;729.0;;6847
4106456;2017;technical_assistance;;Número de estabelecimentos agropecuários;1198.0;;6847
4106506;2017;technical_assistance;;Número de estabelecimentos agropecuários;1481.0;;6847
4106555;2017;technical_assistance;;Número de estabelecimentos agropecuários;382.0;;6847
4106571;2017;technical_assistance;;Número de estabelecimentos agropecuários;448.0;;6847
4106605;2017;technical_assistance;;Número de estabelecimentos agropecuários;1019.0;;6847
4106704;2017;technical_assistance;;Número de estabelecimentos agropecuários;257.0;;6847
4106803;2017;technical_assistance;;Número de estabelecimentos agropecuários;3051.0;;6847
4106852;2017;technical_assistance;;Número de estabelecimentos agropecuários;325.0;;6847
4106902;2017;technical_assistance;;Número de estabelecimentos agropecuários;123.0;;6847
4107009;2017;technical_assistance;;Número de estabelecimentos agropecuários;911.0;;6847
4107108;2017;technical_assistance;;Número de estabelecimentos agropecuários;176.0;;6847
4107124;2017;technical_assistance;;Número de estabelecimentos agropecuários;544.0;;6847
4107157;2017;technical_assistance;;Número de estabelecimentos agropecuários;696.0;;6847
4107207;2017;technical_assistance;;Número de estabelecimentos agropecuários;1880.0;;6847
4107256;2017;technical_assistance;;Número de estabelecimentos agropecuários;512.0;;6847
4107306;2017;technical_assistance;;Número de estabelecimentos agropecuários;288.0;;6847
4107405;2017;technical_assistance;;Número de estabelecimentos agropecuários;910.0;;6847
4107504;2017;technical_assistance;;Número de estabelecimentos agropecuários;543.0;;6847
4107520;2017;technical_assistance;;Número de estabelecimentos agropecuários;352.0;;6847
4107538;2017;technical_assistance;;Número de estabelecimentos agropecuários;316.0;;6847
4107546;2017;technical_assistance;;Número de estabelecimentos agropecuários;674.0;;6847
4107553;2017;technical_assistance;;Número de estabelecimentos agropecuários;282.0;;6847
4107603;2017;technical_assistance;;Número de estabelecimentos agropecuários;539.0;;6847
4107652;2017;technical_assistance;;Número de estabelecimentos agropecuários;134.0;;6847
4107702;2017;technical_assistance;;Número de estabelecimentos agropecuários;322.0;;6847
4107736;2017;technical_assistance;;Número de estabelecimentos agropecuários;521.0;;6847
4107751;2017;technical_assistance;;Número de estabelecimentos agropecuários;326.0;;6847
4107801;2017;technical_assistance;;Número de estabelecimentos agropecuários;218.0;;6847
4107850;2017;technical_assistance;;Número de estabelecimentos agropecuários;661.0;;6847
4107900;2017;technical_assistance;;Número de estabelecimentos agropecuários;158.0;;6847
4108007;2017;technical_assistance;;Número de estabelecimentos agropecuários;211.0;;6847
4108106;2017;technical_assistance;;Número de estabelecimentos agropecuários;100.0;;6847
4108205;2017;technical_assistance;;Número de estabelecimentos agropecuários;771.0;;6847
4108304;2017;technical_assistance;;Número de estabelecimentos agropecuários;568.0;;6847
4108320;2017;technical_assistance;;Número de estabelecimentos agropecuários;679.0;;6847
4108403;2017;technical_assistance;;Número de estabelecimentos agropecuários;2621.0;;6847
4108452;2017;technical_assistance;;Número de estabelecimentos agropecuários;259.0;;6847
4108502;2017;technical_assistance;;Número de estabelecimentos agropecuários;668.0;;6847
4108551;2017;technical_assistance;;Número de estabelecimentos agropecuários;465.0;;6847
4108601;2017;technical_assistance;;Número de estabelecimentos agropecuários;532.0;;6847
4108650;2017;technical_assistance;;Número de estabelecimentos agropecuários;856.0;;6847
4108700;2017;technical_assistance;;Número de estabelecimentos agropecuários;572.0;;6847
4108809;2017;technical_assistance;;Número de estabelecimentos agropecuários;661.0;;6847
4108908;2017;technical_assistance;;Número de estabelecimentos agropecuários;499.0;;6847
4108957;2017;technical_assistance;;Número de estabelecimentos agropecuários;1034.0;;6847
4109005;2017;technical_assistance;;Número de estabelecimentos agropecuários;325.0;;6847
4109104;2017;technical_assistance;;Número de estabelecimentos agropecuários;200.0;;6847
4109203;2017;technical_assistance;;Número de estabelecimentos agropecuários;216.0;;6847
4109302;2017;technical_assistance;;Número de estabelecimentos agropecuários;1658.0;;6847
4109401;2017;technical_assistance;;Número de estabelecimentos agropecuários;2134.0;;6847
4109500;2017;technical_assistance;;Número de estabelecimentos agropecuários;493.0;;6847
4109609;2017;technical_assistance;;Número de estabelecimentos agropecuários;376.0;;6847
4109658;2017;technical_assistance;;Número de estabelecimentos agropecuários;733.0;;6847
4109708;2017;technical_assistance;;Número de estabelecimentos agropecuários;1453.0;;6847
4109757;2017;technical_assistance;;Número de estabelecimentos agropecuários;398.0;;6847
4109807;2017;technical_assistance;;Número de estabelecimentos agropecuários;482.0;;6847
4109906;2017;technical_assistance;;Número de estabelecimentos agropecuários;630.0;;6847
4110003;2017;technical_assistance;;Número de estabelecimentos agropecuários;223.0;;6847
4110052;2017;technical_assistance;;Número de estabelecimentos agropecuários;265.0;;6847
4110078;2017;technical_assistance;;Número de estabelecimentos agropecuários;580.0;;6847
4110102;2017;technical_assistance;;Número de estabelecimentos agropecuários;1599.0;;6847
4110201;2017;technical_assistance;;Número de estabelecimentos agropecuários;794.0;;6847
4110300;2017;technical_assistance;;Número de estabelecimentos agropecuários;120.0;;6847
4110409;2017;technical_assistance;;Número de estabelecimentos agropecuários;398.0;;6847
4110508;2017;technical_assistance;;Número de estabelecimentos agropecuários;1766.0;;6847
4110607;2017;technical_assistance;;Número de estabelecimentos agropecuários;1263.0;;6847
4110656;2017;technical_assistance;;Número de estabelecimentos agropecuários;194.0;;6847
4110706;2017;technical_assistance;;Número de estabelecimentos agropecuários;2394.0;;6847
4110805;2017;technical_assistance;;Número de estabelecimentos agropecuários;1183.0;;6847
4110904;2017;technical_assistance;;Número de estabelecimentos agropecuários;273.0;;6847
4110953;2017;technical_assistance;;Número de estabelecimentos agropecuários;517.0;;6847
4111001;2017;technical_assistance;;Número de estabelecimentos agropecuários;202.0;;6847
4111100;2017;technical_assistance;;Número de estabelecimentos agropecuários;243.0;;6847
4111209;2017;technical_assistance;;Número de estabelecimentos agropecuários;709.0;;6847
4111258;2017;technical_assistance;;Número de estabelecimentos agropecuários;552.0;;6847
4111308;2017;technical_assistance;;Número de estabelecimentos agropecuários;292.0;;6847
4111407;2017;technical_assistance;;Número de estabelecimentos agropecuários;1683.0;;6847
4111506;2017;technical_assistance;;Número de estabelecimentos agropecuários;1161.0;;6847
4111555;2017;technical_assistance;;Número de estabelecimentos agropecuários;531.0;;6847
4111605;2017;technical_assistance;;Número de estabelecimentos agropecuários;88.0;;6847
4111704;2017;technical_assistance;;Número de estabelecimentos agropecuários;638.0;;6847
4111803;2017;technical_assistance;;Número de estabelecimentos agropecuários;811.0;;6847
4111902;2017;technical_assistance;;Número de estabelecimentos agropecuários;409.0;;6847
4112009;2017;technical_assistance;;Número de estabelecimentos agropecuários;1014.0;;6847
4112108;2017;technical_assistance;;Número de estabelecimentos agropecuários;469.0;;6847
4112207;2017;technical_assistance;;Número de estabelecimentos agropecuários;472.0;;6847
4112306;2017;technical_assistance;;Número de estabelecimentos agropecuários;577.0;;6847
4112405;2017;technical_assistance;;Número de estabelecimentos agropecuários;405.0;;6847
4112504;2017;technical_assistance;;Número de estabelecimentos agropecuários;1232.0;;6847
4112603;2017;technical_assistance;;Número de estabelecimentos agropecuários;76.0;;6847
4112702;2017;technical_assistance;;Número de estabelecimentos agropecuários;222.0;;6847
4112751;2017;technical_assistance;;Número de estabelecimentos agropecuários;754.0;;6847
4112801;2017;technical_assistance;;Número de estabelecimentos agropecuários;665.0;;6847
4112900;2017;technical_assistance;;Número de estabelecimentos agropecuários;324.0;;6847
4112959;2017;technical_assistance;;Número de estabelecimentos agropecuários;440.0;;6847
4113007;2017;technical_assistance;;Número de estabelecimentos agropecuários;227.0;;6847
4113106;2017;technical_assistance;;Número de estabelecimentos agropecuários;441.0;;6847
4113205;2017;technical_assistance;;Número de estabelecimentos agropecuários;2290.0;;6847
4113254;2017;technical_assistance;;Número de estabelecimentos agropecuários;814.0;;6847
4113304;2017;technical_assistance;;Número de estabelecimentos agropecuários;1345.0;;6847
4113403;2017;technical_assistance;;Número de estabelecimentos agropecuários;300.0;;6847
4113429;2017;technical_assistance;;Número de estabelecimentos agropecuários;345.0;;6847
4113452;2017;technical_assistance;;Número de estabelecimentos agropecuários;770.0;;6847
4113502;2017;technical_assistance;;Número de estabelecimentos agropecuários;421.0;;6847
4113601;2017;technical_assistance;;Número de estabelecimentos agropecuários;158.0;;6847
4113700;2017;technical_assistance;;Número de estabelecimentos agropecuários;2205.0;;6847
4113734;2017;technical_assistance;;Número de estabelecimentos agropecuários;429.0;;6847
4113759;2017;technical_assistance;;Número de estabelecimentos agropecuários;369.0;;6847
4113809;2017;technical_assistance;;Número de estabelecimentos agropecuários;173.0;;6847
4113908;2017;technical_assistance;;Número de estabelecimentos agropecuários;1524.0;;6847
4114005;2017;technical_assistance;;Número de estabelecimentos agropecuários;514.0;;6847
4114104;2017;technical_assistance;;Número de estabelecimentos agropecuários;346.0;;6847
4114203;2017;technical_assistance;;Número de estabelecimentos agropecuários;743.0;;6847
4114302;2017;technical_assistance;;Número de estabelecimentos agropecuários;836.0;;6847
4114351;2017;technical_assistance;;Número de estabelecimentos agropecuários;562.0;;6847
4114401;2017;technical_assistance;;Número de estabelecimentos agropecuários;1559.0;;6847
4114500;2017;technical_assistance;;Número de estabelecimentos agropecuários;1262.0;;6847
4114609;2017;technical_assistance;;Número de estabelecimentos agropecuários;1934.0;;6847
4114708;2017;technical_assistance;;Número de estabelecimentos agropecuários;763.0;;6847
4114807;2017;technical_assistance;;Número de estabelecimentos agropecuários;1351.0;;6847
4114906;2017;technical_assistance;;Número de estabelecimentos agropecuários;435.0;;6847
4115002;2017;technical_assistance;;Número de estabelecimentos agropecuários;489.0;;6847
4115101;2017;technical_assistance;;Número de estabelecimentos agropecuários;458.0;;6847
4115200;2017;technical_assistance;;Número de estabelecimentos agropecuários;654.0;;6847
4115309;2017;technical_assistance;;Número de estabelecimentos agropecuários;504.0;;6847
4115358;2017;technical_assistance;;Número de estabelecimentos agropecuários;665.0;;6847
4115408;2017;technical_assistance;;Número de estabelecimentos agropecuários;1149.0;;6847
4115457;2017;technical_assistance;;Número de estabelecimentos agropecuários;930.0;;6847
4115507;2017;technical_assistance;;Número de estabelecimentos agropecuários;372.0;;6847
4115606;2017;technical_assistance;;Número de estabelecimentos agropecuários;971.0;;6847
4115705;2017;technical_assistance;;Número de estabelecimentos agropecuários;6.0;;6847
4115739;2017;technical_assistance;;Número de estabelecimentos agropecuários;599.0;;6847
4115754;2017;technical_assistance;;Número de estabelecimentos agropecuários;168.0;;6847
4115804;2017;technical_assistance;;Número de estabelecimentos agropecuários;1153.0;;6847
4115853;2017;technical_assistance;;Número de estabelecimentos agropecuários;706.0;;6847
4115903;2017;technical_assistance;;Número de estabelecimentos agropecuários;175.0;;6847
4116000;2017;technical_assistance;;Número de estabelecimentos agropecuários;134.0;;6847
4116059;2017;technical_assistance;;Número de estabelecimentos agropecuários;1331.0;;6847
4116109;2017;technical_assistance;;Número de estabelecimentos agropecuários;724.0;;6847
4116208;2017;technical_assistance;;Número de estabelecimentos agropecuários;527.0;;6847
4116307;2017;technical_assistance;;Número de estabelecimentos agropecuários;301.0;;6847
4116406;2017;technical_assistance;;Número de estabelecimentos agropecuários;190.0;;6847
4116505;2017;technical_assistance;;Número de estabelecimentos agropecuários;239.0;;6847
4116604;2017;technical_assistance;;Número de estabelecimentos agropecuários;166.0;;6847
4116703;2017;technical_assistance;;Número de estabelecimentos agropecuários;839.0;;6847
4116802;2017;technical_assistance;;Número de estabelecimentos agropecuários;711.0;;6847
4116901;2017;technical_assistance;;Número de estabelecimentos agropecuários;777.0;;6847
4116950;2017;technical_assistance;;Número de estabelecimentos agropecuários;940.0;;6847
4117008;2017;technical_assistance;;Número de estabelecimentos agropecuários;245.0;;6847
4117057;2017;technical_assistance;;Número de estabelecimentos agropecuários;2041.0;;6847
4117107;2017;technical_assistance;;Número de estabelecimentos agropecuários;300.0;;6847
4117206;2017;technical_assistance;;Número de estabelecimentos agropecuários;258.0;;6847
4117214;2017;technical_assistance;;Número de estabelecimentos agropecuários;186.0;;6847
4117222;2017;technical_assistance;;Número de estabelecimentos agropecuários;686.0;;6847
4117255;2017;technical_assistance;;Número de estabelecimentos agropecuários;980.0;;6847
4117271;2017;technical_assistance;;Número de estabelecimentos agropecuários;1051.0;;6847
4117297;2017;technical_assistance;;Número de estabelecimentos agropecuários;422.0;;6847
4117305;2017;technical_assistance;;Número de estabelecimentos agropecuários;2968.0;;6847
4117404;2017;technical_assistance;;Número de estabelecimentos agropecuários;203.0;;6847
4117453;2017;technical_assistance;;Número de estabelecimentos agropecuários;461.0;;6847
4117503;2017;technical_assistance;;Número de estabelecimentos agropecuários;179.0;;6847
4117602;2017;technical_assistance;;Número de estabelecimentos agropecuários;644.0;;6847
4117701;2017;technical_assistance;;Número de estabelecimentos agropecuários;1987.0;;6847
4117800;2017;technical_assistance;;Número de estabelecimentos agropecuários;1684.0;;6847
4117909;2017;technical_assistance;;Número de estabelecimentos agropecuários;1249.0;;6847
4118006;2017;technical_assistance;;Número de estabelecimentos agropecuários;358.0;;6847
4118105;2017;technical_assistance;;Número de estabelecimentos agropecuários;246.0;;6847
4118204;2017;technical_assistance;;Número de estabelecimentos agropecuários;137.0;;6847
4118303;2017;technical_assistance;;Número de estabelecimentos agropecuários;25.0;;6847
4118402;2017;technical_assistance;;Número de estabelecimentos agropecuários;1328.0;;6847
4118451;2017;technical_assistance;;Número de estabelecimentos agropecuários;321.0;;6847
4118501;2017;technical_assistance;;Número de estabelecimentos agropecuários;1116.0;;6847
4118600;2017;technical_assistance;;Número de estabelecimentos agropecuários;485.0;;6847
4118709;2017;technical_assistance;;Número de estabelecimentos agropecuários;1168.0;;6847
4118808;2017;technical_assistance;;Número de estabelecimentos agropecuários;545.0;;6847
4118857;2017;technical_assistance;;Número de estabelecimentos agropecuários;658.0;;6847
4118907;2017;technical_assistance;;Número de estabelecimentos agropecuários;581.0;;6847
4119004;2017;technical_assistance;;Número de estabelecimentos agropecuários;1079.0;;6847
4119103;2017;technical_assistance;;Número de estabelecimentos agropecuários;1213.0;;6847
4119152;2017;technical_assistance;;Número de estabelecimentos agropecuários;37.0;;6847
4119202;2017;technical_assistance;;Número de estabelecimentos agropecuários;616.0;;6847
4119251;2017;technical_assistance;;Número de estabelecimentos agropecuários;405.0;;6847
4119301;2017;technical_assistance;;Número de estabelecimentos agropecuários;2852.0;;6847
4119400;2017;technical_assistance;;Número de estabelecimentos agropecuários;1238.0;;6847
4119509;2017;technical_assistance;;Número de estabelecimentos agropecuários;210.0;;6847
4119608;2017;technical_assistance;;Número de estabelecimentos agropecuários;3008.0;;6847
4119657;2017;technical_assistance;;Número de estabelecimentos agropecuários;247.0;;6847
4119707;2017;technical_assistance;;Número de estabelecimentos agropecuários;468.0;;6847
4119806;2017;technical_assistance;;Número de estabelecimentos agropecuários;1852.0;;6847
4119905;2017;technical_assistance;;Número de estabelecimentos agropecuários;1258.0;;6847
4119954;2017;technical_assistance;;Número de estabelecimentos agropecuários;46.0;;6847
4120002;2017;technical_assistance;;Número de estabelecimentos agropecuários;166.0;;6847
4120101;2017;technical_assistance;;Número de estabelecimentos agropecuários;102.0;;6847
4120150;2017;technical_assistance;;Número de estabelecimentos agropecuários;744.0;;6847
4120200;2017;technical_assistance;;Número de estabelecimentos agropecuários;131.0;;6847
4120309;2017;technical_assistance;;Número de estabelecimentos agropecuários;418.0;;6847
4120333;2017;technical_assistance;;Número de estabelecimentos agropecuários;100.0;;6847
4120358;2017;technical_assistance;;Número de estabelecimentos agropecuários;460.0;;6847
4120408;2017;technical_assistance;;Número de estabelecimentos agropecuários;288.0;;6847
4120507;2017;technical_assistance;;Número de estabelecimentos agropecuários;445.0;;6847
4120606;2017;technical_assistance;;Número de estabelecimentos agropecuários;6625.0;;6847
4120655;2017;technical_assistance;;Número de estabelecimentos agropecuários;219.0;;6847
4120705;2017;technical_assistance;;Número de estabelecimentos agropecuários;304.0;;6847
4120804;2017;technical_assistance;;Número de estabelecimentos agropecuários;133.0;;6847
4120853;2017;technical_assistance;;Número de estabelecimentos agropecuários;365.0;;6847
4120903;2017;technical_assistance;;Número de estabelecimentos agropecuários;3143.0;;6847
4121000;2017;technical_assistance;;Número de estabelecimentos agropecuários;1035.0;;6847
4121109;2017;technical_assistance;;Número de estabelecimentos agropecuários;258.0;;6847
4121208;2017;technical_assistance;;Número de estabelecimentos agropecuários;1488.0;;6847
4121257;2017;technical_assistance;;Número de estabelecimentos agropecuários;601.0;;6847
4121307;2017;technical_assistance;;Número de estabelecimentos agropecuários;234.0;;6847
4121356;2017;technical_assistance;;Número de estabelecimentos agropecuários;240.0;;6847
4121406;2017;technical_assistance;;Número de estabelecimentos agropecuários;917.0;;6847
4121505;2017;technical_assistance;;Número de estabelecimentos agropecuários;1242.0;;6847
4121604;2017;technical_assistance;;Número de estabelecimentos agropecuários;787.0;;6847
4121703;2017;technical_assistance;;Número de estabelecimentos agropecuários;1471.0;;6847
4121752;2017;technical_assistance;;Número de estabelecimentos agropecuários;693.0;;6847
4121802;2017;technical_assistance;;Número de estabelecimentos agropecuários;799.0;;6847
4121901;2017;technical_assistance;;Número de estabelecimentos agropecuários;602.0;;6847
4122008;2017;technical_assistance;;Número de estabelecimentos agropecuários;2042.0;;6847
4122107;2017;technical_assistance;;Número de estabelecimentos agropecuários;313.0;;6847
4122156;2017;technical_assistance;;Número de estabelecimentos agropecuários;2919.0;;6847
4122172;2017;technical_assistance;;Número de estabelecimentos agropecuários;607.0;;6847
4122206;2017;technical_assistance;;Número de estabelecimentos agropecuários;1083.0;;6847
4122305;2017;technical_assistance;;Número de estabelecimentos agropecuários;1094.0;;6847
4122404;2017;technical_assistance;;Número de estabelecimentos agropecuários;666.0;;6847
4122503;2017;technical_assistance;;Número de estabelecimentos agropecuários;905.0;;6847
4122602;2017;technical_assistance;;Número de estabelecimentos agropecuários;508.0;;6847
4122651;2017;technical_assistance;;Número de estabelecimentos agropecuários;839.0;;6847
4122701;2017;technical_assistance;;Número de estabelecimentos agropecuários;326.0;;6847
4122800;2017;technical_assistance;;Número de estabelecimentos agropecuários;552.0;;6847
4122909;2017;technical_assistance;;Número de estabelecimentos agropecuários;469.0;;6847
4123006;2017;technical_assistance;;Número de estabelecimentos agropecuários;1417.0;;6847
4123105;2017;technical_assistance;;Número de estabelecimentos agropecuários;172.0;;6847
4123204;2017;technical_assistance;;Número de estabelecimentos agropecuários;180.0;;6847
4123303;2017;technical_assistance;;Número de estabelecimentos agropecuários;445.0;;6847
4123402;2017;technical_assistance;;Número de estabelecimentos agropecuários;436.0;;6847
4123501;2017;technical_assistance;;Número de estabelecimentos agropecuários;1599.0;;6847
4123600;2017;technical_assistance;;Número de estabelecimentos agropecuários;88.0;;6847
4123709;2017;technical_assistance;;Número de estabelecimentos agropecuários;467.0;;6847
4123808;2017;technical_assistance;;Número de estabelecimentos agropecuários;1077.0;;6847
4123824;2017;technical_assistance;;Número de estabelecimentos agropecuários;493.0;;6847
4123857;2017;technical_assistance;;Número de estabelecimentos agropecuários;1861.0;;6847
4123907;2017;technical_assistance;;Número de estabelecimentos agropecuários;299.0;;6847
4123956;2017;technical_assistance;;Número de estabelecimentos agropecuários;278.0;;6847
4124004;2017;technical_assistance;;Número de estabelecimentos agropecuários;419.0;;6847
4124020;2017;technical_assistance;;Número de estabelecimentos agropecuários;389.0;;6847
4124053;2017;technical_assistance;;Número de estabelecimentos agropecuários;438.0;;6847
4124103;2017;technical_assistance;;Número de estabelecimentos agropecuários;1638.0;;6847
4124202;2017;technical_assistance;;Número de estabelecimentos agropecuários;231.0;;6847
4124301;2017;technical_assistance;;Número de estabelecimentos agropecuários;179.0;;6847
4124400;2017;technical_assistance;;Número de estabelecimentos agropecuários;1350.0;;6847
4124509;2017;technical_assistance;;Número de estabelecimentos agropecuários;225.0;;6847
4124608;2017;technical_assistance;;Número de estabelecimentos agropecuários;152.0;;6847
4124707;2017;technical_assistance;;Número de estabelecimentos agropecuários;1357.0;;6847
4124806;2017;technical_assistance;;Número de estabelecimentos agropecuários;1215.0;;6847
4124905;2017;technical_assistance;;Número de estabelecimentos agropecuários;319.0;;6847
4125001;2017;technical_assistance;;Número de estabelecimentos agropecuários;678.0;;6847
4125100;2017;technical_assistance;;Número de estabelecimentos agropecuários;1959.0;;6847
4125209;2017;technical_assistance;;Número de estabelecimentos agropecuários;1024.0;;6847
4125308;2017;technical_assistance;;Número de estabelecimentos agropecuários;253.0;;6847
4125357;2017;technical_assistance;;Número de estabelecimentos agropecuários;688.0;;6847
4125407;2017;technical_assistance;;Número de estabelecimentos agropecuários;805.0;;6847
4125456;2017;technical_assistance;;Número de estabelecimentos agropecuários;408.0;;6847
4125506;2017;technical_assistance;;Número de estabelecimentos agropecuários;1515.0;;6847
4125555;2017;technical_assistance;;Número de estabelecimentos agropecuários;217.0;;6847
4125605;2017;technical_assistance;;Número de estabelecimentos agropecuários;3406.0;;6847
4125704;2017;technical_assistance;;Número de estabelecimentos agropecuários;1588.0;;6847
4125753;2017;technical_assistance;;Número de estabelecimentos agropecuários;509.0;;6847
4125803;2017;technical_assistance;;Número de estabelecimentos agropecuários;347.0;;6847
4125902;2017;technical_assistance;;Número de estabelecimentos agropecuários;343.0;;6847
4126009;2017;technical_assistance;;Número de estabelecimentos agropecuários;184.0;;6847
4126108;2017;technical_assistance;;Número de estabelecimentos agropecuários;292.0;;6847
4126207;2017;technical_assistance;;Número de estabelecimentos agropecuários;653.0;;6847
4126256;2017;technical_assistance;;Número de estabelecimentos agropecuários;144.0;;6847
4126272;2017;technical_assistance;;Número de estabelecimentos agropecuários;535.0;;6847
4126306;2017;technical_assistance;;Número de estabelecimentos agropecuários;783.0;;6847
4126355;2017;technical_assistance;;Número de estabelecimentos agropecuários;712.0;;6847
4126405;2017;technical_assistance;;Número de estabelecimentos agropecuários;169.0;;6847
4126504;2017;technical_assistance;;Número de estabelecimentos agropecuários;393.0;;6847
4126603;2017;technical_assistance;;Número de estabelecimentos agropecuários;1071.0;;6847
4126652;2017;technical_assistance;;Número de estabelecimentos agropecuários;499.0;;6847
4126678;2017;technical_assistance;;Número de estabelecimentos agropecuários;597.0;;6847
4126702;2017;technical_assistance;;Número de estabelecimentos agropecuários;286.0;;6847
4126801;2017;technical_assistance;;Número de estabelecimentos agropecuários;289.0;;6847
4126900;2017;technical_assistance;;Número de estabelecimentos agropecuários;625.0;;6847
4127007;2017;technical_assistance;;Número de estabelecimentos agropecuários;743.0;;6847
4127106;2017;technical_assistance;;Número de estabelecimentos agropecuários;96.0;;6847
4127205;2017;technical_assistance;;Número de estabelecimentos agropecuários;451.0;;6847
4127304;2017;technical_assistance;;Número de estabelecimentos agropecuários;989.0;;6847
4127403;2017;technical_assistance;;Número de estabelecimentos agropecuários;1209.0;;6847
4127502;2017;technical_assistance;;Número de estabelecimentos agropecuários;1040.0;;6847
4127601;2017;technical_assistance;;Número de estabelecimentos agropecuários;691.0;;6847
4127700;2017;technical_assistance;;Número de estabelecimentos agropecuários;2608.0;;6847
4127809;2017;technical_assistance;;Número de estabelecimentos agropecuários;1290.0;;6847
4127858;2017;technical_assistance;;Número de estabelecimentos agropecuários;1167.0;;6847
4127882;2017;technical_assistance;;Número de estabelecimentos agropecuários;163.0;;6847
4127908;2017;technical_assistance;;Número de estabelecimentos agropecuários;720.0;;6847
4127957;2017;technical_assistance;;Número de estabelecimentos agropecuários;613.0;;6847
4127965;2017;technical_assistance;;Número de estabelecimentos agropecuários;1219.0;;6847
4128005;2017;technical_assistance;;Número de estabelecimentos agropecuários;811.0;;6847
4128104;2017;technical_assistance;;Número de estabelecimentos agropecuários;1818.0;;6847
4128203;2017;technical_assistance;;Número de estabelecimentos agropecuários;799.0;;6847
4128302;2017;technical_assistance;;Número de estabelecimentos agropecuários;226.0;;6847
4128401;2017;technical_assistance;;Número de estabelecimentos agropecuários;600.0;;6847
4128500;2017;technical_assistance;;Número de estabelecimentos agropecuários;1166.0;;6847
4128534;2017;technical_assistance;;Número de estabelecimentos agropecuários;426.0;;6847
4128559;2017;technical_assistance;;Número de estabelecimentos agropecuários;796.0;;6847
4128609;2017;technical_assistance;;Número de estabelecimentos agropecuários;1011.0;;6847
4128625;2017;technical_assistance;;Número de estabelecimentos agropecuários;301.0;;6847
4128633;2017;technical_assistance;;Número de estabelecimentos agropecuários;1093.0;;6847
4128658;2017;technical_assistance;;Número de estabelecimentos agropecuários;507.0;;6847
4128708;2017;technical_assistance;;Número de estabelecimentos agropecuários;472.0;;6847
4128807;2017;technical_assistance;;Número de estabelecimentos agropecuários;612.0;;6847
3300100;2017;technical_assistance;;Número de estabelecimentos agropecuários;420.0;;6847
3300159;2017;technical_assistance;;Número de estabelecimentos agropecuários;288.0;;6847
3300209;2017;technical_assistance;;Número de estabelecimentos agropecuários;830.0;;6847
3300225;2017;technical_assistance;;Número de estabelecimentos agropecuários;84.0;;6847
3300233;2017;technical_assistance;;Número de estabelecimentos agropecuários;20.0;;6847
3300258;2017;technical_assistance;;Número de estabelecimentos agropecuários;7.0;;6847
3300308;2017;technical_assistance;;Número de estabelecimentos agropecuários;348.0;;6847
3300407;2017;technical_assistance;;Número de estabelecimentos agropecuários;760.0;;6847
3300456;2017;technical_assistance;;Número de estabelecimentos agropecuários;17.0;;6847
3300506;2017;technical_assistance;;Número de estabelecimentos agropecuários;1006.0;;6847
3300605;2017;technical_assistance;;Número de estabelecimentos agropecuários;1111.0;;6847
3300704;2017;technical_assistance;;Número de estabelecimentos agropecuários;349.0;;6847
3300803;2017;technical_assistance;;Número de estabelecimentos agropecuários;2162.0;;6847
3300902;2017;technical_assistance;;Número de estabelecimentos agropecuários;1151.0;;6847
3300936;2017;technical_assistance;;Número de estabelecimentos agropecuários;549.0;;6847
3300951;2017;technical_assistance;;Número de estabelecimentos agropecuários;86.0;;6847
3301009;2017;technical_assistance;;Número de estabelecimentos agropecuários;7789.0;;6847
3301108;2017;technical_assistance;;Número de estabelecimentos agropecuários;942.0;;6847
3301157;2017;technical_assistance;;Número de estabelecimentos agropecuários;588.0;;6847
3301207;2017;technical_assistance;;Número de estabelecimentos agropecuários;476.0;;6847
3301306;2017;technical_assistance;;Número de estabelecimentos agropecuários;291.0;;6847
3301405;2017;technical_assistance;;Número de estabelecimentos agropecuários;335.0;;6847
3301504;2017;technical_assistance;;Número de estabelecimentos agropecuários;184.0;;6847
3301603;2017;technical_assistance;;Número de estabelecimentos agropecuários;570.0;;6847
3301702;2017;technical_assistance;;Número de estabelecimentos agropecuários;388.0;;6847
3301801;2017;technical_assistance;;Número de estabelecimentos agropecuários;67.0;;6847
3301850;2017;technical_assistance;;Número de estabelecimentos agropecuários;258.0;;6847
3301876;2017;technical_assistance;;Número de estabelecimentos agropecuários;66.0;;6847
3301900;2017;technical_assistance;;Número de estabelecimentos agropecuários;448.0;;6847
3302007;2017;technical_assistance;;Número de estabelecimentos agropecuários;434.0;;6847
3302056;2017;technical_assistance;;Número de estabelecimentos agropecuários;409.0;;6847
3302106;2017;technical_assistance;;Número de estabelecimentos agropecuários;1497.0;;6847
3302205;2017;technical_assistance;;Número de estabelecimentos agropecuários;1596.0;;6847
3302254;2017;technical_assistance;;Número de estabelecimentos agropecuários;72.0;;6847
3302270;2017;technical_assistance;;Número de estabelecimentos agropecuários;284.0;;6847
3302304;2017;technical_assistance;;Número de estabelecimentos agropecuários;349.0;;6847
3302403;2017;technical_assistance;;Número de estabelecimentos agropecuários;886.0;;6847
3302452;2017;technical_assistance;;Número de estabelecimentos agropecuários;73.0;;6847
3302502;2017;technical_assistance;;Número de estabelecimentos agropecuários;1040.0;;6847
3302601;2017;technical_assistance;;Número de estabelecimentos agropecuários;280.0;;6847
3302700;2017;technical_assistance;;Número de estabelecimentos agropecuários;294.0;;6847
3302809;2017;technical_assistance;;Número de estabelecimentos agropecuários;41.0;;6847
3302858;2017;technical_assistance;;Número de estabelecimentos agropecuários;56.0;;6847
3302908;2017;technical_assistance;;Número de estabelecimentos agropecuários;203.0;;6847
3303005;2017;technical_assistance;;Número de estabelecimentos agropecuários;387.0;;6847
3303104;2017;technical_assistance;;Número de estabelecimentos agropecuários;703.0;;6847
3303302;2017;technical_assistance;;Número de estabelecimentos agropecuários;22.0;;6847
3303401;2017;technical_assistance;;Número de estabelecimentos agropecuários;2057.0;;6847
3303500;2017;technical_assistance;;Número de estabelecimentos agropecuários;576.0;;6847
3303609;2017;technical_assistance;;Número de estabelecimentos agropecuários;374.0;;6847
3303708;2017;technical_assistance;;Número de estabelecimentos agropecuários;314.0;;6847
3303807;2017;technical_assistance;;Número de estabelecimentos agropecuários;601.0;;6847
3303856;2017;technical_assistance;;Número de estabelecimentos agropecuários;734.0;;6847
3303906;2017;technical_assistance;;Número de estabelecimentos agropecuários;768.0;;6847
3303955;2017;technical_assistance;;Número de estabelecimentos agropecuários;112.0;;6847
3304003;2017;technical_assistance;;Número de estabelecimentos agropecuários;596.0;;6847
3304102;2017;technical_assistance;;Número de estabelecimentos agropecuários;1091.0;;6847
3304110;2017;technical_assistance;;Número de estabelecimentos agropecuários;52.0;;6847
3304128;2017;technical_assistance;;Número de estabelecimentos agropecuários;391.0;;6847
3304144;2017;technical_assistance;;Número de estabelecimentos agropecuários;138.0;;6847
3304151;2017;technical_assistance;;Número de estabelecimentos agropecuários;305.0;;6847
3304201;2017;technical_assistance;;Número de estabelecimentos agropecuários;519.0;;6847
3304300;2017;technical_assistance;;Número de estabelecimentos agropecuários;637.0;;6847
3304409;2017;technical_assistance;;Número de estabelecimentos agropecuários;663.0;;6847
3304508;2017;technical_assistance;;Número de estabelecimentos agropecuários;228.0;;6847
3304524;2017;technical_assistance;;Número de estabelecimentos agropecuários;208.0;;6847
3304557;2017;technical_assistance;;Número de estabelecimentos agropecuários;1101.0;;6847
3304607;2017;technical_assistance;;Número de estabelecimentos agropecuários;951.0;;6847
3304706;2017;technical_assistance;;Número de estabelecimentos agropecuários;1082.0;;6847
3304755;2017;technical_assistance;;Número de estabelecimentos agropecuários;3693.0;;6847
3304805;2017;technical_assistance;;Número de estabelecimentos agropecuários;1766.0;;6847
3304904;2017;technical_assistance;;Número de estabelecimentos agropecuários;288.0;;6847
3305000;2017;technical_assistance;;Número de estabelecimentos agropecuários;692.0;;6847
3305109;2017;technical_assistance;;Número de estabelecimentos agropecuários;1.0;;6847
3305133;2017;technical_assistance;;Número de estabelecimentos agropecuários;533.0;;6847
3305158;2017;technical_assistance;;Número de estabelecimentos agropecuários;689.0;;6847
3305208;2017;technical_assistance;;Número de estabelecimentos agropecuários;289.0;;6847
3305307;2017;technical_assistance;;Número de estabelecimentos agropecuários;776.0;;6847
3305406;2017;technical_assistance;;Número de estabelecimentos agropecuários;684.0;;6847
3305505;2017;technical_assistance;;Número de estabelecimentos agropecuários;454.0;;6847
3305554;2017;technical_assistance;;Número de estabelecimentos agropecuários;444.0;;6847
3305604;2017;technical_assistance;;Número de estabelecimentos agropecuários;686.0;;6847
3305703;2017;technical_assistance;;Número de estabelecimentos agropecuários;2674.0;;6847
3305752;2017;technical_assistance;;Número de estabelecimentos agropecuários;441.0;;6847
3305802;2017;technical_assistance;;Número de estabelecimentos agropecuários;3492.0;;6847
3305901;2017;technical_assistance;;Número de estabelecimentos agropecuários;1101.0;;6847
3306008;2017;technical_assistance;;Número de estabelecimentos agropecuários;305.0;;6847
3306107;2017;technical_assistance;;Número de estabelecimentos agropecuários;1143.0;;6847
3306156;2017;technical_assistance;;Número de estabelecimentos agropecuários;676.0;;6847
3306206;2017;technical_assistance;;Número de estabelecimentos agropecuários;435.0;;6847
3306305;2017;technical_assistance;;Número de estabelecimentos agropecuários;248.0;;6847
2400109;2017;technical_assistance;;Número de estabelecimentos agropecuários;226.0;;6847
2400208;2017;technical_assistance;;Número de estabelecimentos agropecuários;856.0;;6847
2400307;2017;technical_assistance;;Número de estabelecimentos agropecuários;512.0;;6847
2400406;2017;technical_assistance;;Número de estabelecimentos agropecuários;139.0;;6847
2400505;2017;technical_assistance;;Número de estabelecimentos agropecuários;527.0;;6847
2400604;2017;technical_assistance;;Número de estabelecimentos agropecuários;300.0;;6847
2400703;2017;technical_assistance;;Número de estabelecimentos agropecuários;246.0;;6847
2400802;2017;technical_assistance;;Número de estabelecimentos agropecuários;199.0;;6847
2400901;2017;technical_assistance;;Número de estabelecimentos agropecuários;349.0;;6847
2401008;2017;technical_assistance;;Número de estabelecimentos agropecuários;2227.0;;6847
2401107;2017;technical_assistance;;Número de estabelecimentos agropecuários;210.0;;6847
2401206;2017;technical_assistance;;Número de estabelecimentos agropecuários;147.0;;6847
2401305;2017;technical_assistance;;Número de estabelecimentos agropecuários;753.0;;6847
2401404;2017;technical_assistance;;Número de estabelecimentos agropecuários;13.0;;6847
2401453;2017;technical_assistance;;Número de estabelecimentos agropecuários;793.0;;6847
2401503;2017;technical_assistance;;Número de estabelecimentos agropecuários;200.0;;6847
2401602;2017;technical_assistance;;Número de estabelecimentos agropecuários;565.0;;6847
2401651;2017;technical_assistance;;Número de estabelecimentos agropecuários;104.0;;6847
2401701;2017;technical_assistance;;Número de estabelecimentos agropecuários;319.0;;6847
2401800;2017;technical_assistance;;Número de estabelecimentos agropecuários;348.0;;6847
2401859;2017;technical_assistance;;Número de estabelecimentos agropecuários;80.0;;6847
2401909;2017;technical_assistance;;Número de estabelecimentos agropecuários;110.0;;6847
2402006;2017;technical_assistance;;Número de estabelecimentos agropecuários;780.0;;6847
2402105;2017;technical_assistance;;Número de estabelecimentos agropecuários;579.0;;6847
2402204;2017;technical_assistance;;Número de estabelecimentos agropecuários;162.0;;6847
2402303;2017;technical_assistance;;Número de estabelecimentos agropecuários;1434.0;;6847
2402402;2017;technical_assistance;;Número de estabelecimentos agropecuários;167.0;;6847
2402501;2017;technical_assistance;;Número de estabelecimentos agropecuários;482.0;;6847
2402600;2017;technical_assistance;;Número de estabelecimentos agropecuários;1288.0;;6847
2402709;2017;technical_assistance;;Número de estabelecimentos agropecuários;962.0;;6847
2402808;2017;technical_assistance;;Número de estabelecimentos agropecuários;261.0;;6847
2402907;2017;technical_assistance;;Número de estabelecimentos agropecuários;278.0;;6847
2403004;2017;technical_assistance;;Número de estabelecimentos agropecuários;355.0;;6847
2403103;2017;technical_assistance;;Número de estabelecimentos agropecuários;505.0;;6847
2403202;2017;technical_assistance;;Número de estabelecimentos agropecuários;810.0;;6847
2403251;2017;technical_assistance;;Número de estabelecimentos agropecuários;10.0;;6847
2403301;2017;technical_assistance;;Número de estabelecimentos agropecuários;364.0;;6847
2403400;2017;technical_assistance;;Número de estabelecimentos agropecuários;152.0;;6847
2403509;2017;technical_assistance;;Número de estabelecimentos agropecuários;246.0;;6847
2403608;2017;technical_assistance;;Número de estabelecimentos agropecuários;165.0;;6847
2403707;2017;technical_assistance;;Número de estabelecimentos agropecuários;295.0;;6847
2403756;2017;technical_assistance;;Número de estabelecimentos agropecuários;78.0;;6847
2403806;2017;technical_assistance;;Número de estabelecimentos agropecuários;471.0;;6847
2403905;2017;technical_assistance;;Número de estabelecimentos agropecuários;227.0;;6847
2404002;2017;technical_assistance;;Número de estabelecimentos agropecuários;227.0;;6847
2404101;2017;technical_assistance;;Número de estabelecimentos agropecuários;47.0;;6847
2404200;2017;technical_assistance;;Número de estabelecimentos agropecuários;181.0;;6847
2404309;2017;technical_assistance;;Número de estabelecimentos agropecuários;695.0;;6847
2404408;2017;technical_assistance;;Número de estabelecimentos agropecuários;85.0;;6847
2404507;2017;technical_assistance;;Número de estabelecimentos agropecuários;144.0;;6847
2404606;2017;technical_assistance;;Número de estabelecimentos agropecuários;746.0;;6847
2404705;2017;technical_assistance;;Número de estabelecimentos agropecuários;502.0;;6847
2404804;2017;technical_assistance;;Número de estabelecimentos agropecuários;91.0;;6847
2404853;2017;technical_assistance;;Número de estabelecimentos agropecuários;89.0;;6847
2404903;2017;technical_assistance;;Número de estabelecimentos agropecuários;69.0;;6847
2405009;2017;technical_assistance;;Número de estabelecimentos agropecuários;286.0;;6847
2405108;2017;technical_assistance;;Número de estabelecimentos agropecuários;213.0;;6847
2405207;2017;technical_assistance;;Número de estabelecimentos agropecuários;234.0;;6847
2405306;2017;technical_assistance;;Número de estabelecimentos agropecuários;728.0;;6847
2405405;2017;technical_assistance;;Número de estabelecimentos agropecuários;147.0;;6847
2405504;2017;technical_assistance;;Número de estabelecimentos agropecuários;134.0;;6847
2405603;2017;technical_assistance;;Número de estabelecimentos agropecuários;248.0;;6847
2405702;2017;technical_assistance;;Número de estabelecimentos agropecuários;444.0;;6847
2405801;2017;technical_assistance;;Número de estabelecimentos agropecuários;888.0;;6847
2405900;2017;technical_assistance;;Número de estabelecimentos agropecuários;196.0;;6847
2406007;2017;technical_assistance;;Número de estabelecimentos agropecuários;480.0;;6847
2406106;2017;technical_assistance;;Número de estabelecimentos agropecuários;720.0;;6847
2406155;2017;technical_assistance;;Número de estabelecimentos agropecuários;257.0;;6847
2406205;2017;technical_assistance;;Número de estabelecimentos agropecuários;380.0;;6847
2406304;2017;technical_assistance;;Número de estabelecimentos agropecuários;540.0;;6847
2406403;2017;technical_assistance;;Número de estabelecimentos agropecuários;96.0;;6847
2406502;2017;technical_assistance;;Número de estabelecimentos agropecuários;1938.0;;6847
2406601;2017;technical_assistance;;Número de estabelecimentos agropecuários;370.0;;6847
2406700;2017;technical_assistance;;Número de estabelecimentos agropecuários;430.0;;6847
2406809;2017;technical_assistance;;Número de estabelecimentos agropecuários;149.0;;6847
2406908;2017;technical_assistance;;Número de estabelecimentos agropecuários;123.0;;6847
2407005;2017;technical_assistance;;Número de estabelecimentos agropecuários;402.0;;6847
2407104;2017;technical_assistance;;Número de estabelecimentos agropecuários;943.0;;6847
2407203;2017;technical_assistance;;Número de estabelecimentos agropecuários;122.0;;6847
2407252;2017;technical_assistance;;Número de estabelecimentos agropecuários;80.0;;6847
2407302;2017;technical_assistance;;Número de estabelecimentos agropecuários;350.0;;6847
2407401;2017;technical_assistance;;Número de estabelecimentos agropecuários;305.0;;6847
2407500;2017;technical_assistance;;Número de estabelecimentos agropecuários;237.0;;6847
2407609;2017;technical_assistance;;Número de estabelecimentos agropecuários;71.0;;6847
2407708;2017;technical_assistance;;Número de estabelecimentos agropecuários;148.0;;6847
2407807;2017;technical_assistance;;Número de estabelecimentos agropecuários;561.0;;6847
2407906;2017;technical_assistance;;Número de estabelecimentos agropecuários;218.0;;6847
2408003;2017;technical_assistance;;Número de estabelecimentos agropecuários;1966.0;;6847
2408102;2017;technical_assistance;;Número de estabelecimentos agropecuários;80.0;;6847
2408201;2017;technical_assistance;;Número de estabelecimentos agropecuários;295.0;;6847
2408300;2017;technical_assistance;;Número de estabelecimentos agropecuários;809.0;;6847
2408409;2017;technical_assistance;;Número de estabelecimentos agropecuários;207.0;;6847
2408508;2017;technical_assistance;;Número de estabelecimentos agropecuários;278.0;;6847
2408607;2017;technical_assistance;;Número de estabelecimentos agropecuários;311.0;;6847
2408706;2017;technical_assistance;;Número de estabelecimentos agropecuários;125.0;;6847
2408805;2017;technical_assistance;;Número de estabelecimentos agropecuários;210.0;;6847
2408904;2017;technical_assistance;;Número de estabelecimentos agropecuários;394.0;;6847
2408953;2017;technical_assistance;;Número de estabelecimentos agropecuários;138.0;;6847
2409100;2017;technical_assistance;;Número de estabelecimentos agropecuários;326.0;;6847
2409209;2017;technical_assistance;;Número de estabelecimentos agropecuários;107.0;;6847
2409308;2017;technical_assistance;;Número de estabelecimentos agropecuários;310.0;;6847
2409332;2017;technical_assistance;;Número de estabelecimentos agropecuários;139.0;;6847
2409407;2017;technical_assistance;;Número de estabelecimentos agropecuários;411.0;;6847
2409506;2017;technical_assistance;;Número de estabelecimentos agropecuários;103.0;;6847
2409605;2017;technical_assistance;;Número de estabelecimentos agropecuários;248.0;;6847
2409704;2017;technical_assistance;;Número de estabelecimentos agropecuários;389.0;;6847
2409803;2017;technical_assistance;;Número de estabelecimentos agropecuários;258.0;;6847
2409902;2017;technical_assistance;;Número de estabelecimentos agropecuários;192.0;;6847
2410009;2017;technical_assistance;;Número de estabelecimentos agropecuários;120.0;;6847
2410108;2017;technical_assistance;;Número de estabelecimentos agropecuários;387.0;;6847
2410207;2017;technical_assistance;;Número de estabelecimentos agropecuários;418.0;;6847
2410256;2017;technical_assistance;;Número de estabelecimentos agropecuários;172.0;;6847
2410306;2017;technical_assistance;;Número de estabelecimentos agropecuários;391.0;;6847
2410405;2017;technical_assistance;;Número de estabelecimentos agropecuários;600.0;;6847
2410504;2017;technical_assistance;;Número de estabelecimentos agropecuários;348.0;;6847
2410603;2017;technical_assistance;;Número de estabelecimentos agropecuários;203.0;;6847
2410702;2017;technical_assistance;;Número de estabelecimentos agropecuários;86.0;;6847
2410801;2017;technical_assistance;;Número de estabelecimentos agropecuários;489.0;;6847
2410900;2017;technical_assistance;;Número de estabelecimentos agropecuários;371.0;;6847
2411007;2017;technical_assistance;;Número de estabelecimentos agropecuários;93.0;;6847
2411056;2017;technical_assistance;;Número de estabelecimentos agropecuários;83.0;;6847
2411106;2017;technical_assistance;;Número de estabelecimentos agropecuários;223.0;;6847
2411205;2017;technical_assistance;;Número de estabelecimentos agropecuários;330.0;;6847
2411403;2017;technical_assistance;;Número de estabelecimentos agropecuários;945.0;;6847
2411429;2017;technical_assistance;;Número de estabelecimentos agropecuários;97.0;;6847
2411502;2017;technical_assistance;;Número de estabelecimentos agropecuários;491.0;;6847
2411601;2017;technical_assistance;;Número de estabelecimentos agropecuários;219.0;;6847
2411700;2017;technical_assistance;;Número de estabelecimentos agropecuários;156.0;;6847
2411809;2017;technical_assistance;;Número de estabelecimentos agropecuários;175.0;;6847
2411908;2017;technical_assistance;;Número de estabelecimentos agropecuários;179.0;;6847
2412005;2017;technical_assistance;;Número de estabelecimentos agropecuários;153.0;;6847
2412104;2017;technical_assistance;;Número de estabelecimentos agropecuários;338.0;;6847
2412203;2017;technical_assistance;;Número de estabelecimentos agropecuários;612.0;;6847
2412302;2017;technical_assistance;;Número de estabelecimentos agropecuários;241.0;;6847
2412401;2017;technical_assistance;;Número de estabelecimentos agropecuários;197.0;;6847
2412500;2017;technical_assistance;;Número de estabelecimentos agropecuários;1767.0;;6847
2412559;2017;technical_assistance;;Número de estabelecimentos agropecuários;239.0;;6847
2412609;2017;technical_assistance;;Número de estabelecimentos agropecuários;456.0;;6847
2412708;2017;technical_assistance;;Número de estabelecimentos agropecuários;278.0;;6847
2412807;2017;technical_assistance;;Número de estabelecimentos agropecuários;363.0;;6847
2412906;2017;technical_assistance;;Número de estabelecimentos agropecuários;536.0;;6847
2413003;2017;technical_assistance;;Número de estabelecimentos agropecuários;330.0;;6847
2413102;2017;technical_assistance;;Número de estabelecimentos agropecuários;523.0;;6847
2413201;2017;technical_assistance;;Número de estabelecimentos agropecuários;41.0;;6847
2413300;2017;technical_assistance;;Número de estabelecimentos agropecuários;520.0;;6847
2413359;2017;technical_assistance;;Número de estabelecimentos agropecuários;854.0;;6847
2413409;2017;technical_assistance;;Número de estabelecimentos agropecuários;442.0;;6847
2413508;2017;technical_assistance;;Número de estabelecimentos agropecuários;386.0;;6847
2413557;2017;technical_assistance;;Número de estabelecimentos agropecuários;367.0;;6847
2413607;2017;technical_assistance;;Número de estabelecimentos agropecuários;327.0;;6847
2413706;2017;technical_assistance;;Número de estabelecimentos agropecuários;271.0;;6847
2413805;2017;technical_assistance;;Número de estabelecimentos agropecuários;93.0;;6847
2413904;2017;technical_assistance;;Número de estabelecimentos agropecuários;387.0;;6847
2414001;2017;technical_assistance;;Número de estabelecimentos agropecuários;391.0;;6847
2414100;2017;technical_assistance;;Número de estabelecimentos agropecuários;266.0;;6847
2414159;2017;technical_assistance;;Número de estabelecimentos agropecuários;479.0;;6847
2414209;2017;technical_assistance;;Número de estabelecimentos agropecuários;64.0;;6847
2414308;2017;technical_assistance;;Número de estabelecimentos agropecuários;136.0;;6847
2414407;2017;technical_assistance;;Número de estabelecimentos agropecuários;1400.0;;6847
2414456;2017;technical_assistance;;Número de estabelecimentos agropecuários;169.0;;6847
2414506;2017;technical_assistance;;Número de estabelecimentos agropecuários;289.0;;6847
2414605;2017;technical_assistance;;Número de estabelecimentos agropecuários;1195.0;;6847
2414704;2017;technical_assistance;;Número de estabelecimentos agropecuários;112.0;;6847
2414753;2017;technical_assistance;;Número de estabelecimentos agropecuários;463.0;;6847
2414803;2017;technical_assistance;;Número de estabelecimentos agropecuários;242.0;;6847
2414902;2017;technical_assistance;;Número de estabelecimentos agropecuários;22.0;;6847
2415008;2017;technical_assistance;;Número de estabelecimentos agropecuários;23.0;;6847
1100015;2017;technical_assistance;;Número de estabelecimentos agropecuários;2886.0;;6847
1100023;2017;technical_assistance;;Número de estabelecimentos agropecuários;2928.0;;6847
1100031;2017;technical_assistance;;Número de estabelecimentos agropecuários;1075.0;;6847
1100049;2017;technical_assistance;;Número de estabelecimentos agropecuários;3814.0;;6847
1100056;2017;technical_assistance;;Número de estabelecimentos agropecuários;719.0;;6847
1100064;2017;technical_assistance;;Número de estabelecimentos agropecuários;1674.0;;6847
1100072;2017;technical_assistance;;Número de estabelecimentos agropecuários;1489.0;;6847
1100080;2017;technical_assistance;;Número de estabelecimentos agropecuários;1500.0;;6847
1100098;2017;technical_assistance;;Número de estabelecimentos agropecuários;2000.0;;6847
1100106;2017;technical_assistance;;Número de estabelecimentos agropecuários;602.0;;6847
1100114;2017;technical_assistance;;Número de estabelecimentos agropecuários;3548.0;;6847
1100122;2017;technical_assistance;;Número de estabelecimentos agropecuários;2544.0;;6847
1100130;2017;technical_assistance;;Número de estabelecimentos agropecuários;4272.0;;6847
1100148;2017;technical_assistance;;Número de estabelecimentos agropecuários;3010.0;;6847
1100155;2017;technical_assistance;;Número de estabelecimentos agropecuários;2159.0;;6847
1100189;2017;technical_assistance;;Número de estabelecimentos agropecuários;1241.0;;6847
1100205;2017;technical_assistance;;Número de estabelecimentos agropecuários;5177.0;;6847
1100254;2017;technical_assistance;;Número de estabelecimentos agropecuários;2105.0;;6847
1100262;2017;technical_assistance;;Número de estabelecimentos agropecuários;492.0;;6847
1100288;2017;technical_assistance;;Número de estabelecimentos agropecuários;2038.0;;6847
1100296;2017;technical_assistance;;Número de estabelecimentos agropecuários;1023.0;;6847
1100304;2017;technical_assistance;;Número de estabelecimentos agropecuários;1580.0;;6847
1100320;2017;technical_assistance;;Número de estabelecimentos agropecuários;2487.0;;6847
1100338;2017;technical_assistance;;Número de estabelecimentos agropecuários;2117.0;;6847
1100346;2017;technical_assistance;;Número de estabelecimentos agropecuários;1825.0;;6847
1100379;2017;technical_assistance;;Número de estabelecimentos agropecuários;1975.0;;6847
1100403;2017;technical_assistance;;Número de estabelecimentos agropecuários;2619.0;;6847
1100452;2017;technical_assistance;;Número de estabelecimentos agropecuários;2830.0;;6847
1100502;2017;technical_assistance;;Número de estabelecimentos agropecuários;1347.0;;6847
1100601;2017;technical_assistance;;Número de estabelecimentos agropecuários;903.0;;6847
1100700;2017;technical_assistance;;Número de estabelecimentos agropecuários;1918.0;;6847
1100809;2017;technical_assistance;;Número de estabelecimentos agropecuários;1240.0;;6847
1100908;2017;technical_assistance;;Número de estabelecimentos agropecuários;577.0;;6847
1100924;2017;technical_assistance;;Número de estabelecimentos agropecuários;1045.0;;6847
1100940;2017;technical_assistance;;Número de estabelecimentos agropecuários;1897.0;;6847
1101005;2017;technical_assistance;;Número de estabelecimentos agropecuários;1693.0;;6847
1101104;2017;technical_assistance;;Número de estabelecimentos agropecuários;764.0;;6847
1101203;2017;technical_assistance;;Número de estabelecimentos agropecuários;1201.0;;6847
1101302;2017;technical_assistance;;Número de estabelecimentos agropecuários;1242.0;;6847
1101401;2017;technical_assistance;;Número de estabelecimentos agropecuários;1554.0;;6847
1101435;2017;technical_assistance;;Número de estabelecimentos agropecuários;1387.0;;6847
1101450;2017;technical_assistance;;Número de estabelecimentos agropecuários;642.0;;6847
1101468;2017;technical_assistance;;Número de estabelecimentos agropecuários;304.0;;6847
1101476;2017;technical_assistance;;Número de estabelecimentos agropecuários;401.0;;6847
1101484;2017;technical_assistance;;Número de estabelecimentos agropecuários;797.0;;6847
1101492;2017;technical_assistance;;Número de estabelecimentos agropecuários;1950.0;;6847
1101500;2017;technical_assistance;;Número de estabelecimentos agropecuários;1677.0;;6847
1101559;2017;technical_assistance;;Número de estabelecimentos agropecuários;738.0;;6847
1101609;2017;technical_assistance;;Número de estabelecimentos agropecuários;2160.0;;6847
1101708;2017;technical_assistance;;Número de estabelecimentos agropecuários;1623.0;;6847
1101757;2017;technical_assistance;;Número de estabelecimentos agropecuários;1707.0;;6847
1101807;2017;technical_assistance;;Número de estabelecimentos agropecuários;942.0;;6847
1400027;2017;technical_assistance;;Número de estabelecimentos agropecuários;1412.0;;6847
1400050;2017;technical_assistance;;Número de estabelecimentos agropecuários;1364.0;;6847
1400100;2017;technical_assistance;;Número de estabelecimentos agropecuários;1295.0;;6847
1400159;2017;technical_assistance;;Número de estabelecimentos agropecuários;989.0;;6847
1400175;2017;technical_assistance;;Número de estabelecimentos agropecuários;2309.0;;6847
1400209;2017;technical_assistance;;Número de estabelecimentos agropecuários;1199.0;;6847
1400233;2017;technical_assistance;;Número de estabelecimentos agropecuários;941.0;;6847
1400282;2017;technical_assistance;;Número de estabelecimentos agropecuários;701.0;;6847
1400308;2017;technical_assistance;;Número de estabelecimentos agropecuários;1045.0;;6847
1400407;2017;technical_assistance;;Número de estabelecimentos agropecuários;982.0;;6847
1400456;2017;technical_assistance;;Número de estabelecimentos agropecuários;353.0;;6847
1400472;2017;technical_assistance;;Número de estabelecimentos agropecuários;1919.0;;6847
1400506;2017;technical_assistance;;Número de estabelecimentos agropecuários;514.0;;6847
1400605;2017;technical_assistance;;Número de estabelecimentos agropecuários;481.0;;6847
1400704;2017;technical_assistance;;Número de estabelecimentos agropecuários;1342.0;;6847
4300034;2017;technical_assistance;;Número de estabelecimentos agropecuários;806.0;;6847
4300059;2017;technical_assistance;;Número de estabelecimentos agropecuários;579.0;;6847
4300109;2017;technical_assistance;;Número de estabelecimentos agropecuários;2073.0;;6847
4300208;2017;technical_assistance;;Número de estabelecimentos agropecuários;753.0;;6847
4300307;2017;technical_assistance;;Número de estabelecimentos agropecuários;1358.0;;6847
4300406;2017;technical_assistance;;Número de estabelecimentos agropecuários;2671.0;;6847
4300455;2017;technical_assistance;;Número de estabelecimentos agropecuários;720.0;;6847
4300471;2017;technical_assistance;;Número de estabelecimentos agropecuários;422.0;;6847
4300505;2017;technical_assistance;;Número de estabelecimentos agropecuários;1417.0;;6847
4300554;2017;technical_assistance;;Número de estabelecimentos agropecuários;391.0;;6847
4300570;2017;technical_assistance;;Número de estabelecimentos agropecuários;443.0;;6847
4300604;2017;technical_assistance;;Número de estabelecimentos agropecuários;27.0;;6847
4300638;2017;technical_assistance;;Número de estabelecimentos agropecuários;1062.0;;6847
4300646;2017;technical_assistance;;Número de estabelecimentos agropecuários;645.0;;6847
4300661;2017;technical_assistance;;Número de estabelecimentos agropecuários;245.0;;6847
4300703;2017;technical_assistance;;Número de estabelecimentos agropecuários;939.0;;6847
4300802;2017;technical_assistance;;Número de estabelecimentos agropecuários;1036.0;;6847
4300851;2017;technical_assistance;;Número de estabelecimentos agropecuários;171.0;;6847
4300877;2017;technical_assistance;;Número de estabelecimentos agropecuários;58.0;;6847
4300901;2017;technical_assistance;;Número de estabelecimentos agropecuários;950.0;;6847
4301008;2017;technical_assistance;;Número de estabelecimentos agropecuários;809.0;;6847
4301057;2017;technical_assistance;;Número de estabelecimentos agropecuários;67.0;;6847
4301073;2017;technical_assistance;;Número de estabelecimentos agropecuários;427.0;;6847
4301107;2017;technical_assistance;;Número de estabelecimentos agropecuários;395.0;;6847
4301206;2017;technical_assistance;;Número de estabelecimentos agropecuários;1940.0;;6847
4301305;2017;technical_assistance;;Número de estabelecimentos agropecuários;961.0;;6847
4301404;2017;technical_assistance;;Número de estabelecimentos agropecuários;1231.0;;6847
4301503;2017;technical_assistance;;Número de estabelecimentos agropecuários;922.0;;6847
4301552;2017;technical_assistance;;Número de estabelecimentos agropecuários;661.0;;6847
4301602;2017;technical_assistance;;Número de estabelecimentos agropecuários;1127.0;;6847
4301636;2017;technical_assistance;;Número de estabelecimentos agropecuários;19.0;;6847
4301651;2017;technical_assistance;;Número de estabelecimentos agropecuários;734.0;;6847
4301701;2017;technical_assistance;;Número de estabelecimentos agropecuários;1030.0;;6847
4301750;2017;technical_assistance;;Número de estabelecimentos agropecuários;1775.0;;6847
4301800;2017;technical_assistance;;Número de estabelecimentos agropecuários;1021.0;;6847
4301859;2017;technical_assistance;;Número de estabelecimentos agropecuários;213.0;;6847
4301875;2017;technical_assistance;;Número de estabelecimentos agropecuários;146.0;;6847
4301909;2017;technical_assistance;;Número de estabelecimentos agropecuários;497.0;;6847
4301925;2017;technical_assistance;;Número de estabelecimentos agropecuários;451.0;;6847
4301958;2017;technical_assistance;;Número de estabelecimentos agropecuários;234.0;;6847
4302006;2017;technical_assistance;;Número de estabelecimentos agropecuários;1662.0;;6847
4302055;2017;technical_assistance;;Número de estabelecimentos agropecuários;390.0;;6847
4302105;2017;technical_assistance;;Número de estabelecimentos agropecuários;1128.0;;6847
4302154;2017;technical_assistance;;Número de estabelecimentos agropecuários;239.0;;6847
4302204;2017;technical_assistance;;Número de estabelecimentos agropecuários;542.0;;6847
4302220;2017;technical_assistance;;Número de estabelecimentos agropecuários;521.0;;6847
4302238;2017;technical_assistance;;Número de estabelecimentos agropecuários;346.0;;6847
4302253;2017;technical_assistance;;Número de estabelecimentos agropecuários;886.0;;6847
4302303;2017;technical_assistance;;Número de estabelecimentos agropecuários;916.0;;6847
4302352;2017;technical_assistance;;Número de estabelecimentos agropecuários;616.0;;6847
4302378;2017;technical_assistance;;Número de estabelecimentos agropecuários;211.0;;6847
4302402;2017;technical_assistance;;Número de estabelecimentos agropecuários;341.0;;6847
4302451;2017;technical_assistance;;Número de estabelecimentos agropecuários;1315.0;;6847
4302501;2017;technical_assistance;;Número de estabelecimentos agropecuários;934.0;;6847
4302584;2017;technical_assistance;;Número de estabelecimentos agropecuários;363.0;;6847
4302600;2017;technical_assistance;;Número de estabelecimentos agropecuários;380.0;;6847
4302659;2017;technical_assistance;;Número de estabelecimentos agropecuários;710.0;;6847
4302709;2017;technical_assistance;;Número de estabelecimentos agropecuários;339.0;;6847
4302808;2017;technical_assistance;;Número de estabelecimentos agropecuários;2653.0;;6847
4302907;2017;technical_assistance;;Número de estabelecimentos agropecuários;465.0;;6847
4303004;2017;technical_assistance;;Número de estabelecimentos agropecuários;2780.0;;6847
4303103;2017;technical_assistance;;Número de estabelecimentos agropecuários;6.0;;6847
4303202;2017;technical_assistance;;Número de estabelecimentos agropecuários;900.0;;6847
4303301;2017;technical_assistance;;Número de estabelecimentos agropecuários;565.0;;6847
4303400;2017;technical_assistance;;Número de estabelecimentos agropecuários;936.0;;6847
4303509;2017;technical_assistance;;Número de estabelecimentos agropecuários;2629.0;;6847
4303558;2017;technical_assistance;;Número de estabelecimentos agropecuários;437.0;;6847
4303608;2017;technical_assistance;;Número de estabelecimentos agropecuários;357.0;;6847
4303673;2017;technical_assistance;;Número de estabelecimentos agropecuários;614.0;;6847
4303707;2017;technical_assistance;;Número de estabelecimentos agropecuários;1126.0;;6847
4303806;2017;technical_assistance;;Número de estabelecimentos agropecuários;351.0;;6847
4303905;2017;technical_assistance;;Número de estabelecimentos agropecuários;99.0;;6847
4304002;2017;technical_assistance;;Número de estabelecimentos agropecuários;284.0;;6847
4304101;2017;technical_assistance;;Número de estabelecimentos agropecuários;501.0;;6847
4304200;2017;technical_assistance;;Número de estabelecimentos agropecuários;3647.0;;6847
4304309;2017;technical_assistance;;Número de estabelecimentos agropecuários;1347.0;;6847
4304358;2017;technical_assistance;;Número de estabelecimentos agropecuários;561.0;;6847
4304408;2017;technical_assistance;;Número de estabelecimentos agropecuários;269.0;;6847
4304507;2017;technical_assistance;;Número de estabelecimentos agropecuários;8075.0;;6847
4304606;2017;technical_assistance;;Número de estabelecimentos agropecuários;40.0;;6847
4304614;2017;technical_assistance;;Número de estabelecimentos agropecuários;423.0;;6847
4304622;2017;technical_assistance;;Número de estabelecimentos agropecuários;369.0;;6847
4304630;2017;technical_assistance;;Número de estabelecimentos agropecuários;28.0;;6847
4304655;2017;technical_assistance;;Número de estabelecimentos agropecuários;531.0;;6847
4304663;2017;technical_assistance;;Número de estabelecimentos agropecuários;198.0;;6847
4304671;2017;technical_assistance;;Número de estabelecimentos agropecuários;95.0;;6847
4304689;2017;technical_assistance;;Número de estabelecimentos agropecuários;384.0;;6847
4304697;2017;technical_assistance;;Número de estabelecimentos agropecuários;340.0;;6847
4304705;2017;technical_assistance;;Número de estabelecimentos agropecuários;342.0;;6847
4304713;2017;technical_assistance;;Número de estabelecimentos agropecuários;1332.0;;6847
4304804;2017;technical_assistance;;Número de estabelecimentos agropecuários;1313.0;;6847
4304853;2017;technical_assistance;;Número de estabelecimentos agropecuários;337.0;;6847
4304903;2017;technical_assistance;;Número de estabelecimentos agropecuários;793.0;;6847
4304952;2017;technical_assistance;;Número de estabelecimentos agropecuários;358.0;;6847
4305009;2017;technical_assistance;;Número de estabelecimentos agropecuários;814.0;;6847
4305108;2017;technical_assistance;;Número de estabelecimentos agropecuários;2752.0;;6847
4305116;2017;technical_assistance;;Número de estabelecimentos agropecuários;577.0;;6847
4305124;2017;technical_assistance;;Número de estabelecimentos agropecuários;651.0;;6847
4305132;2017;technical_assistance;;Número de estabelecimentos agropecuários;715.0;;6847
4305157;2017;technical_assistance;;Número de estabelecimentos agropecuários;321.0;;6847
4305173;2017;technical_assistance;;Número de estabelecimentos agropecuários;1409.0;;6847
4305207;2017;technical_assistance;;Número de estabelecimentos agropecuários;780.0;;6847
4305306;2017;technical_assistance;;Número de estabelecimentos agropecuários;1165.0;;6847
4305355;2017;technical_assistance;;Número de estabelecimentos agropecuários;137.0;;6847
4305371;2017;technical_assistance;;Número de estabelecimentos agropecuários;490.0;;6847
4305405;2017;technical_assistance;;Número de estabelecimentos agropecuários;417.0;;6847
4305439;2017;technical_assistance;;Número de estabelecimentos agropecuários;80.0;;6847
4305447;2017;technical_assistance;;Número de estabelecimentos agropecuários;1012.0;;6847
4305454;2017;technical_assistance;;Número de estabelecimentos agropecuários;59.0;;6847
4305504;2017;technical_assistance;;Número de estabelecimentos agropecuários;642.0;;6847
4305587;2017;technical_assistance;;Número de estabelecimentos agropecuários;346.0;;6847
4305603;2017;technical_assistance;;Número de estabelecimentos agropecuários;424.0;;6847
4305702;2017;technical_assistance;;Número de estabelecimentos agropecuários;579.0;;6847
4305801;2017;technical_assistance;;Número de estabelecimentos agropecuários;824.0;;6847
4305835;2017;technical_assistance;;Número de estabelecimentos agropecuários;362.0;;6847
4305850;2017;technical_assistance;;Número de estabelecimentos agropecuários;427.0;;6847
4305871;2017;technical_assistance;;Número de estabelecimentos agropecuários;399.0;;6847
4305900;2017;technical_assistance;;Número de estabelecimentos agropecuários;753.0;;6847
4305934;2017;technical_assistance;;Número de estabelecimentos agropecuários;521.0;;6847
4305959;2017;technical_assistance;;Número de estabelecimentos agropecuários;527.0;;6847
4305975;2017;technical_assistance;;Número de estabelecimentos agropecuários;351.0;;6847
4306007;2017;technical_assistance;;Número de estabelecimentos agropecuários;1592.0;;6847
4306056;2017;technical_assistance;;Número de estabelecimentos agropecuários;591.0;;6847
4306072;2017;technical_assistance;;Número de estabelecimentos agropecuários;449.0;;6847
4306106;2017;technical_assistance;;Número de estabelecimentos agropecuários;580.0;;6847
4306130;2017;technical_assistance;;Número de estabelecimentos agropecuários;493.0;;6847
4306205;2017;technical_assistance;;Número de estabelecimentos agropecuários;1050.0;;6847
4306304;2017;technical_assistance;;Número de estabelecimentos agropecuários;689.0;;6847
4306320;2017;technical_assistance;;Número de estabelecimentos agropecuários;542.0;;6847
4306353;2017;technical_assistance;;Número de estabelecimentos agropecuários;797.0;;6847
4306379;2017;technical_assistance;;Número de estabelecimentos agropecuários;488.0;;6847
4306403;2017;technical_assistance;;Número de estabelecimentos agropecuários;221.0;;6847
4306429;2017;technical_assistance;;Número de estabelecimentos agropecuários;217.0;;6847
4306452;2017;technical_assistance;;Número de estabelecimentos agropecuários;476.0;;6847
4306502;2017;technical_assistance;;Número de estabelecimentos agropecuários;2691.0;;6847
4306551;2017;technical_assistance;;Número de estabelecimentos agropecuários;266.0;;6847
4306601;2017;technical_assistance;;Número de estabelecimentos agropecuários;1119.0;;6847
4306700;2017;technical_assistance;;Número de estabelecimentos agropecuários;311.0;;6847
4306734;2017;technical_assistance;;Número de estabelecimentos agropecuários;798.0;;6847
4306759;2017;technical_assistance;;Número de estabelecimentos agropecuários;450.0;;6847
4306767;2017;technical_assistance;;Número de estabelecimentos agropecuários;332.0;;6847
4306809;2017;technical_assistance;;Número de estabelecimentos agropecuários;580.0;;6847
4306908;2017;technical_assistance;;Número de estabelecimentos agropecuários;2051.0;;6847
4306924;2017;technical_assistance;;Número de estabelecimentos agropecuários;156.0;;6847
4306932;2017;technical_assistance;;Número de estabelecimentos agropecuários;954.0;;6847
4306957;2017;technical_assistance;;Número de estabelecimentos agropecuários;255.0;;6847
4306973;2017;technical_assistance;;Número de estabelecimentos agropecuários;348.0;;6847
4307005;2017;technical_assistance;;Número de estabelecimentos agropecuários;1082.0;;6847
4307054;2017;technical_assistance;;Número de estabelecimentos agropecuários;461.0;;6847
4307104;2017;technical_assistance;;Número de estabelecimentos agropecuários;1141.0;;6847
4307203;2017;technical_assistance;;Número de estabelecimentos agropecuários;671.0;;6847
4307302;2017;technical_assistance;;Número de estabelecimentos agropecuários;1219.0;;6847
4307401;2017;technical_assistance;;Número de estabelecimentos agropecuários;396.0;;6847
4307450;2017;technical_assistance;;Número de estabelecimentos agropecuários;558.0;;6847
4307500;2017;technical_assistance;;Número de estabelecimentos agropecuários;1162.0;;6847
4307559;2017;technical_assistance;;Número de estabelecimentos agropecuários;231.0;;6847
4307609;2017;technical_assistance;;Número de estabelecimentos agropecuários;107.0;;6847
4307708;2017;technical_assistance;;Número de estabelecimentos agropecuários;1.0;;6847
4307807;2017;technical_assistance;;Número de estabelecimentos agropecuários;968.0;;6847
4307815;2017;technical_assistance;;Número de estabelecimentos agropecuários;681.0;;6847
4307831;2017;technical_assistance;;Número de estabelecimentos agropecuários;431.0;;6847
4307864;2017;technical_assistance;;Número de estabelecimentos agropecuários;315.0;;6847
4307906;2017;technical_assistance;;Número de estabelecimentos agropecuários;1272.0;;6847
4308003;2017;technical_assistance;;Número de estabelecimentos agropecuários;507.0;;6847
4308052;2017;technical_assistance;;Número de estabelecimentos agropecuários;287.0;;6847
4308078;2017;technical_assistance;;Número de estabelecimentos agropecuários;280.0;;6847
4308102;2017;technical_assistance;;Número de estabelecimentos agropecuários;593.0;;6847
4308201;2017;technical_assistance;;Número de estabelecimentos agropecuários;1150.0;;6847
4308250;2017;technical_assistance;;Número de estabelecimentos agropecuários;548.0;;6847
4308300;2017;technical_assistance;;Número de estabelecimentos agropecuários;1761.0;;6847
4308409;2017;technical_assistance;;Número de estabelecimentos agropecuários;905.0;;6847
4308433;2017;technical_assistance;;Número de estabelecimentos agropecuários;579.0;;6847
4308458;2017;technical_assistance;;Número de estabelecimentos agropecuários;393.0;;6847
4308508;2017;technical_assistance;;Número de estabelecimentos agropecuários;995.0;;6847
4308607;2017;technical_assistance;;Número de estabelecimentos agropecuários;819.0;;6847
4308656;2017;technical_assistance;;Número de estabelecimentos agropecuários;571.0;;6847
4308706;2017;technical_assistance;;Número de estabelecimentos agropecuários;838.0;;6847
4308805;2017;technical_assistance;;Número de estabelecimentos agropecuários;806.0;;6847
4308854;2017;technical_assistance;;Número de estabelecimentos agropecuários;251.0;;6847
4308904;2017;technical_assistance;;Número de estabelecimentos agropecuários;649.0;;6847
4309001;2017;technical_assistance;;Número de estabelecimentos agropecuários;1586.0;;6847
4309050;2017;technical_assistance;;Número de estabelecimentos agropecuários;638.0;;6847
4309100;2017;technical_assistance;;Número de estabelecimentos agropecuários;516.0;;6847
4309126;2017;technical_assistance;;Número de estabelecimentos agropecuários;344.0;;6847
4309159;2017;technical_assistance;;Número de estabelecimentos agropecuários;666.0;;6847
4309209;2017;technical_assistance;;Número de estabelecimentos agropecuários;485.0;;6847
4309258;2017;technical_assistance;;Número de estabelecimentos agropecuários;275.0;;6847
4309308;2017;technical_assistance;;Número de estabelecimentos agropecuários;280.0;;6847
4309407;2017;technical_assistance;;Número de estabelecimentos agropecuários;726.0;;6847
4309506;2017;technical_assistance;;Número de estabelecimentos agropecuários;930.0;;6847
4309555;2017;technical_assistance;;Número de estabelecimentos agropecuários;446.0;;6847
4309571;2017;technical_assistance;;Número de estabelecimentos agropecuários;519.0;;6847
4309605;2017;technical_assistance;;Número de estabelecimentos agropecuários;905.0;;6847
4309654;2017;technical_assistance;;Número de estabelecimentos agropecuários;1183.0;;6847
4309704;2017;technical_assistance;;Número de estabelecimentos agropecuários;573.0;;6847
4309753;2017;technical_assistance;;Número de estabelecimentos agropecuários;1051.0;;6847
4309803;2017;technical_assistance;;Número de estabelecimentos agropecuários;602.0;;6847
4309902;2017;technical_assistance;;Número de estabelecimentos agropecuários;634.0;;6847
4309951;2017;technical_assistance;;Número de estabelecimentos agropecuários;483.0;;6847
4310009;2017;technical_assistance;;Número de estabelecimentos agropecuários;1213.0;;6847
4310108;2017;technical_assistance;;Número de estabelecimentos agropecuários;407.0;;6847
4310207;2017;technical_assistance;;Número de estabelecimentos agropecuários;1626.0;;6847
4310306;2017;technical_assistance;;Número de estabelecimentos agropecuários;549.0;;6847
4310330;2017;technical_assistance;;Número de estabelecimentos agropecuários;17.0;;6847
4310363;2017;technical_assistance;;Número de estabelecimentos agropecuários;437.0;;6847
4310405;2017;technical_assistance;;Número de estabelecimentos agropecuários;969.0;;6847
4310413;2017;technical_assistance;;Número de estabelecimentos agropecuários;241.0;;6847
4310439;2017;technical_assistance;;Número de estabelecimentos agropecuários;850.0;;6847
4310462;2017;technical_assistance;;Número de estabelecimentos agropecuários;414.0;;6847
4310504;2017;technical_assistance;;Número de estabelecimentos agropecuários;765.0;;6847
4310538;2017;technical_assistance;;Número de estabelecimentos agropecuários;145.0;;6847
4310553;2017;technical_assistance;;Número de estabelecimentos agropecuários;748.0;;6847
4310579;2017;technical_assistance;;Número de estabelecimentos agropecuários;558.0;;6847
4310603;2017;technical_assistance;;Número de estabelecimentos agropecuários;478.0;;6847
4310652;2017;technical_assistance;;Número de estabelecimentos agropecuários;339.0;;6847
4310702;2017;technical_assistance;;Número de estabelecimentos agropecuários;698.0;;6847
4310751;2017;technical_assistance;;Número de estabelecimentos agropecuários;465.0;;6847
4310801;2017;technical_assistance;;Número de estabelecimentos agropecuários;205.0;;6847
4310850;2017;technical_assistance;;Número de estabelecimentos agropecuários;628.0;;6847
4310876;2017;technical_assistance;;Número de estabelecimentos agropecuários;571.0;;6847
4310900;2017;technical_assistance;;Número de estabelecimentos agropecuários;328.0;;6847
4311007;2017;technical_assistance;;Número de estabelecimentos agropecuários;614.0;;6847
4311106;2017;technical_assistance;;Número de estabelecimentos agropecuários;1552.0;;6847
4311122;2017;technical_assistance;;Número de estabelecimentos agropecuários;546.0;;6847
4311130;2017;technical_assistance;;Número de estabelecimentos agropecuários;945.0;;6847
4311155;2017;technical_assistance;;Número de estabelecimentos agropecuários;1444.0;;6847
4311205;2017;technical_assistance;;Número de estabelecimentos agropecuários;976.0;;6847
4311239;2017;technical_assistance;;Número de estabelecimentos agropecuários;472.0;;6847
4311254;2017;technical_assistance;;Número de estabelecimentos agropecuários;1074.0;;6847
4311270;2017;technical_assistance;;Número de estabelecimentos agropecuários;297.0;;6847
4311304;2017;technical_assistance;;Número de estabelecimentos agropecuários;1034.0;;6847
4311403;2017;technical_assistance;;Número de estabelecimentos agropecuários;388.0;;6847
4311429;2017;technical_assistance;;Número de estabelecimentos agropecuários;543.0;;6847
4311502;2017;technical_assistance;;Número de estabelecimentos agropecuários;869.0;;6847
4311601;2017;technical_assistance;;Número de estabelecimentos agropecuários;1178.0;;6847
4311627;2017;technical_assistance;;Número de estabelecimentos agropecuários;143.0;;6847
4311643;2017;technical_assistance;;Número de estabelecimentos agropecuários;329.0;;6847
4311700;2017;technical_assistance;;Número de estabelecimentos agropecuários;823.0;;6847
4311718;2017;technical_assistance;;Número de estabelecimentos agropecuários;235.0;;6847
4311734;2017;technical_assistance;;Número de estabelecimentos agropecuários;445.0;;6847
4311759;2017;technical_assistance;;Número de estabelecimentos agropecuários;647.0;;6847
4311775;2017;technical_assistance;;Número de estabelecimentos agropecuários;532.0;;6847
4311791;2017;technical_assistance;;Número de estabelecimentos agropecuários;521.0;;6847
4311809;2017;technical_assistance;;Número de estabelecimentos agropecuários;1170.0;;6847
4311908;2017;technical_assistance;;Número de estabelecimentos agropecuários;572.0;;6847
4311981;2017;technical_assistance;;Número de estabelecimentos agropecuários;800.0;;6847
4312005;2017;technical_assistance;;Número de estabelecimentos agropecuários;257.0;;6847
4312054;2017;technical_assistance;;Número de estabelecimentos agropecuários;696.0;;6847
4312104;2017;technical_assistance;;Número de estabelecimentos agropecuários;768.0;;6847
4312138;2017;technical_assistance;;Número de estabelecimentos agropecuários;452.0;;6847
4312153;2017;technical_assistance;;Número de estabelecimentos agropecuários;357.0;;6847
4312179;2017;technical_assistance;;Número de estabelecimentos agropecuários;368.0;;6847
4312203;2017;technical_assistance;;Número de estabelecimentos agropecuários;603.0;;6847
4312252;2017;technical_assistance;;Número de estabelecimentos agropecuários;72.0;;6847
4312302;2017;technical_assistance;;Número de estabelecimentos agropecuários;656.0;;6847
4312351;2017;technical_assistance;;Número de estabelecimentos agropecuários;320.0;;6847
4312377;2017;technical_assistance;;Número de estabelecimentos agropecuários;639.0;;6847
4312385;2017;technical_assistance;;Número de estabelecimentos agropecuários;463.0;;6847
4312401;2017;technical_assistance;;Número de estabelecimentos agropecuários;1211.0;;6847
4312427;2017;technical_assistance;;Número de estabelecimentos agropecuários;485.0;;6847
4312443;2017;technical_assistance;;Número de estabelecimentos agropecuários;592.0;;6847
4312450;2017;technical_assistance;;Número de estabelecimentos agropecuários;485.0;;6847
4312476;2017;technical_assistance;;Número de estabelecimentos agropecuários;360.0;;6847
4312500;2017;technical_assistance;;Número de estabelecimentos agropecuários;737.0;;6847
4312609;2017;technical_assistance;;Número de estabelecimentos agropecuários;356.0;;6847
4312617;2017;technical_assistance;;Número de estabelecimentos agropecuários;466.0;;6847
4312625;2017;technical_assistance;;Número de estabelecimentos agropecuários;350.0;;6847
4312658;2017;technical_assistance;;Número de estabelecimentos agropecuários;500.0;;6847
4312674;2017;technical_assistance;;Número de estabelecimentos agropecuários;240.0;;6847
4312708;2017;technical_assistance;;Número de estabelecimentos agropecuários;437.0;;6847
4312757;2017;technical_assistance;;Número de estabelecimentos agropecuários;468.0;;6847
4312807;2017;technical_assistance;;Número de estabelecimentos agropecuários;246.0;;6847
4312906;2017;technical_assistance;;Número de estabelecimentos agropecuários;589.0;;6847
4312955;2017;technical_assistance;;Número de estabelecimentos agropecuários;374.0;;6847
4313003;2017;technical_assistance;;Número de estabelecimentos agropecuários;482.0;;6847
4313011;2017;technical_assistance;;Número de estabelecimentos agropecuários;530.0;;6847
4313037;2017;technical_assistance;;Número de estabelecimentos agropecuários;411.0;;6847
4313060;2017;technical_assistance;;Número de estabelecimentos agropecuários;154.0;;6847
4313086;2017;technical_assistance;;Número de estabelecimentos agropecuários;384.0;;6847
4313102;2017;technical_assistance;;Número de estabelecimentos agropecuários;570.0;;6847
4313201;2017;technical_assistance;;Número de estabelecimentos agropecuários;1003.0;;6847
4313300;2017;technical_assistance;;Número de estabelecimentos agropecuários;388.0;;6847
4313334;2017;technical_assistance;;Número de estabelecimentos agropecuários;501.0;;6847
4313359;2017;technical_assistance;;Número de estabelecimentos agropecuários;421.0;;6847
4313375;2017;technical_assistance;;Número de estabelecimentos agropecuários;417.0;;6847
4313391;2017;technical_assistance;;Número de estabelecimentos agropecuários;709.0;;6847
4313409;2017;technical_assistance;;Número de estabelecimentos agropecuários;269.0;;6847
4313425;2017;technical_assistance;;Número de estabelecimentos agropecuários;712.0;;6847
4313441;2017;technical_assistance;;Número de estabelecimentos agropecuários;365.0;;6847
4313466;2017;technical_assistance;;Número de estabelecimentos agropecuários;364.0;;6847
4313490;2017;technical_assistance;;Número de estabelecimentos agropecuários;664.0;;6847
4313508;2017;technical_assistance;;Número de estabelecimentos agropecuários;529.0;;6847
4313607;2017;technical_assistance;;Número de estabelecimentos agropecuários;541.0;;6847
4313656;2017;technical_assistance;;Número de estabelecimentos agropecuários;259.0;;6847
4313706;2017;technical_assistance;;Número de estabelecimentos agropecuários;1155.0;;6847
4313805;2017;technical_assistance;;Número de estabelecimentos agropecuários;954.0;;6847
4313904;2017;technical_assistance;;Número de estabelecimentos agropecuários;851.0;;6847
4313953;2017;technical_assistance;;Número de estabelecimentos agropecuários;263.0;;6847
4314001;2017;technical_assistance;;Número de estabelecimentos agropecuários;484.0;;6847
4314027;2017;technical_assistance;;Número de estabelecimentos agropecuários;1057.0;;6847
4314035;2017;technical_assistance;;Número de estabelecimentos agropecuários;378.0;;6847
4314050;2017;technical_assistance;;Número de estabelecimentos agropecuários;201.0;;6847
4314068;2017;technical_assistance;;Número de estabelecimentos agropecuários;1015.0;;6847
4314076;2017;technical_assistance;;Número de estabelecimentos agropecuários;1079.0;;6847
4314100;2017;technical_assistance;;Número de estabelecimentos agropecuários;909.0;;6847
4314134;2017;technical_assistance;;Número de estabelecimentos agropecuários;289.0;;6847
4314159;2017;technical_assistance;;Número de estabelecimentos agropecuários;1219.0;;6847
4314175;2017;technical_assistance;;Número de estabelecimentos agropecuários;519.0;;6847
4314209;2017;technical_assistance;;Número de estabelecimentos agropecuários;165.0;;6847
4314308;2017;technical_assistance;;Número de estabelecimentos agropecuários;283.0;;6847
4314407;2017;technical_assistance;;Número de estabelecimentos agropecuários;2697.0;;6847
4314423;2017;technical_assistance;;Número de estabelecimentos agropecuários;176.0;;6847
4314456;2017;technical_assistance;;Número de estabelecimentos agropecuários;440.0;;6847
4314464;2017;technical_assistance;;Número de estabelecimentos agropecuários;563.0;;6847
4314472;2017;technical_assistance;;Número de estabelecimentos agropecuários;679.0;;6847
4314498;2017;technical_assistance;;Número de estabelecimentos agropecuários;680.0;;6847
4314506;2017;technical_assistance;;Número de estabelecimentos agropecuários;1375.0;;6847
4314548;2017;technical_assistance;;Número de estabelecimentos agropecuários;413.0;;6847
4314555;2017;technical_assistance;;Número de estabelecimentos agropecuários;614.0;;6847
4314605;2017;technical_assistance;;Número de estabelecimentos agropecuários;2697.0;;6847
4314704;2017;technical_assistance;;Número de estabelecimentos agropecuários;1080.0;;6847
4314753;2017;technical_assistance;;Número de estabelecimentos agropecuários;468.0;;6847
4314779;2017;technical_assistance;;Número de estabelecimentos agropecuários;440.0;;6847
4314787;2017;technical_assistance;;Número de estabelecimentos agropecuários;299.0;;6847
4314803;2017;technical_assistance;;Número de estabelecimentos agropecuários;372.0;;6847
4314902;2017;technical_assistance;;Número de estabelecimentos agropecuários;384.0;;6847
4315008;2017;technical_assistance;;Número de estabelecimentos agropecuários;1098.0;;6847
4315057;2017;technical_assistance;;Número de estabelecimentos agropecuários;432.0;;6847
4315073;2017;technical_assistance;;Número de estabelecimentos agropecuários;494.0;;6847
4315107;2017;technical_assistance;;Número de estabelecimentos agropecuários;1120.0;;6847
4315131;2017;technical_assistance;;Número de estabelecimentos agropecuários;306.0;;6847
4315149;2017;technical_assistance;;Número de estabelecimentos agropecuários;281.0;;6847
4315156;2017;technical_assistance;;Número de estabelecimentos agropecuários;1033.0;;6847
4315172;2017;technical_assistance;;Número de estabelecimentos agropecuários;330.0;;6847
4315206;2017;technical_assistance;;Número de estabelecimentos agropecuários;634.0;;6847
4315305;2017;technical_assistance;;Número de estabelecimentos agropecuários;933.0;;6847
4315313;2017;technical_assistance;;Número de estabelecimentos agropecuários;210.0;;6847
4315321;2017;technical_assistance;;Número de estabelecimentos agropecuários;562.0;;6847
4315354;2017;technical_assistance;;Número de estabelecimentos agropecuários;433.0;;6847
4315404;2017;technical_assistance;;Número de estabelecimentos agropecuários;1086.0;;6847
4315453;2017;technical_assistance;;Número de estabelecimentos agropecuários;352.0;;6847
4315503;2017;technical_assistance;;Número de estabelecimentos agropecuários;1153.0;;6847
4315552;2017;technical_assistance;;Número de estabelecimentos agropecuários;564.0;;6847
4315602;2017;technical_assistance;;Número de estabelecimentos agropecuários;915.0;;6847
4315701;2017;technical_assistance;;Número de estabelecimentos agropecuários;2437.0;;6847
4315750;2017;technical_assistance;;Número de estabelecimentos agropecuários;428.0;;6847
4315800;2017;technical_assistance;;Número de estabelecimentos agropecuários;816.0;;6847
4315909;2017;technical_assistance;;Número de estabelecimentos agropecuários;515.0;;6847
4315958;2017;technical_assistance;;Número de estabelecimentos agropecuários;712.0;;6847
4316006;2017;technical_assistance;;Número de estabelecimentos agropecuários;940.0;;6847
4316105;2017;technical_assistance;;Número de estabelecimentos agropecuários;782.0;;6847
4316204;2017;technical_assistance;;Número de estabelecimentos agropecuários;763.0;;6847
4316303;2017;technical_assistance;;Número de estabelecimentos agropecuários;999.0;;6847
4316402;2017;technical_assistance;;Número de estabelecimentos agropecuários;1661.0;;6847
4316428;2017;technical_assistance;;Número de estabelecimentos agropecuários;350.0;;6847
4316436;2017;technical_assistance;;Número de estabelecimentos agropecuários;249.0;;6847
4316451;2017;technical_assistance;;Número de estabelecimentos agropecuários;437.0;;6847
4316477;2017;technical_assistance;;Número de estabelecimentos agropecuários;355.0;;6847
4316501;2017;technical_assistance;;Número de estabelecimentos agropecuários;419.0;;6847
4316600;2017;technical_assistance;;Número de estabelecimentos agropecuários;1338.0;;6847
4316709;2017;technical_assistance;;Número de estabelecimentos agropecuários;651.0;;6847
4316733;2017;technical_assistance;;Número de estabelecimentos agropecuários;429.0;;6847
4316758;2017;technical_assistance;;Número de estabelecimentos agropecuários;619.0;;6847
4316808;2017;technical_assistance;;Número de estabelecimentos agropecuários;2455.0;;6847
4316907;2017;technical_assistance;;Número de estabelecimentos agropecuários;1703.0;;6847
4316956;2017;technical_assistance;;Número de estabelecimentos agropecuários;578.0;;6847
4316972;2017;technical_assistance;;Número de estabelecimentos agropecuários;506.0;;6847
4317004;2017;technical_assistance;;Número de estabelecimentos agropecuários;1737.0;;6847
4317103;2017;technical_assistance;;Número de estabelecimentos agropecuários;2962.0;;6847
4317202;2017;technical_assistance;;Número de estabelecimentos agropecuários;1383.0;;6847
4317251;2017;technical_assistance;;Número de estabelecimentos agropecuários;270.0;;6847
4317301;2017;technical_assistance;;Número de estabelecimentos agropecuários;632.0;;6847
4317400;2017;technical_assistance;;Número de estabelecimentos agropecuários;1496.0;;6847
4317509;2017;technical_assistance;;Número de estabelecimentos agropecuários;1216.0;;6847
4317558;2017;technical_assistance;;Número de estabelecimentos agropecuários;393.0;;6847
4317608;2017;technical_assistance;;Número de estabelecimentos agropecuários;2701.0;;6847
4317707;2017;technical_assistance;;Número de estabelecimentos agropecuários;1210.0;;6847
4317756;2017;technical_assistance;;Número de estabelecimentos agropecuários;310.0;;6847
4317806;2017;technical_assistance;;Número de estabelecimentos agropecuários;586.0;;6847
4317905;2017;technical_assistance;;Número de estabelecimentos agropecuários;1693.0;;6847
4317954;2017;technical_assistance;;Número de estabelecimentos agropecuários;498.0;;6847
4318002;2017;technical_assistance;;Número de estabelecimentos agropecuários;1017.0;;6847
4318051;2017;technical_assistance;;Número de estabelecimentos agropecuários;297.0;;6847
4318101;2017;technical_assistance;;Número de estabelecimentos agropecuários;2325.0;;6847
4318200;2017;technical_assistance;;Número de estabelecimentos agropecuários;1355.0;;6847
4318309;2017;technical_assistance;;Número de estabelecimentos agropecuários;2208.0;;6847
4318408;2017;technical_assistance;;Número de estabelecimentos agropecuários;1499.0;;6847
4318424;2017;technical_assistance;;Número de estabelecimentos agropecuários;634.0;;6847
4318432;2017;technical_assistance;;Número de estabelecimentos agropecuários;184.0;;6847
4318440;2017;technical_assistance;;Número de estabelecimentos agropecuários;391.0;;6847
4318457;2017;technical_assistance;;Número de estabelecimentos agropecuários;563.0;;6847
4318465;2017;technical_assistance;;Número de estabelecimentos agropecuários;383.0;;6847
4318481;2017;technical_assistance;;Número de estabelecimentos agropecuários;269.0;;6847
4318499;2017;technical_assistance;;Número de estabelecimentos agropecuários;424.0;;6847
4318507;2017;technical_assistance;;Número de estabelecimentos agropecuários;1649.0;;6847
4318606;2017;technical_assistance;;Número de estabelecimentos agropecuários;664.0;;6847
4318614;2017;technical_assistance;;Número de estabelecimentos agropecuários;351.0;;6847
4318622;2017;technical_assistance;;Número de estabelecimentos agropecuários;508.0;;6847
4318705;2017;technical_assistance;;Número de estabelecimentos agropecuários;65.0;;6847
4318804;2017;technical_assistance;;Número de estabelecimentos agropecuários;3850.0;;6847
4318903;2017;technical_assistance;;Número de estabelecimentos agropecuários;1265.0;;6847
4319000;2017;technical_assistance;;Número de estabelecimentos agropecuários;617.0;;6847
4319109;2017;technical_assistance;;Número de estabelecimentos agropecuários;462.0;;6847
4319125;2017;technical_assistance;;Número de estabelecimentos agropecuários;629.0;;6847
4319158;2017;technical_assistance;;Número de estabelecimentos agropecuários;1079.0;;6847
4319208;2017;technical_assistance;;Número de estabelecimentos agropecuários;686.0;;6847
4319307;2017;technical_assistance;;Número de estabelecimentos agropecuários;1096.0;;6847
4319356;2017;technical_assistance;;Número de estabelecimentos agropecuários;218.0;;6847
4319364;2017;technical_assistance;;Número de estabelecimentos agropecuários;332.0;;6847
4319372;2017;technical_assistance;;Número de estabelecimentos agropecuários;425.0;;6847
4319406;2017;technical_assistance;;Número de estabelecimentos agropecuários;1350.0;;6847
4319505;2017;technical_assistance;;Número de estabelecimentos agropecuários;622.0;;6847
4319604;2017;technical_assistance;;Número de estabelecimentos agropecuários;1587.0;;6847
4319703;2017;technical_assistance;;Número de estabelecimentos agropecuários;420.0;;6847
4319711;2017;technical_assistance;;Número de estabelecimentos agropecuários;412.0;;6847
4319737;2017;technical_assistance;;Número de estabelecimentos agropecuários;281.0;;6847
4319752;2017;technical_assistance;;Número de estabelecimentos agropecuários;153.0;;6847
4319802;2017;technical_assistance;;Número de estabelecimentos agropecuários;955.0;;6847
4319901;2017;technical_assistance;;Número de estabelecimentos agropecuários;242.0;;6847
4320008;2017;technical_assistance;;Número de estabelecimentos agropecuários;37.0;;6847
4320107;2017;technical_assistance;;Número de estabelecimentos agropecuários;739.0;;6847
4320206;2017;technical_assistance;;Número de estabelecimentos agropecuários;1160.0;;6847
4320230;2017;technical_assistance;;Número de estabelecimentos agropecuários;335.0;;6847
4320263;2017;technical_assistance;;Número de estabelecimentos agropecuários;982.0;;6847
4320305;2017;technical_assistance;;Número de estabelecimentos agropecuários;490.0;;6847
4320321;2017;technical_assistance;;Número de estabelecimentos agropecuários;539.0;;6847
4320354;2017;technical_assistance;;Número de estabelecimentos agropecuários;888.0;;6847
4320404;2017;technical_assistance;;Número de estabelecimentos agropecuários;473.0;;6847
4320453;2017;technical_assistance;;Número de estabelecimentos agropecuários;517.0;;6847
4320503;2017;technical_assistance;;Número de estabelecimentos agropecuários;736.0;;6847
4320552;2017;technical_assistance;;Número de estabelecimentos agropecuários;947.0;;6847
4320578;2017;technical_assistance;;Número de estabelecimentos agropecuários;351.0;;6847
4320602;2017;technical_assistance;;Número de estabelecimentos agropecuários;648.0;;6847
4320651;2017;technical_assistance;;Número de estabelecimentos agropecuários;356.0;;6847
4320677;2017;technical_assistance;;Número de estabelecimentos agropecuários;1675.0;;6847
4320701;2017;technical_assistance;;Número de estabelecimentos agropecuários;655.0;;6847
4320800;2017;technical_assistance;;Número de estabelecimentos agropecuários;1353.0;;6847
4320859;2017;technical_assistance;;Número de estabelecimentos agropecuários;677.0;;6847
4320909;2017;technical_assistance;;Número de estabelecimentos agropecuários;652.0;;6847
4321006;2017;technical_assistance;;Número de estabelecimentos agropecuários;364.0;;6847
4321105;2017;technical_assistance;;Número de estabelecimentos agropecuários;276.0;;6847
4321204;2017;technical_assistance;;Número de estabelecimentos agropecuários;1360.0;;6847
4321303;2017;technical_assistance;;Número de estabelecimentos agropecuários;849.0;;6847
4321329;2017;technical_assistance;;Número de estabelecimentos agropecuários;416.0;;6847
4321352;2017;technical_assistance;;Número de estabelecimentos agropecuários;717.0;;6847
4321402;2017;technical_assistance;;Número de estabelecimentos agropecuários;876.0;;6847
4321436;2017;technical_assistance;;Número de estabelecimentos agropecuários;301.0;;6847
4321451;2017;technical_assistance;;Número de estabelecimentos agropecuários;960.0;;6847
4321469;2017;technical_assistance;;Número de estabelecimentos agropecuários;323.0;;6847
4321477;2017;technical_assistance;;Número de estabelecimentos agropecuários;927.0;;6847
4321493;2017;technical_assistance;;Número de estabelecimentos agropecuários;597.0;;6847
4321501;2017;technical_assistance;;Número de estabelecimentos agropecuários;352.0;;6847
4321600;2017;technical_assistance;;Número de estabelecimentos agropecuários;69.0;;6847
4321626;2017;technical_assistance;;Número de estabelecimentos agropecuários;415.0;;6847
4321634;2017;technical_assistance;;Número de estabelecimentos agropecuários;570.0;;6847
4321667;2017;technical_assistance;;Número de estabelecimentos agropecuários;681.0;;6847
4321709;2017;technical_assistance;;Número de estabelecimentos agropecuários;420.0;;6847
4321808;2017;technical_assistance;;Número de estabelecimentos agropecuários;1395.0;;6847
4321832;2017;technical_assistance;;Número de estabelecimentos agropecuários;409.0;;6847
4321857;2017;technical_assistance;;Número de estabelecimentos agropecuários;478.0;;6847
4321907;2017;technical_assistance;;Número de estabelecimentos agropecuários;1285.0;;6847
4321956;2017;technical_assistance;;Número de estabelecimentos agropecuários;529.0;;6847
4322004;2017;technical_assistance;;Número de estabelecimentos agropecuários;1236.0;;6847
4322103;2017;technical_assistance;;Número de estabelecimentos agropecuários;536.0;;6847
4322152;2017;technical_assistance;;Número de estabelecimentos agropecuários;772.0;;6847
4322186;2017;technical_assistance;;Número de estabelecimentos agropecuários;412.0;;6847
4322202;2017;technical_assistance;;Número de estabelecimentos agropecuários;1180.0;;6847
4322251;2017;technical_assistance;;Número de estabelecimentos agropecuários;492.0;;6847
4322301;2017;technical_assistance;;Número de estabelecimentos agropecuários;1006.0;;6847
4322327;2017;technical_assistance;;Número de estabelecimentos agropecuários;372.0;;6847
4322343;2017;technical_assistance;;Número de estabelecimentos agropecuários;664.0;;6847
4322350;2017;technical_assistance;;Número de estabelecimentos agropecuários;374.0;;6847
4322376;2017;technical_assistance;;Número de estabelecimentos agropecuários;514.0;;6847
4322400;2017;technical_assistance;;Número de estabelecimentos agropecuários;1116.0;;6847
4322509;2017;technical_assistance;;Número de estabelecimentos agropecuários;1039.0;;6847
4322525;2017;technical_assistance;;Número de estabelecimentos agropecuários;479.0;;6847
4322533;2017;technical_assistance;;Número de estabelecimentos agropecuários;1719.0;;6847
4322541;2017;technical_assistance;;Número de estabelecimentos agropecuários;125.0;;6847
4322558;2017;technical_assistance;;Número de estabelecimentos agropecuários;320.0;;6847
4322608;2017;technical_assistance;;Número de estabelecimentos agropecuários;4367.0;;6847
4322707;2017;technical_assistance;;Número de estabelecimentos agropecuários;1597.0;;6847
4322806;2017;technical_assistance;;Número de estabelecimentos agropecuários;729.0;;6847
4322855;2017;technical_assistance;;Número de estabelecimentos agropecuários;401.0;;6847
4322905;2017;technical_assistance;;Número de estabelecimentos agropecuários;726.0;;6847
4323002;2017;technical_assistance;;Número de estabelecimentos agropecuários;1542.0;;6847
4323101;2017;technical_assistance;;Número de estabelecimentos agropecuários;798.0;;6847
4323200;2017;technical_assistance;;Número de estabelecimentos agropecuários;579.0;;6847
4323309;2017;technical_assistance;;Número de estabelecimentos agropecuários;260.0;;6847
4323358;2017;technical_assistance;;Número de estabelecimentos agropecuários;416.0;;6847
4323408;2017;technical_assistance;;Número de estabelecimentos agropecuários;545.0;;6847
4323457;2017;technical_assistance;;Número de estabelecimentos agropecuários;527.0;;6847
4323507;2017;technical_assistance;;Número de estabelecimentos agropecuários;413.0;;6847
4323606;2017;technical_assistance;;Número de estabelecimentos agropecuários;316.0;;6847
4323705;2017;technical_assistance;;Número de estabelecimentos agropecuários;391.0;;6847
4323754;2017;technical_assistance;;Número de estabelecimentos agropecuários;774.0;;6847
4323770;2017;technical_assistance;;Número de estabelecimentos agropecuários;460.0;;6847
4323804;2017;technical_assistance;;Número de estabelecimentos agropecuários;18.0;;6847
4200051;2017;technical_assistance;;Número de estabelecimentos agropecuários;693.0;;6847
4200101;2017;technical_assistance;;Número de estabelecimentos agropecuários;1757.0;;6847
4200200;2017;technical_assistance;;Número de estabelecimentos agropecuários;510.0;;6847
4200309;2017;technical_assistance;;Número de estabelecimentos agropecuários;572.0;;6847
4200408;2017;technical_assistance;;Número de estabelecimentos agropecuários;866.0;;6847
4200507;2017;technical_assistance;;Número de estabelecimentos agropecuários;747.0;;6847
4200556;2017;technical_assistance;;Número de estabelecimentos agropecuários;363.0;;6847
4200606;2017;technical_assistance;;Número de estabelecimentos agropecuários;809.0;;6847
4200705;2017;technical_assistance;;Número de estabelecimentos agropecuários;1656.0;;6847
4200754;2017;technical_assistance;;Número de estabelecimentos agropecuários;354.0;;6847
4200804;2017;technical_assistance;;Número de estabelecimentos agropecuários;703.0;;6847
4200903;2017;technical_assistance;;Número de estabelecimentos agropecuários;884.0;;6847
4201000;2017;technical_assistance;;Número de estabelecimentos agropecuários;1343.0;;6847
4201109;2017;technical_assistance;;Número de estabelecimentos agropecuários;500.0;;6847
4201208;2017;technical_assistance;;Número de estabelecimentos agropecuários;545.0;;6847
4201257;2017;technical_assistance;;Número de estabelecimentos agropecuários;437.0;;6847
4201273;2017;technical_assistance;;Número de estabelecimentos agropecuários;727.0;;6847
4201307;2017;technical_assistance;;Número de estabelecimentos agropecuários;351.0;;6847
4201406;2017;technical_assistance;;Número de estabelecimentos agropecuários;1195.0;;6847
4201505;2017;technical_assistance;;Número de estabelecimentos agropecuários;565.0;;6847
4201604;2017;technical_assistance;;Número de estabelecimentos agropecuários;325.0;;6847
4201653;2017;technical_assistance;;Número de estabelecimentos agropecuários;385.0;;6847
4201703;2017;technical_assistance;;Número de estabelecimentos agropecuários;156.0;;6847
4201802;2017;technical_assistance;;Número de estabelecimentos agropecuários;524.0;;6847
4201901;2017;technical_assistance;;Número de estabelecimentos agropecuários;723.0;;6847
4201950;2017;technical_assistance;;Número de estabelecimentos agropecuários;67.0;;6847
4202008;2017;technical_assistance;;Número de estabelecimentos agropecuários;11.0;;6847
4202057;2017;technical_assistance;;Número de estabelecimentos agropecuários;74.0;;6847
4202073;2017;technical_assistance;;Número de estabelecimentos agropecuários;178.0;;6847
4202081;2017;technical_assistance;;Número de estabelecimentos agropecuários;446.0;;6847
4202099;2017;technical_assistance;;Número de estabelecimentos agropecuários;342.0;;6847
4202107;2017;technical_assistance;;Número de estabelecimentos agropecuários;270.0;;6847
4202131;2017;technical_assistance;;Número de estabelecimentos agropecuários;1122.0;;6847
4202156;2017;technical_assistance;;Número de estabelecimentos agropecuários;352.0;;6847
4202206;2017;technical_assistance;;Número de estabelecimentos agropecuários;1004.0;;6847
4202305;2017;technical_assistance;;Número de estabelecimentos agropecuários;346.0;;6847
4202404;2017;technical_assistance;;Número de estabelecimentos agropecuários;666.0;;6847
4202438;2017;technical_assistance;;Número de estabelecimentos agropecuários;607.0;;6847
4202453;2017;technical_assistance;;Número de estabelecimentos agropecuários;105.0;;6847
4202503;2017;technical_assistance;;Número de estabelecimentos agropecuários;669.0;;6847
4202537;2017;technical_assistance;;Número de estabelecimentos agropecuários;213.0;;6847
4202578;2017;technical_assistance;;Número de estabelecimentos agropecuários;402.0;;6847
4202602;2017;technical_assistance;;Número de estabelecimentos agropecuários;750.0;;6847
4202701;2017;technical_assistance;;Número de estabelecimentos agropecuários;447.0;;6847
4202800;2017;technical_assistance;;Número de estabelecimentos agropecuários;692.0;;6847
4202859;2017;technical_assistance;;Número de estabelecimentos agropecuários;240.0;;6847
4202875;2017;technical_assistance;;Número de estabelecimentos agropecuários;557.0;;6847
4202909;2017;technical_assistance;;Número de estabelecimentos agropecuários;105.0;;6847
4203006;2017;technical_assistance;;Número de estabelecimentos agropecuários;1316.0;;6847
4203105;2017;technical_assistance;;Número de estabelecimentos agropecuários;615.0;;6847
4203154;2017;technical_assistance;;Número de estabelecimentos agropecuários;279.0;;6847
4203204;2017;technical_assistance;;Número de estabelecimentos agropecuários;295.0;;6847
4203253;2017;technical_assistance;;Número de estabelecimentos agropecuários;710.0;;6847
4203303;2017;technical_assistance;;Número de estabelecimentos agropecuários;658.0;;6847
4203402;2017;technical_assistance;;Número de estabelecimentos agropecuários;1040.0;;6847
4203501;2017;technical_assistance;;Número de estabelecimentos agropecuários;566.0;;6847
4203600;2017;technical_assistance;;Número de estabelecimentos agropecuários;1670.0;;6847
4203709;2017;technical_assistance;;Número de estabelecimentos agropecuários;210.0;;6847
4203808;2017;technical_assistance;;Número de estabelecimentos agropecuários;2916.0;;6847
4203907;2017;technical_assistance;;Número de estabelecimentos agropecuários;451.0;;6847
4203956;2017;technical_assistance;;Número de estabelecimentos agropecuários;93.0;;6847
4204004;2017;technical_assistance;;Número de estabelecimentos agropecuários;206.0;;6847
4204103;2017;technical_assistance;;Número de estabelecimentos agropecuários;596.0;;6847
4204152;2017;technical_assistance;;Número de estabelecimentos agropecuários;556.0;;6847
4204178;2017;technical_assistance;;Número de estabelecimentos agropecuários;791.0;;6847
4204194;2017;technical_assistance;;Número de estabelecimentos agropecuários;652.0;;6847
4204202;2017;technical_assistance;;Número de estabelecimentos agropecuários;1661.0;;6847
4204251;2017;technical_assistance;;Número de estabelecimentos agropecuários;244.0;;6847
4204301;2017;technical_assistance;;Número de estabelecimentos agropecuários;2765.0;;6847
4204350;2017;technical_assistance;;Número de estabelecimentos agropecuários;354.0;;6847
4204400;2017;technical_assistance;;Número de estabelecimentos agropecuários;832.0;;6847
4204459;2017;technical_assistance;;Número de estabelecimentos agropecuários;444.0;;6847
4204509;2017;technical_assistance;;Número de estabelecimentos agropecuários;752.0;;6847
4204558;2017;technical_assistance;;Número de estabelecimentos agropecuários;884.0;;6847
4204608;2017;technical_assistance;;Número de estabelecimentos agropecuários;520.0;;6847
4204707;2017;technical_assistance;;Número de estabelecimentos agropecuários;910.0;;6847
4204756;2017;technical_assistance;;Número de estabelecimentos agropecuários;385.0;;6847
4204806;2017;technical_assistance;;Número de estabelecimentos agropecuários;893.0;;6847
4204905;2017;technical_assistance;;Número de estabelecimentos agropecuários;924.0;;6847
4205001;2017;technical_assistance;;Número de estabelecimentos agropecuários;964.0;;6847
4205100;2017;technical_assistance;;Número de estabelecimentos agropecuários;440.0;;6847
4205159;2017;technical_assistance;;Número de estabelecimentos agropecuários;413.0;;6847
4205175;2017;technical_assistance;;Número de estabelecimentos agropecuários;498.0;;6847
4205191;2017;technical_assistance;;Número de estabelecimentos agropecuários;204.0;;6847
4205209;2017;technical_assistance;;Número de estabelecimentos agropecuários;394.0;;6847
4205308;2017;technical_assistance;;Número de estabelecimentos agropecuários;491.0;;6847
4205357;2017;technical_assistance;;Número de estabelecimentos agropecuários;244.0;;6847
4205407;2017;technical_assistance;;Número de estabelecimentos agropecuários;211.0;;6847
4205431;2017;technical_assistance;;Número de estabelecimentos agropecuários;388.0;;6847
4205456;2017;technical_assistance;;Número de estabelecimentos agropecuários;554.0;;6847
4205506;2017;technical_assistance;;Número de estabelecimentos agropecuários;939.0;;6847
4205555;2017;technical_assistance;;Número de estabelecimentos agropecuários;429.0;;6847
4205605;2017;technical_assistance;;Número de estabelecimentos agropecuários;270.0;;6847
4205704;2017;technical_assistance;;Número de estabelecimentos agropecuários;253.0;;6847
4205803;2017;technical_assistance;;Número de estabelecimentos agropecuários;364.0;;6847
4205902;2017;technical_assistance;;Número de estabelecimentos agropecuários;560.0;;6847
4206009;2017;technical_assistance;;Número de estabelecimentos agropecuários;92.0;;6847
4206108;2017;technical_assistance;;Número de estabelecimentos agropecuários;867.0;;6847
4206207;2017;technical_assistance;;Número de estabelecimentos agropecuários;750.0;;6847
4206306;2017;technical_assistance;;Número de estabelecimentos agropecuários;286.0;;6847
4206405;2017;technical_assistance;;Número de estabelecimentos agropecuários;1146.0;;6847
4206504;2017;technical_assistance;;Número de estabelecimentos agropecuários;394.0;;6847
4206603;2017;technical_assistance;;Número de estabelecimentos agropecuários;353.0;;6847
4206652;2017;technical_assistance;;Número de estabelecimentos agropecuários;582.0;;6847
4206702;2017;technical_assistance;;Número de estabelecimentos agropecuários;531.0;;6847
4206751;2017;technical_assistance;;Número de estabelecimentos agropecuários;391.0;;6847
4206801;2017;technical_assistance;;Número de estabelecimentos agropecuários;566.0;;6847
4206900;2017;technical_assistance;;Número de estabelecimentos agropecuários;596.0;;6847
4207007;2017;technical_assistance;;Número de estabelecimentos agropecuários;1040.0;;6847
4207106;2017;technical_assistance;;Número de estabelecimentos agropecuários;356.0;;6847
4207205;2017;technical_assistance;;Número de estabelecimentos agropecuários;1135.0;;6847
4207304;2017;technical_assistance;;Número de estabelecimentos agropecuários;317.0;;6847
4207403;2017;technical_assistance;;Número de estabelecimentos agropecuários;765.0;;6847
4207502;2017;technical_assistance;;Número de estabelecimentos agropecuários;717.0;;6847
4207577;2017;technical_assistance;;Número de estabelecimentos agropecuários;315.0;;6847
4207601;2017;technical_assistance;;Número de estabelecimentos agropecuários;594.0;;6847
4207650;2017;technical_assistance;;Número de estabelecimentos agropecuários;882.0;;6847
4207684;2017;technical_assistance;;Número de estabelecimentos agropecuários;590.0;;6847
4207700;2017;technical_assistance;;Número de estabelecimentos agropecuários;872.0;;6847
4207759;2017;technical_assistance;;Número de estabelecimentos agropecuários;665.0;;6847
4207809;2017;technical_assistance;;Número de estabelecimentos agropecuários;598.0;;6847
4207858;2017;technical_assistance;;Número de estabelecimentos agropecuários;313.0;;6847
4207908;2017;technical_assistance;;Número de estabelecimentos agropecuários;1445.0;;6847
4208005;2017;technical_assistance;;Número de estabelecimentos agropecuários;617.0;;6847
4208104;2017;technical_assistance;;Número de estabelecimentos agropecuários;2615.0;;6847
4208203;2017;technical_assistance;;Número de estabelecimentos agropecuários;318.0;;6847
4208302;2017;technical_assistance;;Número de estabelecimentos agropecuários;69.0;;6847
4208401;2017;technical_assistance;;Número de estabelecimentos agropecuários;1148.0;;6847
4208450;2017;technical_assistance;;Número de estabelecimentos agropecuários;91.0;;6847
4208500;2017;technical_assistance;;Número de estabelecimentos agropecuários;1687.0;;6847
4208609;2017;technical_assistance;;Número de estabelecimentos agropecuários;487.0;;6847
4208708;2017;technical_assistance;;Número de estabelecimentos agropecuários;882.0;;6847
4208807;2017;technical_assistance;;Número de estabelecimentos agropecuários;591.0;;6847
4208906;2017;technical_assistance;;Número de estabelecimentos agropecuários;711.0;;6847
4208955;2017;technical_assistance;;Número de estabelecimentos agropecuários;266.0;;6847
4209003;2017;technical_assistance;;Número de estabelecimentos agropecuários;837.0;;6847
4209102;2017;technical_assistance;;Número de estabelecimentos agropecuários;1476.0;;6847
4209151;2017;technical_assistance;;Número de estabelecimentos agropecuários;605.0;;6847
4209177;2017;technical_assistance;;Número de estabelecimentos agropecuários;337.0;;6847
4209201;2017;technical_assistance;;Número de estabelecimentos agropecuários;203.0;;6847
4209300;2017;technical_assistance;;Número de estabelecimentos agropecuários;1389.0;;6847
4209409;2017;technical_assistance;;Número de estabelecimentos agropecuários;175.0;;6847
4209458;2017;technical_assistance;;Número de estabelecimentos agropecuários;268.0;;6847
4209508;2017;technical_assistance;;Número de estabelecimentos agropecuários;243.0;;6847
4209607;2017;technical_assistance;;Número de estabelecimentos agropecuários;499.0;;6847
4209706;2017;technical_assistance;;Número de estabelecimentos agropecuários;951.0;;6847
4209805;2017;technical_assistance;;Número de estabelecimentos agropecuários;639.0;;6847
4209854;2017;technical_assistance;;Número de estabelecimentos agropecuários;660.0;;6847
4209904;2017;technical_assistance;;Número de estabelecimentos agropecuários;500.0;;6847
4210001;2017;technical_assistance;;Número de estabelecimentos agropecuários;621.0;;6847
4210035;2017;technical_assistance;;Número de estabelecimentos agropecuários;354.0;;6847
4210050;2017;technical_assistance;;Número de estabelecimentos agropecuários;341.0;;6847
4210100;2017;technical_assistance;;Número de estabelecimentos agropecuários;1938.0;;6847
4210209;2017;technical_assistance;;Número de estabelecimentos agropecuários;465.0;;6847
4210308;2017;technical_assistance;;Número de estabelecimentos agropecuários;1112.0;;6847
4210407;2017;technical_assistance;;Número de estabelecimentos agropecuários;267.0;;6847
4210506;2017;technical_assistance;;Número de estabelecimentos agropecuários;884.0;;6847
4210555;2017;technical_assistance;;Número de estabelecimentos agropecuários;370.0;;6847
4210605;2017;technical_assistance;;Número de estabelecimentos agropecuários;1108.0;;6847
4210704;2017;technical_assistance;;Número de estabelecimentos agropecuários;400.0;;6847
4210803;2017;technical_assistance;;Número de estabelecimentos agropecuários;526.0;;6847
4210852;2017;technical_assistance;;Número de estabelecimentos agropecuários;360.0;;6847
4210902;2017;technical_assistance;;Número de estabelecimentos agropecuários;360.0;;6847
4211009;2017;technical_assistance;;Número de estabelecimentos agropecuários;872.0;;6847
4211058;2017;technical_assistance;;Número de estabelecimentos agropecuários;285.0;;6847
4211108;2017;technical_assistance;;Número de estabelecimentos agropecuários;458.0;;6847
4211207;2017;technical_assistance;;Número de estabelecimentos agropecuários;263.0;;6847
4211256;2017;technical_assistance;;Número de estabelecimentos agropecuários;335.0;;6847
4211306;2017;technical_assistance;;Número de estabelecimentos agropecuários;107.0;;6847
4211405;2017;technical_assistance;;Número de estabelecimentos agropecuários;282.0;;6847
4211454;2017;technical_assistance;;Número de estabelecimentos agropecuários;552.0;;6847
4211504;2017;technical_assistance;;Número de estabelecimentos agropecuários;491.0;;6847
4211603;2017;technical_assistance;;Número de estabelecimentos agropecuários;542.0;;6847
4211652;2017;technical_assistance;;Número de estabelecimentos agropecuários;472.0;;6847
4211702;2017;technical_assistance;;Número de estabelecimentos agropecuários;1260.0;;6847
4211751;2017;technical_assistance;;Número de estabelecimentos agropecuários;508.0;;6847
4211801;2017;technical_assistance;;Número de estabelecimentos agropecuários;674.0;;6847
4211850;2017;technical_assistance;;Número de estabelecimentos agropecuários;300.0;;6847
4211876;2017;technical_assistance;;Número de estabelecimentos agropecuários;356.0;;6847
4211892;2017;technical_assistance;;Número de estabelecimentos agropecuários;633.0;;6847
4211900;2017;technical_assistance;;Número de estabelecimentos agropecuários;234.0;;6847
4212007;2017;technical_assistance;;Número de estabelecimentos agropecuários;532.0;;6847
4212056;2017;technical_assistance;;Número de estabelecimentos agropecuários;520.0;;6847
4212106;2017;technical_assistance;;Número de estabelecimentos agropecuários;1455.0;;6847
4212205;2017;technical_assistance;;Número de estabelecimentos agropecuários;1189.0;;6847
4212239;2017;technical_assistance;;Número de estabelecimentos agropecuários;600.0;;6847
4212254;2017;technical_assistance;;Número de estabelecimentos agropecuários;107.0;;6847
4212270;2017;technical_assistance;;Número de estabelecimentos agropecuários;682.0;;6847
4212304;2017;technical_assistance;;Número de estabelecimentos agropecuários;235.0;;6847
4212403;2017;technical_assistance;;Número de estabelecimentos agropecuários;446.0;;6847
4212502;2017;technical_assistance;;Número de estabelecimentos agropecuários;119.0;;6847
4212601;2017;technical_assistance;;Número de estabelecimentos agropecuários;354.0;;6847
4212650;2017;technical_assistance;;Número de estabelecimentos agropecuários;272.0;;6847
4212700;2017;technical_assistance;;Número de estabelecimentos agropecuários;1010.0;;6847
4212809;2017;technical_assistance;;Número de estabelecimentos agropecuários;131.0;;6847
4212908;2017;technical_assistance;;Número de estabelecimentos agropecuários;729.0;;6847
4213005;2017;technical_assistance;;Número de estabelecimentos agropecuários;206.0;;6847
4213104;2017;technical_assistance;;Número de estabelecimentos agropecuários;488.0;;6847
4213153;2017;technical_assistance;;Número de estabelecimentos agropecuários;357.0;;6847
4213203;2017;technical_assistance;;Número de estabelecimentos agropecuários;746.0;;6847
4213302;2017;technical_assistance;;Número de estabelecimentos agropecuários;409.0;;6847
4213351;2017;technical_assistance;;Número de estabelecimentos agropecuários;81.0;;6847
4213401;2017;technical_assistance;;Número de estabelecimentos agropecuários;372.0;;6847
4213500;2017;technical_assistance;;Número de estabelecimentos agropecuários;73.0;;6847
4213609;2017;technical_assistance;;Número de estabelecimentos agropecuários;1354.0;;6847
4213708;2017;technical_assistance;;Número de estabelecimentos agropecuários;1180.0;;6847
4213807;2017;technical_assistance;;Número de estabelecimentos agropecuários;344.0;;6847
4213906;2017;technical_assistance;;Número de estabelecimentos agropecuários;261.0;;6847
4214003;2017;technical_assistance;;Número de estabelecimentos agropecuários;1019.0;;6847
4214102;2017;technical_assistance;;Número de estabelecimentos agropecuários;364.0;;6847
4214151;2017;technical_assistance;;Número de estabelecimentos agropecuários;379.0;;6847
4214201;2017;technical_assistance;;Número de estabelecimentos agropecuários;1162.0;;6847
4214300;2017;technical_assistance;;Número de estabelecimentos agropecuários;353.0;;6847
4214409;2017;technical_assistance;;Número de estabelecimentos agropecuários;696.0;;6847
4214508;2017;technical_assistance;;Número de estabelecimentos agropecuários;901.0;;6847
4214607;2017;technical_assistance;;Número de estabelecimentos agropecuários;770.0;;6847
4214706;2017;technical_assistance;;Número de estabelecimentos agropecuários;786.0;;6847
4214805;2017;technical_assistance;;Número de estabelecimentos agropecuários;689.0;;6847
4214904;2017;technical_assistance;;Número de estabelecimentos agropecuários;732.0;;6847
4215000;2017;technical_assistance;;Número de estabelecimentos agropecuários;824.0;;6847
4215059;2017;technical_assistance;;Número de estabelecimentos agropecuários;306.0;;6847
4215075;2017;technical_assistance;;Número de estabelecimentos agropecuários;690.0;;6847
4215109;2017;technical_assistance;;Número de estabelecimentos agropecuários;467.0;;6847
4215208;2017;technical_assistance;;Número de estabelecimentos agropecuários;811.0;;6847
4215307;2017;technical_assistance;;Número de estabelecimentos agropecuários;713.0;;6847
4215356;2017;technical_assistance;;Número de estabelecimentos agropecuários;610.0;;6847
4215406;2017;technical_assistance;;Número de estabelecimentos agropecuários;272.0;;6847
4215455;2017;technical_assistance;;Número de estabelecimentos agropecuários;202.0;;6847
4215505;2017;technical_assistance;;Número de estabelecimentos agropecuários;358.0;;6847
4215554;2017;technical_assistance;;Número de estabelecimentos agropecuários;331.0;;6847
4215604;2017;technical_assistance;;Número de estabelecimentos agropecuários;449.0;;6847
4215653;2017;technical_assistance;;Número de estabelecimentos agropecuários;537.0;;6847
4215679;2017;technical_assistance;;Número de estabelecimentos agropecuários;2198.0;;6847
4215687;2017;technical_assistance;;Número de estabelecimentos agropecuários;550.0;;6847
4215695;2017;technical_assistance;;Número de estabelecimentos agropecuários;215.0;;6847
4215703;2017;technical_assistance;;Número de estabelecimentos agropecuários;435.0;;6847
4215752;2017;technical_assistance;;Número de estabelecimentos agropecuários;446.0;;6847
4215802;2017;technical_assistance;;Número de estabelecimentos agropecuários;476.0;;6847
4215901;2017;technical_assistance;;Número de estabelecimentos agropecuários;530.0;;6847
4216008;2017;technical_assistance;;Número de estabelecimentos agropecuários;834.0;;6847
4216057;2017;technical_assistance;;Número de estabelecimentos agropecuários;178.0;;6847
4216107;2017;technical_assistance;;Número de estabelecimentos agropecuários;653.0;;6847
4216206;2017;technical_assistance;;Número de estabelecimentos agropecuários;168.0;;6847
4216255;2017;technical_assistance;;Número de estabelecimentos agropecuários;777.0;;6847
4216305;2017;technical_assistance;;Número de estabelecimentos agropecuários;578.0;;6847
4216354;2017;technical_assistance;;Número de estabelecimentos agropecuários;283.0;;6847
4216404;2017;technical_assistance;;Número de estabelecimentos agropecuários;728.0;;6847
4216503;2017;technical_assistance;;Número de estabelecimentos agropecuários;2360.0;;6847
4216602;2017;technical_assistance;;Número de estabelecimentos agropecuários;107.0;;6847
4216701;2017;technical_assistance;;Número de estabelecimentos agropecuários;1137.0;;6847
4216800;2017;technical_assistance;;Número de estabelecimentos agropecuários;2063.0;;6847
4216909;2017;technical_assistance;;Número de estabelecimentos agropecuários;1270.0;;6847
4217006;2017;technical_assistance;;Número de estabelecimentos agropecuários;377.0;;6847
4217105;2017;technical_assistance;;Número de estabelecimentos agropecuários;452.0;;6847
4217154;2017;technical_assistance;;Número de estabelecimentos agropecuários;397.0;;6847
4217204;2017;technical_assistance;;Número de estabelecimentos agropecuários;878.0;;6847
4217253;2017;technical_assistance;;Número de estabelecimentos agropecuários;323.0;;6847
4217303;2017;technical_assistance;;Número de estabelecimentos agropecuários;1120.0;;6847
4217402;2017;technical_assistance;;Número de estabelecimentos agropecuários;229.0;;6847
4217501;2017;technical_assistance;;Número de estabelecimentos agropecuários;1193.0;;6847
4217550;2017;technical_assistance;;Número de estabelecimentos agropecuários;427.0;;6847
4217600;2017;technical_assistance;;Número de estabelecimentos agropecuários;427.0;;6847
4217709;2017;technical_assistance;;Número de estabelecimentos agropecuários;602.0;;6847
4217758;2017;technical_assistance;;Número de estabelecimentos agropecuários;502.0;;6847
4217808;2017;technical_assistance;;Número de estabelecimentos agropecuários;1400.0;;6847
4217907;2017;technical_assistance;;Número de estabelecimentos agropecuários;840.0;;6847
4217956;2017;technical_assistance;;Número de estabelecimentos agropecuários;285.0;;6847
4218004;2017;technical_assistance;;Número de estabelecimentos agropecuários;445.0;;6847
4218103;2017;technical_assistance;;Número de estabelecimentos agropecuários;392.0;;6847
4218202;2017;technical_assistance;;Número de estabelecimentos agropecuários;321.0;;6847
4218251;2017;technical_assistance;;Número de estabelecimentos agropecuários;731.0;;6847
4218301;2017;technical_assistance;;Número de estabelecimentos agropecuários;393.0;;6847
4218350;2017;technical_assistance;;Número de estabelecimentos agropecuários;175.0;;6847
4218400;2017;technical_assistance;;Número de estabelecimentos agropecuários;604.0;;6847
4218509;2017;technical_assistance;;Número de estabelecimentos agropecuários;431.0;;6847
4218608;2017;technical_assistance;;Número de estabelecimentos agropecuários;266.0;;6847
4218707;2017;technical_assistance;;Número de estabelecimentos agropecuários;990.0;;6847
4218756;2017;technical_assistance;;Número de estabelecimentos agropecuários;548.0;;6847
4218806;2017;technical_assistance;;Número de estabelecimentos agropecuários;661.0;;6847
4218855;2017;technical_assistance;;Número de estabelecimentos agropecuários;422.0;;6847
4218905;2017;technical_assistance;;Número de estabelecimentos agropecuários;658.0;;6847
4218954;2017;technical_assistance;;Número de estabelecimentos agropecuários;322.0;;6847
4219002;2017;technical_assistance;;Número de estabelecimentos agropecuários;660.0;;6847
4219101;2017;technical_assistance;;Número de estabelecimentos agropecuários;337.0;;6847
4219150;2017;technical_assistance;;Número de estabelecimentos agropecuários;714.0;;6847
4219176;2017;technical_assistance;;Número de estabelecimentos agropecuários;326.0;;6847
4219200;2017;technical_assistance;;Número de estabelecimentos agropecuários;1049.0;;6847
4219309;2017;technical_assistance;;Número de estabelecimentos agropecuários;1047.0;;6847
4219358;2017;technical_assistance;;Número de estabelecimentos agropecuários;793.0;;6847
4219408;2017;technical_assistance;;Número de estabelecimentos agropecuários;645.0;;6847
4219507;2017;technical_assistance;;Número de estabelecimentos agropecuários;711.0;;6847
4219606;2017;technical_assistance;;Número de estabelecimentos agropecuários;738.0;;6847
4219705;2017;technical_assistance;;Número de estabelecimentos agropecuários;923.0;;6847
4219853;2017;technical_assistance;;Número de estabelecimentos agropecuários;257.0;;6847
4220000;2017;technical_assistance;;Número de estabelecimentos agropecuários;85.0;;6847
2800100;2017;technical_assistance;;Número de estabelecimentos agropecuários;44.0;;6847
2800209;2017;technical_assistance;;Número de estabelecimentos agropecuários;1516.0;;6847
2800308;2017;technical_assistance;;Número de estabelecimentos agropecuários;114.0;;6847
2800407;2017;technical_assistance;;Número de estabelecimentos agropecuários;983.0;;6847
2800506;2017;technical_assistance;;Número de estabelecimentos agropecuários;873.0;;6847
2800605;2017;technical_assistance;;Número de estabelecimentos agropecuários;266.0;;6847
2800670;2017;technical_assistance;;Número de estabelecimentos agropecuários;2555.0;;6847
2800704;2017;technical_assistance;;Número de estabelecimentos agropecuários;459.0;;6847
2801009;2017;technical_assistance;;Número de estabelecimentos agropecuários;1156.0;;6847
2801108;2017;technical_assistance;;Número de estabelecimentos agropecuários;456.0;;6847
2801207;2017;technical_assistance;;Número de estabelecimentos agropecuários;1229.0;;6847
2801306;2017;technical_assistance;;Número de estabelecimentos agropecuários;1511.0;;6847
2801405;2017;technical_assistance;;Número de estabelecimentos agropecuários;1883.0;;6847
2801504;2017;technical_assistance;;Número de estabelecimentos agropecuários;118.0;;6847
2801603;2017;technical_assistance;;Número de estabelecimentos agropecuários;358.0;;6847
2801702;2017;technical_assistance;;Número de estabelecimentos agropecuários;1243.0;;6847
2801900;2017;technical_assistance;;Número de estabelecimentos agropecuários;439.0;;6847
2802007;2017;technical_assistance;;Número de estabelecimentos agropecuários;165.0;;6847
2802106;2017;technical_assistance;;Número de estabelecimentos agropecuários;1844.0;;6847
2802205;2017;technical_assistance;;Número de estabelecimentos agropecuários;562.0;;6847
2802304;2017;technical_assistance;;Número de estabelecimentos agropecuários;917.0;;6847
2802403;2017;technical_assistance;;Número de estabelecimentos agropecuários;2253.0;;6847
2802502;2017;technical_assistance;;Número de estabelecimentos agropecuários;183.0;;6847
2802601;2017;technical_assistance;;Número de estabelecimentos agropecuários;942.0;;6847
2802700;2017;technical_assistance;;Número de estabelecimentos agropecuários;331.0;;6847
2802809;2017;technical_assistance;;Número de estabelecimentos agropecuários;1794.0;;6847
2802908;2017;technical_assistance;;Número de estabelecimentos agropecuários;3262.0;;6847
2803005;2017;technical_assistance;;Número de estabelecimentos agropecuários;3591.0;;6847
2803104;2017;technical_assistance;;Número de estabelecimentos agropecuários;727.0;;6847
2803203;2017;technical_assistance;;Número de estabelecimentos agropecuários;1780.0;;6847
2803302;2017;technical_assistance;;Número de estabelecimentos agropecuários;859.0;;6847
2803401;2017;technical_assistance;;Número de estabelecimentos agropecuários;983.0;;6847
2803500;2017;technical_assistance;;Número de estabelecimentos agropecuários;6909.0;;6847
2803609;2017;technical_assistance;;Número de estabelecimentos agropecuários;263.0;;6847
2803708;2017;technical_assistance;;Número de estabelecimentos agropecuários;492.0;;6847
2803807;2017;technical_assistance;;Número de estabelecimentos agropecuários;171.0;;6847
2803906;2017;technical_assistance;;Número de estabelecimentos agropecuários;1189.0;;6847
2804003;2017;technical_assistance;;Número de estabelecimentos agropecuários;94.0;;6847
2804102;2017;technical_assistance;;Número de estabelecimentos agropecuários;2205.0;;6847
2804201;2017;technical_assistance;;Número de estabelecimentos agropecuários;1162.0;;6847
2804300;2017;technical_assistance;;Número de estabelecimentos agropecuários;331.0;;6847
2804409;2017;technical_assistance;;Número de estabelecimentos agropecuários;976.0;;6847
2804458;2017;technical_assistance;;Número de estabelecimentos agropecuários;2011.0;;6847
2804508;2017;technical_assistance;;Número de estabelecimentos agropecuários;2992.0;;6847
2804607;2017;technical_assistance;;Número de estabelecimentos agropecuários;1415.0;;6847
2804706;2017;technical_assistance;;Número de estabelecimentos agropecuários;396.0;;6847
2804805;2017;technical_assistance;;Número de estabelecimentos agropecuários;331.0;;6847
2804904;2017;technical_assistance;;Número de estabelecimentos agropecuários;1305.0;;6847
2805000;2017;technical_assistance;;Número de estabelecimentos agropecuários;293.0;;6847
2805109;2017;technical_assistance;;Número de estabelecimentos agropecuários;592.0;;6847
2805208;2017;technical_assistance;;Número de estabelecimentos agropecuários;478.0;;6847
2805307;2017;technical_assistance;;Número de estabelecimentos agropecuários;675.0;;6847
2805406;2017;technical_assistance;;Número de estabelecimentos agropecuários;4077.0;;6847
2805505;2017;technical_assistance;;Número de estabelecimentos agropecuários;2105.0;;6847
2805604;2017;technical_assistance;;Número de estabelecimentos agropecuários;2647.0;;6847
2805703;2017;technical_assistance;;Número de estabelecimentos agropecuários;637.0;;6847
2805802;2017;technical_assistance;;Número de estabelecimentos agropecuários;3594.0;;6847
2805901;2017;technical_assistance;;Número de estabelecimentos agropecuários;256.0;;6847
2806008;2017;technical_assistance;;Número de estabelecimentos agropecuários;1847.0;;6847
2806107;2017;technical_assistance;;Número de estabelecimentos agropecuários;160.0;;6847
2806206;2017;technical_assistance;;Número de estabelecimentos agropecuários;2075.0;;6847
2806305;2017;technical_assistance;;Número de estabelecimentos agropecuários;1172.0;;6847
2806404;2017;technical_assistance;;Número de estabelecimentos agropecuários;60.0;;6847
2806503;2017;technical_assistance;;Número de estabelecimentos agropecuários;465.0;;6847
2806602;2017;technical_assistance;;Número de estabelecimentos agropecuários;734.0;;6847
2806701;2017;technical_assistance;;Número de estabelecimentos agropecuários;946.0;;6847
2806800;2017;technical_assistance;;Número de estabelecimentos agropecuários;1509.0;;6847
2806909;2017;technical_assistance;;Número de estabelecimentos agropecuários;165.0;;6847
2807006;2017;technical_assistance;;Número de estabelecimentos agropecuários;561.0;;6847
2807105;2017;technical_assistance;;Número de estabelecimentos agropecuários;3491.0;;6847
2807204;2017;technical_assistance;;Número de estabelecimentos agropecuários;492.0;;6847
2807303;2017;technical_assistance;;Número de estabelecimentos agropecuários;137.0;;6847
2807402;2017;technical_assistance;;Número de estabelecimentos agropecuários;3545.0;;6847
2807501;2017;technical_assistance;;Número de estabelecimentos agropecuários;1832.0;;6847
2807600;2017;technical_assistance;;Número de estabelecimentos agropecuários;1092.0;;6847
3500105;2017;technical_assistance;;Número de estabelecimentos agropecuários;529.0;;6847
3500204;2017;technical_assistance;;Número de estabelecimentos agropecuários;82.0;;6847
3500303;2017;technical_assistance;;Número de estabelecimentos agropecuários;507.0;;6847
3500402;2017;technical_assistance;;Número de estabelecimentos agropecuários;113.0;;6847
3500501;2017;technical_assistance;;Número de estabelecimentos agropecuários;69.0;;6847
3500550;2017;technical_assistance;;Número de estabelecimentos agropecuários;212.0;;6847
3500709;2017;technical_assistance;;Número de estabelecimentos agropecuários;301.0;;6847
3500758;2017;technical_assistance;;Número de estabelecimentos agropecuários;168.0;;6847
3500808;2017;technical_assistance;;Número de estabelecimentos agropecuários;235.0;;6847
3500907;2017;technical_assistance;;Número de estabelecimentos agropecuários;103.0;;6847
3501004;2017;technical_assistance;;Número de estabelecimentos agropecuários;282.0;;6847
3501103;2017;technical_assistance;;Número de estabelecimentos agropecuários;468.0;;6847
3501152;2017;technical_assistance;;Número de estabelecimentos agropecuários;8.0;;6847
3501202;2017;technical_assistance;;Número de estabelecimentos agropecuários;508.0;;6847
3501301;2017;technical_assistance;;Número de estabelecimentos agropecuários;660.0;;6847
3501400;2017;technical_assistance;;Número de estabelecimentos agropecuários;93.0;;6847
3501509;2017;technical_assistance;;Número de estabelecimentos agropecuários;102.0;;6847
3501608;2017;technical_assistance;;Número de estabelecimentos agropecuários;42.0;;6847
3501707;2017;technical_assistance;;Número de estabelecimentos agropecuários;17.0;;6847
3501806;2017;technical_assistance;;Número de estabelecimentos agropecuários;374.0;;6847
3501905;2017;technical_assistance;;Número de estabelecimentos agropecuários;525.0;;6847
3502002;2017;technical_assistance;;Número de estabelecimentos agropecuários;116.0;;6847
3502101;2017;technical_assistance;;Número de estabelecimentos agropecuários;838.0;;6847
3502200;2017;technical_assistance;;Número de estabelecimentos agropecuários;931.0;;6847
3502309;2017;technical_assistance;;Número de estabelecimentos agropecuários;184.0;;6847
3502408;2017;technical_assistance;;Número de estabelecimentos agropecuários;223.0;;6847
3502507;2017;technical_assistance;;Número de estabelecimentos agropecuários;83.0;;6847
3502606;2017;technical_assistance;;Número de estabelecimentos agropecuários;397.0;;6847
3502705;2017;technical_assistance;;Número de estabelecimentos agropecuários;534.0;;6847
3502754;2017;technical_assistance;;Número de estabelecimentos agropecuários;10.0;;6847
3502804;2017;technical_assistance;;Número de estabelecimentos agropecuários;1020.0;;6847
3502903;2017;technical_assistance;;Número de estabelecimentos agropecuários;315.0;;6847
3503000;2017;technical_assistance;;Número de estabelecimentos agropecuários;82.0;;6847
3503109;2017;technical_assistance;;Número de estabelecimentos agropecuários;185.0;;6847
3503158;2017;technical_assistance;;Número de estabelecimentos agropecuários;83.0;;6847
3503208;2017;technical_assistance;;Número de estabelecimentos agropecuários;711.0;;6847
3503307;2017;technical_assistance;;Número de estabelecimentos agropecuários;358.0;;6847
3503356;2017;technical_assistance;;Número de estabelecimentos agropecuários;191.0;;6847
3503406;2017;technical_assistance;;Número de estabelecimentos agropecuários;645.0;;6847
3503505;2017;technical_assistance;;Número de estabelecimentos agropecuários;82.0;;6847
3503604;2017;technical_assistance;;Número de estabelecimentos agropecuários;21.0;;6847
3503703;2017;technical_assistance;;Número de estabelecimentos agropecuários;106.0;;6847
3503802;2017;technical_assistance;;Número de estabelecimentos agropecuários;568.0;;6847
3503901;2017;technical_assistance;;Número de estabelecimentos agropecuários;127.0;;6847
3503950;2017;technical_assistance;;Número de estabelecimentos agropecuários;142.0;;6847
3504008;2017;technical_assistance;;Número de estabelecimentos agropecuários;389.0;;6847
3504107;2017;technical_assistance;;Número de estabelecimentos agropecuários;600.0;;6847
3504206;2017;technical_assistance;;Número de estabelecimentos agropecuários;349.0;;6847
3504305;2017;technical_assistance;;Número de estabelecimentos agropecuários;374.0;;6847
3504404;2017;technical_assistance;;Número de estabelecimentos agropecuários;170.0;;6847
3504503;2017;technical_assistance;;Número de estabelecimentos agropecuários;665.0;;6847
3504602;2017;technical_assistance;;Número de estabelecimentos agropecuários;153.0;;6847
3504701;2017;technical_assistance;;Número de estabelecimentos agropecuários;64.0;;6847
3504800;2017;technical_assistance;;Número de estabelecimentos agropecuários;252.0;;6847
3504909;2017;technical_assistance;;Número de estabelecimentos agropecuários;236.0;;6847
3505005;2017;technical_assistance;;Número de estabelecimentos agropecuários;219.0;;6847
3505104;2017;technical_assistance;;Número de estabelecimentos agropecuários;109.0;;6847
3505203;2017;technical_assistance;;Número de estabelecimentos agropecuários;369.0;;6847
3505302;2017;technical_assistance;;Número de estabelecimentos agropecuários;55.0;;6847
3505351;2017;technical_assistance;;Número de estabelecimentos agropecuários;441.0;;6847
3505401;2017;technical_assistance;;Número de estabelecimentos agropecuários;547.0;;6847
3505500;2017;technical_assistance;;Número de estabelecimentos agropecuários;975.0;;6847
3505609;2017;technical_assistance;;Número de estabelecimentos agropecuários;22.0;;6847
3505807;2017;technical_assistance;;Número de estabelecimentos agropecuários;382.0;;6847
3505906;2017;technical_assistance;;Número de estabelecimentos agropecuários;376.0;;6847
3506003;2017;technical_assistance;;Número de estabelecimentos agropecuários;395.0;;6847
3506102;2017;technical_assistance;;Número de estabelecimentos agropecuários;599.0;;6847
3506201;2017;technical_assistance;;Número de estabelecimentos agropecuários;55.0;;6847
3506300;2017;technical_assistance;;Número de estabelecimentos agropecuários;254.0;;6847
3506359;2017;technical_assistance;;Número de estabelecimentos agropecuários;1.0;;6847
3506409;2017;technical_assistance;;Número de estabelecimentos agropecuários;263.0;;6847
3506508;2017;technical_assistance;;Número de estabelecimentos agropecuários;650.0;;6847
3506607;2017;technical_assistance;;Número de estabelecimentos agropecuários;433.0;;6847
3506706;2017;technical_assistance;;Número de estabelecimentos agropecuários;167.0;;6847
3506805;2017;technical_assistance;;Número de estabelecimentos agropecuários;131.0;;6847
3506904;2017;technical_assistance;;Número de estabelecimentos agropecuários;227.0;;6847
3507001;2017;technical_assistance;;Número de estabelecimentos agropecuários;191.0;;6847
3507100;2017;technical_assistance;;Número de estabelecimentos agropecuários;65.0;;6847
3507159;2017;technical_assistance;;Número de estabelecimentos agropecuários;56.0;;6847
3507209;2017;technical_assistance;;Número de estabelecimentos agropecuários;38.0;;6847
3507308;2017;technical_assistance;;Número de estabelecimentos agropecuários;72.0;;6847
3507407;2017;technical_assistance;;Número de estabelecimentos agropecuários;410.0;;6847
3507456;2017;technical_assistance;;Número de estabelecimentos agropecuários;70.0;;6847
3507506;2017;technical_assistance;;Número de estabelecimentos agropecuários;359.0;;6847
3507605;2017;technical_assistance;;Número de estabelecimentos agropecuários;583.0;;6847
3507704;2017;technical_assistance;;Número de estabelecimentos agropecuários;156.0;;6847
3507753;2017;technical_assistance;;Número de estabelecimentos agropecuários;91.0;;6847
3507803;2017;technical_assistance;;Número de estabelecimentos agropecuários;153.0;;6847
3507902;2017;technical_assistance;;Número de estabelecimentos agropecuários;396.0;;6847
3508009;2017;technical_assistance;;Número de estabelecimentos agropecuários;530.0;;6847
3508108;2017;technical_assistance;;Número de estabelecimentos agropecuários;397.0;;6847
3508207;2017;technical_assistance;;Número de estabelecimentos agropecuários;153.0;;6847
3508306;2017;technical_assistance;;Número de estabelecimentos agropecuários;99.0;;6847
3508405;2017;technical_assistance;;Número de estabelecimentos agropecuários;102.0;;6847
3508504;2017;technical_assistance;;Número de estabelecimentos agropecuários;119.0;;6847
3508603;2017;technical_assistance;;Número de estabelecimentos agropecuários;254.0;;6847
3508702;2017;technical_assistance;;Número de estabelecimentos agropecuários;1262.0;;6847
3508801;2017;technical_assistance;;Número de estabelecimentos agropecuários;253.0;;6847
3508900;2017;technical_assistance;;Número de estabelecimentos agropecuários;189.0;;6847
3509007;2017;technical_assistance;;Número de estabelecimentos agropecuários;18.0;;6847
3509106;2017;technical_assistance;;Número de estabelecimentos agropecuários;658.0;;6847
3509205;2017;technical_assistance;;Número de estabelecimentos agropecuários;72.0;;6847
3509254;2017;technical_assistance;;Número de estabelecimentos agropecuários;520.0;;6847
3509304;2017;technical_assistance;;Número de estabelecimentos agropecuários;181.0;;6847
3509403;2017;technical_assistance;;Número de estabelecimentos agropecuários;736.0;;6847
3509452;2017;technical_assistance;;Número de estabelecimentos agropecuários;141.0;;6847
3509502;2017;technical_assistance;;Número de estabelecimentos agropecuários;582.0;;6847
3509601;2017;technical_assistance;;Número de estabelecimentos agropecuários;15.0;;6847
3509700;2017;technical_assistance;;Número de estabelecimentos agropecuários;34.0;;6847
3509809;2017;technical_assistance;;Número de estabelecimentos agropecuários;191.0;;6847
3509908;2017;technical_assistance;;Número de estabelecimentos agropecuários;115.0;;6847
3509957;2017;technical_assistance;;Número de estabelecimentos agropecuários;41.0;;6847
3510005;2017;technical_assistance;;Número de estabelecimentos agropecuários;351.0;;6847
3510104;2017;technical_assistance;;Número de estabelecimentos agropecuários;134.0;;6847
3510153;2017;technical_assistance;;Número de estabelecimentos agropecuários;21.0;;6847
3510203;2017;technical_assistance;;Número de estabelecimentos agropecuários;760.0;;6847
3510302;2017;technical_assistance;;Número de estabelecimentos agropecuários;157.0;;6847
3510401;2017;technical_assistance;;Número de estabelecimentos agropecuários;133.0;;6847
3510500;2017;technical_assistance;;Número de estabelecimentos agropecuários;87.0;;6847
3510708;2017;technical_assistance;;Número de estabelecimentos agropecuários;263.0;;6847
3510807;2017;technical_assistance;;Número de estabelecimentos agropecuários;504.0;;6847
3510906;2017;technical_assistance;;Número de estabelecimentos agropecuários;320.0;;6847
3511003;2017;technical_assistance;;Número de estabelecimentos agropecuários;1199.0;;6847
3511102;2017;technical_assistance;;Número de estabelecimentos agropecuários;157.0;;6847
3511201;2017;technical_assistance;;Número de estabelecimentos agropecuários;48.0;;6847
3511300;2017;technical_assistance;;Número de estabelecimentos agropecuários;298.0;;6847
3511409;2017;technical_assistance;;Número de estabelecimentos agropecuários;394.0;;6847
3511508;2017;technical_assistance;;Número de estabelecimentos agropecuários;180.0;;6847
3511607;2017;technical_assistance;;Número de estabelecimentos agropecuários;197.0;;6847
3511706;2017;technical_assistance;;Número de estabelecimentos agropecuários;107.0;;6847
3511904;2017;technical_assistance;;Número de estabelecimentos agropecuários;127.0;;6847
3512001;2017;technical_assistance;;Número de estabelecimentos agropecuários;200.0;;6847
3512100;2017;technical_assistance;;Número de estabelecimentos agropecuários;221.0;;6847
3512209;2017;technical_assistance;;Número de estabelecimentos agropecuários;359.0;;6847
3512308;2017;technical_assistance;;Número de estabelecimentos agropecuários;509.0;;6847
3512407;2017;technical_assistance;;Número de estabelecimentos agropecuários;120.0;;6847
3512506;2017;technical_assistance;;Número de estabelecimentos agropecuários;332.0;;6847
3512605;2017;technical_assistance;;Número de estabelecimentos agropecuários;284.0;;6847
3512704;2017;technical_assistance;;Número de estabelecimentos agropecuários;355.0;;6847
3512803;2017;technical_assistance;;Número de estabelecimentos agropecuários;178.0;;6847
3512902;2017;technical_assistance;;Número de estabelecimentos agropecuários;598.0;;6847
3513009;2017;technical_assistance;;Número de estabelecimentos agropecuários;183.0;;6847
3513108;2017;technical_assistance;;Número de estabelecimentos agropecuários;113.0;;6847
3513207;2017;technical_assistance;;Número de estabelecimentos agropecuários;444.0;;6847
3513306;2017;technical_assistance;;Número de estabelecimentos agropecuários;97.0;;6847
3513405;2017;technical_assistance;;Número de estabelecimentos agropecuários;192.0;;6847
3513504;2017;technical_assistance;;Número de estabelecimentos agropecuários;3.0;;6847
3513603;2017;technical_assistance;;Número de estabelecimentos agropecuários;2287.0;;6847
3513702;2017;technical_assistance;;Número de estabelecimentos agropecuários;396.0;;6847
3513801;2017;technical_assistance;;Número de estabelecimentos agropecuários;16.0;;6847
3513850;2017;technical_assistance;;Número de estabelecimentos agropecuários;131.0;;6847
3513900;2017;technical_assistance;;Número de estabelecimentos agropecuários;633.0;;6847
3514007;2017;technical_assistance;;Número de estabelecimentos agropecuários;29.0;;6847
3514106;2017;technical_assistance;;Número de estabelecimentos agropecuários;367.0;;6847
3514205;2017;technical_assistance;;Número de estabelecimentos agropecuários;107.0;;6847
3514304;2017;technical_assistance;;Número de estabelecimentos agropecuários;63.0;;6847
3514403;2017;technical_assistance;;Número de estabelecimentos agropecuários;572.0;;6847
3514502;2017;technical_assistance;;Número de estabelecimentos agropecuários;248.0;;6847
3514601;2017;technical_assistance;;Número de estabelecimentos agropecuários;178.0;;6847
3514700;2017;technical_assistance;;Número de estabelecimentos agropecuários;272.0;;6847
3514809;2017;technical_assistance;;Número de estabelecimentos agropecuários;848.0;;6847
3514908;2017;technical_assistance;;Número de estabelecimentos agropecuários;295.0;;6847
3514924;2017;technical_assistance;;Número de estabelecimentos agropecuários;49.0;;6847
3514957;2017;technical_assistance;;Número de estabelecimentos agropecuários;63.0;;6847
3515004;2017;technical_assistance;;Número de estabelecimentos agropecuários;27.0;;6847
3515103;2017;technical_assistance;;Número de estabelecimentos agropecuários;105.0;;6847
3515129;2017;technical_assistance;;Número de estabelecimentos agropecuários;194.0;;6847
3515152;2017;technical_assistance;;Número de estabelecimentos agropecuários;317.0;;6847
3515186;2017;technical_assistance;;Número de estabelecimentos agropecuários;481.0;;6847
3515194;2017;technical_assistance;;Número de estabelecimentos agropecuários;97.0;;6847
3515202;2017;technical_assistance;;Número de estabelecimentos agropecuários;270.0;;6847
3515301;2017;technical_assistance;;Número de estabelecimentos agropecuários;136.0;;6847
3515350;2017;technical_assistance;;Número de estabelecimentos agropecuários;751.0;;6847
3515400;2017;technical_assistance;;Número de estabelecimentos agropecuários;475.0;;6847
3515509;2017;technical_assistance;;Número de estabelecimentos agropecuários;584.0;;6847
3515608;2017;technical_assistance;;Número de estabelecimentos agropecuários;313.0;;6847
3515657;2017;technical_assistance;;Número de estabelecimentos agropecuários;205.0;;6847
3515707;2017;technical_assistance;;Número de estabelecimentos agropecuários;16.0;;6847
3515806;2017;technical_assistance;;Número de estabelecimentos agropecuários;109.0;;6847
3515905;2017;technical_assistance;;Número de estabelecimentos agropecuários;230.0;;6847
3516002;2017;technical_assistance;;Número de estabelecimentos agropecuários;512.0;;6847
3516101;2017;technical_assistance;;Número de estabelecimentos agropecuários;46.0;;6847
3516200;2017;technical_assistance;;Número de estabelecimentos agropecuários;541.0;;6847
3516309;2017;technical_assistance;;Número de estabelecimentos agropecuários;26.0;;6847
3516408;2017;technical_assistance;;Número de estabelecimentos agropecuários;137.0;;6847
3516507;2017;technical_assistance;;Número de estabelecimentos agropecuários;178.0;;6847
3516606;2017;technical_assistance;;Número de estabelecimentos agropecuários;316.0;;6847
3516705;2017;technical_assistance;;Número de estabelecimentos agropecuários;578.0;;6847
3516804;2017;technical_assistance;;Número de estabelecimentos agropecuários;209.0;;6847
3516853;2017;technical_assistance;;Número de estabelecimentos agropecuários;56.0;;6847
3516903;2017;technical_assistance;;Número de estabelecimentos agropecuários;354.0;;6847
3517000;2017;technical_assistance;;Número de estabelecimentos agropecuários;218.0;;6847
3517109;2017;technical_assistance;;Número de estabelecimentos agropecuários;248.0;;6847
3517208;2017;technical_assistance;;Número de estabelecimentos agropecuários;124.0;;6847
3517307;2017;technical_assistance;;Número de estabelecimentos agropecuários;86.0;;6847
3517406;2017;technical_assistance;;Número de estabelecimentos agropecuários;313.0;;6847
3517505;2017;technical_assistance;;Número de estabelecimentos agropecuários;510.0;;6847
3517604;2017;technical_assistance;;Número de estabelecimentos agropecuários;819.0;;6847
3517703;2017;technical_assistance;;Número de estabelecimentos agropecuários;146.0;;6847
3517802;2017;technical_assistance;;Número de estabelecimentos agropecuários;402.0;;6847
3517901;2017;technical_assistance;;Número de estabelecimentos agropecuários;189.0;;6847
3518008;2017;technical_assistance;;Número de estabelecimentos agropecuários;93.0;;6847
3518107;2017;technical_assistance;;Número de estabelecimentos agropecuários;298.0;;6847
3518206;2017;technical_assistance;;Número de estabelecimentos agropecuários;362.0;;6847
3518305;2017;technical_assistance;;Número de estabelecimentos agropecuários;221.0;;6847
3518404;2017;technical_assistance;;Número de estabelecimentos agropecuários;372.0;;6847
3518503;2017;technical_assistance;;Número de estabelecimentos agropecuários;764.0;;6847
3518602;2017;technical_assistance;;Número de estabelecimentos agropecuários;82.0;;6847
3518701;2017;technical_assistance;;Número de estabelecimentos agropecuários;9.0;;6847
3518800;2017;technical_assistance;;Número de estabelecimentos agropecuários;83.0;;6847
3518859;2017;technical_assistance;;Número de estabelecimentos agropecuários;169.0;;6847
3518909;2017;technical_assistance;;Número de estabelecimentos agropecuários;165.0;;6847
3519006;2017;technical_assistance;;Número de estabelecimentos agropecuários;428.0;;6847
3519055;2017;technical_assistance;;Número de estabelecimentos agropecuários;218.0;;6847
3519071;2017;technical_assistance;;Número de estabelecimentos agropecuários;19.0;;6847
3519105;2017;technical_assistance;;Número de estabelecimentos agropecuários;171.0;;6847
3519204;2017;technical_assistance;;Número de estabelecimentos agropecuários;241.0;;6847
3519253;2017;technical_assistance;;Número de estabelecimentos agropecuários;432.0;;6847
3519303;2017;technical_assistance;;Número de estabelecimentos agropecuários;57.0;;6847
3519402;2017;technical_assistance;;Número de estabelecimentos agropecuários;244.0;;6847
3519501;2017;technical_assistance;;Número de estabelecimentos agropecuários;139.0;;6847
3519600;2017;technical_assistance;;Número de estabelecimentos agropecuários;403.0;;6847
3519709;2017;technical_assistance;;Número de estabelecimentos agropecuários;1240.0;;6847
3519808;2017;technical_assistance;;Número de estabelecimentos agropecuários;86.0;;6847
3519907;2017;technical_assistance;;Número de estabelecimentos agropecuários;266.0;;6847
3520004;2017;technical_assistance;;Número de estabelecimentos agropecuários;42.0;;6847
3520103;2017;technical_assistance;;Número de estabelecimentos agropecuários;209.0;;6847
3520202;2017;technical_assistance;;Número de estabelecimentos agropecuários;120.0;;6847
3520301;2017;technical_assistance;;Número de estabelecimentos agropecuários;476.0;;6847
3520400;2017;technical_assistance;;Número de estabelecimentos agropecuários;13.0;;6847
3520426;2017;technical_assistance;;Número de estabelecimentos agropecuários;6.0;;6847
3520442;2017;technical_assistance;;Número de estabelecimentos agropecuários;342.0;;6847
3520509;2017;technical_assistance;;Número de estabelecimentos agropecuários;332.0;;6847
3520608;2017;technical_assistance;;Número de estabelecimentos agropecuários;215.0;;6847
3520707;2017;technical_assistance;;Número de estabelecimentos agropecuários;201.0;;6847
3520806;2017;technical_assistance;;Número de estabelecimentos agropecuários;114.0;;6847
3520905;2017;technical_assistance;;Número de estabelecimentos agropecuários;42.0;;6847
3521002;2017;technical_assistance;;Número de estabelecimentos agropecuários;160.0;;6847
3521101;2017;technical_assistance;;Número de estabelecimentos agropecuários;219.0;;6847
3521150;2017;technical_assistance;;Número de estabelecimentos agropecuários;152.0;;6847
3521200;2017;technical_assistance;;Número de estabelecimentos agropecuários;363.0;;6847
3521309;2017;technical_assistance;;Número de estabelecimentos agropecuários;105.0;;6847
3521408;2017;technical_assistance;;Número de estabelecimentos agropecuários;28.0;;6847
3521507;2017;technical_assistance;;Número de estabelecimentos agropecuários;211.0;;6847
3521606;2017;technical_assistance;;Número de estabelecimentos agropecuários;379.0;;6847
3521705;2017;technical_assistance;;Número de estabelecimentos agropecuários;946.0;;6847
3521804;2017;technical_assistance;;Número de estabelecimentos agropecuários;613.0;;6847
3521903;2017;technical_assistance;;Número de estabelecimentos agropecuários;595.0;;6847
3522000;2017;technical_assistance;;Número de estabelecimentos agropecuários;205.0;;6847
3522109;2017;technical_assistance;;Número de estabelecimentos agropecuários;57.0;;6847
3522158;2017;technical_assistance;;Número de estabelecimentos agropecuários;127.0;;6847
3522208;2017;technical_assistance;;Número de estabelecimentos agropecuários;87.0;;6847
3522307;2017;technical_assistance;;Número de estabelecimentos agropecuários;1291.0;;6847
3522406;2017;technical_assistance;;Número de estabelecimentos agropecuários;1231.0;;6847
3522505;2017;technical_assistance;;Número de estabelecimentos agropecuários;5.0;;6847
3522604;2017;technical_assistance;;Número de estabelecimentos agropecuários;495.0;;6847
3522653;2017;technical_assistance;;Número de estabelecimentos agropecuários;310.0;;6847
3522703;2017;technical_assistance;;Número de estabelecimentos agropecuários;782.0;;6847
3522802;2017;technical_assistance;;Número de estabelecimentos agropecuários;924.0;;6847
3522901;2017;technical_assistance;;Número de estabelecimentos agropecuários;80.0;;6847
3523008;2017;technical_assistance;;Número de estabelecimentos agropecuários;261.0;;6847
3523107;2017;technical_assistance;;Número de estabelecimentos agropecuários;49.0;;6847
3523206;2017;technical_assistance;;Número de estabelecimentos agropecuários;682.0;;6847
3523305;2017;technical_assistance;;Número de estabelecimentos agropecuários;214.0;;6847
3523404;2017;technical_assistance;;Número de estabelecimentos agropecuários;331.0;;6847
3523503;2017;technical_assistance;;Número de estabelecimentos agropecuários;216.0;;6847
3523602;2017;technical_assistance;;Número de estabelecimentos agropecuários;228.0;;6847
3523701;2017;technical_assistance;;Número de estabelecimentos agropecuários;205.0;;6847
3523800;2017;technical_assistance;;Número de estabelecimentos agropecuários;125.0;;6847
3523909;2017;technical_assistance;;Número de estabelecimentos agropecuários;247.0;;6847
3524006;2017;technical_assistance;;Número de estabelecimentos agropecuários;116.0;;6847
3524105;2017;technical_assistance;;Número de estabelecimentos agropecuários;247.0;;6847
3524204;2017;technical_assistance;;Número de estabelecimentos agropecuários;136.0;;6847
3524303;2017;technical_assistance;;Número de estabelecimentos agropecuários;301.0;;6847
3524402;2017;technical_assistance;;Número de estabelecimentos agropecuários;398.0;;6847
3524501;2017;technical_assistance;;Número de estabelecimentos agropecuários;163.0;;6847
3524600;2017;technical_assistance;;Número de estabelecimentos agropecuários;505.0;;6847
3524709;2017;technical_assistance;;Número de estabelecimentos agropecuários;67.0;;6847
3524808;2017;technical_assistance;;Número de estabelecimentos agropecuários;1012.0;;6847
3524907;2017;technical_assistance;;Número de estabelecimentos agropecuários;105.0;;6847
3525102;2017;technical_assistance;;Número de estabelecimentos agropecuários;231.0;;6847
3525201;2017;technical_assistance;;Número de estabelecimentos agropecuários;188.0;;6847
3525300;2017;technical_assistance;;Número de estabelecimentos agropecuários;333.0;;6847
3525409;2017;technical_assistance;;Número de estabelecimentos agropecuários;80.0;;6847
3525508;2017;technical_assistance;;Número de estabelecimentos agropecuários;210.0;;6847
3525607;2017;technical_assistance;;Número de estabelecimentos agropecuários;283.0;;6847
3525706;2017;technical_assistance;;Número de estabelecimentos agropecuários;648.0;;6847
3525805;2017;technical_assistance;;Número de estabelecimentos agropecuários;58.0;;6847
3525854;2017;technical_assistance;;Número de estabelecimentos agropecuários;113.0;;6847
3525904;2017;technical_assistance;;Número de estabelecimentos agropecuários;399.0;;6847
3526001;2017;technical_assistance;;Número de estabelecimentos agropecuários;537.0;;6847
3526100;2017;technical_assistance;;Número de estabelecimentos agropecuários;376.0;;6847
3526209;2017;technical_assistance;;Número de estabelecimentos agropecuários;123.0;;6847
3526308;2017;technical_assistance;;Número de estabelecimentos agropecuários;257.0;;6847
3526407;2017;technical_assistance;;Número de estabelecimentos agropecuários;461.0;;6847
3526506;2017;technical_assistance;;Número de estabelecimentos agropecuários;276.0;;6847
3526605;2017;technical_assistance;;Número de estabelecimentos agropecuários;61.0;;6847
3526704;2017;technical_assistance;;Número de estabelecimentos agropecuários;267.0;;6847
3526803;2017;technical_assistance;;Número de estabelecimentos agropecuários;273.0;;6847
3526902;2017;technical_assistance;;Número de estabelecimentos agropecuários;936.0;;6847
3527009;2017;technical_assistance;;Número de estabelecimentos agropecuários;64.0;;6847
3527108;2017;technical_assistance;;Número de estabelecimentos agropecuários;137.0;;6847
3527207;2017;technical_assistance;;Número de estabelecimentos agropecuários;189.0;;6847
3527256;2017;technical_assistance;;Número de estabelecimentos agropecuários;112.0;;6847
3527306;2017;technical_assistance;;Número de estabelecimentos agropecuários;136.0;;6847
3527405;2017;technical_assistance;;Número de estabelecimentos agropecuários;443.0;;6847
3527504;2017;technical_assistance;;Número de estabelecimentos agropecuários;133.0;;6847
3527603;2017;technical_assistance;;Número de estabelecimentos agropecuários;55.0;;6847
3527702;2017;technical_assistance;;Número de estabelecimentos agropecuários;182.0;;6847
3527801;2017;technical_assistance;;Número de estabelecimentos agropecuários;192.0;;6847
3527900;2017;technical_assistance;;Número de estabelecimentos agropecuários;159.0;;6847
3528007;2017;technical_assistance;;Número de estabelecimentos agropecuários;79.0;;6847
3528106;2017;technical_assistance;;Número de estabelecimentos agropecuários;451.0;;6847
3528205;2017;technical_assistance;;Número de estabelecimentos agropecuários;327.0;;6847
3528304;2017;technical_assistance;;Número de estabelecimentos agropecuários;172.0;;6847
3528403;2017;technical_assistance;;Número de estabelecimentos agropecuários;117.0;;6847
3528502;2017;technical_assistance;;Número de estabelecimentos agropecuários;72.0;;6847
3528601;2017;technical_assistance;;Número de estabelecimentos agropecuários;191.0;;6847
3528700;2017;technical_assistance;;Número de estabelecimentos agropecuários;489.0;;6847
3528809;2017;technical_assistance;;Número de estabelecimentos agropecuários;217.0;;6847
3528858;2017;technical_assistance;;Número de estabelecimentos agropecuários;148.0;;6847
3528908;2017;technical_assistance;;Número de estabelecimentos agropecuários;387.0;;6847
3529005;2017;technical_assistance;;Número de estabelecimentos agropecuários;881.0;;6847
3529104;2017;technical_assistance;;Número de estabelecimentos agropecuários;155.0;;6847
3529203;2017;technical_assistance;;Número de estabelecimentos agropecuários;559.0;;6847
3529302;2017;technical_assistance;;Número de estabelecimentos agropecuários;171.0;;6847
3529401;2017;technical_assistance;;Número de estabelecimentos agropecuários;34.0;;6847
3529500;2017;technical_assistance;;Número de estabelecimentos agropecuários;285.0;;6847
3529609;2017;technical_assistance;;Número de estabelecimentos agropecuários;205.0;;6847
3529658;2017;technical_assistance;;Número de estabelecimentos agropecuários;198.0;;6847
3529708;2017;technical_assistance;;Número de estabelecimentos agropecuários;195.0;;6847
3529807;2017;technical_assistance;;Número de estabelecimentos agropecuários;94.0;;6847
3529906;2017;technical_assistance;;Número de estabelecimentos agropecuários;675.0;;6847
3530003;2017;technical_assistance;;Número de estabelecimentos agropecuários;221.0;;6847
3530102;2017;technical_assistance;;Número de estabelecimentos agropecuários;1013.0;;6847
3530201;2017;technical_assistance;;Número de estabelecimentos agropecuários;2097.0;;6847
3530300;2017;technical_assistance;;Número de estabelecimentos agropecuários;359.0;;6847
3530409;2017;technical_assistance;;Número de estabelecimentos agropecuários;193.0;;6847
3530508;2017;technical_assistance;;Número de estabelecimentos agropecuários;454.0;;6847
3530607;2017;technical_assistance;;Número de estabelecimentos agropecuários;1379.0;;6847
3530706;2017;technical_assistance;;Número de estabelecimentos agropecuários;509.0;;6847
3530805;2017;technical_assistance;;Número de estabelecimentos agropecuários;716.0;;6847
3530904;2017;technical_assistance;;Número de estabelecimentos agropecuários;54.0;;6847
3531001;2017;technical_assistance;;Número de estabelecimentos agropecuários;112.0;;6847
3531100;2017;technical_assistance;;Número de estabelecimentos agropecuários;43.0;;6847
3531209;2017;technical_assistance;;Número de estabelecimentos agropecuários;148.0;;6847
3531308;2017;technical_assistance;;Número de estabelecimentos agropecuários;497.0;;6847
3531407;2017;technical_assistance;;Número de estabelecimentos agropecuários;825.0;;6847
3531506;2017;technical_assistance;;Número de estabelecimentos agropecuários;220.0;;6847
3531605;2017;technical_assistance;;Número de estabelecimentos agropecuários;265.0;;6847
3531704;2017;technical_assistance;;Número de estabelecimentos agropecuários;139.0;;6847
3531803;2017;technical_assistance;;Número de estabelecimentos agropecuários;226.0;;6847
3531902;2017;technical_assistance;;Número de estabelecimentos agropecuários;208.0;;6847
3532009;2017;technical_assistance;;Número de estabelecimentos agropecuários;145.0;;6847
3532058;2017;technical_assistance;;Número de estabelecimentos agropecuários;184.0;;6847
3532108;2017;technical_assistance;;Número de estabelecimentos agropecuários;489.0;;6847
3532157;2017;technical_assistance;;Número de estabelecimentos agropecuários;56.0;;6847
3532207;2017;technical_assistance;;Número de estabelecimentos agropecuários;138.0;;6847
3532306;2017;technical_assistance;;Número de estabelecimentos agropecuários;563.0;;6847
3532405;2017;technical_assistance;;Número de estabelecimentos agropecuários;298.0;;6847
3532504;2017;technical_assistance;;Número de estabelecimentos agropecuários;274.0;;6847
3532603;2017;technical_assistance;;Número de estabelecimentos agropecuários;673.0;;6847
3532702;2017;technical_assistance;;Número de estabelecimentos agropecuários;136.0;;6847
3532801;2017;technical_assistance;;Número de estabelecimentos agropecuários;209.0;;6847
3532827;2017;technical_assistance;;Número de estabelecimentos agropecuários;154.0;;6847
3532843;2017;technical_assistance;;Número de estabelecimentos agropecuários;342.0;;6847
3532868;2017;technical_assistance;;Número de estabelecimentos agropecuários;106.0;;6847
3532900;2017;technical_assistance;;Número de estabelecimentos agropecuários;76.0;;6847
3533007;2017;technical_assistance;;Número de estabelecimentos agropecuários;430.0;;6847
3533106;2017;technical_assistance;;Número de estabelecimentos agropecuários;89.0;;6847
3533205;2017;technical_assistance;;Número de estabelecimentos agropecuários;127.0;;6847
3533254;2017;technical_assistance;;Número de estabelecimentos agropecuários;91.0;;6847
3533304;2017;technical_assistance;;Número de estabelecimentos agropecuários;98.0;;6847
3533403;2017;technical_assistance;;Número de estabelecimentos agropecuários;36.0;;6847
3533502;2017;technical_assistance;;Número de estabelecimentos agropecuários;669.0;;6847
3533601;2017;technical_assistance;;Número de estabelecimentos agropecuários;197.0;;6847
3533700;2017;technical_assistance;;Número de estabelecimentos agropecuários;340.0;;6847
3533809;2017;technical_assistance;;Número de estabelecimentos agropecuários;336.0;;6847
3533908;2017;technical_assistance;;Número de estabelecimentos agropecuários;605.0;;6847
3534005;2017;technical_assistance;;Número de estabelecimentos agropecuários;73.0;;6847
3534104;2017;technical_assistance;;Número de estabelecimentos agropecuários;97.0;;6847
3534203;2017;technical_assistance;;Número de estabelecimentos agropecuários;110.0;;6847
3534302;2017;technical_assistance;;Número de estabelecimentos agropecuários;89.0;;6847
3534401;2017;technical_assistance;;Número de estabelecimentos agropecuários;16.0;;6847
3534500;2017;technical_assistance;;Número de estabelecimentos agropecuários;187.0;;6847
3534609;2017;technical_assistance;;Número de estabelecimentos agropecuários;660.0;;6847
3534708;2017;technical_assistance;;Número de estabelecimentos agropecuários;173.0;;6847
3534757;2017;technical_assistance;;Número de estabelecimentos agropecuários;231.0;;6847
3534807;2017;technical_assistance;;Número de estabelecimentos agropecuários;162.0;;6847
3534906;2017;technical_assistance;;Número de estabelecimentos agropecuários;539.0;;6847
3535002;2017;technical_assistance;;Número de estabelecimentos agropecuários;642.0;;6847
3535101;2017;technical_assistance;;Número de estabelecimentos agropecuários;31.0;;6847
3535200;2017;technical_assistance;;Número de estabelecimentos agropecuários;784.0;;6847
3535309;2017;technical_assistance;;Número de estabelecimentos agropecuários;401.0;;6847
3535408;2017;technical_assistance;;Número de estabelecimentos agropecuários;134.0;;6847
3535507;2017;technical_assistance;;Número de estabelecimentos agropecuários;613.0;;6847
3535606;2017;technical_assistance;;Número de estabelecimentos agropecuários;368.0;;6847
3535705;2017;technical_assistance;;Número de estabelecimentos agropecuários;81.0;;6847
3535804;2017;technical_assistance;;Número de estabelecimentos agropecuários;582.0;;6847
3535903;2017;technical_assistance;;Número de estabelecimentos agropecuários;156.0;;6847
3536000;2017;technical_assistance;;Número de estabelecimentos agropecuários;505.0;;6847
3536109;2017;technical_assistance;;Número de estabelecimentos agropecuários;99.0;;6847
3536208;2017;technical_assistance;;Número de estabelecimentos agropecuários;321.0;;6847
3536257;2017;technical_assistance;;Número de estabelecimentos agropecuários;193.0;;6847
3536307;2017;technical_assistance;;Número de estabelecimentos agropecuários;375.0;;6847
3536406;2017;technical_assistance;;Número de estabelecimentos agropecuários;246.0;;6847
3536505;2017;technical_assistance;;Número de estabelecimentos agropecuários;42.0;;6847
3536570;2017;technical_assistance;;Número de estabelecimentos agropecuários;168.0;;6847
3536604;2017;technical_assistance;;Número de estabelecimentos agropecuários;186.0;;6847
3536703;2017;technical_assistance;;Número de estabelecimentos agropecuários;613.0;;6847
3536802;2017;technical_assistance;;Número de estabelecimentos agropecuários;266.0;;6847
3536901;2017;technical_assistance;;Número de estabelecimentos agropecuários;355.0;;6847
3537008;2017;technical_assistance;;Número de estabelecimentos agropecuários;429.0;;6847
3537107;2017;technical_assistance;;Número de estabelecimentos agropecuários;64.0;;6847
3537156;2017;technical_assistance;;Número de estabelecimentos agropecuários;116.0;;6847
3537206;2017;technical_assistance;;Número de estabelecimentos agropecuários;183.0;;6847
3537305;2017;technical_assistance;;Número de estabelecimentos agropecuários;645.0;;6847
3537404;2017;technical_assistance;;Número de estabelecimentos agropecuários;446.0;;6847
3537503;2017;technical_assistance;;Número de estabelecimentos agropecuários;269.0;;6847
3537602;2017;technical_assistance;;Número de estabelecimentos agropecuários;104.0;;6847
3537701;2017;technical_assistance;;Número de estabelecimentos agropecuários;228.0;;6847
3537800;2017;technical_assistance;;Número de estabelecimentos agropecuários;1722.0;;6847
3537909;2017;technical_assistance;;Número de estabelecimentos agropecuários;692.0;;6847
3538006;2017;technical_assistance;;Número de estabelecimentos agropecuários;301.0;;6847
3538105;2017;technical_assistance;;Número de estabelecimentos agropecuários;180.0;;6847
3538204;2017;technical_assistance;;Número de estabelecimentos agropecuários;307.0;;6847
3538303;2017;technical_assistance;;Número de estabelecimentos agropecuários;329.0;;6847
3538501;2017;technical_assistance;;Número de estabelecimentos agropecuários;87.0;;6847
3538600;2017;technical_assistance;;Número de estabelecimentos agropecuários;305.0;;6847
3538709;2017;technical_assistance;;Número de estabelecimentos agropecuários;691.0;;6847
3538808;2017;technical_assistance;;Número de estabelecimentos agropecuários;420.0;;6847
3538907;2017;technical_assistance;;Número de estabelecimentos agropecuários;331.0;;6847
3539004;2017;technical_assistance;;Número de estabelecimentos agropecuários;311.0;;6847
3539103;2017;technical_assistance;;Número de estabelecimentos agropecuários;11.0;;6847
3539202;2017;technical_assistance;;Número de estabelecimentos agropecuários;255.0;;6847
3539301;2017;technical_assistance;;Número de estabelecimentos agropecuários;579.0;;6847
3539400;2017;technical_assistance;;Número de estabelecimentos agropecuários;339.0;;6847
3539509;2017;technical_assistance;;Número de estabelecimentos agropecuários;222.0;;6847
3539608;2017;technical_assistance;;Número de estabelecimentos agropecuários;118.0;;6847
3539707;2017;technical_assistance;;Número de estabelecimentos agropecuários;220.0;;6847
3539806;2017;technical_assistance;;Número de estabelecimentos agropecuários;7.0;;6847
3539905;2017;technical_assistance;;Número de estabelecimentos agropecuários;203.0;;6847
3540002;2017;technical_assistance;;Número de estabelecimentos agropecuários;296.0;;6847
3540101;2017;technical_assistance;;Número de estabelecimentos agropecuários;137.0;;6847
3540200;2017;technical_assistance;;Número de estabelecimentos agropecuários;50.0;;6847
3540259;2017;technical_assistance;;Número de estabelecimentos agropecuários;233.0;;6847
3540309;2017;technical_assistance;;Número de estabelecimentos agropecuários;116.0;;6847
3540408;2017;technical_assistance;;Número de estabelecimentos agropecuários;225.0;;6847
3540507;2017;technical_assistance;;Número de estabelecimentos agropecuários;391.0;;6847
3540606;2017;technical_assistance;;Número de estabelecimentos agropecuários;442.0;;6847
3540705;2017;technical_assistance;;Número de estabelecimentos agropecuários;141.0;;6847
3540754;2017;technical_assistance;;Número de estabelecimentos agropecuários;34.0;;6847
3540804;2017;technical_assistance;;Número de estabelecimentos agropecuários;726.0;;6847
3540853;2017;technical_assistance;;Número de estabelecimentos agropecuários;94.0;;6847
3540903;2017;technical_assistance;;Número de estabelecimentos agropecuários;219.0;;6847
3541059;2017;technical_assistance;;Número de estabelecimentos agropecuários;88.0;;6847
3541109;2017;technical_assistance;;Número de estabelecimentos agropecuários;182.0;;6847
3541208;2017;technical_assistance;;Número de estabelecimentos agropecuários;972.0;;6847
3541307;2017;technical_assistance;;Número de estabelecimentos agropecuários;722.0;;6847
3541406;2017;technical_assistance;;Número de estabelecimentos agropecuários;533.0;;6847
3541505;2017;technical_assistance;;Número de estabelecimentos agropecuários;612.0;;6847
3541604;2017;technical_assistance;;Número de estabelecimentos agropecuários;1058.0;;6847
3541653;2017;technical_assistance;;Número de estabelecimentos agropecuários;204.0;;6847
3541703;2017;technical_assistance;;Número de estabelecimentos agropecuários;246.0;;6847
3541802;2017;technical_assistance;;Número de estabelecimentos agropecuários;66.0;;6847
3541901;2017;technical_assistance;;Número de estabelecimentos agropecuários;50.0;;6847
3542008;2017;technical_assistance;;Número de estabelecimentos agropecuários;134.0;;6847
3542107;2017;technical_assistance;;Número de estabelecimentos agropecuários;69.0;;6847
3542206;2017;technical_assistance;;Número de estabelecimentos agropecuários;806.0;;6847
3542305;2017;technical_assistance;;Número de estabelecimentos agropecuários;271.0;;6847
3542404;2017;technical_assistance;;Número de estabelecimentos agropecuários;285.0;;6847
3542503;2017;technical_assistance;;Número de estabelecimentos agropecuários;124.0;;6847
3542602;2017;technical_assistance;;Número de estabelecimentos agropecuários;627.0;;6847
3542701;2017;technical_assistance;;Número de estabelecimentos agropecuários;227.0;;6847
3542800;2017;technical_assistance;;Número de estabelecimentos agropecuários;208.0;;6847
3542909;2017;technical_assistance;;Número de estabelecimentos agropecuários;237.0;;6847
3543006;2017;technical_assistance;;Número de estabelecimentos agropecuários;957.0;;6847
3543105;2017;technical_assistance;;Número de estabelecimentos agropecuários;199.0;;6847
3543204;2017;technical_assistance;;Número de estabelecimentos agropecuários;253.0;;6847
3543238;2017;technical_assistance;;Número de estabelecimentos agropecuários;125.0;;6847
3543253;2017;technical_assistance;;Número de estabelecimentos agropecuários;331.0;;6847
3543303;2017;technical_assistance;;Número de estabelecimentos agropecuários;12.0;;6847
3543402;2017;technical_assistance;;Número de estabelecimentos agropecuários;655.0;;6847
3543501;2017;technical_assistance;;Número de estabelecimentos agropecuários;422.0;;6847
3543600;2017;technical_assistance;;Número de estabelecimentos agropecuários;40.0;;6847
3543709;2017;technical_assistance;;Número de estabelecimentos agropecuários;76.0;;6847
3543808;2017;technical_assistance;;Número de estabelecimentos agropecuários;370.0;;6847
3543907;2017;technical_assistance;;Número de estabelecimentos agropecuários;798.0;;6847
3544004;2017;technical_assistance;;Número de estabelecimentos agropecuários;75.0;;6847
3544103;2017;technical_assistance;;Número de estabelecimentos agropecuários;5.0;;6847
3544202;2017;technical_assistance;;Número de estabelecimentos agropecuários;180.0;;6847
3544251;2017;technical_assistance;;Número de estabelecimentos agropecuários;792.0;;6847
3544301;2017;technical_assistance;;Número de estabelecimentos agropecuários;56.0;;6847
3544400;2017;technical_assistance;;Número de estabelecimentos agropecuários;87.0;;6847
3544509;2017;technical_assistance;;Número de estabelecimentos agropecuários;154.0;;6847
3544608;2017;technical_assistance;;Número de estabelecimentos agropecuários;98.0;;6847
3544707;2017;technical_assistance;;Número de estabelecimentos agropecuários;216.0;;6847
3544806;2017;technical_assistance;;Número de estabelecimentos agropecuários;187.0;;6847
3544905;2017;technical_assistance;;Número de estabelecimentos agropecuários;103.0;;6847
3545001;2017;technical_assistance;;Número de estabelecimentos agropecuários;332.0;;6847
3545100;2017;technical_assistance;;Número de estabelecimentos agropecuários;173.0;;6847
3545159;2017;technical_assistance;;Número de estabelecimentos agropecuários;89.0;;6847
3545209;2017;technical_assistance;;Número de estabelecimentos agropecuários;73.0;;6847
3545308;2017;technical_assistance;;Número de estabelecimentos agropecuários;224.0;;6847
3545407;2017;technical_assistance;;Número de estabelecimentos agropecuários;159.0;;6847
3545506;2017;technical_assistance;;Número de estabelecimentos agropecuários;261.0;;6847
3545605;2017;technical_assistance;;Número de estabelecimentos agropecuários;178.0;;6847
3545704;2017;technical_assistance;;Número de estabelecimentos agropecuários;393.0;;6847
3545803;2017;technical_assistance;;Número de estabelecimentos agropecuários;75.0;;6847
3546009;2017;technical_assistance;;Número de estabelecimentos agropecuários;94.0;;6847
3546108;2017;technical_assistance;;Número de estabelecimentos agropecuários;210.0;;6847
3546207;2017;technical_assistance;;Número de estabelecimentos agropecuários;145.0;;6847
3546256;2017;technical_assistance;;Número de estabelecimentos agropecuários;63.0;;6847
3546306;2017;technical_assistance;;Número de estabelecimentos agropecuários;108.0;;6847
3546405;2017;technical_assistance;;Número de estabelecimentos agropecuários;653.0;;6847
3546504;2017;technical_assistance;;Número de estabelecimentos agropecuários;58.0;;6847
3546603;2017;technical_assistance;;Número de estabelecimentos agropecuários;466.0;;6847
3546702;2017;technical_assistance;;Número de estabelecimentos agropecuários;35.0;;6847
3546801;2017;technical_assistance;;Número de estabelecimentos agropecuários;304.0;;6847
3546900;2017;technical_assistance;;Número de estabelecimentos agropecuários;33.0;;6847
3547007;2017;technical_assistance;;Número de estabelecimentos agropecuários;124.0;;6847
3547106;2017;technical_assistance;;Número de estabelecimentos agropecuários;109.0;;6847
3547205;2017;technical_assistance;;Número de estabelecimentos agropecuários;318.0;;6847
3547304;2017;technical_assistance;;Número de estabelecimentos agropecuários;21.0;;6847
3547403;2017;technical_assistance;;Número de estabelecimentos agropecuários;410.0;;6847
3547502;2017;technical_assistance;;Número de estabelecimentos agropecuários;549.0;;6847
3547601;2017;technical_assistance;;Número de estabelecimentos agropecuários;271.0;;6847
3547650;2017;technical_assistance;;Número de estabelecimentos agropecuários;219.0;;6847
3547700;2017;technical_assistance;;Número de estabelecimentos agropecuários;495.0;;6847
3547809;2017;technical_assistance;;Número de estabelecimentos agropecuários;55.0;;6847
3547908;2017;technical_assistance;;Número de estabelecimentos agropecuários;502.0;;6847
3548005;2017;technical_assistance;;Número de estabelecimentos agropecuários;205.0;;6847
3548054;2017;technical_assistance;;Número de estabelecimentos agropecuários;425.0;;6847
3548104;2017;technical_assistance;;Número de estabelecimentos agropecuários;269.0;;6847
3548203;2017;technical_assistance;;Número de estabelecimentos agropecuários;166.0;;6847
3548302;2017;technical_assistance;;Número de estabelecimentos agropecuários;172.0;;6847
3548401;2017;technical_assistance;;Número de estabelecimentos agropecuários;87.0;;6847
3548500;2017;technical_assistance;;Número de estabelecimentos agropecuários;1.0;;6847
3548609;2017;technical_assistance;;Número de estabelecimentos agropecuários;576.0;;6847
3548708;2017;technical_assistance;;Número de estabelecimentos agropecuários;62.0;;6847
3548807;2017;technical_assistance;;Número de estabelecimentos agropecuários;5.0;;6847
3548906;2017;technical_assistance;;Número de estabelecimentos agropecuários;508.0;;6847
3549003;2017;technical_assistance;;Número de estabelecimentos agropecuários;255.0;;6847
3549102;2017;technical_assistance;;Número de estabelecimentos agropecuários;582.0;;6847
3549201;2017;technical_assistance;;Número de estabelecimentos agropecuários;85.0;;6847
3549250;2017;technical_assistance;;Número de estabelecimentos agropecuários;120.0;;6847
3549300;2017;technical_assistance;;Número de estabelecimentos agropecuários;182.0;;6847
3549409;2017;technical_assistance;;Número de estabelecimentos agropecuários;143.0;;6847
3549508;2017;technical_assistance;;Número de estabelecimentos agropecuários;193.0;;6847
3549607;2017;technical_assistance;;Número de estabelecimentos agropecuários;222.0;;6847
3549706;2017;technical_assistance;;Número de estabelecimentos agropecuários;490.0;;6847
3549805;2017;technical_assistance;;Número de estabelecimentos agropecuários;502.0;;6847
3549904;2017;technical_assistance;;Número de estabelecimentos agropecuários;544.0;;6847
3549953;2017;technical_assistance;;Número de estabelecimentos agropecuários;86.0;;6847
3550001;2017;technical_assistance;;Número de estabelecimentos agropecuários;510.0;;6847
3550100;2017;technical_assistance;;Número de estabelecimentos agropecuários;133.0;;6847
3550209;2017;technical_assistance;;Número de estabelecimentos agropecuários;1916.0;;6847
3550308;2017;technical_assistance;;Número de estabelecimentos agropecuários;550.0;;6847
3550407;2017;technical_assistance;;Número de estabelecimentos agropecuários;424.0;;6847
3550506;2017;technical_assistance;;Número de estabelecimentos agropecuários;538.0;;6847
3550605;2017;technical_assistance;;Número de estabelecimentos agropecuários;142.0;;6847
3550704;2017;technical_assistance;;Número de estabelecimentos agropecuários;25.0;;6847
3550803;2017;technical_assistance;;Número de estabelecimentos agropecuários;271.0;;6847
3550902;2017;technical_assistance;;Número de estabelecimentos agropecuários;250.0;;6847
3551009;2017;technical_assistance;;Número de estabelecimentos agropecuários;7.0;;6847
3551108;2017;technical_assistance;;Número de estabelecimentos agropecuários;348.0;;6847
3551207;2017;technical_assistance;;Número de estabelecimentos agropecuários;125.0;;6847
3551306;2017;technical_assistance;;Número de estabelecimentos agropecuários;216.0;;6847
3551405;2017;technical_assistance;;Número de estabelecimentos agropecuários;136.0;;6847
3551504;2017;technical_assistance;;Número de estabelecimentos agropecuários;19.0;;6847
3551603;2017;technical_assistance;;Número de estabelecimentos agropecuários;492.0;;6847
3551702;2017;technical_assistance;;Número de estabelecimentos agropecuários;139.0;;6847
3551801;2017;technical_assistance;;Número de estabelecimentos agropecuários;816.0;;6847
3551900;2017;technical_assistance;;Número de estabelecimentos agropecuários;97.0;;6847
3552007;2017;technical_assistance;;Número de estabelecimentos agropecuários;338.0;;6847
3552106;2017;technical_assistance;;Número de estabelecimentos agropecuários;1749.0;;6847
3552205;2017;technical_assistance;;Número de estabelecimentos agropecuários;193.0;;6847
3552304;2017;technical_assistance;;Número de estabelecimentos agropecuários;200.0;;6847
3552403;2017;technical_assistance;;Número de estabelecimentos agropecuários;170.0;;6847
3552502;2017;technical_assistance;;Número de estabelecimentos agropecuários;349.0;;6847
3552551;2017;technical_assistance;;Número de estabelecimentos agropecuários;282.0;;6847
3552601;2017;technical_assistance;;Número de estabelecimentos agropecuários;229.0;;6847
3552700;2017;technical_assistance;;Número de estabelecimentos agropecuários;429.0;;6847
3552809;2017;technical_assistance;;Número de estabelecimentos agropecuários;2.0;;6847
3552908;2017;technical_assistance;;Número de estabelecimentos agropecuários;194.0;;6847
3553005;2017;technical_assistance;;Número de estabelecimentos agropecuários;165.0;;6847
3553104;2017;technical_assistance;;Número de estabelecimentos agropecuários;187.0;;6847
3553203;2017;technical_assistance;;Número de estabelecimentos agropecuários;164.0;;6847
3553302;2017;technical_assistance;;Número de estabelecimentos agropecuários;258.0;;6847
3553401;2017;technical_assistance;;Número de estabelecimentos agropecuários;1062.0;;6847
3553500;2017;technical_assistance;;Número de estabelecimentos agropecuários;141.0;;6847
3553609;2017;technical_assistance;;Número de estabelecimentos agropecuários;93.0;;6847
3553658;2017;technical_assistance;;Número de estabelecimentos agropecuários;45.0;;6847
3553708;2017;technical_assistance;;Número de estabelecimentos agropecuários;559.0;;6847
3553807;2017;technical_assistance;;Número de estabelecimentos agropecuários;594.0;;6847
3553856;2017;technical_assistance;;Número de estabelecimentos agropecuários;116.0;;6847
3553906;2017;technical_assistance;;Número de estabelecimentos agropecuários;126.0;;6847
3553955;2017;technical_assistance;;Número de estabelecimentos agropecuários;80.0;;6847
3554003;2017;technical_assistance;;Número de estabelecimentos agropecuários;342.0;;6847
3554102;2017;technical_assistance;;Número de estabelecimentos agropecuários;351.0;;6847
3554201;2017;technical_assistance;;Número de estabelecimentos agropecuários;309.0;;6847
3554300;2017;technical_assistance;;Número de estabelecimentos agropecuários;976.0;;6847
3554409;2017;technical_assistance;;Número de estabelecimentos agropecuários;140.0;;6847
3554508;2017;technical_assistance;;Número de estabelecimentos agropecuários;417.0;;6847
3554607;2017;technical_assistance;;Número de estabelecimentos agropecuários;139.0;;6847
3554656;2017;technical_assistance;;Número de estabelecimentos agropecuários;175.0;;6847
3554706;2017;technical_assistance;;Número de estabelecimentos agropecuários;421.0;;6847
3554755;2017;technical_assistance;;Número de estabelecimentos agropecuários;24.0;;6847
3554805;2017;technical_assistance;;Número de estabelecimentos agropecuários;162.0;;6847
3554904;2017;technical_assistance;;Número de estabelecimentos agropecuários;310.0;;6847
3554953;2017;technical_assistance;;Número de estabelecimentos agropecuários;456.0;;6847
3555000;2017;technical_assistance;;Número de estabelecimentos agropecuários;723.0;;6847
3555109;2017;technical_assistance;;Número de estabelecimentos agropecuários;516.0;;6847
3555208;2017;technical_assistance;;Número de estabelecimentos agropecuários;227.0;;6847
3555307;2017;technical_assistance;;Número de estabelecimentos agropecuários;260.0;;6847
3555356;2017;technical_assistance;;Número de estabelecimentos agropecuários;57.0;;6847
3555406;2017;technical_assistance;;Número de estabelecimentos agropecuários;133.0;;6847
3555505;2017;technical_assistance;;Número de estabelecimentos agropecuários;317.0;;6847
3555604;2017;technical_assistance;;Número de estabelecimentos agropecuários;360.0;;6847
3555703;2017;technical_assistance;;Número de estabelecimentos agropecuários;78.0;;6847
3555802;2017;technical_assistance;;Número de estabelecimentos agropecuários;425.0;;6847
3555901;2017;technical_assistance;;Número de estabelecimentos agropecuários;86.0;;6847
3556008;2017;technical_assistance;;Número de estabelecimentos agropecuários;519.0;;6847
3556107;2017;technical_assistance;;Número de estabelecimentos agropecuários;222.0;;6847
3556206;2017;technical_assistance;;Número de estabelecimentos agropecuários;266.0;;6847
3556305;2017;technical_assistance;;Número de estabelecimentos agropecuários;177.0;;6847
3556354;2017;technical_assistance;;Número de estabelecimentos agropecuários;228.0;;6847
3556404;2017;technical_assistance;;Número de estabelecimentos agropecuários;195.0;;6847
3556453;2017;technical_assistance;;Número de estabelecimentos agropecuários;53.0;;6847
3556503;2017;technical_assistance;;Número de estabelecimentos agropecuários;8.0;;6847
3556602;2017;technical_assistance;;Número de estabelecimentos agropecuários;264.0;;6847
3556701;2017;technical_assistance;;Número de estabelecimentos agropecuários;85.0;;6847
3556800;2017;technical_assistance;;Número de estabelecimentos agropecuários;278.0;;6847
3556909;2017;technical_assistance;;Número de estabelecimentos agropecuários;111.0;;6847
3556958;2017;technical_assistance;;Número de estabelecimentos agropecuários;109.0;;6847
3557006;2017;technical_assistance;;Número de estabelecimentos agropecuários;53.0;;6847
3557105;2017;technical_assistance;;Número de estabelecimentos agropecuários;515.0;;6847
3557154;2017;technical_assistance;;Número de estabelecimentos agropecuários;156.0;;6847
3557204;2017;technical_assistance;;Número de estabelecimentos agropecuários;29.0;;6847
3557303;2017;technical_assistance;;Número de estabelecimentos agropecuários;91.0;;6847
1700251;2017;technical_assistance;;Número de estabelecimentos agropecuários;388.0;;6847
1700301;2017;technical_assistance;;Número de estabelecimentos agropecuários;169.0;;6847
1700350;2017;technical_assistance;;Número de estabelecimentos agropecuários;330.0;;6847
1700400;2017;technical_assistance;;Número de estabelecimentos agropecuários;353.0;;6847
1700707;2017;technical_assistance;;Número de estabelecimentos agropecuários;163.0;;6847
1701002;2017;technical_assistance;;Número de estabelecimentos agropecuários;374.0;;6847
1701051;2017;technical_assistance;;Número de estabelecimentos agropecuários;158.0;;6847
1701101;2017;technical_assistance;;Número de estabelecimentos agropecuários;278.0;;6847
1701309;2017;technical_assistance;;Número de estabelecimentos agropecuários;670.0;;6847
1701903;2017;technical_assistance;;Número de estabelecimentos agropecuários;959.0;;6847
1702000;2017;technical_assistance;;Número de estabelecimentos agropecuários;946.0;;6847
1702109;2017;technical_assistance;;Número de estabelecimentos agropecuários;1055.0;;6847
1702158;2017;technical_assistance;;Número de estabelecimentos agropecuários;145.0;;6847
1702208;2017;technical_assistance;;Número de estabelecimentos agropecuários;2114.0;;6847
1702307;2017;technical_assistance;;Número de estabelecimentos agropecuários;246.0;;6847
1702406;2017;technical_assistance;;Número de estabelecimentos agropecuários;866.0;;6847
1702554;2017;technical_assistance;;Número de estabelecimentos agropecuários;421.0;;6847
1702703;2017;technical_assistance;;Número de estabelecimentos agropecuários;204.0;;6847
1702901;2017;technical_assistance;;Número de estabelecimentos agropecuários;152.0;;6847
1703008;2017;technical_assistance;;Número de estabelecimentos agropecuários;1030.0;;6847
1703057;2017;technical_assistance;;Número de estabelecimentos agropecuários;212.0;;6847
1703073;2017;technical_assistance;;Número de estabelecimentos agropecuários;252.0;;6847
1703107;2017;technical_assistance;;Número de estabelecimentos agropecuários;240.0;;6847
1703206;2017;technical_assistance;;Número de estabelecimentos agropecuários;577.0;;6847
1703305;2017;technical_assistance;;Número de estabelecimentos agropecuários;243.0;;6847
1703602;2017;technical_assistance;;Número de estabelecimentos agropecuários;137.0;;6847
1703701;2017;technical_assistance;;Número de estabelecimentos agropecuários;423.0;;6847
1703800;2017;technical_assistance;;Número de estabelecimentos agropecuários;214.0;;6847
1703826;2017;technical_assistance;;Número de estabelecimentos agropecuários;201.0;;6847
1703842;2017;technical_assistance;;Número de estabelecimentos agropecuários;655.0;;6847
1703867;2017;technical_assistance;;Número de estabelecimentos agropecuários;376.0;;6847
1703883;2017;technical_assistance;;Número de estabelecimentos agropecuários;94.0;;6847
1703891;2017;technical_assistance;;Número de estabelecimentos agropecuários;185.0;;6847
1703909;2017;technical_assistance;;Número de estabelecimentos agropecuários;461.0;;6847
1704105;2017;technical_assistance;;Número de estabelecimentos agropecuários;340.0;;6847
1704600;2017;technical_assistance;;Número de estabelecimentos agropecuários;218.0;;6847
1705102;2017;technical_assistance;;Número de estabelecimentos agropecuários;396.0;;6847
1705508;2017;technical_assistance;;Número de estabelecimentos agropecuários;386.0;;6847
1705557;2017;technical_assistance;;Número de estabelecimentos agropecuários;188.0;;6847
1705607;2017;technical_assistance;;Número de estabelecimentos agropecuários;340.0;;6847
1706001;2017;technical_assistance;;Número de estabelecimentos agropecuários;765.0;;6847
1706100;2017;technical_assistance;;Número de estabelecimentos agropecuários;483.0;;6847
1706258;2017;technical_assistance;;Número de estabelecimentos agropecuários;175.0;;6847
1706506;2017;technical_assistance;;Número de estabelecimentos agropecuários;294.0;;6847
1707009;2017;technical_assistance;;Número de estabelecimentos agropecuários;453.0;;6847
1707108;2017;technical_assistance;;Número de estabelecimentos agropecuários;722.0;;6847
1707207;2017;technical_assistance;;Número de estabelecimentos agropecuários;1157.0;;6847
1707306;2017;technical_assistance;;Número de estabelecimentos agropecuários;497.0;;6847
1707405;2017;technical_assistance;;Número de estabelecimentos agropecuários;460.0;;6847
1707553;2017;technical_assistance;;Número de estabelecimentos agropecuários;215.0;;6847
1707652;2017;technical_assistance;;Número de estabelecimentos agropecuários;449.0;;6847
1707702;2017;technical_assistance;;Número de estabelecimentos agropecuários;697.0;;6847
1708205;2017;technical_assistance;;Número de estabelecimentos agropecuários;1102.0;;6847
1708254;2017;technical_assistance;;Número de estabelecimentos agropecuários;106.0;;6847
1708304;2017;technical_assistance;;Número de estabelecimentos agropecuários;698.0;;6847
1709005;2017;technical_assistance;;Número de estabelecimentos agropecuários;909.0;;6847
1709302;2017;technical_assistance;;Número de estabelecimentos agropecuários;678.0;;6847
1709500;2017;technical_assistance;;Número de estabelecimentos agropecuários;626.0;;6847
1709807;2017;technical_assistance;;Número de estabelecimentos agropecuários;171.0;;6847
1710508;2017;technical_assistance;;Número de estabelecimentos agropecuários;547.0;;6847
1710706;2017;technical_assistance;;Número de estabelecimentos agropecuários;475.0;;6847
1710904;2017;technical_assistance;;Número de estabelecimentos agropecuários;494.0;;6847
1711100;2017;technical_assistance;;Número de estabelecimentos agropecuários;283.0;;6847
1711506;2017;technical_assistance;;Número de estabelecimentos agropecuários;624.0;;6847
1711803;2017;technical_assistance;;Número de estabelecimentos agropecuários;313.0;;6847
1711902;2017;technical_assistance;;Número de estabelecimentos agropecuários;490.0;;6847
1711951;2017;technical_assistance;;Número de estabelecimentos agropecuários;399.0;;6847
1712009;2017;technical_assistance;;Número de estabelecimentos agropecuários;125.0;;6847
1712157;2017;technical_assistance;;Número de estabelecimentos agropecuários;181.0;;6847
1712405;2017;technical_assistance;;Número de estabelecimentos agropecuários;535.0;;6847
1712454;2017;technical_assistance;;Número de estabelecimentos agropecuários;215.0;;6847
1712504;2017;technical_assistance;;Número de estabelecimentos agropecuários;670.0;;6847
1712702;2017;technical_assistance;;Número de estabelecimentos agropecuários;216.0;;6847
1712801;2017;technical_assistance;;Número de estabelecimentos agropecuários;304.0;;6847
1713205;2017;technical_assistance;;Número de estabelecimentos agropecuários;783.0;;6847
1713304;2017;technical_assistance;;Número de estabelecimentos agropecuários;504.0;;6847
1713601;2017;technical_assistance;;Número de estabelecimentos agropecuários;832.0;;6847
1713700;2017;technical_assistance;;Número de estabelecimentos agropecuários;389.0;;6847
1713809;2017;technical_assistance;;Número de estabelecimentos agropecuários;546.0;;6847
1713957;2017;technical_assistance;;Número de estabelecimentos agropecuários;246.0;;6847
1714203;2017;technical_assistance;;Número de estabelecimentos agropecuários;359.0;;6847
1714302;2017;technical_assistance;;Número de estabelecimentos agropecuários;187.0;;6847
1714880;2017;technical_assistance;;Número de estabelecimentos agropecuários;719.0;;6847
1715002;2017;technical_assistance;;Número de estabelecimentos agropecuários;300.0;;6847
1715101;2017;technical_assistance;;Número de estabelecimentos agropecuários;197.0;;6847
1715150;2017;technical_assistance;;Número de estabelecimentos agropecuários;107.0;;6847
1715259;2017;technical_assistance;;Número de estabelecimentos agropecuários;174.0;;6847
1715507;2017;technical_assistance;;Número de estabelecimentos agropecuários;82.0;;6847
1715705;2017;technical_assistance;;Número de estabelecimentos agropecuários;724.0;;6847
1715754;2017;technical_assistance;;Número de estabelecimentos agropecuários;570.0;;6847
1716109;2017;technical_assistance;;Número de estabelecimentos agropecuários;624.0;;6847
1716208;2017;technical_assistance;;Número de estabelecimentos agropecuários;1469.0;;6847
1716307;2017;technical_assistance;;Número de estabelecimentos agropecuários;421.0;;6847
1716505;2017;technical_assistance;;Número de estabelecimentos agropecuários;376.0;;6847
1716604;2017;technical_assistance;;Número de estabelecimentos agropecuários;889.0;;6847
1716653;2017;technical_assistance;;Número de estabelecimentos agropecuários;786.0;;6847
1716703;2017;technical_assistance;;Número de estabelecimentos agropecuários;693.0;;6847
1717008;2017;technical_assistance;;Número de estabelecimentos agropecuários;791.0;;6847
1717206;2017;technical_assistance;;Número de estabelecimentos agropecuários;430.0;;6847
1717503;2017;technical_assistance;;Número de estabelecimentos agropecuários;599.0;;6847
1717800;2017;technical_assistance;;Número de estabelecimentos agropecuários;372.0;;6847
1717909;2017;technical_assistance;;Número de estabelecimentos agropecuários;774.0;;6847
1718006;2017;technical_assistance;;Número de estabelecimentos agropecuários;146.0;;6847
1718204;2017;technical_assistance;;Número de estabelecimentos agropecuários;1730.0;;6847
1718303;2017;technical_assistance;;Número de estabelecimentos agropecuários;190.0;;6847
1718402;2017;technical_assistance;;Número de estabelecimentos agropecuários;165.0;;6847
1718451;2017;technical_assistance;;Número de estabelecimentos agropecuários;161.0;;6847
1718501;2017;technical_assistance;;Número de estabelecimentos agropecuários;404.0;;6847
1718550;2017;technical_assistance;;Número de estabelecimentos agropecuários;490.0;;6847
1718659;2017;technical_assistance;;Número de estabelecimentos agropecuários;26.0;;6847
1718709;2017;technical_assistance;;Número de estabelecimentos agropecuários;375.0;;6847
1718758;2017;technical_assistance;;Número de estabelecimentos agropecuários;1197.0;;6847
1718808;2017;technical_assistance;;Número de estabelecimentos agropecuários;330.0;;6847
1718840;2017;technical_assistance;;Número de estabelecimentos agropecuários;419.0;;6847
1718865;2017;technical_assistance;;Número de estabelecimentos agropecuários;315.0;;6847
1718881;2017;technical_assistance;;Número de estabelecimentos agropecuários;413.0;;6847
1718899;2017;technical_assistance;;Número de estabelecimentos agropecuários;460.0;;6847
1718907;2017;technical_assistance;;Número de estabelecimentos agropecuários;540.0;;6847
1719004;2017;technical_assistance;;Número de estabelecimentos agropecuários;287.0;;6847
1720002;2017;technical_assistance;;Número de estabelecimentos agropecuários;128.0;;6847
1720101;2017;technical_assistance;;Número de estabelecimentos agropecuários;399.0;;6847
1720150;2017;technical_assistance;;Número de estabelecimentos agropecuários;134.0;;6847
1720200;2017;technical_assistance;;Número de estabelecimentos agropecuários;280.0;;6847
1720259;2017;technical_assistance;;Número de estabelecimentos agropecuários;305.0;;6847
1720309;2017;technical_assistance;;Número de estabelecimentos agropecuários;277.0;;6847
1720499;2017;technical_assistance;;Número de estabelecimentos agropecuários;473.0;;6847
1720655;2017;technical_assistance;;Número de estabelecimentos agropecuários;366.0;;6847
1720804;2017;technical_assistance;;Número de estabelecimentos agropecuários;323.0;;6847
1720853;2017;technical_assistance;;Número de estabelecimentos agropecuários;144.0;;6847
1720903;2017;technical_assistance;;Número de estabelecimentos agropecuários;764.0;;6847
1720937;2017;technical_assistance;;Número de estabelecimentos agropecuários;98.0;;6847
1720978;2017;technical_assistance;;Número de estabelecimentos agropecuários;331.0;;6847
1721000;2017;technical_assistance;;Número de estabelecimentos agropecuários;1233.0;;6847
1721109;2017;technical_assistance;;Número de estabelecimentos agropecuários;690.0;;6847
1721208;2017;technical_assistance;;Número de estabelecimentos agropecuários;220.0;;6847
1721257;2017;technical_assistance;;Número de estabelecimentos agropecuários;142.0;;6847
1721307;2017;technical_assistance;;Número de estabelecimentos agropecuários;275.0;;6847
1722081;2017;technical_assistance;;Número de estabelecimentos agropecuários;484.0;;6847
1722107;2017;technical_assistance;;Número de estabelecimentos agropecuários;464.0;;6847
