cod_municipio;numero_estabelecimentos;area_estabelecimentos_ha;ano_referencia
1100015;2886.0;372746.0;2017
1100023;2928.0;334256.0;2017
1100031;1075.0;113085.0;2017
1100049;3814.0;221390.0;2017
1100056;719.0;126686.0;2017
1100064;1674.0;139796.0;2017
1100072;1489.0;273086.0;2017
1100080;1500.0;220177.0;2017
1100098;2000.0;247331.0;2017
1100106;602.0;70487.0;2017
1100114;3548.0;250653.0;2017
1100122;2544.0;215375.0;2017
1100130;4272.0;300762.0;2017
1100148;3010.0;156002.0;2017
1100155;2159.0;152422.0;2017
1100189;1241.0;274321.0;2017
1100205;5177.0;778218.0;2017
1100254;2105.0;124134.0;2017
1100262;492.0;136003.0;2017
1100288;2038.0;123887.0;2017
1100296;1023.0;84667.0;2017
1100304;1580.0;250110.0;2017
1100320;2487.0;190475.0;2017
1100338;2117.0;251318.0;2017
1100346;1825.0;148755.0;2017
1100379;1975.0;144821.0;2017
1100403;2619.0;195634.0;2017
1100452;2830.0;237350.0;2017
1100502;1347.0;69661.0;2017
1100601;903.0;170893.0;2017
1100700;1918.0;196865.0;2017
1100809;1240.0;182933.0;2017
1100908;577.0;52056.0;2017
1100924;1045.0;352500.0;2017
1100940;1897.0;194385.0;2017
1101005;1693.0;132212.0;2017
1101104;764.0;84682.0;2017
1101203;1201.0;60545.0;2017
1101302;1242.0;56423.0;2017
1101401;1554.0;143393.0;2017
1101435;1387.0;61657.0;2017
1101450;642.0;131376.0;2017
1101468;304.0;207432.0;2017
1101476;401.0;64398.0;2017
1101484;797.0;41452.0;2017
1101492;1950.0;255020.0;2017
1101500;1677.0;117576.0;2017
1101559;738.0;40242.0;2017
1101609;2160.0;219207.0;2017
1101708;1623.0;56977.0;2017
1101757;1707.0;120711.0;2017
1101807;942.0;73342.0;2017
1200013;1462.0;152246.0;2017
1200054;523.0;69947.0;2017
1200104;2100.0;337267.0;2017
1200138;1404.0;264480.0;2017
1200179;1289.0;156800.0;2017
1200203;3264.0;132413.0;2017
1200252;1454.0;172858.0;2017
1200302;2968.0;346175.0;2017
1200328;484.0;20682.0;2017
1200336;1088.0;34151.0;2017
1200344;645.0;86082.0;2017
1200351;1677.0;36255.0;2017
1200385;1346.0;165281.0;2017
1200393;1116.0;37392.0;2017
1200401;4106.0;512655.0;2017
1200427;1292.0;46309.0;2017
1200435;632.0;28049.0;2017
1200450;1454.0;177215.0;2017
1200500;2682.0;378724.0;2017
1200609;2904.0;377807.0;2017
1200708;1887.0;494036.0;2017
1200807;1579.0;205876.0;2017
1300029;1002.0;8686.0;2017
1300060;538.0;6340.0;2017
1300086;622.0;14032.0;2017
1300102;749.0;21664.0;2017
1300144;1091.0;338777.0;2017
1300201;1252.0;12617.0;2017
1300300;2583.0;169558.0;2017
1300409;932.0;7666.0;2017
1300508;1579.0;49256.0;2017
1300607;1210.0;5687.0;2017
1300631;1017.0;28382.0;2017
1300680;1119.0;50141.0;2017
1300706;3373.0;330681.0;2017
1300805;1732.0;39667.0;2017
1300839;213.0;3619.0;2017
1300904;1029.0;157963.0;2017
1301001;1505.0;266090.0;2017
1301100;2291.0;95428.0;2017
1301159;1842.0;64705.0;2017
1301209;2173.0;73094.0;2017
1301308;1130.0;69653.0;2017
1301407;1052.0;13470.0;2017
1301506;1028.0;70561.0;2017
1301605;881.0;917.0;2017
1301654;948.0;69580.0;2017
1301704;768.0;88209.0;2017
1301803;1099.0;27309.0;2017
1301852;1399.0;24300.0;2017
1301902;2442.0;146628.0;2017
1301951;913.0;6786.0;2017
1302009;226.0;11538.0;2017
1302108;302.0;3042.0;2017
1302207;836.0;2182.0;2017
1302306;1100.0;6092.0;2017
1302405;2461.0;346270.0;2017
1302504;2357.0;55465.0;2017
1302553;1281.0;39162.0;2017
1302603;1943.0;42006.0;2017
1302702;2650.0;210857.0;2017
1302801;725.0;4186.0;2017
1302900;1779.0;134043.0;2017
1303007;1316.0;53426.0;2017
1303106;1392.0;45187.0;2017
1303205;241.0;7583.0;2017
1303304;1006.0;124909.0;2017
1303403;2742.0;126998.0;2017
1303502;1410.0;29456.0;2017
1303536;1769.0;196920.0;2017
1303569;1004.0;73712.0;2017
1303601;1149.0;677.0;2017
1303700;754.0;3461.0;2017
1303809;3928.0;9826.0;2017
1303908;1052.0;2095.0;2017
1303957;408.0;29624.0;2017
1304005;502.0;22478.0;2017
1304062;1889.0;3354.0;2017
1304104;1089.0;29850.0;2017
1304203;1826.0;21291.0;2017
1304237;367.0;3294.0;2017
1304260;803.0;22301.0;2017
1304302;609.0;56099.0;2017
1304401;531.0;39725.0;2017
1400027;1412.0;384045.0;2017
1400050;1364.0;288480.0;2017
1400100;1295.0;171666.0;2017
1400159;989.0;394361.0;2017
1400175;2309.0;296137.0;2017
1400209;1199.0;189405.0;2017
1400233;941.0;152637.0;2017
1400282;701.0;116539.0;2017
1400308;1045.0;200145.0;2017
1400407;982.0;23852.0;2017
1400456;353.0;19543.0;2017
1400472;1919.0;208598.0;2017
1400506;514.0;89786.0;2017
1400605;481.0;81552.0;2017
1400704;1342.0;19535.0;2017
1500107;9410.0;94116.0;2017
1500131;186.0;25917.0;2017
1500206;6373.0;154795.0;2017
1500305;4296.0;133819.0;2017
1500347;1614.0;408679.0;2017
1500404;4940.0;302046.0;2017
1500503;1093.0;181246.0;2017
1500602;3896.0;1527792.0;2017
1500701;1666.0;162642.0;2017
1500800;287.0;1401.0;2017
1500859;2403.0;396206.0;2017
1500909;3531.0;38004.0;2017
1500958;2364.0;122139.0;2017
1501006;1151.0;105724.0;2017
1501105;1468.0;121285.0;2017
1501204;2820.0;74230.0;2017
1501253;491.0;232633.0;2017
1501303;3120.0;21098.0;2017
1501402;601.0;6166.0;2017
1501451;506.0;45837.0;2017
1501501;211.0;2803.0;2017
1501576;1294.0;143443.0;2017
1501600;1086.0;43134.0;2017
1501709;4538.0;95010.0;2017
1501725;1855.0;431123.0;2017
1501758;608.0;113066.0;2017
1501782;2490.0;291661.0;2017
1501808;5082.0;235274.0;2017
1501907;2955.0;36988.0;2017
1501956;2028.0;125041.0;2017
1502004;816.0;74594.0;2017
1502103;12889.0;96675.0;2017
1502152;1148.0;131212.0;2017
1502202;920.0;25357.0;2017
1502301;2418.0;106364.0;2017
1502400;1117.0;38086.0;2017
1502509;1722.0;468467.0;2017
1502608;465.0;2788.0;2017
1502707;3388.0;344172.0;2017
1502756;1183.0;35964.0;2017
1502764;787.0;923618.0;2017
1502772;312.0;184006.0;2017
1502806;2941.0;87923.0;2017
1502855;495.0;70282.0;2017
1502905;567.0;7074.0;2017
1502939;567.0;213396.0;2017
1502954;2600.0;230765.0;2017
1503002;103.0;6479.0;2017
1503044;1276.0;207691.0;2017
1503077;2211.0;93252.0;2017
1503093;1357.0;351585.0;2017
1503101;1346.0;57188.0;2017
1503200;2126.0;48858.0;2017
1503309;3863.0;46123.0;2017
1503408;534.0;18181.0;2017
1503457;2151.0;159822.0;2017
1503507;2356.0;77692.0;2017
1503606;1597.0;341171.0;2017
1503705;3318.0;460210.0;2017
1503754;434.0;163832.0;2017
1503804;731.0;132951.0;2017
1503903;1486.0;37763.0;2017
1504000;3813.0;37122.0;2017
1504059;802.0;29734.0;2017
1504109;441.0;11681.0;2017
1504208;5305.0;738374.0;2017
1504307;1756.0;19236.0;2017
1504406;911.0;12329.0;2017
1504422;51.0;72.0;2017
1504455;3457.0;299265.0;2017
1504505;1759.0;124.0;2017
1504604;1480.0;26608.0;2017
1504703;5831.0;361047.0;2017
1504752;1575.0;133126.0;2017
1504802;4225.0;202780.0;2017
1504901;2484.0;87666.0;2017
1504950;1378.0;78957.0;2017
1504976;1428.0;120089.0;2017
1505007;906.0;26338.0;2017
1505031;1318.0;841898.0;2017
1505064;5424.0;865231.0;2017
1505106;2780.0;241177.0;2017
1505205;3725.0;38288.0;2017
1505304;2440.0;124183.0;2017
1505403;1159.0;37429.0;2017
1505437;1207.0;203478.0;2017
1505486;4422.0;807620.0;2017
1505494;433.0;63368.0;2017
1505502;1446.0;856019.0;2017
1505536;1297.0;87951.0;2017
1505551;570.0;123819.0;2017
1505601;718.0;35815.0;2017
1505635;1334.0;298015.0;2017
1505650;2722.0;301243.0;2017
1505700;2841.0;41996.0;2017
1505809;2348.0;105277.0;2017
1505908;1584.0;316242.0;2017
1506005;1211.0;117118.0;2017
1506104;388.0;4877.0;2017
1506112;151.0;1897.0;2017
1506138;986.0;245824.0;2017
1506161;1064.0;322054.0;2017
1506187;1850.0;364997.0;2017
1506195;2660.0;309902.0;2017
1506203;210.0;898.0;2017
1506302;344.0;14360.0;2017
1506351;447.0;8002.0;2017
1506401;175.0;22626.0;2017
1506500;1213.0;21497.0;2017
1506559;1131.0;68167.0;2017
1506583;2788.0;798318.0;2017
1506609;1217.0;24953.0;2017
1506708;2051.0;857864.0;2017
1506807;7379.0;180512.0;2017
1506906;233.0;7952.0;2017
1507003;883.0;19248.0;2017
1507102;626.0;14476.0;2017
1507151;1016.0;112369.0;2017
1507201;3151.0;80819.0;2017
1507300;6375.0;2462092.0;2017
1507409;686.0;35480.0;2017
1507458;1213.0;254157.0;2017
1507466;181.0;6958.0;2017
1507474;521.0;13816.0;2017
1507508;1220.0;77603.0;2017
1507607;2250.0;72647.0;2017
1507706;2382.0;48426.0;2017
1507755;236.0;372562.0;2017
1507805;2224.0;217455.0;2017
1507904;120.0;198911.0;2017
1507953;939.0;233954.0;2017
1507961;104.0;2111.0;2017
1507979;572.0;39307.0;2017
1508001;3050.0;240377.0;2017
1508035;3072.0;28338.0;2017
1508050;726.0;139775.0;2017
1508084;1869.0;226858.0;2017
1508100;1410.0;139934.0;2017
1508126;1246.0;330144.0;2017
1508159;3993.0;548567.0;2017
1508209;945.0;8247.0;2017
1508308;4241.0;231045.0;2017
1508357;1075.0;180457.0;2017
1508407;918.0;221043.0;2017
1600055;114.0;5243.0;2017
1600105;223.0;196152.0;2017
1600154;594.0;33177.0;2017
1600204;213.0;138322.0;2017
1600212;182.0;233800.0;2017
1600238;226.0;136947.0;2017
1600253;215.0;60302.0;2017
1600279;427.0;30078.0;2017
1600303;1828.0;130310.0;2017
1600402;1169.0;88157.0;2017
1600501;1136.0;28868.0;2017
1600535;739.0;81200.0;2017
1600550;145.0;65130.0;2017
1600600;705.0;36137.0;2017
1600709;327.0;218396.0;2017
1600808;264.0;24075.0;2017
1700251;388.0;157433.0;2017
1700301;169.0;15119.0;2017
1700350;330.0;129013.0;2017
1700400;353.0;161888.0;2017
1700707;163.0;102194.0;2017
1701002;374.0;127448.0;2017
1701051;158.0;33802.0;2017
1701101;278.0;75818.0;2017
1701309;670.0;74149.0;2017
1701903;959.0;174915.0;2017
1702000;946.0;574950.0;2017
1702109;1055.0;287777.0;2017
1702158;145.0;48948.0;2017
1702208;2114.0;154753.0;2017
1702307;246.0;123945.0;2017
1702406;866.0;359782.0;2017
1702554;421.0;21653.0;2017
1702703;204.0;63279.0;2017
1702901;152.0;8284.0;2017
1703008;1030.0;94775.0;2017
1703057;212.0;105099.0;2017
1703073;252.0;60161.0;2017
1703107;240.0;48338.0;2017
1703206;577.0;66259.0;2017
1703305;243.0;59659.0;2017
1703602;137.0;39760.0;2017
1703701;423.0;99912.0;2017
1703800;214.0;19994.0;2017
1703826;201.0;18617.0;2017
1703842;655.0;177222.0;2017
1703867;376.0;92345.0;2017
1703883;94.0;31300.0;2017
1703891;185.0;14242.0;2017
1703909;461.0;145036.0;2017
1704105;340.0;101059.0;2017
1704600;218.0;53646.0;2017
1705102;396.0;81960.0;2017
1705508;386.0;72408.0;2017
1705557;188.0;9212.0;2017
1705607;340.0;168973.0;2017
1706001;765.0;126323.0;2017
1706100;483.0;142560.0;2017
1706258;175.0;90059.0;2017
1706506;294.0;62881.0;2017
1707009;453.0;97898.0;2017
1707108;722.0;189159.0;2017
1707207;1157.0;292034.0;2017
1707306;497.0;257801.0;2017
1707405;460.0;27205.0;2017
1707553;215.0;36854.0;2017
1707652;449.0;166563.0;2017
1707702;697.0;122899.0;2017
1708205;1102.0;549527.0;2017
1708254;106.0;30163.0;2017
1708304;698.0;121751.0;2017
1709005;909.0;211893.0;2017
1709302;678.0;130452.0;2017
1709500;626.0;129429.0;2017
1709807;171.0;44384.0;2017
1710508;547.0;115121.0;2017
1710706;475.0;36208.0;2017
1710904;494.0;100867.0;2017
1711100;283.0;84152.0;2017
1711506;624.0;160558.0;2017
1711803;313.0;38817.0;2017
1711902;490.0;330397.0;2017
1711951;399.0;57289.0;2017
1712009;125.0;8628.0;2017
1712157;181.0;25887.0;2017
1712405;535.0;131843.0;2017
1712454;215.0;11920.0;2017
1712504;670.0;176022.0;2017
1712702;216.0;124847.0;2017
1712801;304.0;12317.0;2017
1713205;783.0;161318.0;2017
1713304;504.0;75100.0;2017
1713601;832.0;200395.0;2017
1713700;389.0;84247.0;2017
1713809;546.0;53638.0;2017
1713957;246.0;79213.0;2017
1714203;359.0;150892.0;2017
1714302;187.0;15449.0;2017
1714880;719.0;106192.0;2017
1715002;300.0;43070.0;2017
1715101;197.0;88798.0;2017
1715150;107.0;11891.0;2017
1715259;174.0;53508.0;2017
1715507;82.0;15586.0;2017
1715705;724.0;165013.0;2017
1715754;570.0;136426.0;2017
1716109;624.0;109185.0;2017
1716208;1469.0;479137.0;2017
1716307;421.0;117140.0;2017
1716505;376.0;129213.0;2017
1716604;889.0;366222.0;2017
1716653;786.0;104225.0;2017
1716703;693.0;85939.0;2017
1717008;791.0;127274.0;2017
1717206;430.0;96571.0;2017
1717503;599.0;428207.0;2017
1717800;372.0;66553.0;2017
1717909;774.0;174067.0;2017
1718006;146.0;21777.0;2017
1718204;1730.0;229503.0;2017
1718303;190.0;10155.0;2017
1718402;165.0;53235.0;2017
1718451;161.0;46505.0;2017
1718501;404.0;91115.0;2017
1718550;490.0;40752.0;2017
1718659;26.0;12920.0;2017
1718709;375.0;54940.0;2017
1718758;1197.0;249931.0;2017
1718808;330.0;10841.0;2017
1718840;419.0;283510.0;2017
1718865;315.0;140530.0;2017
1718881;413.0;86311.0;2017
1718899;460.0;238734.0;2017
1718907;540.0;117935.0;2017
1719004;287.0;29450.0;2017
1720002;128.0;13625.0;2017
1720101;399.0;54780.0;2017
1720150;134.0;11273.0;2017
1720200;280.0;19325.0;2017
1720259;305.0;58698.0;2017
1720309;277.0;20021.0;2017
1720499;473.0;142026.0;2017
1720655;366.0;81824.0;2017
1720804;323.0;18753.0;2017
1720853;144.0;67252.0;2017
1720903;764.0;112644.0;2017
1720937;98.0;60828.0;2017
1720978;331.0;188913.0;2017
1721000;1233.0;72871.0;2017
1721109;690.0;39263.0;2017
1721208;220.0;19029.0;2017
1721257;142.0;35122.0;2017
1721307;275.0;43377.0;2017
1722081;484.0;82095.0;2017
1722107;464.0;95995.0;2017
2100055;1617.0;457317.0;2017
2100105;280.0;9007.0;2017
2100154;790.0;7797.0;2017
2100204;1570.0;2270.0;2017
2100303;1362.0;56892.0;2017
2100402;413.0;37915.0;2017
2100436;209.0;18266.0;2017
2100477;747.0;67689.0;2017
2100501;447.0;230764.0;2017
2100550;210.0;18172.0;2017
2100600;2305.0;214062.0;2017
2100709;1662.0;11619.0;2017
2100808;1114.0;37218.0;2017
2100832;173.0;384.0;2017
2100873;529.0;47955.0;2017
2100907;2266.0;20969.0;2017
2100956;1402.0;124427.0;2017
2101004;1260.0;40102.0;2017
2101103;695.0;1696.0;2017
2101202;1964.0;115535.0;2017
2101251;166.0;5049.0;2017
2101301;437.0;2159.0;2017
2101350;416.0;1099.0;2017
2101400;1488.0;558196.0;2017
2101509;872.0;46506.0;2017
2101608;2459.0;215675.0;2017
2101707;2457.0;5513.0;2017
2101731;892.0;608.0;2017
2101772;201.0;7175.0;2017
2101806;363.0;86052.0;2017
2101905;2009.0;5958.0;2017
2101939;456.0;12620.0;2017
2101970;188.0;22396.0;2017
2102002;1044.0;173023.0;2017
2102036;781.0;139486.0;2017
2102077;900.0;33387.0;2017
2102101;2416.0;68448.0;2017
2102150;697.0;68092.0;2017
2102200;2946.0;41712.0;2017
2102309;899.0;59176.0;2017
2102325;837.0;100739.0;2017
2102358;588.0;65284.0;2017
2102374;904.0;1660.0;2017
2102408;781.0;10395.0;2017
2102507;2149.0;24148.0;2017
2102556;207.0;47533.0;2017
2102606;433.0;21513.0;2017
2102705;1369.0;17946.0;2017
2102754;746.0;36898.0;2017
2102804;1253.0;275667.0;2017
2102903;379.0;24107.0;2017
2103000;4567.0;135289.0;2017
2103109;401.0;1779.0;2017
2103125;367.0;351.0;2017
2103158;425.0;30244.0;2017
2103174;536.0;69232.0;2017
2103208;4314.0;131594.0;2017
2103257;816.0;111463.0;2017
2103307;4808.0;152787.0;2017
2103406;974.0;23602.0;2017
2103505;1198.0;46150.0;2017
2103554;484.0;19906.0;2017
2103604;2826.0;68464.0;2017
2103703;443.0;654.0;2017
2103752;214.0;24219.0;2017
2103802;631.0;20925.0;2017
2103901;263.0;1654.0;2017
2104008;1423.0;28462.0;2017
2104057;1327.0;170684.0;2017
2104073;1019.0;101609.0;2017
2104081;758.0;69843.0;2017
2104099;1949.0;165359.0;2017
2104107;1088.0;124789.0;2017
2104206;317.0;12587.0;2017
2104305;226.0;13009.0;2017
2104404;1023.0;34818.0;2017
2104503;410.0;38636.0;2017
2104552;314.0;40089.0;2017
2104602;1114.0;47950.0;2017
2104628;179.0;11181.0;2017
2104651;315.0;47255.0;2017
2104677;550.0;40320.0;2017
2104701;459.0;14316.0;2017
2104800;3216.0;477768.0;2017
2104909;449.0;824.0;2017
2105005;853.0;15115.0;2017
2105104;1429.0;5501.0;2017
2105153;361.0;20343.0;2017
2105203;661.0;24702.0;2017
2105302;709.0;106328.0;2017
2105351;799.0;57966.0;2017
2105401;2131.0;31963.0;2017
2105427;655.0;217603.0;2017
2105450;528.0;12778.0;2017
2105476;932.0;49973.0;2017
2105500;679.0;84113.0;2017
2105609;1146.0;27243.0;2017
2105658;195.0;25947.0;2017
2105708;1010.0;75905.0;2017
2105807;674.0;17539.0;2017
2105906;615.0;35490.0;2017
2105922;1012.0;53632.0;2017
2105948;496.0;11106.0;2017
2105963;595.0;38679.0;2017
2105989;691.0;57722.0;2017
2106003;719.0;15760.0;2017
2106102;579.0;216072.0;2017
2106201;273.0;23676.0;2017
2106300;930.0;8260.0;2017
2106326;197.0;40830.0;2017
2106359;382.0;63265.0;2017
2106375;427.0;42956.0;2017
2106409;1074.0;28552.0;2017
2106508;2012.0;16257.0;2017
2106607;2280.0;57435.0;2017
2106631;595.0;38709.0;2017
2106672;1183.0;33700.0;2017
2106706;1566.0;119610.0;2017
2106755;260.0;19943.0;2017
2106805;707.0;1959.0;2017
2106904;934.0;34341.0;2017
2107001;717.0;44833.0;2017
2107100;1266.0;1177.0;2017
2107209;660.0;2755.0;2017
2107258;343.0;36556.0;2017
2107308;138.0;34002.0;2017
2107357;760.0;67126.0;2017
2107407;451.0;50256.0;2017
2107456;1052.0;3151.0;2017
2107506;919.0;1560.0;2017
2107605;1924.0;6998.0;2017
2107704;627.0;25652.0;2017
2107803;1771.0;167829.0;2017
2107902;1258.0;49973.0;2017
2108009;668.0;69625.0;2017
2108058;947.0;1520.0;2017
2108108;710.0;88999.0;2017
2108207;602.0;9372.0;2017
2108256;3130.0;86347.0;2017
2108306;2795.0;29443.0;2017
2108405;633.0;4790.0;2017
2108454;824.0;29167.0;2017
2108504;241.0;15714.0;2017
2108603;2186.0;20336.0;2017
2108702;686.0;30741.0;2017
2108801;972.0;10666.0;2017
2108900;2241.0;66351.0;2017
2109007;953.0;107943.0;2017
2109056;284.0;380.0;2017
2109106;969.0;58025.0;2017
2109205;780.0;607.0;2017
2109239;222.0;17744.0;2017
2109270;1420.0;24758.0;2017
2109304;771.0;2474.0;2017
2109403;452.0;1125.0;2017
2109452;250.0;177.0;2017
2109502;1515.0;326666.0;2017
2109551;423.0;58633.0;2017
2109601;490.0;1049.0;2017
2109700;492.0;122134.0;2017
2109759;334.0;32123.0;2017
2109809;1285.0;21826.0;2017
2109908;282.0;44569.0;2017
2110005;1961.0;261922.0;2017
2110039;833.0;63598.0;2017
2110104;1370.0;53214.0;2017
2110203;1608.0;15415.0;2017
2110237;824.0;871.0;2017
2110278;725.0;8097.0;2017
2110302;1521.0;50706.0;2017
2110401;1353.0;15273.0;2017
2110500;1207.0;4776.0;2017
2110609;1684.0;17573.0;2017
2110658;239.0;97185.0;2017
2110708;1219.0;52927.0;2017
2110807;619.0;75778.0;2017
2110856;508.0;68638.0;2017
2110906;694.0;42543.0;2017
2111003;2365.0;3742.0;2017
2111029;359.0;19086.0;2017
2111052;1058.0;140111.0;2017
2111078;930.0;18538.0;2017
2111102;543.0;31103.0;2017
2111201;959.0;1196.0;2017
2111250;738.0;19671.0;2017
2111300;817.0;2016.0;2017
2111409;1622.0;56549.0;2017
2111508;568.0;36846.0;2017
2111532;236.0;61236.0;2017
2111573;519.0;55166.0;2017
2111607;589.0;120497.0;2017
2111631;742.0;35565.0;2017
2111672;417.0;15129.0;2017
2111706;2009.0;3748.0;2017
2111722;431.0;19697.0;2017
2111748;229.0;16013.0;2017
2111763;509.0;55691.0;2017
2111789;498.0;1822.0;2017
2111805;2036.0;181824.0;2017
2111904;710.0;42436.0;2017
2111953;195.0;17163.0;2017
2112001;378.0;239702.0;2017
2112100;1381.0;37896.0;2017
2112209;2544.0;59147.0;2017
2112233;377.0;12967.0;2017
2112274;129.0;13614.0;2017
2112308;1552.0;194449.0;2017
2112407;1895.0;9398.0;2017
2112456;697.0;23270.0;2017
2112506;2396.0;8415.0;2017
2112605;2944.0;46910.0;2017
2112704;1813.0;21602.0;2017
2112803;2692.0;32805.0;2017
2112852;698.0;98431.0;2017
2112902;1132.0;28246.0;2017
2113009;933.0;74235.0;2017
2114007;877.0;71809.0;2017
2200053;1734.0;76968.0;2017
2200103;446.0;6250.0;2017
2200202;448.0;2435.0;2017
2200251;1908.0;28047.0;2017
2200277;549.0;12588.0;2017
2200301;1936.0;97706.0;2017
2200400;1668.0;37698.0;2017
2200459;376.0;46256.0;2017
2200509;1835.0;27423.0;2017
2200608;457.0;8862.0;2017
2200707;1306.0;14049.0;2017
2200806;161.0;35907.0;2017
2200905;564.0;31544.0;2017
2200954;594.0;9922.0;2017
2201002;680.0;10772.0;2017
2201051;1254.0;97934.0;2017
2201101;1256.0;53932.0;2017
2201150;913.0;465577.0;2017
2201176;704.0;9797.0;2017
2201200;3967.0;47248.0;2017
2201309;245.0;14947.0;2017
2201408;413.0;8118.0;2017
2201507;3367.0;63676.0;2017
2201556;837.0;26205.0;2017
2201572;455.0;14252.0;2017
2201606;1002.0;39334.0;2017
2201705;413.0;31284.0;2017
2201739;1153.0;32308.0;2017
2201770;657.0;10619.0;2017
2201804;771.0;8498.0;2017
2201903;1023.0;238614.0;2017
2201919;527.0;14714.0;2017
2201929;1417.0;14335.0;2017
2201945;557.0;9755.0;2017
2201960;753.0;19783.0;2017
2201988;799.0;28105.0;2017
2202000;1198.0;21400.0;2017
2202026;1183.0;120581.0;2017
2202059;1360.0;12985.0;2017
2202075;539.0;20146.0;2017
2202083;489.0;3562.0;2017
2202091;1085.0;27530.0;2017
2202109;1555.0;43294.0;2017
2202117;1004.0;19389.0;2017
2202133;1183.0;20831.0;2017
2202174;1162.0;9565.0;2017
2202208;2232.0;106692.0;2017
2202251;484.0;55646.0;2017
2202307;2160.0;50858.0;2017
2202406;902.0;22897.0;2017
2202455;843.0;41695.0;2017
2202505;1443.0;32676.0;2017
2202539;948.0;21056.0;2017
2202554;837.0;28238.0;2017
2202604;1718.0;56874.0;2017
2202653;466.0;9473.0;2017
2202703;3861.0;40760.0;2017
2202711;504.0;10943.0;2017
2202729;1449.0;6460.0;2017
2202737;573.0;20905.0;2017
2202752;302.0;15271.0;2017
2202778;1100.0;40905.0;2017
2202802;700.0;21929.0;2017
2202851;732.0;50596.0;2017
2202901;1469.0;174809.0;2017
2203008;789.0;50887.0;2017
2203107;495.0;63818.0;2017
2203206;1183.0;80960.0;2017
2203230;759.0;201243.0;2017
2203255;463.0;11374.0;2017
2203271;741.0;33892.0;2017
2203305;633.0;15323.0;2017
2203354;1561.0;49254.0;2017
2203404;412.0;4605.0;2017
2203420;688.0;15969.0;2017
2203453;1876.0;171195.0;2017
2203503;1372.0;94578.0;2017
2203602;493.0;34119.0;2017
2203701;2295.0;38288.0;2017
2203750;1149.0;36772.0;2017
2203800;579.0;26199.0;2017
2203859;421.0;6637.0;2017
2203909;1382.0;98671.0;2017
2204006;659.0;8697.0;2017
2204105;615.0;12537.0;2017
2204154;444.0;8645.0;2017
2204204;1295.0;18542.0;2017
2204303;969.0;40165.0;2017
2204352;919.0;14450.0;2017
2204402;761.0;118910.0;2017
2204501;250.0;27541.0;2017
2204550;850.0;13551.0;2017
2204600;375.0;6091.0;2017
2204659;218.0;5255.0;2017
2204709;2269.0;37764.0;2017
2204808;1211.0;13818.0;2017
2204907;1717.0;41782.0;2017
2205003;2166.0;24268.0;2017
2205102;1476.0;78112.0;2017
2205151;1406.0;89008.0;2017
2205201;2637.0;35536.0;2017
2205250;548.0;13556.0;2017
2205276;885.0;32455.0;2017
2205300;191.0;68938.0;2017
2205359;640.0;21209.0;2017
2205409;1464.0;30557.0;2017
2205458;789.0;8470.0;2017
2205508;3426.0;113419.0;2017
2205516;882.0;25084.0;2017
2205524;889.0;45697.0;2017
2205532;1130.0;20202.0;2017
2205540;206.0;2444.0;2017
2205557;798.0;11829.0;2017
2205565;1004.0;61236.0;2017
2205573;940.0;7137.0;2017
2205581;566.0;14916.0;2017
2205599;1097.0;31804.0;2017
2205607;853.0;60276.0;2017
2205706;3197.0;26902.0;2017
2205805;2396.0;25570.0;2017
2205854;892.0;6017.0;2017
2205904;494.0;24009.0;2017
2205953;434.0;6969.0;2017
2206001;421.0;30117.0;2017
2206050;1310.0;28829.0;2017
2206100;765.0;6711.0;2017
2206209;3972.0;43550.0;2017
2206308;134.0;3235.0;2017
2206357;1327.0;30147.0;2017
2206407;925.0;16179.0;2017
2206506;1628.0;22844.0;2017
2206605;1608.0;145588.0;2017
2206654;576.0;38552.0;2017
2206670;646.0;17423.0;2017
2206696;1622.0;6216.0;2017
2206704;531.0;23587.0;2017
2206720;870.0;10547.0;2017
2206753;692.0;22747.0;2017
2206803;1399.0;10822.0;2017
2206902;887.0;28144.0;2017
2206951;555.0;23473.0;2017
2207009;3588.0;93896.0;2017
2207108;468.0;7204.0;2017
2207207;829.0;14845.0;2017
2207306;807.0;17549.0;2017
2207355;590.0;31517.0;2017
2207405;765.0;73527.0;2017
2207504;2044.0;27704.0;2017
2207553;597.0;12004.0;2017
2207603;1040.0;231127.0;2017
2207702;1269.0;8279.0;2017
2207751;525.0;32930.0;2017
2207777;1273.0;30621.0;2017
2207793;661.0;18262.0;2017
2207801;2476.0;100903.0;2017
2207850;647.0;15173.0;2017
2207900;3644.0;41412.0;2017
2207934;597.0;30495.0;2017
2207959;899.0;26357.0;2017
2208007;3014.0;20364.0;2017
2208106;1894.0;162582.0;2017
2208205;3584.0;175760.0;2017
2208304;2030.0;108157.0;2017
2208403;3460.0;57332.0;2017
2208502;804.0;4950.0;2017
2208551;217.0;20454.0;2017
2208601;200.0;7041.0;2017
2208650;1877.0;71847.0;2017
2208700;624.0;58430.0;2017
2208809;929.0;42011.0;2017
2208858;429.0;67195.0;2017
2208874;464.0;28730.0;2017
2208908;345.0;215296.0;2017
2209005;857.0;38381.0;2017
2209104;541.0;18087.0;2017
2209153;268.0;202355.0;2017
2209203;640.0;233598.0;2017
2209302;435.0;38685.0;2017
2209351;561.0;2654.0;2017
2209377;510.0;18829.0;2017
2209401;892.0;12128.0;2017
2209450;204.0;1054.0;2017
2209500;717.0;33146.0;2017
2209559;1073.0;14478.0;2017
2209609;338.0;33351.0;2017
2209658;1196.0;49409.0;2017
2209708;1210.0;37585.0;2017
2209757;367.0;20349.0;2017
2209807;449.0;5399.0;2017
2209856;406.0;4810.0;2017
2209872;316.0;28383.0;2017
2209906;734.0;65282.0;2017
2209955;510.0;13022.0;2017
2209971;703.0;7765.0;2017
2210003;1311.0;43087.0;2017
2210052;538.0;19111.0;2017
2210102;397.0;31899.0;2017
2210201;1603.0;17749.0;2017
2210300;547.0;14667.0;2017
2210359;860.0;24025.0;2017
2210375;520.0;6359.0;2017
2210383;293.0;16074.0;2017
2210391;207.0;15921.0;2017
2210409;2632.0;184673.0;2017
2210508;1489.0;25132.0;2017
2210607;3664.0;55193.0;2017
2210623;578.0;58263.0;2017
2210631;502.0;155251.0;2017
2210656;1534.0;48586.0;2017
2210706;2082.0;74539.0;2017
2210805;1636.0;70905.0;2017
2210904;635.0;15518.0;2017
2210938;863.0;5330.0;2017
2210953;592.0;13248.0;2017
2210979;444.0;12532.0;2017
2211001;5171.0;29731.0;2017
2211100;3781.0;81484.0;2017
2211209;1220.0;536204.0;2017
2211308;1154.0;49418.0;2017
2211357;1139.0;20635.0;2017
2211407;528.0;8243.0;2017
2211506;719.0;16022.0;2017
2211605;869.0;14485.0;2017
2211704;833.0;13577.0;2017
2300101;884.0;9031.0;2017
2300150;852.0;2746.0;2017
2300200;5029.0;23036.0;2017
2300309;6034.0;134359.0;2017
2300408;2932.0;139539.0;2017
2300507;612.0;2261.0;2017
2300606;562.0;3647.0;2017
2300705;1564.0;93346.0;2017
2300754;3529.0;62202.0;2017
2300804;400.0;13089.0;2017
2300903;1247.0;23395.0;2017
2301000;4325.0;7136.0;2017
2301109;3055.0;56232.0;2017
2301208;2757.0;30204.0;2017
2301257;1613.0;17198.0;2017
2301307;3073.0;48243.0;2017
2301406;1588.0;5974.0;2017
2301505;1361.0;84894.0;2017
2301604;2643.0;62656.0;2017
2301703;2633.0;59777.0;2017
2301802;764.0;11259.0;2017
2301851;1104.0;49097.0;2017
2301901;2936.0;12917.0;2017
2301950;1753.0;19790.0;2017
2302008;1605.0;28641.0;2017
2302057;887.0;1784.0;2017
2302107;2045.0;11695.0;2017
2302206;3365.0;87771.0;2017
2302305;2593.0;38701.0;2017
2302404;6176.0;150844.0;2017
2302503;1682.0;20466.0;2017
2302602;2184.0;11514.0;2017
2302701;2676.0;37093.0;2017
2302800;5847.0;72733.0;2017
2302909;2189.0;13809.0;2017
2303006;1458.0;23066.0;2017
2303105;1751.0;16047.0;2017
2303204;2643.0;31177.0;2017
2303303;2740.0;36766.0;2017
2303402;1021.0;1853.0;2017
2303501;2550.0;32796.0;2017
2303600;1222.0;32419.0;2017
2303659;1139.0;37259.0;2017
2303709;2699.0;22799.0;2017
2303808;2829.0;35987.0;2017
2303907;459.0;843.0;2017
2303931;1805.0;31255.0;2017
2303956;1383.0;13538.0;2017
2304004;1271.0;16694.0;2017
2304103;6457.0;162325.0;2017
2304202;2649.0;19662.0;2017
2304236;1684.0;9537.0;2017
2304251;1425.0;13213.0;2017
2304269;1594.0;27252.0;2017
2304277;516.0;22485.0;2017
2304285;187.0;204.0;2017
2304301;2401.0;28280.0;2017
2304350;764.0;17050.0;2017
2304400;244.0;288.0;2017
2304459;596.0;6853.0;2017
2304509;916.0;4639.0;2017
2304608;380.0;5233.0;2017
2304657;1744.0;12071.0;2017
2304707;4367.0;40971.0;2017
2304806;597.0;5156.0;2017
2304905;1181.0;9382.0;2017
2304954;1167.0;15185.0;2017
2305001;2036.0;12906.0;2017
2305100;258.0;2397.0;2017
2305209;2683.0;66946.0;2017
2305233;754.0;5149.0;2017
2305266;1639.0;63555.0;2017
2305308;1814.0;11983.0;2017
2305332;998.0;24220.0;2017
2305357;1156.0;32728.0;2017
2305407;6024.0;83738.0;2017
2305506;3734.0;45749.0;2017
2305605;3529.0;197742.0;2017
2305654;1805.0;34138.0;2017
2305704;1479.0;13550.0;2017
2305803;2356.0;26188.0;2017
2305902;3282.0;52619.0;2017
2306009;818.0;51174.0;2017
2306108;2100.0;78628.0;2017
2306207;904.0;7501.0;2017
2306256;637.0;2489.0;2017
2306306;2024.0;20019.0;2017
2306405;6629.0;74017.0;2017
2306504;2235.0;17722.0;2017
2306553;2307.0;28302.0;2017
2306603;2251.0;30975.0;2017
2306702;1777.0;122680.0;2017
2306801;1082.0;17832.0;2017
2306900;2698.0;99432.0;2017
2307007;2648.0;49671.0;2017
2307106;2615.0;23049.0;2017
2307205;485.0;7260.0;2017
2307254;1162.0;6852.0;2017
2307304;946.0;10539.0;2017
2307403;2211.0;48666.0;2017
2307502;3214.0;50520.0;2017
2307601;1888.0;24044.0;2017
2307635;1772.0;36836.0;2017
2307650;194.0;1975.0;2017
2307700;3047.0;32689.0;2017
2307809;1399.0;23057.0;2017
2307908;524.0;1121.0;2017
2308005;2045.0;11818.0;2017
2308104;3639.0;53855.0;2017
2308203;1087.0;4789.0;2017
2308302;1913.0;20437.0;2017
2308351;1745.0;37923.0;2017
2308377;574.0;36966.0;2017
2308401;4408.0;29439.0;2017
2308500;6196.0;122998.0;2017
2308609;2143.0;58083.0;2017
2308708;4738.0;138423.0;2017
2308807;754.0;9211.0;2017
2308906;1545.0;23339.0;2017
2309003;1103.0;6328.0;2017
2309102;1170.0;3697.0;2017
2309201;1013.0;8044.0;2017
2309300;1992.0;45165.0;2017
2309409;3588.0;48624.0;2017
2309458;2506.0;32631.0;2017
2309508;1951.0;32897.0;2017
2309607;1239.0;12064.0;2017
2309706;774.0;7196.0;2017
2309805;1026.0;5914.0;2017
2309904;296.0;318.0;2017
2310001;1337.0;10497.0;2017
2310100;1054.0;6601.0;2017
2310209;591.0;6013.0;2017
2310258;1776.0;20175.0;2017
2310308;4389.0;123871.0;2017
2310407;852.0;21423.0;2017
2310506;4004.0;77895.0;2017
2310605;287.0;5684.0;2017
2310704;2483.0;42857.0;2017
2310803;1620.0;9446.0;2017
2310852;1490.0;2338.0;2017
2310902;2504.0;36056.0;2017
2310951;1011.0;8695.0;2017
2311009;2144.0;59306.0;2017
2311108;1534.0;16712.0;2017
2311207;1376.0;16709.0;2017
2311231;1072.0;38360.0;2017
2311264;3513.0;57891.0;2017
2311306;4880.0;110398.0;2017
2311355;2112.0;32349.0;2017
2311405;6848.0;217713.0;2017
2311504;628.0;21047.0;2017
2311603;2983.0;11933.0;2017
2311702;1836.0;14136.0;2017
2311801;4262.0;67133.0;2017
2311900;1909.0;58243.0;2017
2311959;3245.0;42744.0;2017
2312007;3169.0;39790.0;2017
2312106;1337.0;15146.0;2017
2312205;4621.0;221431.0;2017
2312304;3564.0;13772.0;2017
2312403;1192.0;23084.0;2017
2312502;730.0;14141.0;2017
2312601;497.0;3679.0;2017
2312700;2524.0;63530.0;2017
2312809;647.0;3438.0;2017
2312908;5720.0;77568.0;2017
2313005;2491.0;96503.0;2017
2313104;1597.0;34281.0;2017
2313203;2719.0;91808.0;2017
2313252;1567.0;15842.0;2017
2313302;6322.0;337804.0;2017
2313351;888.0;35862.0;2017
2313401;3652.0;19406.0;2017
2313500;3367.0;47238.0;2017
2313559;1068.0;9977.0;2017
2313609;2545.0;10315.0;2017
2313708;909.0;13219.0;2017
2313757;1755.0;22491.0;2017
2313807;833.0;5737.0;2017
2313906;1377.0;14856.0;2017
2313955;739.0;5315.0;2017
2314003;4126.0;36254.0;2017
2314102;5737.0;29280.0;2017
2400109;226.0;40330.0;2017
2400208;856.0;44913.0;2017
2400307;512.0;20379.0;2017
2400406;139.0;3480.0;2017
2400505;527.0;31233.0;2017
2400604;300.0;7398.0;2017
2400703;246.0;9688.0;2017
2400802;199.0;52812.0;2017
2400901;349.0;16267.0;2017
2401008;2227.0;73101.0;2017
2401107;210.0;5667.0;2017
2401206;147.0;10902.0;2017
2401305;753.0;65923.0;2017
2401404;13.0;18281.0;2017
2401453;793.0;29014.0;2017
2401503;200.0;9792.0;2017
2401602;565.0;22890.0;2017
2401651;104.0;2858.0;2017
2401701;319.0;9193.0;2017
2401800;348.0;3640.0;2017
2401859;80.0;4892.0;2017
2401909;110.0;23997.0;2017
2402006;780.0;93586.0;2017
2402105;579.0;8888.0;2017
2402204;162.0;8860.0;2017
2402303;1434.0;71196.0;2017
2402402;167.0;11836.0;2017
2402501;482.0;27179.0;2017
2402600;1288.0;33464.0;2017
2402709;962.0;10364.0;2017
2402808;261.0;4378.0;2017
2402907;278.0;4970.0;2017
2403004;355.0;23342.0;2017
2403103;505.0;36714.0;2017
2403202;810.0;12758.0;2017
2403251;10.0;597.0;2017
2403301;364.0;6939.0;2017
2403400;152.0;14579.0;2017
2403509;246.0;5707.0;2017
2403608;165.0;4224.0;2017
2403707;295.0;11502.0;2017
2403756;78.0;20854.0;2017
2403806;471.0;38038.0;2017
2403905;227.0;8462.0;2017
2404002;227.0;4005.0;2017
2404101;47.0;3628.0;2017
2404200;181.0;12898.0;2017
2404309;695.0;35973.0;2017
2404408;85.0;3756.0;2017
2404507;144.0;9498.0;2017
2404606;746.0;21183.0;2017
2404705;502.0;18909.0;2017
2404804;91.0;7969.0;2017
2404853;89.0;8059.0;2017
2404903;69.0;4042.0;2017
2405009;286.0;3031.0;2017
2405108;213.0;20100.0;2017
2405207;234.0;21839.0;2017
2405306;728.0;10601.0;2017
2405405;147.0;8241.0;2017
2405504;134.0;20941.0;2017
2405603;248.0;22311.0;2017
2405702;444.0;25900.0;2017
2405801;888.0;38311.0;2017
2405900;196.0;5262.0;2017
2406007;480.0;9149.0;2017
2406106;720.0;66871.0;2017
2406155;257.0;1921.0;2017
2406205;380.0;4245.0;2017
2406304;540.0;7847.0;2017
2406403;96.0;5055.0;2017
2406502;1938.0;10174.0;2017
2406601;370.0;4173.0;2017
2406700;430.0;46282.0;2017
2406809;149.0;3401.0;2017
2406908;123.0;2821.0;2017
2407005;402.0;8808.0;2017
2407104;943.0;18036.0;2017
2407203;122.0;14082.0;2017
2407252;80.0;4610.0;2017
2407302;350.0;20655.0;2017
2407401;305.0;5862.0;2017
2407500;237.0;4820.0;2017
2407609;71.0;12295.0;2017
2407708;148.0;2834.0;2017
2407807;561.0;11667.0;2017
2407906;218.0;2958.0;2017
2408003;1966.0;62378.0;2017
2408102;80.0;312.0;2017
2408201;295.0;5737.0;2017
2408300;809.0;19780.0;2017
2408409;207.0;7071.0;2017
2408508;278.0;17567.0;2017
2408607;311.0;4749.0;2017
2408706;125.0;22004.0;2017
2408805;210.0;12997.0;2017
2408904;394.0;19881.0;2017
2408953;138.0;1684.0;2017
2409100;326.0;2107.0;2017
2409209;107.0;3630.0;2017
2409308;310.0;19591.0;2017
2409332;139.0;10996.0;2017
2409407;411.0;16322.0;2017
2409506;103.0;7843.0;2017
2409605;248.0;13790.0;2017
2409704;389.0;63058.0;2017
2409803;258.0;9412.0;2017
2409902;192.0;14636.0;2017
2410009;120.0;8679.0;2017
2410108;387.0;6944.0;2017
2410207;418.0;3679.0;2017
2410256;172.0;2595.0;2017
2410306;391.0;8463.0;2017
2410405;600.0;20184.0;2017
2410504;348.0;6138.0;2017
2410603;203.0;7329.0;2017
2410702;86.0;10579.0;2017
2410801;489.0;6304.0;2017
2410900;371.0;16494.0;2017
2411007;93.0;8463.0;2017
2411056;83.0;10728.0;2017
2411106;223.0;9650.0;2017
2411205;330.0;27903.0;2017
2411403;945.0;76567.0;2017
2411429;97.0;13143.0;2017
2411502;491.0;14535.0;2017
2411601;219.0;7258.0;2017
2411700;156.0;8560.0;2017
2411809;175.0;34916.0;2017
2411908;179.0;6300.0;2017
2412005;153.0;12281.0;2017
2412104;338.0;19705.0;2017
2412203;612.0;11364.0;2017
2412302;241.0;16761.0;2017
2412401;197.0;12696.0;2017
2412500;1767.0;5972.0;2017
2412559;239.0;9848.0;2017
2412609;456.0;15879.0;2017
2412708;278.0;11557.0;2017
2412807;363.0;20623.0;2017
2412906;536.0;29309.0;2017
2413003;330.0;11592.0;2017
2413102;523.0;12181.0;2017
2413201;41.0;410.0;2017
2413300;520.0;5658.0;2017
2413359;854.0;43908.0;2017
2413409;442.0;41292.0;2017
2413508;386.0;14130.0;2017
2413557;367.0;7572.0;2017
2413607;327.0;12317.0;2017
2413706;271.0;18382.0;2017
2413805;93.0;5318.0;2017
2413904;387.0;20363.0;2017
2414001;391.0;23276.0;2017
2414100;266.0;12294.0;2017
2414159;479.0;4728.0;2017
2414209;64.0;2673.0;2017
2414308;136.0;9306.0;2017
2414407;1400.0;40953.0;2017
2414456;169.0;12328.0;2017
2414506;289.0;15122.0;2017
2414605;1195.0;35163.0;2017
2414704;112.0;3197.0;2017
2414753;463.0;2211.0;2017
2414803;242.0;5549.0;2017
2414902;22.0;2771.0;2017
2415008;23.0;3392.0;2017
2500106;863.0;10927.0;2017
2500205;851.0;21358.0;2017
2500304;1459.0;23858.0;2017
2500403;1682.0;7177.0;2017
2500502;915.0;7471.0;2017
2500536;475.0;19393.0;2017
2500577;292.0;10935.0;2017
2500601;836.0;11244.0;2017
2500700;1601.0;26657.0;2017
2500734;248.0;6066.0;2017
2500775;521.0;15935.0;2017
2500809;2180.0;18406.0;2017
2500908;825.0;5685.0;2017
2501005;1348.0;16604.0;2017
2501104;1702.0;18263.0;2017
2501153;113.0;3546.0;2017
2501203;568.0;2877.0;2017
2501302;2092.0;17977.0;2017
2501351;161.0;6841.0;2017
2501401;547.0;1288.0;2017
2501500;2020.0;18916.0;2017
2501534;300.0;2944.0;2017
2501575;1487.0;25174.0;2017
2501609;1484.0;53837.0;2017
2501708;505.0;33723.0;2017
2501807;33.0;168.0;2017
2501906;628.0;6664.0;2017
2502003;298.0;42638.0;2017
2502052;298.0;2025.0;2017
2502102;371.0;8410.0;2017
2502151;681.0;34597.0;2017
2502201;146.0;1803.0;2017
2502300;374.0;8168.0;2017
2502409;670.0;19083.0;2017
2502508;871.0;24658.0;2017
2502607;499.0;10395.0;2017
2502706;312.0;2045.0;2017
2502805;371.0;25644.0;2017
2502904;232.0;5163.0;2017
2503001;536.0;11635.0;2017
2503100;629.0;30941.0;2017
2503209;21.0;321.0;2017
2503308;731.0;10468.0;2017
2503407;338.0;8036.0;2017
2503506;1361.0;11602.0;2017
2503555;842.0;6667.0;2017
2503605;582.0;8466.0;2017
2503704;1544.0;26170.0;2017
2503753;336.0;19888.0;2017
2503803;205.0;5342.0;2017
2503902;698.0;25893.0;2017
2504009;2431.0;28722.0;2017
2504033;78.0;5697.0;2017
2504074;396.0;23412.0;2017
2504108;74.0;3024.0;2017
2504157;780.0;9625.0;2017
2504207;363.0;33528.0;2017
2504306;735.0;34676.0;2017
2504355;544.0;9186.0;2017
2504405;1595.0;36873.0;2017
2504504;418.0;17786.0;2017
2504603;908.0;7144.0;2017
2504702;415.0;17413.0;2017
2504801;667.0;19306.0;2017
2504850;259.0;11089.0;2017
2504900;1855.0;13244.0;2017
2505006;526.0;13367.0;2017
2505105;1738.0;35157.0;2017
2505204;194.0;3071.0;2017
2505238;723.0;6036.0;2017
2505279;843.0;6309.0;2017
2505303;265.0;10869.0;2017
2505352;640.0;13221.0;2017
2505402;516.0;10686.0;2017
2505501;210.0;3321.0;2017
2505600;555.0;16872.0;2017
2505709;1022.0;10997.0;2017
2505808;251.0;2714.0;2017
2505907;113.0;14174.0;2017
2506004;1697.0;10217.0;2017
2506103;1094.0;9429.0;2017
2506202;250.0;16090.0;2017
2506251;1292.0;11904.0;2017
2506301;995.0;10543.0;2017
2506400;1237.0;17801.0;2017
2506509;245.0;21669.0;2017
2506608;581.0;14399.0;2017
2506707;1099.0;16194.0;2017
2506806;946.0;12608.0;2017
2506905;957.0;12505.0;2017
2507002;1231.0;29337.0;2017
2507101;1160.0;10628.0;2017
2507200;837.0;21908.0;2017
2507309;834.0;13094.0;2017
2507408;466.0;6827.0;2017
2507507;150.0;1612.0;2017
2507606;226.0;4497.0;2017
2507705;1377.0;30674.0;2017
2507804;432.0;11282.0;2017
2507903;171.0;3537.0;2017
2508000;1136.0;19115.0;2017
2508109;296.0;8550.0;2017
2508208;665.0;6077.0;2017
2508307;2026.0;6638.0;2017
2508406;256.0;7113.0;2017
2508505;848.0;18888.0;2017
2508554;267.0;3187.0;2017
2508604;191.0;4158.0;2017
2508703;544.0;11064.0;2017
2508802;150.0;8960.0;2017
2508901;1093.0;33493.0;2017
2509008;1280.0;19410.0;2017
2509057;473.0;2585.0;2017
2509107;727.0;9924.0;2017
2509156;218.0;2353.0;2017
2509206;1858.0;14179.0;2017
2509305;73.0;2911.0;2017
2509339;937.0;3226.0;2017
2509370;134.0;2869.0;2017
2509396;420.0;4416.0;2017
2509404;1024.0;14669.0;2017
2509503;502.0;2140.0;2017
2509602;493.0;7566.0;2017
2509701;3203.0;73230.0;2017
2509800;826.0;15691.0;2017
2509909;871.0;3985.0;2017
2510006;603.0;6571.0;2017
2510105;354.0;3476.0;2017
2510204;420.0;2957.0;2017
2510303;542.0;22549.0;2017
2510402;654.0;22436.0;2017
2510501;550.0;20426.0;2017
2510600;321.0;9341.0;2017
2510659;359.0;15415.0;2017
2510709;99.0;5663.0;2017
2510808;497.0;29185.0;2017
2510907;815.0;42768.0;2017
2511004;493.0;4645.0;2017
2511103;1194.0;27924.0;2017
2511202;1824.0;28506.0;2017
2511301;892.0;29762.0;2017
2511400;1209.0;34429.0;2017
2511509;599.0;6244.0;2017
2511608;530.0;3135.0;2017
2511707;588.0;3878.0;2017
2511806;436.0;5460.0;2017
2511905;984.0;5186.0;2017
2512002;1782.0;43679.0;2017
2512036;319.0;3764.0;2017
2512077;498.0;5239.0;2017
2512101;1334.0;62950.0;2017
2512200;334.0;16426.0;2017
2512309;1146.0;16586.0;2017
2512408;1063.0;4116.0;2017
2512507;3401.0;25641.0;2017
2512606;136.0;10170.0;2017
2512705;875.0;8974.0;2017
2512721;591.0;3826.0;2017
2512747;309.0;4796.0;2017
2512754;316.0;3643.0;2017
2512762;400.0;2532.0;2017
2512788;51.0;7652.0;2017
2512804;604.0;16662.0;2017
2512903;1123.0;36988.0;2017
2513000;338.0;7496.0;2017
2513109;1372.0;15271.0;2017
2513158;1048.0;13669.0;2017
2513208;497.0;14135.0;2017
2513307;446.0;10161.0;2017
2513356;403.0;20294.0;2017
2513406;383.0;24637.0;2017
2513505;696.0;20320.0;2017
2513604;703.0;14898.0;2017
2513653;176.0;2778.0;2017
2513703;612.0;49311.0;2017
2513802;339.0;18322.0;2017
2513851;396.0;11349.0;2017
2513901;261.0;15770.0;2017
2513927;264.0;11895.0;2017
2513943;332.0;9635.0;2017
2513968;283.0;10064.0;2017
2513984;292.0;5960.0;2017
2514008;487.0;53979.0;2017
2514107;587.0;47854.0;2017
2514206;796.0;14148.0;2017
2514305;545.0;10364.0;2017
2514404;458.0;52449.0;2017
2514453;481.0;4613.0;2017
2514503;1671.0;32668.0;2017
2514552;718.0;7591.0;2017
2514602;168.0;4976.0;2017
2514651;90.0;20742.0;2017
2514701;296.0;11723.0;2017
2514800;541.0;23759.0;2017
2514909;569.0;46005.0;2017
2515005;674.0;5748.0;2017
2515104;1376.0;3586.0;2017
2515203;347.0;32734.0;2017
2515302;1651.0;26338.0;2017
2515401;1155.0;15475.0;2017
2515500;951.0;45351.0;2017
2515609;299.0;2162.0;2017
2515708;430.0;4928.0;2017
2515807;888.0;4156.0;2017
2515906;579.0;5527.0;2017
2515930;338.0;2763.0;2017
2515971;1011.0;3279.0;2017
2516003;1645.0;13701.0;2017
2516102;960.0;41988.0;2017
2516151;353.0;8665.0;2017
2516201;1726.0;34656.0;2017
2516300;905.0;48581.0;2017
2516409;674.0;16002.0;2017
2516508;1033.0;55448.0;2017
2516607;1391.0;11889.0;2017
2516706;1272.0;9178.0;2017
2516755;260.0;4161.0;2017
2516805;620.0;9712.0;2017
2516904;696.0;14560.0;2017
2517001;886.0;8069.0;2017
2517100;227.0;12950.0;2017
2517209;528.0;8233.0;2017
2517407;266.0;9608.0;2017
2600054;408.0;1001.0;2017
2600104;1882.0;21475.0;2017
2600203;3460.0;96314.0;2017
2600302;1077.0;13376.0;2017
2600401;1234.0;22102.0;2017
2600500;3060.0;53198.0;2017
2600609;1247.0;11971.0;2017
2600708;804.0;17805.0;2017
2600807;2851.0;28600.0;2017
2600906;1839.0;20215.0;2017
2601003;708.0;7743.0;2017
2601052;57.0;179.0;2017
2601102;7375.0;90305.0;2017
2601201;737.0;16852.0;2017
2601300;375.0;6295.0;2017
2601409;676.0;12345.0;2017
2601508;894.0;5185.0;2017
2601607;1620.0;42628.0;2017
2601706;1502.0;14165.0;2017
2601805;1808.0;44305.0;2017
2601904;1750.0;17094.0;2017
2602001;3568.0;69467.0;2017
2602100;2710.0;40216.0;2017
2602209;3832.0;11434.0;2017
2602308;1679.0;16817.0;2017
2602407;1005.0;11252.0;2017
2602506;837.0;7875.0;2017
2602605;1442.0;25762.0;2017
2602704;419.0;4160.0;2017
2602803;5652.0;70107.0;2017
2602902;1873.0;19987.0;2017
2603009;1466.0;44234.0;2017
2603108;865.0;7453.0;2017
2603207;4463.0;21673.0;2017
2603306;1908.0;7740.0;2017
2603405;613.0;6145.0;2017
2603454;12.0;179.0;2017
2603504;322.0;2523.0;2017
2603603;230.0;3531.0;2017
2603702;2180.0;32488.0;2017
2603801;2706.0;22966.0;2017
2603900;2647.0;16983.0;2017
2603926;2098.0;43435.0;2017
2604007;398.0;6703.0;2017
2604106;1406.0;22470.0;2017
2604155;1903.0;6670.0;2017
2604205;892.0;5357.0;2017
2604304;637.0;8060.0;2017
2604403;321.0;4159.0;2017
2604502;1502.0;5302.0;2017
2604601;232.0;1996.0;2017
2604700;1291.0;23455.0;2017
2604809;341.0;6849.0;2017
2604908;2407.0;20752.0;2017
2605004;557.0;6792.0;2017
2605103;3789.0;90894.0;2017
2605152;3037.0;104655.0;2017
2605202;613.0;30905.0;2017
2605301;2597.0;66014.0;2017
2605400;771.0;5599.0;2017
2605459;14.0;20.0;2017
2605509;430.0;6436.0;2017
2605608;3373.0;44238.0;2017
2605707;2033.0;144542.0;2017
2605806;1336.0;11067.0;2017
2605905;571.0;19792.0;2017
2606002;3055.0;26210.0;2017
2606101;2347.0;13438.0;2017
2606200;1546.0;24385.0;2017
2606309;553.0;32403.0;2017
2606408;1897.0;15383.0;2017
2606507;1832.0;28285.0;2017
2606606;1741.0;40402.0;2017
2606705;1029.0;9675.0;2017
2606804;559.0;28671.0;2017
2606903;1598.0;42481.0;2017
2607000;2023.0;43366.0;2017
2607109;626.0;13143.0;2017
2607208;1489.0;36176.0;2017
2607307;1941.0;23881.0;2017
2607406;297.0;20118.0;2017
2607505;4232.0;66274.0;2017
2607604;95.0;448.0;2017
2607653;745.0;19005.0;2017
2607703;1468.0;24794.0;2017
2607752;101.0;46.0;2017
2607802;746.0;6049.0;2017
2607901;605.0;3972.0;2017
2607950;516.0;2837.0;2017
2608008;1094.0;28597.0;2017
2608057;853.0;13468.0;2017
2608107;2749.0;8669.0;2017
2608206;404.0;3310.0;2017
2608255;1780.0;8407.0;2017
2608305;1476.0;6782.0;2017
2608404;1425.0;7210.0;2017
2608453;659.0;5858.0;2017
2608503;709.0;3853.0;2017
2608602;1609.0;11655.0;2017
2608701;2262.0;14624.0;2017
2608750;1412.0;57091.0;2017
2608800;1531.0;8542.0;2017
2608909;1721.0;16235.0;2017
2609006;848.0;8223.0;2017
2609105;575.0;4750.0;2017
2609154;2877.0;21649.0;2017
2609204;355.0;8387.0;2017
2609303;988.0;23184.0;2017
2609402;795.0;8512.0;2017
2609501;389.0;10323.0;2017
2609600;84.0;175.0;2017
2609709;2229.0;7860.0;2017
2609808;1535.0;13100.0;2017
2609907;5143.0;87395.0;2017
2610004;540.0;18492.0;2017
2610103;737.0;10725.0;2017
2610202;2440.0;20342.0;2017
2610301;2031.0;13014.0;2017
2610400;1917.0;107283.0;2017
2610509;2273.0;15182.0;2017
2610608;898.0;14841.0;2017
2610707;165.0;704.0;2017
2610806;1834.0;50541.0;2017
2610905;2600.0;32927.0;2017
2611002;1579.0;21774.0;2017
2611101;7018.0;159953.0;2017
2611200;895.0;8761.0;2017
2611309;2108.0;13892.0;2017
2611408;617.0;7538.0;2017
2611507;1670.0;16111.0;2017
2611533;1356.0;12215.0;2017
2611606;242.0;837.0;2017
2611705;1419.0;14767.0;2017
2611804;312.0;19956.0;2017
2611903;881.0;19703.0;2017
2612000;1235.0;8386.0;2017
2612109;770.0;2804.0;2017
2612208;1988.0;51624.0;2017
2612307;1469.0;15681.0;2017
2612406;873.0;13573.0;2017
2612455;1937.0;68374.0;2017
2612471;1127.0;5725.0;2017
2612505;435.0;17546.0;2017
2612554;2030.0;51582.0;2017
2612604;4359.0;80323.0;2017
2612703;1740.0;3639.0;2017
2612802;813.0;8451.0;2017
2612901;557.0;9798.0;2017
2613008;4101.0;34210.0;2017
2613107;1684.0;12531.0;2017
2613206;2749.0;15307.0;2017
2613305;1141.0;6107.0;2017
2613404;326.0;4143.0;2017
2613503;2975.0;68341.0;2017
2613602;2765.0;41226.0;2017
2613701;727.0;13533.0;2017
2613800;478.0;5914.0;2017
2613909;4229.0;171938.0;2017
2614006;2223.0;81814.0;2017
2614105;3589.0;146121.0;2017
2614204;718.0;35143.0;2017
2614303;779.0;25750.0;2017
2614402;807.0;6234.0;2017
2614501;2442.0;10734.0;2017
2614600;1741.0;19956.0;2017
2614709;571.0;4781.0;2017
2614808;3061.0;25037.0;2017
2614857;571.0;5858.0;2017
2615003;1584.0;29574.0;2017
2615102;850.0;8776.0;2017
2615201;457.0;13717.0;2017
2615300;706.0;13626.0;2017
2615409;33.0;512.0;2017
2615508;242.0;9830.0;2017
2615607;1196.0;8561.0;2017
2615706;1687.0;9973.0;2017
2615805;2635.0;33960.0;2017
2615904;373.0;11120.0;2017
2616001;1134.0;20797.0;2017
2616100;1243.0;20805.0;2017
2616183;610.0;3039.0;2017
2616209;790.0;12201.0;2017
2616308;768.0;16908.0;2017
2616407;1834.0;20961.0;2017
2616506;119.0;3512.0;2017
2700102;2122.0;19445.0;2017
2700201;270.0;9686.0;2017
2700300;2930.0;13195.0;2017
2700409;440.0;26192.0;2017
2700508;15.0;19471.0;2017
2700607;15.0;1612.0;2017
2700706;735.0;21178.0;2017
2700805;232.0;2886.0;2017
2700904;498.0;10347.0;2017
2701001;210.0;18378.0;2017
2701100;543.0;7410.0;2017
2701209;774.0;18557.0;2017
2701308;163.0;10305.0;2017
2701357;124.0;3105.0;2017
2701407;337.0;21230.0;2017
2701506;1302.0;12283.0;2017
2701605;1692.0;38247.0;2017
2701704;252.0;16186.0;2017
2701803;616.0;6306.0;2017
2701902;420.0;22340.0;2017
2702009;1712.0;5408.0;2017
2702108;354.0;14625.0;2017
2702207;41.0;658.0;2017
2702306;700.0;52349.0;2017
2702355;2932.0;15316.0;2017
2702405;973.0;23194.0;2017
2702504;1156.0;8875.0;2017
2702553;2676.0;15691.0;2017
2702603;3275.0;11260.0;2017
2702702;263.0;7074.0;2017
2702801;558.0;23043.0;2017
2702900;4141.0;27773.0;2017
2703007;419.0;11739.0;2017
2703106;2946.0;19613.0;2017
2703205;1414.0;28389.0;2017
2703304;1745.0;25968.0;2017
2703403;538.0;14183.0;2017
2703502;444.0;16011.0;2017
2703601;158.0;4856.0;2017
2703700;401.0;7294.0;2017
2703759;224.0;16988.0;2017
2703809;751.0;12715.0;2017
2703908;215.0;4008.0;2017
2704005;1563.0;17329.0;2017
2704104;1583.0;5437.0;2017
2704203;1985.0;13802.0;2017
2704302;44.0;18050.0;2017
2704401;1985.0;27145.0;2017
2704500;1180.0;15144.0;2017
2704609;982.0;17731.0;2017
2704708;101.0;14265.0;2017
2704807;290.0;8621.0;2017
2704906;341.0;8756.0;2017
2705002;3260.0;34299.0;2017
2705101;312.0;15498.0;2017
2705200;258.0;13398.0;2017
2705309;793.0;12955.0;2017
2705408;316.0;4760.0;2017
2705507;594.0;28912.0;2017
2705606;281.0;9009.0;2017
2705705;1440.0;9766.0;2017
2705804;722.0;11604.0;2017
2705903;898.0;12986.0;2017
2706000;1593.0;10681.0;2017
2706109;835.0;11938.0;2017
2706208;120.0;1927.0;2017
2706307;3492.0;22284.0;2017
2706406;1539.0;41644.0;2017
2706422;757.0;3371.0;2017
2706448;84.0;3053.0;2017
2706505;123.0;18480.0;2017
2706604;337.0;9123.0;2017
2706703;1445.0;42709.0;2017
2706802;206.0;4431.0;2017
2706901;145.0;11630.0;2017
2707008;325.0;5241.0;2017
2707107;1074.0;18772.0;2017
2707206;1486.0;16875.0;2017
2707305;416.0;20717.0;2017
2707404;241.0;15756.0;2017
2707503;1209.0;11666.0;2017
2707602;800.0;19289.0;2017
2707701;73.0;25205.0;2017
2707800;78.0;13634.0;2017
2707909;19.0;3374.0;2017
2708006;2351.0;21932.0;2017
2708105;1679.0;20914.0;2017
2708204;467.0;7237.0;2017
2708303;356.0;35809.0;2017
2708402;2468.0;26527.0;2017
2708501;883.0;32043.0;2017
2708600;148.0;31617.0;2017
2708709;111.0;4987.0;2017
2708808;2625.0;18089.0;2017
2708907;23.0;1887.0;2017
2708956;1558.0;19132.0;2017
2709004;460.0;8026.0;2017
2709103;2183.0;8892.0;2017
2709152;529.0;17971.0;2017
2709202;3163.0;40987.0;2017
2709301;1650.0;22641.0;2017
2709400;837.0;21361.0;2017
2800100;44.0;3321.0;2017
2800209;1516.0;27558.0;2017
2800308;114.0;489.0;2017
2800407;983.0;15932.0;2017
2800506;873.0;4578.0;2017
2800605;266.0;1609.0;2017
2800670;2555.0;16873.0;2017
2800704;459.0;6651.0;2017
2801009;1156.0;12488.0;2017
2801108;456.0;13852.0;2017
2801207;1229.0;49965.0;2017
2801306;1511.0;33282.0;2017
2801405;1883.0;51486.0;2017
2801504;118.0;3453.0;2017
2801603;358.0;5980.0;2017
2801702;1243.0;14297.0;2017
2801900;439.0;14443.0;2017
2802007;165.0;8144.0;2017
2802106;1844.0;28568.0;2017
2802205;562.0;19886.0;2017
2802304;917.0;27065.0;2017
2802403;2253.0;46153.0;2017
2802502;183.0;2213.0;2017
2802601;942.0;21759.0;2017
2802700;331.0;2341.0;2017
2802809;1794.0;19616.0;2017
2802908;3262.0;13560.0;2017
2803005;3591.0;36062.0;2017
2803104;727.0;15215.0;2017
2803203;1780.0;35454.0;2017
2803302;859.0;19724.0;2017
2803401;983.0;19932.0;2017
2803500;6909.0;73120.0;2017
2803609;263.0;14530.0;2017
2803708;492.0;9501.0;2017
2803807;171.0;4384.0;2017
2803906;1189.0;7399.0;2017
2804003;94.0;8199.0;2017
2804102;2205.0;6912.0;2017
2804201;1162.0;28728.0;2017
2804300;331.0;6634.0;2017
2804409;976.0;13593.0;2017
2804458;2011.0;30983.0;2017
2804508;2992.0;60419.0;2017
2804607;1415.0;42046.0;2017
2804706;396.0;6664.0;2017
2804805;331.0;5583.0;2017
2804904;1305.0;16204.0;2017
2805000;293.0;7202.0;2017
2805109;592.0;3216.0;2017
2805208;478.0;11009.0;2017
2805307;675.0;8735.0;2017
2805406;4077.0;88008.0;2017
2805505;2105.0;30167.0;2017
2805604;2647.0;56698.0;2017
2805703;637.0;5581.0;2017
2805802;3594.0;34617.0;2017
2805901;256.0;3977.0;2017
2806008;1847.0;22167.0;2017
2806107;160.0;5732.0;2017
2806206;2075.0;19993.0;2017
2806305;1172.0;19876.0;2017
2806404;60.0;2903.0;2017
2806503;465.0;6844.0;2017
2806602;734.0;10963.0;2017
2806701;946.0;16494.0;2017
2806800;1509.0;5333.0;2017
2806909;165.0;7391.0;2017
2807006;561.0;11912.0;2017
2807105;3491.0;39825.0;2017
2807204;492.0;16233.0;2017
2807303;137.0;5669.0;2017
2807402;3545.0;63610.0;2017
2807501;1832.0;19177.0;2017
2807600;1092.0;10681.0;2017
2900108;919.0;11806.0;2017
2900207;1885.0;44919.0;2017
2900306;1337.0;13242.0;2017
2900355;3249.0;54796.0;2017
2900405;2165.0;27722.0;2017
2900504;1989.0;23200.0;2017
2900603;329.0;11623.0;2017
2900702;2546.0;39649.0;2017
2900801;1246.0;52705.0;2017
2900900;197.0;19191.0;2017
2901007;2727.0;39532.0;2017
2901106;323.0;6411.0;2017
2901155;1301.0;39174.0;2017
2901205;2475.0;57058.0;2017
2901304;954.0;74115.0;2017
2901353;2401.0;78649.0;2017
2901403;1292.0;70814.0;2017
2901502;839.0;10767.0;2017
2901601;1823.0;30766.0;2017
2901700;2064.0;21947.0;2017
2901809;843.0;15175.0;2017
2901908;2633.0;41121.0;2017
2901957;416.0;8255.0;2017
2902005;3017.0;84991.0;2017
2902054;851.0;21862.0;2017
2902104;4779.0;88924.0;2017
2902203;771.0;25033.0;2017
2902252;768.0;20952.0;2017
2902302;914.0;10326.0;2017
2902401;378.0;35045.0;2017
2902500;2130.0;191494.0;2017
2902609;2642.0;84169.0;2017
2902658;1754.0;16662.0;2017
2902708;2904.0;77129.0;2017
2902807;3774.0;86821.0;2017
2902906;1996.0;57643.0;2017
2903003;1995.0;58597.0;2017
2903102;461.0;20050.0;2017
2903201;2192.0;453357.0;2017
2903235;1866.0;30550.0;2017
2903276;1589.0;11225.0;2017
2903300;393.0;16935.0;2017
2903409;1397.0;109134.0;2017
2903508;1272.0;21967.0;2017
2903607;2577.0;24410.0;2017
2903706;2080.0;56075.0;2017
2903805;2536.0;202231.0;2017
2903904;3721.0;159194.0;2017
2903953;1570.0;20938.0;2017
2904001;1114.0;20185.0;2017
2904050;1678.0;46120.0;2017
2904100;3082.0;50406.0;2017
2904209;2223.0;28733.0;2017
2904308;1428.0;38899.0;2017
2904407;1410.0;106701.0;2017
2904506;1640.0;31797.0;2017
2904605;4600.0;98853.0;2017
2904704;571.0;15516.0;2017
2904753;2211.0;138170.0;2017
2904803;679.0;46067.0;2017
2904852;3118.0;13559.0;2017
2904902;1989.0;16480.0;2017
2905008;2499.0;41953.0;2017
2905107;1035.0;37468.0;2017
2905156;1873.0;47814.0;2017
2905206;4555.0;68691.0;2017
2905305;2227.0;28456.0;2017
2905404;26.0;4717.0;2017
2905503;1597.0;30736.0;2017
2905602;747.0;32864.0;2017
2905701;1175.0;17724.0;2017
2905800;2692.0;40078.0;2017
2905909;5260.0;113850.0;2017
2906006;5840.0;223868.0;2017
2906105;1601.0;30285.0;2017
2906204;2588.0;40482.0;2017
2906303;1560.0;73424.0;2017
2906402;891.0;29854.0;2017
2906501;454.0;5594.0;2017
2906600;1917.0;24300.0;2017
2906709;1310.0;56765.0;2017
2906808;3579.0;70564.0;2017
2906824;1741.0;81696.0;2017
2906857;1237.0;42005.0;2017
2906873;1087.0;26223.0;2017
2906899;1710.0;40358.0;2017
2906907;1005.0;144902.0;2017
2907004;171.0;7011.0;2017
2907103;2550.0;139586.0;2017
2907202;7509.0;287532.0;2017
2907301;1662.0;33915.0;2017
2907400;515.0;33920.0;2017
2907509;989.0;18224.0;2017
2907558;1797.0;31269.0;2017
2907608;1994.0;20374.0;2017
2907707;1172.0;65860.0;2017
2907806;4711.0;66462.0;2017
2907905;1213.0;9415.0;2017
2908002;362.0;21984.0;2017
2908101;1657.0;563091.0;2017
2908200;807.0;6818.0;2017
2908309;1315.0;13571.0;2017
2908408;5603.0;56899.0;2017
2908507;483.0;9152.0;2017
2908606;2195.0;76042.0;2017
2908705;2730.0;54154.0;2017
2908804;347.0;34730.0;2017
2908903;2583.0;20027.0;2017
2909000;1371.0;20034.0;2017
2909109;1834.0;113438.0;2017
2909208;2222.0;70557.0;2017
2909307;3408.0;719338.0;2017
2909406;1913.0;351642.0;2017
2909505;221.0;7523.0;2017
2909604;4237.0;47905.0;2017
2909703;1274.0;63398.0;2017
2909802;1436.0;6070.0;2017
2909901;4655.0;148108.0;2017
2910008;936.0;36898.0;2017
2910057;194.0;4400.0;2017
2910107;2053.0;22421.0;2017
2910206;507.0;7976.0;2017
2910305;1266.0;12739.0;2017
2910404;1871.0;97131.0;2017
2910503;620.0;37873.0;2017
2910602;2493.0;76107.0;2017
2910701;5686.0;112194.0;2017
2910727;954.0;98144.0;2017
2910750;2480.0;27646.0;2017
2910776;1184.0;76121.0;2017
2910800;9191.0;67313.0;2017
2910859;1680.0;36478.0;2017
2910909;207.0;16560.0;2017
2911006;410.0;24481.0;2017
2911105;1352.0;965502.0;2017
2911204;1227.0;20061.0;2017
2911253;592.0;22084.0;2017
2911303;871.0;17297.0;2017
2911402;1498.0;19445.0;2017
2911501;251.0;22420.0;2017
2911600;2144.0;4939.0;2017
2911659;1867.0;40186.0;2017
2911709;4417.0;82350.0;2017
2911808;2121.0;167499.0;2017
2911857;2036.0;26501.0;2017
2911907;1675.0;179768.0;2017
2912004;1629.0;28071.0;2017
2912103;264.0;14667.0;2017
2912202;1722.0;65956.0;2017
2912301;1061.0;91126.0;2017
2912400;2207.0;58377.0;2017
2912509;2436.0;43364.0;2017
2912608;582.0;50802.0;2017
2912707;2025.0;36904.0;2017
2912806;493.0;53204.0;2017
2912905;941.0;28045.0;2017
2913002;2178.0;51879.0;2017
2913101;2571.0;34053.0;2017
2913200;1503.0;69478.0;2017
2913309;514.0;9314.0;2017
2913408;1410.0;38841.0;2017
2913457;2245.0;31580.0;2017
2913507;2013.0;67687.0;2017
2913606;3559.0;106231.0;2017
2913705;4151.0;81917.0;2017
2913804;3484.0;29233.0;2017
2913903;866.0;23652.0;2017
2914000;6199.0;189500.0;2017
2914109;1066.0;24823.0;2017
2914208;442.0;28862.0;2017
2914307;945.0;99325.0;2017
2914406;2987.0;37423.0;2017
2914505;3294.0;13084.0;2017
2914604;800.0;16246.0;2017
2914653;660.0;62574.0;2017
2914703;2996.0;176055.0;2017
2914802;923.0;29742.0;2017
2914901;2606.0;46622.0;2017
2915007;1437.0;98652.0;2017
2915106;566.0;22295.0;2017
2915205;956.0;75801.0;2017
2915304;236.0;76597.0;2017
2915353;1429.0;133074.0;2017
2915403;307.0;102370.0;2017
2915502;632.0;23927.0;2017
2915601;2213.0;194214.0;2017
2915700;776.0;14297.0;2017
2915809;1436.0;139971.0;2017
2915908;311.0;45372.0;2017
2916005;1514.0;109301.0;2017
2916104;86.0;176.0;2017
2916203;322.0;34258.0;2017
2916302;242.0;75019.0;2017
2916401;672.0;155059.0;2017
2916500;5073.0;77553.0;2017
2916609;323.0;34301.0;2017
2916708;586.0;20645.0;2017
2916807;926.0;137329.0;2017
2916856;708.0;22731.0;2017
2916906;614.0;21504.0;2017
2917003;3432.0;97797.0;2017
2917102;490.0;27372.0;2017
2917201;2652.0;48753.0;2017
2917300;1540.0;23775.0;2017
2917334;1096.0;116031.0;2017
2917359;1320.0;465169.0;2017
2917409;2493.0;74906.0;2017
2917508;2294.0;81712.0;2017
2917607;2406.0;59154.0;2017
2917706;2007.0;49941.0;2017
2917805;2067.0;43198.0;2017
2917904;668.0;38896.0;2017
2918001;2657.0;165707.0;2017
2918100;4169.0;159824.0;2017
2918209;2462.0;18253.0;2017
2918308;1023.0;21011.0;2017
2918357;1347.0;30923.0;2017
2918407;7288.0;256897.0;2017
2918456;1281.0;91237.0;2017
2918506;1765.0;64326.0;2017
2918555;194.0;30240.0;2017
2918605;809.0;14748.0;2017
2918704;562.0;22047.0;2017
2918753;2307.0;38438.0;2017
2918803;3942.0;38162.0;2017
2918902;242.0;40908.0;2017
2919009;499.0;59931.0;2017
2919058;915.0;24842.0;2017
2919108;1619.0;12460.0;2017
2919157;2432.0;41744.0;2017
2919207;30.0;220.0;2017
2919306;497.0;39738.0;2017
2919405;1458.0;46161.0;2017
2919504;4636.0;73761.0;2017
2919553;429.0;368875.0;2017
2919603;873.0;36045.0;2017
2919702;344.0;71244.0;2017
2919801;7189.0;83070.0;2017
2919900;996.0;45076.0;2017
2919959;953.0;21652.0;2017
2920007;385.0;45154.0;2017
2920106;2316.0;73651.0;2017
2920205;1966.0;136231.0;2017
2920304;1662.0;32637.0;2017
2920403;1703.0;121581.0;2017
2920452;1237.0;44577.0;2017
2920502;1465.0;132030.0;2017
2920601;4044.0;19296.0;2017
2920700;2212.0;44879.0;2017
2920809;804.0;85987.0;2017
2920908;567.0;46855.0;2017
2921005;515.0;33310.0;2017
2921054;1361.0;40518.0;2017
2921104;746.0;119246.0;2017
2921203;2074.0;84545.0;2017
2921302;267.0;23154.0;2017
2921401;1777.0;67041.0;2017
2921450;1577.0;65357.0;2017
2921500;6488.0;116210.0;2017
2921609;828.0;79538.0;2017
2921708;2471.0;161956.0;2017
2921807;1887.0;33033.0;2017
2921906;814.0;73875.0;2017
2922003;987.0;194435.0;2017
2922052;3116.0;27137.0;2017
2922102;1710.0;127193.0;2017
2922201;1025.0;9171.0;2017
2922250;1488.0;323643.0;2017
2922300;1934.0;3713.0;2017
2922409;3782.0;24053.0;2017
2922508;957.0;19501.0;2017
2922607;1660.0;17921.0;2017
2922656;1107.0;27108.0;2017
2922706;2136.0;54835.0;2017
2922730;1124.0;28961.0;2017
2922755;873.0;17468.0;2017
2922805;647.0;33023.0;2017
2922854;1069.0;45556.0;2017
2922904;3537.0;59698.0;2017
2923001;552.0;146988.0;2017
2923035;878.0;15874.0;2017
2923050;1195.0;18945.0;2017
2923100;2038.0;34008.0;2017
2923209;2854.0;106029.0;2017
2923308;1048.0;8687.0;2017
2923357;1279.0;60044.0;2017
2923407;3214.0;150941.0;2017
2923506;462.0;8496.0;2017
2923605;2991.0;40728.0;2017
2923704;3621.0;90991.0;2017
2923803;5088.0;35043.0;2017
2923902;1039.0;48061.0;2017
2924009;1797.0;44489.0;2017
2924058;1677.0;44043.0;2017
2924108;656.0;6404.0;2017
2924207;1788.0;66919.0;2017
2924306;1991.0;27510.0;2017
2924405;5178.0;119860.0;2017
2924504;2512.0;39397.0;2017
2924603;986.0;23863.0;2017
2924652;1483.0;53489.0;2017
2924678;2360.0;17466.0;2017
2924702;1031.0;16038.0;2017
2924801;1582.0;65559.0;2017
2924900;961.0;77114.0;2017
2925006;1571.0;47391.0;2017
2925105;2496.0;44147.0;2017
2925204;379.0;7971.0;2017
2925253;1431.0;34127.0;2017
2925303;1538.0;137191.0;2017
2925402;299.0;81655.0;2017
2925501;1165.0;95424.0;2017
2925600;2292.0;13655.0;2017
2925709;2104.0;54093.0;2017
2925758;4412.0;39992.0;2017
2925808;2311.0;158059.0;2017
2925907;4268.0;82712.0;2017
2925931;980.0;19711.0;2017
2925956;3085.0;70227.0;2017
2926004;3713.0;161520.0;2017
2926103;1310.0;16401.0;2017
2926202;1628.0;407242.0;2017
2926301;2509.0;86942.0;2017
2926400;3864.0;127637.0;2017
2926509;2769.0;37864.0;2017
2926608;5010.0;76607.0;2017
2926657;1598.0;105075.0;2017
2926707;1358.0;21639.0;2017
2926806;2454.0;36571.0;2017
2926905;1406.0;16077.0;2017
2927002;3434.0;57560.0;2017
2927101;997.0;9457.0;2017
2927200;1775.0;132078.0;2017
2927309;87.0;1131.0;2017
2927408;50.0;56.0;2017
2927507;1411.0;15918.0;2017
2927606;2136.0;52328.0;2017
2927705;884.0;107240.0;2017
2927804;215.0;31011.0;2017
2927903;145.0;7445.0;2017
2928000;2589.0;108005.0;2017
2928059;1176.0;42987.0;2017
2928109;2719.0;93908.0;2017
2928208;2287.0;109944.0;2017
2928307;1323.0;12521.0;2017
2928406;2368.0;347663.0;2017
2928505;616.0;27699.0;2017
2928604;2963.0;21469.0;2017
2928703;2715.0;17430.0;2017
2928802;4973.0;18500.0;2017
2928901;2305.0;992039.0;2017
2928950;842.0;21845.0;2017
2929008;987.0;5972.0;2017
2929057;982.0;116421.0;2017
2929107;2143.0;11432.0;2017
2929206;370.0;10991.0;2017
2929255;2038.0;46345.0;2017
2929305;2279.0;18285.0;2017
2929354;249.0;9357.0;2017
2929370;826.0;24605.0;2017
2929404;1981.0;18066.0;2017
2929503;1166.0;26616.0;2017
2929602;1760.0;10001.0;2017
2929701;2325.0;28941.0;2017
2929750;94.0;2091.0;2017
2929800;870.0;25460.0;2017
2929909;3253.0;49370.0;2017
2930006;1404.0;113614.0;2017
2930105;1487.0;38614.0;2017
2930154;2927.0;115702.0;2017
2930204;2248.0;154864.0;2017
2930303;2141.0;101423.0;2017
2930402;1760.0;39872.0;2017
2930501;5841.0;35006.0;2017
2930600;1080.0;19116.0;2017
2930709;355.0;2895.0;2017
2930758;1370.0;93486.0;2017
2930766;2839.0;49558.0;2017
2930774;561.0;34585.0;2017
2930808;2458.0;27058.0;2017
2930907;1701.0;54079.0;2017
2931004;2737.0;78409.0;2017
2931053;2612.0;25337.0;2017
2931103;568.0;16440.0;2017
2931202;1678.0;20028.0;2017
2931301;806.0;54050.0;2017
2931350;967.0;100113.0;2017
2931400;192.0;9796.0;2017
2931509;1961.0;24491.0;2017
2931608;1931.0;25031.0;2017
2931707;154.0;11867.0;2017
2931806;2542.0;73610.0;2017
2931905;5007.0;116660.0;2017
2932002;3215.0;94496.0;2017
2932101;3045.0;50376.0;2017
2932200;272.0;11324.0;2017
2932309;607.0;18509.0;2017
2932408;1837.0;22140.0;2017
2932457;1367.0;50593.0;2017
2932507;1870.0;88928.0;2017
2932606;2076.0;53034.0;2017
2932705;1376.0;40755.0;2017
2932804;1049.0;28561.0;2017
2932903;5866.0;55683.0;2017
2933000;1511.0;32722.0;2017
2933059;2272.0;33921.0;2017
2933109;586.0;13720.0;2017
2933158;1542.0;60376.0;2017
2933174;1354.0;13418.0;2017
2933208;231.0;8816.0;2017
2933257;284.0;61869.0;2017
2933307;6548.0;210420.0;2017
2933406;724.0;28318.0;2017
2933455;1660.0;192068.0;2017
2933505;3446.0;45411.0;2017
2933604;2453.0;74095.0;2017
3100104;1070.0;61717.0;2017
3100203;983.0;155326.0;2017
3100302;1640.0;35266.0;2017
3100401;290.0;7844.0;2017
3100500;765.0;54600.0;2017
3100609;1739.0;96117.0;2017
3100708;105.0;36107.0;2017
3100807;326.0;14638.0;2017
3100906;1515.0;73281.0;2017
3101003;614.0;67277.0;2017
3101102;1399.0;111886.0;2017
3101201;554.0;40730.0;2017
3101300;306.0;7131.0;2017
3101409;206.0;4210.0;2017
3101508;366.0;43282.0;2017
3101607;972.0;57313.0;2017
3101631;377.0;7433.0;2017
3101706;1643.0;140520.0;2017
3101805;192.0;13439.0;2017
3101904;1132.0;31578.0;2017
3102001;1384.0;26787.0;2017
3102050;376.0;5454.0;2017
3102100;1472.0;29231.0;2017
3102209;468.0;17300.0;2017
3102308;777.0;34382.0;2017
3102407;201.0;21778.0;2017
3102506;462.0;10182.0;2017
3102605;1719.0;29169.0;2017
3102704;754.0;48250.0;2017
3102803;612.0;57777.0;2017
3102852;789.0;16877.0;2017
3102902;444.0;30248.0;2017
3103009;548.0;45134.0;2017
3103108;215.0;6325.0;2017
3103207;101.0;15026.0;2017
3103306;140.0;5902.0;2017
3103405;2589.0;113740.0;2017
3103504;2124.0;217050.0;2017
3103603;121.0;5125.0;2017
3103702;1438.0;14776.0;2017
3103751;106.0;19391.0;2017
3103801;408.0;13783.0;2017
3103900;361.0;18719.0;2017
3104007;470.0;79136.0;2017
3104106;201.0;11489.0;2017
3104205;942.0;29311.0;2017
3104304;770.0;20112.0;2017
3104403;310.0;12117.0;2017
3104452;825.0;17214.0;2017
3104502;1803.0;278868.0;2017
3104601;468.0;12844.0;2017
3104700;1540.0;180239.0;2017
3104809;258.0;83995.0;2017
3104908;768.0;32358.0;2017
3105004;354.0;36656.0;2017
3105103;1525.0;108014.0;2017
3105202;478.0;35465.0;2017
3105301;160.0;3483.0;2017
3105400;263.0;11717.0;2017
3105509;335.0;14555.0;2017
3105608;1449.0;34631.0;2017
3105707;498.0;22820.0;2017
3105905;136.0;3267.0;2017
3106002;50.0;7944.0;2017
3106101;206.0;31284.0;2017
3106200;48.0;386.0;2017
3106309;481.0;23917.0;2017
3106408;711.0;17411.0;2017
3106507;1489.0;26059.0;2017
3106606;375.0;37292.0;2017
3106655;266.0;48497.0;2017
3106705;233.0;10014.0;2017
3106804;417.0;19261.0;2017
3106903;124.0;11286.0;2017
3107000;484.0;38812.0;2017
3107109;1512.0;57837.0;2017
3107208;389.0;18308.0;2017
3107307;2551.0;147277.0;2017
3107406;1121.0;96924.0;2017
3107505;242.0;20546.0;2017
3107604;464.0;16977.0;2017
3107703;287.0;13039.0;2017
3107802;1139.0;43239.0;2017
3107901;1521.0;11070.0;2017
3108008;532.0;47081.0;2017
3108107;559.0;12525.0;2017
3108206;714.0;144454.0;2017
3108255;1276.0;185626.0;2017
3108305;910.0;20783.0;2017
3108404;899.0;24728.0;2017
3108503;817.0;60389.0;2017
3108552;537.0;216881.0;2017
3108602;2463.0;79681.0;2017
3108701;262.0;5849.0;2017
3108800;535.0;22638.0;2017
3108909;785.0;24182.0;2017
3109006;443.0;20466.0;2017
3109105;1679.0;27253.0;2017
3109204;338.0;42276.0;2017
3109253;189.0;8631.0;2017
3109303;1758.0;373136.0;2017
3109402;759.0;457698.0;2017
3109451;342.0;76961.0;2017
3109501;1250.0;29733.0;2017
3109600;35.0;3818.0;2017
3109709;1148.0;22785.0;2017
3109808;76.0;13364.0;2017
3109907;181.0;8966.0;2017
3110004;784.0;19171.0;2017
3110103;555.0;9607.0;2017
3110202;434.0;5302.0;2017
3110301;1643.0;44348.0;2017
3110400;362.0;11247.0;2017
3110509;1041.0;34423.0;2017
3110608;997.0;15296.0;2017
3110707;454.0;17883.0;2017
3110806;168.0;35073.0;2017
3110905;875.0;26233.0;2017
3111002;2076.0;49769.0;2017
3111101;2211.0;321086.0;2017
3111150;447.0;28085.0;2017
3111200;782.0;35393.0;2017
3111309;884.0;17806.0;2017
3111408;561.0;98089.0;2017
3111507;411.0;56131.0;2017
3111606;3009.0;61122.0;2017
3111705;666.0;8959.0;2017
3111804;298.0;68131.0;2017
3111903;387.0;12825.0;2017
3112000;1303.0;52356.0;2017
3112059;222.0;10433.0;2017
3112109;562.0;10285.0;2017
3112208;437.0;4709.0;2017
3112307;2078.0;67899.0;2017
3112406;375.0;20398.0;2017
3112505;76.0;6264.0;2017
3112604;328.0;49670.0;2017
3112653;299.0;21021.0;2017
3112703;486.0;76115.0;2017
3112802;597.0;25360.0;2017
3112901;759.0;14977.0;2017
3113008;2310.0;62060.0;2017
3113107;222.0;7372.0;2017
3113206;695.0;26326.0;2017
3113305;1297.0;28442.0;2017
3113404;2667.0;83143.0;2017
3113503;667.0;69121.0;2017
3113602;382.0;12800.0;2017
3113701;951.0;293042.0;2017
3113800;193.0;14059.0;2017
3113909;516.0;34023.0;2017
3114006;403.0;27608.0;2017
3114105;348.0;25799.0;2017
3114204;1032.0;29124.0;2017
3114303;1544.0;113990.0;2017
3114402;1632.0;61792.0;2017
3114501;840.0;26426.0;2017
3114550;683.0;166574.0;2017
3114600;226.0;37977.0;2017
3114709;414.0;5756.0;2017
3114808;465.0;14907.0;2017
3114907;274.0;9274.0;2017
3115003;306.0;26038.0;2017
3115102;640.0;47728.0;2017
3115201;302.0;16701.0;2017
3115300;698.0;29245.0;2017
3115359;126.0;9930.0;2017
3115409;290.0;6408.0;2017
3115458;352.0;24258.0;2017
3115474;565.0;20363.0;2017
3115508;99.0;6030.0;2017
3115607;124.0;20525.0;2017
3115706;329.0;16478.0;2017
3115805;165.0;28585.0;2017
3115904;173.0;10349.0;2017
3116001;741.0;17710.0;2017
3116100;2262.0;31800.0;2017
3116159;955.0;128605.0;2017
3116209;224.0;21143.0;2017
3116308;757.0;7498.0;2017
3116407;606.0;16771.0;2017
3116506;842.0;52537.0;2017
3116605;1257.0;43680.0;2017
3116704;431.0;6294.0;2017
3116803;598.0;24712.0;2017
3116902;498.0;92001.0;2017
3117009;1219.0;42521.0;2017
3117108;1355.0;30960.0;2017
3117207;318.0;5398.0;2017
3117306;465.0;111250.0;2017
3117405;795.0;22270.0;2017
3117504;1397.0;66911.0;2017
3117603;447.0;16385.0;2017
3117702;371.0;25914.0;2017
3117801;367.0;12806.0;2017
3117836;838.0;31853.0;2017
3117876;8.0;743.0;2017
3117900;872.0;14122.0;2017
3118007;107.0;3878.0;2017
3118106;350.0;14387.0;2017
3118205;233.0;50027.0;2017
3118304;375.0;14278.0;2017
3118403;1386.0;109074.0;2017
3118502;314.0;8084.0;2017
3118601;94.0;1289.0;2017
3118700;909.0;23147.0;2017
3118809;2688.0;144413.0;2017
3118908;510.0;56581.0;2017
3119005;147.0;13432.0;2017
3119104;582.0;123144.0;2017
3119203;670.0;39068.0;2017
3119302;2008.0;228867.0;2017
3119401;183.0;10295.0;2017
3119500;832.0;74991.0;2017
3119609;133.0;12941.0;2017
3119708;182.0;7099.0;2017
3119807;658.0;51871.0;2017
3119906;297.0;6437.0;2017
3119955;154.0;5387.0;2017
3120003;304.0;12538.0;2017
3120102;155.0;19326.0;2017
3120151;584.0;71587.0;2017
3120201;911.0;38304.0;2017
3120300;739.0;35227.0;2017
3120409;141.0;7302.0;2017
3120508;672.0;21205.0;2017
3120607;562.0;10348.0;2017
3120706;221.0;13956.0;2017
3120805;549.0;33108.0;2017
3120839;277.0;18060.0;2017
3120870;440.0;39061.0;2017
3120904;1093.0;195141.0;2017
3121001;217.0;10337.0;2017
3121100;509.0;18649.0;2017
3121209;536.0;57330.0;2017
3121258;70.0;8483.0;2017
3121308;306.0;11555.0;2017
3121407;1123.0;16779.0;2017
3121506;391.0;7321.0;2017
3121605;892.0;85496.0;2017
3121704;627.0;6412.0;2017
3121803;468.0;28389.0;2017
3121902;237.0;6261.0;2017
3122009;2284.0;27464.0;2017
3122108;276.0;31042.0;2017
3122207;229.0;9687.0;2017
3122306;1627.0;46011.0;2017
3122355;96.0;5024.0;2017
3122405;420.0;18154.0;2017
3122454;539.0;48312.0;2017
3122470;374.0;49810.0;2017
3122504;155.0;4556.0;2017
3122603;241.0;26101.0;2017
3122702;327.0;15228.0;2017
3122801;239.0;5623.0;2017
3122900;231.0;5665.0;2017
3123007;156.0;3850.0;2017
3123106;384.0;28175.0;2017
3123205;643.0;91831.0;2017
3123304;383.0;14133.0;2017
3123403;151.0;9935.0;2017
3123502;231.0;21451.0;2017
3123528;653.0;14931.0;2017
3123601;1059.0;36613.0;2017
3123700;253.0;13117.0;2017
3123809;472.0;40332.0;2017
3123858;332.0;6440.0;2017
3123908;897.0;20627.0;2017
3124005;1936.0;19803.0;2017
3124104;961.0;57722.0;2017
3124203;1552.0;24671.0;2017
3124302;2988.0;86329.0;2017
3124401;695.0;20610.0;2017
3124500;1572.0;15251.0;2017
3124609;123.0;11086.0;2017
3124708;442.0;56400.0;2017
3124807;577.0;108306.0;2017
3124906;938.0;24853.0;2017
3125002;52.0;6258.0;2017
3125101;526.0;11392.0;2017
3125200;176.0;5324.0;2017
3125309;235.0;15374.0;2017
3125408;827.0;18101.0;2017
3125507;243.0;8560.0;2017
3125606;381.0;40804.0;2017
3125705;602.0;92448.0;2017
3125804;158.0;9839.0;2017
3125903;1047.0;72842.0;2017
3125952;1258.0;24263.0;2017
3126000;247.0;13022.0;2017
3126109;1616.0;76103.0;2017
3126208;723.0;139618.0;2017
3126307;388.0;17983.0;2017
3126406;193.0;16232.0;2017
3126505;1384.0;23716.0;2017
3126604;349.0;84774.0;2017
3126703;2354.0;205863.0;2017
3126752;643.0;61301.0;2017
3126802;443.0;55714.0;2017
3126901;283.0;43079.0;2017
3126950;401.0;10050.0;2017
3127008;314.0;11673.0;2017
3127057;345.0;21332.0;2017
3127073;722.0;32477.0;2017
3127107;1918.0;177712.0;2017
3127206;129.0;14401.0;2017
3127305;486.0;65834.0;2017
3127339;944.0;91999.0;2017
3127354;416.0;11870.0;2017
3127370;183.0;7883.0;2017
3127388;192.0;8604.0;2017
3127404;529.0;10458.0;2017
3127503;415.0;15007.0;2017
3127602;466.0;25263.0;2017
3127701;1710.0;177618.0;2017
3127800;1948.0;139662.0;2017
3127909;82.0;9538.0;2017
3128006;976.0;79675.0;2017
3128105;1594.0;48594.0;2017
3128204;1209.0;24599.0;2017
3128253;593.0;29642.0;2017
3128303;563.0;23691.0;2017
3128402;485.0;25947.0;2017
3128501;119.0;8237.0;2017
3128600;784.0;183412.0;2017
3128709;422.0;19501.0;2017
3128808;392.0;9536.0;2017
3128907;540.0;26024.0;2017
3129004;1248.0;20187.0;2017
3129103;1048.0;151238.0;2017
3129202;561.0;11529.0;2017
3129301;891.0;24880.0;2017
3129400;239.0;21292.0;2017
3129509;819.0;168521.0;2017
3129608;348.0;46886.0;2017
3129657;485.0;23149.0;2017
3129707;948.0;40111.0;2017
3129806;75.0;1683.0;2017
3129905;383.0;4549.0;2017
3130002;172.0;11264.0;2017
3130051;1161.0;44976.0;2017
3130101;174.0;3078.0;2017
3130200;448.0;19101.0;2017
3130309;460.0;46511.0;2017
3130408;122.0;4420.0;2017
3130507;1042.0;26950.0;2017
3130556;1064.0;14475.0;2017
3130606;870.0;10501.0;2017
3130655;1265.0;60711.0;2017
3130705;433.0;50117.0;2017
3130804;236.0;21908.0;2017
3130903;2509.0;50895.0;2017
3131000;183.0;21760.0;2017
3131109;254.0;44571.0;2017
3131158;140.0;7892.0;2017
3131208;939.0;39969.0;2017
3131307;114.0;5184.0;2017
3131406;152.0;31381.0;2017
3131505;461.0;18810.0;2017
3131604;507.0;25336.0;2017
3131703;1665.0;63331.0;2017
3131802;609.0;16622.0;2017
3131901;242.0;8972.0;2017
3132008;663.0;74524.0;2017
3132107;558.0;55390.0;2017
3132206;911.0;24078.0;2017
3132305;1180.0;30192.0;2017
3132404;784.0;18516.0;2017
3132503;2426.0;184410.0;2017
3132602;445.0;8785.0;2017
3132701;1491.0;134060.0;2017
3132800;443.0;18069.0;2017
3132909;793.0;17351.0;2017
3133006;559.0;16738.0;2017
3133105;265.0;8225.0;2017
3133204;594.0;34371.0;2017
3133303;897.0;40860.0;2017
3133402;1374.0;129343.0;2017
3133501;1202.0;69152.0;2017
3133600;498.0;9872.0;2017
3133709;236.0;9064.0;2017
3133758;147.0;12223.0;2017
3133808;618.0;28543.0;2017
3133907;339.0;9499.0;2017
3134004;1230.0;84427.0;2017
3134103;757.0;34232.0;2017
3134202;1465.0;215644.0;2017
3134301;348.0;14311.0;2017
3134400;558.0;122802.0;2017
3134509;288.0;21744.0;2017
3134608;736.0;25999.0;2017
3134707;757.0;93469.0;2017
3134806;1075.0;27249.0;2017
3134905;953.0;27608.0;2017
3135001;114.0;6330.0;2017
3135050;2620.0;180974.0;2017
3135076;472.0;42739.0;2017
3135100;1585.0;171387.0;2017
3135209;3418.0;325401.0;2017
3135308;181.0;11543.0;2017
3135357;1033.0;25614.0;2017
3135407;429.0;7422.0;2017
3135456;697.0;12000.0;2017
3135506;1253.0;33327.0;2017
3135605;415.0;45831.0;2017
3135704;419.0;23960.0;2017
3135803;1734.0;227272.0;2017
3135902;380.0;12236.0;2017
3136009;915.0;114253.0;2017
3136108;610.0;16801.0;2017
3136207;90.0;6735.0;2017
3136306;2634.0;808937.0;2017
3136405;279.0;35240.0;2017
3136504;611.0;39601.0;2017
3136520;601.0;20630.0;2017
3136553;319.0;11880.0;2017
3136579;670.0;51592.0;2017
3136603;490.0;8466.0;2017
3136652;42.0;2704.0;2017
3136702;1049.0;73609.0;2017
3136801;319.0;34086.0;2017
3136900;1177.0;15281.0;2017
3136959;445.0;60817.0;2017
3137007;2181.0;56130.0;2017
3137106;917.0;98102.0;2017
3137205;360.0;28167.0;2017
3137304;481.0;40087.0;2017
3137403;714.0;30003.0;2017
3137502;1464.0;63958.0;2017
3137536;697.0;83580.0;2017
3137601;116.0;8050.0;2017
3137700;1867.0;33047.0;2017
3137809;1300.0;13663.0;2017
3137908;351.0;7277.0;2017
3138005;704.0;16189.0;2017
3138104;647.0;212236.0;2017
3138203;808.0;36070.0;2017
3138302;265.0;23445.0;2017
3138351;327.0;10492.0;2017
3138401;1320.0;74469.0;2017
3138500;472.0;24416.0;2017
3138609;683.0;52615.0;2017
3138625;714.0;115151.0;2017
3138658;567.0;13959.0;2017
3138674;1113.0;11867.0;2017
3138682;443.0;27112.0;2017
3138708;276.0;31008.0;2017
3138807;833.0;103224.0;2017
3138906;347.0;34236.0;2017
3139003;1623.0;53435.0;2017
3139102;226.0;31266.0;2017
3139201;1270.0;48163.0;2017
3139250;1133.0;18461.0;2017
3139300;1006.0;95683.0;2017
3139409;2822.0;38681.0;2017
3139508;702.0;13582.0;2017
3139607;1165.0;46659.0;2017
3139706;278.0;19149.0;2017
3139805;428.0;31244.0;2017
3139904;627.0;10974.0;2017
3140001;564.0;31926.0;2017
3140100;142.0;14604.0;2017
3140159;140.0;927.0;2017
3140209;188.0;6380.0;2017
3140308;199.0;10892.0;2017
3140407;279.0;6206.0;2017
3140506;529.0;79959.0;2017
3140530;639.0;7965.0;2017
3140555;377.0;19390.0;2017
3140605;385.0;24541.0;2017
3140704;452.0;13936.0;2017
3140803;70.0;8929.0;2017
3140852;696.0;78969.0;2017
3140902;1043.0;20789.0;2017
3141009;1113.0;30911.0;2017
3141108;84.0;15948.0;2017
3141207;404.0;19827.0;2017
3141306;599.0;73265.0;2017
3141405;1658.0;102922.0;2017
3141504;562.0;26743.0;2017
3141603;710.0;20896.0;2017
3141702;637.0;19824.0;2017
3141801;3210.0;93601.0;2017
3141900;95.0;14368.0;2017
3142007;933.0;51994.0;2017
3142106;1016.0;26115.0;2017
3142205;747.0;29948.0;2017
3142254;545.0;31879.0;2017
3142304;130.0;3669.0;2017
3142403;310.0;17054.0;2017
3142502;144.0;22582.0;2017
3142601;367.0;15809.0;2017
3142700;1211.0;81989.0;2017
3142809;1773.0;200978.0;2017
3142908;2386.0;56606.0;2017
3143005;1444.0;31363.0;2017
3143104;1218.0;95300.0;2017
3143153;451.0;19034.0;2017
3143203;987.0;39446.0;2017
3143302;3562.0;221767.0;2017
3143401;929.0;23829.0;2017
3143450;1144.0;48259.0;2017
3143500;496.0;132021.0;2017
3143609;160.0;34586.0;2017
3143708;231.0;18766.0;2017
3143807;550.0;12038.0;2017
3143906;1894.0;58608.0;2017
3144003;3049.0;96348.0;2017
3144102;1185.0;23432.0;2017
3144201;195.0;17590.0;2017
3144300;595.0;160473.0;2017
3144359;99.0;10630.0;2017
3144375;202.0;35569.0;2017
3144409;721.0;11876.0;2017
3144508;523.0;23593.0;2017
3144607;1532.0;43003.0;2017
3144656;1004.0;54275.0;2017
3144672;655.0;10894.0;2017
3144706;201.0;29491.0;2017
3144805;56.0;4331.0;2017
3144904;293.0;31504.0;2017
3145000;364.0;77133.0;2017
3145059;500.0;9314.0;2017
3145109;2718.0;32116.0;2017
3145208;294.0;14463.0;2017
3145307;2979.0;85876.0;2017
3145356;550.0;46658.0;2017
3145372;377.0;15194.0;2017
3145406;231.0;12000.0;2017
3145455;890.0;150495.0;2017
3145505;93.0;3972.0;2017
3145604;1202.0;63042.0;2017
3145703;178.0;6477.0;2017
3145802;283.0;14922.0;2017
3145851;199.0;5653.0;2017
3145877;952.0;8914.0;2017
3145901;269.0;6645.0;2017
3146008;1924.0;40447.0;2017
3146107;728.0;17192.0;2017
3146206;546.0;13365.0;2017
3146255;385.0;11105.0;2017
3146305;777.0;23390.0;2017
3146404;476.0;54031.0;2017
3146503;320.0;24729.0;2017
3146552;1198.0;56818.0;2017
3146602;138.0;4149.0;2017
3146701;635.0;27358.0;2017
3146750;647.0;29283.0;2017
3146909;308.0;38274.0;2017
3147006;2218.0;532057.0;2017
3147105;795.0;39128.0;2017
3147204;1345.0;33679.0;2017
3147303;1102.0;26499.0;2017
3147402;396.0;43345.0;2017
3147501;155.0;6340.0;2017
3147600;350.0;15549.0;2017
3147709;574.0;27587.0;2017
3147808;216.0;10007.0;2017
3147907;1528.0;103103.0;2017
3147956;389.0;25128.0;2017
3148004;3779.0;245030.0;2017
3148103;2810.0;193445.0;2017
3148202;699.0;10403.0;2017
3148301;884.0;16798.0;2017
3148400;268.0;16047.0;2017
3148509;538.0;59911.0;2017
3148608;1261.0;71476.0;2017
3148707;671.0;117527.0;2017
3148756;1353.0;10333.0;2017
3148806;448.0;11672.0;2017
3148905;578.0;23494.0;2017
3149002;259.0;4975.0;2017
3149101;870.0;13292.0;2017
3149150;1024.0;122044.0;2017
3149200;176.0;30358.0;2017
3149309;184.0;14294.0;2017
3149408;165.0;7475.0;2017
3149507;107.0;10032.0;2017
3149606;244.0;13865.0;2017
3149705;407.0;15197.0;2017
3149804;1319.0;166985.0;2017
3149903;703.0;21666.0;2017
3149952;160.0;17215.0;2017
3150000;167.0;27351.0;2017
3150109;280.0;12596.0;2017
3150158;533.0;9604.0;2017
3150208;111.0;7237.0;2017
3150307;204.0;15385.0;2017
3150406;700.0;11881.0;2017
3150505;629.0;29547.0;2017
3150539;108.0;4928.0;2017
3150570;1145.0;67890.0;2017
3150604;482.0;14326.0;2017
3150703;79.0;31956.0;2017
3150802;2324.0;30744.0;2017
3150901;551.0;11384.0;2017
3151008;426.0;10033.0;2017
3151107;211.0;14255.0;2017
3151206;269.0;35895.0;2017
3151305;423.0;9498.0;2017
3151404;494.0;40090.0;2017
3151503;928.0;67395.0;2017
3151602;112.0;21873.0;2017
3151701;1972.0;37130.0;2017
3151800;296.0;37592.0;2017
3151909;990.0;57297.0;2017
3152006;815.0;175127.0;2017
3152105;1006.0;31825.0;2017
3152131;248.0;32847.0;2017
3152170;1053.0;64156.0;2017
3152204;3241.0;97777.0;2017
3152303;1123.0;18718.0;2017
3152402;1056.0;44613.0;2017
3152501;1954.0;32033.0;2017
3152600;548.0;15878.0;2017
3152709;344.0;12746.0;2017
3152808;1793.0;392156.0;2017
3152907;451.0;15494.0;2017
3153004;471.0;37766.0;2017
3153103;875.0;13509.0;2017
3153202;167.0;34022.0;2017
3153301;107.0;6686.0;2017
3153400;2406.0;260400.0;2017
3153509;679.0;11376.0;2017
3153608;58.0;8586.0;2017
3153707;368.0;46156.0;2017
3153806;193.0;6436.0;2017
3153905;18.0;314.0;2017
3154002;2332.0;63260.0;2017
3154101;253.0;18948.0;2017
3154150;393.0;9537.0;2017
3154200;935.0;35825.0;2017
3154309;945.0;79945.0;2017
3154408;362.0;10645.0;2017
3154457;994.0;145853.0;2017
3154507;1230.0;73462.0;2017
3154606;142.0;4326.0;2017
3154705;94.0;3183.0;2017
3154804;97.0;3642.0;2017
3154903;425.0;35964.0;2017
3155009;194.0;8666.0;2017
3155108;275.0;30072.0;2017
3155207;1128.0;14217.0;2017
3155306;389.0;8581.0;2017
3155405;220.0;14931.0;2017
3155504;1080.0;105902.0;2017
3155603;3429.0;144153.0;2017
3155702;411.0;18566.0;2017
3155801;531.0;15249.0;2017
3155900;297.0;23699.0;2017
3156007;1088.0;58926.0;2017
3156106;367.0;24205.0;2017
3156205;71.0;5027.0;2017
3156304;123.0;4247.0;2017
3156403;196.0;32038.0;2017
3156452;399.0;5886.0;2017
3156502;1219.0;89241.0;2017
3156601;748.0;71482.0;2017
3156700;229.0;3998.0;2017
3156809;1300.0;73989.0;2017
3156908;1312.0;224041.0;2017
3157005;1970.0;105862.0;2017
3157104;325.0;85430.0;2017
3157203;297.0;22469.0;2017
3157252;973.0;9092.0;2017
3157278;291.0;24439.0;2017
3157302;526.0;13655.0;2017
3157336;1.0;;2017
3157377;877.0;29463.0;2017
3157401;402.0;17491.0;2017
3157500;201.0;8028.0;2017
3157609;500.0;180976.0;2017
3157658;293.0;23598.0;2017
3157708;367.0;52983.0;2017
3157807;220.0;6928.0;2017
3157906;2068.0;20286.0;2017
3158003;623.0;35782.0;2017
3158102;339.0;26582.0;2017
3158201;694.0;37583.0;2017
3158300;363.0;15150.0;2017
3158409;450.0;15777.0;2017
3158508;1123.0;59969.0;2017
3158607;69.0;14127.0;2017
3158706;155.0;11254.0;2017
3158805;129.0;8179.0;2017
3158904;1215.0;26718.0;2017
3158953;215.0;18319.0;2017
3159001;240.0;19125.0;2017
3159100;459.0;9697.0;2017
3159209;1116.0;38041.0;2017
3159308;483.0;29959.0;2017
3159357;263.0;5760.0;2017
3159407;388.0;19730.0;2017
3159506;731.0;33520.0;2017
3159605;898.0;25835.0;2017
3159704;426.0;24088.0;2017
3159803;972.0;234571.0;2017
3159902;529.0;36334.0;2017
3160009;314.0;16733.0;2017
3160108;239.0;11399.0;2017
3160207;192.0;12097.0;2017
3160306;1099.0;37234.0;2017
3160405;1341.0;83261.0;2017
3160454;874.0;17591.0;2017
3160504;156.0;6706.0;2017
3160603;154.0;37368.0;2017
3160702;541.0;38617.0;2017
3160801;72.0;5565.0;2017
3160900;134.0;3531.0;2017
3160959;625.0;4071.0;2017
3161007;1165.0;43043.0;2017
3161056;302.0;11345.0;2017
3161106;4207.0;180163.0;2017
3161205;460.0;24002.0;2017
3161304;456.0;78241.0;2017
3161403;408.0;12644.0;2017
3161502;460.0;11989.0;2017
3161601;300.0;12912.0;2017
3161650;296.0;23468.0;2017
3161700;396.0;178905.0;2017
3161809;390.0;16652.0;2017
3161908;445.0;15914.0;2017
3162005;576.0;40388.0;2017
3162104;998.0;65156.0;2017
3162203;354.0;31212.0;2017
3162252;779.0;62379.0;2017
3162302;307.0;9225.0;2017
3162401;3311.0;143516.0;2017
3162450;1205.0;16929.0;2017
3162500;953.0;60801.0;2017
3162559;914.0;8902.0;2017
3162575;236.0;11043.0;2017
3162609;315.0;9303.0;2017
3162658;458.0;30081.0;2017
3162708;2695.0;105741.0;2017
3162807;659.0;37296.0;2017
3162906;612.0;27940.0;2017
3162922;120.0;1734.0;2017
3162948;447.0;19376.0;2017
3162955;31.0;1001.0;2017
3163003;81.0;18148.0;2017
3163102;258.0;16646.0;2017
3163201;237.0;6102.0;2017
3163300;337.0;30770.0;2017
3163409;437.0;22255.0;2017
3163508;651.0;25241.0;2017
3163607;296.0;4272.0;2017
3163706;76.0;2817.0;2017
3163805;846.0;12310.0;2017
3163904;1049.0;23621.0;2017
3164001;369.0;37805.0;2017
3164100;375.0;20837.0;2017
3164209;725.0;147315.0;2017
3164308;1055.0;86696.0;2017
3164407;275.0;12156.0;2017
3164431;516.0;6317.0;2017
3164472;599.0;5433.0;2017
3164506;1155.0;29040.0;2017
3164605;798.0;29761.0;2017
3164704;1115.0;60127.0;2017
3164803;261.0;8643.0;2017
3164902;280.0;6983.0;2017
3165008;908.0;35443.0;2017
3165107;444.0;19842.0;2017
3165206;432.0;17116.0;2017
3165305;226.0;25690.0;2017
3165404;289.0;18497.0;2017
3165503;313.0;8567.0;2017
3165537;72.0;980.0;2017
3165552;1279.0;31384.0;2017
3165560;421.0;11447.0;2017
3165578;590.0;6776.0;2017
3165602;115.0;7341.0;2017
3165701;226.0;6323.0;2017
3165800;272.0;5361.0;2017
3165909;771.0;46464.0;2017
3166006;307.0;8318.0;2017
3166105;286.0;25175.0;2017
3166204;1100.0;12815.0;2017
3166303;766.0;11511.0;2017
3166402;106.0;6057.0;2017
3166501;354.0;14005.0;2017
3166600;156.0;30488.0;2017
3166709;100.0;17800.0;2017
3166808;918.0;95825.0;2017
3166907;227.0;17400.0;2017
3166956;713.0;24487.0;2017
3167004;171.0;15816.0;2017
3167103;1683.0;48149.0;2017
3167202;651.0;25458.0;2017
3167301;236.0;11969.0;2017
3167400;1053.0;26743.0;2017
3167509;64.0;10346.0;2017
3167608;2431.0;35216.0;2017
3167707;417.0;17623.0;2017
3167806;497.0;13839.0;2017
3167905;272.0;12968.0;2017
3168002;1160.0;80170.0;2017
3168051;333.0;14564.0;2017
3168101;447.0;73901.0;2017
3168200;328.0;30212.0;2017
3168309;203.0;14868.0;2017
3168408;955.0;53796.0;2017
3168507;722.0;10568.0;2017
3168606;2717.0;235159.0;2017
3168705;70.0;1621.0;2017
3168804;103.0;2735.0;2017
3168903;1110.0;121647.0;2017
3169000;569.0;11873.0;2017
3169059;617.0;8060.0;2017
3169109;523.0;7197.0;2017
3169208;586.0;25054.0;2017
3169307;859.0;56471.0;2017
3169356;348.0;139334.0;2017
3169406;1091.0;50217.0;2017
3169505;461.0;41688.0;2017
3169604;642.0;127593.0;2017
3169703;1247.0;57108.0;2017
3169802;559.0;17120.0;2017
3169901;541.0;19601.0;2017
3170008;1024.0;63348.0;2017
3170057;1018.0;14066.0;2017
3170107;2073.0;377414.0;2017
3170206;2706.0;298749.0;2017
3170305;167.0;33820.0;2017
3170404;3849.0;616361.0;2017
3170438;511.0;105945.0;2017
3170479;479.0;38567.0;2017
3170503;233.0;9077.0;2017
3170529;1334.0;149069.0;2017
3170578;269.0;7675.0;2017
3170602;181.0;26091.0;2017
3170651;517.0;38027.0;2017
3170701;462.0;28483.0;2017
3170750;323.0;48454.0;2017
3170800;766.0;158115.0;2017
3170909;1139.0;37105.0;2017
3171006;990.0;152183.0;2017
3171030;745.0;142694.0;2017
3171071;684.0;37499.0;2017
3171105;523.0;84777.0;2017
3171154;732.0;8888.0;2017
3171204;37.0;818.0;2017
3171303;909.0;14901.0;2017
3171402;595.0;9204.0;2017
3171501;84.0;16684.0;2017
3171600;1108.0;42213.0;2017
3171709;1146.0;25309.0;2017
3171808;529.0;29187.0;2017
3171907;365.0;22081.0;2017
3172004;800.0;15232.0;2017
3172103;131.0;17532.0;2017
3172202;173.0;6010.0;2017
3200102;3136.0;66227.0;2017
3200136;1539.0;26502.0;2017
3200169;1350.0;30732.0;2017
3200201;2318.0;62708.0;2017
3200300;1799.0;34344.0;2017
3200359;853.0;18142.0;2017
3200409;904.0;25783.0;2017
3200508;674.0;15449.0;2017
3200607;1036.0;89263.0;2017
3200706;501.0;17325.0;2017
3200805;1216.0;66854.0;2017
3200904;2748.0;67298.0;2017
3201001;1039.0;31272.0;2017
3201100;192.0;6621.0;2017
3201159;862.0;21788.0;2017
3201209;1968.0;58876.0;2017
3201308;465.0;8934.0;2017
3201407;2460.0;45280.0;2017
3201506;2409.0;87857.0;2017
3201605;646.0;100052.0;2017
3201704;1046.0;26241.0;2017
3201803;657.0;10675.0;2017
3201902;4511.0;74029.0;2017
3202009;662.0;11715.0;2017
3202108;2008.0;191445.0;2017
3202207;455.0;15498.0;2017
3202256;1127.0;26249.0;2017
3202306;1492.0;38130.0;2017
3202405;772.0;20205.0;2017
3202454;1839.0;18490.0;2017
3202504;382.0;13393.0;2017
3202553;1117.0;18393.0;2017
3202603;1023.0;14616.0;2017
3202652;1147.0;13832.0;2017
3202702;1626.0;33469.0;2017
3202801;997.0;41913.0;2017
3202900;1221.0;19694.0;2017
3203007;2141.0;28581.0;2017
3203056;1516.0;56239.0;2017
3203106;797.0;13590.0;2017
3203130;376.0;16422.0;2017
3203163;1935.0;33562.0;2017
3203205;2341.0;231619.0;2017
3203304;1390.0;26369.0;2017
3203320;1399.0;8098.0;2017
3203346;916.0;17124.0;2017
3203353;804.0;23178.0;2017
3203403;3200.0;70511.0;2017
3203502;1016.0;111440.0;2017
3203601;612.0;60548.0;2017
3203700;2379.0;49334.0;2017
3203809;1251.0;23890.0;2017
3203908;3090.0;87904.0;2017
3204005;2000.0;56229.0;2017
3204054;434.0;40348.0;2017
3204104;1010.0;83851.0;2017
3204203;160.0;4189.0;2017
3204252;394.0;36849.0;2017
3204302;699.0;37238.0;2017
3204351;1932.0;47234.0;2017
3204401;673.0;13763.0;2017
3204500;2296.0;39844.0;2017
3204559;5183.0;50263.0;2017
3204609;2012.0;38622.0;2017
3204658;1135.0;24001.0;2017
3204708;1732.0;35401.0;2017
3204807;787.0;23613.0;2017
3204906;4189.0;174663.0;2017
3204955;1029.0;24064.0;2017
3205002;269.0;21425.0;2017
3205010;656.0;29743.0;2017
3205036;1255.0;19989.0;2017
3205069;715.0;14072.0;2017
3205101;624.0;24536.0;2017
3205150;1447.0;30448.0;2017
3205176;1796.0;37909.0;2017
3205200;211.0;10600.0;2017
3205309;16.0;167.0;2017
3300100;420.0;13814.0;2017
3300159;288.0;5707.0;2017
3300209;830.0;28308.0;2017
3300225;84.0;6139.0;2017
3300233;20.0;792.0;2017
3300258;7.0;2.0;2017
3300308;348.0;34575.0;2017
3300407;760.0;38547.0;2017
3300456;17.0;85.0;2017
3300506;1006.0;20274.0;2017
3300605;1111.0;48851.0;2017
3300704;349.0;18577.0;2017
3300803;2162.0;39370.0;2017
3300902;1151.0;46746.0;2017
3300936;549.0;16244.0;2017
3300951;86.0;7105.0;2017
3301009;7789.0;256318.0;2017
3301108;942.0;59312.0;2017
3301157;588.0;34217.0;2017
3301207;476.0;25517.0;2017
3301306;291.0;33594.0;2017
3301405;335.0;21932.0;2017
3301504;184.0;9800.0;2017
3301603;570.0;28159.0;2017
3301702;388.0;5557.0;2017
3301801;67.0;5512.0;2017
3301850;258.0;17371.0;2017
3301876;66.0;1070.0;2017
3301900;448.0;16470.0;2017
3302007;434.0;9340.0;2017
3302056;409.0;17978.0;2017
3302106;1497.0;38083.0;2017
3302205;1596.0;88898.0;2017
3302254;72.0;6231.0;2017
3302270;284.0;1840.0;2017
3302304;349.0;14765.0;2017
3302403;886.0;71198.0;2017
3302452;73.0;6914.0;2017
3302502;1040.0;11795.0;2017
3302601;280.0;9451.0;2017
3302700;294.0;10369.0;2017
3302809;41.0;3693.0;2017
3302858;56.0;137.0;2017
3302908;203.0;18289.0;2017
3303005;387.0;26724.0;2017
3303104;703.0;29640.0;2017
3303302;22.0;654.0;2017
3303401;2057.0;23199.0;2017
3303500;576.0;3580.0;2017
3303609;374.0;6066.0;2017
3303708;314.0;36440.0;2017
3303807;601.0;30486.0;2017
3303856;734.0;20051.0;2017
3303906;768.0;21246.0;2017
3303955;112.0;5546.0;2017
3304003;596.0;29557.0;2017
3304102;1091.0;25143.0;2017
3304110;52.0;2521.0;2017
3304128;391.0;23742.0;2017
3304144;138.0;827.0;2017
3304151;305.0;23150.0;2017
3304201;519.0;52642.0;2017
3304300;637.0;28934.0;2017
3304409;663.0;54517.0;2017
3304508;228.0;38335.0;2017
3304524;208.0;13525.0;2017
3304557;1101.0;7157.0;2017
3304607;951.0;52067.0;2017
3304706;1082.0;41828.0;2017
3304755;3693.0;65839.0;2017
3304805;1766.0;70104.0;2017
3304904;288.0;5864.0;2017
3305000;692.0;6390.0;2017
3305109;1.0;;2017
3305133;533.0;18373.0;2017
3305158;689.0;14589.0;2017
3305208;289.0;12972.0;2017
3305307;776.0;32899.0;2017
3305406;684.0;36946.0;2017
3305505;454.0;9162.0;2017
3305554;444.0;9302.0;2017
3305604;686.0;61440.0;2017
3305703;2674.0;29938.0;2017
3305752;441.0;9944.0;2017
3305802;3492.0;16601.0;2017
3305901;1101.0;46369.0;2017
3306008;305.0;23257.0;2017
3306107;1143.0;92017.0;2017
3306156;676.0;13566.0;2017
3306206;435.0;43777.0;2017
3306305;248.0;9503.0;2017
3500105;529.0;37276.0;2017
3500204;82.0;14304.0;2017
3500303;507.0;35723.0;2017
3500402;113.0;7826.0;2017
3500501;69.0;1960.0;2017
3500550;212.0;32011.0;2017
3500709;301.0;75677.0;2017
3500758;168.0;14587.0;2017
3500808;235.0;8047.0;2017
3500907;103.0;27783.0;2017
3501004;282.0;83453.0;2017
3501103;468.0;22620.0;2017
3501152;8.0;3241.0;2017
3501202;508.0;29370.0;2017
3501301;660.0;23806.0;2017
3501400;93.0;13453.0;2017
3501509;102.0;6609.0;2017
3501608;42.0;2390.0;2017
3501707;17.0;12527.0;2017
3501806;374.0;23112.0;2017
3501905;525.0;32526.0;2017
3502002;116.0;23619.0;2017
3502101;838.0;65400.0;2017
3502200;931.0;85119.0;2017
3502309;184.0;44789.0;2017
3502408;223.0;24201.0;2017
3502507;83.0;6335.0;2017
3502606;397.0;14758.0;2017
3502705;534.0;33121.0;2017
3502754;10.0;372.0;2017
3502804;1020.0;74254.0;2017
3502903;315.0;11833.0;2017
3503000;82.0;17056.0;2017
3503109;185.0;18203.0;2017
3503158;83.0;8395.0;2017
3503208;711.0;55884.0;2017
3503307;358.0;50483.0;2017
3503356;191.0;24599.0;2017
3503406;645.0;41926.0;2017
3503505;82.0;16932.0;2017
3503604;21.0;6595.0;2017
3503703;106.0;12621.0;2017
3503802;568.0;10442.0;2017
3503901;127.0;473.0;2017
3503950;142.0;7101.0;2017
3504008;389.0;28580.0;2017
3504107;600.0;12043.0;2017
3504206;349.0;33857.0;2017
3504305;374.0;42412.0;2017
3504404;170.0;35858.0;2017
3504503;665.0;99611.0;2017
3504602;153.0;7640.0;2017
3504701;64.0;7245.0;2017
3504800;252.0;12205.0;2017
3504909;236.0;18523.0;2017
3505005;219.0;7462.0;2017
3505104;109.0;9604.0;2017
3505203;369.0;35861.0;2017
3505302;55.0;9684.0;2017
3505351;441.0;18902.0;2017
3505401;547.0;49606.0;2017
3505500;975.0;135743.0;2017
3505609;22.0;11095.0;2017
3505807;382.0;12913.0;2017
3505906;376.0;65138.0;2017
3506003;395.0;40587.0;2017
3506102;599.0;61237.0;2017
3506201;55.0;23543.0;2017
3506300;254.0;16727.0;2017
3506359;1.0;;2017
3506409;263.0;12892.0;2017
3506508;650.0;44323.0;2017
3506607;433.0;8995.0;2017
3506706;167.0;62742.0;2017
3506805;131.0;29898.0;2017
3506904;227.0;38210.0;2017
3507001;191.0;11271.0;2017
3507100;65.0;1606.0;2017
3507159;56.0;7125.0;2017
3507209;38.0;7640.0;2017
3507308;72.0;8061.0;2017
3507407;410.0;43833.0;2017
3507456;70.0;25619.0;2017
3507506;359.0;96106.0;2017
3507605;583.0;23361.0;2017
3507704;156.0;15252.0;2017
3507753;91.0;9250.0;2017
3507803;153.0;18841.0;2017
3507902;396.0;91715.0;2017
3508009;530.0;95039.0;2017
3508108;397.0;22537.0;2017
3508207;153.0;22098.0;2017
3508306;99.0;13751.0;2017
3508405;102.0;9744.0;2017
3508504;119.0;15035.0;2017
3508603;254.0;18445.0;2017
3508702;1262.0;32746.0;2017
3508801;253.0;72908.0;2017
3508900;189.0;12904.0;2017
3509007;18.0;3706.0;2017
3509106;658.0;50996.0;2017
3509205;72.0;559.0;2017
3509254;520.0;19656.0;2017
3509304;181.0;17155.0;2017
3509403;736.0;56398.0;2017
3509452;141.0;14588.0;2017
3509502;582.0;37444.0;2017
3509601;15.0;368.0;2017
3509700;34.0;1364.0;2017
3509809;191.0;33018.0;2017
3509908;115.0;30480.0;2017
3509957;41.0;2679.0;2017
3510005;351.0;39481.0;2017
3510104;134.0;5898.0;2017
3510153;21.0;6143.0;2017
3510203;760.0;104229.0;2017
3510302;157.0;7177.0;2017
3510401;133.0;19463.0;2017
3510500;87.0;7007.0;2017
3510708;263.0;40491.0;2017
3510807;504.0;70107.0;2017
3510906;320.0;13871.0;2017
3511003;1199.0;68071.0;2017
3511102;157.0;21100.0;2017
3511201;48.0;9802.0;2017
3511300;298.0;18390.0;2017
3511409;394.0;40462.0;2017
3511508;180.0;7593.0;2017
3511607;197.0;10121.0;2017
3511706;107.0;11267.0;2017
3511904;127.0;16180.0;2017
3512001;200.0;38503.0;2017
3512100;221.0;64576.0;2017
3512209;359.0;14627.0;2017
3512308;509.0;21994.0;2017
3512407;120.0;7819.0;2017
3512506;332.0;23569.0;2017
3512605;284.0;24257.0;2017
3512704;355.0;20654.0;2017
3512803;178.0;9066.0;2017
3512902;598.0;31633.0;2017
3513009;183.0;1836.0;2017
3513108;113.0;32514.0;2017
3513207;444.0;26596.0;2017
3513306;97.0;10429.0;2017
3513405;192.0;13505.0;2017
3513504;3.0;316.0;2017
3513603;2287.0;81219.0;2017
3513702;396.0;51550.0;2017
3513801;16.0;1.0;2017
3513850;131.0;7204.0;2017
3513900;633.0;13968.0;2017
3514007;29.0;10479.0;2017
3514106;367.0;46526.0;2017
3514205;107.0;6571.0;2017
3514304;63.0;19056.0;2017
3514403;572.0;42546.0;2017
3514502;248.0;21313.0;2017
3514601;178.0;9770.0;2017
3514700;272.0;42771.0;2017
3514809;848.0;44205.0;2017
3514908;295.0;11740.0;2017
3514924;49.0;5882.0;2017
3514957;63.0;6773.0;2017
3515004;27.0;299.0;2017
3515103;105.0;1497.0;2017
3515129;194.0;17992.0;2017
3515152;317.0;7012.0;2017
3515186;481.0;33384.0;2017
3515194;97.0;17731.0;2017
3515202;270.0;21144.0;2017
3515301;136.0;20010.0;2017
3515350;751.0;46100.0;2017
3515400;475.0;23136.0;2017
3515509;584.0;42454.0;2017
3515608;313.0;17052.0;2017
3515657;205.0;8573.0;2017
3515707;16.0;101.0;2017
3515806;109.0;17869.0;2017
3515905;230.0;14456.0;2017
3516002;512.0;45109.0;2017
3516101;46.0;13811.0;2017
3516200;541.0;37500.0;2017
3516309;26.0;116.0;2017
3516408;137.0;961.0;2017
3516507;178.0;15668.0;2017
3516606;316.0;30091.0;2017
3516705;578.0;48127.0;2017
3516804;209.0;14170.0;2017
3516853;56.0;22542.0;2017
3516903;354.0;44455.0;2017
3517000;218.0;63066.0;2017
3517109;248.0;18712.0;2017
3517208;124.0;14403.0;2017
3517307;86.0;18313.0;2017
3517406;313.0;111067.0;2017
3517505;510.0;31190.0;2017
3517604;819.0;17361.0;2017
3517703;146.0;27429.0;2017
3517802;402.0;45637.0;2017
3517901;189.0;46787.0;2017
3518008;93.0;10059.0;2017
3518107;298.0;35557.0;2017
3518206;362.0;79032.0;2017
3518305;221.0;11449.0;2017
3518404;372.0;39546.0;2017
3518503;764.0;49208.0;2017
3518602;82.0;22544.0;2017
3518701;9.0;93.0;2017
3518800;83.0;704.0;2017
3518859;169.0;26623.0;2017
3518909;165.0;21633.0;2017
3519006;428.0;35533.0;2017
3519055;218.0;3114.0;2017
3519071;19.0;328.0;2017
3519105;171.0;36020.0;2017
3519204;241.0;23768.0;2017
3519253;432.0;40221.0;2017
3519303;57.0;24593.0;2017
3519402;244.0;21390.0;2017
3519501;139.0;16593.0;2017
3519600;403.0;50621.0;2017
3519709;1240.0;18392.0;2017
3519808;86.0;26680.0;2017
3519907;266.0;38385.0;2017
3520004;42.0;7151.0;2017
3520103;209.0;34358.0;2017
3520202;120.0;13234.0;2017
3520301;476.0;36614.0;2017
3520400;13.0;1279.0;2017
3520426;6.0;8.0;2017
3520442;342.0;42458.0;2017
3520509;332.0;15556.0;2017
3520608;215.0;10199.0;2017
3520707;201.0;17810.0;2017
3520806;114.0;8439.0;2017
3520905;42.0;14224.0;2017
3521002;160.0;4538.0;2017
3521101;219.0;13107.0;2017
3521150;152.0;9036.0;2017
3521200;363.0;23551.0;2017
3521309;105.0;38996.0;2017
3521408;28.0;7887.0;2017
3521507;211.0;19157.0;2017
3521606;379.0;18642.0;2017
3521705;946.0;86210.0;2017
3521804;613.0;77833.0;2017
3521903;595.0;38579.0;2017
3522000;205.0;15941.0;2017
3522109;57.0;3495.0;2017
3522158;127.0;9106.0;2017
3522208;87.0;680.0;2017
3522307;1291.0;125523.0;2017
3522406;1231.0;137112.0;2017
3522505;5.0;21.0;2017
3522604;495.0;38508.0;2017
3522653;310.0;25016.0;2017
3522703;782.0;81236.0;2017
3522802;924.0;33232.0;2017
3522901;80.0;9665.0;2017
3523008;261.0;22837.0;2017
3523107;49.0;346.0;2017
3523206;682.0;87084.0;2017
3523305;214.0;5768.0;2017
3523404;331.0;17196.0;2017
3523503;216.0;66641.0;2017
3523602;228.0;41741.0;2017
3523701;205.0;11293.0;2017
3523800;125.0;8786.0;2017
3523909;247.0;29472.0;2017
3524006;116.0;7501.0;2017
3524105;247.0;64248.0;2017
3524204;136.0;24598.0;2017
3524303;301.0;67115.0;2017
3524402;398.0;19382.0;2017
3524501;163.0;11532.0;2017
3524600;505.0;23000.0;2017
3524709;67.0;6105.0;2017
3524808;1012.0;31662.0;2017
3524907;105.0;10020.0;2017
3525102;231.0;39072.0;2017
3525201;188.0;5606.0;2017
3525300;333.0;52945.0;2017
3525409;80.0;10916.0;2017
3525508;210.0;14451.0;2017
3525607;283.0;36866.0;2017
3525706;648.0;69919.0;2017
3525805;58.0;11729.0;2017
3525854;113.0;3220.0;2017
3525904;399.0;8182.0;2017
3526001;537.0;48886.0;2017
3526100;376.0;31043.0;2017
3526209;123.0;8199.0;2017
3526308;257.0;13028.0;2017
3526407;461.0;23917.0;2017
3526506;276.0;33637.0;2017
3526605;61.0;6364.0;2017
3526704;267.0;28971.0;2017
3526803;273.0;79229.0;2017
3526902;936.0;25668.0;2017
3527009;64.0;1966.0;2017
3527108;137.0;29999.0;2017
3527207;189.0;21151.0;2017
3527256;112.0;8271.0;2017
3527306;136.0;1213.0;2017
3527405;443.0;24773.0;2017
3527504;133.0;15348.0;2017
3527603;55.0;45522.0;2017
3527702;182.0;19111.0;2017
3527801;192.0;16644.0;2017
3527900;159.0;38551.0;2017
3528007;79.0;17623.0;2017
3528106;451.0;20252.0;2017
3528205;327.0;26092.0;2017
3528304;172.0;31950.0;2017
3528403;117.0;5745.0;2017
3528502;72.0;988.0;2017
3528601;191.0;14631.0;2017
3528700;489.0;66380.0;2017
3528809;217.0;36866.0;2017
3528858;148.0;8070.0;2017
3528908;387.0;16640.0;2017
3529005;881.0;105699.0;2017
3529104;155.0;6796.0;2017
3529203;559.0;101288.0;2017
3529302;171.0;37313.0;2017
3529401;34.0;53.0;2017
3529500;285.0;12615.0;2017
3529609;205.0;20637.0;2017
3529658;198.0;12421.0;2017
3529708;195.0;61275.0;2017
3529807;94.0;17491.0;2017
3529906;675.0;23171.0;2017
3530003;221.0;14391.0;2017
3530102;1013.0;59871.0;2017
3530201;2097.0;98859.0;2017
3530300;359.0;16995.0;2017
3530409;193.0;12090.0;2017
3530508;454.0;59942.0;2017
3530607;1379.0;30842.0;2017
3530706;509.0;61533.0;2017
3530805;716.0;29823.0;2017
3530904;54.0;8782.0;2017
3531001;112.0;6624.0;2017
3531100;43.0;218.0;2017
3531209;148.0;3820.0;2017
3531308;497.0;27463.0;2017
3531407;825.0;46879.0;2017
3531506;220.0;24081.0;2017
3531605;265.0;21279.0;2017
3531704;139.0;12696.0;2017
3531803;226.0;11547.0;2017
3531902;208.0;114343.0;2017
3532009;145.0;6341.0;2017
3532058;184.0;11024.0;2017
3532108;489.0;21984.0;2017
3532157;56.0;18981.0;2017
3532207;138.0;42400.0;2017
3532306;563.0;44281.0;2017
3532405;298.0;6210.0;2017
3532504;274.0;21299.0;2017
3532603;673.0;34837.0;2017
3532702;136.0;15268.0;2017
3532801;209.0;17264.0;2017
3532827;154.0;28527.0;2017
3532843;342.0;10468.0;2017
3532868;106.0;10490.0;2017
3532900;76.0;15106.0;2017
3533007;430.0;41161.0;2017
3533106;89.0;2820.0;2017
3533205;127.0;22326.0;2017
3533254;91.0;7587.0;2017
3533304;98.0;8231.0;2017
3533403;36.0;907.0;2017
3533502;669.0;72359.0;2017
3533601;197.0;26104.0;2017
3533700;340.0;31100.0;2017
3533809;336.0;20088.0;2017
3533908;605.0;68191.0;2017
3534005;73.0;16876.0;2017
3534104;97.0;20604.0;2017
3534203;110.0;23392.0;2017
3534302;89.0;25422.0;2017
3534401;16.0;1.0;2017
3534500;187.0;17660.0;2017
3534609;660.0;19416.0;2017
3534708;173.0;19358.0;2017
3534757;231.0;22824.0;2017
3534807;162.0;26210.0;2017
3534906;539.0;32712.0;2017
3535002;642.0;64580.0;2017
3535101;31.0;6515.0;2017
3535200;784.0;28090.0;2017
3535309;401.0;46481.0;2017
3535408;134.0;31351.0;2017
3535507;613.0;96265.0;2017
3535606;368.0;33273.0;2017
3535705;81.0;10935.0;2017
3535804;582.0;78678.0;2017
3535903;156.0;13179.0;2017
3536000;505.0;30722.0;2017
3536109;99.0;19760.0;2017
3536208;321.0;13943.0;2017
3536257;193.0;7295.0;2017
3536307;375.0;42619.0;2017
3536406;246.0;24155.0;2017
3536505;42.0;1897.0;2017
3536570;168.0;21419.0;2017
3536604;186.0;71585.0;2017
3536703;613.0;52230.0;2017
3536802;266.0;7864.0;2017
3536901;355.0;23828.0;2017
3537008;429.0;51577.0;2017
3537107;64.0;5251.0;2017
3537156;116.0;10630.0;2017
3537206;183.0;5642.0;2017
3537305;645.0;48757.0;2017
3537404;446.0;66229.0;2017
3537503;269.0;13021.0;2017
3537602;104.0;3780.0;2017
3537701;228.0;20601.0;2017
3537800;1722.0;27712.0;2017
3537909;692.0;49254.0;2017
3538006;301.0;38397.0;2017
3538105;180.0;12638.0;2017
3538204;307.0;6633.0;2017
3538303;329.0;36236.0;2017
3538501;87.0;6064.0;2017
3538600;305.0;15546.0;2017
3538709;691.0;94188.0;2017
3538808;420.0;31376.0;2017
3538907;331.0;73159.0;2017
3539004;311.0;18420.0;2017
3539103;11.0;706.0;2017
3539202;255.0;36119.0;2017
3539301;579.0;56335.0;2017
3539400;339.0;31472.0;2017
3539509;222.0;31939.0;2017
3539608;118.0;27051.0;2017
3539707;220.0;27026.0;2017
3539806;7.0;41.0;2017
3539905;203.0;10392.0;2017
3540002;296.0;75076.0;2017
3540101;137.0;11670.0;2017
3540200;50.0;18736.0;2017
3540259;233.0;17329.0;2017
3540309;116.0;33941.0;2017
3540408;225.0;25230.0;2017
3540507;391.0;12855.0;2017
3540606;442.0;35402.0;2017
3540705;141.0;15039.0;2017
3540754;34.0;3606.0;2017
3540804;726.0;28355.0;2017
3540853;94.0;6241.0;2017
3540903;219.0;16095.0;2017
3541059;88.0;14955.0;2017
3541109;182.0;26174.0;2017
3541208;972.0;56009.0;2017
3541307;722.0;75894.0;2017
3541406;533.0;29020.0;2017
3541505;612.0;64666.0;2017
3541604;1058.0;48866.0;2017
3541653;204.0;9756.0;2017
3541703;246.0;52872.0;2017
3541802;66.0;22939.0;2017
3541901;50.0;8918.0;2017
3542008;134.0;29869.0;2017
3542107;69.0;7720.0;2017
3542206;806.0;137698.0;2017
3542305;271.0;19144.0;2017
3542404;285.0;20191.0;2017
3542503;124.0;22392.0;2017
3542602;627.0;36711.0;2017
3542701;227.0;21070.0;2017
3542800;208.0;19474.0;2017
3542909;237.0;33623.0;2017
3543006;957.0;38769.0;2017
3543105;199.0;11141.0;2017
3543204;253.0;19522.0;2017
3543238;125.0;15423.0;2017
3543253;331.0;10799.0;2017
3543303;12.0;35.0;2017
3543402;655.0;29567.0;2017
3543501;422.0;35703.0;2017
3543600;40.0;5215.0;2017
3543709;76.0;12149.0;2017
3543808;370.0;29641.0;2017
3543907;798.0;28545.0;2017
3544004;75.0;12461.0;2017
3544103;5.0;19.0;2017
3544202;180.0;58280.0;2017
3544251;792.0;51404.0;2017
3544301;56.0;7257.0;2017
3544400;87.0;21624.0;2017
3544509;154.0;12986.0;2017
3544608;98.0;23673.0;2017
3544707;216.0;12727.0;2017
3544806;187.0;17976.0;2017
3544905;103.0;26563.0;2017
3545001;332.0;23828.0;2017
3545100;173.0;16978.0;2017
3545159;89.0;6752.0;2017
3545209;73.0;4841.0;2017
3545308;224.0;12648.0;2017
3545407;159.0;14784.0;2017
3545506;261.0;39569.0;2017
3545605;178.0;29513.0;2017
3545704;393.0;22655.0;2017
3545803;75.0;19882.0;2017
3546009;94.0;14542.0;2017
3546108;210.0;13958.0;2017
3546207;145.0;10338.0;2017
3546256;63.0;11886.0;2017
3546306;108.0;20957.0;2017
3546405;653.0;99522.0;2017
3546504;58.0;6178.0;2017
3546603;466.0;14157.0;2017
3546702;35.0;6724.0;2017
3546801;304.0;8819.0;2017
3546900;33.0;12772.0;2017
3547007;124.0;17689.0;2017
3547106;109.0;14127.0;2017
3547205;318.0;10772.0;2017
3547304;21.0;828.0;2017
3547403;410.0;16704.0;2017
3547502;549.0;59585.0;2017
3547601;271.0;23204.0;2017
3547650;219.0;6564.0;2017
3547700;495.0;51002.0;2017
3547809;55.0;18.0;2017
3547908;502.0;24033.0;2017
3548005;205.0;10096.0;2017
3548054;425.0;99154.0;2017
3548104;269.0;8542.0;2017
3548203;166.0;4257.0;2017
3548302;172.0;8519.0;2017
3548401;87.0;9683.0;2017
3548500;1.0;;2017
3548609;576.0;15085.0;2017
3548708;62.0;284.0;2017
3548807;5.0;4.0;2017
3548906;508.0;73272.0;2017
3549003;255.0;6578.0;2017
3549102;582.0;35977.0;2017
3549201;85.0;8314.0;2017
3549250;120.0;10746.0;2017
3549300;182.0;8857.0;2017
3549409;143.0;31688.0;2017
3549508;193.0;18430.0;2017
3549607;222.0;19157.0;2017
3549706;490.0;29217.0;2017
3549805;502.0;17218.0;2017
3549904;544.0;43518.0;2017
3549953;86.0;1871.0;2017
3550001;510.0;32076.0;2017
3550100;133.0;47494.0;2017
3550209;1916.0;75866.0;2017
3550308;550.0;10954.0;2017
3550407;424.0;48166.0;2017
3550506;538.0;51001.0;2017
3550605;142.0;1903.0;2017
3550704;25.0;696.0;2017
3550803;271.0;18656.0;2017
3550902;250.0;44949.0;2017
3551009;7.0;93.0;2017
3551108;348.0;24350.0;2017
3551207;125.0;8206.0;2017
3551306;216.0;10649.0;2017
3551405;136.0;20622.0;2017
3551504;19.0;9642.0;2017
3551603;492.0;13628.0;2017
3551702;139.0;27344.0;2017
3551801;816.0;39589.0;2017
3551900;97.0;11033.0;2017
3552007;338.0;24208.0;2017
3552106;1749.0;30684.0;2017
3552205;193.0;12080.0;2017
3552304;200.0;42929.0;2017
3552403;170.0;4319.0;2017
3552502;349.0;3746.0;2017
3552551;282.0;28239.0;2017
3552601;229.0;26775.0;2017
3552700;429.0;22653.0;2017
3552809;2.0;;2017
3552908;194.0;45029.0;2017
3553005;165.0;9572.0;2017
3553104;187.0;11635.0;2017
3553203;164.0;10868.0;2017
3553302;258.0;43280.0;2017
3553401;1062.0;60658.0;2017
3553500;141.0;8072.0;2017
3553609;93.0;14515.0;2017
3553658;45.0;4592.0;2017
3553708;559.0;49903.0;2017
3553807;594.0;37380.0;2017
3553856;116.0;18441.0;2017
3553906;126.0;15139.0;2017
3553955;80.0;23406.0;2017
3554003;342.0;24227.0;2017
3554102;351.0;31320.0;2017
3554201;309.0;17957.0;2017
3554300;976.0;101665.0;2017
3554409;140.0;19714.0;2017
3554508;417.0;26501.0;2017
3554607;139.0;9424.0;2017
3554656;175.0;7914.0;2017
3554706;421.0;26537.0;2017
3554755;24.0;2110.0;2017
3554805;162.0;9925.0;2017
3554904;310.0;13458.0;2017
3554953;456.0;9692.0;2017
3555000;723.0;56070.0;2017
3555109;516.0;22635.0;2017
3555208;227.0;14358.0;2017
3555307;260.0;13661.0;2017
3555356;57.0;19819.0;2017
3555406;133.0;2009.0;2017
3555505;317.0;21328.0;2017
3555604;360.0;21223.0;2017
3555703;78.0;6268.0;2017
3555802;425.0;15854.0;2017
3555901;86.0;11784.0;2017
3556008;519.0;28195.0;2017
3556107;222.0;12660.0;2017
3556206;266.0;4227.0;2017
3556305;177.0;79523.0;2017
3556354;228.0;7281.0;2017
3556404;195.0;19576.0;2017
3556453;53.0;445.0;2017
3556503;8.0;406.0;2017
3556602;264.0;26141.0;2017
3556701;85.0;2150.0;2017
3556800;278.0;19792.0;2017
3556909;111.0;8237.0;2017
3556958;109.0;4179.0;2017
3557006;53.0;8632.0;2017
3557105;515.0;27907.0;2017
3557154;156.0;23551.0;2017
3557204;29.0;13425.0;2017
3557303;91.0;4419.0;2017
4100103;673.0;20765.0;2017
4100202;663.0;95439.0;2017
4100301;1002.0;10566.0;2017
4100400;206.0;2612.0;2017
4100459;543.0;36852.0;2017
4100509;1571.0;44658.0;2017
4100608;592.0;36386.0;2017
4100707;754.0;37894.0;2017
4100806;371.0;27496.0;2017
4100905;319.0;35458.0;2017
4101002;1185.0;27395.0;2017
4101051;208.0;8943.0;2017
4101101;291.0;19468.0;2017
4101150;265.0;9232.0;2017
4101200;304.0;17333.0;2017
4101309;1008.0;29641.0;2017
4101408;1308.0;45066.0;2017
4101507;568.0;28169.0;2017
4101606;858.0;120171.0;2017
4101655;476.0;19499.0;2017
4101705;611.0;43480.0;2017
4101804;1387.0;27129.0;2017
4101853;524.0;21293.0;2017
4101903;598.0;29879.0;2017
4102000;1472.0;79997.0;2017
4102109;705.0;40534.0;2017
4102208;279.0;11601.0;2017
4102307;295.0;24194.0;2017
4102406;774.0;28026.0;2017
4102505;909.0;51860.0;2017
4102604;794.0;15456.0;2017
4102703;282.0;8131.0;2017
4102752;838.0;13391.0;2017
4102802;342.0;20106.0;2017
4102901;1561.0;100429.0;2017
4103008;378.0;28770.0;2017
4103024;431.0;13162.0;2017
4103040;1292.0;52519.0;2017
4103057;857.0;22156.0;2017
4103107;378.0;29039.0;2017
4103156;832.0;16978.0;2017
4103206;363.0;29337.0;2017
4103222;333.0;16601.0;2017
4103305;670.0;30502.0;2017
4103354;511.0;31210.0;2017
4103370;203.0;25569.0;2017
4103404;158.0;17225.0;2017
4103453;444.0;24201.0;2017
4103479;538.0;28939.0;2017
4103503;438.0;13333.0;2017
4103602;398.0;32553.0;2017
4103701;563.0;38751.0;2017
4103800;554.0;13647.0;2017
4103909;729.0;68266.0;2017
4103958;460.0;32334.0;2017
4104006;447.0;23776.0;2017
4104055;552.0;38326.0;2017
4104105;322.0;21932.0;2017
4104204;2233.0;64323.0;2017
4104253;858.0;18780.0;2017
4104303;626.0;66101.0;2017
4104402;2452.0;114716.0;2017
4104428;1481.0;94599.0;2017
4104451;943.0;43858.0;2017
4104501;1917.0;33385.0;2017
4104600;987.0;22485.0;2017
4104659;222.0;39047.0;2017
4104709;1273.0;25990.0;2017
4104808;3221.0;176460.0;2017
4104907;2603.0;140569.0;2017
4105003;1076.0;53374.0;2017
4105102;795.0;36858.0;2017
4105201;1991.0;59991.0;2017
4105300;801.0;32043.0;2017
4105409;1550.0;67907.0;2017
4105508;1349.0;69879.0;2017
4105607;332.0;35066.0;2017
4105706;761.0;64711.0;2017
4105805;374.0;2628.0;2017
4105904;393.0;34720.0;2017
4106001;974.0;33931.0;2017
4106100;218.0;16494.0;2017
4106209;1074.0;20780.0;2017
4106308;454.0;43946.0;2017
4106407;729.0;56355.0;2017
4106456;1198.0;133330.0;2017
4106506;1481.0;55680.0;2017
4106555;382.0;13063.0;2017
4106571;448.0;14593.0;2017
4106605;1019.0;70483.0;2017
4106704;257.0;22019.0;2017
4106803;3051.0;111237.0;2017
4106852;325.0;26110.0;2017
4106902;123.0;745.0;2017
4107009;911.0;47402.0;2017
4107108;176.0;18436.0;2017
4107124;544.0;29921.0;2017
4107157;696.0;27952.0;2017
4107207;1880.0;34872.0;2017
4107256;512.0;41105.0;2017
4107306;288.0;9056.0;2017
4107405;910.0;15873.0;2017
4107504;543.0;43156.0;2017
4107520;352.0;13157.0;2017
4107538;316.0;7543.0;2017
4107546;674.0;22036.0;2017
4107553;282.0;25867.0;2017
4107603;539.0;48477.0;2017
4107652;134.0;1395.0;2017
4107702;322.0;19803.0;2017
4107736;521.0;28119.0;2017
4107751;326.0;10290.0;2017
4107801;218.0;18289.0;2017
4107850;661.0;20957.0;2017
4107900;158.0;12367.0;2017
4108007;211.0;15896.0;2017
4108106;100.0;7668.0;2017
4108205;771.0;24179.0;2017
4108304;568.0;13544.0;2017
4108320;679.0;32632.0;2017
4108403;2621.0;58359.0;2017
4108452;259.0;25721.0;2017
4108502;668.0;101929.0;2017
4108551;465.0;9983.0;2017
4108601;532.0;41917.0;2017
4108650;856.0;47570.0;2017
4108700;572.0;27913.0;2017
4108809;661.0;33443.0;2017
4108908;499.0;47417.0;2017
4108957;1034.0;17335.0;2017
4109005;325.0;17778.0;2017
4109104;200.0;16941.0;2017
4109203;216.0;18764.0;2017
4109302;1658.0;114856.0;2017
4109401;2134.0;207561.0;2017
4109500;493.0;20140.0;2017
4109609;376.0;25190.0;2017
4109658;733.0;49491.0;2017
4109708;1453.0;71640.0;2017
4109757;398.0;15744.0;2017
4109807;482.0;19594.0;2017
4109906;630.0;57515.0;2017
4110003;223.0;15151.0;2017
4110052;265.0;8976.0;2017
4110078;580.0;22701.0;2017
4110102;1599.0;48211.0;2017
4110201;794.0;61214.0;2017
4110300;120.0;14824.0;2017
4110409;398.0;9219.0;2017
4110508;1766.0;57110.0;2017
4110607;1263.0;61349.0;2017
4110656;194.0;7651.0;2017
4110706;2394.0;73375.0;2017
4110805;1183.0;46120.0;2017
4110904;273.0;15217.0;2017
4110953;517.0;13267.0;2017
4111001;202.0;19020.0;2017
4111100;243.0;19635.0;2017
4111209;709.0;21204.0;2017
4111258;552.0;19626.0;2017
4111308;292.0;12674.0;2017
4111407;1683.0;39478.0;2017
4111506;1161.0;34807.0;2017
4111555;531.0;35556.0;2017
4111605;88.0;8006.0;2017
4111704;638.0;8845.0;2017
4111803;811.0;49769.0;2017
4111902;409.0;40436.0;2017
4112009;1014.0;111610.0;2017
4112108;469.0;11774.0;2017
4112207;472.0;27459.0;2017
4112306;577.0;17593.0;2017
4112405;405.0;15983.0;2017
4112504;1232.0;38303.0;2017
4112603;76.0;12365.0;2017
4112702;222.0;13524.0;2017
4112751;754.0;18847.0;2017
4112801;665.0;27327.0;2017
4112900;324.0;30397.0;2017
4112959;440.0;30187.0;2017
4113007;227.0;18223.0;2017
4113106;441.0;17569.0;2017
4113205;2290.0;116743.0;2017
4113254;814.0;48535.0;2017
4113304;1345.0;58099.0;2017
4113403;300.0;27585.0;2017
4113429;345.0;10922.0;2017
4113452;770.0;29664.0;2017
4113502;421.0;60781.0;2017
4113601;158.0;22892.0;2017
4113700;2205.0;114654.0;2017
4113734;429.0;84963.0;2017
4113759;369.0;16948.0;2017
4113809;173.0;10328.0;2017
4113908;1524.0;45288.0;2017
4114005;514.0;70624.0;2017
4114104;346.0;23732.0;2017
4114203;743.0;24632.0;2017
4114302;836.0;15708.0;2017
4114351;562.0;19382.0;2017
4114401;1559.0;77046.0;2017
4114500;1262.0;45035.0;2017
4114609;1934.0;52744.0;2017
4114708;763.0;44473.0;2017
4114807;1351.0;35746.0;2017
4114906;435.0;34166.0;2017
4115002;489.0;18616.0;2017
4115101;458.0;34489.0;2017
4115200;654.0;29516.0;2017
4115309;504.0;21019.0;2017
4115358;665.0;25294.0;2017
4115408;1149.0;31380.0;2017
4115457;930.0;49334.0;2017
4115507;372.0;16296.0;2017
4115606;971.0;34144.0;2017
4115705;6.0;88.0;2017
4115739;599.0;31609.0;2017
4115754;168.0;6805.0;2017
4115804;1153.0;30239.0;2017
4115853;706.0;14933.0;2017
4115903;175.0;20850.0;2017
4116000;134.0;6029.0;2017
4116059;1331.0;26953.0;2017
4116109;724.0;26817.0;2017
4116208;527.0;11939.0;2017
4116307;301.0;12073.0;2017
4116406;190.0;17405.0;2017
4116505;239.0;12654.0;2017
4116604;166.0;7993.0;2017
4116703;839.0;37677.0;2017
4116802;711.0;47693.0;2017
4116901;777.0;33134.0;2017
4116950;940.0;18971.0;2017
4117008;245.0;21539.0;2017
4117057;2041.0;84934.0;2017
4117107;300.0;23574.0;2017
4117206;258.0;12329.0;2017
4117214;186.0;4547.0;2017
4117222;686.0;15604.0;2017
4117255;980.0;28496.0;2017
4117271;1051.0;48560.0;2017
4117297;422.0;10924.0;2017
4117305;2968.0;208814.0;2017
4117404;203.0;15944.0;2017
4117453;461.0;27748.0;2017
4117503;179.0;14066.0;2017
4117602;644.0;138912.0;2017
4117701;1987.0;111542.0;2017
4117800;1684.0;74773.0;2017
4117909;1249.0;64436.0;2017
4118006;358.0;18074.0;2017
4118105;246.0;27839.0;2017
4118204;137.0;2474.0;2017
4118303;25.0;16384.0;2017
4118402;1328.0;106114.0;2017
4118451;321.0;6911.0;2017
4118501;1116.0;44102.0;2017
4118600;485.0;28247.0;2017
4118709;1168.0;27308.0;2017
4118808;545.0;42382.0;2017
4118857;658.0;37988.0;2017
4118907;581.0;20742.0;2017
4119004;1079.0;18437.0;2017
4119103;1213.0;17864.0;2017
4119152;37.0;970.0;2017
4119202;616.0;14477.0;2017
4119251;405.0;9320.0;2017
4119301;2852.0;134909.0;2017
4119400;1238.0;107494.0;2017
4119509;210.0;5265.0;2017
4119608;3008.0;130423.0;2017
4119657;247.0;11901.0;2017
4119707;468.0;32427.0;2017
4119806;1852.0;29759.0;2017
4119905;1258.0;141936.0;2017
4119954;46.0;405.0;2017
4120002;166.0;29708.0;2017
4120101;102.0;12939.0;2017
4120150;744.0;29047.0;2017
4120200;131.0;14393.0;2017
4120309;418.0;16475.0;2017
4120333;100.0;12890.0;2017
4120358;460.0;19121.0;2017
4120408;288.0;14512.0;2017
4120507;445.0;23282.0;2017
4120606;6625.0;143313.0;2017
4120655;219.0;22905.0;2017
4120705;304.0;10593.0;2017
4120804;133.0;3865.0;2017
4120853;365.0;9339.0;2017
4120903;3143.0;80570.0;2017
4121000;1035.0;70160.0;2017
4121109;258.0;30046.0;2017
4121208;1488.0;23064.0;2017
4121257;601.0;23199.0;2017
4121307;234.0;11609.0;2017
4121356;240.0;22024.0;2017
4121406;917.0;33767.0;2017
4121505;1242.0;31268.0;2017
4121604;787.0;37665.0;2017
4121703;1471.0;98317.0;2017
4121752;693.0;44126.0;2017
4121802;799.0;41594.0;2017
4121901;602.0;28897.0;2017
4122008;2042.0;35241.0;2017
4122107;313.0;14649.0;2017
4122156;2919.0;44971.0;2017
4122172;607.0;29266.0;2017
4122206;1083.0;29961.0;2017
4122305;1094.0;37895.0;2017
4122404;666.0;32668.0;2017
4122503;905.0;59625.0;2017
4122602;508.0;44058.0;2017
4122651;839.0;32617.0;2017
4122701;326.0;17285.0;2017
4122800;552.0;18106.0;2017
4122909;469.0;14364.0;2017
4123006;1417.0;27785.0;2017
4123105;172.0;6799.0;2017
4123204;180.0;8417.0;2017
4123303;445.0;29889.0;2017
4123402;436.0;25745.0;2017
4123501;1599.0;40910.0;2017
4123600;88.0;10732.0;2017
4123709;467.0;29186.0;2017
4123808;1077.0;28900.0;2017
4123824;493.0;12658.0;2017
4123857;1861.0;68554.0;2017
4123907;299.0;38219.0;2017
4123956;278.0;26763.0;2017
4124004;419.0;21156.0;2017
4124020;389.0;27287.0;2017
4124053;438.0;20248.0;2017
4124103;1638.0;58655.0;2017
4124202;231.0;20626.0;2017
4124301;179.0;13958.0;2017
4124400;1350.0;27726.0;2017
4124509;225.0;27279.0;2017
4124608;152.0;21670.0;2017
4124707;1357.0;58420.0;2017
4124806;1215.0;32487.0;2017
4124905;319.0;31006.0;2017
4125001;678.0;29350.0;2017
4125100;1959.0;36760.0;2017
4125209;1024.0;29497.0;2017
4125308;253.0;30719.0;2017
4125357;688.0;19218.0;2017
4125407;805.0;35201.0;2017
4125456;408.0;18163.0;2017
4125506;1515.0;21954.0;2017
4125555;217.0;9036.0;2017
4125605;3406.0;84979.0;2017
4125704;1588.0;60454.0;2017
4125753;509.0;25137.0;2017
4125803;347.0;25934.0;2017
4125902;343.0;22617.0;2017
4126009;184.0;16331.0;2017
4126108;292.0;19187.0;2017
4126207;653.0;57564.0;2017
4126256;144.0;6515.0;2017
4126272;535.0;11945.0;2017
4126306;783.0;126266.0;2017
4126355;712.0;16361.0;2017
4126405;169.0;34177.0;2017
4126504;393.0;38921.0;2017
4126603;1071.0;19180.0;2017
4126652;499.0;15836.0;2017
4126678;597.0;36683.0;2017
4126702;286.0;15793.0;2017
4126801;289.0;53357.0;2017
4126900;625.0;42722.0;2017
4127007;743.0;58369.0;2017
4127106;96.0;85888.0;2017
4127205;451.0;25958.0;2017
4127304;989.0;59076.0;2017
4127403;1209.0;76645.0;2017
4127502;1040.0;228252.0;2017
4127601;691.0;20598.0;2017
4127700;2608.0;98047.0;2017
4127809;1290.0;46985.0;2017
4127858;1167.0;39675.0;2017
4127882;163.0;47649.0;2017
4127908;720.0;52078.0;2017
4127957;613.0;26860.0;2017
4127965;1219.0;52113.0;2017
4128005;811.0;59510.0;2017
4128104;1818.0;108319.0;2017
4128203;799.0;47084.0;2017
4128302;226.0;9548.0;2017
4128401;600.0;22284.0;2017
4128500;1166.0;34863.0;2017
4128534;426.0;46349.0;2017
4128559;796.0;34269.0;2017
4128609;1011.0;27946.0;2017
4128625;301.0;74197.0;2017
4128633;1093.0;57874.0;2017
4128658;507.0;19205.0;2017
4128708;472.0;24287.0;2017
4128807;612.0;32860.0;2017
4200051;693.0;17009.0;2017
4200101;1757.0;76020.0;2017
4200200;510.0;13935.0;2017
4200309;572.0;8820.0;2017
4200408;866.0;118036.0;2017
4200507;747.0;10926.0;2017
4200556;363.0;6675.0;2017
4200606;809.0;11754.0;2017
4200705;1656.0;45745.0;2017
4200754;354.0;6821.0;2017
4200804;703.0;21555.0;2017
4200903;884.0;22528.0;2017
4201000;1343.0;47914.0;2017
4201109;500.0;21634.0;2017
4201208;545.0;6620.0;2017
4201257;437.0;15424.0;2017
4201273;727.0;11691.0;2017
4201307;351.0;18254.0;2017
4201406;1195.0;16567.0;2017
4201505;565.0;10595.0;2017
4201604;325.0;7961.0;2017
4201653;385.0;6361.0;2017
4201703;156.0;4352.0;2017
4201802;524.0;8249.0;2017
4201901;723.0;14406.0;2017
4201950;67.0;3694.0;2017
4202008;11.0;190.0;2017
4202057;74.0;3222.0;2017
4202073;178.0;6588.0;2017
4202081;446.0;11418.0;2017
4202099;342.0;7487.0;2017
4202107;270.0;6118.0;2017
4202131;1122.0;42807.0;2017
4202156;352.0;8133.0;2017
4202206;1004.0;24385.0;2017
4202305;346.0;7801.0;2017
4202404;666.0;9558.0;2017
4202438;607.0;37449.0;2017
4202453;105.0;221.0;2017
4202503;669.0;79261.0;2017
4202537;213.0;6434.0;2017
4202578;402.0;6235.0;2017
4202602;750.0;69847.0;2017
4202701;447.0;7844.0;2017
4202800;692.0;13269.0;2017
4202859;240.0;5779.0;2017
4202875;557.0;28121.0;2017
4202909;105.0;2860.0;2017
4203006;1316.0;69328.0;2017
4203105;615.0;15062.0;2017
4203154;279.0;53890.0;2017
4203204;295.0;6781.0;2017
4203253;710.0;115291.0;2017
4203303;658.0;30566.0;2017
4203402;1040.0;80167.0;2017
4203501;566.0;39764.0;2017
4203600;1670.0;150380.0;2017
4203709;210.0;6108.0;2017
4203808;2916.0;89820.0;2017
4203907;451.0;17423.0;2017
4203956;93.0;3145.0;2017
4204004;206.0;11589.0;2017
4204103;596.0;10629.0;2017
4204152;556.0;14799.0;2017
4204178;791.0;31658.0;2017
4204194;652.0;8910.0;2017
4204202;1661.0;30710.0;2017
4204251;244.0;2874.0;2017
4204301;2765.0;57160.0;2017
4204350;354.0;4646.0;2017
4204400;832.0;18485.0;2017
4204459;444.0;9276.0;2017
4204509;752.0;28266.0;2017
4204558;884.0;47894.0;2017
4204608;520.0;7308.0;2017
4204707;910.0;18172.0;2017
4204756;385.0;4914.0;2017
4204806;893.0;79308.0;2017
4204905;924.0;23041.0;2017
4205001;964.0;31126.0;2017
4205100;440.0;11302.0;2017
4205159;413.0;29551.0;2017
4205175;498.0;4032.0;2017
4205191;204.0;4919.0;2017
4205209;394.0;15357.0;2017
4205308;491.0;26882.0;2017
4205357;244.0;4323.0;2017
4205407;211.0;4592.0;2017
4205431;388.0;9577.0;2017
4205456;554.0;13780.0;2017
4205506;939.0;49476.0;2017
4205555;429.0;13322.0;2017
4205605;270.0;11084.0;2017
4205704;253.0;3634.0;2017
4205803;364.0;15001.0;2017
4205902;560.0;10995.0;2017
4206009;92.0;1663.0;2017
4206108;867.0;25547.0;2017
4206207;750.0;8151.0;2017
4206306;286.0;2672.0;2017
4206405;1146.0;27416.0;2017
4206504;394.0;14286.0;2017
4206603;353.0;9095.0;2017
4206652;582.0;14581.0;2017
4206702;531.0;12112.0;2017
4206751;391.0;9409.0;2017
4206801;566.0;12434.0;2017
4206900;596.0;14699.0;2017
4207007;1040.0;13851.0;2017
4207106;356.0;14249.0;2017
4207205;1135.0;19681.0;2017
4207304;317.0;5396.0;2017
4207403;765.0;9855.0;2017
4207502;717.0;13938.0;2017
4207577;315.0;8831.0;2017
4207601;594.0;12589.0;2017
4207650;882.0;15303.0;2017
4207684;590.0;17210.0;2017
4207700;872.0;19181.0;2017
4207759;665.0;15255.0;2017
4207809;598.0;25513.0;2017
4207858;313.0;6836.0;2017
4207908;1445.0;47823.0;2017
4208005;617.0;10642.0;2017
4208104;2615.0;84446.0;2017
4208203;318.0;10549.0;2017
4208302;69.0;1697.0;2017
4208401;1148.0;21132.0;2017
4208450;91.0;9729.0;2017
4208500;1687.0;25040.0;2017
4208609;487.0;14348.0;2017
4208708;882.0;22515.0;2017
4208807;591.0;12301.0;2017
4208906;711.0;17546.0;2017
4208955;266.0;5351.0;2017
4209003;837.0;19952.0;2017
4209102;1476.0;36039.0;2017
4209151;605.0;14572.0;2017
4209177;337.0;8097.0;2017
4209201;203.0;5459.0;2017
4209300;1389.0;260861.0;2017
4209409;175.0;11407.0;2017
4209458;268.0;5048.0;2017
4209508;243.0;3686.0;2017
4209607;499.0;10939.0;2017
4209706;951.0;69774.0;2017
4209805;639.0;18248.0;2017
4209854;660.0;16997.0;2017
4209904;500.0;13568.0;2017
4210001;621.0;13004.0;2017
4210035;354.0;8008.0;2017
4210050;341.0;21008.0;2017
4210100;1938.0;86975.0;2017
4210209;465.0;12804.0;2017
4210308;1112.0;44580.0;2017
4210407;267.0;4182.0;2017
4210506;884.0;13592.0;2017
4210555;370.0;9249.0;2017
4210605;1108.0;22342.0;2017
4210704;400.0;31337.0;2017
4210803;526.0;13700.0;2017
4210852;360.0;20943.0;2017
4210902;360.0;7824.0;2017
4211009;872.0;14514.0;2017
4211058;285.0;20798.0;2017
4211108;458.0;33010.0;2017
4211207;263.0;3590.0;2017
4211256;335.0;9810.0;2017
4211306;107.0;3682.0;2017
4211405;282.0;4991.0;2017
4211454;552.0;8826.0;2017
4211504;491.0;12315.0;2017
4211603;542.0;15580.0;2017
4211652;472.0;12717.0;2017
4211702;1260.0;31411.0;2017
4211751;508.0;74153.0;2017
4211801;674.0;16937.0;2017
4211850;300.0;15791.0;2017
4211876;356.0;6113.0;2017
4211892;633.0;72151.0;2017
4211900;234.0;4723.0;2017
4212007;532.0;29505.0;2017
4212056;520.0;28251.0;2017
4212106;1455.0;29551.0;2017
4212205;1189.0;49121.0;2017
4212239;600.0;15449.0;2017
4212254;107.0;3932.0;2017
4212270;682.0;52092.0;2017
4212304;235.0;9865.0;2017
4212403;446.0;8057.0;2017
4212502;119.0;2254.0;2017
4212601;354.0;7927.0;2017
4212650;272.0;3687.0;2017
4212700;1010.0;23950.0;2017
4212809;131.0;5078.0;2017
4212908;729.0;10321.0;2017
4213005;206.0;5677.0;2017
4213104;488.0;9862.0;2017
4213153;357.0;5522.0;2017
4213203;746.0;7736.0;2017
4213302;409.0;48283.0;2017
4213351;81.0;36870.0;2017
4213401;372.0;48698.0;2017
4213500;73.0;3298.0;2017
4213609;1354.0;61695.0;2017
4213708;1180.0;26007.0;2017
4213807;344.0;7198.0;2017
4213906;261.0;5474.0;2017
4214003;1019.0;20924.0;2017
4214102;364.0;14653.0;2017
4214151;379.0;7139.0;2017
4214201;1162.0;25286.0;2017
4214300;353.0;16613.0;2017
4214409;696.0;27144.0;2017
4214508;901.0;38377.0;2017
4214607;770.0;17324.0;2017
4214706;786.0;41823.0;2017
4214805;689.0;16460.0;2017
4214904;732.0;21701.0;2017
4215000;824.0;58489.0;2017
4215059;306.0;13203.0;2017
4215075;690.0;16897.0;2017
4215109;467.0;6133.0;2017
4215208;811.0;19579.0;2017
4215307;713.0;14340.0;2017
4215356;610.0;13123.0;2017
4215406;272.0;10005.0;2017
4215455;202.0;4184.0;2017
4215505;358.0;110219.0;2017
4215554;331.0;6740.0;2017
4215604;449.0;12803.0;2017
4215653;537.0;5990.0;2017
4215679;2198.0;49290.0;2017
4215687;550.0;10889.0;2017
4215695;215.0;6940.0;2017
4215703;435.0;4506.0;2017
4215752;446.0;12854.0;2017
4215802;476.0;18466.0;2017
4215901;530.0;24189.0;2017
4216008;834.0;13853.0;2017
4216057;178.0;28849.0;2017
4216107;653.0;28433.0;2017
4216206;168.0;8581.0;2017
4216255;777.0;13788.0;2017
4216305;578.0;10388.0;2017
4216354;283.0;11277.0;2017
4216404;728.0;10013.0;2017
4216503;2360.0;169510.0;2017
4216602;107.0;1700.0;2017
4216701;1137.0;23790.0;2017
4216800;2063.0;73894.0;2017
4216909;1270.0;28470.0;2017
4217006;377.0;6381.0;2017
4217105;452.0;12997.0;2017
4217154;397.0;6439.0;2017
4217204;878.0;16025.0;2017
4217253;323.0;5969.0;2017
4217303;1120.0;17963.0;2017
4217402;229.0;2141.0;2017
4217501;1193.0;25019.0;2017
4217550;427.0;8204.0;2017
4217600;427.0;8275.0;2017
4217709;602.0;7366.0;2017
4217758;502.0;9954.0;2017
4217808;1400.0;53504.0;2017
4217907;840.0;32634.0;2017
4217956;285.0;4822.0;2017
4218004;445.0;15990.0;2017
4218103;392.0;12708.0;2017
4218202;321.0;4672.0;2017
4218251;731.0;46027.0;2017
4218301;393.0;30442.0;2017
4218350;175.0;3806.0;2017
4218400;604.0;9574.0;2017
4218509;431.0;14080.0;2017
4218608;266.0;5937.0;2017
4218707;990.0;17193.0;2017
4218756;548.0;10523.0;2017
4218806;661.0;16934.0;2017
4218855;422.0;7835.0;2017
4218905;658.0;55142.0;2017
4218954;322.0;23301.0;2017
4219002;660.0;10960.0;2017
4219101;337.0;14883.0;2017
4219150;714.0;28000.0;2017
4219176;326.0;17174.0;2017
4219200;1049.0;21327.0;2017
4219309;1047.0;28751.0;2017
4219358;793.0;22177.0;2017
4219408;645.0;11955.0;2017
4219507;711.0;26011.0;2017
4219606;738.0;18332.0;2017
4219705;923.0;23056.0;2017
4219853;257.0;15201.0;2017
4220000;85.0;1850.0;2017
4300034;806.0;141409.0;2017
4300059;579.0;24481.0;2017
4300109;2073.0;45880.0;2017
4300208;753.0;28891.0;2017
4300307;1358.0;26051.0;2017
4300406;2671.0;750885.0;2017
4300455;720.0;14644.0;2017
4300471;422.0;24708.0;2017
4300505;1417.0;23585.0;2017
4300554;391.0;9601.0;2017
4300570;443.0;5058.0;2017
4300604;27.0;2204.0;2017
4300638;1062.0;38181.0;2017
4300646;645.0;6549.0;2017
4300661;245.0;29092.0;2017
4300703;939.0;18604.0;2017
4300802;1036.0;22030.0;2017
4300851;171.0;49973.0;2017
4300877;58.0;1003.0;2017
4300901;950.0;24343.0;2017
4301008;809.0;9135.0;2017
4301057;67.0;3445.0;2017
4301073;427.0;8479.0;2017
4301107;395.0;38221.0;2017
4301206;1940.0;26739.0;2017
4301305;961.0;203058.0;2017
4301404;1231.0;22168.0;2017
4301503;922.0;29820.0;2017
4301552;661.0;12323.0;2017
4301602;1127.0;365428.0;2017
4301636;19.0;8777.0;2017
4301651;734.0;8203.0;2017
4301701;1030.0;22184.0;2017
4301750;1775.0;28560.0;2017
4301800;1021.0;42929.0;2017
4301859;213.0;4042.0;2017
4301875;146.0;95184.0;2017
4301909;497.0;65258.0;2017
4301925;451.0;11824.0;2017
4301958;234.0;5161.0;2017
4302006;1662.0;41439.0;2017
4302055;390.0;7119.0;2017
4302105;1128.0;14296.0;2017
4302154;239.0;20583.0;2017
4302204;542.0;8834.0;2017
4302220;521.0;60005.0;2017
4302238;346.0;42965.0;2017
4302253;886.0;8267.0;2017
4302303;916.0;244981.0;2017
4302352;616.0;4559.0;2017
4302378;211.0;6096.0;2017
4302402;341.0;7367.0;2017
4302451;1315.0;22740.0;2017
4302501;934.0;139114.0;2017
4302584;363.0;17613.0;2017
4302600;380.0;10335.0;2017
4302659;710.0;7369.0;2017
4302709;339.0;59997.0;2017
4302808;2653.0;265146.0;2017
4302907;465.0;205327.0;2017
4303004;2780.0;320464.0;2017
4303103;6.0;271.0;2017
4303202;900.0;18989.0;2017
4303301;565.0;22104.0;2017
4303400;936.0;15395.0;2017
4303509;2629.0;137148.0;2017
4303558;437.0;11460.0;2017
4303608;357.0;109397.0;2017
4303673;614.0;39422.0;2017
4303707;1126.0;18312.0;2017
4303806;351.0;19270.0;2017
4303905;99.0;1710.0;2017
4304002;284.0;16734.0;2017
4304101;501.0;16626.0;2017
4304200;3647.0;71161.0;2017
4304309;1347.0;21620.0;2017
4304358;561.0;73483.0;2017
4304408;269.0;11363.0;2017
4304507;8075.0;277172.0;2017
4304606;40.0;998.0;2017
4304614;423.0;6450.0;2017
4304622;369.0;43714.0;2017
4304630;28.0;3615.0;2017
4304655;531.0;88133.0;2017
4304663;198.0;50622.0;2017
4304671;95.0;30615.0;2017
4304689;384.0;13627.0;2017
4304697;340.0;4865.0;2017
4304705;342.0;59394.0;2017
4304713;1332.0;14941.0;2017
4304804;1313.0;15297.0;2017
4304853;337.0;6924.0;2017
4304903;793.0;21832.0;2017
4304952;358.0;17388.0;2017
4305009;814.0;51773.0;2017
4305108;2752.0;82142.0;2017
4305116;577.0;12139.0;2017
4305124;651.0;33792.0;2017
4305132;715.0;9639.0;2017
4305157;321.0;5961.0;2017
4305173;1409.0;20042.0;2017
4305207;780.0;12971.0;2017
4305306;1165.0;60625.0;2017
4305355;137.0;16166.0;2017
4305371;490.0;17971.0;2017
4305405;417.0;38586.0;2017
4305439;80.0;16726.0;2017
4305447;1012.0;15494.0;2017
4305454;59.0;17843.0;2017
4305504;642.0;21393.0;2017
4305587;346.0;4343.0;2017
4305603;424.0;26402.0;2017
4305702;579.0;39676.0;2017
4305801;824.0;17152.0;2017
4305835;362.0;7496.0;2017
4305850;427.0;23009.0;2017
4305871;399.0;15000.0;2017
4305900;753.0;40330.0;2017
4305934;521.0;8185.0;2017
4305959;527.0;10860.0;2017
4305975;351.0;35518.0;2017
4306007;1592.0;28103.0;2017
4306056;591.0;53487.0;2017
4306072;449.0;8283.0;2017
4306106;580.0;129372.0;2017
4306130;493.0;12491.0;2017
4306205;1050.0;11334.0;2017
4306304;689.0;14916.0;2017
4306320;542.0;15117.0;2017
4306353;797.0;20198.0;2017
4306379;488.0;56690.0;2017
4306403;221.0;1954.0;2017
4306429;217.0;22335.0;2017
4306452;476.0;9017.0;2017
4306502;2691.0;104724.0;2017
4306551;266.0;2141.0;2017
4306601;1119.0;469788.0;2017
4306700;311.0;7201.0;2017
4306734;798.0;21219.0;2017
4306759;450.0;7795.0;2017
4306767;332.0;33179.0;2017
4306809;580.0;7428.0;2017
4306908;2051.0;291640.0;2017
4306924;156.0;4341.0;2017
4306932;954.0;45159.0;2017
4306957;255.0;8179.0;2017
4306973;348.0;14549.0;2017
4307005;1082.0;31423.0;2017
4307054;461.0;17928.0;2017
4307104;1141.0;120997.0;2017
4307203;671.0;22407.0;2017
4307302;1219.0;33901.0;2017
4307401;396.0;63660.0;2017
4307450;558.0;10517.0;2017
4307500;1162.0;66086.0;2017
4307559;231.0;8078.0;2017
4307609;107.0;1390.0;2017
4307708;1.0;;2017
4307807;968.0;11978.0;2017
4307815;681.0;19402.0;2017
4307831;431.0;36597.0;2017
4307864;315.0;9919.0;2017
4307906;1272.0;18957.0;2017
4308003;507.0;12552.0;2017
4308052;287.0;11698.0;2017
4308078;280.0;6490.0;2017
4308102;593.0;4158.0;2017
4308201;1150.0;15962.0;2017
4308250;548.0;12385.0;2017
4308300;1761.0;40362.0;2017
4308409;905.0;48448.0;2017
4308433;579.0;7067.0;2017
4308458;393.0;44929.0;2017
4308508;995.0;18592.0;2017
4308607;819.0;9569.0;2017
4308656;571.0;72482.0;2017
4308706;838.0;16527.0;2017
4308805;806.0;35861.0;2017
4308854;251.0;12938.0;2017
4308904;649.0;24647.0;2017
4309001;1586.0;74952.0;2017
4309050;638.0;25068.0;2017
4309100;516.0;8568.0;2017
4309126;344.0;9936.0;2017
4309159;666.0;14610.0;2017
4309209;485.0;11498.0;2017
4309258;275.0;12097.0;2017
4309308;280.0;23313.0;2017
4309407;726.0;21196.0;2017
4309506;930.0;23650.0;2017
4309555;446.0;3394.0;2017
4309571;519.0;8544.0;2017
4309605;905.0;17429.0;2017
4309654;1183.0;68687.0;2017
4309704;573.0;11971.0;2017
4309753;1051.0;13497.0;2017
4309803;602.0;32360.0;2017
4309902;634.0;25138.0;2017
4309951;483.0;26096.0;2017
4310009;1213.0;52087.0;2017
4310108;407.0;5761.0;2017
4310207;1626.0;53956.0;2017
4310306;549.0;9393.0;2017
4310330;17.0;1678.0;2017
4310363;437.0;5353.0;2017
4310405;969.0;29163.0;2017
4310413;241.0;10036.0;2017
4310439;850.0;47964.0;2017
4310462;414.0;14214.0;2017
4310504;765.0;14002.0;2017
4310538;145.0;9080.0;2017
4310553;748.0;101974.0;2017
4310579;558.0;16081.0;2017
4310603;478.0;289979.0;2017
4310652;339.0;4622.0;2017
4310702;698.0;13085.0;2017
4310751;465.0;9151.0;2017
4310801;205.0;2806.0;2017
4310850;628.0;11106.0;2017
4310876;571.0;27673.0;2017
4310900;328.0;14620.0;2017
4311007;614.0;185708.0;2017
4311106;1552.0;63091.0;2017
4311122;546.0;77468.0;2017
4311130;945.0;73435.0;2017
4311155;1444.0;105959.0;2017
4311205;976.0;171663.0;2017
4311239;472.0;8434.0;2017
4311254;1074.0;25693.0;2017
4311270;297.0;11341.0;2017
4311304;1034.0;84933.0;2017
4311403;388.0;3285.0;2017
4311429;543.0;5958.0;2017
4311502;869.0;247415.0;2017
4311601;1178.0;21319.0;2017
4311627;143.0;1967.0;2017
4311643;329.0;4432.0;2017
4311700;823.0;24759.0;2017
4311718;235.0;157297.0;2017
4311734;445.0;4743.0;2017
4311759;647.0;123174.0;2017
4311775;532.0;9699.0;2017
4311791;521.0;6284.0;2017
4311809;1170.0;49165.0;2017
4311908;572.0;14288.0;2017
4311981;800.0;27502.0;2017
4312005;257.0;6225.0;2017
4312054;696.0;8755.0;2017
4312104;768.0;27423.0;2017
4312138;452.0;20760.0;2017
4312153;357.0;3325.0;2017
4312179;368.0;8629.0;2017
4312203;603.0;15464.0;2017
4312252;72.0;43784.0;2017
4312302;656.0;9992.0;2017
4312351;320.0;7817.0;2017
4312377;639.0;32937.0;2017
4312385;463.0;5249.0;2017
4312401;1211.0;27937.0;2017
4312427;485.0;13216.0;2017
4312443;592.0;7536.0;2017
4312450;485.0;13015.0;2017
4312476;360.0;3871.0;2017
4312500;737.0;129519.0;2017
4312609;356.0;6442.0;2017
4312617;466.0;92248.0;2017
4312625;350.0;8912.0;2017
4312658;500.0;31462.0;2017
4312674;240.0;11934.0;2017
4312708;437.0;20658.0;2017
4312757;468.0;12597.0;2017
4312807;246.0;5459.0;2017
4312906;589.0;16483.0;2017
4312955;374.0;8442.0;2017
4313003;482.0;8066.0;2017
4313011;530.0;8270.0;2017
4313037;411.0;14622.0;2017
4313060;154.0;1734.0;2017
4313086;384.0;6956.0;2017
4313102;570.0;25132.0;2017
4313201;1003.0;11573.0;2017
4313300;388.0;13213.0;2017
4313334;501.0;23587.0;2017
4313359;421.0;8423.0;2017
4313375;417.0;11741.0;2017
4313391;709.0;16808.0;2017
4313409;269.0;5436.0;2017
4313425;712.0;17867.0;2017
4313441;365.0;5984.0;2017
4313466;364.0;6970.0;2017
4313490;664.0;9901.0;2017
4313508;529.0;35906.0;2017
4313607;541.0;14626.0;2017
4313656;259.0;59335.0;2017
4313706;1155.0;116708.0;2017
4313805;954.0;11560.0;2017
4313904;851.0;37979.0;2017
4313953;263.0;78530.0;2017
4314001;484.0;9109.0;2017
4314027;1057.0;20948.0;2017
4314035;378.0;3211.0;2017
4314050;201.0;4613.0;2017
4314068;1015.0;21722.0;2017
4314076;1079.0;20416.0;2017
4314100;909.0;59340.0;2017
4314134;289.0;11272.0;2017
4314159;1219.0;13217.0;2017
4314175;519.0;134757.0;2017
4314209;165.0;55437.0;2017
4314308;283.0;40198.0;2017
4314407;2697.0;102168.0;2017
4314423;176.0;2696.0;2017
4314456;440.0;6145.0;2017
4314464;563.0;29426.0;2017
4314472;679.0;37815.0;2017
4314498;680.0;8393.0;2017
4314506;1375.0;202611.0;2017
4314548;413.0;7584.0;2017
4314555;614.0;24933.0;2017
4314605;2697.0;262262.0;2017
4314704;1080.0;12539.0;2017
4314753;468.0;5497.0;2017
4314779;440.0;45604.0;2017
4314787;299.0;7582.0;2017
4314803;372.0;8859.0;2017
4314902;384.0;7340.0;2017
4315008;1098.0;21516.0;2017
4315057;432.0;8305.0;2017
4315073;494.0;9516.0;2017
4315107;1120.0;23676.0;2017
4315131;306.0;7063.0;2017
4315149;281.0;2651.0;2017
4315156;1033.0;19718.0;2017
4315172;330.0;11078.0;2017
4315206;634.0;14455.0;2017
4315305;933.0;296422.0;2017
4315313;210.0;21025.0;2017
4315321;562.0;47203.0;2017
4315354;433.0;15286.0;2017
4315404;1086.0;27642.0;2017
4315453;352.0;8273.0;2017
4315503;1153.0;81187.0;2017
4315552;564.0;17558.0;2017
4315602;915.0;192192.0;2017
4315701;2437.0;176824.0;2017
4315750;428.0;11174.0;2017
4315800;816.0;12788.0;2017
4315909;515.0;7043.0;2017
4315958;712.0;22527.0;2017
4316006;940.0;14392.0;2017
4316105;782.0;37328.0;2017
4316204;763.0;21002.0;2017
4316303;999.0;27951.0;2017
4316402;1661.0;393491.0;2017
4316428;350.0;7505.0;2017
4316436;249.0;19323.0;2017
4316451;437.0;37994.0;2017
4316477;355.0;7315.0;2017
4316501;419.0;6966.0;2017
4316600;1338.0;40255.0;2017
4316709;651.0;96585.0;2017
4316733;429.0;17086.0;2017
4316758;619.0;6972.0;2017
4316808;2455.0;40628.0;2017
4316907;1703.0;141076.0;2017
4316956;578.0;7536.0;2017
4316972;506.0;90773.0;2017
4317004;1737.0;107907.0;2017
4317103;2962.0;673164.0;2017
4317202;1383.0;30389.0;2017
4317251;270.0;3660.0;2017
4317301;632.0;318649.0;2017
4317400;1496.0;198491.0;2017
4317509;1216.0;47359.0;2017
4317558;393.0;9060.0;2017
4317608;2701.0;73481.0;2017
4317707;1210.0;146755.0;2017
4317756;310.0;18501.0;2017
4317806;586.0;41020.0;2017
4317905;1693.0;31351.0;2017
4317954;498.0;9767.0;2017
4318002;1017.0;308198.0;2017
4318051;297.0;5938.0;2017
4318101;2325.0;243901.0;2017
4318200;1355.0;232902.0;2017
4318309;2208.0;495505.0;2017
4318408;1499.0;62580.0;2017
4318424;634.0;13341.0;2017
4318432;184.0;5477.0;2017
4318440;391.0;9527.0;2017
4318457;563.0;8680.0;2017
4318465;383.0;6466.0;2017
4318481;269.0;3082.0;2017
4318499;424.0;6673.0;2017
4318507;1649.0;64636.0;2017
4318606;664.0;29581.0;2017
4318614;351.0;3286.0;2017
4318622;508.0;115147.0;2017
4318705;65.0;1741.0;2017
4318804;3850.0;164227.0;2017
4318903;1265.0;114192.0;2017
4319000;617.0;12056.0;2017
4319109;462.0;14108.0;2017
4319125;629.0;55052.0;2017
4319158;1079.0;111364.0;2017
4319208;686.0;44584.0;2017
4319307;1096.0;18914.0;2017
4319356;218.0;2085.0;2017
4319364;332.0;6878.0;2017
4319372;425.0;8393.0;2017
4319406;1350.0;67850.0;2017
4319505;622.0;5169.0;2017
4319604;1587.0;189743.0;2017
4319703;420.0;9979.0;2017
4319711;412.0;6945.0;2017
4319737;281.0;9221.0;2017
4319752;153.0;1546.0;2017
4319802;955.0;112020.0;2017
4319901;242.0;5265.0;2017
4320008;37.0;798.0;2017
4320107;739.0;29762.0;2017
4320206;1160.0;23365.0;2017
4320230;335.0;9735.0;2017
4320263;982.0;17088.0;2017
4320305;490.0;15834.0;2017
4320321;539.0;12632.0;2017
4320354;888.0;24432.0;2017
4320404;473.0;13410.0;2017
4320453;517.0;8020.0;2017
4320503;736.0;35510.0;2017
4320552;947.0;16919.0;2017
4320578;351.0;10052.0;2017
4320602;648.0;13372.0;2017
4320651;356.0;9587.0;2017
4320677;1675.0;36060.0;2017
4320701;655.0;10497.0;2017
4320800;1353.0;94798.0;2017
4320859;677.0;7866.0;2017
4320909;652.0;20042.0;2017
4321006;364.0;15395.0;2017
4321105;276.0;71470.0;2017
4321204;1360.0;22871.0;2017
4321303;849.0;25475.0;2017
4321329;416.0;6164.0;2017
4321352;717.0;43158.0;2017
4321402;876.0;20632.0;2017
4321436;301.0;4005.0;2017
4321451;960.0;11829.0;2017
4321469;323.0;7322.0;2017
4321477;927.0;16172.0;2017
4321493;597.0;16532.0;2017
4321501;352.0;6015.0;2017
4321600;69.0;5321.0;2017
4321626;415.0;5608.0;2017
4321634;570.0;12274.0;2017
4321667;681.0;8416.0;2017
4321709;420.0;9460.0;2017
4321808;1395.0;33801.0;2017
4321832;409.0;5199.0;2017
4321857;478.0;13080.0;2017
4321907;1285.0;19513.0;2017
4321956;529.0;20845.0;2017
4322004;1236.0;45530.0;2017
4322103;536.0;15534.0;2017
4322152;772.0;14633.0;2017
4322186;412.0;11929.0;2017
4322202;1180.0;205435.0;2017
4322251;492.0;3987.0;2017
4322301;1006.0;24936.0;2017
4322327;372.0;17939.0;2017
4322343;664.0;11131.0;2017
4322350;374.0;10607.0;2017
4322376;514.0;48189.0;2017
4322400;1116.0;530149.0;2017
4322509;1039.0;149102.0;2017
4322525;479.0;25488.0;2017
4322533;1719.0;24614.0;2017
4322541;125.0;1440.0;2017
4322558;320.0;5516.0;2017
4322608;4367.0;53316.0;2017
4322707;1597.0;20866.0;2017
4322806;729.0;17315.0;2017
4322855;401.0;8756.0;2017
4322905;726.0;20567.0;2017
4323002;1542.0;79940.0;2017
4323101;798.0;15569.0;2017
4323200;579.0;25337.0;2017
4323309;260.0;6243.0;2017
4323358;416.0;12819.0;2017
4323408;545.0;15372.0;2017
4323457;527.0;42027.0;2017
4323507;413.0;6875.0;2017
4323606;316.0;8510.0;2017
4323705;391.0;7397.0;2017
4323754;774.0;19781.0;2017
4323770;460.0;5540.0;2017
4323804;18.0;2203.0;2017
5000203;376.0;780676.0;2017
5000252;604.0;398544.0;2017
5000609;1429.0;353368.0;2017
5000708;1058.0;287753.0;2017
5000807;777.0;271931.0;2017
5000856;487.0;106322.0;2017
5000906;298.0;94588.0;2017
5001003;734.0;239989.0;2017
5001102;1223.0;1400015.0;2017
5001243;618.0;153413.0;2017
5001508;704.0;267263.0;2017
5001904;904.0;188187.0;2017
5002001;492.0;154547.0;2017
5002100;1316.0;479608.0;2017
5002159;670.0;223186.0;2017
5002209;895.0;414527.0;2017
5002308;831.0;578043.0;2017
5002407;910.0;183375.0;2017
5002605;974.0;574910.0;2017
5002704;1849.0;731247.0;2017
5002803;472.0;272171.0;2017
5002902;698.0;357315.0;2017
5002951;265.0;291425.0;2017
5003108;638.0;285983.0;2017
5003157;478.0;92822.0;2017
5003207;1766.0;4810916.0;2017
5003256;590.0;392452.0;2017
5003306;1036.0;557213.0;2017
5003454;681.0;75535.0;2017
5003488;752.0;211360.0;2017
5003504;223.0;24304.0;2017
5003702;1718.0;341022.0;2017
5003751;427.0;100030.0;2017
5003801;620.0;21380.0;2017
5003900;495.0;422343.0;2017
5004007;744.0;41695.0;2017
5004106;672.0;109648.0;2017
5004304;927.0;270413.0;2017
5004403;817.0;585575.0;2017
5004502;822.0;114674.0;2017
5004601;2820.0;174645.0;2017
5004700;1315.0;197670.0;2017
5004809;922.0;27405.0;2017
5004908;1527.0;239701.0;2017
5005004;657.0;190947.0;2017
5005103;381.0;146085.0;2017
5005152;339.0;130239.0;2017
5005202;161.0;17996.0;2017
5005251;424.0;171613.0;2017
5005400;701.0;479477.0;2017
5005608;864.0;525289.0;2017
5005681;424.0;34221.0;2017
5005707;442.0;269766.0;2017
5005806;2003.0;355590.0;2017
5006002;956.0;334482.0;2017
5006200;1930.0;454261.0;2017
5006259;611.0;69796.0;2017
5006275;492.0;475296.0;2017
5006309;1711.0;496096.0;2017
5006358;294.0;105748.0;2017
5006408;563.0;286186.0;2017
5006606;2844.0;405726.0;2017
5006903;484.0;1175591.0;2017
5007109;1203.0;1595770.0;2017
5007208;1102.0;356647.0;2017
5007307;444.0;144825.0;2017
5007406;825.0;732556.0;2017
5007505;694.0;160809.0;2017
5007554;985.0;613049.0;2017
5007695;726.0;336602.0;2017
5007703;262.0;83146.0;2017
5007802;606.0;325800.0;2017
5007901;4087.0;425339.0;2017
5007935;243.0;309336.0;2017
5007950;686.0;159640.0;2017
5007976;330.0;64067.0;2017
5008008;2606.0;259228.0;2017
5008305;1101.0;936648.0;2017
5008404;409.0;22120.0;2017
5100102;565.0;50223.0;2017
5100201;1009.0;676628.0;2017
5100250;1675.0;731303.0;2017
5100300;691.0;423244.0;2017
5100359;207.0;98039.0;2017
5100409;298.0;292859.0;2017
5100508;617.0;105410.0;2017
5100607;159.0;125326.0;2017
5100805;696.0;575335.0;2017
5101001;251.0;414394.0;2017
5101209;64.0;58457.0;2017
5101258;697.0;136640.0;2017
5101308;284.0;29424.0;2017
5101407;2084.0;1112073.0;2017
5101605;822.0;630495.0;2017
5101704;532.0;380887.0;2017
5101803;823.0;601340.0;2017
5101852;943.0;330691.0;2017
5101902;943.0;991360.0;2017
5102504;3536.0;1717354.0;2017
5102603;831.0;290040.0;2017
5102637;269.0;561390.0;2017
5102678;1166.0;347114.0;2017
5102686;111.0;399377.0;2017
5102694;744.0;215450.0;2017
5102702;444.0;790209.0;2017
5102793;1329.0;193907.0;2017
5102850;1440.0;419382.0;2017
5103007;1094.0;292509.0;2017
5103056;706.0;217042.0;2017
5103106;505.0;1401251.0;2017
5103205;1783.0;246860.0;2017
5103254;3475.0;798508.0;2017
5103304;1207.0;516908.0;2017
5103353;2300.0;440014.0;2017
5103361;204.0;101742.0;2017
5103379;2047.0;541270.0;2017
5103403;1505.0;152213.0;2017
5103437;466.0;29078.0;2017
5103452;541.0;109490.0;2017
5103502;795.0;586433.0;2017
5103601;567.0;153085.0;2017
5103700;304.0;367142.0;2017
5103809;717.0;81384.0;2017
5103858;522.0;574927.0;2017
5103908;359.0;226752.0;2017
5103957;343.0;71456.0;2017
5104104;1453.0;324284.0;2017
5104203;636.0;290624.0;2017
5104500;210.0;56155.0;2017
5104526;167.0;368525.0;2017
5104542;1246.0;277115.0;2017
5104559;238.0;315315.0;2017
5104609;512.0;578863.0;2017
5104807;634.0;141478.0;2017
5104906;546.0;92129.0;2017
5105002;967.0;137193.0;2017
5105101;1689.0;1521652.0;2017
5105150;2759.0;744664.0;2017
5105176;1059.0;272571.0;2017
5105200;920.0;154984.0;2017
5105234;424.0;183858.0;2017
5105259;321.0;315746.0;2017
5105309;218.0;154860.0;2017
5105507;1521.0;1023684.0;2017
5105580;910.0;709478.0;2017
5105606;967.0;288885.0;2017
5105622;1424.0;97492.0;2017
5105903;656.0;247657.0;2017
5106000;446.0;162685.0;2017
5106109;1842.0;320721.0;2017
5106158;1626.0;668575.0;2017
5106174;275.0;132067.0;2017
5106182;659.0;307040.0;2017
5106190;361.0;162902.0;2017
5106208;409.0;238823.0;2017
5106216;1587.0;436540.0;2017
5106224;661.0;766160.0;2017
5106232;451.0;136078.0;2017
5106240;725.0;783976.0;2017
5106257;1362.0;417852.0;2017
5106265;1203.0;337580.0;2017
5106273;548.0;69760.0;2017
5106281;823.0;389466.0;2017
5106299;1736.0;380652.0;2017
5106307;1157.0;1299909.0;2017
5106315;229.0;140272.0;2017
5106372;1079.0;295685.0;2017
5106422;1873.0;668826.0;2017
5106455;253.0;213534.0;2017
5106505;2551.0;860061.0;2017
5106653;391.0;214528.0;2017
5106703;143.0;60955.0;2017
5106752;1302.0;636328.0;2017
5106778;793.0;236794.0;2017
5106802;300.0;500979.0;2017
5106828;1169.0;541109.0;2017
5106851;316.0;116872.0;2017
5107008;1629.0;475397.0;2017
5107040;361.0;507316.0;2017
5107065;678.0;834190.0;2017
5107107;1568.0;110095.0;2017
5107156;267.0;105130.0;2017
5107180;861.0;767409.0;2017
5107198;176.0;57745.0;2017
5107206;277.0;45612.0;2017
5107248;172.0;234416.0;2017
5107263;385.0;119092.0;2017
5107297;482.0;40533.0;2017
5107305;708.0;287760.0;2017
5107354;342.0;612152.0;2017
5107404;203.0;32500.0;2017
5107578;462.0;715452.0;2017
5107602;2341.0;343399.0;2017
5107701;1631.0;487122.0;2017
5107743;262.0;336436.0;2017
5107750;598.0;145570.0;2017
5107768;99.0;298401.0;2017
5107776;818.0;356744.0;2017
5107792;121.0;269173.0;2017
5107800;2382.0;925050.0;2017
5107859;1070.0;1015648.0;2017
5107875;134.0;797174.0;2017
5107883;462.0;92924.0;2017
5107909;936.0;279310.0;2017
5107925;830.0;827833.0;2017
5107941;756.0;531918.0;2017
5107958;1565.0;333558.0;2017
5108006;264.0;267878.0;2017
5108055;1428.0;219710.0;2017
5108105;258.0;334210.0;2017
5108204;465.0;214763.0;2017
5108303;308.0;212398.0;2017
5108352;495.0;123548.0;2017
5108402;693.0;46098.0;2017
5108501;428.0;231162.0;2017
5108600;1514.0;699719.0;2017
5108808;587.0;76535.0;2017
5108857;225.0;95652.0;2017
5108907;288.0;611785.0;2017
5108956;733.0;403976.0;2017
5200050;177.0;9561.0;2017
5200100;995.0;76881.0;2017
5200134;407.0;135871.0;2017
5200159;130.0;9245.0;2017
5200175;647.0;161251.0;2017
5200209;354.0;43015.0;2017
5200258;32.0;2091.0;2017
5200308;598.0;47629.0;2017
5200506;170.0;10207.0;2017
5200555;223.0;44109.0;2017
5200605;385.0;100223.0;2017
5200803;363.0;81036.0;2017
5200829;636.0;112512.0;2017
5200852;201.0;12645.0;2017
5200902;310.0;39257.0;2017
5201108;1511.0;58443.0;2017
5201207;24.0;5482.0;2017
5201306;961.0;78086.0;2017
5201405;229.0;7061.0;2017
5201454;114.0;56410.0;2017
5201504;275.0;244558.0;2017
5201603;221.0;14913.0;2017
5201702;261.0;44851.0;2017
5201801;385.0;13777.0;2017
5202155;669.0;188477.0;2017
5202353;566.0;97165.0;2017
5202502;271.0;269038.0;2017
5202601;365.0;54548.0;2017
5202809;199.0;13228.0;2017
5203104;909.0;127094.0;2017
5203203;383.0;79346.0;2017
5203302;1791.0;91936.0;2017
5203401;769.0;166553.0;2017
5203500;272.0;121191.0;2017
5203559;197.0;10072.0;2017
5203575;508.0;156253.0;2017
5203609;216.0;8968.0;2017
5203807;182.0;145751.0;2017
5203906;362.0;86677.0;2017
5203939;243.0;17538.0;2017
5203962;222.0;19008.0;2017
5204003;398.0;88304.0;2017
5204102;624.0;149692.0;2017
5204201;134.0;33676.0;2017
5204250;153.0;47627.0;2017
5204300;615.0;185299.0;2017
5204409;1863.0;661375.0;2017
5204508;761.0;105744.0;2017
5204557;459.0;16185.0;2017
5204607;306.0;21741.0;2017
5204656;472.0;116987.0;2017
5204706;574.0;105685.0;2017
5204805;406.0;202150.0;2017
5204854;370.0;12548.0;2017
5204904;353.0;64631.0;2017
5204953;173.0;41763.0;2017
5205000;667.0;42754.0;2017
5205059;95.0;23796.0;2017
5205109;1589.0;272436.0;2017
5205208;502.0;20364.0;2017
5205307;1239.0;256650.0;2017
5205406;454.0;17995.0;2017
5205455;484.0;34833.0;2017
5205471;106.0;161922.0;2017
5205497;156.0;19976.0;2017
5205513;717.0;118706.0;2017
5205521;355.0;114971.0;2017
5205703;440.0;41736.0;2017
5205802;767.0;101689.0;2017
5205901;565.0;123839.0;2017
5206206;1763.0;422809.0;2017
5206305;181.0;17426.0;2017
5206404;1587.0;418591.0;2017
5206503;330.0;35143.0;2017
5206602;243.0;41299.0;2017
5206701;338.0;39436.0;2017
5206800;261.0;7452.0;2017
5206909;247.0;33339.0;2017
5207105;435.0;66493.0;2017
5207253;997.0;303202.0;2017
5207352;353.0;48129.0;2017
5207402;449.0;128406.0;2017
5207501;135.0;26047.0;2017
5207535;1204.0;162188.0;2017
5207600;927.0;114882.0;2017
5207808;636.0;40500.0;2017
5207907;1790.0;297123.0;2017
5208004;2476.0;313255.0;2017
5208103;577.0;71116.0;2017
5208152;533.0;53018.0;2017
5208301;309.0;78104.0;2017
5208400;174.0;15326.0;2017
5208509;344.0;38436.0;2017
5208608;1052.0;118004.0;2017
5208707;461.0;19608.0;2017
5208806;327.0;17734.0;2017
5208905;2215.0;281456.0;2017
5209101;725.0;216308.0;2017
5209150;147.0;59398.0;2017
5209200;533.0;41220.0;2017
5209291;353.0;15993.0;2017
5209408;569.0;90127.0;2017
5209457;478.0;47607.0;2017
5209606;329.0;15053.0;2017
5209705;1016.0;78921.0;2017
5209804;453.0;58031.0;2017
5209903;514.0;142172.0;2017
5209937;169.0;56676.0;2017
5209952;705.0;70022.0;2017
5210000;1068.0;55800.0;2017
5210109;1193.0;333798.0;2017
5210158;428.0;16749.0;2017
5210208;964.0;77389.0;2017
5210307;219.0;45849.0;2017
5210406;1917.0;130512.0;2017
5210562;277.0;8157.0;2017
5210604;421.0;18760.0;2017
5210802;228.0;153935.0;2017
5210901;698.0;84638.0;2017
5211008;796.0;185223.0;2017
5211206;1704.0;95756.0;2017
5211305;517.0;291677.0;2017
5211404;519.0;35583.0;2017
5211503;1114.0;197569.0;2017
5211602;487.0;99406.0;2017
5211701;683.0;74912.0;2017
5211800;1834.0;151590.0;2017
5211909;1906.0;564997.0;2017
5212006;192.0;41660.0;2017
5212055;168.0;10932.0;2017
5212105;183.0;40194.0;2017
5212204;846.0;335370.0;2017
5212253;113.0;43446.0;2017
5212303;774.0;40793.0;2017
5212501;1485.0;233219.0;2017
5212600;370.0;43085.0;2017
5212709;371.0;21755.0;2017
5212808;771.0;142220.0;2017
5212907;159.0;22014.0;2017
5212956;426.0;107902.0;2017
5213004;114.0;33886.0;2017
5213053;453.0;103192.0;2017
5213087;1485.0;173478.0;2017
5213103;1488.0;561154.0;2017
5213400;258.0;42667.0;2017
5213509;980.0;232906.0;2017
5213707;763.0;267712.0;2017
5213756;287.0;176413.0;2017
5213772;686.0;112875.0;2017
5213806;2168.0;267684.0;2017
5213855;314.0;24185.0;2017
5213905;584.0;61601.0;2017
5214002;427.0;170892.0;2017
5214051;820.0;212465.0;2017
5214101;438.0;81250.0;2017
5214408;196.0;26868.0;2017
5214507;305.0;13359.0;2017
5214606;2032.0;445641.0;2017
5214705;260.0;16415.0;2017
5214804;139.0;22675.0;2017
5214838;861.0;706627.0;2017
5214861;515.0;24199.0;2017
5214879;297.0;54506.0;2017
5214903;514.0;129455.0;2017
5215009;449.0;10212.0;2017
5215207;461.0;58882.0;2017
5215231;79.0;11598.0;2017
5215256;386.0;112832.0;2017
5215306;2179.0;172946.0;2017
5215405;499.0;20487.0;2017
5215504;242.0;24731.0;2017
5215603;2086.0;236110.0;2017
5215652;496.0;111431.0;2017
5215702;1512.0;130980.0;2017
5215801;63.0;3837.0;2017
5215900;510.0;32480.0;2017
5216007;210.0;32634.0;2017
5216304;279.0;83246.0;2017
5216403;760.0;283555.0;2017
5216452;201.0;72707.0;2017
5216809;955.0;43229.0;2017
5216908;554.0;78489.0;2017
5217104;2135.0;235947.0;2017
5217203;998.0;186851.0;2017
5217302;2022.0;159708.0;2017
5217401;676.0;88976.0;2017
5217609;1341.0;117990.0;2017
5217708;1028.0;127267.0;2017
5218003;1926.0;458207.0;2017
5218052;45.0;52476.0;2017
5218102;277.0;33505.0;2017
5218300;1461.0;141484.0;2017
5218391;295.0;28340.0;2017
5218508;1234.0;303224.0;2017
5218607;239.0;13623.0;2017
5218706;177.0;14765.0;2017
5218789;367.0;21768.0;2017
5218805;2970.0;649030.0;2017
5218904;872.0;64210.0;2017
5219001;494.0;44174.0;2017
5219100;158.0;13485.0;2017
5219209;673.0;88288.0;2017
5219258;300.0;114029.0;2017
5219308;563.0;88622.0;2017
5219357;516.0;64501.0;2017
5219407;243.0;67549.0;2017
5219456;467.0;71499.0;2017
5219506;255.0;12056.0;2017
5219605;208.0;79412.0;2017
5219704;655.0;98990.0;2017
5219712;173.0;36365.0;2017
5219738;128.0;11516.0;2017
5219753;583.0;54777.0;2017
5219803;1112.0;199377.0;2017
5219902;630.0;35224.0;2017
5220009;1088.0;189870.0;2017
5220058;179.0;21154.0;2017
5220108;1212.0;71917.0;2017
5220157;258.0;57114.0;2017
5220207;1083.0;582493.0;2017
5220264;589.0;47066.0;2017
5220280;291.0;14290.0;2017
5220405;83.0;32213.0;2017
5220454;208.0;12202.0;2017
5220504;494.0;432258.0;2017
5220603;2091.0;199617.0;2017
5220686;402.0;26790.0;2017
5220702;440.0;133857.0;2017
5221007;296.0;11853.0;2017
5221080;165.0;46749.0;2017
5221197;105.0;8396.0;2017
5221304;147.0;11226.0;2017
5221403;723.0;60128.0;2017
5221452;504.0;58554.0;2017
5221502;429.0;47446.0;2017
5221551;195.0;54800.0;2017
5221577;410.0;109968.0;2017
5221601;937.0;148206.0;2017
5221700;727.0;46291.0;2017
5221809;384.0;57501.0;2017
5221858;6.0;31.0;2017
5221908;502.0;48366.0;2017
5222005;843.0;79967.0;2017
5222054;158.0;62341.0;2017
5222203;149.0;84770.0;2017
5222302;854.0;186118.0;2017
5300108;5246.0;257047.0;2017
