cod_ibge;valor_contratado;area_ha;ano_ref;finalidade;fonte
1100015;119636876.06;17774.91;2025;Custeio;BCB/SICOR (MDCR)
1100015;43649835.46;4370.14;2025;Investimento;BCB/SICOR (MDCR)
1100023;164611127.92;33354.2;2025;Custeio;BCB/SICOR (MDCR)
1100023;87809073.88;8828.289999999999;2025;Investimento;BCB/SICOR (MDCR)
1100031;59360774.76;14168.36;2025;Custeio;BCB/SICOR (MDCR)
1100031;26946168.07;4279.17;2025;Investimento;BCB/SICOR (MDCR)
1100049;117275831.78;22997.34;2025;Custeio;BCB/SICOR (MDCR)
1100049;87757591.01;5542.75;2025;Investimento;BCB/SICOR (MDCR)
1100056;99178908.62;18104.920000000002;2025;Custeio;BCB/SICOR (MDCR)
1100056;36517733.76;1224.72;2025;Investimento;BCB/SICOR (MDCR)
1100064;65465527.35;11916.98;2025;Custeio;BCB/SICOR (MDCR)
1100064;36685497.57;3470.93;2025;Investimento;BCB/SICOR (MDCR)
1100072;283289833.94;40331.36;2025;Custeio;BCB/SICOR (MDCR)
1100072;78730079.47;11805.980000000001;2025;Investimento;BCB/SICOR (MDCR)
1100080;56662582.88;9880.68;2025;Custeio;BCB/SICOR (MDCR)
1100080;24963803.7;2656.12;2025;Investimento;BCB/SICOR (MDCR)
1100098;119068444.84;20958.25;2025;Custeio;BCB/SICOR (MDCR)
1100098;51788370.6;9051.43;2025;Investimento;BCB/SICOR (MDCR)
1100106;24367642.21;4825.49;2025;Custeio;BCB/SICOR (MDCR)
1100106;14793181.69;2114.76;2025;Investimento;BCB/SICOR (MDCR)
1100114;131704670.44;35099.85;2025;Custeio;BCB/SICOR (MDCR)
1100114;66568474.46;10489.53;2025;Investimento;BCB/SICOR (MDCR)
1100122;76931223.46;17040.97;2025;Custeio;BCB/SICOR (MDCR)
1100122;77995202.6;6168.67;2025;Investimento;BCB/SICOR (MDCR)
1100130;128230516.47;26919.21;2025;Custeio;BCB/SICOR (MDCR)
1100130;58638415.42;6219.07;2025;Investimento;BCB/SICOR (MDCR)
1100148;59327729.24;6407.29;2025;Custeio;BCB/SICOR (MDCR)
1100148;50886925.6;2551.25;2025;Investimento;BCB/SICOR (MDCR)
1100155;101041316.8;19194.1;2025;Custeio;BCB/SICOR (MDCR)
1100155;39037509.45;5317.46;2025;Investimento;BCB/SICOR (MDCR)
1100189;165527486.24;30088.72;2025;Custeio;BCB/SICOR (MDCR)
1100189;69308957.9;14556.39;2025;Investimento;BCB/SICOR (MDCR)
1100205;379404512.37;73064.06;2025;Custeio;BCB/SICOR (MDCR)
1100205;149922210.47;21220.38;2025;Investimento;BCB/SICOR (MDCR)
1100254;106282398.55;28253.79;2025;Custeio;BCB/SICOR (MDCR)
1100254;32084368.15;5199.2;2025;Investimento;BCB/SICOR (MDCR)
1100262;94402355.39;18748.9;2025;Custeio;BCB/SICOR (MDCR)
1100262;21343514.24;2387.22;2025;Investimento;BCB/SICOR (MDCR)
1100288;46282595.76;8590.48;2025;Custeio;BCB/SICOR (MDCR)
1100288;39498867.15;2195.15;2025;Investimento;BCB/SICOR (MDCR)
1100296;60542758.26;12683.78;2025;Custeio;BCB/SICOR (MDCR)
1100296;23243289.81;3049.4;2025;Investimento;BCB/SICOR (MDCR)
1100304;155839351.34;18557.7;2025;Custeio;BCB/SICOR (MDCR)
1100304;41872730.54;9013.43;2025;Investimento;BCB/SICOR (MDCR)
1100320;57408517.68;9346.130000000001;2025;Custeio;BCB/SICOR (MDCR)
1100320;34644186.03;2223.87;2025;Investimento;BCB/SICOR (MDCR)
1100338;130867899.03999999;31613.31;2025;Custeio;BCB/SICOR (MDCR)
1100338;47185682.269999996;6747.34;2025;Investimento;BCB/SICOR (MDCR)
1100346;91984068.17;16587.67;2025;Custeio;BCB/SICOR (MDCR)
1100346;60998385.64;4893.4;2025;Investimento;BCB/SICOR (MDCR)
1100379;57011320.910000004;10552.84;2025;Custeio;BCB/SICOR (MDCR)
1100379;34343584.33;3058.03;2025;Investimento;BCB/SICOR (MDCR)
1100403;85869154.61;20147.86;2025;Custeio;BCB/SICOR (MDCR)
1100403;54347430.44;5945.14;2025;Investimento;BCB/SICOR (MDCR)
1100452;62105417.75;18938.34;2025;Custeio;BCB/SICOR (MDCR)
1100452;29285008.73;9863.34;2025;Investimento;BCB/SICOR (MDCR)
1100502;41639286.78;5803.32;2025;Custeio;BCB/SICOR (MDCR)
1100502;24626820.48;2362.67;2025;Investimento;BCB/SICOR (MDCR)
1100601;71241647.53;16570.28;2025;Custeio;BCB/SICOR (MDCR)
1100601;34441036.26;4696.97;2025;Investimento;BCB/SICOR (MDCR)
1100700;63128923.78;18624.53;2025;Custeio;BCB/SICOR (MDCR)
1100700;31246536.9;6106.32;2025;Investimento;BCB/SICOR (MDCR)
1100809;87393911.27;18747.51;2025;Custeio;BCB/SICOR (MDCR)
1100809;50151564.45;4256.05;2025;Investimento;BCB/SICOR (MDCR)
1100908;21146867.62;3208.12;2025;Custeio;BCB/SICOR (MDCR)
1100908;15038558.33;1024.05;2025;Investimento;BCB/SICOR (MDCR)
1100924;243866129.58;37368.92;2025;Custeio;BCB/SICOR (MDCR)
1100924;68349384.1;4559.68;2025;Investimento;BCB/SICOR (MDCR)
1100940;56678407.24;12572.73;2025;Custeio;BCB/SICOR (MDCR)
1100940;39336288.95;2858.58;2025;Investimento;BCB/SICOR (MDCR)
1101005;92853135.65;20708.3;2025;Custeio;BCB/SICOR (MDCR)
1101005;34616385.44;6180.98;2025;Investimento;BCB/SICOR (MDCR)
1101104;20350155.38;6379.43;2025;Custeio;BCB/SICOR (MDCR)
1101104;14431334.4;1322.35;2025;Investimento;BCB/SICOR (MDCR)
1101203;33309104.02;4941.55;2025;Custeio;BCB/SICOR (MDCR)
1101203;15773740.84;1341.89;2025;Investimento;BCB/SICOR (MDCR)
1101302;39074947.21;6303.56;2025;Custeio;BCB/SICOR (MDCR)
1101302;19096826.99;1328.01;2025;Investimento;BCB/SICOR (MDCR)
1101401;77787453.0;19847.18;2025;Custeio;BCB/SICOR (MDCR)
1101401;55363106.96;4611.16;2025;Investimento;BCB/SICOR (MDCR)
1101435;38271967.89;6829.74;2025;Custeio;BCB/SICOR (MDCR)
1101435;12988961.09;1756.52;2025;Investimento;BCB/SICOR (MDCR)
1101450;77849641.05;11697.13;2025;Custeio;BCB/SICOR (MDCR)
1101450;12525031.18;2639.85;2025;Investimento;BCB/SICOR (MDCR)
1101468;113848384.92;23609.91;2025;Custeio;BCB/SICOR (MDCR)
1101468;20350222.12;559.01;2025;Investimento;BCB/SICOR (MDCR)
1101476;14953129.19;2691.44;2025;Custeio;BCB/SICOR (MDCR)
1101476;5993447.32;526.4300000000001;2025;Investimento;BCB/SICOR (MDCR)
1101484;17957917.44;1694.8;2025;Custeio;BCB/SICOR (MDCR)
1101484;9546376.790000001;1748.85;2025;Investimento;BCB/SICOR (MDCR)
1101492;68407758.57000001;13579.19;2025;Custeio;BCB/SICOR (MDCR)
1101492;54737551.13;8984.35;2025;Investimento;BCB/SICOR (MDCR)
1101500;101854813.2;15463.61;2025;Custeio;BCB/SICOR (MDCR)
1101500;41638854.75;2903.14;2025;Investimento;BCB/SICOR (MDCR)
1101559;29347868.72;4074.53;2025;Custeio;BCB/SICOR (MDCR)
1101559;12567511.47;1984.5;2025;Investimento;BCB/SICOR (MDCR)
1101609;112402211.11;28604.4;2025;Custeio;BCB/SICOR (MDCR)
1101609;34164471.87;6131.64;2025;Investimento;BCB/SICOR (MDCR)
1101708;60215051.23;8269.19;2025;Custeio;BCB/SICOR (MDCR)
1101708;40083472.11;3024.87;2025;Investimento;BCB/SICOR (MDCR)
1101757;41066170.48;9603.33;2025;Custeio;BCB/SICOR (MDCR)
1101757;26288008.09;2649.09;2025;Investimento;BCB/SICOR (MDCR)
1101807;38960889.26;9336.72;2025;Custeio;BCB/SICOR (MDCR)
1101807;19415387.64;1752.27;2025;Investimento;BCB/SICOR (MDCR)
1200013;41866688.05;5631.39;2025;Custeio;BCB/SICOR (MDCR)
1200013;26952437.24;2986.97;2025;Investimento;BCB/SICOR (MDCR)
1200054;5956862.37;1847.6000000000001;2025;Custeio;BCB/SICOR (MDCR)
1200054;8803175.82;202.19;2025;Investimento;BCB/SICOR (MDCR)
1200104;42664899.85;9028.09;2025;Custeio;BCB/SICOR (MDCR)
1200104;25190466.29;1558.26;2025;Investimento;BCB/SICOR (MDCR)
1200138;74222076.69;15004.21;2025;Custeio;BCB/SICOR (MDCR)
1200138;33989023.55;2436.99;2025;Investimento;BCB/SICOR (MDCR)
1200179;25761008.25;4889.91;2025;Custeio;BCB/SICOR (MDCR)
1200179;5883357.51;4192.96;2025;Investimento;BCB/SICOR (MDCR)
1200203;6047488.77;1044.65;2025;Custeio;BCB/SICOR (MDCR)
1200203;17971909.37;364.57;2025;Investimento;BCB/SICOR (MDCR)
1200252;17748152.35;3603.29;2025;Custeio;BCB/SICOR (MDCR)
1200252;12611190.24;838.41;2025;Investimento;BCB/SICOR (MDCR)
1200302;12780224.42;3171.83;2025;Custeio;BCB/SICOR (MDCR)
1200302;12791694.66;2084.8199999999997;2025;Investimento;BCB/SICOR (MDCR)
1200328;3409010.42;666.0500000000001;2025;Custeio;BCB/SICOR (MDCR)
1200328;1075845.35;45.3;2025;Investimento;BCB/SICOR (MDCR)
1200336;4231571.72;1521.22;2025;Custeio;BCB/SICOR (MDCR)
1200336;10233095.61;112.53;2025;Investimento;BCB/SICOR (MDCR)
1200344;5815530.47;651.58;2025;Custeio;BCB/SICOR (MDCR)
1200344;5001472.35;711.4399999999999;2025;Investimento;BCB/SICOR (MDCR)
1200351;66780.0;7.06;2025;Custeio;BCB/SICOR (MDCR)
1200351;3552107.36;27.8;2025;Investimento;BCB/SICOR (MDCR)
1200385;50309299.94;7217.99;2025;Custeio;BCB/SICOR (MDCR)
1200385;24332264.68;2111.82;2025;Investimento;BCB/SICOR (MDCR)
1200393;42221.11;17.54;2025;Custeio;BCB/SICOR (MDCR)
1200393;2364721.41;68.79;2025;Investimento;BCB/SICOR (MDCR)
1200401;71817077.66;13204.53;2025;Custeio;BCB/SICOR (MDCR)
1200401;46834075.53;2952.73;2025;Investimento;BCB/SICOR (MDCR)
1200427;5614654.67;888.84;2025;Custeio;BCB/SICOR (MDCR)
1200427;4954822.75;249.67;2025;Investimento;BCB/SICOR (MDCR)
1200435;99000.0;26.56;2025;Custeio;BCB/SICOR (MDCR)
1200435;356415.71;4.43;2025;Investimento;BCB/SICOR (MDCR)
1200450;83391805.73;9729.34;2025;Custeio;BCB/SICOR (MDCR)
1200450;31133860.8;1615.84;2025;Investimento;BCB/SICOR (MDCR)
1200500;61385612.46;7821.74;2025;Custeio;BCB/SICOR (MDCR)
1200500;32661167.68;1801.61;2025;Investimento;BCB/SICOR (MDCR)
1200609;39410317.7;7528.22;2025;Custeio;BCB/SICOR (MDCR)
1200609;20288018.12;1911.66;2025;Investimento;BCB/SICOR (MDCR)
1200708;22577234.07;14763.189999999999;2025;Custeio;BCB/SICOR (MDCR)
1200708;11093442.9;1320.57;2025;Investimento;BCB/SICOR (MDCR)
1200807;46380082.66;7677.43;2025;Custeio;BCB/SICOR (MDCR)
1200807;18757635.84;1402.6499999999999;2025;Investimento;BCB/SICOR (MDCR)
1300029;20705.0;0.0;2025;Custeio;BCB/SICOR (MDCR)
1300029;273228.0;0.0;2025;Investimento;BCB/SICOR (MDCR)
1300086;106248.0;0.0;2025;Investimento;BCB/SICOR (MDCR)
1300102;376797.36;0.0;2025;Investimento;BCB/SICOR (MDCR)
1300144;16194800.88;1876.88;2025;Custeio;BCB/SICOR (MDCR)
1300144;7405679.42;730.06;2025;Investimento;BCB/SICOR (MDCR)
1300201;232127.0;0.0;2025;Investimento;BCB/SICOR (MDCR)
1300300;174660.0;77.39;2025;Custeio;BCB/SICOR (MDCR)
1300300;547000.0;10.62;2025;Investimento;BCB/SICOR (MDCR)
1300409;14463.09;0.0;2025;Custeio;BCB/SICOR (MDCR)
1300409;68152.5;0.0;2025;Investimento;BCB/SICOR (MDCR)
1300508;382776.20999999996;79.35000000000001;2025;Custeio;BCB/SICOR (MDCR)
1300508;1260371.91;0.0;2025;Investimento;BCB/SICOR (MDCR)
1300607;209933.0;0.0;2025;Investimento;BCB/SICOR (MDCR)
1300631;176000.0;0.0;2025;Investimento;BCB/SICOR (MDCR)
1300680;137237.3;14.629999999999999;2025;Custeio;BCB/SICOR (MDCR)
1300680;604199.29;0.0;2025;Investimento;BCB/SICOR (MDCR)
1300706;19549530.8;7869.650000000001;2025;Custeio;BCB/SICOR (MDCR)
1300706;2932537.52;877.66;2025;Investimento;BCB/SICOR (MDCR)
1300805;587134.99;0.0;2025;Custeio;BCB/SICOR (MDCR)
1300805;3678496.99;0.0;2025;Investimento;BCB/SICOR (MDCR)
1300839;183888.0;2.0;2025;Investimento;BCB/SICOR (MDCR)
1300904;5369724.05;1454.77;2025;Custeio;BCB/SICOR (MDCR)
1300904;2379755.91;359.57;2025;Investimento;BCB/SICOR (MDCR)
1301001;1684991.82;80.72;2025;Investimento;BCB/SICOR (MDCR)
1301100;753186.6699999999;15.55;2025;Custeio;BCB/SICOR (MDCR)
1301100;1851579.52;87.5;2025;Investimento;BCB/SICOR (MDCR)
1301159;808610.26;75.51;2025;Custeio;BCB/SICOR (MDCR)
1301159;526477.0;25.0;2025;Investimento;BCB/SICOR (MDCR)
1301209;901187.73;35.32000000000001;2025;Custeio;BCB/SICOR (MDCR)
1301209;2960038.38;0.0;2025;Investimento;BCB/SICOR (MDCR)
1301308;1414394.02;119.6;2025;Custeio;BCB/SICOR (MDCR)
1301308;198327.78;18.88;2025;Investimento;BCB/SICOR (MDCR)
1301407;200000.0;4.27;2025;Custeio;BCB/SICOR (MDCR)
1301407;230960.0;0.0;2025;Investimento;BCB/SICOR (MDCR)
1301506;265520.0;45.099999999999994;2025;Custeio;BCB/SICOR (MDCR)
1301506;12000.0;0.0;2025;Investimento;BCB/SICOR (MDCR)
1301605;299976.0;0.0;2025;Investimento;BCB/SICOR (MDCR)
1301654;2705584.71;1198.8400000000001;2025;Custeio;BCB/SICOR (MDCR)
1301654;5462170.36;33.92;2025;Investimento;BCB/SICOR (MDCR)
1301704;8072375.26;2289.7400000000002;2025;Custeio;BCB/SICOR (MDCR)
1301704;13093137.34;1186.7700000000002;2025;Investimento;BCB/SICOR (MDCR)
1301803;128495.37;105.77000000000001;2025;Custeio;BCB/SICOR (MDCR)
1301803;172000.0;0.0;2025;Investimento;BCB/SICOR (MDCR)
1301852;50000.0;0.13;2025;Custeio;BCB/SICOR (MDCR)
1301852;1532903.64;75.78;2025;Investimento;BCB/SICOR (MDCR)
1301902;6818078.79;1518.23;2025;Custeio;BCB/SICOR (MDCR)
1301902;12433060.33;218.13;2025;Investimento;BCB/SICOR (MDCR)
1301951;12000.0;0.0;2025;Investimento;BCB/SICOR (MDCR)
1302009;78216.0;3.0;2025;Investimento;BCB/SICOR (MDCR)
1302207;31000.0;1.0;2025;Investimento;BCB/SICOR (MDCR)
1302306;482260.0;88.52;2025;Custeio;BCB/SICOR (MDCR)
1302306;27000.0;0.0;2025;Investimento;BCB/SICOR (MDCR)
1302405;11787430.77;3060.51;2025;Custeio;BCB/SICOR (MDCR)
1302405;3123714.38;243.57;2025;Investimento;BCB/SICOR (MDCR)
1302504;2335641.96;8.18;2025;Custeio;BCB/SICOR (MDCR)
1302504;8460146.72;61.22;2025;Investimento;BCB/SICOR (MDCR)
1302553;123379.2;22.2;2025;Custeio;BCB/SICOR (MDCR)
1302553;814253.0;28.0;2025;Investimento;BCB/SICOR (MDCR)
1302603;59931636.82;311.1;2025;Custeio;BCB/SICOR (MDCR)
1302603;10021144.46;934.74;2025;Investimento;BCB/SICOR (MDCR)
1302702;6115788.609999999;960.63;2025;Custeio;BCB/SICOR (MDCR)
1302702;3926104.63;451.73;2025;Investimento;BCB/SICOR (MDCR)
1302801;352564.68;0.0;2025;Investimento;BCB/SICOR (MDCR)
1302900;78000.0;1.0;2025;Investimento;BCB/SICOR (MDCR)
1303007;1455433.4;469.02;2025;Custeio;BCB/SICOR (MDCR)
1303007;912993.61;6.3;2025;Investimento;BCB/SICOR (MDCR)
1303106;950459.0;181.28;2025;Custeio;BCB/SICOR (MDCR)
1303106;145010.28;0.0;2025;Investimento;BCB/SICOR (MDCR)
1303205;261642.33000000002;15.0;2025;Investimento;BCB/SICOR (MDCR)
1303304;1949458.69;327.17;2025;Custeio;BCB/SICOR (MDCR)
1303304;1456680.0;11.18;2025;Investimento;BCB/SICOR (MDCR)
1303403;1717036.54;492.28;2025;Custeio;BCB/SICOR (MDCR)
1303403;3427333.41;42.11;2025;Investimento;BCB/SICOR (MDCR)
1303502;1141440.75;126.17;2025;Custeio;BCB/SICOR (MDCR)
1303502;186287.15;60.160000000000004;2025;Investimento;BCB/SICOR (MDCR)
1303536;154969.16;6.390000000000001;2025;Custeio;BCB/SICOR (MDCR)
1303536;962982.43;23.52;2025;Investimento;BCB/SICOR (MDCR)
1303569;1808947.41;20.06;2025;Custeio;BCB/SICOR (MDCR)
1303569;1256098.46;58.0;2025;Investimento;BCB/SICOR (MDCR)
1303601;31637.85;0.0;2025;Custeio;BCB/SICOR (MDCR)
1303601;523875.0;0.0;2025;Investimento;BCB/SICOR (MDCR)
1303908;1272090.83;0.0;2025;Investimento;BCB/SICOR (MDCR)
1303957;200484.0;55.04;2025;Custeio;BCB/SICOR (MDCR)
1303957;349572.27;0.0;2025;Investimento;BCB/SICOR (MDCR)
1304005;440880.89;238.98000000000002;2025;Custeio;BCB/SICOR (MDCR)
1304005;568800.33;21.0;2025;Investimento;BCB/SICOR (MDCR)
1304062;3952139.17;0.0;2025;Investimento;BCB/SICOR (MDCR)
1304104;318256.75;80.99000000000001;2025;Custeio;BCB/SICOR (MDCR)
1304104;906708.8200000001;100.38;2025;Investimento;BCB/SICOR (MDCR)
1304203;1025397.5700000001;5.04;2025;Custeio;BCB/SICOR (MDCR)
1304203;5288157.87;0.49;2025;Investimento;BCB/SICOR (MDCR)
1304260;216772.0;0.0;2025;Investimento;BCB/SICOR (MDCR)
1304302;950650.66;220.01999999999998;2025;Custeio;BCB/SICOR (MDCR)
1304302;681287.92;0.0;2025;Investimento;BCB/SICOR (MDCR)
1304401;301145.33;53.59;2025;Custeio;BCB/SICOR (MDCR)
1304401;1240080.54;2.0;2025;Investimento;BCB/SICOR (MDCR)
1400027;38980114.24;10051.11;2025;Custeio;BCB/SICOR (MDCR)
1400027;32573320.87;5619.8099999999995;2025;Investimento;BCB/SICOR (MDCR)
1400050;66865256.59;10618.890000000001;2025;Custeio;BCB/SICOR (MDCR)
1400050;55872492.23;8879.27;2025;Investimento;BCB/SICOR (MDCR)
1400100;74022254.36;11692.539999999999;2025;Custeio;BCB/SICOR (MDCR)
1400100;59100523.19;7249.83;2025;Investimento;BCB/SICOR (MDCR)
1400159;87093394.99;15185.97;2025;Custeio;BCB/SICOR (MDCR)
1400159;47935647.54;5808.73;2025;Investimento;BCB/SICOR (MDCR)
1400175;24206680.43;3713.31;2025;Custeio;BCB/SICOR (MDCR)
1400175;20713250.77;1379.42;2025;Investimento;BCB/SICOR (MDCR)
1400209;29932643.14;5287.67;2025;Custeio;BCB/SICOR (MDCR)
1400209;19649333.24;3652.96;2025;Investimento;BCB/SICOR (MDCR)
1400233;15273164.73;2469.3;2025;Custeio;BCB/SICOR (MDCR)
1400233;20003332.0;1546.99;2025;Investimento;BCB/SICOR (MDCR)
1400282;6643356.79;1245.32;2025;Custeio;BCB/SICOR (MDCR)
1400282;8853711.95;1667.05;2025;Investimento;BCB/SICOR (MDCR)
1400308;18124456.63;3521.55;2025;Custeio;BCB/SICOR (MDCR)
1400308;27257849.49;4019.88;2025;Investimento;BCB/SICOR (MDCR)
1400407;178795.18;164.13;2025;Custeio;BCB/SICOR (MDCR)
1400407;468532.45;7.0;2025;Investimento;BCB/SICOR (MDCR)
1400456;1350030.34;8.22;2025;Investimento;BCB/SICOR (MDCR)
1400472;19590269.78;3449.27;2025;Custeio;BCB/SICOR (MDCR)
1400472;16480724.02;1242.8;2025;Investimento;BCB/SICOR (MDCR)
1400506;6005072.28;1394.33;2025;Custeio;BCB/SICOR (MDCR)
1400506;7289197.19;365.38;2025;Investimento;BCB/SICOR (MDCR)
1400605;13919639.200000001;2822.46;2025;Custeio;BCB/SICOR (MDCR)
1400605;8046588.28;963.64;2025;Investimento;BCB/SICOR (MDCR)
1400704;908416.0;36.0;2025;Investimento;BCB/SICOR (MDCR)
1500107;75476152.11;68.91;2025;Custeio;BCB/SICOR (MDCR)
1500107;17804504.86;999.34;2025;Investimento;BCB/SICOR (MDCR)
1500131;26198669.02;5475.47;2025;Custeio;BCB/SICOR (MDCR)
1500131;12219590.14;4183.81;2025;Investimento;BCB/SICOR (MDCR)
1500206;4394834.5;361.36;2025;Custeio;BCB/SICOR (MDCR)
1500206;33251784.349999998;1498.6;2025;Investimento;BCB/SICOR (MDCR)
1500305;12986800.48;880.11;2025;Investimento;BCB/SICOR (MDCR)
1500347;112413002.98;39016.44;2025;Custeio;BCB/SICOR (MDCR)
1500347;77481143.34;11282.470000000001;2025;Investimento;BCB/SICOR (MDCR)
1500404;30211233.27;12163.67;2025;Custeio;BCB/SICOR (MDCR)
1500404;13983627.89;3569.45;2025;Investimento;BCB/SICOR (MDCR)
1500503;4730848.24;1761.75;2025;Custeio;BCB/SICOR (MDCR)
1500503;3084903.6;267.03999999999996;2025;Investimento;BCB/SICOR (MDCR)
1500602;59156914.14;16898.81;2025;Custeio;BCB/SICOR (MDCR)
1500602;24994727.2;2851.2200000000003;2025;Investimento;BCB/SICOR (MDCR)
1500701;5318438.54;888.1999999999999;2025;Investimento;BCB/SICOR (MDCR)
1500800;906700.01;13567.89;2025;Investimento;BCB/SICOR (MDCR)
1500859;20611039.509999998;5843.1;2025;Custeio;BCB/SICOR (MDCR)
1500859;23427993.46;4203.93;2025;Investimento;BCB/SICOR (MDCR)
1500909;3021459.66;534.77;2025;Custeio;BCB/SICOR (MDCR)
1500909;2686988.55;2726.88;2025;Investimento;BCB/SICOR (MDCR)
1500958;31750404.32;6912.67;2025;Custeio;BCB/SICOR (MDCR)
1500958;32574789.8;7695.7;2025;Investimento;BCB/SICOR (MDCR)
1501006;125402.29000000001;76.13;2025;Custeio;BCB/SICOR (MDCR)
1501006;8000.0;0.0;2025;Investimento;BCB/SICOR (MDCR)
1501105;10732963.65;564.6800000000001;2025;Investimento;BCB/SICOR (MDCR)
1501204;19987287.44;8989.73;2025;Custeio;BCB/SICOR (MDCR)
1501204;21630366.03;1969.01;2025;Investimento;BCB/SICOR (MDCR)
1501253;84692159.14;19729.03;2025;Custeio;BCB/SICOR (MDCR)
1501253;59436291.19;8263.58;2025;Investimento;BCB/SICOR (MDCR)
1501303;771676.24;117.77;2025;Custeio;BCB/SICOR (MDCR)
1501303;5778657.55;716.52;2025;Investimento;BCB/SICOR (MDCR)
1501402;679000.0;7.15;2025;Custeio;BCB/SICOR (MDCR)
1501402;3642465.33;24014.55;2025;Investimento;BCB/SICOR (MDCR)
1501451;23681600.44;3815.7400000000002;2025;Custeio;BCB/SICOR (MDCR)
1501451;18656116.84;1105.72;2025;Investimento;BCB/SICOR (MDCR)
1501501;100000.0;0.1;2025;Custeio;BCB/SICOR (MDCR)
1501501;438690.08999999997;24.5;2025;Investimento;BCB/SICOR (MDCR)
1501576;57399457.1;17044.43;2025;Custeio;BCB/SICOR (MDCR)
1501576;36709278.8;5645.98;2025;Investimento;BCB/SICOR (MDCR)
1501600;11320563.709999999;573.31;2025;Custeio;BCB/SICOR (MDCR)
1501600;595000.0;232.19;2025;Investimento;BCB/SICOR (MDCR)
1501709;12463350.73;1866.3700000000001;2025;Custeio;BCB/SICOR (MDCR)
1501709;11799184.38;5298.12;2025;Investimento;BCB/SICOR (MDCR)
1501725;28691920.0;12009.960000000001;2025;Custeio;BCB/SICOR (MDCR)
1501725;22461569.12;3172.22;2025;Investimento;BCB/SICOR (MDCR)
1501758;45972304.14;10251.58;2025;Custeio;BCB/SICOR (MDCR)
1501758;33187271.27;5217.16;2025;Investimento;BCB/SICOR (MDCR)
1501782;28524794.09;10655.96;2025;Custeio;BCB/SICOR (MDCR)
1501782;21551379.04;3648.52;2025;Investimento;BCB/SICOR (MDCR)
1501808;94000.0;10.35;2025;Custeio;BCB/SICOR (MDCR)
1501808;29889911.47;2543.2;2025;Investimento;BCB/SICOR (MDCR)
1501907;518097.45;206.60000000000002;2025;Custeio;BCB/SICOR (MDCR)
1501907;4050767.64;865.58;2025;Investimento;BCB/SICOR (MDCR)
1501956;8305993.64;1826.83;2025;Custeio;BCB/SICOR (MDCR)
1501956;4583331.85;1702.61;2025;Investimento;BCB/SICOR (MDCR)
1502004;1469191.04;60.699999999999996;2025;Investimento;BCB/SICOR (MDCR)
1502103;1064810.46;56.64;2025;Custeio;BCB/SICOR (MDCR)
1502103;78581572.67;2739.33;2025;Investimento;BCB/SICOR (MDCR)
1502152;22762065.91;3901.2200000000003;2025;Custeio;BCB/SICOR (MDCR)
1502152;57198192.059999995;5236.4400000000005;2025;Investimento;BCB/SICOR (MDCR)
1502202;3479531.83;846.65;2025;Custeio;BCB/SICOR (MDCR)
1502202;2615978.0;2441.46;2025;Investimento;BCB/SICOR (MDCR)
1502301;15158418.67;2258.17;2025;Custeio;BCB/SICOR (MDCR)
1502301;26066035.18;13397.57;2025;Investimento;BCB/SICOR (MDCR)
1502400;11031480.22;2807.57;2025;Custeio;BCB/SICOR (MDCR)
1502400;6974679.470000001;862.6;2025;Investimento;BCB/SICOR (MDCR)
1502509;150000.0;17.96;2025;Custeio;BCB/SICOR (MDCR)
1502509;3172058.98;99.64999999999999;2025;Investimento;BCB/SICOR (MDCR)
1502608;180600.0;228.24;2025;Investimento;BCB/SICOR (MDCR)
1502707;141578172.77;32153.72;2025;Custeio;BCB/SICOR (MDCR)
1502707;108994276.37;16715.91;2025;Investimento;BCB/SICOR (MDCR)
1502756;327476.52;22.99;2025;Custeio;BCB/SICOR (MDCR)
1502756;3365530.19;124.46000000000001;2025;Investimento;BCB/SICOR (MDCR)
1502764;178738689.78;43320.94;2025;Custeio;BCB/SICOR (MDCR)
1502764;124690243.56;20830.79;2025;Investimento;BCB/SICOR (MDCR)
1502772;121808080.02000001;22512.56;2025;Custeio;BCB/SICOR (MDCR)
1502772;16845391.4;3819.96;2025;Investimento;BCB/SICOR (MDCR)
1502806;130000.0;9.19;2025;Custeio;BCB/SICOR (MDCR)
1502806;7310156.1899999995;510.26;2025;Investimento;BCB/SICOR (MDCR)
1502855;628293.85;736.08;2025;Custeio;BCB/SICOR (MDCR)
1502855;3198676.72;0.0;2025;Investimento;BCB/SICOR (MDCR)
1502905;839579.68;83.5;2025;Custeio;BCB/SICOR (MDCR)
1502905;1373377.75;168.79;2025;Investimento;BCB/SICOR (MDCR)
1502939;185413092.07999998;37009.09;2025;Custeio;BCB/SICOR (MDCR)
1502939;73166068.26;5269.51;2025;Investimento;BCB/SICOR (MDCR)
1502954;54529812.94;22498.78;2025;Custeio;BCB/SICOR (MDCR)
1502954;37807966.550000004;8245.77;2025;Investimento;BCB/SICOR (MDCR)
1503002;77547.2;310.57;2025;Custeio;BCB/SICOR (MDCR)
1503002;201000.0;0.0;2025;Investimento;BCB/SICOR (MDCR)
1503044;89563774.64;22511.74;2025;Custeio;BCB/SICOR (MDCR)
1503044;43923300.589999996;9380.74;2025;Investimento;BCB/SICOR (MDCR)
1503077;1573955.25;693.83;2025;Custeio;BCB/SICOR (MDCR)
1503077;32113857.5;3036.42;2025;Investimento;BCB/SICOR (MDCR)
1503093;67474126.11;16231.6;2025;Custeio;BCB/SICOR (MDCR)
1503093;57007804.29;9472.49;2025;Investimento;BCB/SICOR (MDCR)
1503101;3600230.81;1899.2;2025;Custeio;BCB/SICOR (MDCR)
1503101;20621742.16;1572.27;2025;Investimento;BCB/SICOR (MDCR)
1503200;3722686.13;279.15000000000003;2025;Custeio;BCB/SICOR (MDCR)
1503200;2994162.1;1103.22;2025;Investimento;BCB/SICOR (MDCR)
1503309;1056321.4;188.37;2025;Custeio;BCB/SICOR (MDCR)
1503309;12773430.81;826.91;2025;Investimento;BCB/SICOR (MDCR)
1503408;154839.5;20.96;2025;Custeio;BCB/SICOR (MDCR)
1503408;1667562.0899999999;78.55;2025;Investimento;BCB/SICOR (MDCR)
1503457;62202847.78;16158.23;2025;Custeio;BCB/SICOR (MDCR)
1503457;53362581.64;4689.08;2025;Investimento;BCB/SICOR (MDCR)
1503507;7218603.68;1997.8799999999999;2025;Custeio;BCB/SICOR (MDCR)
1503507;10599303.05;8165.3;2025;Investimento;BCB/SICOR (MDCR)
1503606;12869485.790000001;8972.72;2025;Custeio;BCB/SICOR (MDCR)
1503606;12927046.629999999;1707.26;2025;Investimento;BCB/SICOR (MDCR)
1503705;148758099.13;26193.12;2025;Custeio;BCB/SICOR (MDCR)
1503705;65700027.13;12208.57;2025;Investimento;BCB/SICOR (MDCR)
1503754;20429803.75;14456.949999999999;2025;Custeio;BCB/SICOR (MDCR)
1503754;25009046.29;5804.95;2025;Investimento;BCB/SICOR (MDCR)
1503804;11306853.67;3236.04;2025;Custeio;BCB/SICOR (MDCR)
1503804;13738446.47;1292.17;2025;Investimento;BCB/SICOR (MDCR)
1503903;820440.29;108.03;2025;Custeio;BCB/SICOR (MDCR)
1503903;1274848.21;29.06;2025;Investimento;BCB/SICOR (MDCR)
1504000;55000.0;10.13;2025;Custeio;BCB/SICOR (MDCR)
1504000;21405858.64;1324.27;2025;Investimento;BCB/SICOR (MDCR)
1504059;3089507.4699999997;521.09;2025;Custeio;BCB/SICOR (MDCR)
1504059;4173718.86;3617.9900000000002;2025;Investimento;BCB/SICOR (MDCR)
1504109;29980.49;2.68;2025;Custeio;BCB/SICOR (MDCR)
1504109;1637200.0;360.01;2025;Investimento;BCB/SICOR (MDCR)
1504208;145525245.7;31589.77;2025;Custeio;BCB/SICOR (MDCR)
1504208;95960566.72;14725.89;2025;Investimento;BCB/SICOR (MDCR)
1504307;9145213.45;621.66;2025;Custeio;BCB/SICOR (MDCR)
1504307;1477985.34;330.08;2025;Investimento;BCB/SICOR (MDCR)
1504406;400916.04;44.03;2025;Custeio;BCB/SICOR (MDCR)
1504406;963776.67;610.5699999999999;2025;Investimento;BCB/SICOR (MDCR)
1504422;251000.0;26.27;2025;Investimento;BCB/SICOR (MDCR)
1504455;23229607.42;4482.18;2025;Custeio;BCB/SICOR (MDCR)
1504455;25719664.38;2315.66;2025;Investimento;BCB/SICOR (MDCR)
1504505;6296969.68;582.44;2025;Investimento;BCB/SICOR (MDCR)
1504604;90055.68;10.41;2025;Custeio;BCB/SICOR (MDCR)
1504604;6736749.68;342.72;2025;Investimento;BCB/SICOR (MDCR)
1504703;64380962.06;13867.16;2025;Custeio;BCB/SICOR (MDCR)
1504703;92609339.78;6445.7300000000005;2025;Investimento;BCB/SICOR (MDCR)
1504752;37873867.9;7793.32;2025;Custeio;BCB/SICOR (MDCR)
1504752;25747984.72;1770.47;2025;Investimento;BCB/SICOR (MDCR)
1504802;36588159.07;12468.74;2025;Custeio;BCB/SICOR (MDCR)
1504802;19027618.55;3505.57;2025;Investimento;BCB/SICOR (MDCR)
1504901;201071.96;51.0;2025;Custeio;BCB/SICOR (MDCR)
1504901;18492188.63;720.43;2025;Investimento;BCB/SICOR (MDCR)
1504950;70927868.7;14173.33;2025;Custeio;BCB/SICOR (MDCR)
1504950;12892078.9;975.02;2025;Investimento;BCB/SICOR (MDCR)
1504976;9298915.65;2078.63;2025;Custeio;BCB/SICOR (MDCR)
1504976;8749965.4;1717.11;2025;Investimento;BCB/SICOR (MDCR)
1505007;2073052.3900000001;1289.34;2025;Custeio;BCB/SICOR (MDCR)
1505007;2622259.79;736.9100000000001;2025;Investimento;BCB/SICOR (MDCR)
1505031;76016548.32000001;21193.3;2025;Custeio;BCB/SICOR (MDCR)
1505031;27818866.29;4368.93;2025;Investimento;BCB/SICOR (MDCR)
1505064;137906442.56;23416.48;2025;Custeio;BCB/SICOR (MDCR)
1505064;112832677.27;11768.74;2025;Investimento;BCB/SICOR (MDCR)
1505106;1523917.55;257.40999999999997;2025;Custeio;BCB/SICOR (MDCR)
1505106;4775230.14;126.8;2025;Investimento;BCB/SICOR (MDCR)
1505205;1066415.04;74.76;2025;Custeio;BCB/SICOR (MDCR)
1505205;9695759.42;516.57;2025;Investimento;BCB/SICOR (MDCR)
1505304;4237591.04;1273.0;2025;Custeio;BCB/SICOR (MDCR)
1505304;3657571.69;557.0799999999999;2025;Investimento;BCB/SICOR (MDCR)
1505403;2538499.37;372.09;2025;Custeio;BCB/SICOR (MDCR)
1505403;6569273.12;307.27;2025;Investimento;BCB/SICOR (MDCR)
1505437;23497281.52;6190.72;2025;Custeio;BCB/SICOR (MDCR)
1505437;13726030.76;3230.42;2025;Investimento;BCB/SICOR (MDCR)
1505486;72988706.69;14350.59;2025;Custeio;BCB/SICOR (MDCR)
1505486;63212719.07;9977.24;2025;Investimento;BCB/SICOR (MDCR)
1505494;48323844.65;7309.589999999999;2025;Custeio;BCB/SICOR (MDCR)
1505494;16889315.57;1911.1799999999998;2025;Investimento;BCB/SICOR (MDCR)
1505502;395152698.17;93125.02;2025;Custeio;BCB/SICOR (MDCR)
1505502;126939208.24;22925.82;2025;Investimento;BCB/SICOR (MDCR)
1505536;5232696.1;763.9;2025;Custeio;BCB/SICOR (MDCR)
1505536;7231382.4799999995;775.54;2025;Investimento;BCB/SICOR (MDCR)
1505551;34595508.46;9369.25;2025;Custeio;BCB/SICOR (MDCR)
1505551;7497485.17;1998.1100000000001;2025;Investimento;BCB/SICOR (MDCR)
1505601;11112490.79;3589.44;2025;Custeio;BCB/SICOR (MDCR)
1505601;5037925.14;627.11;2025;Investimento;BCB/SICOR (MDCR)
1505635;123646946.16;28896.59;2025;Custeio;BCB/SICOR (MDCR)
1505635;25265766.01;4314.6900000000005;2025;Investimento;BCB/SICOR (MDCR)
1505650;21275687.12;5614.81;2025;Custeio;BCB/SICOR (MDCR)
1505650;20186560.26;1490.03;2025;Investimento;BCB/SICOR (MDCR)
1505700;1050000.0;207.45;2025;Custeio;BCB/SICOR (MDCR)
1505700;1699050.02;9.35;2025;Investimento;BCB/SICOR (MDCR)
1505809;7761961.43;696.0300000000001;2025;Custeio;BCB/SICOR (MDCR)
1505809;30772906.13;4250.99;2025;Investimento;BCB/SICOR (MDCR)
1505908;4352841.47;2638.48;2025;Custeio;BCB/SICOR (MDCR)
1505908;4944920.13;353.65;2025;Investimento;BCB/SICOR (MDCR)
1506005;4176168.44;1691.85;2025;Custeio;BCB/SICOR (MDCR)
1506005;9253110.23;2138.8500000000004;2025;Investimento;BCB/SICOR (MDCR)
1506104;28924.46;16.65;2025;Custeio;BCB/SICOR (MDCR)
1506104;525015.0;896.89;2025;Investimento;BCB/SICOR (MDCR)
1506112;777365.0;768.63;2025;Investimento;BCB/SICOR (MDCR)
1506138;83593060.73;18471.72;2025;Custeio;BCB/SICOR (MDCR)
1506138;88530419.57;6867.12;2025;Investimento;BCB/SICOR (MDCR)
1506161;108005495.81;25833.97;2025;Custeio;BCB/SICOR (MDCR)
1506161;44348624.48;10627.960000000001;2025;Investimento;BCB/SICOR (MDCR)
1506187;211810068.35999998;51053.57;2025;Custeio;BCB/SICOR (MDCR)
1506187;106998792.17;12594.98;2025;Investimento;BCB/SICOR (MDCR)
1506195;11815273.01;3425.33;2025;Custeio;BCB/SICOR (MDCR)
1506195;8469308.93;1510.8700000000001;2025;Investimento;BCB/SICOR (MDCR)
1506203;735000.0;454.17;2025;Investimento;BCB/SICOR (MDCR)
1506302;725512.38;176.88;2025;Custeio;BCB/SICOR (MDCR)
1506302;1113079.66;4.68;2025;Investimento;BCB/SICOR (MDCR)
1506351;1765942.1;13825.45;2025;Investimento;BCB/SICOR (MDCR)
1506401;312000.0;0.0;2025;Investimento;BCB/SICOR (MDCR)
1506500;3955645.84;127.63000000000001;2025;Custeio;BCB/SICOR (MDCR)
1506500;7571454.03;2960.52;2025;Investimento;BCB/SICOR (MDCR)
1506559;2441551.55;444.46000000000004;2025;Custeio;BCB/SICOR (MDCR)
1506559;13065869.57;1389.34;2025;Investimento;BCB/SICOR (MDCR)
1506583;367677225.63;86270.55;2025;Custeio;BCB/SICOR (MDCR)
1506583;162655482.47;25869.6;2025;Investimento;BCB/SICOR (MDCR)
1506609;183616.03;32.61;2025;Custeio;BCB/SICOR (MDCR)
1506609;1349500.0;90.65;2025;Investimento;BCB/SICOR (MDCR)
1506708;381854502.29;81590.55;2025;Custeio;BCB/SICOR (MDCR)
1506708;316006419.21;38134.079999999994;2025;Investimento;BCB/SICOR (MDCR)
1506807;22309519.3;3944.08;2025;Custeio;BCB/SICOR (MDCR)
1506807;23151369.259999998;354.78000000000003;2025;Investimento;BCB/SICOR (MDCR)
1506906;891298.3300000001;107.56;2025;Custeio;BCB/SICOR (MDCR)
1506906;773000.0;1389.9;2025;Investimento;BCB/SICOR (MDCR)
1507003;187641.44;28.8;2025;Custeio;BCB/SICOR (MDCR)
1507003;2082001.0;23916.47;2025;Investimento;BCB/SICOR (MDCR)
1507102;779545.52;176.58;2025;Custeio;BCB/SICOR (MDCR)
1507102;537600.0;34.5;2025;Investimento;BCB/SICOR (MDCR)
1507151;58383941.47;11037.380000000001;2025;Custeio;BCB/SICOR (MDCR)
1507151;25164434.669999998;3426.56;2025;Investimento;BCB/SICOR (MDCR)
1507201;1818656.67;380.26;2025;Custeio;BCB/SICOR (MDCR)
1507201;15591139.68;2527.95;2025;Investimento;BCB/SICOR (MDCR)
1507300;319052868.1;84849.24;2025;Custeio;BCB/SICOR (MDCR)
1507300;126923209.01;25346.82;2025;Investimento;BCB/SICOR (MDCR)
1507409;566691.2;114.7;2025;Custeio;BCB/SICOR (MDCR)
1507409;2541350.0;230.82999999999998;2025;Investimento;BCB/SICOR (MDCR)
1507458;47142592.22;17963.12;2025;Custeio;BCB/SICOR (MDCR)
1507458;45305499.54;8186.18;2025;Investimento;BCB/SICOR (MDCR)
1507466;250000.0;8.82;2025;Custeio;BCB/SICOR (MDCR)
1507466;1049104.0;52.980000000000004;2025;Investimento;BCB/SICOR (MDCR)
1507474;208320.0;65.44;2025;Custeio;BCB/SICOR (MDCR)
1507474;1068720.73;896.13;2025;Investimento;BCB/SICOR (MDCR)
1507508;26087741.24;4560.12;2025;Custeio;BCB/SICOR (MDCR)
1507508;14573242.28;2425.11;2025;Investimento;BCB/SICOR (MDCR)
1507607;9894111.68;2072.4700000000003;2025;Custeio;BCB/SICOR (MDCR)
1507607;6037177.84;11777.85;2025;Investimento;BCB/SICOR (MDCR)
1507706;20396625.64;1164.6100000000001;2025;Investimento;BCB/SICOR (MDCR)
1507755;31396828.56;13112.95;2025;Custeio;BCB/SICOR (MDCR)
1507755;30833661.479999997;2303.73;2025;Investimento;BCB/SICOR (MDCR)
1507805;4307765.81;782.5899999999999;2025;Custeio;BCB/SICOR (MDCR)
1507805;1007509.2899999999;118.99000000000001;2025;Investimento;BCB/SICOR (MDCR)
1507904;578436.66;1.16;2025;Investimento;BCB/SICOR (MDCR)
1507953;85947110.59;17949.07;2025;Custeio;BCB/SICOR (MDCR)
1507953;58875820.47;6129.54;2025;Investimento;BCB/SICOR (MDCR)
1507961;85154.95;6.61;2025;Custeio;BCB/SICOR (MDCR)
1507961;680569.08;76.39;2025;Investimento;BCB/SICOR (MDCR)
1507979;2101007.64;687.71;2025;Custeio;BCB/SICOR (MDCR)
1507979;171731.25;2.01;2025;Investimento;BCB/SICOR (MDCR)
1508001;68530921.28;21131.3;2025;Custeio;BCB/SICOR (MDCR)
1508001;63677193.39;5039.41;2025;Investimento;BCB/SICOR (MDCR)
1508035;729054.1;124.93;2025;Custeio;BCB/SICOR (MDCR)
1508035;3618861.63;2565.44;2025;Investimento;BCB/SICOR (MDCR)
1508050;4098556.5100000002;1908.94;2025;Custeio;BCB/SICOR (MDCR)
1508050;2479136.83;297.87;2025;Investimento;BCB/SICOR (MDCR)
1508084;26084726.1;10498.99;2025;Custeio;BCB/SICOR (MDCR)
1508084;18685891.19;5326.9;2025;Investimento;BCB/SICOR (MDCR)
1508100;2495127.68;894.64;2025;Custeio;BCB/SICOR (MDCR)
1508100;5841122.28;901.89;2025;Investimento;BCB/SICOR (MDCR)
1508126;70490438.49;16555.91;2025;Custeio;BCB/SICOR (MDCR)
1508126;15317259.73;2560.06;2025;Investimento;BCB/SICOR (MDCR)
1508159;42434351.56;8981.85;2025;Custeio;BCB/SICOR (MDCR)
1508159;35228205.09;2552.9700000000003;2025;Investimento;BCB/SICOR (MDCR)
1508209;1193398.5;18.46;2025;Custeio;BCB/SICOR (MDCR)
1508209;865366.41;40.16;2025;Investimento;BCB/SICOR (MDCR)
1508308;23994179.87;7767.22;2025;Custeio;BCB/SICOR (MDCR)
1508308;23000456.56;6701.639999999999;2025;Investimento;BCB/SICOR (MDCR)
1508357;18863637.490000002;8506.39;2025;Custeio;BCB/SICOR (MDCR)
1508357;33747028.93;7142.32;2025;Investimento;BCB/SICOR (MDCR)
1508407;182077843.18;39592.95;2025;Custeio;BCB/SICOR (MDCR)
1508407;60637761.21;9882.42;2025;Investimento;BCB/SICOR (MDCR)
1600055;272847.74;147.83;2025;Investimento;BCB/SICOR (MDCR)
1600105;2000000.0;407.66;2025;Custeio;BCB/SICOR (MDCR)
1600105;1433877.63;294.96;2025;Investimento;BCB/SICOR (MDCR)
1600154;906449.96;22.68;2025;Investimento;BCB/SICOR (MDCR)
1600204;615966.46;14.9;2025;Investimento;BCB/SICOR (MDCR)
1600212;681150.22;22.15;2025;Investimento;BCB/SICOR (MDCR)
1600238;1133074.95;249.73;2025;Custeio;BCB/SICOR (MDCR)
1600238;1658567.84;665.25;2025;Investimento;BCB/SICOR (MDCR)
1600253;60000.0;6.06;2025;Custeio;BCB/SICOR (MDCR)
1600253;2388891.6;914.78;2025;Investimento;BCB/SICOR (MDCR)
1600279;1371762.19;28.6;2025;Investimento;BCB/SICOR (MDCR)
1600303;9375580.4;2074.88;2025;Custeio;BCB/SICOR (MDCR)
1600303;25649640.310000002;3766.79;2025;Investimento;BCB/SICOR (MDCR)
1600402;18219709.65;1259.15;2025;Investimento;BCB/SICOR (MDCR)
1600501;496500.0;0.0;2025;Investimento;BCB/SICOR (MDCR)
1600535;699999.42;140.11;2025;Custeio;BCB/SICOR (MDCR)
1600535;2800278.34;845.6800000000001;2025;Investimento;BCB/SICOR (MDCR)
1600550;656340.38;4.01;2025;Investimento;BCB/SICOR (MDCR)
1600600;494765.29;1381.85;2025;Custeio;BCB/SICOR (MDCR)
1600600;7439628.15;355.94;2025;Investimento;BCB/SICOR (MDCR)
1600709;1800000.0;1145.02;2025;Custeio;BCB/SICOR (MDCR)
1600709;5128297.17;319.99;2025;Investimento;BCB/SICOR (MDCR)
1600808;1634096.1099999999;100.42999999999999;2025;Investimento;BCB/SICOR (MDCR)
1700251;45879697.35;9529.49;2025;Custeio;BCB/SICOR (MDCR)
1700251;20804912.6;4520.7;2025;Investimento;BCB/SICOR (MDCR)
1700301;6939339.3;1286.52;2025;Custeio;BCB/SICOR (MDCR)
1700301;2061806.98;2725.4300000000003;2025;Investimento;BCB/SICOR (MDCR)
1700350;18975610.75;3612.72;2025;Custeio;BCB/SICOR (MDCR)
1700350;9480422.61;2053.27;2025;Investimento;BCB/SICOR (MDCR)
1700400;60237862.8;15044.23;2025;Custeio;BCB/SICOR (MDCR)
1700400;17321415.939999998;1760.43;2025;Investimento;BCB/SICOR (MDCR)
1700707;58807876.53;14044.85;2025;Custeio;BCB/SICOR (MDCR)
1700707;20658583.68;2849.53;2025;Investimento;BCB/SICOR (MDCR)
1701002;24958288.37;4444.44;2025;Custeio;BCB/SICOR (MDCR)
1701002;17330304.93;3319.2999999999997;2025;Investimento;BCB/SICOR (MDCR)
1701051;4214320.4;682.12;2025;Custeio;BCB/SICOR (MDCR)
1701051;4717139.06;661.2;2025;Investimento;BCB/SICOR (MDCR)
1701101;51942774.57;9206.24;2025;Custeio;BCB/SICOR (MDCR)
1701101;26957240.27;1079.81;2025;Investimento;BCB/SICOR (MDCR)
1701309;14966294.71;2159.0699999999997;2025;Custeio;BCB/SICOR (MDCR)
1701309;9839166.33;2687.8;2025;Investimento;BCB/SICOR (MDCR)
1701903;46070931.63;10034.68;2025;Custeio;BCB/SICOR (MDCR)
1701903;11572573.04;963.95;2025;Investimento;BCB/SICOR (MDCR)
1702000;284349960.98;50414.32;2025;Custeio;BCB/SICOR (MDCR)
1702000;51386147.370000005;11190.17;2025;Investimento;BCB/SICOR (MDCR)
1702109;109564342.1;20346.98;2025;Custeio;BCB/SICOR (MDCR)
1702109;58134821.650000006;10032.05;2025;Investimento;BCB/SICOR (MDCR)
1702158;10822344.88;1654.69;2025;Custeio;BCB/SICOR (MDCR)
1702158;3843665.0;953.9300000000001;2025;Investimento;BCB/SICOR (MDCR)
1702208;74362106.92;12178.43;2025;Custeio;BCB/SICOR (MDCR)
1702208;42981547.88;6477.32;2025;Investimento;BCB/SICOR (MDCR)
1702307;51979222.03;13530.54;2025;Custeio;BCB/SICOR (MDCR)
1702307;10672605.83;4680.55;2025;Investimento;BCB/SICOR (MDCR)
1702406;91858053.1;11046.53;2025;Custeio;BCB/SICOR (MDCR)
1702406;14847993.56;2750.99;2025;Investimento;BCB/SICOR (MDCR)
1702554;8566327.52;1126.8799999999999;2025;Custeio;BCB/SICOR (MDCR)
1702554;12228793.17;1662.32;2025;Investimento;BCB/SICOR (MDCR)
1702703;7600033.3;1532.81;2025;Custeio;BCB/SICOR (MDCR)
1702703;6287901.36;1805.16;2025;Investimento;BCB/SICOR (MDCR)
1702901;3818034.21;571.5;2025;Custeio;BCB/SICOR (MDCR)
1702901;1545399.2;241.63;2025;Investimento;BCB/SICOR (MDCR)
1703008;12238033.03;1679.5;2025;Custeio;BCB/SICOR (MDCR)
1703008;14585088.95;1011.1899999999999;2025;Investimento;BCB/SICOR (MDCR)
1703057;23492423.21;5820.400000000001;2025;Custeio;BCB/SICOR (MDCR)
1703057;7144175.38;1077.44;2025;Investimento;BCB/SICOR (MDCR)
1703073;9151316.59;1209.9199999999998;2025;Custeio;BCB/SICOR (MDCR)
1703073;10010454.23;686.79;2025;Investimento;BCB/SICOR (MDCR)
1703107;24015264.2;3965.98;2025;Custeio;BCB/SICOR (MDCR)
1703107;7121347.35;1181.87;2025;Investimento;BCB/SICOR (MDCR)
1703206;55052191.33;11393.08;2025;Custeio;BCB/SICOR (MDCR)
1703206;7747106.59;1965.68;2025;Investimento;BCB/SICOR (MDCR)
1703305;55626335.11;12280.86;2025;Custeio;BCB/SICOR (MDCR)
1703305;43490542.86;2169.61;2025;Investimento;BCB/SICOR (MDCR)
1703602;10028826.209999999;5565.15;2025;Custeio;BCB/SICOR (MDCR)
1703602;6752672.26;1143.18;2025;Investimento;BCB/SICOR (MDCR)
1703701;78410088.48;17401.07;2025;Custeio;BCB/SICOR (MDCR)
1703701;16215965.54;2362.69;2025;Investimento;BCB/SICOR (MDCR)
1703800;3232373.54;1015.44;2025;Custeio;BCB/SICOR (MDCR)
1703800;1668402.1400000001;358.31;2025;Investimento;BCB/SICOR (MDCR)
1703826;671085.46;65.08;2025;Custeio;BCB/SICOR (MDCR)
1703826;77955.54000000001;19.69;2025;Investimento;BCB/SICOR (MDCR)
1703842;92605815.29;18357.39;2025;Custeio;BCB/SICOR (MDCR)
1703842;34588487.29;4577.849999999999;2025;Investimento;BCB/SICOR (MDCR)
1703867;70206950.21;11243.57;2025;Custeio;BCB/SICOR (MDCR)
1703867;6008657.14;406.34999999999997;2025;Investimento;BCB/SICOR (MDCR)
1703883;3243831.06;274.31;2025;Custeio;BCB/SICOR (MDCR)
1703883;4001721.9;971.38;2025;Investimento;BCB/SICOR (MDCR)
1703891;7814755.63;819.69;2025;Custeio;BCB/SICOR (MDCR)
1703891;5678022.89;858.95;2025;Investimento;BCB/SICOR (MDCR)
1703909;143845326.75;15667.5;2025;Custeio;BCB/SICOR (MDCR)
1703909;20575126.48;566.2;2025;Investimento;BCB/SICOR (MDCR)
1704105;21506319.5;5184.13;2025;Custeio;BCB/SICOR (MDCR)
1704105;10310081.51;1700.97;2025;Investimento;BCB/SICOR (MDCR)
1704600;22301635.990000002;3338.0;2025;Custeio;BCB/SICOR (MDCR)
1704600;8527505.83;1388.26;2025;Investimento;BCB/SICOR (MDCR)
1705102;77024716.43;17366.51;2025;Custeio;BCB/SICOR (MDCR)
1705102;23994110.84;4057.52;2025;Investimento;BCB/SICOR (MDCR)
1705508;18156797.92;3457.75;2025;Custeio;BCB/SICOR (MDCR)
1705508;10124356.0;2419.86;2025;Investimento;BCB/SICOR (MDCR)
1705557;8024728.1;919.57;2025;Custeio;BCB/SICOR (MDCR)
1705557;6773651.14;267.99;2025;Investimento;BCB/SICOR (MDCR)
1705607;8236602.28;1834.12;2025;Custeio;BCB/SICOR (MDCR)
1705607;7672957.2700000005;1445.85;2025;Investimento;BCB/SICOR (MDCR)
1706001;45958316.27;9764.56;2025;Custeio;BCB/SICOR (MDCR)
1706001;21027827.55;4647.09;2025;Investimento;BCB/SICOR (MDCR)
1706100;46916347.63;9846.99;2025;Custeio;BCB/SICOR (MDCR)
1706100;13574309.77;2117.69;2025;Investimento;BCB/SICOR (MDCR)
1706258;36077514.54;7415.91;2025;Custeio;BCB/SICOR (MDCR)
1706258;10801938.0;1832.3;2025;Investimento;BCB/SICOR (MDCR)
1706506;22104090.37;2512.62;2025;Custeio;BCB/SICOR (MDCR)
1706506;12428342.47;2516.98;2025;Investimento;BCB/SICOR (MDCR)
1707009;34392898.35;7274.37;2025;Custeio;BCB/SICOR (MDCR)
1707009;14597549.19;3894.17;2025;Investimento;BCB/SICOR (MDCR)
1707108;71647825.38;26085.19;2025;Custeio;BCB/SICOR (MDCR)
1707108;30914010.02;5106.53;2025;Investimento;BCB/SICOR (MDCR)
1707207;95294595.28;16922.71;2025;Custeio;BCB/SICOR (MDCR)
1707207;34127368.79;5017.87;2025;Investimento;BCB/SICOR (MDCR)
1707306;88810855.66;13004.33;2025;Custeio;BCB/SICOR (MDCR)
1707306;36918069.73;11001.07;2025;Investimento;BCB/SICOR (MDCR)
1707405;1593603.75;277.04;2025;Custeio;BCB/SICOR (MDCR)
1707405;10335941.69;1820.3500000000001;2025;Investimento;BCB/SICOR (MDCR)
1707553;9484689.26;1389.6799999999998;2025;Custeio;BCB/SICOR (MDCR)
1707553;8973337.67;1603.6100000000001;2025;Investimento;BCB/SICOR (MDCR)
1707652;102523146.09;19930.87;2025;Custeio;BCB/SICOR (MDCR)
1707652;26290592.6;3215.4;2025;Investimento;BCB/SICOR (MDCR)
1707702;10909302.92;2143.29;2025;Custeio;BCB/SICOR (MDCR)
1707702;12541218.81;1274.22;2025;Investimento;BCB/SICOR (MDCR)
1708205;116471252.6;27911.88;2025;Custeio;BCB/SICOR (MDCR)
1708205;53472342.4;11098.18;2025;Investimento;BCB/SICOR (MDCR)
1708254;22008780.76;3538.5099999999998;2025;Custeio;BCB/SICOR (MDCR)
1708254;16395851.33;1587.6299999999999;2025;Investimento;BCB/SICOR (MDCR)
1708304;49197396.36;13571.51;2025;Custeio;BCB/SICOR (MDCR)
1708304;45835448.96;8066.32;2025;Investimento;BCB/SICOR (MDCR)
1709005;90407506.16;15642.710000000001;2025;Custeio;BCB/SICOR (MDCR)
1709005;32195469.580000002;3462.4900000000002;2025;Investimento;BCB/SICOR (MDCR)
1709302;53842509.33;9875.37;2025;Custeio;BCB/SICOR (MDCR)
1709302;17799585.25;2614.81;2025;Investimento;BCB/SICOR (MDCR)
1709500;108090149.32;18459.77;2025;Custeio;BCB/SICOR (MDCR)
1709500;22206744.18;1860.57;2025;Investimento;BCB/SICOR (MDCR)
1709807;38472627.55;4385.45;2025;Custeio;BCB/SICOR (MDCR)
1709807;695866.08;110.58;2025;Investimento;BCB/SICOR (MDCR)
1710508;45296035.19;9138.05;2025;Custeio;BCB/SICOR (MDCR)
1710508;19620888.31;3961.04;2025;Investimento;BCB/SICOR (MDCR)
1710706;3471667.4699999997;964.83;2025;Custeio;BCB/SICOR (MDCR)
1710706;3552105.49;422.64;2025;Investimento;BCB/SICOR (MDCR)
1710904;21145768.36;5045.4800000000005;2025;Custeio;BCB/SICOR (MDCR)
1710904;14458320.81;402.62;2025;Investimento;BCB/SICOR (MDCR)
1711100;42277038.120000005;9345.35;2025;Custeio;BCB/SICOR (MDCR)
1711100;23364340.72;3944.34;2025;Investimento;BCB/SICOR (MDCR)
1711506;63567073.98;9808.37;2025;Custeio;BCB/SICOR (MDCR)
1711506;28609201.93;5370.900000000001;2025;Investimento;BCB/SICOR (MDCR)
1711803;18082327.89;4667.92;2025;Custeio;BCB/SICOR (MDCR)
1711803;6188941.36;1518.0;2025;Investimento;BCB/SICOR (MDCR)
1711902;66420716.99;11724.86;2025;Custeio;BCB/SICOR (MDCR)
1711902;22412353.57;4673.2;2025;Investimento;BCB/SICOR (MDCR)
1711951;36234984.11;7199.07;2025;Custeio;BCB/SICOR (MDCR)
1711951;15538755.81;2676.11;2025;Investimento;BCB/SICOR (MDCR)
1712009;239800.0;221.98;2025;Custeio;BCB/SICOR (MDCR)
1712009;2441935.95;549.62;2025;Investimento;BCB/SICOR (MDCR)
1712157;2633667.03;490.07;2025;Custeio;BCB/SICOR (MDCR)
1712157;4015507.19;182.52;2025;Investimento;BCB/SICOR (MDCR)
1712405;8896589.34;2826.7200000000003;2025;Custeio;BCB/SICOR (MDCR)
1712405;9122299.26;1558.0;2025;Investimento;BCB/SICOR (MDCR)
1712454;1305902.15;470.69;2025;Custeio;BCB/SICOR (MDCR)
1712454;1877178.5;204.14;2025;Investimento;BCB/SICOR (MDCR)
1712504;42185493.29;8871.81;2025;Custeio;BCB/SICOR (MDCR)
1712504;42097450.35;1179.58;2025;Investimento;BCB/SICOR (MDCR)
1712702;88324098.16;17885.0;2025;Custeio;BCB/SICOR (MDCR)
1712702;39021052.089999996;3465.17;2025;Investimento;BCB/SICOR (MDCR)
1712801;14850002.8;3807.62;2025;Custeio;BCB/SICOR (MDCR)
1712801;1543956.3399999999;316.39;2025;Investimento;BCB/SICOR (MDCR)
1713205;92206923.9;19245.08;2025;Custeio;BCB/SICOR (MDCR)
1713205;32666073.85;4121.96;2025;Investimento;BCB/SICOR (MDCR)
1713304;78421279.12;10083.23;2025;Custeio;BCB/SICOR (MDCR)
1713304;16416624.26;1240.6599999999999;2025;Investimento;BCB/SICOR (MDCR)
1713601;100872977.41;22925.09;2025;Custeio;BCB/SICOR (MDCR)
1713601;59558308.99;7684.9800000000005;2025;Investimento;BCB/SICOR (MDCR)
1713700;37671950.01;8095.91;2025;Custeio;BCB/SICOR (MDCR)
1713700;7549101.86;1359.96;2025;Investimento;BCB/SICOR (MDCR)
1713809;15590757.38;3480.29;2025;Custeio;BCB/SICOR (MDCR)
1713809;7955218.11;1724.97;2025;Investimento;BCB/SICOR (MDCR)
1713957;14004851.28;2161.48;2025;Custeio;BCB/SICOR (MDCR)
1713957;4808001.49;888.26;2025;Investimento;BCB/SICOR (MDCR)
1714203;69091977.83;24893.25;2025;Custeio;BCB/SICOR (MDCR)
1714203;15274882.49;3939.18;2025;Investimento;BCB/SICOR (MDCR)
1714302;9150983.93;2283.43;2025;Custeio;BCB/SICOR (MDCR)
1714302;4419566.68;637.7;2025;Investimento;BCB/SICOR (MDCR)
1714880;20317570.18;4288.45;2025;Custeio;BCB/SICOR (MDCR)
1714880;10363221.59;2056.27;2025;Investimento;BCB/SICOR (MDCR)
1715002;13139817.92;3034.7;2025;Custeio;BCB/SICOR (MDCR)
1715002;3979657.11;975.53;2025;Investimento;BCB/SICOR (MDCR)
1715101;65831290.59;12668.81;2025;Custeio;BCB/SICOR (MDCR)
1715101;15854658.96;847.03;2025;Investimento;BCB/SICOR (MDCR)
1715150;5996058.38;863.1;2025;Custeio;BCB/SICOR (MDCR)
1715150;2293603.28;123.47;2025;Investimento;BCB/SICOR (MDCR)
1715259;4578624.1899999995;1261.52;2025;Custeio;BCB/SICOR (MDCR)
1715259;22717711.78;698.08;2025;Investimento;BCB/SICOR (MDCR)
1715507;3951955.37;885.1999999999999;2025;Custeio;BCB/SICOR (MDCR)
1715507;199980.0;51.99;2025;Investimento;BCB/SICOR (MDCR)
1715705;43480005.53;8885.48;2025;Custeio;BCB/SICOR (MDCR)
1715705;17661312.42;1695.11;2025;Investimento;BCB/SICOR (MDCR)
1715754;37052754.6;6135.38;2025;Custeio;BCB/SICOR (MDCR)
1715754;6329680.39;1192.33;2025;Investimento;BCB/SICOR (MDCR)
1716109;41807743.56;6525.5599999999995;2025;Custeio;BCB/SICOR (MDCR)
1716109;8376362.72;1879.3600000000001;2025;Investimento;BCB/SICOR (MDCR)
1716208;44670825.089999996;12754.98;2025;Custeio;BCB/SICOR (MDCR)
1716208;25097828.599999998;7689.56;2025;Investimento;BCB/SICOR (MDCR)
1716307;74400462.96;13946.550000000001;2025;Custeio;BCB/SICOR (MDCR)
1716307;18050026.65;2828.65;2025;Investimento;BCB/SICOR (MDCR)
1716505;88935644.93;15833.33;2025;Custeio;BCB/SICOR (MDCR)
1716505;32747724.21;1947.73;2025;Investimento;BCB/SICOR (MDCR)
1716604;159476889.74;32621.39;2025;Custeio;BCB/SICOR (MDCR)
1716604;70128445.32;8448.88;2025;Investimento;BCB/SICOR (MDCR)
1716653;34163825.07;11783.14;2025;Custeio;BCB/SICOR (MDCR)
1716653;23706740.240000002;5267.33;2025;Investimento;BCB/SICOR (MDCR)
1716703;34367061.57;12474.52;2025;Custeio;BCB/SICOR (MDCR)
1716703;22480775.42;3163.9900000000002;2025;Investimento;BCB/SICOR (MDCR)
1717008;29997002.18;4947.43;2025;Custeio;BCB/SICOR (MDCR)
1717008;16339221.44;1840.75;2025;Investimento;BCB/SICOR (MDCR)
1717206;6046484.279999999;886.73;2025;Custeio;BCB/SICOR (MDCR)
1717206;14470708.02;2109.93;2025;Investimento;BCB/SICOR (MDCR)
1717503;197327509.12;66029.31999999999;2025;Custeio;BCB/SICOR (MDCR)
1717503;53218737.44;5817.79;2025;Investimento;BCB/SICOR (MDCR)
1717800;31928869.11;6264.46;2025;Custeio;BCB/SICOR (MDCR)
1717800;24589067.3;4034.97;2025;Investimento;BCB/SICOR (MDCR)
1717909;39178084.1;8093.07;2025;Custeio;BCB/SICOR (MDCR)
1717909;39122334.76;5415.65;2025;Investimento;BCB/SICOR (MDCR)
1718006;8329029.54;1815.27;2025;Custeio;BCB/SICOR (MDCR)
1718006;2265696.85;295.49;2025;Investimento;BCB/SICOR (MDCR)
1718204;158658232.36;32516.19;2025;Custeio;BCB/SICOR (MDCR)
1718204;40431513.94;2086.08;2025;Investimento;BCB/SICOR (MDCR)
1718303;7546920.38;1194.8799999999999;2025;Custeio;BCB/SICOR (MDCR)
1718303;6383463.76;826.7099999999999;2025;Investimento;BCB/SICOR (MDCR)
1718402;15647267.13;3797.2799999999997;2025;Custeio;BCB/SICOR (MDCR)
1718402;5921689.5200000005;1766.97;2025;Investimento;BCB/SICOR (MDCR)
1718451;10288154.32;1849.4299999999998;2025;Custeio;BCB/SICOR (MDCR)
1718451;1961671.1;344.4;2025;Investimento;BCB/SICOR (MDCR)
1718501;21776606.67;5632.12;2025;Custeio;BCB/SICOR (MDCR)
1718501;19749360.1;4372.89;2025;Investimento;BCB/SICOR (MDCR)
1718550;18356694.349999998;3304.9700000000003;2025;Custeio;BCB/SICOR (MDCR)
1718550;3458290.63;297.84;2025;Investimento;BCB/SICOR (MDCR)
1718659;11479543.22;1193.6100000000001;2025;Custeio;BCB/SICOR (MDCR)
1718659;21026965.72;1160.16;2025;Investimento;BCB/SICOR (MDCR)
1718709;24251684.46;5377.610000000001;2025;Custeio;BCB/SICOR (MDCR)
1718709;4780356.65;854.62;2025;Investimento;BCB/SICOR (MDCR)
1718758;71418063.96000001;16251.91;2025;Custeio;BCB/SICOR (MDCR)
1718758;17952482.47;4157.9;2025;Investimento;BCB/SICOR (MDCR)
1718808;3902058.4299999997;900.42;2025;Custeio;BCB/SICOR (MDCR)
1718808;1857167.21;230.25;2025;Investimento;BCB/SICOR (MDCR)
1718840;63706597.32;11772.210000000001;2025;Custeio;BCB/SICOR (MDCR)
1718840;39766720.910000004;7578.67;2025;Investimento;BCB/SICOR (MDCR)
1718865;20525631.92;2581.63;2025;Custeio;BCB/SICOR (MDCR)
1718865;13470829.22;2072.0;2025;Investimento;BCB/SICOR (MDCR)
1718881;60859324.07;14076.99;2025;Custeio;BCB/SICOR (MDCR)
1718881;15374997.84;1286.88;2025;Investimento;BCB/SICOR (MDCR)
1718899;90316844.84;21807.39;2025;Custeio;BCB/SICOR (MDCR)
1718899;16377741.62;3022.97;2025;Investimento;BCB/SICOR (MDCR)
1718907;124434813.65;25870.05;2025;Custeio;BCB/SICOR (MDCR)
1718907;35336701.46;1790.22;2025;Investimento;BCB/SICOR (MDCR)
1719004;3752205.4400000004;512.29;2025;Custeio;BCB/SICOR (MDCR)
1719004;1120192.78;464.15000000000003;2025;Investimento;BCB/SICOR (MDCR)
1720002;5858135.52;1181.5;2025;Custeio;BCB/SICOR (MDCR)
1720002;7656930.07;1438.73;2025;Investimento;BCB/SICOR (MDCR)
1720101;8930727.42;1350.39;2025;Custeio;BCB/SICOR (MDCR)
1720101;7582183.55;1065.59;2025;Investimento;BCB/SICOR (MDCR)
1720150;306204.2;74.22;2025;Investimento;BCB/SICOR (MDCR)
1720200;9123891.760000002;532.17;2025;Custeio;BCB/SICOR (MDCR)
1720200;4914826.33;514.91;2025;Investimento;BCB/SICOR (MDCR)
1720259;28377550.73;4897.01;2025;Custeio;BCB/SICOR (MDCR)
1720259;6812744.65;3569.97;2025;Investimento;BCB/SICOR (MDCR)
1720309;6711565.64;778.6800000000001;2025;Custeio;BCB/SICOR (MDCR)
1720309;1414030.6099999999;318.25;2025;Investimento;BCB/SICOR (MDCR)
1720499;58953954.88;13017.56;2025;Custeio;BCB/SICOR (MDCR)
1720499;29013355.66;7001.28;2025;Investimento;BCB/SICOR (MDCR)
1720655;41007136.25;8785.95;2025;Custeio;BCB/SICOR (MDCR)
1720655;20296309.62;1657.26;2025;Investimento;BCB/SICOR (MDCR)
1720804;5894994.12;1548.01;2025;Custeio;BCB/SICOR (MDCR)
1720804;2523648.59;647.01;2025;Investimento;BCB/SICOR (MDCR)
1720853;80050722.85;17841.94;2025;Custeio;BCB/SICOR (MDCR)
1720853;33812382.79;6008.2699999999995;2025;Investimento;BCB/SICOR (MDCR)
1720903;31411260.53;8959.51;2025;Custeio;BCB/SICOR (MDCR)
1720903;14205944.370000001;2623.67;2025;Investimento;BCB/SICOR (MDCR)
1720937;8683390.77;2779.23;2025;Custeio;BCB/SICOR (MDCR)
1720937;3727662.83;1756.6100000000001;2025;Investimento;BCB/SICOR (MDCR)
1720978;78200391.36;18371.33;2025;Custeio;BCB/SICOR (MDCR)
1720978;33392513.65;7458.719999999999;2025;Investimento;BCB/SICOR (MDCR)
1721000;12871423.81;2331.84;2025;Custeio;BCB/SICOR (MDCR)
1721000;21797708.49;283.49;2025;Investimento;BCB/SICOR (MDCR)
1721109;11916818.9;2442.92;2025;Custeio;BCB/SICOR (MDCR)
1721109;10738359.52;839.97;2025;Investimento;BCB/SICOR (MDCR)
1721208;7942938.03;1417.83;2025;Custeio;BCB/SICOR (MDCR)
1721208;4335289.140000001;229.9;2025;Investimento;BCB/SICOR (MDCR)
1721257;13173115.06;2598.0499999999997;2025;Custeio;BCB/SICOR (MDCR)
1721257;728978.77;101.45;2025;Investimento;BCB/SICOR (MDCR)
1721307;12573096.92;2684.81;2025;Custeio;BCB/SICOR (MDCR)
1721307;3638696.91;929.04;2025;Investimento;BCB/SICOR (MDCR)
1722081;33811820.2;4660.87;2025;Custeio;BCB/SICOR (MDCR)
1722081;76065096.21;2073.89;2025;Investimento;BCB/SICOR (MDCR)
1722107;6540958.32;1094.66;2025;Custeio;BCB/SICOR (MDCR)
1722107;7991210.399999999;952.8199999999999;2025;Investimento;BCB/SICOR (MDCR)
2100055;118567493.25;24411.35;2025;Custeio;BCB/SICOR (MDCR)
2100055;77423826.61;3892.96;2025;Investimento;BCB/SICOR (MDCR)
2100105;13846846.57;3831.1600000000003;2025;Custeio;BCB/SICOR (MDCR)
2100105;9580716.0;15.6;2025;Investimento;BCB/SICOR (MDCR)
2100154;417000.0;0.41;2025;Custeio;BCB/SICOR (MDCR)
2100154;2828500.0;1.5899999999999999;2025;Investimento;BCB/SICOR (MDCR)
2100204;90000.0;0.0;2025;Custeio;BCB/SICOR (MDCR)
2100204;1016000.0;23.75;2025;Investimento;BCB/SICOR (MDCR)
2100303;27850101.82;7015.9800000000005;2025;Custeio;BCB/SICOR (MDCR)
2100303;13622877.06;1567.3400000000001;2025;Investimento;BCB/SICOR (MDCR)
2100402;6494210.76;799.5;2025;Custeio;BCB/SICOR (MDCR)
2100402;3193398.1;391.43;2025;Investimento;BCB/SICOR (MDCR)
2100436;2322388.7800000003;1616.68;2025;Custeio;BCB/SICOR (MDCR)
2100436;489557.4;45.010000000000005;2025;Investimento;BCB/SICOR (MDCR)
2100477;46166330.09;8159.66;2025;Custeio;BCB/SICOR (MDCR)
2100477;11265605.88;1369.4;2025;Investimento;BCB/SICOR (MDCR)
2100501;51665360.82;11112.880000000001;2025;Custeio;BCB/SICOR (MDCR)
2100501;51221869.44;5879.19;2025;Investimento;BCB/SICOR (MDCR)
2100550;5237326.8;848.82;2025;Custeio;BCB/SICOR (MDCR)
2100550;1199135.0;122.69999999999999;2025;Investimento;BCB/SICOR (MDCR)
2100600;66441043.22;10090.18;2025;Custeio;BCB/SICOR (MDCR)
2100600;61819558.45;8557.51;2025;Investimento;BCB/SICOR (MDCR)
2100709;722503.83;138.64000000000001;2025;Custeio;BCB/SICOR (MDCR)
2100709;7978951.0;433.56;2025;Investimento;BCB/SICOR (MDCR)
2100808;16386018.1;3454.46;2025;Custeio;BCB/SICOR (MDCR)
2100808;10425719.72;472.81;2025;Investimento;BCB/SICOR (MDCR)
2100832;16000.0;0.0;2025;Custeio;BCB/SICOR (MDCR)
2100832;3420500.0;12.0;2025;Investimento;BCB/SICOR (MDCR)
2100873;4668840.97;671.8;2025;Custeio;BCB/SICOR (MDCR)
2100873;8236487.25;898.03;2025;Investimento;BCB/SICOR (MDCR)
2100907;596526.22;157.93;2025;Custeio;BCB/SICOR (MDCR)
2100907;8672356.22;52.69;2025;Investimento;BCB/SICOR (MDCR)
2100956;51827817.17;12112.710000000001;2025;Custeio;BCB/SICOR (MDCR)
2100956;27938887.36;3907.41;2025;Investimento;BCB/SICOR (MDCR)
2101004;4909469.01;985.24;2025;Custeio;BCB/SICOR (MDCR)
2101004;2578550.4;442.1;2025;Investimento;BCB/SICOR (MDCR)
2101103;34000.0;0.29;2025;Custeio;BCB/SICOR (MDCR)
2101103;1220246.0;7.460000000000001;2025;Investimento;BCB/SICOR (MDCR)
2101202;19338686.75;3428.39;2025;Custeio;BCB/SICOR (MDCR)
2101202;16851992.62;1432.53;2025;Investimento;BCB/SICOR (MDCR)
2101251;90227.0;9.02;2025;Custeio;BCB/SICOR (MDCR)
2101251;3496167.59;72.82;2025;Investimento;BCB/SICOR (MDCR)
2101301;3803000.0;135.25;2025;Investimento;BCB/SICOR (MDCR)
2101350;15000.0;0.0;2025;Custeio;BCB/SICOR (MDCR)
2101350;1776900.0;62.3;2025;Investimento;BCB/SICOR (MDCR)
2101400;417412463.55;93387.28;2025;Custeio;BCB/SICOR (MDCR)
2101400;186962519.89;10084.24;2025;Investimento;BCB/SICOR (MDCR)
2101509;7139555.6899999995;1270.67;2025;Custeio;BCB/SICOR (MDCR)
2101509;5848599.56;1697.9099999999999;2025;Investimento;BCB/SICOR (MDCR)
2101608;35669535.76;9267.65;2025;Custeio;BCB/SICOR (MDCR)
2101608;36378261.83;3806.83;2025;Investimento;BCB/SICOR (MDCR)
2101707;488000.0;1.3;2025;Custeio;BCB/SICOR (MDCR)
2101707;16874270.0;77.95;2025;Investimento;BCB/SICOR (MDCR)
2101731;500279.31;119.52;2025;Custeio;BCB/SICOR (MDCR)
2101731;1509000.0;33.0;2025;Investimento;BCB/SICOR (MDCR)
2101772;2139573.46;106.13;2025;Custeio;BCB/SICOR (MDCR)
2101772;2096520.0;41.6;2025;Investimento;BCB/SICOR (MDCR)
2101806;4203394.18;905.53;2025;Custeio;BCB/SICOR (MDCR)
2101806;5252610.100000001;1449.23;2025;Investimento;BCB/SICOR (MDCR)
2101905;150000.0;0.0;2025;Custeio;BCB/SICOR (MDCR)
2101905;6951500.0;144.8;2025;Investimento;BCB/SICOR (MDCR)
2101939;2615042.71;311.31;2025;Custeio;BCB/SICOR (MDCR)
2101939;3679728.0;175.56;2025;Investimento;BCB/SICOR (MDCR)
2101970;363571.0;132.79;2025;Custeio;BCB/SICOR (MDCR)
2101970;1127272.0;150.31;2025;Investimento;BCB/SICOR (MDCR)
2102002;39423376.78;6211.09;2025;Custeio;BCB/SICOR (MDCR)
2102002;12494938.53;2186.86;2025;Investimento;BCB/SICOR (MDCR)
2102036;41813356.93;6917.639999999999;2025;Custeio;BCB/SICOR (MDCR)
2102036;15720578.76;1349.73;2025;Investimento;BCB/SICOR (MDCR)
2102077;9390302.41;1183.94;2025;Custeio;BCB/SICOR (MDCR)
2102077;8571618.5;1240.76;2025;Investimento;BCB/SICOR (MDCR)
2102101;23044118.84;4785.61;2025;Custeio;BCB/SICOR (MDCR)
2102101;7703616.2;125.99;2025;Investimento;BCB/SICOR (MDCR)
2102150;62167829.14;10096.73;2025;Custeio;BCB/SICOR (MDCR)
2102150;11017869.0;1041.21;2025;Investimento;BCB/SICOR (MDCR)
2102200;54027111.38;11171.27;2025;Custeio;BCB/SICOR (MDCR)
2102200;20384158.7;3147.04;2025;Investimento;BCB/SICOR (MDCR)
2102309;74868658.72;14977.92;2025;Custeio;BCB/SICOR (MDCR)
2102309;27184105.17;4870.13;2025;Investimento;BCB/SICOR (MDCR)
2102325;66842383.839999996;12856.46;2025;Custeio;BCB/SICOR (MDCR)
2102325;18484941.95;940.43;2025;Investimento;BCB/SICOR (MDCR)
2102358;16888561.64;2048.05;2025;Custeio;BCB/SICOR (MDCR)
2102358;11235215.39;1409.46;2025;Investimento;BCB/SICOR (MDCR)
2102374;15000.0;0.0;2025;Custeio;BCB/SICOR (MDCR)
2102374;1241000.0;54.25;2025;Investimento;BCB/SICOR (MDCR)
2102408;47000.0;0.0;2025;Custeio;BCB/SICOR (MDCR)
2102408;3293900.0;34.3;2025;Investimento;BCB/SICOR (MDCR)
2102507;1074767.1;245.32999999999998;2025;Custeio;BCB/SICOR (MDCR)
2102507;7246200.0;117.91999999999999;2025;Investimento;BCB/SICOR (MDCR)
2102556;13381313.47;2844.65;2025;Custeio;BCB/SICOR (MDCR)
2102556;1939353.3;84.6;2025;Investimento;BCB/SICOR (MDCR)
2102606;2720907.86;665.64;2025;Custeio;BCB/SICOR (MDCR)
2102606;3301330.0;204.42;2025;Investimento;BCB/SICOR (MDCR)
2102705;676556.34;386.59;2025;Custeio;BCB/SICOR (MDCR)
2102705;4224850.95;575.24;2025;Investimento;BCB/SICOR (MDCR)
2102754;1180948.58;80.68;2025;Custeio;BCB/SICOR (MDCR)
2102754;6860197.0;2392.1;2025;Investimento;BCB/SICOR (MDCR)
2102804;29498519.7;11187.77;2025;Custeio;BCB/SICOR (MDCR)
2102804;21269408.19;3004.59;2025;Investimento;BCB/SICOR (MDCR)
2102903;7297240.5;1869.99;2025;Custeio;BCB/SICOR (MDCR)
2102903;1560861.0;188.94;2025;Investimento;BCB/SICOR (MDCR)
2103000;95433894.97;20679.58;2025;Custeio;BCB/SICOR (MDCR)
2103000;58859696.19;2883.19;2025;Investimento;BCB/SICOR (MDCR)
2103109;3868690.0;65.76;2025;Investimento;BCB/SICOR (MDCR)
2103125;866000.0;31.5;2025;Investimento;BCB/SICOR (MDCR)
2103158;6349765.81;2114.75;2025;Custeio;BCB/SICOR (MDCR)
2103158;5047584.8;795.63;2025;Investimento;BCB/SICOR (MDCR)
2103174;5338812.43;1593.8;2025;Custeio;BCB/SICOR (MDCR)
2103174;6184825.41;450.38;2025;Investimento;BCB/SICOR (MDCR)
2103208;45685841.519999996;9718.380000000001;2025;Custeio;BCB/SICOR (MDCR)
2103208;36986571.2;680.96;2025;Investimento;BCB/SICOR (MDCR)
2103257;19205004.51;3408.77;2025;Custeio;BCB/SICOR (MDCR)
2103257;13084516.1;1371.94;2025;Investimento;BCB/SICOR (MDCR)
2103307;22812994.099999998;4448.06;2025;Custeio;BCB/SICOR (MDCR)
2103307;34073615.26;4095.18;2025;Investimento;BCB/SICOR (MDCR)
2103406;4800751.93;1121.81;2025;Custeio;BCB/SICOR (MDCR)
2103406;977432.8;5.24;2025;Investimento;BCB/SICOR (MDCR)
2103505;25836472.009999998;5742.5;2025;Custeio;BCB/SICOR (MDCR)
2103505;36553300.230000004;2481.5099999999998;2025;Investimento;BCB/SICOR (MDCR)
2103554;431486.04000000004;210.11;2025;Custeio;BCB/SICOR (MDCR)
2103554;223474.1;8.0;2025;Investimento;BCB/SICOR (MDCR)
2103604;18937969.96;3765.37;2025;Custeio;BCB/SICOR (MDCR)
2103604;11634752.52;1867.71;2025;Investimento;BCB/SICOR (MDCR)
2103703;38000.0;0.0;2025;Custeio;BCB/SICOR (MDCR)
2103703;3614830.0;78.19;2025;Investimento;BCB/SICOR (MDCR)
2103752;1722068.0;310.48;2025;Custeio;BCB/SICOR (MDCR)
2103752;1007748.0;45.47;2025;Investimento;BCB/SICOR (MDCR)
2103802;3687627.35;498.86;2025;Custeio;BCB/SICOR (MDCR)
2103802;2355876.65;32.82;2025;Investimento;BCB/SICOR (MDCR)
2103901;1901921.28;187.39000000000001;2025;Custeio;BCB/SICOR (MDCR)
2103901;4211527.9;242.63;2025;Investimento;BCB/SICOR (MDCR)
2104008;7493974.07;2476.15;2025;Custeio;BCB/SICOR (MDCR)
2104008;14782843.08;3165.44;2025;Investimento;BCB/SICOR (MDCR)
2104057;65648083.6;18252.73;2025;Custeio;BCB/SICOR (MDCR)
2104057;30766049.09;3207.03;2025;Investimento;BCB/SICOR (MDCR)
2104073;30631527.85;6888.03;2025;Custeio;BCB/SICOR (MDCR)
2104073;20513123.69;1770.96;2025;Investimento;BCB/SICOR (MDCR)
2104081;2816004.16;613.41;2025;Custeio;BCB/SICOR (MDCR)
2104081;3217140.93;410.13;2025;Investimento;BCB/SICOR (MDCR)
2104099;67610823.83;14570.720000000001;2025;Custeio;BCB/SICOR (MDCR)
2104099;45735098.05;5869.15;2025;Investimento;BCB/SICOR (MDCR)
2104107;52515486.49;15640.48;2025;Custeio;BCB/SICOR (MDCR)
2104107;24166231.48;2258.58;2025;Investimento;BCB/SICOR (MDCR)
2104206;14006707.22;2579.5099999999998;2025;Custeio;BCB/SICOR (MDCR)
2104206;5734259.07;306.28;2025;Investimento;BCB/SICOR (MDCR)
2104305;245396.1;146.35999999999999;2025;Custeio;BCB/SICOR (MDCR)
2104305;138000.0;13.0;2025;Investimento;BCB/SICOR (MDCR)
2104404;14895994.41;3257.0299999999997;2025;Custeio;BCB/SICOR (MDCR)
2104404;6171672.98;1160.25;2025;Investimento;BCB/SICOR (MDCR)
2104503;6252041.42;1232.62;2025;Custeio;BCB/SICOR (MDCR)
2104503;3159906.12;568.63;2025;Investimento;BCB/SICOR (MDCR)
2104552;10334223.55;1016.0699999999999;2025;Custeio;BCB/SICOR (MDCR)
2104552;5271923.37;678.22;2025;Investimento;BCB/SICOR (MDCR)
2104602;1334922.2;269.5;2025;Custeio;BCB/SICOR (MDCR)
2104602;1895898.27;390.4;2025;Investimento;BCB/SICOR (MDCR)
2104628;10463794.57;1833.56;2025;Custeio;BCB/SICOR (MDCR)
2104628;3377942.18;165.13;2025;Investimento;BCB/SICOR (MDCR)
2104651;24169236.94;4035.17;2025;Custeio;BCB/SICOR (MDCR)
2104651;13389915.63;1385.85;2025;Investimento;BCB/SICOR (MDCR)
2104677;4222814.8;1282.1;2025;Custeio;BCB/SICOR (MDCR)
2104677;4188163.0;753.54;2025;Investimento;BCB/SICOR (MDCR)
2104701;6006642.67;1138.37;2025;Custeio;BCB/SICOR (MDCR)
2104701;4908334.4;1057.32;2025;Investimento;BCB/SICOR (MDCR)
2104800;122960226.64999999;28726.36;2025;Custeio;BCB/SICOR (MDCR)
2104800;70862146.73;8930.58;2025;Investimento;BCB/SICOR (MDCR)
2104909;69000.0;0.0;2025;Custeio;BCB/SICOR (MDCR)
2104909;1590820.0;119.76;2025;Investimento;BCB/SICOR (MDCR)
2105005;170888.6;0.51;2025;Custeio;BCB/SICOR (MDCR)
2105005;5834741.0;19.8;2025;Investimento;BCB/SICOR (MDCR)
2105104;83236.0;2.98;2025;Custeio;BCB/SICOR (MDCR)
2105104;5877560.3;278.46;2025;Investimento;BCB/SICOR (MDCR)
2105153;2457165.79;100.24000000000001;2025;Custeio;BCB/SICOR (MDCR)
2105153;3109071.0;359.19;2025;Investimento;BCB/SICOR (MDCR)
2105203;13647192.73;4457.31;2025;Custeio;BCB/SICOR (MDCR)
2105203;4141704.6;369.42;2025;Investimento;BCB/SICOR (MDCR)
2105302;11728317.98;2303.99;2025;Custeio;BCB/SICOR (MDCR)
2105302;44177456.86;2022.79;2025;Investimento;BCB/SICOR (MDCR)
2105351;12532312.92;1669.83;2025;Custeio;BCB/SICOR (MDCR)
2105351;14343931.44;1793.08;2025;Investimento;BCB/SICOR (MDCR)
2105401;3827627.63;771.65;2025;Custeio;BCB/SICOR (MDCR)
2105401;11278164.16;1537.78;2025;Investimento;BCB/SICOR (MDCR)
2105427;95340749.11;14582.83;2025;Custeio;BCB/SICOR (MDCR)
2105427;11947802.24;500.09;2025;Investimento;BCB/SICOR (MDCR)
2105450;6155180.2;1426.08;2025;Custeio;BCB/SICOR (MDCR)
2105450;4451768.56;785.4499999999999;2025;Investimento;BCB/SICOR (MDCR)
2105476;30259636.490000002;4377.7300000000005;2025;Custeio;BCB/SICOR (MDCR)
2105476;11501849.35;1640.3700000000001;2025;Investimento;BCB/SICOR (MDCR)
2105500;37908105.53;7137.6;2025;Custeio;BCB/SICOR (MDCR)
2105500;26299968.82;9732.880000000001;2025;Investimento;BCB/SICOR (MDCR)
2105609;4758939.15;548.71;2025;Custeio;BCB/SICOR (MDCR)
2105609;10801273.94;1353.77;2025;Investimento;BCB/SICOR (MDCR)
2105658;2689491.0;501.34000000000003;2025;Custeio;BCB/SICOR (MDCR)
2105658;4526396.8;534.15;2025;Investimento;BCB/SICOR (MDCR)
2105708;17474041.8;3923.34;2025;Custeio;BCB/SICOR (MDCR)
2105708;32488883.78;828.12;2025;Investimento;BCB/SICOR (MDCR)
2105807;3527412.77;424.09999999999997;2025;Custeio;BCB/SICOR (MDCR)
2105807;6899591.08;378.84000000000003;2025;Investimento;BCB/SICOR (MDCR)
2105906;7604563.6;1159.98;2025;Custeio;BCB/SICOR (MDCR)
2105906;7284163.1;809.62;2025;Investimento;BCB/SICOR (MDCR)
2105922;24003167.54;5251.16;2025;Custeio;BCB/SICOR (MDCR)
2105922;14268682.8;2479.27;2025;Investimento;BCB/SICOR (MDCR)
2105948;2989273.5;350.71999999999997;2025;Custeio;BCB/SICOR (MDCR)
2105948;3306591.0;228.81;2025;Investimento;BCB/SICOR (MDCR)
2105963;12136995.21;2223.81;2025;Custeio;BCB/SICOR (MDCR)
2105963;11841855.86;1833.9199999999998;2025;Investimento;BCB/SICOR (MDCR)
2105989;9770166.07;2864.69;2025;Custeio;BCB/SICOR (MDCR)
2105989;10420056.74;1036.11;2025;Investimento;BCB/SICOR (MDCR)
2106003;1562002.71;65.28999999999999;2025;Custeio;BCB/SICOR (MDCR)
2106003;4127889.94;899.66;2025;Investimento;BCB/SICOR (MDCR)
2106102;88015672.01;20898.25;2025;Custeio;BCB/SICOR (MDCR)
2106102;17491506.1;2538.68;2025;Investimento;BCB/SICOR (MDCR)
2106201;2398764.43;653.3;2025;Custeio;BCB/SICOR (MDCR)
2106201;627600.0;8.0;2025;Investimento;BCB/SICOR (MDCR)
2106300;13060406.51;2195.11;2025;Custeio;BCB/SICOR (MDCR)
2106300;6021068.6899999995;491.15000000000003;2025;Investimento;BCB/SICOR (MDCR)
2106326;3104710.69;651.79;2025;Custeio;BCB/SICOR (MDCR)
2106326;844600.0;23.52;2025;Investimento;BCB/SICOR (MDCR)
2106359;46665778.7;6975.03;2025;Custeio;BCB/SICOR (MDCR)
2106359;15965871.69;2180.67;2025;Investimento;BCB/SICOR (MDCR)
2106375;7047452.47;1849.81;2025;Custeio;BCB/SICOR (MDCR)
2106375;2318651.55;399.07;2025;Investimento;BCB/SICOR (MDCR)
2106409;5085376.890000001;1209.28;2025;Custeio;BCB/SICOR (MDCR)
2106409;10651453.23;1108.72;2025;Investimento;BCB/SICOR (MDCR)
2106508;9592177.97;599.9200000000001;2025;Custeio;BCB/SICOR (MDCR)
2106508;9199858.5;475.69;2025;Investimento;BCB/SICOR (MDCR)
2106607;28435204.78;6427.26;2025;Custeio;BCB/SICOR (MDCR)
2106607;15133946.159999998;2437.62;2025;Investimento;BCB/SICOR (MDCR)
2106631;5150459.69;832.63;2025;Custeio;BCB/SICOR (MDCR)
2106631;6225018.0;1375.32;2025;Investimento;BCB/SICOR (MDCR)
2106672;7961347.63;1431.47;2025;Custeio;BCB/SICOR (MDCR)
2106672;6676917.01;418.66;2025;Investimento;BCB/SICOR (MDCR)
2106706;93954461.09;18331.82;2025;Custeio;BCB/SICOR (MDCR)
2106706;50013855.91;9624.82;2025;Investimento;BCB/SICOR (MDCR)
2106755;260832.41;26.13;2025;Custeio;BCB/SICOR (MDCR)
2106755;903676.0;124.12;2025;Investimento;BCB/SICOR (MDCR)
2106805;94000.0;0.0;2025;Custeio;BCB/SICOR (MDCR)
2106805;2238342.8;147.84;2025;Investimento;BCB/SICOR (MDCR)
2106904;14696062.25;1998.28;2025;Custeio;BCB/SICOR (MDCR)
2106904;6431011.8;399.0;2025;Investimento;BCB/SICOR (MDCR)
2107001;11065996.73;1084.51;2025;Custeio;BCB/SICOR (MDCR)
2107001;6475412.23;456.67;2025;Investimento;BCB/SICOR (MDCR)
2107100;45000.0;0.32;2025;Custeio;BCB/SICOR (MDCR)
2107100;2965009.99;258.01;2025;Investimento;BCB/SICOR (MDCR)
2107209;211000.0;4.2299999999999995;2025;Custeio;BCB/SICOR (MDCR)
2107209;8462606.4;1764.0900000000001;2025;Investimento;BCB/SICOR (MDCR)
2107258;7457081.4399999995;2341.36;2025;Custeio;BCB/SICOR (MDCR)
2107258;7782086.2;1308.03;2025;Investimento;BCB/SICOR (MDCR)
2107308;3684066.7199999997;1056.37;2025;Custeio;BCB/SICOR (MDCR)
2107308;1008976.0;136.18;2025;Investimento;BCB/SICOR (MDCR)
2107357;5073532.18;935.69;2025;Custeio;BCB/SICOR (MDCR)
2107357;8101733.2;1053.09;2025;Investimento;BCB/SICOR (MDCR)
2107407;19926353.67;4429.22;2025;Custeio;BCB/SICOR (MDCR)
2107407;4724254.18;389.11;2025;Investimento;BCB/SICOR (MDCR)
2107456;478340.0;7.86;2025;Custeio;BCB/SICOR (MDCR)
2107456;2346217.1;98.18;2025;Investimento;BCB/SICOR (MDCR)
2107506;37980.0;0.03;2025;Custeio;BCB/SICOR (MDCR)
2107506;2234606.1;22.14;2025;Investimento;BCB/SICOR (MDCR)
2107605;547358.75;106.21000000000001;2025;Custeio;BCB/SICOR (MDCR)
2107605;6014665.14;456.85999999999996;2025;Investimento;BCB/SICOR (MDCR)
2107704;8976276.38;1985.82;2025;Custeio;BCB/SICOR (MDCR)
2107704;6453184.62;581.37;2025;Investimento;BCB/SICOR (MDCR)
2107803;153880018.67;31727.89;2025;Custeio;BCB/SICOR (MDCR)
2107803;30354841.79;3747.44;2025;Investimento;BCB/SICOR (MDCR)
2107902;11116283.01;2760.83;2025;Custeio;BCB/SICOR (MDCR)
2107902;8426368.379999999;1127.49;2025;Investimento;BCB/SICOR (MDCR)
2108009;23336715.13;4594.34;2025;Custeio;BCB/SICOR (MDCR)
2108009;36559430.660000004;3450.6499999999996;2025;Investimento;BCB/SICOR (MDCR)
2108058;1230000.0;0.01;2025;Custeio;BCB/SICOR (MDCR)
2108058;5842960.0;3.45;2025;Investimento;BCB/SICOR (MDCR)
2108108;91449817.16;11710.47;2025;Custeio;BCB/SICOR (MDCR)
2108108;20625237.61;1491.3799999999999;2025;Investimento;BCB/SICOR (MDCR)
2108207;5153323.43;567.64;2025;Custeio;BCB/SICOR (MDCR)
2108207;6851456.75;391.69;2025;Investimento;BCB/SICOR (MDCR)
2108256;13034548.51;3427.41;2025;Custeio;BCB/SICOR (MDCR)
2108256;10701942.9;2114.68;2025;Investimento;BCB/SICOR (MDCR)
2108306;14075296.24;2665.64;2025;Custeio;BCB/SICOR (MDCR)
2108306;15613018.56;650.05;2025;Investimento;BCB/SICOR (MDCR)
2108405;134621.25;9.84;2025;Custeio;BCB/SICOR (MDCR)
2108405;3131729.2;162.97;2025;Investimento;BCB/SICOR (MDCR)
2108454;5235062.4399999995;1117.64;2025;Custeio;BCB/SICOR (MDCR)
2108454;7454525.66;895.48;2025;Investimento;BCB/SICOR (MDCR)
2108504;3316926.49;361.34000000000003;2025;Custeio;BCB/SICOR (MDCR)
2108504;2445710.95;169.55;2025;Investimento;BCB/SICOR (MDCR)
2108603;594312.0;109.15;2025;Custeio;BCB/SICOR (MDCR)
2108603;8376170.54;349.77;2025;Investimento;BCB/SICOR (MDCR)
2108702;1931375.79;130.59;2025;Custeio;BCB/SICOR (MDCR)
2108702;7349939.55;324.66;2025;Investimento;BCB/SICOR (MDCR)
2108801;3497305.77;452.24;2025;Custeio;BCB/SICOR (MDCR)
2108801;1826072.0;590.77;2025;Investimento;BCB/SICOR (MDCR)
2108900;17921303.16;5687.57;2025;Custeio;BCB/SICOR (MDCR)
2108900;11856466.73;2762.84;2025;Investimento;BCB/SICOR (MDCR)
2109007;40992767.01;8066.2699999999995;2025;Custeio;BCB/SICOR (MDCR)
2109007;15209498.99;1468.48;2025;Investimento;BCB/SICOR (MDCR)
2109056;727800.0;22.5;2025;Investimento;BCB/SICOR (MDCR)
2109106;10637930.67;1894.74;2025;Custeio;BCB/SICOR (MDCR)
2109106;4073724.69;337.85;2025;Investimento;BCB/SICOR (MDCR)
2109205;54360.0;0.83;2025;Custeio;BCB/SICOR (MDCR)
2109205;1512936.73;73.18;2025;Investimento;BCB/SICOR (MDCR)
2109239;1779654.31;383.64;2025;Custeio;BCB/SICOR (MDCR)
2109239;2192623.59;434.01;2025;Investimento;BCB/SICOR (MDCR)
2109270;178000.0;2.14;2025;Custeio;BCB/SICOR (MDCR)
2109270;2731861.98;826.96;2025;Investimento;BCB/SICOR (MDCR)
2109304;60000.0;0.0;2025;Custeio;BCB/SICOR (MDCR)
2109304;3485000.0;305.6;2025;Investimento;BCB/SICOR (MDCR)
2109403;809000.0;0.0;2025;Investimento;BCB/SICOR (MDCR)
2109452;12000.0;0.0;2025;Custeio;BCB/SICOR (MDCR)
2109452;1490875.0;3.24;2025;Investimento;BCB/SICOR (MDCR)
2109502;120788808.98;29475.5;2025;Custeio;BCB/SICOR (MDCR)
2109502;34634903.67;3530.08;2025;Investimento;BCB/SICOR (MDCR)
2109551;4225971.61;629.92;2025;Custeio;BCB/SICOR (MDCR)
2109551;4902233.0;257.89;2025;Investimento;BCB/SICOR (MDCR)
2109601;217093.0;28.07;2025;Custeio;BCB/SICOR (MDCR)
2109601;4916735.21;35.57;2025;Investimento;BCB/SICOR (MDCR)
2109700;164509849.63;36151.9;2025;Custeio;BCB/SICOR (MDCR)
2109700;25251096.75;2705.42;2025;Investimento;BCB/SICOR (MDCR)
2109759;6477292.53;855.05;2025;Custeio;BCB/SICOR (MDCR)
2109759;2903300.3;418.66;2025;Investimento;BCB/SICOR (MDCR)
2109809;2479250.8;576.62;2025;Custeio;BCB/SICOR (MDCR)
2109809;6245704.2299999995;2075.59;2025;Investimento;BCB/SICOR (MDCR)
2109908;14267898.92;1408.14;2025;Custeio;BCB/SICOR (MDCR)
2109908;8450074.95;235.45;2025;Investimento;BCB/SICOR (MDCR)
2110005;167392759.13;27427.66;2025;Custeio;BCB/SICOR (MDCR)
2110005;28317647.2;3461.81;2025;Investimento;BCB/SICOR (MDCR)
2110039;3141859.07;1354.94;2025;Custeio;BCB/SICOR (MDCR)
2110039;4722541.63;923.28;2025;Investimento;BCB/SICOR (MDCR)
2110104;14707324.99;2615.89;2025;Custeio;BCB/SICOR (MDCR)
2110104;13662500.52;1613.31;2025;Investimento;BCB/SICOR (MDCR)
2110203;1191919.0;11.68;2025;Custeio;BCB/SICOR (MDCR)
2110203;5518498.03;557.8100000000001;2025;Investimento;BCB/SICOR (MDCR)
2110237;216416.62;10.31;2025;Custeio;BCB/SICOR (MDCR)
2110237;4206052.45;24.03;2025;Investimento;BCB/SICOR (MDCR)
2110278;24000.0;0.0;2025;Custeio;BCB/SICOR (MDCR)
2110278;2135000.0;0.0;2025;Investimento;BCB/SICOR (MDCR)
2110302;5199310.2;1602.59;2025;Custeio;BCB/SICOR (MDCR)
2110302;5123412.11;664.61;2025;Investimento;BCB/SICOR (MDCR)
2110401;5020800.12;579.27;2025;Custeio;BCB/SICOR (MDCR)
2110401;6228163.5;2167.65;2025;Investimento;BCB/SICOR (MDCR)
2110500;1551415.4;289.15;2025;Custeio;BCB/SICOR (MDCR)
2110500;3689853.4;349.02;2025;Investimento;BCB/SICOR (MDCR)
2110609;22925902.48;4715.01;2025;Custeio;BCB/SICOR (MDCR)
2110609;4759455.86;470.90999999999997;2025;Investimento;BCB/SICOR (MDCR)
2110658;43673409.6;12083.06;2025;Custeio;BCB/SICOR (MDCR)
2110658;28132734.66;4863.74;2025;Investimento;BCB/SICOR (MDCR)
2110708;19692520.53;2364.07;2025;Custeio;BCB/SICOR (MDCR)
2110708;8069864.52;1226.82;2025;Investimento;BCB/SICOR (MDCR)
2110807;21438421.41;5374.16;2025;Custeio;BCB/SICOR (MDCR)
2110807;28124441.2;169.07;2025;Investimento;BCB/SICOR (MDCR)
2110856;7686098.42;1556.51;2025;Custeio;BCB/SICOR (MDCR)
2110856;5012775.66;573.85;2025;Investimento;BCB/SICOR (MDCR)
2110906;16333937.26;3390.93;2025;Custeio;BCB/SICOR (MDCR)
2110906;31511327.810000002;3321.91;2025;Investimento;BCB/SICOR (MDCR)
2111003;82350.0;8.01;2025;Custeio;BCB/SICOR (MDCR)
2111003;418000.0;1.6;2025;Investimento;BCB/SICOR (MDCR)
2111029;5911461.22;1081.29;2025;Custeio;BCB/SICOR (MDCR)
2111029;4313383.58;1382.25;2025;Investimento;BCB/SICOR (MDCR)
2111052;63318765.2;13106.97;2025;Custeio;BCB/SICOR (MDCR)
2111052;26150210.97;3600.54;2025;Investimento;BCB/SICOR (MDCR)
2111078;18378215.94;4035.74;2025;Custeio;BCB/SICOR (MDCR)
2111078;15305776.46;1913.24;2025;Investimento;BCB/SICOR (MDCR)
2111102;23700687.16;4590.88;2025;Custeio;BCB/SICOR (MDCR)
2111102;13850364.65;1550.35;2025;Investimento;BCB/SICOR (MDCR)
2111201;28000.0;0.03;2025;Custeio;BCB/SICOR (MDCR)
2111201;1338983.6400000001;12.31;2025;Investimento;BCB/SICOR (MDCR)
2111250;5066347.96;640.36;2025;Custeio;BCB/SICOR (MDCR)
2111250;2383978.0;349.1;2025;Investimento;BCB/SICOR (MDCR)
2111300;156028.2;1.32;2025;Custeio;BCB/SICOR (MDCR)
2111300;11103944.9;15.700000000000001;2025;Investimento;BCB/SICOR (MDCR)
2111409;6090689.97;988.09;2025;Custeio;BCB/SICOR (MDCR)
2111409;5220593.75;430.45;2025;Investimento;BCB/SICOR (MDCR)
2111508;7151282.850000001;1332.45;2025;Custeio;BCB/SICOR (MDCR)
2111508;4015237.8000000003;593.63;2025;Investimento;BCB/SICOR (MDCR)
2111532;1461706.8;432.94;2025;Custeio;BCB/SICOR (MDCR)
2111532;2321255.92;659.65;2025;Investimento;BCB/SICOR (MDCR)
2111573;23539916.66;4702.78;2025;Custeio;BCB/SICOR (MDCR)
2111573;15554399.65;1335.33;2025;Investimento;BCB/SICOR (MDCR)
2111607;172022694.09;31867.239999999998;2025;Custeio;BCB/SICOR (MDCR)
2111607;28297176.66;2896.98;2025;Investimento;BCB/SICOR (MDCR)
2111631;8043615.34;3166.22;2025;Custeio;BCB/SICOR (MDCR)
2111631;8939547.75;1525.82;2025;Investimento;BCB/SICOR (MDCR)
2111672;7829789.609999999;1765.95;2025;Custeio;BCB/SICOR (MDCR)
2111672;6845675.73;506.42;2025;Investimento;BCB/SICOR (MDCR)
2111706;56000.0;0.0;2025;Custeio;BCB/SICOR (MDCR)
2111706;3519500.0;70.12;2025;Investimento;BCB/SICOR (MDCR)
2111722;6654477.6;238.95;2025;Custeio;BCB/SICOR (MDCR)
2111722;5319999.6;182.66;2025;Investimento;BCB/SICOR (MDCR)
2111748;2138528.74;242.92999999999998;2025;Custeio;BCB/SICOR (MDCR)
2111748;845000.0;0.0;2025;Investimento;BCB/SICOR (MDCR)
2111763;12200891.35;2011.3400000000001;2025;Custeio;BCB/SICOR (MDCR)
2111763;11007782.94;1011.1;2025;Investimento;BCB/SICOR (MDCR)
2111789;37000.0;4.52;2025;Custeio;BCB/SICOR (MDCR)
2111789;4267659.62;105.9;2025;Investimento;BCB/SICOR (MDCR)
2111805;52389384.32;8517.42;2025;Custeio;BCB/SICOR (MDCR)
2111805;35991433.6;5286.89;2025;Investimento;BCB/SICOR (MDCR)
2111904;32855340.590000004;6261.35;2025;Custeio;BCB/SICOR (MDCR)
2111904;9731628.97;818.68;2025;Investimento;BCB/SICOR (MDCR)
2111953;15023409.73;4081.78;2025;Custeio;BCB/SICOR (MDCR)
2111953;3736657.4;577.5600000000001;2025;Investimento;BCB/SICOR (MDCR)
2112001;128326004.28999999;31420.920000000002;2025;Custeio;BCB/SICOR (MDCR)
2112001;33360168.26;4586.61;2025;Investimento;BCB/SICOR (MDCR)
2112100;9757199.9;2691.7;2025;Custeio;BCB/SICOR (MDCR)
2112100;11826392.31;654.7;2025;Investimento;BCB/SICOR (MDCR)
2112209;20505494.98;5167.1900000000005;2025;Custeio;BCB/SICOR (MDCR)
2112209;14424659.34;2015.85;2025;Investimento;BCB/SICOR (MDCR)
2112233;2848259.39;466.39;2025;Custeio;BCB/SICOR (MDCR)
2112233;1735010.0;93.19;2025;Investimento;BCB/SICOR (MDCR)
2112274;2316778.0;358.34999999999997;2025;Custeio;BCB/SICOR (MDCR)
2112274;2066833.55;185.24;2025;Investimento;BCB/SICOR (MDCR)
2112308;24940298.04;7072.77;2025;Custeio;BCB/SICOR (MDCR)
2112308;16903337.7;3856.47;2025;Investimento;BCB/SICOR (MDCR)
2112407;4022512.5;572.09;2025;Custeio;BCB/SICOR (MDCR)
2112407;1727250.0;334.25;2025;Investimento;BCB/SICOR (MDCR)
2112456;1700921.9;484.76;2025;Custeio;BCB/SICOR (MDCR)
2112456;3924001.75;352.72;2025;Investimento;BCB/SICOR (MDCR)
2112506;398500.0;5.619999999999999;2025;Custeio;BCB/SICOR (MDCR)
2112506;8306075.72;56.64;2025;Investimento;BCB/SICOR (MDCR)
2112605;13943683.719999999;3141.96;2025;Custeio;BCB/SICOR (MDCR)
2112605;16623482.09;2447.71;2025;Investimento;BCB/SICOR (MDCR)
2112704;2263791.91;467.7;2025;Custeio;BCB/SICOR (MDCR)
2112704;14204245.27;2434.15;2025;Investimento;BCB/SICOR (MDCR)
2112803;2049755.8900000001;324.86;2025;Custeio;BCB/SICOR (MDCR)
2112803;9634727.0;567.53;2025;Investimento;BCB/SICOR (MDCR)
2112852;15516970.91;3712.35;2025;Custeio;BCB/SICOR (MDCR)
2112852;7390003.54;1087.99;2025;Investimento;BCB/SICOR (MDCR)
2112902;2962903.8800000004;621.98;2025;Custeio;BCB/SICOR (MDCR)
2112902;1924340.28;100.05;2025;Investimento;BCB/SICOR (MDCR)
2113009;23750476.84;4465.02;2025;Custeio;BCB/SICOR (MDCR)
2113009;9155131.4;1741.89;2025;Investimento;BCB/SICOR (MDCR)
2114007;29828333.169999998;5786.0199999999995;2025;Custeio;BCB/SICOR (MDCR)
2114007;34707162.07;2764.67;2025;Investimento;BCB/SICOR (MDCR)
2200053;1636431.84;153.76;2025;Custeio;BCB/SICOR (MDCR)
2200053;10590770.85;136.42000000000002;2025;Investimento;BCB/SICOR (MDCR)
2200103;286207.46;20.6;2025;Custeio;BCB/SICOR (MDCR)
2200103;1400298.79;9.88;2025;Investimento;BCB/SICOR (MDCR)
2200202;1599964.1;127.36;2025;Custeio;BCB/SICOR (MDCR)
2200202;6964278.9;33.23;2025;Investimento;BCB/SICOR (MDCR)
2200251;457799.57;50.06;2025;Custeio;BCB/SICOR (MDCR)
2200251;8862707.57;116.04;2025;Investimento;BCB/SICOR (MDCR)
2200277;198029.5;26.599999999999998;2025;Custeio;BCB/SICOR (MDCR)
2200277;2135207.12;63.099999999999994;2025;Investimento;BCB/SICOR (MDCR)
2200301;3958163.93;722.1;2025;Custeio;BCB/SICOR (MDCR)
2200301;10949554.09;1163.22;2025;Investimento;BCB/SICOR (MDCR)
2200400;2320411.55;127.23;2025;Custeio;BCB/SICOR (MDCR)
2200400;6512943.08;75.78;2025;Investimento;BCB/SICOR (MDCR)
2200459;12834728.27;2751.7;2025;Custeio;BCB/SICOR (MDCR)
2200459;6092436.91;268.04;2025;Investimento;BCB/SICOR (MDCR)
2200509;1522893.38;162.96;2025;Custeio;BCB/SICOR (MDCR)
2200509;7617562.86;89.92;2025;Investimento;BCB/SICOR (MDCR)
2200608;330528.0;4.74;2025;Custeio;BCB/SICOR (MDCR)
2200608;1954012.13;0.51;2025;Investimento;BCB/SICOR (MDCR)
2200707;300375.44;28.1;2025;Custeio;BCB/SICOR (MDCR)
2200707;3032376.0;7.91;2025;Investimento;BCB/SICOR (MDCR)
2200806;5724648.0;1415.12;2025;Custeio;BCB/SICOR (MDCR)
2200806;1065809.91;54.730000000000004;2025;Investimento;BCB/SICOR (MDCR)
2200905;691220.15;126.23;2025;Custeio;BCB/SICOR (MDCR)
2200905;3845598.0;83.27999999999999;2025;Investimento;BCB/SICOR (MDCR)
2200954;374800.0;11.43;2025;Custeio;BCB/SICOR (MDCR)
2200954;3298018.49;7.84;2025;Investimento;BCB/SICOR (MDCR)
2201002;572060.0;5.76;2025;Custeio;BCB/SICOR (MDCR)
2201002;3834737.91;10.450000000000001;2025;Investimento;BCB/SICOR (MDCR)
2201051;110000.0;2.4699999999999998;2025;Custeio;BCB/SICOR (MDCR)
2201051;6137233.12;69.39;2025;Investimento;BCB/SICOR (MDCR)
2201101;49000.0;5.0;2025;Custeio;BCB/SICOR (MDCR)
2201101;3905114.6;177.18;2025;Investimento;BCB/SICOR (MDCR)
2201150;568521923.58;133156.79;2025;Custeio;BCB/SICOR (MDCR)
2201150;123723646.21;10114.43;2025;Investimento;BCB/SICOR (MDCR)
2201176;1657812.72;1.35;2025;Custeio;BCB/SICOR (MDCR)
2201176;3655639.05;17.09;2025;Investimento;BCB/SICOR (MDCR)
2201200;3646778.54;679.6;2025;Custeio;BCB/SICOR (MDCR)
2201200;8802204.6;661.17;2025;Investimento;BCB/SICOR (MDCR)
2201309;6751061.66;1367.02;2025;Custeio;BCB/SICOR (MDCR)
2201309;2068790.0;0.76;2025;Investimento;BCB/SICOR (MDCR)
2201408;715900.0;0.52;2025;Custeio;BCB/SICOR (MDCR)
2201408;2007200.0;0.16;2025;Investimento;BCB/SICOR (MDCR)
2201507;2552012.64;611.51;2025;Custeio;BCB/SICOR (MDCR)
2201507;9762984.81;304.37;2025;Investimento;BCB/SICOR (MDCR)
2201556;1988277.29;340.49;2025;Custeio;BCB/SICOR (MDCR)
2201556;7670905.5;175.15;2025;Investimento;BCB/SICOR (MDCR)
2201572;480029.83;629.47;2025;Custeio;BCB/SICOR (MDCR)
2201572;2172358.0;11.92;2025;Investimento;BCB/SICOR (MDCR)
2201606;860197.0;5.11;2025;Custeio;BCB/SICOR (MDCR)
2201606;4088734.77;20.05;2025;Investimento;BCB/SICOR (MDCR)
2201705;1567057.3199999998;305.37;2025;Custeio;BCB/SICOR (MDCR)
2201705;4598836.47;108.12;2025;Investimento;BCB/SICOR (MDCR)
2201739;1460177.9;363.9;2025;Custeio;BCB/SICOR (MDCR)
2201739;13789064.05;575.14;2025;Investimento;BCB/SICOR (MDCR)
2201770;5493703.609999999;1238.44;2025;Custeio;BCB/SICOR (MDCR)
2201770;9326119.62;1096.26;2025;Investimento;BCB/SICOR (MDCR)
2201804;41375.17;33.230000000000004;2025;Custeio;BCB/SICOR (MDCR)
2201804;3429549.76;17.13;2025;Investimento;BCB/SICOR (MDCR)
2201903;103740151.31;20615.96;2025;Custeio;BCB/SICOR (MDCR)
2201903;85217787.15;6694.97;2025;Investimento;BCB/SICOR (MDCR)
2201919;206241.16;8.899999999999999;2025;Custeio;BCB/SICOR (MDCR)
2201919;3127479.64;38.68;2025;Investimento;BCB/SICOR (MDCR)
2201929;636400.0;133.64999999999998;2025;Custeio;BCB/SICOR (MDCR)
2201929;5005010.0;4.55;2025;Investimento;BCB/SICOR (MDCR)
2201945;247431.25;31.03;2025;Custeio;BCB/SICOR (MDCR)
2201945;2368952.16;26.24;2025;Investimento;BCB/SICOR (MDCR)
2201960;437780.0;106.57;2025;Custeio;BCB/SICOR (MDCR)
2201960;2840118.6;185.03;2025;Investimento;BCB/SICOR (MDCR)
2201988;1663461.95;1179.39;2025;Custeio;BCB/SICOR (MDCR)
2201988;5441043.88;25.32;2025;Investimento;BCB/SICOR (MDCR)
2202000;892597.68;85.91;2025;Custeio;BCB/SICOR (MDCR)
2202000;4716228.1899999995;134.91;2025;Investimento;BCB/SICOR (MDCR)
2202026;344944.49;41.31;2025;Custeio;BCB/SICOR (MDCR)
2202026;6731012.82;31.23;2025;Investimento;BCB/SICOR (MDCR)
2202059;495707.25;145.79;2025;Custeio;BCB/SICOR (MDCR)
2202059;4624991.89;23.24;2025;Investimento;BCB/SICOR (MDCR)
2202075;751666.6;77.16;2025;Custeio;BCB/SICOR (MDCR)
2202075;1914555.19;128.87;2025;Investimento;BCB/SICOR (MDCR)
2202083;13133516.0;480.03;2025;Custeio;BCB/SICOR (MDCR)
2202083;516350.0;0.0;2025;Investimento;BCB/SICOR (MDCR)
2202091;696000.0;13.64;2025;Custeio;BCB/SICOR (MDCR)
2202091;7376325.09;6.27;2025;Investimento;BCB/SICOR (MDCR)
2202109;926942.33;37.02;2025;Custeio;BCB/SICOR (MDCR)
2202109;5709961.91;187.57999999999998;2025;Investimento;BCB/SICOR (MDCR)
2202117;140262.32;48.86;2025;Custeio;BCB/SICOR (MDCR)
2202117;6351587.3;14.86;2025;Investimento;BCB/SICOR (MDCR)
2202133;236303.8;28.24;2025;Custeio;BCB/SICOR (MDCR)
2202133;4069104.49;58.89;2025;Investimento;BCB/SICOR (MDCR)
2202174;48000.0;0.0;2025;Custeio;BCB/SICOR (MDCR)
2202174;2510541.3;94.2;2025;Investimento;BCB/SICOR (MDCR)
2202208;2329999.64;245.32999999999998;2025;Custeio;BCB/SICOR (MDCR)
2202208;10683535.53;145.4;2025;Investimento;BCB/SICOR (MDCR)
2202251;1525718.55;303.62;2025;Custeio;BCB/SICOR (MDCR)
2202251;940654.23;83.21000000000001;2025;Investimento;BCB/SICOR (MDCR)
2202307;3600972.96;739.8100000000001;2025;Custeio;BCB/SICOR (MDCR)
2202307;11134272.7;244.12;2025;Investimento;BCB/SICOR (MDCR)
2202406;2393953.3000000003;473.78000000000003;2025;Custeio;BCB/SICOR (MDCR)
2202406;4908381.5;644.0;2025;Investimento;BCB/SICOR (MDCR)
2202455;933886.4299999999;135.47;2025;Custeio;BCB/SICOR (MDCR)
2202455;6440171.0;27.54;2025;Investimento;BCB/SICOR (MDCR)
2202505;1290829.31;220.09;2025;Custeio;BCB/SICOR (MDCR)
2202505;2369765.52;48.21;2025;Investimento;BCB/SICOR (MDCR)
2202539;1331023.24;296.69;2025;Custeio;BCB/SICOR (MDCR)
2202539;1842053.5;2.1799999999999997;2025;Investimento;BCB/SICOR (MDCR)
2202554;283944.5;61.370000000000005;2025;Custeio;BCB/SICOR (MDCR)
2202554;4153563.59;135.19;2025;Investimento;BCB/SICOR (MDCR)
2202604;941560.0;104.93;2025;Custeio;BCB/SICOR (MDCR)
2202604;7515840.84;89.43;2025;Investimento;BCB/SICOR (MDCR)
2202653;2030589.1600000001;225.47;2025;Custeio;BCB/SICOR (MDCR)
2202653;1846858.29;66.91;2025;Investimento;BCB/SICOR (MDCR)
2202703;3790785.4699999997;765.77;2025;Custeio;BCB/SICOR (MDCR)
2202703;15035171.04;138.83;2025;Investimento;BCB/SICOR (MDCR)
2202711;3131386.37;706.72;2025;Custeio;BCB/SICOR (MDCR)
2202711;1032999.12;7.48;2025;Investimento;BCB/SICOR (MDCR)
2202729;29900.0;0.14;2025;Custeio;BCB/SICOR (MDCR)
2202729;4820785.16;11.059999999999999;2025;Investimento;BCB/SICOR (MDCR)
2202737;1721727.0;221.69;2025;Custeio;BCB/SICOR (MDCR)
2202737;5276888.95;16.5;2025;Investimento;BCB/SICOR (MDCR)
2202752;562931.0;30.32;2025;Custeio;BCB/SICOR (MDCR)
2202752;4929637.37;81.9;2025;Investimento;BCB/SICOR (MDCR)
2202778;488034.42;42.260000000000005;2025;Custeio;BCB/SICOR (MDCR)
2202778;7504961.71;547.25;2025;Investimento;BCB/SICOR (MDCR)
2202802;3701016.19;220.06;2025;Custeio;BCB/SICOR (MDCR)
2202802;7151675.65;143.35;2025;Investimento;BCB/SICOR (MDCR)
2202851;659594.9199999999;182.53;2025;Custeio;BCB/SICOR (MDCR)
2202851;2960140.43;33.11;2025;Investimento;BCB/SICOR (MDCR)
2202901;18737442.63;4875.55;2025;Custeio;BCB/SICOR (MDCR)
2202901;30378030.12;3305.65;2025;Investimento;BCB/SICOR (MDCR)
2203008;6106895.76;1295.75;2025;Custeio;BCB/SICOR (MDCR)
2203008;3404269.36;427.47;2025;Investimento;BCB/SICOR (MDCR)
2203107;3204461.94;877.95;2025;Custeio;BCB/SICOR (MDCR)
2203107;4700738.05;272.09;2025;Investimento;BCB/SICOR (MDCR)
2203206;2137628.93;643.56;2025;Custeio;BCB/SICOR (MDCR)
2203206;6175954.5;620.1;2025;Investimento;BCB/SICOR (MDCR)
2203230;80536568.4;16360.72;2025;Custeio;BCB/SICOR (MDCR)
2203230;30695015.150000002;3085.73;2025;Investimento;BCB/SICOR (MDCR)
2203255;5004803.0200000005;1155.44;2025;Custeio;BCB/SICOR (MDCR)
2203255;1185976.08;47.26;2025;Investimento;BCB/SICOR (MDCR)
2203271;719427.0;118.6;2025;Custeio;BCB/SICOR (MDCR)
2203271;5955371.03;150.89000000000001;2025;Investimento;BCB/SICOR (MDCR)
2203305;97000.0;0.0;2025;Custeio;BCB/SICOR (MDCR)
2203305;946000.0;0.5;2025;Investimento;BCB/SICOR (MDCR)
2203354;24000.0;0.0;2025;Custeio;BCB/SICOR (MDCR)
2203354;3024902.86;64.09;2025;Investimento;BCB/SICOR (MDCR)
2203404;453084.32;9.25;2025;Custeio;BCB/SICOR (MDCR)
2203404;4459028.91;23.0;2025;Investimento;BCB/SICOR (MDCR)
2203420;1086142.31;476.16;2025;Custeio;BCB/SICOR (MDCR)
2203420;2177375.6;19.39;2025;Investimento;BCB/SICOR (MDCR)
2203453;1466585.68;246.07;2025;Custeio;BCB/SICOR (MDCR)
2203453;6137012.7;309.68;2025;Investimento;BCB/SICOR (MDCR)
2203503;2036634.6800000002;602.9;2025;Custeio;BCB/SICOR (MDCR)
2203503;7901348.28;451.46999999999997;2025;Investimento;BCB/SICOR (MDCR)
2203602;602404.4;110.97;2025;Custeio;BCB/SICOR (MDCR)
2203602;3158000.0;6.0;2025;Investimento;BCB/SICOR (MDCR)
2203701;1169600.0;19.22;2025;Custeio;BCB/SICOR (MDCR)
2203701;12857483.4;273.46999999999997;2025;Investimento;BCB/SICOR (MDCR)
2203750;243740.64;10.33;2025;Custeio;BCB/SICOR (MDCR)
2203750;2400155.0;5.24;2025;Investimento;BCB/SICOR (MDCR)
2203800;207754.87;22.64;2025;Custeio;BCB/SICOR (MDCR)
2203800;3565491.05;241.09;2025;Investimento;BCB/SICOR (MDCR)
2203859;157900.26;13.64;2025;Custeio;BCB/SICOR (MDCR)
2203859;3020975.21;82.73;2025;Investimento;BCB/SICOR (MDCR)
2203909;6719843.09;1263.94;2025;Custeio;BCB/SICOR (MDCR)
2203909;26021853.0;1063.31;2025;Investimento;BCB/SICOR (MDCR)
2204006;516928.0;37.85;2025;Custeio;BCB/SICOR (MDCR)
2204006;2248885.08;12.69;2025;Investimento;BCB/SICOR (MDCR)
2204105;839361.98;69.1;2025;Custeio;BCB/SICOR (MDCR)
2204105;3920776.4;5.4399999999999995;2025;Investimento;BCB/SICOR (MDCR)
2204154;134900.0;12.05;2025;Custeio;BCB/SICOR (MDCR)
2204154;2159200.0;2.2;2025;Investimento;BCB/SICOR (MDCR)
2204204;504113.58;60.730000000000004;2025;Custeio;BCB/SICOR (MDCR)
2204204;10919793.81;206.95;2025;Investimento;BCB/SICOR (MDCR)
2204303;1746052.75;241.87;2025;Custeio;BCB/SICOR (MDCR)
2204303;7011105.06;374.45;2025;Investimento;BCB/SICOR (MDCR)
2204352;71400.0;6.0;2025;Custeio;BCB/SICOR (MDCR)
2204352;4608876.49;39.75;2025;Investimento;BCB/SICOR (MDCR)
2204402;68709915.45;13702.400000000001;2025;Custeio;BCB/SICOR (MDCR)
2204402;58512051.77;576.16;2025;Investimento;BCB/SICOR (MDCR)
2204501;336435.02;59.129999999999995;2025;Custeio;BCB/SICOR (MDCR)
2204501;1892271.04;124.37;2025;Investimento;BCB/SICOR (MDCR)
2204550;2145351.0;161.58;2025;Custeio;BCB/SICOR (MDCR)
2204550;2548360.0;5.79;2025;Investimento;BCB/SICOR (MDCR)
2204600;594418.16;85.32;2025;Custeio;BCB/SICOR (MDCR)
2204600;1686700.0;4.13;2025;Investimento;BCB/SICOR (MDCR)
2204659;32336.0;0.07;2025;Custeio;BCB/SICOR (MDCR)
2204659;1315082.0;0.73;2025;Investimento;BCB/SICOR (MDCR)
2204709;1389278.4;486.22;2025;Custeio;BCB/SICOR (MDCR)
2204709;17867495.26;123.03;2025;Investimento;BCB/SICOR (MDCR)
2204808;182296.7;19.18;2025;Custeio;BCB/SICOR (MDCR)
2204808;8070951.41;25.36;2025;Investimento;BCB/SICOR (MDCR)
2204907;1275750.53;444.63;2025;Custeio;BCB/SICOR (MDCR)
2204907;6596351.98;20.49;2025;Investimento;BCB/SICOR (MDCR)
2205003;762405.97;171.22;2025;Custeio;BCB/SICOR (MDCR)
2205003;7635067.3;18.7;2025;Investimento;BCB/SICOR (MDCR)
2205102;4160784.93;2314.09;2025;Custeio;BCB/SICOR (MDCR)
2205102;8388620.0;150.21;2025;Investimento;BCB/SICOR (MDCR)
2205151;2537489.19;746.09;2025;Custeio;BCB/SICOR (MDCR)
2205151;9105218.36;373.8;2025;Investimento;BCB/SICOR (MDCR)
2205201;971741.65;55.379999999999995;2025;Custeio;BCB/SICOR (MDCR)
2205201;6946261.47;31.5;2025;Investimento;BCB/SICOR (MDCR)
2205250;13038786.62;2930.32;2025;Custeio;BCB/SICOR (MDCR)
2205250;8940682.08;86.24;2025;Investimento;BCB/SICOR (MDCR)
2205276;758250.0;82.8;2025;Custeio;BCB/SICOR (MDCR)
2205276;4766962.52;28.76;2025;Investimento;BCB/SICOR (MDCR)
2205300;4121162.87;699.27;2025;Custeio;BCB/SICOR (MDCR)
2205300;7784418.640000001;741.73;2025;Investimento;BCB/SICOR (MDCR)
2205359;1761688.31;399.69;2025;Custeio;BCB/SICOR (MDCR)
2205359;3603522.66;10.58;2025;Investimento;BCB/SICOR (MDCR)
2205409;686094.45;1026.44;2025;Custeio;BCB/SICOR (MDCR)
2205409;7723129.74;485.48;2025;Investimento;BCB/SICOR (MDCR)
2205458;233186.61;10.09;2025;Custeio;BCB/SICOR (MDCR)
2205458;2772000.0;23.0;2025;Investimento;BCB/SICOR (MDCR)
2205508;3541412.96;616.65;2025;Custeio;BCB/SICOR (MDCR)
2205508;8234543.1;289.68;2025;Investimento;BCB/SICOR (MDCR)
2205516;151000.0;0.58;2025;Custeio;BCB/SICOR (MDCR)
2205516;2553570.0;0.0;2025;Investimento;BCB/SICOR (MDCR)
2205524;805236.63;144.63;2025;Custeio;BCB/SICOR (MDCR)
2205524;6806608.48;1009.36;2025;Investimento;BCB/SICOR (MDCR)
2205532;2229254.8;473.47999999999996;2025;Custeio;BCB/SICOR (MDCR)
2205532;6338728.16;79.82;2025;Investimento;BCB/SICOR (MDCR)
2205540;317703.11;31.63;2025;Custeio;BCB/SICOR (MDCR)
2205540;2407548.81;0.21;2025;Investimento;BCB/SICOR (MDCR)
2205557;2160184.02;774.3;2025;Custeio;BCB/SICOR (MDCR)
2205557;5945412.41;124.53;2025;Investimento;BCB/SICOR (MDCR)
2205565;239850.0;145.45;2025;Custeio;BCB/SICOR (MDCR)
2205565;4637433.64;223.39000000000001;2025;Investimento;BCB/SICOR (MDCR)
2205573;113500.0;0.1;2025;Custeio;BCB/SICOR (MDCR)
2205573;1545584.88;9.12;2025;Investimento;BCB/SICOR (MDCR)
2205581;161970.0;0.6299999999999999;2025;Custeio;BCB/SICOR (MDCR)
2205581;699329.0;0.03;2025;Investimento;BCB/SICOR (MDCR)
2205599;1670521.06;221.1;2025;Custeio;BCB/SICOR (MDCR)
2205599;8043188.86;562.02;2025;Investimento;BCB/SICOR (MDCR)
2205607;22589531.97;6412.07;2025;Custeio;BCB/SICOR (MDCR)
2205607;1106232.8;67.21000000000001;2025;Investimento;BCB/SICOR (MDCR)
2205706;1040439.6;27.37;2025;Custeio;BCB/SICOR (MDCR)
2205706;5437168.79;16.11;2025;Investimento;BCB/SICOR (MDCR)
2205805;1217682.82;87.33;2025;Custeio;BCB/SICOR (MDCR)
2205805;9050492.86;44.89;2025;Investimento;BCB/SICOR (MDCR)
2205854;607359.4;5.6499999999999995;2025;Custeio;BCB/SICOR (MDCR)
2205854;2779800.0;90.0;2025;Investimento;BCB/SICOR (MDCR)
2205904;5534449.9;2476.05;2025;Custeio;BCB/SICOR (MDCR)
2205904;10924471.82;23.55;2025;Investimento;BCB/SICOR (MDCR)
2205953;188600.0;87.32000000000001;2025;Custeio;BCB/SICOR (MDCR)
2205953;3267704.4;1.19;2025;Investimento;BCB/SICOR (MDCR)
2206001;256341.76;36.68;2025;Custeio;BCB/SICOR (MDCR)
2206001;383000.0;8.0;2025;Investimento;BCB/SICOR (MDCR)
2206050;183150.8;15.91;2025;Custeio;BCB/SICOR (MDCR)
2206050;3302872.89;35.62;2025;Investimento;BCB/SICOR (MDCR)
2206100;259854.0;41.14;2025;Custeio;BCB/SICOR (MDCR)
2206100;2008685.0;69.84;2025;Investimento;BCB/SICOR (MDCR)
2206209;1060354.21;50.2;2025;Custeio;BCB/SICOR (MDCR)
2206209;4828836.32;44.71;2025;Investimento;BCB/SICOR (MDCR)
2206308;14400.0;0.0;2025;Custeio;BCB/SICOR (MDCR)
2206308;543837.25;35.0;2025;Investimento;BCB/SICOR (MDCR)
2206357;532373.1;20.92;2025;Custeio;BCB/SICOR (MDCR)
2206357;3205880.71;43.89;2025;Investimento;BCB/SICOR (MDCR)
2206407;121000.0;0.0;2025;Custeio;BCB/SICOR (MDCR)
2206407;3587824.18;20.68;2025;Investimento;BCB/SICOR (MDCR)
2206506;1647445.57;293.18;2025;Custeio;BCB/SICOR (MDCR)
2206506;9433994.9;79.34;2025;Investimento;BCB/SICOR (MDCR)
2206605;22358604.15;5163.2;2025;Custeio;BCB/SICOR (MDCR)
2206605;42452748.99;1884.44;2025;Investimento;BCB/SICOR (MDCR)
2206654;147000.0;17.92;2025;Custeio;BCB/SICOR (MDCR)
2206654;5108132.42;324.89;2025;Investimento;BCB/SICOR (MDCR)
2206670;331300.0;1.9900000000000002;2025;Custeio;BCB/SICOR (MDCR)
2206670;3100416.31;78.21;2025;Investimento;BCB/SICOR (MDCR)
2206696;188800.0;6.63;2025;Custeio;BCB/SICOR (MDCR)
2206696;2283483.41;26.08;2025;Investimento;BCB/SICOR (MDCR)
2206704;4808978.92;1025.5900000000001;2025;Custeio;BCB/SICOR (MDCR)
2206704;3194481.96;146.05;2025;Investimento;BCB/SICOR (MDCR)
2206720;353831.94;95.53;2025;Custeio;BCB/SICOR (MDCR)
2206720;3508706.91;8.24;2025;Investimento;BCB/SICOR (MDCR)
2206753;231000.0;1.31;2025;Custeio;BCB/SICOR (MDCR)
2206753;3311242.14;34.04;2025;Investimento;BCB/SICOR (MDCR)
2206803;251187.57;8.08;2025;Custeio;BCB/SICOR (MDCR)
2206803;4518018.5;115.94;2025;Investimento;BCB/SICOR (MDCR)
2206902;5810833.5;453.28000000000003;2025;Custeio;BCB/SICOR (MDCR)
2206902;7331234.96;338.09;2025;Investimento;BCB/SICOR (MDCR)
2206951;1637436.3;249.43;2025;Custeio;BCB/SICOR (MDCR)
2206951;8126300.39;25.14;2025;Investimento;BCB/SICOR (MDCR)
2207009;6617392.58;1440.52;2025;Custeio;BCB/SICOR (MDCR)
2207009;23452110.46;1702.49;2025;Investimento;BCB/SICOR (MDCR)
2207108;2032906.45;190.94;2025;Custeio;BCB/SICOR (MDCR)
2207108;1381282.28;12.64;2025;Investimento;BCB/SICOR (MDCR)
2207207;15000.0;0.18;2025;Custeio;BCB/SICOR (MDCR)
2207207;3016142.87;4.13;2025;Investimento;BCB/SICOR (MDCR)
2207306;1485871.03;81.12;2025;Custeio;BCB/SICOR (MDCR)
2207306;6256248.2;76.38;2025;Investimento;BCB/SICOR (MDCR)
2207355;710972.0;48.07;2025;Custeio;BCB/SICOR (MDCR)
2207355;1847146.26;26.25;2025;Investimento;BCB/SICOR (MDCR)
2207405;7378945.62;1314.78;2025;Custeio;BCB/SICOR (MDCR)
2207405;17221566.64;1448.3799999999999;2025;Investimento;BCB/SICOR (MDCR)
2207504;5682026.97;678.5699999999999;2025;Custeio;BCB/SICOR (MDCR)
2207504;4135329.51;148.41;2025;Investimento;BCB/SICOR (MDCR)
2207553;381200.0;12.600000000000001;2025;Custeio;BCB/SICOR (MDCR)
2207553;4146348.0;110.48;2025;Investimento;BCB/SICOR (MDCR)
2207603;23814522.88;8273.26;2025;Custeio;BCB/SICOR (MDCR)
2207603;10139527.83;1206.29;2025;Investimento;BCB/SICOR (MDCR)
2207702;5489610.13;178.01000000000002;2025;Custeio;BCB/SICOR (MDCR)
2207702;2784298.29;21.22;2025;Investimento;BCB/SICOR (MDCR)
2207751;2467882.31;425.71;2025;Custeio;BCB/SICOR (MDCR)
2207751;5604108.11;1011.39;2025;Investimento;BCB/SICOR (MDCR)
2207777;4154554.66;196.3;2025;Investimento;BCB/SICOR (MDCR)
2207793;377450.0;70.0;2025;Custeio;BCB/SICOR (MDCR)
2207793;3348080.93;30.85;2025;Investimento;BCB/SICOR (MDCR)
2207801;1951853.0;281.5;2025;Custeio;BCB/SICOR (MDCR)
2207801;21175625.1;1092.85;2025;Investimento;BCB/SICOR (MDCR)
2207850;437704.58;30.849999999999998;2025;Custeio;BCB/SICOR (MDCR)
2207850;4467128.0600000005;81.25999999999999;2025;Investimento;BCB/SICOR (MDCR)
2207900;3660112.6999999997;751.63;2025;Custeio;BCB/SICOR (MDCR)
2207900;7961249.14;521.7;2025;Investimento;BCB/SICOR (MDCR)
2207934;145323.53;216.0;2025;Custeio;BCB/SICOR (MDCR)
2207934;6241512.0;1176.35;2025;Investimento;BCB/SICOR (MDCR)
2207959;725941.23;151.87;2025;Custeio;BCB/SICOR (MDCR)
2207959;4671226.8;70.81;2025;Investimento;BCB/SICOR (MDCR)
2208007;498112.39;8.09;2025;Custeio;BCB/SICOR (MDCR)
2208007;18045232.93;84.31;2025;Investimento;BCB/SICOR (MDCR)
2208106;2861824.79;573.77;2025;Custeio;BCB/SICOR (MDCR)
2208106;17962213.66;1295.44;2025;Investimento;BCB/SICOR (MDCR)
2208205;2028756.35;155.47;2025;Custeio;BCB/SICOR (MDCR)
2208205;16245233.45;2200.92;2025;Investimento;BCB/SICOR (MDCR)
2208304;21403172.9;3967.85;2025;Custeio;BCB/SICOR (MDCR)
2208304;18503938.13;759.89;2025;Investimento;BCB/SICOR (MDCR)
2208403;4695114.52;1400.26;2025;Custeio;BCB/SICOR (MDCR)
2208403;8468432.82;849.51;2025;Investimento;BCB/SICOR (MDCR)
2208502;271700.0;431.9;2025;Custeio;BCB/SICOR (MDCR)
2208502;469352.05;18.05;2025;Investimento;BCB/SICOR (MDCR)
2208551;2534905.0;544.2;2025;Custeio;BCB/SICOR (MDCR)
2208551;132000.0;3.0;2025;Investimento;BCB/SICOR (MDCR)
2208601;20000.0;0.01;2025;Custeio;BCB/SICOR (MDCR)
2208601;578182.04;0.7100000000000001;2025;Investimento;BCB/SICOR (MDCR)
2208650;743400.26;164.91;2025;Custeio;BCB/SICOR (MDCR)
2208650;6083903.54;407.55;2025;Investimento;BCB/SICOR (MDCR)
2208700;14293695.12;2695.4;2025;Custeio;BCB/SICOR (MDCR)
2208700;7935461.62;1163.16;2025;Investimento;BCB/SICOR (MDCR)
2208809;54112374.14;12838.810000000001;2025;Custeio;BCB/SICOR (MDCR)
2208809;9047290.889999999;47.8;2025;Investimento;BCB/SICOR (MDCR)
2208858;45423381.95;8615.94;2025;Custeio;BCB/SICOR (MDCR)
2208858;30446084.09;4673.900000000001;2025;Investimento;BCB/SICOR (MDCR)
2208874;120081.33;24.11;2025;Custeio;BCB/SICOR (MDCR)
2208874;2442402.0;86.92;2025;Investimento;BCB/SICOR (MDCR)
2208908;148702777.62;37966.42;2025;Custeio;BCB/SICOR (MDCR)
2208908;29284053.43;1528.13;2025;Investimento;BCB/SICOR (MDCR)
2209005;489696.47;53.95;2025;Custeio;BCB/SICOR (MDCR)
2209005;2726733.2;17.25;2025;Investimento;BCB/SICOR (MDCR)
2209104;457655.38;744.8199999999999;2025;Custeio;BCB/SICOR (MDCR)
2209104;4432054.32;51.43;2025;Investimento;BCB/SICOR (MDCR)
2209153;128180.4;30.640000000000004;2025;Custeio;BCB/SICOR (MDCR)
2209153;1961813.4;17.34;2025;Investimento;BCB/SICOR (MDCR)
2209203;149281057.35999998;34144.69;2025;Custeio;BCB/SICOR (MDCR)
2209203;16666594.45;1687.6;2025;Investimento;BCB/SICOR (MDCR)
2209302;7016242.87;1769.02;2025;Custeio;BCB/SICOR (MDCR)
2209302;11235752.27;689.8;2025;Investimento;BCB/SICOR (MDCR)
2209351;80455.05;3.32;2025;Custeio;BCB/SICOR (MDCR)
2209351;3621200.0;6.36;2025;Investimento;BCB/SICOR (MDCR)
2209377;2328322.95;380.38;2025;Custeio;BCB/SICOR (MDCR)
2209377;4000452.25;226.08;2025;Investimento;BCB/SICOR (MDCR)
2209401;396096.11;55.55;2025;Custeio;BCB/SICOR (MDCR)
2209401;4255371.18;93.48;2025;Investimento;BCB/SICOR (MDCR)
2209450;12000.0;0.0;2025;Custeio;BCB/SICOR (MDCR)
2209450;464575.0;0.02;2025;Investimento;BCB/SICOR (MDCR)
2209500;214657.53;85.03999999999999;2025;Custeio;BCB/SICOR (MDCR)
2209500;4124385.2;307.5;2025;Investimento;BCB/SICOR (MDCR)
2209559;92700.0;0.0;2025;Custeio;BCB/SICOR (MDCR)
2209559;3315229.0;23.09;2025;Investimento;BCB/SICOR (MDCR)
2209609;721152.56;85.77;2025;Custeio;BCB/SICOR (MDCR)
2209609;1946952.28;26.35;2025;Investimento;BCB/SICOR (MDCR)
2209658;1022604.71;333.98;2025;Custeio;BCB/SICOR (MDCR)
2209658;6803267.1;286.88;2025;Investimento;BCB/SICOR (MDCR)
2209708;808960.0;67.18;2025;Custeio;BCB/SICOR (MDCR)
2209708;3824348.44;214.43;2025;Investimento;BCB/SICOR (MDCR)
2209757;6758452.87;2088.62;2025;Custeio;BCB/SICOR (MDCR)
2209757;3189977.63;131.5;2025;Investimento;BCB/SICOR (MDCR)
2209807;1677410.95;231.66;2025;Custeio;BCB/SICOR (MDCR)
2209807;1485332.5;18.869999999999997;2025;Investimento;BCB/SICOR (MDCR)
2209856;232433.02000000002;81.8;2025;Custeio;BCB/SICOR (MDCR)
2209856;4451000.29;107.41;2025;Investimento;BCB/SICOR (MDCR)
2209872;199590.08;600.89;2025;Custeio;BCB/SICOR (MDCR)
2209872;1902482.0;6.87;2025;Investimento;BCB/SICOR (MDCR)
2209906;318000.0;2.39;2025;Custeio;BCB/SICOR (MDCR)
2209906;3276356.24;1.37;2025;Investimento;BCB/SICOR (MDCR)
2209955;545200.0;18.790000000000003;2025;Custeio;BCB/SICOR (MDCR)
2209955;4491331.99;132.91;2025;Investimento;BCB/SICOR (MDCR)
2209971;1027400.0;3.13;2025;Custeio;BCB/SICOR (MDCR)
2209971;6457204.49;61.68;2025;Investimento;BCB/SICOR (MDCR)
2210003;444540.08;128.09;2025;Custeio;BCB/SICOR (MDCR)
2210003;7402228.02;109.54;2025;Investimento;BCB/SICOR (MDCR)
2210052;3373465.05;227.67;2025;Custeio;BCB/SICOR (MDCR)
2210052;4994161.66;0.29000000000000004;2025;Investimento;BCB/SICOR (MDCR)
2210102;483425.0;500.0;2025;Custeio;BCB/SICOR (MDCR)
2210102;1369281.0;11.0;2025;Investimento;BCB/SICOR (MDCR)
2210201;72142.8;7.51;2025;Custeio;BCB/SICOR (MDCR)
2210201;5933826.6;179.25;2025;Investimento;BCB/SICOR (MDCR)
2210300;446818.10000000003;28.979999999999997;2025;Custeio;BCB/SICOR (MDCR)
2210300;2766160.65;35.74;2025;Investimento;BCB/SICOR (MDCR)
2210359;1200.0;0.0;2025;Custeio;BCB/SICOR (MDCR)
2210359;3196859.29;11.9;2025;Investimento;BCB/SICOR (MDCR)
2210375;45704.0;2.39;2025;Custeio;BCB/SICOR (MDCR)
2210375;3684464.4;41.05;2025;Investimento;BCB/SICOR (MDCR)
2210383;111563.72;0.11;2025;Custeio;BCB/SICOR (MDCR)
2210383;923953.25;1.17;2025;Investimento;BCB/SICOR (MDCR)
2210391;531448.3200000001;57.400000000000006;2025;Custeio;BCB/SICOR (MDCR)
2210391;4040028.94;90.85;2025;Investimento;BCB/SICOR (MDCR)
2210409;1702688.25;511.71000000000004;2025;Custeio;BCB/SICOR (MDCR)
2210409;9255390.75;345.39;2025;Investimento;BCB/SICOR (MDCR)
2210508;3705617.47;606.51;2025;Custeio;BCB/SICOR (MDCR)
2210508;8219951.62;235.41;2025;Investimento;BCB/SICOR (MDCR)
2210607;683582.28;52.3;2025;Custeio;BCB/SICOR (MDCR)
2210607;13401378.53;157.05;2025;Investimento;BCB/SICOR (MDCR)
2210623;28768663.57;5818.08;2025;Custeio;BCB/SICOR (MDCR)
2210623;10212080.32;491.43;2025;Investimento;BCB/SICOR (MDCR)
2210631;457471533.19;96256.98;2025;Custeio;BCB/SICOR (MDCR)
2210631;29163944.92;7255.209999999999;2025;Investimento;BCB/SICOR (MDCR)
2210656;1298774.98;88.60000000000001;2025;Custeio;BCB/SICOR (MDCR)
2210656;10589634.44;216.29;2025;Investimento;BCB/SICOR (MDCR)
2210706;531168.99;140.81;2025;Custeio;BCB/SICOR (MDCR)
2210706;11571753.23;116.33;2025;Investimento;BCB/SICOR (MDCR)
2210805;2325772.38;584.5699999999999;2025;Custeio;BCB/SICOR (MDCR)
2210805;7417590.86;456.87;2025;Investimento;BCB/SICOR (MDCR)
2210904;484579.9;71.35;2025;Custeio;BCB/SICOR (MDCR)
2210904;3779642.0;132.71;2025;Investimento;BCB/SICOR (MDCR)
2210938;234000.0;12.54;2025;Custeio;BCB/SICOR (MDCR)
2210938;4056568.0;28.599999999999998;2025;Investimento;BCB/SICOR (MDCR)
2210953;702798.41;506.22999999999996;2025;Custeio;BCB/SICOR (MDCR)
2210953;2800884.62;281.41999999999996;2025;Investimento;BCB/SICOR (MDCR)
2210979;229740.0;4.38;2025;Custeio;BCB/SICOR (MDCR)
2210979;1661578.9;62.86;2025;Investimento;BCB/SICOR (MDCR)
2211001;4711862.71;141.53;2025;Custeio;BCB/SICOR (MDCR)
2211001;35988720.550000004;16.38;2025;Investimento;BCB/SICOR (MDCR)
2211100;9225898.76;1156.01;2025;Custeio;BCB/SICOR (MDCR)
2211100;12576600.45;131.03;2025;Investimento;BCB/SICOR (MDCR)
2211209;377544686.55;75218.06;2025;Custeio;BCB/SICOR (MDCR)
2211209;91544367.55;4609.36;2025;Investimento;BCB/SICOR (MDCR)
2211308;8942318.02;497.27000000000004;2025;Custeio;BCB/SICOR (MDCR)
2211308;12837625.66;689.58;2025;Investimento;BCB/SICOR (MDCR)
2211357;187000.0;0.0;2025;Custeio;BCB/SICOR (MDCR)
2211357;5793846.84;25.29;2025;Investimento;BCB/SICOR (MDCR)
2211407;1257075.14;130.07999999999998;2025;Custeio;BCB/SICOR (MDCR)
2211407;2514251.89;42.93;2025;Investimento;BCB/SICOR (MDCR)
2211506;126436.51;39.06;2025;Custeio;BCB/SICOR (MDCR)
2211506;1383326.05;23.73;2025;Investimento;BCB/SICOR (MDCR)
2211605;81746.98;32.47;2025;Custeio;BCB/SICOR (MDCR)
2211605;2245011.28;18.18;2025;Investimento;BCB/SICOR (MDCR)
2211704;144430.0;4.09;2025;Custeio;BCB/SICOR (MDCR)
2211704;4920300.0;87.52;2025;Investimento;BCB/SICOR (MDCR)
2300101;950550.21;92.31;2025;Custeio;BCB/SICOR (MDCR)
2300101;5130830.6;54.93;2025;Investimento;BCB/SICOR (MDCR)
2300150;1144978.99;4.29;2025;Custeio;BCB/SICOR (MDCR)
2300150;3133925.73;15.92;2025;Investimento;BCB/SICOR (MDCR)
2300200;9294797.43;375.17;2025;Custeio;BCB/SICOR (MDCR)
2300200;19118344.689999998;178.07;2025;Investimento;BCB/SICOR (MDCR)
2300309;14895608.16;672.1700000000001;2025;Custeio;BCB/SICOR (MDCR)
2300309;38892431.6;1218.98;2025;Investimento;BCB/SICOR (MDCR)
2300408;2162085.96;1700.44;2025;Custeio;BCB/SICOR (MDCR)
2300408;11125602.1;636.61;2025;Investimento;BCB/SICOR (MDCR)
2300507;196000.0;0.0;2025;Custeio;BCB/SICOR (MDCR)
2300507;717000.0;0.14;2025;Investimento;BCB/SICOR (MDCR)
2300606;6000.0;0.0;2025;Custeio;BCB/SICOR (MDCR)
2300606;926812.5;23.12;2025;Investimento;BCB/SICOR (MDCR)
2300705;4643874.58;619.88;2025;Custeio;BCB/SICOR (MDCR)
2300705;8295813.64;557.89;2025;Investimento;BCB/SICOR (MDCR)
2300754;1298320.6;223.91;2025;Custeio;BCB/SICOR (MDCR)
2300754;9183289.25;139.82;2025;Investimento;BCB/SICOR (MDCR)
2300804;533384.42;42.78;2025;Custeio;BCB/SICOR (MDCR)
2300804;1824887.0;18.689999999999998;2025;Investimento;BCB/SICOR (MDCR)
2300903;365858.6;9.14;2025;Custeio;BCB/SICOR (MDCR)
2300903;3828076.73;7.199999999999999;2025;Investimento;BCB/SICOR (MDCR)
2301000;12324769.9;43.67;2025;Custeio;BCB/SICOR (MDCR)
2301000;5798733.32;16.39;2025;Investimento;BCB/SICOR (MDCR)
2301109;14458860.19;695.98;2025;Custeio;BCB/SICOR (MDCR)
2301109;20992762.12;561.01;2025;Investimento;BCB/SICOR (MDCR)
2301208;1512918.72;108.87;2025;Custeio;BCB/SICOR (MDCR)
2301208;8374049.15;94.71000000000001;2025;Investimento;BCB/SICOR (MDCR)
2301257;462541.81;13.72;2025;Custeio;BCB/SICOR (MDCR)
2301257;1598666.27;7.03;2025;Investimento;BCB/SICOR (MDCR)
2301307;3147106.45;482.80999999999995;2025;Custeio;BCB/SICOR (MDCR)
2301307;8239912.73;1054.67;2025;Investimento;BCB/SICOR (MDCR)
2301406;473522.77;5.38;2025;Custeio;BCB/SICOR (MDCR)
2301406;4212199.19;88.87;2025;Investimento;BCB/SICOR (MDCR)
2301505;820360.56;53.580000000000005;2025;Custeio;BCB/SICOR (MDCR)
2301505;5580839.24;242.07;2025;Investimento;BCB/SICOR (MDCR)
2301604;6180241.87;1343.09;2025;Custeio;BCB/SICOR (MDCR)
2301604;12598625.24;660.97;2025;Investimento;BCB/SICOR (MDCR)
2301703;3657052.73;546.8000000000001;2025;Custeio;BCB/SICOR (MDCR)
2301703;9008770.33;239.3;2025;Investimento;BCB/SICOR (MDCR)
2301802;899560.72;117.72;2025;Custeio;BCB/SICOR (MDCR)
2301802;2882353.78;62.03;2025;Investimento;BCB/SICOR (MDCR)
2301851;14017871.86;1487.09;2025;Custeio;BCB/SICOR (MDCR)
2301851;17780716.54;630.67;2025;Investimento;BCB/SICOR (MDCR)
2301901;4332905.54;54.53;2025;Custeio;BCB/SICOR (MDCR)
2301901;6617030.01;31.84;2025;Investimento;BCB/SICOR (MDCR)
2301950;1169165.59;61.480000000000004;2025;Custeio;BCB/SICOR (MDCR)
2301950;2346930.0;69.34;2025;Investimento;BCB/SICOR (MDCR)
2302008;3063862.54;691.84;2025;Custeio;BCB/SICOR (MDCR)
2302008;11609006.85;1519.31;2025;Investimento;BCB/SICOR (MDCR)
2302057;733174.4;71.07000000000001;2025;Custeio;BCB/SICOR (MDCR)
2302057;1705407.15;23.08;2025;Investimento;BCB/SICOR (MDCR)
2302107;457873.98;50.5;2025;Custeio;BCB/SICOR (MDCR)
2302107;8134454.63;204.32;2025;Investimento;BCB/SICOR (MDCR)
2302206;171111008.85;2568.6800000000003;2025;Custeio;BCB/SICOR (MDCR)
2302206;26798337.24;554.32;2025;Investimento;BCB/SICOR (MDCR)
2302305;7748740.56;1113.44;2025;Custeio;BCB/SICOR (MDCR)
2302305;10469838.06;291.44;2025;Investimento;BCB/SICOR (MDCR)
2302404;7288898.51;884.24;2025;Custeio;BCB/SICOR (MDCR)
2302404;21920619.02;622.61;2025;Investimento;BCB/SICOR (MDCR)
2302503;7663692.35;782.47;2025;Custeio;BCB/SICOR (MDCR)
2302503;17938966.95;420.23;2025;Investimento;BCB/SICOR (MDCR)
2302602;681908.6;105.33000000000001;2025;Custeio;BCB/SICOR (MDCR)
2302602;5471775.89;72.85;2025;Investimento;BCB/SICOR (MDCR)
2302701;665094.1;54.22;2025;Custeio;BCB/SICOR (MDCR)
2302701;6888822.32;110.24;2025;Investimento;BCB/SICOR (MDCR)
2302800;4701441.34;59.93;2025;Custeio;BCB/SICOR (MDCR)
2302800;23304509.96;189.63;2025;Investimento;BCB/SICOR (MDCR)
2302909;484816.26;2.3200000000000003;2025;Custeio;BCB/SICOR (MDCR)
2302909;10726067.64;394.15;2025;Investimento;BCB/SICOR (MDCR)
2303006;587700.0;3.8400000000000003;2025;Custeio;BCB/SICOR (MDCR)
2303006;12304748.63;160.51;2025;Investimento;BCB/SICOR (MDCR)
2303105;1712413.57;15.04;2025;Custeio;BCB/SICOR (MDCR)
2303105;5450649.04;24.09;2025;Investimento;BCB/SICOR (MDCR)
2303204;1786242.1;72.73;2025;Custeio;BCB/SICOR (MDCR)
2303204;6176297.4;168.1;2025;Investimento;BCB/SICOR (MDCR)
2303303;4198098.11;466.44;2025;Custeio;BCB/SICOR (MDCR)
2303303;10202224.6;731.53;2025;Investimento;BCB/SICOR (MDCR)
2303402;901919.62;23.02;2025;Custeio;BCB/SICOR (MDCR)
2303402;9018901.62;129.42;2025;Investimento;BCB/SICOR (MDCR)
2303501;2617341.34;203.51999999999998;2025;Custeio;BCB/SICOR (MDCR)
2303501;15159835.16;274.93;2025;Investimento;BCB/SICOR (MDCR)
2303600;1864331.82;49.87;2025;Custeio;BCB/SICOR (MDCR)
2303600;6669354.6;176.79;2025;Investimento;BCB/SICOR (MDCR)
2303659;958291.39;23.169999999999998;2025;Custeio;BCB/SICOR (MDCR)
2303659;10563090.07;223.49;2025;Investimento;BCB/SICOR (MDCR)
2303709;2020944.48;1.08;2025;Custeio;BCB/SICOR (MDCR)
2303709;9747318.39;46.77;2025;Investimento;BCB/SICOR (MDCR)
2303808;3991778.62;607.84;2025;Custeio;BCB/SICOR (MDCR)
2303808;11526614.58;326.17;2025;Investimento;BCB/SICOR (MDCR)
2303907;396071.5;7.08;2025;Custeio;BCB/SICOR (MDCR)
2303907;856000.0;2.0;2025;Investimento;BCB/SICOR (MDCR)
2303931;468038.62;31.29;2025;Custeio;BCB/SICOR (MDCR)
2303931;7774313.41;147.57;2025;Investimento;BCB/SICOR (MDCR)
2303956;1497997.0;0.0;2025;Custeio;BCB/SICOR (MDCR)
2303956;7359597.0;337.79;2025;Investimento;BCB/SICOR (MDCR)
2304004;2055150.01;89.06;2025;Custeio;BCB/SICOR (MDCR)
2304004;8256940.78;51.78;2025;Investimento;BCB/SICOR (MDCR)
2304103;5322435.97;559.73;2025;Custeio;BCB/SICOR (MDCR)
2304103;19411221.19;506.51;2025;Investimento;BCB/SICOR (MDCR)
2304202;7571895.75;464.48;2025;Custeio;BCB/SICOR (MDCR)
2304202;6587923.59;1803.0900000000001;2025;Investimento;BCB/SICOR (MDCR)
2304236;96994.0;0.0;2025;Custeio;BCB/SICOR (MDCR)
2304236;4724348.27;95.52;2025;Investimento;BCB/SICOR (MDCR)
2304251;1344965.97;66.49000000000001;2025;Custeio;BCB/SICOR (MDCR)
2304251;5314195.14;90.28;2025;Investimento;BCB/SICOR (MDCR)
2304269;3332008.57;212.26;2025;Custeio;BCB/SICOR (MDCR)
2304269;6410672.9799999995;190.8;2025;Investimento;BCB/SICOR (MDCR)
2304277;1676366.1500000001;179.94;2025;Custeio;BCB/SICOR (MDCR)
2304277;2545510.08;59.3;2025;Investimento;BCB/SICOR (MDCR)
2304285;38000.0;0.0;2025;Investimento;BCB/SICOR (MDCR)
2304301;1483424.97;485.88;2025;Custeio;BCB/SICOR (MDCR)
2304301;8725175.46;586.47;2025;Investimento;BCB/SICOR (MDCR)
2304350;718001.13;2.25;2025;Custeio;BCB/SICOR (MDCR)
2304350;3880993.95;6.95;2025;Investimento;BCB/SICOR (MDCR)
2304400;3423359.71;0.0;2025;Investimento;BCB/SICOR (MDCR)
2304459;3972234.29;735.29;2025;Custeio;BCB/SICOR (MDCR)
2304459;4173072.39;202.62;2025;Investimento;BCB/SICOR (MDCR)
2304509;639797.12;70.89;2025;Custeio;BCB/SICOR (MDCR)
2304509;2320573.11;7.9799999999999995;2025;Investimento;BCB/SICOR (MDCR)
2304608;184000.0;0.01;2025;Custeio;BCB/SICOR (MDCR)
2304608;2334389.1;1.57;2025;Investimento;BCB/SICOR (MDCR)
2304657;815950.0;0.21;2025;Custeio;BCB/SICOR (MDCR)
2304657;6567696.63;58.69;2025;Investimento;BCB/SICOR (MDCR)
2304707;7948242.45;2669.21;2025;Custeio;BCB/SICOR (MDCR)
2304707;15035145.48;301.12;2025;Investimento;BCB/SICOR (MDCR)
2304806;310000.0;3.99;2025;Custeio;BCB/SICOR (MDCR)
2304806;1845709.89;8.6;2025;Investimento;BCB/SICOR (MDCR)
2304905;494101.81;2.41;2025;Custeio;BCB/SICOR (MDCR)
2304905;2140705.0;2.04;2025;Investimento;BCB/SICOR (MDCR)
2304954;21453707.76;171.98;2025;Custeio;BCB/SICOR (MDCR)
2304954;9593111.989999998;4.62;2025;Investimento;BCB/SICOR (MDCR)
2305001;2544402.08;98.19999999999999;2025;Custeio;BCB/SICOR (MDCR)
2305001;14343368.76;297.83;2025;Investimento;BCB/SICOR (MDCR)
2305100;27000.0;0.7;2025;Investimento;BCB/SICOR (MDCR)
2305209;1082399.3900000001;118.69;2025;Custeio;BCB/SICOR (MDCR)
2305209;7776849.32;103.82;2025;Investimento;BCB/SICOR (MDCR)
2305233;29566609.87;48.69;2025;Custeio;BCB/SICOR (MDCR)
2305233;5747332.13;6.5;2025;Investimento;BCB/SICOR (MDCR)
2305266;4696902.96;156.95;2025;Custeio;BCB/SICOR (MDCR)
2305266;5491182.08;166.06;2025;Investimento;BCB/SICOR (MDCR)
2305308;2968852.46;63.36;2025;Custeio;BCB/SICOR (MDCR)
2305308;5057472.73;109.03;2025;Investimento;BCB/SICOR (MDCR)
2305332;5452611.7;299.43;2025;Custeio;BCB/SICOR (MDCR)
2305332;12119226.49;325.19;2025;Investimento;BCB/SICOR (MDCR)
2305357;824900.68;0.0;2025;Custeio;BCB/SICOR (MDCR)
2305357;8049945.24;36.41;2025;Investimento;BCB/SICOR (MDCR)
2305407;4210100.14;447.44;2025;Custeio;BCB/SICOR (MDCR)
2305407;24453482.55;121.28;2025;Investimento;BCB/SICOR (MDCR)
2305506;10146729.959999999;398.64;2025;Custeio;BCB/SICOR (MDCR)
2305506;18025733.71;249.43;2025;Investimento;BCB/SICOR (MDCR)
2305605;6851533.16;1687.35;2025;Custeio;BCB/SICOR (MDCR)
2305605;23014418.37;1353.6200000000001;2025;Investimento;BCB/SICOR (MDCR)
2305654;262055.0;0.0;2025;Custeio;BCB/SICOR (MDCR)
2305654;1887759.0;3.94;2025;Investimento;BCB/SICOR (MDCR)
2305704;1936290.8900000001;345.25;2025;Custeio;BCB/SICOR (MDCR)
2305704;6468936.24;194.35999999999999;2025;Investimento;BCB/SICOR (MDCR)
2305803;491985.86;51.28;2025;Custeio;BCB/SICOR (MDCR)
2305803;9274363.32;133.70000000000002;2025;Investimento;BCB/SICOR (MDCR)
2305902;869359.61;61.22;2025;Custeio;BCB/SICOR (MDCR)
2305902;8915370.29;107.23;2025;Investimento;BCB/SICOR (MDCR)
2306009;3875214.87;364.11;2025;Custeio;BCB/SICOR (MDCR)
2306009;5277333.31;237.39999999999998;2025;Investimento;BCB/SICOR (MDCR)
2306108;3394158.26;405.96;2025;Custeio;BCB/SICOR (MDCR)
2306108;10982041.64;201.60999999999999;2025;Investimento;BCB/SICOR (MDCR)
2306207;3045987.7399999998;2797.24;2025;Custeio;BCB/SICOR (MDCR)
2306207;4554569.74;89.86999999999999;2025;Investimento;BCB/SICOR (MDCR)
2306256;219000.0;0.0;2025;Investimento;BCB/SICOR (MDCR)
2306306;717913.94;0.8200000000000001;2025;Custeio;BCB/SICOR (MDCR)
2306306;4606667.94;61.81;2025;Investimento;BCB/SICOR (MDCR)
2306405;2296990.24;26.36;2025;Custeio;BCB/SICOR (MDCR)
2306405;20076171.03;154.2;2025;Investimento;BCB/SICOR (MDCR)
2306504;1962421.16;68.83;2025;Custeio;BCB/SICOR (MDCR)
2306504;6479626.58;150.57;2025;Investimento;BCB/SICOR (MDCR)
2306553;758938.0;14.299999999999999;2025;Custeio;BCB/SICOR (MDCR)
2306553;6452754.89;120.02;2025;Investimento;BCB/SICOR (MDCR)
2306603;906710.03;23.64;2025;Custeio;BCB/SICOR (MDCR)
2306603;9050405.46;81.78999999999999;2025;Investimento;BCB/SICOR (MDCR)
2306702;11473359.19;970.09;2025;Custeio;BCB/SICOR (MDCR)
2306702;20119295.1;390.59;2025;Investimento;BCB/SICOR (MDCR)
2306801;2580295.92;322.15;2025;Custeio;BCB/SICOR (MDCR)
2306801;4981662.88;912.58;2025;Investimento;BCB/SICOR (MDCR)
2306900;7720674.12;714.5799999999999;2025;Custeio;BCB/SICOR (MDCR)
2306900;18799473.08;367.21999999999997;2025;Investimento;BCB/SICOR (MDCR)
2307007;11180250.56;399.35;2025;Custeio;BCB/SICOR (MDCR)
2307007;18556752.91;199.6;2025;Investimento;BCB/SICOR (MDCR)
2307106;3922912.2399999998;235.55;2025;Custeio;BCB/SICOR (MDCR)
2307106;20774662.29;308.66;2025;Investimento;BCB/SICOR (MDCR)
2307205;2567356.86;271.62;2025;Custeio;BCB/SICOR (MDCR)
2307205;7488534.44;324.77;2025;Investimento;BCB/SICOR (MDCR)
2307254;1045000.0;1.7;2025;Custeio;BCB/SICOR (MDCR)
2307254;3717241.0;51.2;2025;Investimento;BCB/SICOR (MDCR)
2307304;2602922.83;24.2;2025;Custeio;BCB/SICOR (MDCR)
2307304;5322849.42;1.6;2025;Investimento;BCB/SICOR (MDCR)
2307403;10379399.97;1822.38;2025;Custeio;BCB/SICOR (MDCR)
2307403;13608715.35;1291.21;2025;Investimento;BCB/SICOR (MDCR)
2307502;3377031.96;203.84;2025;Custeio;BCB/SICOR (MDCR)
2307502;15160629.65;94.11;2025;Investimento;BCB/SICOR (MDCR)
2307601;11175906.25;622.6;2025;Custeio;BCB/SICOR (MDCR)
2307601;21057622.5;236.07;2025;Investimento;BCB/SICOR (MDCR)
2307635;995787.2;182.98000000000002;2025;Custeio;BCB/SICOR (MDCR)
2307635;10096148.11;319.42;2025;Investimento;BCB/SICOR (MDCR)
2307650;2986434.06;2.26;2025;Custeio;BCB/SICOR (MDCR)
2307650;11235891.84;0.0;2025;Investimento;BCB/SICOR (MDCR)
2307700;34205469.01;28.07;2025;Custeio;BCB/SICOR (MDCR)
2307700;13574650.92;23.25;2025;Investimento;BCB/SICOR (MDCR)
2307809;3402300.21;425.31999999999994;2025;Custeio;BCB/SICOR (MDCR)
2307809;4926786.29;179.16;2025;Investimento;BCB/SICOR (MDCR)
2307908;2655709.34;1270.54;2025;Custeio;BCB/SICOR (MDCR)
2307908;3697014.5;55.72;2025;Investimento;BCB/SICOR (MDCR)
2308005;736822.45;17.36;2025;Custeio;BCB/SICOR (MDCR)
2308005;7783032.4;69.98;2025;Investimento;BCB/SICOR (MDCR)
2308104;7291396.6899999995;545.86;2025;Custeio;BCB/SICOR (MDCR)
2308104;32753139.84;702.29;2025;Investimento;BCB/SICOR (MDCR)
2308203;63000.0;0.0;2025;Custeio;BCB/SICOR (MDCR)
2308203;1254999.34;13.59;2025;Investimento;BCB/SICOR (MDCR)
2308302;2664319.58;518.09;2025;Custeio;BCB/SICOR (MDCR)
2308302;16637399.26;493.18;2025;Investimento;BCB/SICOR (MDCR)
2308351;14733530.55;743.53;2025;Custeio;BCB/SICOR (MDCR)
2308351;16513472.24;597.62;2025;Investimento;BCB/SICOR (MDCR)
2308377;962800.0;0.31;2025;Custeio;BCB/SICOR (MDCR)
2308377;5634559.72;80.51;2025;Investimento;BCB/SICOR (MDCR)
2308401;16934954.3;386.15;2025;Custeio;BCB/SICOR (MDCR)
2308401;18192415.37;53.04;2025;Investimento;BCB/SICOR (MDCR)
2308500;8507272.89;542.27;2025;Custeio;BCB/SICOR (MDCR)
2308500;19167863.46;392.19;2025;Investimento;BCB/SICOR (MDCR)
2308609;3694296.56;69.75999999999999;2025;Custeio;BCB/SICOR (MDCR)
2308609;12633737.43;765.9499999999999;2025;Investimento;BCB/SICOR (MDCR)
2308708;34077406.33;1014.83;2025;Custeio;BCB/SICOR (MDCR)
2308708;41499942.07;430.95;2025;Investimento;BCB/SICOR (MDCR)
2308807;3204490.9;554.15;2025;Custeio;BCB/SICOR (MDCR)
2308807;712835.61;0.9400000000000001;2025;Investimento;BCB/SICOR (MDCR)
2308906;539217.05;77.11;2025;Custeio;BCB/SICOR (MDCR)
2308906;6673535.85;23.94;2025;Investimento;BCB/SICOR (MDCR)
2309003;1191783.89;52.36;2025;Custeio;BCB/SICOR (MDCR)
2309003;2381770.26;11.87;2025;Investimento;BCB/SICOR (MDCR)
2309102;54893.7;3.0;2025;Custeio;BCB/SICOR (MDCR)
2309102;2108000.0;46.730000000000004;2025;Investimento;BCB/SICOR (MDCR)
2309201;2056420.93;384.04;2025;Custeio;BCB/SICOR (MDCR)
2309201;3059926.5;223.99;2025;Investimento;BCB/SICOR (MDCR)
2309300;826771.36;24.38;2025;Custeio;BCB/SICOR (MDCR)
2309300;3860084.5300000003;162.19;2025;Investimento;BCB/SICOR (MDCR)
2309409;2215322.9899999998;232.31;2025;Custeio;BCB/SICOR (MDCR)
2309409;8574131.57;295.13;2025;Investimento;BCB/SICOR (MDCR)
2309458;2271951.13;320.82;2025;Custeio;BCB/SICOR (MDCR)
2309458;23353144.9;488.51;2025;Investimento;BCB/SICOR (MDCR)
2309508;1521351.34;198.9;2025;Custeio;BCB/SICOR (MDCR)
2309508;5674626.51;80.01;2025;Investimento;BCB/SICOR (MDCR)
2309607;1288537.7;216.67000000000002;2025;Custeio;BCB/SICOR (MDCR)
2309607;7916021.35;18.86;2025;Investimento;BCB/SICOR (MDCR)
2309706;291000.0;0.0;2025;Investimento;BCB/SICOR (MDCR)
2309805;128200.0;0.68;2025;Custeio;BCB/SICOR (MDCR)
2309805;2157991.11;36.04;2025;Investimento;BCB/SICOR (MDCR)
2309904;125000.0;0.0;2025;Custeio;BCB/SICOR (MDCR)
2309904;1086000.0;4.01;2025;Investimento;BCB/SICOR (MDCR)
2310001;1291879.59;363.70000000000005;2025;Custeio;BCB/SICOR (MDCR)
2310001;7417859.94;62.75;2025;Investimento;BCB/SICOR (MDCR)
2310100;162000.0;0.35;2025;Custeio;BCB/SICOR (MDCR)
2310100;721491.57;16.27;2025;Investimento;BCB/SICOR (MDCR)
2310209;26035117.3;763.89;2025;Custeio;BCB/SICOR (MDCR)
2310209;1947512.08;17.509999999999998;2025;Investimento;BCB/SICOR (MDCR)
2310258;185142.2;9.04;2025;Custeio;BCB/SICOR (MDCR)
2310258;32363085.36;90.59;2025;Investimento;BCB/SICOR (MDCR)
2310308;2106297.41;239.26;2025;Custeio;BCB/SICOR (MDCR)
2310308;21708047.8;344.06;2025;Investimento;BCB/SICOR (MDCR)
2310407;2020391.67;197.46;2025;Custeio;BCB/SICOR (MDCR)
2310407;5142314.41;100.33999999999999;2025;Investimento;BCB/SICOR (MDCR)
2310506;5634540.84;423.36;2025;Custeio;BCB/SICOR (MDCR)
2310506;10946972.36;352.5;2025;Investimento;BCB/SICOR (MDCR)
2310605;4300385.24;194.8;2025;Custeio;BCB/SICOR (MDCR)
2310605;7183170.58;251.76000000000002;2025;Investimento;BCB/SICOR (MDCR)
2310704;1702311.66;25.18;2025;Custeio;BCB/SICOR (MDCR)
2310704;10974104.98;169.05;2025;Investimento;BCB/SICOR (MDCR)
2310803;425159.45;8.940000000000001;2025;Custeio;BCB/SICOR (MDCR)
2310803;5664184.15;67.65;2025;Investimento;BCB/SICOR (MDCR)
2310852;1239084.3399999999;43.82;2025;Custeio;BCB/SICOR (MDCR)
2310852;999819.7;45.21;2025;Investimento;BCB/SICOR (MDCR)
2310902;4306876.94;728.7;2025;Custeio;BCB/SICOR (MDCR)
2310902;9102811.22;332.53000000000003;2025;Investimento;BCB/SICOR (MDCR)
2310951;72000.0;0.0;2025;Custeio;BCB/SICOR (MDCR)
2310951;2585596.91;42.57;2025;Investimento;BCB/SICOR (MDCR)
2311009;1135978.22;44.0;2025;Custeio;BCB/SICOR (MDCR)
2311009;2889000.0;5.08;2025;Investimento;BCB/SICOR (MDCR)
2311108;3454603.54;224.44;2025;Custeio;BCB/SICOR (MDCR)
2311108;13134983.5;276.33;2025;Investimento;BCB/SICOR (MDCR)
2311207;1443807.79;233.01;2025;Custeio;BCB/SICOR (MDCR)
2311207;4058338.52;198.79;2025;Investimento;BCB/SICOR (MDCR)
2311231;2723681.82;705.95;2025;Custeio;BCB/SICOR (MDCR)
2311231;7849175.67;129.77;2025;Investimento;BCB/SICOR (MDCR)
2311264;1490178.8599999999;181.32;2025;Custeio;BCB/SICOR (MDCR)
2311264;10202172.07;312.18;2025;Investimento;BCB/SICOR (MDCR)
2311306;13210168.81;570.3199999999999;2025;Custeio;BCB/SICOR (MDCR)
2311306;19347170.32;580.76;2025;Investimento;BCB/SICOR (MDCR)
2311355;7245621.75;635.41;2025;Custeio;BCB/SICOR (MDCR)
2311355;17578130.47;638.15;2025;Investimento;BCB/SICOR (MDCR)
2311405;28250415.49;1825.65;2025;Custeio;BCB/SICOR (MDCR)
2311405;35562734.11;1361.15;2025;Investimento;BCB/SICOR (MDCR)
2311504;6085501.75;298.31;2025;Custeio;BCB/SICOR (MDCR)
2311504;5536077.02;58.79;2025;Investimento;BCB/SICOR (MDCR)
2311603;4660240.74;289.01;2025;Custeio;BCB/SICOR (MDCR)
2311603;7515873.74;136.15;2025;Investimento;BCB/SICOR (MDCR)
2311702;461863.22;21.990000000000002;2025;Custeio;BCB/SICOR (MDCR)
2311702;3584861.39;112.32;2025;Investimento;BCB/SICOR (MDCR)
2311801;10916482.88;1206.3999999999999;2025;Custeio;BCB/SICOR (MDCR)
2311801;15292812.16;501.87;2025;Investimento;BCB/SICOR (MDCR)
2311900;1940894.26;556.4300000000001;2025;Custeio;BCB/SICOR (MDCR)
2311900;7714717.07;437.73;2025;Investimento;BCB/SICOR (MDCR)
2311959;1150844.57;81.97;2025;Custeio;BCB/SICOR (MDCR)
2311959;11113184.11;382.78;2025;Investimento;BCB/SICOR (MDCR)
2312007;5371118.21;512.54;2025;Custeio;BCB/SICOR (MDCR)
2312007;14666099.54;175.28;2025;Investimento;BCB/SICOR (MDCR)
2312106;1742440.32;284.66;2025;Custeio;BCB/SICOR (MDCR)
2312106;11096842.6;132.65;2025;Investimento;BCB/SICOR (MDCR)
2312205;2749559.59;258.27;2025;Custeio;BCB/SICOR (MDCR)
2312205;20767455.65;919.35;2025;Investimento;BCB/SICOR (MDCR)
2312304;9537587.93;27.84;2025;Custeio;BCB/SICOR (MDCR)
2312304;18472729.46;271.23;2025;Investimento;BCB/SICOR (MDCR)
2312403;17418660.5;40.71;2025;Custeio;BCB/SICOR (MDCR)
2312403;3277002.77;51.36;2025;Investimento;BCB/SICOR (MDCR)
2312502;1585353.83;58.42;2025;Custeio;BCB/SICOR (MDCR)
2312502;2235736.6;26.73;2025;Investimento;BCB/SICOR (MDCR)
2312601;12390.0;0.0;2025;Custeio;BCB/SICOR (MDCR)
2312601;1271687.67;6.32;2025;Investimento;BCB/SICOR (MDCR)
2312700;11738091.17;1326.19;2025;Custeio;BCB/SICOR (MDCR)
2312700;8602413.75;435.28000000000003;2025;Investimento;BCB/SICOR (MDCR)
2312809;1396486.36;14.28;2025;Custeio;BCB/SICOR (MDCR)
2312809;6413151.74;196.05;2025;Investimento;BCB/SICOR (MDCR)
2312908;4736093.94;289.94;2025;Custeio;BCB/SICOR (MDCR)
2312908;18619454.5;105.82;2025;Investimento;BCB/SICOR (MDCR)
2313005;15844586.87;1103.78;2025;Custeio;BCB/SICOR (MDCR)
2313005;29619336.64;3527.84;2025;Investimento;BCB/SICOR (MDCR)
2313104;8869963.08;391.26;2025;Custeio;BCB/SICOR (MDCR)
2313104;7167766.35;664.53;2025;Investimento;BCB/SICOR (MDCR)
2313203;2484186.67;108.99000000000001;2025;Custeio;BCB/SICOR (MDCR)
2313203;13330010.7;291.63;2025;Investimento;BCB/SICOR (MDCR)
2313252;1186619.4;206.53;2025;Custeio;BCB/SICOR (MDCR)
2313252;5663802.62;134.34;2025;Investimento;BCB/SICOR (MDCR)
2313302;3637510.08;204.62;2025;Custeio;BCB/SICOR (MDCR)
2313302;19301849.67;1148.72;2025;Investimento;BCB/SICOR (MDCR)
2313351;488689.38;12.639999999999999;2025;Custeio;BCB/SICOR (MDCR)
2313351;4211932.83;65.69;2025;Investimento;BCB/SICOR (MDCR)
2313401;6688604.92;74.88;2025;Custeio;BCB/SICOR (MDCR)
2313401;18784574.59;135.48;2025;Investimento;BCB/SICOR (MDCR)
2313500;2267408.58;102.25;2025;Custeio;BCB/SICOR (MDCR)
2313500;24364266.71;386.19;2025;Investimento;BCB/SICOR (MDCR)
2313559;368030.32;8.15;2025;Custeio;BCB/SICOR (MDCR)
2313559;3958534.91;57.32;2025;Investimento;BCB/SICOR (MDCR)
2313609;13697011.98;125.03;2025;Custeio;BCB/SICOR (MDCR)
2313609;14463068.88;165.86;2025;Investimento;BCB/SICOR (MDCR)
2313708;607260.0;116.51;2025;Custeio;BCB/SICOR (MDCR)
2313708;3434873.59;61.2;2025;Investimento;BCB/SICOR (MDCR)
2313757;205593.24;15.43;2025;Custeio;BCB/SICOR (MDCR)
2313757;5348861.18;28.43;2025;Investimento;BCB/SICOR (MDCR)
2313807;131987.5;0.52;2025;Custeio;BCB/SICOR (MDCR)
2313807;4292044.34;172.81;2025;Investimento;BCB/SICOR (MDCR)
2313906;1048326.17;368.54;2025;Custeio;BCB/SICOR (MDCR)
2313906;4365008.43;77.47;2025;Investimento;BCB/SICOR (MDCR)
2313955;676057.48;26.5;2025;Custeio;BCB/SICOR (MDCR)
2313955;1998681.27;22.72;2025;Investimento;BCB/SICOR (MDCR)
2314003;2831118.68;141.4;2025;Custeio;BCB/SICOR (MDCR)
2314003;14335703.36;360.38;2025;Investimento;BCB/SICOR (MDCR)
2314102;6899600.75;569.48;2025;Custeio;BCB/SICOR (MDCR)
2314102;25001909.75;364.12;2025;Investimento;BCB/SICOR (MDCR)
2400109;1027015.06;141.0;2025;Custeio;BCB/SICOR (MDCR)
2400109;1128047.58;105.52;2025;Investimento;BCB/SICOR (MDCR)
2400208;242030.1;35.239999999999995;2025;Custeio;BCB/SICOR (MDCR)
2400208;8861614.52;434.3;2025;Investimento;BCB/SICOR (MDCR)
2400307;7692836.76;779.79;2025;Custeio;BCB/SICOR (MDCR)
2400307;6999205.07;446.81;2025;Investimento;BCB/SICOR (MDCR)
2400406;154294.74;14.15;2025;Custeio;BCB/SICOR (MDCR)
2400406;759574.98;16.93;2025;Investimento;BCB/SICOR (MDCR)
2400505;1620854.8;542.61;2025;Custeio;BCB/SICOR (MDCR)
2400505;11746698.8;430.68;2025;Investimento;BCB/SICOR (MDCR)
2400604;577165.9;31.830000000000002;2025;Custeio;BCB/SICOR (MDCR)
2400604;2276433.21;24.41;2025;Investimento;BCB/SICOR (MDCR)
2400703;3165985.09;92.71;2025;Custeio;BCB/SICOR (MDCR)
2400703;5601121.67;207.62;2025;Investimento;BCB/SICOR (MDCR)
2400802;568621.46;21.52;2025;Custeio;BCB/SICOR (MDCR)
2400802;3193429.9;151.7;2025;Investimento;BCB/SICOR (MDCR)
2400901;519076.4;110.49000000000001;2025;Custeio;BCB/SICOR (MDCR)
2400901;5918261.59;20.47;2025;Investimento;BCB/SICOR (MDCR)
2401008;6778795.39;1291.04;2025;Custeio;BCB/SICOR (MDCR)
2401008;23276676.4;920.71;2025;Investimento;BCB/SICOR (MDCR)
2401107;73000.0;0.0;2025;Custeio;BCB/SICOR (MDCR)
2401107;281582.0;12.43;2025;Investimento;BCB/SICOR (MDCR)
2401206;9600.0;0.0;2025;Custeio;BCB/SICOR (MDCR)
2401206;8432976.57;12.29;2025;Investimento;BCB/SICOR (MDCR)
2401305;4901381.07;1788.44;2025;Custeio;BCB/SICOR (MDCR)
2401305;22025428.79;1856.5600000000002;2025;Investimento;BCB/SICOR (MDCR)
2401404;3030793.28;640.73;2025;Custeio;BCB/SICOR (MDCR)
2401404;3257881.9699999997;182.07;2025;Investimento;BCB/SICOR (MDCR)
2401453;7938353.149999999;205.21;2025;Custeio;BCB/SICOR (MDCR)
2401453;6184118.83;102.91;2025;Investimento;BCB/SICOR (MDCR)
2401503;329698.16;2.4;2025;Custeio;BCB/SICOR (MDCR)
2401503;1682591.1;47.660000000000004;2025;Investimento;BCB/SICOR (MDCR)
2401602;393718.0;69.42;2025;Custeio;BCB/SICOR (MDCR)
2401602;3944239.51;66.84;2025;Investimento;BCB/SICOR (MDCR)
2401651;402214.33;28.64;2025;Custeio;BCB/SICOR (MDCR)
2401651;1172341.32;22.0;2025;Investimento;BCB/SICOR (MDCR)
2401701;871473.78;149.81;2025;Custeio;BCB/SICOR (MDCR)
2401701;5237007.8;162.57;2025;Investimento;BCB/SICOR (MDCR)
2401800;540000.0;6.050000000000001;2025;Custeio;BCB/SICOR (MDCR)
2401800;3143680.0;2.57;2025;Investimento;BCB/SICOR (MDCR)
2401859;207895.88;2.0;2025;Custeio;BCB/SICOR (MDCR)
2401859;884807.03;19.74;2025;Investimento;BCB/SICOR (MDCR)
2401909;313081.48;341.15;2025;Custeio;BCB/SICOR (MDCR)
2401909;1599000.0;439.56;2025;Investimento;BCB/SICOR (MDCR)
2402006;3942803.58;1282.04;2025;Custeio;BCB/SICOR (MDCR)
2402006;5339568.69;150.99;2025;Investimento;BCB/SICOR (MDCR)
2402105;58310.1;0.2;2025;Custeio;BCB/SICOR (MDCR)
2402105;1984729.94;61.77;2025;Investimento;BCB/SICOR (MDCR)
2402204;6027932.48;551.5799999999999;2025;Custeio;BCB/SICOR (MDCR)
2402204;1614335.16;53.26;2025;Investimento;BCB/SICOR (MDCR)
2402303;2539579.37;553.93;2025;Custeio;BCB/SICOR (MDCR)
2402303;10410325.93;348.5;2025;Investimento;BCB/SICOR (MDCR)
2402402;266600.0;4.83;2025;Custeio;BCB/SICOR (MDCR)
2402402;3700767.61;39.17;2025;Investimento;BCB/SICOR (MDCR)
2402501;1787899.18;329.83000000000004;2025;Custeio;BCB/SICOR (MDCR)
2402501;4160652.63;1779.36;2025;Investimento;BCB/SICOR (MDCR)
2402600;13208501.4;934.37;2025;Custeio;BCB/SICOR (MDCR)
2402600;14383145.37;370.62;2025;Investimento;BCB/SICOR (MDCR)
2402709;454170.95;14.370000000000001;2025;Custeio;BCB/SICOR (MDCR)
2402709;6345222.61;157.11;2025;Investimento;BCB/SICOR (MDCR)
2402808;358542.64999999997;32.93;2025;Custeio;BCB/SICOR (MDCR)
2402808;6989973.01;243.21;2025;Investimento;BCB/SICOR (MDCR)
2402907;568719.36;40.14;2025;Custeio;BCB/SICOR (MDCR)
2402907;1448416.11;13.34;2025;Investimento;BCB/SICOR (MDCR)
2403004;606279.1;43.93;2025;Custeio;BCB/SICOR (MDCR)
2403004;1862840.0;51.64;2025;Investimento;BCB/SICOR (MDCR)
2403103;643097.66;49.57;2025;Custeio;BCB/SICOR (MDCR)
2403103;4681655.26;225.86;2025;Investimento;BCB/SICOR (MDCR)
2403202;1716806.58;208.57999999999998;2025;Custeio;BCB/SICOR (MDCR)
2403202;8462965.65;291.84;2025;Investimento;BCB/SICOR (MDCR)
2403251;584691.41;0.0;2025;Investimento;BCB/SICOR (MDCR)
2403301;145231.59;13.05;2025;Custeio;BCB/SICOR (MDCR)
2403301;1938321.24;75.99;2025;Investimento;BCB/SICOR (MDCR)
2403400;266999.95;28.280000000000005;2025;Custeio;BCB/SICOR (MDCR)
2403400;2011481.0;17.96;2025;Investimento;BCB/SICOR (MDCR)
2403509;731371.46;109.51;2025;Custeio;BCB/SICOR (MDCR)
2403509;3403731.86;16.37;2025;Investimento;BCB/SICOR (MDCR)
2403608;615000.0;15.59;2025;Investimento;BCB/SICOR (MDCR)
2403707;95036.0;0.44;2025;Custeio;BCB/SICOR (MDCR)
2403707;3047053.08;68.62;2025;Investimento;BCB/SICOR (MDCR)
2403756;172130.0;15.89;2025;Custeio;BCB/SICOR (MDCR)
2403756;993239.9;8.47;2025;Investimento;BCB/SICOR (MDCR)
2403806;1730196.02;419.96999999999997;2025;Custeio;BCB/SICOR (MDCR)
2403806;4543005.2;552.3299999999999;2025;Investimento;BCB/SICOR (MDCR)
2403905;458336.92;19.75;2025;Custeio;BCB/SICOR (MDCR)
2403905;2487180.09;112.16999999999999;2025;Investimento;BCB/SICOR (MDCR)
2404002;56200.0;0.32;2025;Custeio;BCB/SICOR (MDCR)
2404002;1589780.57;15.3;2025;Investimento;BCB/SICOR (MDCR)
2404101;1618927.94;82.64;2025;Custeio;BCB/SICOR (MDCR)
2404101;926363.0;11.0;2025;Investimento;BCB/SICOR (MDCR)
2404200;190352.06;10.0;2025;Custeio;BCB/SICOR (MDCR)
2404200;2856477.2;5.800000000000001;2025;Investimento;BCB/SICOR (MDCR)
2404309;12817449.93;169.92999999999998;2025;Custeio;BCB/SICOR (MDCR)
2404309;3198178.2;16.29;2025;Investimento;BCB/SICOR (MDCR)
2404408;1419728.39;6.42;2025;Investimento;BCB/SICOR (MDCR)
2404507;4199774.69;144.12;2025;Custeio;BCB/SICOR (MDCR)
2404507;422069.75;3.04;2025;Investimento;BCB/SICOR (MDCR)
2404606;12698291.35;308.18;2025;Custeio;BCB/SICOR (MDCR)
2404606;12354005.66;531.06;2025;Investimento;BCB/SICOR (MDCR)
2404705;15846752.35;452.27;2025;Custeio;BCB/SICOR (MDCR)
2404705;5361380.53;199.37;2025;Investimento;BCB/SICOR (MDCR)
2404804;137000.0;0.0;2025;Custeio;BCB/SICOR (MDCR)
2404804;3608945.56;8.1;2025;Investimento;BCB/SICOR (MDCR)
2404853;14010.0;0.02;2025;Custeio;BCB/SICOR (MDCR)
2404853;870900.9;5.75;2025;Investimento;BCB/SICOR (MDCR)
2404903;36700.0;1.22;2025;Custeio;BCB/SICOR (MDCR)
2404903;1773192.85;37.29;2025;Investimento;BCB/SICOR (MDCR)
2405009;199578.61000000002;6.12;2025;Custeio;BCB/SICOR (MDCR)
2405009;3697570.08;164.56;2025;Investimento;BCB/SICOR (MDCR)
2405108;226819.2;11.73;2025;Custeio;BCB/SICOR (MDCR)
2405108;469830.33999999997;35.1;2025;Investimento;BCB/SICOR (MDCR)
2405207;1702021.49;259.43;2025;Custeio;BCB/SICOR (MDCR)
2405207;1698175.13;21.740000000000002;2025;Investimento;BCB/SICOR (MDCR)
2405306;381940.0;37.5;2025;Custeio;BCB/SICOR (MDCR)
2405306;2416769.78;118.37;2025;Investimento;BCB/SICOR (MDCR)
2405405;463372.11;120.35000000000001;2025;Custeio;BCB/SICOR (MDCR)
2405405;6774981.0;129.06;2025;Investimento;BCB/SICOR (MDCR)
2405504;101000.0;0.0;2025;Custeio;BCB/SICOR (MDCR)
2405504;1063456.45;45.26;2025;Investimento;BCB/SICOR (MDCR)
2405603;1618450.63;347.86;2025;Custeio;BCB/SICOR (MDCR)
2405603;2431478.68;36.61;2025;Investimento;BCB/SICOR (MDCR)
2405702;2201182.9;500.9;2025;Custeio;BCB/SICOR (MDCR)
2405702;3613632.6;154.35999999999999;2025;Investimento;BCB/SICOR (MDCR)
2405801;2703610.4;104.41999999999999;2025;Custeio;BCB/SICOR (MDCR)
2405801;9662844.44;55.12;2025;Investimento;BCB/SICOR (MDCR)
2405900;127588.26999999999;30.41;2025;Custeio;BCB/SICOR (MDCR)
2405900;1609399.89;19.919999999999998;2025;Investimento;BCB/SICOR (MDCR)
2406007;856313.0499999999;168.99;2025;Custeio;BCB/SICOR (MDCR)
2406007;3637064.34;81.82;2025;Investimento;BCB/SICOR (MDCR)
2406106;7506025.71;1079.47;2025;Custeio;BCB/SICOR (MDCR)
2406106;8277448.05;547.87;2025;Investimento;BCB/SICOR (MDCR)
2406155;355230.0;1.13;2025;Custeio;BCB/SICOR (MDCR)
2406155;1953744.33;0.07;2025;Investimento;BCB/SICOR (MDCR)
2406205;2722197.07;583.05;2025;Custeio;BCB/SICOR (MDCR)
2406205;5699809.61;99.06;2025;Investimento;BCB/SICOR (MDCR)
2406304;736871.0;31.52;2025;Custeio;BCB/SICOR (MDCR)
2406304;5092847.48;24.6;2025;Investimento;BCB/SICOR (MDCR)
2406403;496288.7;52.52000000000001;2025;Custeio;BCB/SICOR (MDCR)
2406403;1383714.0;16.64;2025;Investimento;BCB/SICOR (MDCR)
2406502;698814.58;81.94;2025;Custeio;BCB/SICOR (MDCR)
2406502;7941348.61;193.55;2025;Investimento;BCB/SICOR (MDCR)
2406601;717700.0;151.45999999999998;2025;Custeio;BCB/SICOR (MDCR)
2406601;3984108.2;75.31;2025;Investimento;BCB/SICOR (MDCR)
2406700;108535.28;140.89;2025;Custeio;BCB/SICOR (MDCR)
2406700;1738489.87;19.91;2025;Investimento;BCB/SICOR (MDCR)
2406809;97434.87;31.050000000000004;2025;Custeio;BCB/SICOR (MDCR)
2406809;1718505.52;37.39;2025;Investimento;BCB/SICOR (MDCR)
2406908;55221.06;8.01;2025;Custeio;BCB/SICOR (MDCR)
2406908;2581115.0;13.8;2025;Investimento;BCB/SICOR (MDCR)
2407005;166471.12;4.4799999999999995;2025;Custeio;BCB/SICOR (MDCR)
2407005;2009164.91;25.39;2025;Investimento;BCB/SICOR (MDCR)
2407104;1768014.7;116.62;2025;Custeio;BCB/SICOR (MDCR)
2407104;14751590.39;214.64000000000001;2025;Investimento;BCB/SICOR (MDCR)
2407203;2469973.1799999997;102.73;2025;Custeio;BCB/SICOR (MDCR)
2407203;5761386.61;23.08;2025;Investimento;BCB/SICOR (MDCR)
2407252;24000.0;0.0;2025;Custeio;BCB/SICOR (MDCR)
2407252;1128406.8599999999;33.0;2025;Investimento;BCB/SICOR (MDCR)
2407302;801625.99;402.72;2025;Custeio;BCB/SICOR (MDCR)
2407302;4807069.0;153.59;2025;Investimento;BCB/SICOR (MDCR)
2407401;56450.0;1.16;2025;Custeio;BCB/SICOR (MDCR)
2407401;532000.0;2.0;2025;Investimento;BCB/SICOR (MDCR)
2407500;1318149.37;16.93;2025;Custeio;BCB/SICOR (MDCR)
2407500;2265146.06;55.55;2025;Investimento;BCB/SICOR (MDCR)
2407609;1852851.48;885.77;2025;Custeio;BCB/SICOR (MDCR)
2407609;1412786.4;38.15;2025;Investimento;BCB/SICOR (MDCR)
2407708;782559.07;30.98;2025;Custeio;BCB/SICOR (MDCR)
2407708;2417600.0;7.49;2025;Investimento;BCB/SICOR (MDCR)
2407807;3089928.42;749.1500000000001;2025;Custeio;BCB/SICOR (MDCR)
2407807;6612439.55;743.54;2025;Investimento;BCB/SICOR (MDCR)
2407906;6000.0;0.0;2025;Custeio;BCB/SICOR (MDCR)
2407906;3086502.0;48.8;2025;Investimento;BCB/SICOR (MDCR)
2408003;10469716.89;308.67;2025;Custeio;BCB/SICOR (MDCR)
2408003;14750875.91;106.38;2025;Investimento;BCB/SICOR (MDCR)
2408102;12000.0;0.0;2025;Custeio;BCB/SICOR (MDCR)
2408102;7336123.71;0.0;2025;Investimento;BCB/SICOR (MDCR)
2408201;1400000.0;56.0;2025;Custeio;BCB/SICOR (MDCR)
2408201;539500.0;0.08;2025;Investimento;BCB/SICOR (MDCR)
2408300;1631336.35;201.24;2025;Custeio;BCB/SICOR (MDCR)
2408300;18035183.78;220.33999999999997;2025;Investimento;BCB/SICOR (MDCR)
2408409;457169.78;26.599999999999998;2025;Custeio;BCB/SICOR (MDCR)
2408409;1316000.0;1.57;2025;Investimento;BCB/SICOR (MDCR)
2408508;1774540.11;1026.5;2025;Custeio;BCB/SICOR (MDCR)
2408508;4005508.66;175.36;2025;Investimento;BCB/SICOR (MDCR)
2408607;285371.99;57.56;2025;Custeio;BCB/SICOR (MDCR)
2408607;2414856.42;14.65;2025;Investimento;BCB/SICOR (MDCR)
2408706;165450.0;6.52;2025;Custeio;BCB/SICOR (MDCR)
2408706;1653296.62;7.83;2025;Investimento;BCB/SICOR (MDCR)
2408805;27000.0;0.0;2025;Custeio;BCB/SICOR (MDCR)
2408805;984151.3300000001;9.14;2025;Investimento;BCB/SICOR (MDCR)
2408904;1635728.03;59.290000000000006;2025;Custeio;BCB/SICOR (MDCR)
2408904;3013976.65;44.63;2025;Investimento;BCB/SICOR (MDCR)
2408953;248820.19;4.9;2025;Custeio;BCB/SICOR (MDCR)
2408953;2436265.02;33.07;2025;Investimento;BCB/SICOR (MDCR)
2409100;174089.62;4.65;2025;Custeio;BCB/SICOR (MDCR)
2409100;6972434.83;33.26;2025;Investimento;BCB/SICOR (MDCR)
2409209;389930.0;0.0;2025;Custeio;BCB/SICOR (MDCR)
2409209;1393120.0;18.830000000000002;2025;Investimento;BCB/SICOR (MDCR)
2409308;1854855.38;224.72;2025;Custeio;BCB/SICOR (MDCR)
2409308;2471588.98;71.58;2025;Investimento;BCB/SICOR (MDCR)
2409332;487559.1;132.52;2025;Custeio;BCB/SICOR (MDCR)
2409332;2170728.8;23.990000000000002;2025;Investimento;BCB/SICOR (MDCR)
2409407;598787.88;111.08;2025;Custeio;BCB/SICOR (MDCR)
2409407;4144464.32;10.4;2025;Investimento;BCB/SICOR (MDCR)
2409506;1080028.0;290.48;2025;Investimento;BCB/SICOR (MDCR)
2409605;82500.0;40.79;2025;Custeio;BCB/SICOR (MDCR)
2409605;2903700.0;78.26;2025;Investimento;BCB/SICOR (MDCR)
2409704;1607516.25;215.75;2025;Custeio;BCB/SICOR (MDCR)
2409704;1273760.0;30.16;2025;Investimento;BCB/SICOR (MDCR)
2409803;769380.13;57.13;2025;Custeio;BCB/SICOR (MDCR)
2409803;1531684.47;254.47;2025;Investimento;BCB/SICOR (MDCR)
2409902;2114862.1599999997;184.64;2025;Custeio;BCB/SICOR (MDCR)
2409902;3808909.8;262.59000000000003;2025;Investimento;BCB/SICOR (MDCR)
2410009;230345.5;3.64;2025;Custeio;BCB/SICOR (MDCR)
2410009;3257509.35;36.51;2025;Investimento;BCB/SICOR (MDCR)
2410108;90450.0;1.85;2025;Custeio;BCB/SICOR (MDCR)
2410108;4549473.78;35.18;2025;Investimento;BCB/SICOR (MDCR)
2410207;51000.0;0.0;2025;Custeio;BCB/SICOR (MDCR)
2410207;2569746.4;10.4;2025;Investimento;BCB/SICOR (MDCR)
2410256;42324.64;8.0;2025;Custeio;BCB/SICOR (MDCR)
2410256;2636070.43;535.7;2025;Investimento;BCB/SICOR (MDCR)
2410306;1085936.3;38.7;2025;Custeio;BCB/SICOR (MDCR)
2410306;4600646.47;51.94;2025;Investimento;BCB/SICOR (MDCR)
2410405;1233272.39;116.83;2025;Custeio;BCB/SICOR (MDCR)
2410405;3123416.98;208.59;2025;Investimento;BCB/SICOR (MDCR)
2410504;599507.24;93.3;2025;Custeio;BCB/SICOR (MDCR)
2410504;2998487.62;29.79;2025;Investimento;BCB/SICOR (MDCR)
2410603;128867.81;1.64;2025;Custeio;BCB/SICOR (MDCR)
2410603;2137265.0;16.21;2025;Investimento;BCB/SICOR (MDCR)
2410702;751615.85;151.84;2025;Custeio;BCB/SICOR (MDCR)
2410702;466000.0;3.69;2025;Investimento;BCB/SICOR (MDCR)
2410801;388306.43;34.230000000000004;2025;Custeio;BCB/SICOR (MDCR)
2410801;2416272.8;43.42;2025;Investimento;BCB/SICOR (MDCR)
2410900;825013.53;358.56;2025;Custeio;BCB/SICOR (MDCR)
2410900;3041468.84;407.89;2025;Investimento;BCB/SICOR (MDCR)
2411007;621516.98;32.879999999999995;2025;Custeio;BCB/SICOR (MDCR)
2411007;2727262.35;115.14;2025;Investimento;BCB/SICOR (MDCR)
2411056;485865.22;55.13;2025;Investimento;BCB/SICOR (MDCR)
2411106;28000.0;0.86;2025;Custeio;BCB/SICOR (MDCR)
2411106;1736856.2;48.29;2025;Investimento;BCB/SICOR (MDCR)
2411205;520203.66000000003;102.08000000000001;2025;Custeio;BCB/SICOR (MDCR)
2411205;9164081.94;90.71;2025;Investimento;BCB/SICOR (MDCR)
2411403;1791406.04;1078.11;2025;Custeio;BCB/SICOR (MDCR)
2411403;13951101.21;438.21;2025;Investimento;BCB/SICOR (MDCR)
2411429;633163.28;25.490000000000002;2025;Custeio;BCB/SICOR (MDCR)
2411429;2176220.14;4.8;2025;Investimento;BCB/SICOR (MDCR)
2411502;2849847.42;371.95;2025;Custeio;BCB/SICOR (MDCR)
2411502;19919761.11;490.29;2025;Investimento;BCB/SICOR (MDCR)
2411601;665811.63;6.1;2025;Investimento;BCB/SICOR (MDCR)
2411700;64000.0;1.29;2025;Custeio;BCB/SICOR (MDCR)
2411700;3395629.74;18.31;2025;Investimento;BCB/SICOR (MDCR)
2411809;710692.07;182.13;2025;Custeio;BCB/SICOR (MDCR)
2411809;644422.0;7.14;2025;Investimento;BCB/SICOR (MDCR)
2411908;163859.59;48.84;2025;Custeio;BCB/SICOR (MDCR)
2411908;1327052.07;39.31;2025;Investimento;BCB/SICOR (MDCR)
2412005;1034384.9;186.5;2025;Custeio;BCB/SICOR (MDCR)
2412005;1886866.85;3.7800000000000002;2025;Investimento;BCB/SICOR (MDCR)
2412104;346712.2;296.8;2025;Custeio;BCB/SICOR (MDCR)
2412104;2909560.18;20.04;2025;Investimento;BCB/SICOR (MDCR)
2412203;2863649.4;356.58;2025;Custeio;BCB/SICOR (MDCR)
2412203;6155340.82;68.51;2025;Investimento;BCB/SICOR (MDCR)
2412302;990729.52;499.12;2025;Custeio;BCB/SICOR (MDCR)
2412302;5043778.19;820.5;2025;Investimento;BCB/SICOR (MDCR)
2412401;2358233.3;483.12;2025;Custeio;BCB/SICOR (MDCR)
2412401;2487575.36;123.14999999999999;2025;Investimento;BCB/SICOR (MDCR)
2412500;423565.92;20.75;2025;Custeio;BCB/SICOR (MDCR)
2412500;5462148.81;48.85;2025;Investimento;BCB/SICOR (MDCR)
2412559;166538.57;13.34;2025;Custeio;BCB/SICOR (MDCR)
2412559;2707649.98;261.21000000000004;2025;Investimento;BCB/SICOR (MDCR)
2412609;202633.6;12.08;2025;Custeio;BCB/SICOR (MDCR)
2412609;7628541.53;129.17000000000002;2025;Investimento;BCB/SICOR (MDCR)
2412708;1092225.05;493.9699999999999;2025;Custeio;BCB/SICOR (MDCR)
2412708;2270357.0;48.65;2025;Investimento;BCB/SICOR (MDCR)
2412807;101878.5;1.06;2025;Custeio;BCB/SICOR (MDCR)
2412807;4643114.2;68.96;2025;Investimento;BCB/SICOR (MDCR)
2412906;646257.65;106.91;2025;Custeio;BCB/SICOR (MDCR)
2412906;7183986.98;110.6;2025;Investimento;BCB/SICOR (MDCR)
2413003;342513.55;48.22;2025;Custeio;BCB/SICOR (MDCR)
2413003;1611357.51;31.270000000000003;2025;Investimento;BCB/SICOR (MDCR)
2413102;222323.7;4.92;2025;Custeio;BCB/SICOR (MDCR)
2413102;1513483.88;37.5;2025;Investimento;BCB/SICOR (MDCR)
2413201;49000.0;0.0;2025;Custeio;BCB/SICOR (MDCR)
2413201;684000.0;0.0;2025;Investimento;BCB/SICOR (MDCR)
2413300;317126.68;11.05;2025;Custeio;BCB/SICOR (MDCR)
2413300;1766582.0;36.57;2025;Investimento;BCB/SICOR (MDCR)
2413359;9223464.34;1300.8;2025;Custeio;BCB/SICOR (MDCR)
2413359;11514677.9;621.5;2025;Investimento;BCB/SICOR (MDCR)
2413409;1656730.98;597.39;2025;Custeio;BCB/SICOR (MDCR)
2413409;2362305.85;251.13;2025;Investimento;BCB/SICOR (MDCR)
2413508;2371330.55;443.16;2025;Custeio;BCB/SICOR (MDCR)
2413508;4327252.5;180.13;2025;Investimento;BCB/SICOR (MDCR)
2413557;489565.6;61.39;2025;Custeio;BCB/SICOR (MDCR)
2413557;1610475.0;3.89;2025;Investimento;BCB/SICOR (MDCR)
2413607;389637.64;56.58;2025;Custeio;BCB/SICOR (MDCR)
2413607;5665851.65;335.7;2025;Investimento;BCB/SICOR (MDCR)
2413706;112500.0;2.0300000000000002;2025;Custeio;BCB/SICOR (MDCR)
2413706;1898200.0;23.419999999999998;2025;Investimento;BCB/SICOR (MDCR)
2413805;140646.47999999998;4.63;2025;Custeio;BCB/SICOR (MDCR)
2413805;1199170.23;26.32;2025;Investimento;BCB/SICOR (MDCR)
2413904;2616853.61;232.75;2025;Custeio;BCB/SICOR (MDCR)
2413904;4886441.1;358.62;2025;Investimento;BCB/SICOR (MDCR)
2414001;308164.12;168.45;2025;Custeio;BCB/SICOR (MDCR)
2414001;5829887.4399999995;48.62;2025;Investimento;BCB/SICOR (MDCR)
2414100;1101148.1400000001;65.85;2025;Custeio;BCB/SICOR (MDCR)
2414100;4055907.8;68.78;2025;Investimento;BCB/SICOR (MDCR)
2414159;57366.49;106.12;2025;Custeio;BCB/SICOR (MDCR)
2414159;3218763.3;39.36;2025;Investimento;BCB/SICOR (MDCR)
2414209;67766.88;1.26;2025;Custeio;BCB/SICOR (MDCR)
2414209;442000.0;1.0;2025;Investimento;BCB/SICOR (MDCR)
2414308;193346.22;60.95;2025;Custeio;BCB/SICOR (MDCR)
2414308;542940.94;156.37000000000003;2025;Investimento;BCB/SICOR (MDCR)
2414407;46440331.76;1001.79;2025;Custeio;BCB/SICOR (MDCR)
2414407;14059754.58;450.64;2025;Investimento;BCB/SICOR (MDCR)
2414456;437660.15;258.68;2025;Custeio;BCB/SICOR (MDCR)
2414456;2501766.06;203.38;2025;Investimento;BCB/SICOR (MDCR)
2414506;1677976.93;110.06;2025;Custeio;BCB/SICOR (MDCR)
2414506;4807479.02;70.42999999999999;2025;Investimento;BCB/SICOR (MDCR)
2414605;2718864.16;369.40999999999997;2025;Custeio;BCB/SICOR (MDCR)
2414605;6100594.99;106.03;2025;Investimento;BCB/SICOR (MDCR)
2414704;1211872.0;259.55;2025;Custeio;BCB/SICOR (MDCR)
2414704;529087.1;52.400000000000006;2025;Investimento;BCB/SICOR (MDCR)
2414753;73500.0;0.0;2025;Custeio;BCB/SICOR (MDCR)
2414753;3168186.77;50.5;2025;Investimento;BCB/SICOR (MDCR)
2414803;1434524.36;150.2;2025;Custeio;BCB/SICOR (MDCR)
2414803;3878719.52;194.28;2025;Investimento;BCB/SICOR (MDCR)
2414902;321000.0;2.48;2025;Investimento;BCB/SICOR (MDCR)
2415008;9600.0;0.0;2025;Custeio;BCB/SICOR (MDCR)
2415008;55000.0;1.9;2025;Investimento;BCB/SICOR (MDCR)
2500106;2936050.82;64.29;2025;Custeio;BCB/SICOR (MDCR)
2500106;6178948.9;82.13;2025;Investimento;BCB/SICOR (MDCR)
2500205;3681725.37;236.39000000000001;2025;Custeio;BCB/SICOR (MDCR)
2500205;4244791.56;249.07;2025;Investimento;BCB/SICOR (MDCR)
2500304;980082.4099999999;91.81;2025;Custeio;BCB/SICOR (MDCR)
2500304;13132796.24;122.11;2025;Investimento;BCB/SICOR (MDCR)
2500403;1169127.73;15.540000000000001;2025;Custeio;BCB/SICOR (MDCR)
2500403;5764715.24;41.36;2025;Investimento;BCB/SICOR (MDCR)
2500502;2234068.52;80.12;2025;Custeio;BCB/SICOR (MDCR)
2500502;5260572.65;8.92;2025;Investimento;BCB/SICOR (MDCR)
2500536;235153.13;24.080000000000002;2025;Custeio;BCB/SICOR (MDCR)
2500536;2118437.19;137.04;2025;Investimento;BCB/SICOR (MDCR)
2500577;3894605.92;93.35;2025;Investimento;BCB/SICOR (MDCR)
2500601;6333360.96;1035.34;2025;Custeio;BCB/SICOR (MDCR)
2500601;6625655.84;234.23999999999998;2025;Investimento;BCB/SICOR (MDCR)
2500700;4550263.33;302.33;2025;Custeio;BCB/SICOR (MDCR)
2500700;12984806.17;241.2;2025;Investimento;BCB/SICOR (MDCR)
2500734;66000.0;0.9;2025;Custeio;BCB/SICOR (MDCR)
2500734;2332154.97;47.35;2025;Investimento;BCB/SICOR (MDCR)
2500775;723649.45;162.25;2025;Custeio;BCB/SICOR (MDCR)
2500775;3092754.87;83.07000000000001;2025;Investimento;BCB/SICOR (MDCR)
2500809;5133528.95;336.3;2025;Custeio;BCB/SICOR (MDCR)
2500809;5370015.25;101.42999999999999;2025;Investimento;BCB/SICOR (MDCR)
2500908;179836.0;7.12;2025;Custeio;BCB/SICOR (MDCR)
2500908;3603326.21;11.72;2025;Investimento;BCB/SICOR (MDCR)
2501005;472608.26999999996;49.47;2025;Custeio;BCB/SICOR (MDCR)
2501005;2745956.68;44.09;2025;Investimento;BCB/SICOR (MDCR)
2501104;393308.0;52.739999999999995;2025;Custeio;BCB/SICOR (MDCR)
2501104;8408684.209999999;86.03;2025;Investimento;BCB/SICOR (MDCR)
2501153;12000.0;0.0;2025;Custeio;BCB/SICOR (MDCR)
2501153;1405251.0;25.11;2025;Investimento;BCB/SICOR (MDCR)
2501203;86000.0;0.0;2025;Custeio;BCB/SICOR (MDCR)
2501203;1131619.83;3.96;2025;Investimento;BCB/SICOR (MDCR)
2501302;2268147.84;104.96000000000001;2025;Custeio;BCB/SICOR (MDCR)
2501302;10603756.87;165.43;2025;Investimento;BCB/SICOR (MDCR)
2501351;140000.0;4.35;2025;Custeio;BCB/SICOR (MDCR)
2501351;969734.0;20.21;2025;Investimento;BCB/SICOR (MDCR)
2501401;1759973.26;253.82000000000002;2025;Investimento;BCB/SICOR (MDCR)
2501500;1205274.54;63.36;2025;Custeio;BCB/SICOR (MDCR)
2501500;8117523.93;52.03;2025;Investimento;BCB/SICOR (MDCR)
2501534;72000.0;0.0;2025;Custeio;BCB/SICOR (MDCR)
2501534;3658000.0;0.9199999999999999;2025;Investimento;BCB/SICOR (MDCR)
2501575;1053138.65;166.49;2025;Custeio;BCB/SICOR (MDCR)
2501575;4060842.45;134.14;2025;Investimento;BCB/SICOR (MDCR)
2501609;636123.0;111.31;2025;Custeio;BCB/SICOR (MDCR)
2501609;8632166.55;86.97;2025;Investimento;BCB/SICOR (MDCR)
2501708;1542041.58;155.27;2025;Custeio;BCB/SICOR (MDCR)
2501708;5170924.77;167.69;2025;Investimento;BCB/SICOR (MDCR)
2501807;30000.0;1.1;2025;Investimento;BCB/SICOR (MDCR)
2501906;796417.5;101.83000000000001;2025;Custeio;BCB/SICOR (MDCR)
2501906;3373864.0;21.25;2025;Investimento;BCB/SICOR (MDCR)
2502003;1556308.05;190.59;2025;Custeio;BCB/SICOR (MDCR)
2502003;2601422.14;92.58;2025;Investimento;BCB/SICOR (MDCR)
2502052;41262.89;0.9;2025;Custeio;BCB/SICOR (MDCR)
2502052;2119585.0;118.05;2025;Investimento;BCB/SICOR (MDCR)
2502102;1032293.08;69.78;2025;Custeio;BCB/SICOR (MDCR)
2502102;2678423.48;57.78;2025;Investimento;BCB/SICOR (MDCR)
2502151;745040.0;40.89;2025;Custeio;BCB/SICOR (MDCR)
2502151;1344837.53;35.69;2025;Investimento;BCB/SICOR (MDCR)
2502201;22000.0;0.0;2025;Custeio;BCB/SICOR (MDCR)
2502201;1135749.47;10.35;2025;Investimento;BCB/SICOR (MDCR)
2502300;1175392.59;38.3;2025;Custeio;BCB/SICOR (MDCR)
2502300;7218313.87;41.83;2025;Investimento;BCB/SICOR (MDCR)
2502409;1783376.98;237.09;2025;Custeio;BCB/SICOR (MDCR)
2502409;6068384.26;191.79000000000002;2025;Investimento;BCB/SICOR (MDCR)
2502508;1957118.19;68.53;2025;Custeio;BCB/SICOR (MDCR)
2502508;5597964.37;80.52;2025;Investimento;BCB/SICOR (MDCR)
2502607;1494768.51;99.23;2025;Custeio;BCB/SICOR (MDCR)
2502607;2428303.27;86.14;2025;Investimento;BCB/SICOR (MDCR)
2502706;172000.0;0.0;2025;Custeio;BCB/SICOR (MDCR)
2502706;1428658.49;11.97;2025;Investimento;BCB/SICOR (MDCR)
2502805;7685852.0;25.630000000000003;2025;Custeio;BCB/SICOR (MDCR)
2502805;2025367.74;43.18;2025;Investimento;BCB/SICOR (MDCR)
2502904;886555.13;92.13000000000001;2025;Custeio;BCB/SICOR (MDCR)
2502904;8109110.3;21.419999999999998;2025;Investimento;BCB/SICOR (MDCR)
2503001;12499915.36;1320.1999999999998;2025;Custeio;BCB/SICOR (MDCR)
2503001;5325085.32;30.599999999999998;2025;Investimento;BCB/SICOR (MDCR)
2503100;2758467.52;346.16999999999996;2025;Custeio;BCB/SICOR (MDCR)
2503100;3783480.53;73.66;2025;Investimento;BCB/SICOR (MDCR)
2503209;15000.0;0.0;2025;Investimento;BCB/SICOR (MDCR)
2503308;2724577.48;180.51999999999998;2025;Custeio;BCB/SICOR (MDCR)
2503308;8751777.36;354.13;2025;Investimento;BCB/SICOR (MDCR)
2503407;164949.0;1.17;2025;Custeio;BCB/SICOR (MDCR)
2503407;3419527.79;21.99;2025;Investimento;BCB/SICOR (MDCR)
2503506;72000.0;0.01;2025;Custeio;BCB/SICOR (MDCR)
2503506;4256704.56;20.4;2025;Investimento;BCB/SICOR (MDCR)
2503555;2351091.0;34.08;2025;Investimento;BCB/SICOR (MDCR)
2503605;1491133.58;121.56;2025;Custeio;BCB/SICOR (MDCR)
2503605;2147727.0;34.0;2025;Investimento;BCB/SICOR (MDCR)
2503704;2209028.63;304.66;2025;Custeio;BCB/SICOR (MDCR)
2503704;14506264.38;363.17;2025;Investimento;BCB/SICOR (MDCR)
2503753;1154042.93;23.81;2025;Custeio;BCB/SICOR (MDCR)
2503753;2512746.82;9.54;2025;Investimento;BCB/SICOR (MDCR)
2503803;2528994.0;10.35;2025;Custeio;BCB/SICOR (MDCR)
2503803;382764.43;16.36;2025;Investimento;BCB/SICOR (MDCR)
2503902;835155.38;76.28;2025;Custeio;BCB/SICOR (MDCR)
2503902;5422745.55;157.98;2025;Investimento;BCB/SICOR (MDCR)
2504009;2874940.0;211.51000000000002;2025;Custeio;BCB/SICOR (MDCR)
2504009;14362772.81;191.85;2025;Investimento;BCB/SICOR (MDCR)
2504033;1893751.2200000002;424.0;2025;Custeio;BCB/SICOR (MDCR)
2504033;2639870.08;0.78;2025;Investimento;BCB/SICOR (MDCR)
2504074;445753.8;6.49;2025;Custeio;BCB/SICOR (MDCR)
2504074;2825861.13;6.87;2025;Investimento;BCB/SICOR (MDCR)
2504108;6000.0;0.0;2025;Custeio;BCB/SICOR (MDCR)
2504108;937961.82;24.47;2025;Investimento;BCB/SICOR (MDCR)
2504157;387526.98;0.2;2025;Custeio;BCB/SICOR (MDCR)
2504157;7190563.73;196.76;2025;Investimento;BCB/SICOR (MDCR)
2504207;1030824.39;212.71;2025;Custeio;BCB/SICOR (MDCR)
2504207;1666312.72;17.18;2025;Investimento;BCB/SICOR (MDCR)
2504306;3231375.92;116.14;2025;Custeio;BCB/SICOR (MDCR)
2504306;7494452.18;90.46;2025;Investimento;BCB/SICOR (MDCR)
2504355;1256747.05;89.57;2025;Custeio;BCB/SICOR (MDCR)
2504355;2683933.09;64.72;2025;Investimento;BCB/SICOR (MDCR)
2504405;3347071.6799999997;303.9;2025;Custeio;BCB/SICOR (MDCR)
2504405;9510790.01;456.31;2025;Investimento;BCB/SICOR (MDCR)
2504504;584060.0;41.01;2025;Custeio;BCB/SICOR (MDCR)
2504504;3300393.61;13.07;2025;Investimento;BCB/SICOR (MDCR)
2504603;13721733.93;415.40999999999997;2025;Custeio;BCB/SICOR (MDCR)
2504603;2944249.62;52.99;2025;Investimento;BCB/SICOR (MDCR)
2504702;451519.2;1.13;2025;Custeio;BCB/SICOR (MDCR)
2504702;3263496.67;95.96000000000001;2025;Investimento;BCB/SICOR (MDCR)
2504801;5095516.88;409.06;2025;Custeio;BCB/SICOR (MDCR)
2504801;9465205.97;83.2;2025;Investimento;BCB/SICOR (MDCR)
2504850;1190935.23;511.27;2025;Custeio;BCB/SICOR (MDCR)
2504850;1677599.96;15.54;2025;Investimento;BCB/SICOR (MDCR)
2504900;3539897.76;841.3399999999999;2025;Custeio;BCB/SICOR (MDCR)
2504900;1182616.01;114.97;2025;Investimento;BCB/SICOR (MDCR)
2505006;76999.98;0.98;2025;Custeio;BCB/SICOR (MDCR)
2505006;1448412.55;32.67;2025;Investimento;BCB/SICOR (MDCR)
2505105;1770452.37;332.32;2025;Custeio;BCB/SICOR (MDCR)
2505105;10297382.73;258.9;2025;Investimento;BCB/SICOR (MDCR)
2505204;398999.64;9.96;2025;Custeio;BCB/SICOR (MDCR)
2505204;395596.98;14.879999999999999;2025;Investimento;BCB/SICOR (MDCR)
2505238;1031704.61;74.97999999999999;2025;Custeio;BCB/SICOR (MDCR)
2505238;1857255.24;48.01;2025;Investimento;BCB/SICOR (MDCR)
2505279;902132.31;88.92999999999999;2025;Custeio;BCB/SICOR (MDCR)
2505279;2628782.46;74.77;2025;Investimento;BCB/SICOR (MDCR)
2505303;459123.1;83.77;2025;Custeio;BCB/SICOR (MDCR)
2505303;1850294.92;31.71;2025;Investimento;BCB/SICOR (MDCR)
2505352;436893.28;61.76;2025;Custeio;BCB/SICOR (MDCR)
2505352;4098295.97;268.14000000000004;2025;Investimento;BCB/SICOR (MDCR)
2505402;708449.24;59.31;2025;Custeio;BCB/SICOR (MDCR)
2505402;4347074.12;123.79;2025;Investimento;BCB/SICOR (MDCR)
2505501;209660.0;0.02;2025;Custeio;BCB/SICOR (MDCR)
2505501;2656128.25;1.02;2025;Investimento;BCB/SICOR (MDCR)
2505600;726336.6799999999;8.24;2025;Custeio;BCB/SICOR (MDCR)
2505600;4014664.58;199.47;2025;Investimento;BCB/SICOR (MDCR)
2505709;72000.0;0.02;2025;Custeio;BCB/SICOR (MDCR)
2505709;8379316.24;75.86;2025;Investimento;BCB/SICOR (MDCR)
2505808;1117153.88;127.82;2025;Custeio;BCB/SICOR (MDCR)
2505808;1202901.74;18.25;2025;Investimento;BCB/SICOR (MDCR)
2505907;160274.76;36.12;2025;Custeio;BCB/SICOR (MDCR)
2505907;1335465.75;85.60000000000001;2025;Investimento;BCB/SICOR (MDCR)
2506004;3608625.87;27.97;2025;Custeio;BCB/SICOR (MDCR)
2506004;6132070.02;61.989999999999995;2025;Investimento;BCB/SICOR (MDCR)
2506103;1215458.21;43.73;2025;Custeio;BCB/SICOR (MDCR)
2506103;1986673.74;76.87;2025;Investimento;BCB/SICOR (MDCR)
2506202;257150.0;1.17;2025;Custeio;BCB/SICOR (MDCR)
2506202;1310010.24;16.669999999999998;2025;Investimento;BCB/SICOR (MDCR)
2506251;1135320.69;167.26999999999998;2025;Custeio;BCB/SICOR (MDCR)
2506251;7898565.9;309.5;2025;Investimento;BCB/SICOR (MDCR)
2506301;34331571.589999996;55.82;2025;Custeio;BCB/SICOR (MDCR)
2506301;21245389.68;15.23;2025;Investimento;BCB/SICOR (MDCR)
2506400;6028716.62;405.5;2025;Custeio;BCB/SICOR (MDCR)
2506400;3122841.54;100.65;2025;Investimento;BCB/SICOR (MDCR)
2506509;762181.8300000001;637.8100000000001;2025;Custeio;BCB/SICOR (MDCR)
2506509;1186780.0;15.49;2025;Investimento;BCB/SICOR (MDCR)
2506608;1453693.9000000001;85.89;2025;Custeio;BCB/SICOR (MDCR)
2506608;5071144.3100000005;145.98;2025;Investimento;BCB/SICOR (MDCR)
2506707;5362398.16;268.01;2025;Custeio;BCB/SICOR (MDCR)
2506707;9934715.12;215.41;2025;Investimento;BCB/SICOR (MDCR)
2506806;8207192.44;682.63;2025;Custeio;BCB/SICOR (MDCR)
2506806;9598878.24;521.9;2025;Investimento;BCB/SICOR (MDCR)
2506905;3401014.87;566.36;2025;Custeio;BCB/SICOR (MDCR)
2506905;5087196.5;67.67;2025;Investimento;BCB/SICOR (MDCR)
2507002;2447919.76;457.9;2025;Custeio;BCB/SICOR (MDCR)
2507002;9542122.48;611.37;2025;Investimento;BCB/SICOR (MDCR)
2507101;3462205.86;278.65999999999997;2025;Custeio;BCB/SICOR (MDCR)
2507101;6549448.16;208.15;2025;Investimento;BCB/SICOR (MDCR)
2507200;10892135.33;600.45;2025;Custeio;BCB/SICOR (MDCR)
2507200;3410595.08;126.32000000000001;2025;Investimento;BCB/SICOR (MDCR)
2507309;2830865.51;146.54;2025;Custeio;BCB/SICOR (MDCR)
2507309;2875667.29;63.650000000000006;2025;Investimento;BCB/SICOR (MDCR)
2507408;744652.81;42.46;2025;Custeio;BCB/SICOR (MDCR)
2507408;2165327.51;34.87;2025;Investimento;BCB/SICOR (MDCR)
2507507;6891396.6;0.33;2025;Investimento;BCB/SICOR (MDCR)
2507606;1334183.2;104.33;2025;Custeio;BCB/SICOR (MDCR)
2507606;2869165.84;82.27;2025;Investimento;BCB/SICOR (MDCR)
2507705;242139.44;47.82;2025;Custeio;BCB/SICOR (MDCR)
2507705;4616519.2;69.41;2025;Investimento;BCB/SICOR (MDCR)
2507804;42000.0;0.01;2025;Custeio;BCB/SICOR (MDCR)
2507804;828507.36;6.08;2025;Investimento;BCB/SICOR (MDCR)
2507903;1500000.0;163.27;2025;Custeio;BCB/SICOR (MDCR)
2507903;4552611.21;217.13;2025;Investimento;BCB/SICOR (MDCR)
2508000;4898749.44;309.26;2025;Custeio;BCB/SICOR (MDCR)
2508000;8115076.61;105.75;2025;Investimento;BCB/SICOR (MDCR)
2508109;421672.44;14.68;2025;Custeio;BCB/SICOR (MDCR)
2508109;7382816.0;69.17;2025;Investimento;BCB/SICOR (MDCR)
2508208;2240103.5100000002;92.27;2025;Custeio;BCB/SICOR (MDCR)
2508208;6278777.09;46.01;2025;Investimento;BCB/SICOR (MDCR)
2508307;2571217.18;28.53;2025;Custeio;BCB/SICOR (MDCR)
2508307;9275542.99;8.07;2025;Investimento;BCB/SICOR (MDCR)
2508406;77200.0;0.01;2025;Custeio;BCB/SICOR (MDCR)
2508406;2721468.39;6.04;2025;Investimento;BCB/SICOR (MDCR)
2508505;1436380.15;17.55;2025;Custeio;BCB/SICOR (MDCR)
2508505;2503222.2;126.22;2025;Investimento;BCB/SICOR (MDCR)
2508554;1792831.5;206.59;2025;Custeio;BCB/SICOR (MDCR)
2508554;2305569.34;5.31;2025;Investimento;BCB/SICOR (MDCR)
2508604;2699803.77;572.02;2025;Custeio;BCB/SICOR (MDCR)
2508604;571769.08;11.67;2025;Investimento;BCB/SICOR (MDCR)
2508703;346780.68;8.06;2025;Custeio;BCB/SICOR (MDCR)
2508703;1664242.0;53.9;2025;Investimento;BCB/SICOR (MDCR)
2508802;333378.0;7.12;2025;Custeio;BCB/SICOR (MDCR)
2508802;689245.4;22.74;2025;Investimento;BCB/SICOR (MDCR)
2508901;24548733.709999997;442.67;2025;Custeio;BCB/SICOR (MDCR)
2508901;32984078.07;390.5;2025;Investimento;BCB/SICOR (MDCR)
2509008;843073.08;144.35;2025;Custeio;BCB/SICOR (MDCR)
2509008;7970351.31;11.65;2025;Investimento;BCB/SICOR (MDCR)
2509057;83185.8;2.0;2025;Custeio;BCB/SICOR (MDCR)
2509057;6007493.05;228.11;2025;Investimento;BCB/SICOR (MDCR)
2509107;5354842.64;140.13;2025;Custeio;BCB/SICOR (MDCR)
2509107;4407604.34;34.33;2025;Investimento;BCB/SICOR (MDCR)
2509156;311000.0;0.14;2025;Custeio;BCB/SICOR (MDCR)
2509156;902452.06;3.25;2025;Investimento;BCB/SICOR (MDCR)
2509206;626558.92;136.35999999999999;2025;Custeio;BCB/SICOR (MDCR)
2509206;4286429.89;14.66;2025;Investimento;BCB/SICOR (MDCR)
2509305;5406711.0;873.04;2025;Custeio;BCB/SICOR (MDCR)
2509305;3019306.55;63.74;2025;Investimento;BCB/SICOR (MDCR)
2509339;180350.0;5.78;2025;Custeio;BCB/SICOR (MDCR)
2509339;3833173.3;78.28;2025;Investimento;BCB/SICOR (MDCR)
2509370;1036000.0;0.0;2025;Custeio;BCB/SICOR (MDCR)
2509370;470651.77;1.09;2025;Investimento;BCB/SICOR (MDCR)
2509396;187193.0;0.5800000000000001;2025;Custeio;BCB/SICOR (MDCR)
2509396;1238231.0;13.29;2025;Investimento;BCB/SICOR (MDCR)
2509404;1747366.51;100.21000000000001;2025;Custeio;BCB/SICOR (MDCR)
2509404;15160835.65;79.17;2025;Investimento;BCB/SICOR (MDCR)
2509503;40000.0;0.09;2025;Custeio;BCB/SICOR (MDCR)
2509503;729618.1;6.9;2025;Investimento;BCB/SICOR (MDCR)
2509602;64106.0;0.09;2025;Custeio;BCB/SICOR (MDCR)
2509602;1188081.22;32.67;2025;Investimento;BCB/SICOR (MDCR)
2509701;6888002.57;626.27;2025;Custeio;BCB/SICOR (MDCR)
2509701;22460403.9;1338.9;2025;Investimento;BCB/SICOR (MDCR)
2509800;2862428.48;366.57;2025;Custeio;BCB/SICOR (MDCR)
2509800;5149535.89;27.45;2025;Investimento;BCB/SICOR (MDCR)
2509909;866410.0;16.91;2025;Custeio;BCB/SICOR (MDCR)
2509909;2346674.5;69.18;2025;Investimento;BCB/SICOR (MDCR)
2510006;1840146.0;13.290000000000001;2025;Custeio;BCB/SICOR (MDCR)
2510006;9159178.33;18.080000000000002;2025;Investimento;BCB/SICOR (MDCR)
2510105;159000.0;1.06;2025;Custeio;BCB/SICOR (MDCR)
2510105;2760988.0;46.41;2025;Investimento;BCB/SICOR (MDCR)
2510204;69000.0;0.67;2025;Custeio;BCB/SICOR (MDCR)
2510204;3454533.84;54.0;2025;Investimento;BCB/SICOR (MDCR)
2510303;197593.65;21.03;2025;Custeio;BCB/SICOR (MDCR)
2510303;1958908.25;20.41;2025;Investimento;BCB/SICOR (MDCR)
2510402;2298944.87;203.62;2025;Custeio;BCB/SICOR (MDCR)
2510402;4460287.31;127.46000000000001;2025;Investimento;BCB/SICOR (MDCR)
2510501;270949.2;6.4399999999999995;2025;Custeio;BCB/SICOR (MDCR)
2510501;2386210.16;76.21;2025;Investimento;BCB/SICOR (MDCR)
2510600;2452522.17;260.85;2025;Custeio;BCB/SICOR (MDCR)
2510600;3613428.72;276.2;2025;Investimento;BCB/SICOR (MDCR)
2510659;30000.0;0.1;2025;Custeio;BCB/SICOR (MDCR)
2510659;2196423.1;20.13;2025;Investimento;BCB/SICOR (MDCR)
2510709;170606.0;2.17;2025;Custeio;BCB/SICOR (MDCR)
2510709;1993608.04;27.22;2025;Investimento;BCB/SICOR (MDCR)
2510808;1245000.0;123.21000000000001;2025;Custeio;BCB/SICOR (MDCR)
2510808;11210622.15;18.72;2025;Investimento;BCB/SICOR (MDCR)
2510907;5839006.95;362.83;2025;Custeio;BCB/SICOR (MDCR)
2510907;10787263.75;147.17;2025;Investimento;BCB/SICOR (MDCR)
2511004;151983.8;32.68;2025;Custeio;BCB/SICOR (MDCR)
2511004;2978304.51;27.32;2025;Investimento;BCB/SICOR (MDCR)
2511103;227052.34;2.03;2025;Custeio;BCB/SICOR (MDCR)
2511103;3042568.5;15.709999999999999;2025;Investimento;BCB/SICOR (MDCR)
2511202;10627955.77;2061.34;2025;Custeio;BCB/SICOR (MDCR)
2511202;37709032.18;896.85;2025;Investimento;BCB/SICOR (MDCR)
2511301;1504292.64;157.64;2025;Custeio;BCB/SICOR (MDCR)
2511301;2740297.86;94.06;2025;Investimento;BCB/SICOR (MDCR)
2511400;951489.73;91.97999999999999;2025;Custeio;BCB/SICOR (MDCR)
2511400;11189915.91;264.29;2025;Investimento;BCB/SICOR (MDCR)
2511509;1320435.33;165.61;2025;Custeio;BCB/SICOR (MDCR)
2511509;1361963.54;24.59;2025;Investimento;BCB/SICOR (MDCR)
2511608;667668.3200000001;155.42000000000002;2025;Custeio;BCB/SICOR (MDCR)
2511608;1407320.8;21.29;2025;Investimento;BCB/SICOR (MDCR)
2511707;377801.0;8.79;2025;Custeio;BCB/SICOR (MDCR)
2511707;2409943.44;37.45;2025;Investimento;BCB/SICOR (MDCR)
2511806;1049121.06;9.92;2025;Custeio;BCB/SICOR (MDCR)
2511806;2728524.67;6.87;2025;Investimento;BCB/SICOR (MDCR)
2511905;5817951.12;757.8299999999999;2025;Custeio;BCB/SICOR (MDCR)
2511905;5473321.36;117.69;2025;Investimento;BCB/SICOR (MDCR)
2512002;1905082.12;110.32;2025;Custeio;BCB/SICOR (MDCR)
2512002;9534150.54;226.22;2025;Investimento;BCB/SICOR (MDCR)
2512036;236499.96;0.28;2025;Custeio;BCB/SICOR (MDCR)
2512036;3966797.0;16.1;2025;Investimento;BCB/SICOR (MDCR)
2512077;1858737.49;27.509999999999998;2025;Custeio;BCB/SICOR (MDCR)
2512077;5152824.84;49.54;2025;Investimento;BCB/SICOR (MDCR)
2512101;3022067.52;82.45;2025;Custeio;BCB/SICOR (MDCR)
2512101;11007266.82;268.69;2025;Investimento;BCB/SICOR (MDCR)
2512200;3516551.8;382.89;2025;Custeio;BCB/SICOR (MDCR)
2512200;5340294.69;801.26;2025;Investimento;BCB/SICOR (MDCR)
2512309;2096666.49;192.02;2025;Custeio;BCB/SICOR (MDCR)
2512309;12767389.85;154.14000000000001;2025;Investimento;BCB/SICOR (MDCR)
2512408;243000.0;0.02;2025;Custeio;BCB/SICOR (MDCR)
2512408;2589541.62;13.03;2025;Investimento;BCB/SICOR (MDCR)
2512507;4064679.42;218.32999999999998;2025;Custeio;BCB/SICOR (MDCR)
2512507;7517683.96;145.7;2025;Investimento;BCB/SICOR (MDCR)
2512606;115165.0;11.28;2025;Custeio;BCB/SICOR (MDCR)
2512606;450000.0;7.5;2025;Investimento;BCB/SICOR (MDCR)
2512705;1054149.23;81.64;2025;Custeio;BCB/SICOR (MDCR)
2512705;6105211.01;120.75;2025;Investimento;BCB/SICOR (MDCR)
2512721;898100.0;3.9099999999999997;2025;Custeio;BCB/SICOR (MDCR)
2512721;2429473.79;454.37;2025;Investimento;BCB/SICOR (MDCR)
2512747;225197.25;0.09;2025;Custeio;BCB/SICOR (MDCR)
2512747;1492367.49;4.140000000000001;2025;Investimento;BCB/SICOR (MDCR)
2512754;46000.0;0.07;2025;Custeio;BCB/SICOR (MDCR)
2512754;2122541.15;8.57;2025;Investimento;BCB/SICOR (MDCR)
2512762;1054552.34;8.42;2025;Custeio;BCB/SICOR (MDCR)
2512762;755311.35;3.86;2025;Investimento;BCB/SICOR (MDCR)
2512788;236352.16999999998;0.8400000000000001;2025;Custeio;BCB/SICOR (MDCR)
2512788;1864156.26;23.18;2025;Investimento;BCB/SICOR (MDCR)
2512804;4666940.45;117.94999999999999;2025;Custeio;BCB/SICOR (MDCR)
2512804;6021346.29;58.53;2025;Investimento;BCB/SICOR (MDCR)
2512903;10888708.43;1874.37;2025;Custeio;BCB/SICOR (MDCR)
2512903;4021397.23;231.46;2025;Investimento;BCB/SICOR (MDCR)
2513000;209500.0;4.12;2025;Custeio;BCB/SICOR (MDCR)
2513000;1614464.0;30.66;2025;Investimento;BCB/SICOR (MDCR)
2513109;2343569.0500000003;286.24;2025;Custeio;BCB/SICOR (MDCR)
2513109;5916959.83;123.18;2025;Investimento;BCB/SICOR (MDCR)
2513158;518000.0;1.72;2025;Custeio;BCB/SICOR (MDCR)
2513158;5751973.6;287.52;2025;Investimento;BCB/SICOR (MDCR)
2513208;1093975.1099999999;18.88;2025;Custeio;BCB/SICOR (MDCR)
2513208;4585122.95;13.26;2025;Investimento;BCB/SICOR (MDCR)
2513307;1336527.9;52.24;2025;Custeio;BCB/SICOR (MDCR)
2513307;3676353.37;64.46000000000001;2025;Investimento;BCB/SICOR (MDCR)
2513356;449147.74;38.69;2025;Custeio;BCB/SICOR (MDCR)
2513356;2786660.37;103.46;2025;Investimento;BCB/SICOR (MDCR)
2513406;506274.35;25.39;2025;Custeio;BCB/SICOR (MDCR)
2513406;1193407.15;17.96;2025;Investimento;BCB/SICOR (MDCR)
2513505;1770198.7;157.32;2025;Custeio;BCB/SICOR (MDCR)
2513505;6012007.54;114.31;2025;Investimento;BCB/SICOR (MDCR)
2513604;2956024.69;234.65;2025;Custeio;BCB/SICOR (MDCR)
2513604;8646734.08;320.01;2025;Investimento;BCB/SICOR (MDCR)
2513653;256126.44;2.7399999999999998;2025;Custeio;BCB/SICOR (MDCR)
2513653;3373396.82;32.08;2025;Investimento;BCB/SICOR (MDCR)
2513703;11924094.09;1938.34;2025;Custeio;BCB/SICOR (MDCR)
2513703;1205793.2;7.97;2025;Investimento;BCB/SICOR (MDCR)
2513802;556805.4;91.56;2025;Custeio;BCB/SICOR (MDCR)
2513802;1904756.52;32.73;2025;Investimento;BCB/SICOR (MDCR)
2513851;322970.49;0.56;2025;Custeio;BCB/SICOR (MDCR)
2513851;2481290.61;69.78;2025;Investimento;BCB/SICOR (MDCR)
2513901;9315382.25;101.41;2025;Custeio;BCB/SICOR (MDCR)
2513901;756507.54;5.390000000000001;2025;Investimento;BCB/SICOR (MDCR)
2513927;708326.0;29.83;2025;Custeio;BCB/SICOR (MDCR)
2513927;2307775.85;27.099999999999998;2025;Investimento;BCB/SICOR (MDCR)
2513943;112733.83;0.8400000000000001;2025;Custeio;BCB/SICOR (MDCR)
2513943;1397300.25;10.84;2025;Investimento;BCB/SICOR (MDCR)
2513968;3052402.0;90.82;2025;Custeio;BCB/SICOR (MDCR)
2513968;967543.1;0.22;2025;Investimento;BCB/SICOR (MDCR)
2513984;752807.6;3.12;2025;Custeio;BCB/SICOR (MDCR)
2513984;2828850.95;2.13;2025;Investimento;BCB/SICOR (MDCR)
2514008;541539.84;88.72;2025;Custeio;BCB/SICOR (MDCR)
2514008;1956940.74;27.14;2025;Investimento;BCB/SICOR (MDCR)
2514107;432936.64;83.44;2025;Custeio;BCB/SICOR (MDCR)
2514107;2978545.93;56.06;2025;Investimento;BCB/SICOR (MDCR)
2514206;3070293.87;214.04;2025;Custeio;BCB/SICOR (MDCR)
2514206;7105847.59;30.04;2025;Investimento;BCB/SICOR (MDCR)
2514305;601814.37;43.75;2025;Custeio;BCB/SICOR (MDCR)
2514305;3444883.66;288.73;2025;Investimento;BCB/SICOR (MDCR)
2514404;119499.28;3.84;2025;Custeio;BCB/SICOR (MDCR)
2514404;1603251.0;103.41;2025;Investimento;BCB/SICOR (MDCR)
2514453;777386.28;158.94;2025;Custeio;BCB/SICOR (MDCR)
2514453;4484396.05;77.85000000000001;2025;Investimento;BCB/SICOR (MDCR)
2514503;2174000.89;119.21000000000001;2025;Custeio;BCB/SICOR (MDCR)
2514503;10294612.58;579.16;2025;Investimento;BCB/SICOR (MDCR)
2514552;1033436.69;84.15;2025;Custeio;BCB/SICOR (MDCR)
2514552;2925587.46;63.879999999999995;2025;Investimento;BCB/SICOR (MDCR)
2514602;613600.0;187.67;2025;Custeio;BCB/SICOR (MDCR)
2514602;764228.01;76.97999999999999;2025;Investimento;BCB/SICOR (MDCR)
2514651;117694.4;2.0;2025;Custeio;BCB/SICOR (MDCR)
2514651;1289356.0;17.490000000000002;2025;Investimento;BCB/SICOR (MDCR)
2514701;1408963.9;51.06;2025;Custeio;BCB/SICOR (MDCR)
2514701;1925681.83;29.16;2025;Investimento;BCB/SICOR (MDCR)
2514800;1103811.49;20.75;2025;Custeio;BCB/SICOR (MDCR)
2514800;1491542.67;33.58;2025;Investimento;BCB/SICOR (MDCR)
2514909;575480.0;54.76;2025;Custeio;BCB/SICOR (MDCR)
2514909;1844518.7;9.77;2025;Investimento;BCB/SICOR (MDCR)
2515005;243272.3;12.99;2025;Custeio;BCB/SICOR (MDCR)
2515005;1400381.69;4.15;2025;Investimento;BCB/SICOR (MDCR)
2515104;719612.0700000001;9.299999999999999;2025;Custeio;BCB/SICOR (MDCR)
2515104;3006762.35;10.3;2025;Investimento;BCB/SICOR (MDCR)
2515203;1461563.6099999999;275.1;2025;Custeio;BCB/SICOR (MDCR)
2515203;3565489.58;157.21;2025;Investimento;BCB/SICOR (MDCR)
2515302;8294393.91;1144.1;2025;Custeio;BCB/SICOR (MDCR)
2515302;5589714.32;74.05;2025;Investimento;BCB/SICOR (MDCR)
2515401;201147.36;1.04;2025;Custeio;BCB/SICOR (MDCR)
2515401;2625718.75;60.0;2025;Investimento;BCB/SICOR (MDCR)
2515500;1047701.46;11.23;2025;Custeio;BCB/SICOR (MDCR)
2515500;6427895.84;228.41;2025;Investimento;BCB/SICOR (MDCR)
2515609;880194.0;5.4799999999999995;2025;Investimento;BCB/SICOR (MDCR)
2515708;102000.0;0.0;2025;Custeio;BCB/SICOR (MDCR)
2515708;2855009.23;126.21;2025;Investimento;BCB/SICOR (MDCR)
2515807;178408.0;0.08;2025;Custeio;BCB/SICOR (MDCR)
2515807;9053793.4;14.21;2025;Investimento;BCB/SICOR (MDCR)
2515906;543938.27;69.85;2025;Custeio;BCB/SICOR (MDCR)
2515906;843913.6;2.12;2025;Investimento;BCB/SICOR (MDCR)
2515930;4469911.01;23.740000000000002;2025;Custeio;BCB/SICOR (MDCR)
2515930;2529435.35;14.19;2025;Investimento;BCB/SICOR (MDCR)
2515971;1313750.07;22.29;2025;Custeio;BCB/SICOR (MDCR)
2515971;1683513.17;4.88;2025;Investimento;BCB/SICOR (MDCR)
2516003;1953296.05;48.26;2025;Custeio;BCB/SICOR (MDCR)
2516003;8881854.13;103.17;2025;Investimento;BCB/SICOR (MDCR)
2516102;2393817.67;73.47;2025;Custeio;BCB/SICOR (MDCR)
2516102;6187764.29;303.40999999999997;2025;Investimento;BCB/SICOR (MDCR)
2516151;127973.88;3.96;2025;Custeio;BCB/SICOR (MDCR)
2516151;4732926.97;33.98;2025;Investimento;BCB/SICOR (MDCR)
2516201;5405142.58;90.93;2025;Custeio;BCB/SICOR (MDCR)
2516201;17614258.11;79.67;2025;Investimento;BCB/SICOR (MDCR)
2516300;1689117.15;230.35;2025;Custeio;BCB/SICOR (MDCR)
2516300;6201497.12;225.66;2025;Investimento;BCB/SICOR (MDCR)
2516409;688979.06;122.92999999999998;2025;Custeio;BCB/SICOR (MDCR)
2516409;5764874.7;558.09;2025;Investimento;BCB/SICOR (MDCR)
2516508;1307386.1;49.72;2025;Custeio;BCB/SICOR (MDCR)
2516508;4304101.63;139.64;2025;Investimento;BCB/SICOR (MDCR)
2516607;846603.94;37.78000000000001;2025;Custeio;BCB/SICOR (MDCR)
2516607;5327715.11;15.9;2025;Investimento;BCB/SICOR (MDCR)
2516706;1153697.47;18.21;2025;Custeio;BCB/SICOR (MDCR)
2516706;5598344.7;40.800000000000004;2025;Investimento;BCB/SICOR (MDCR)
2516755;1508000.0;32.019999999999996;2025;Custeio;BCB/SICOR (MDCR)
2516755;921500.0;13.25;2025;Investimento;BCB/SICOR (MDCR)
2516805;1806606.7;55.4;2025;Custeio;BCB/SICOR (MDCR)
2516805;3600756.27;65.77;2025;Investimento;BCB/SICOR (MDCR)
2516904;1464027.41;41.35;2025;Custeio;BCB/SICOR (MDCR)
2516904;8917610.73;203.19;2025;Investimento;BCB/SICOR (MDCR)
2517001;696172.88;17.02;2025;Custeio;BCB/SICOR (MDCR)
2517001;4201511.06;110.64999999999999;2025;Investimento;BCB/SICOR (MDCR)
2517100;128000.0;0.06;2025;Custeio;BCB/SICOR (MDCR)
2517100;702089.92;6.3;2025;Investimento;BCB/SICOR (MDCR)
2517209;446705.24;3.93;2025;Custeio;BCB/SICOR (MDCR)
2517209;5226006.39;1.01;2025;Investimento;BCB/SICOR (MDCR)
2517407;51314.25;2.17;2025;Custeio;BCB/SICOR (MDCR)
2517407;1553418.53;48.98;2025;Investimento;BCB/SICOR (MDCR)
2600054;30600.0;0.0;2025;Custeio;BCB/SICOR (MDCR)
2600054;821176.34;19.1;2025;Investimento;BCB/SICOR (MDCR)
2600104;3456521.63;105.81;2025;Custeio;BCB/SICOR (MDCR)
2600104;8458733.98;126.81;2025;Investimento;BCB/SICOR (MDCR)
2600203;38071422.18;2395.5;2025;Custeio;BCB/SICOR (MDCR)
2600203;34569646.0;2364.1;2025;Investimento;BCB/SICOR (MDCR)
2600302;6531955.46;233.1;2025;Custeio;BCB/SICOR (MDCR)
2600302;2138324.94;39.89;2025;Investimento;BCB/SICOR (MDCR)
2600401;7252433.44;1008.54;2025;Custeio;BCB/SICOR (MDCR)
2600401;3652703.22;375.84000000000003;2025;Investimento;BCB/SICOR (MDCR)
2600500;18799617.8;3259.04;2025;Custeio;BCB/SICOR (MDCR)
2600500;28902716.14;1748.29;2025;Investimento;BCB/SICOR (MDCR)
2600609;5101713.31;254.32;2025;Custeio;BCB/SICOR (MDCR)
2600609;6656757.93;85.82;2025;Investimento;BCB/SICOR (MDCR)
2600708;7269334.9399999995;1382.65;2025;Custeio;BCB/SICOR (MDCR)
2600708;11052357.46;565.26;2025;Investimento;BCB/SICOR (MDCR)
2600807;2974986.94;135.41;2025;Custeio;BCB/SICOR (MDCR)
2600807;9712491.79;87.13;2025;Investimento;BCB/SICOR (MDCR)
2600906;5127461.859999999;944.23;2025;Custeio;BCB/SICOR (MDCR)
2600906;6394037.4799999995;471.02000000000004;2025;Investimento;BCB/SICOR (MDCR)
2601003;2276975.46;233.4;2025;Custeio;BCB/SICOR (MDCR)
2601003;1216010.0;94.85999999999999;2025;Investimento;BCB/SICOR (MDCR)
2601052;146421.59;17.56;2025;Custeio;BCB/SICOR (MDCR)
2601052;488386.9;20.14;2025;Investimento;BCB/SICOR (MDCR)
2601102;3467381.58;451.21999999999997;2025;Custeio;BCB/SICOR (MDCR)
2601102;34442995.3;569.83;2025;Investimento;BCB/SICOR (MDCR)
2601201;4599505.16;227.3;2025;Custeio;BCB/SICOR (MDCR)
2601201;3903217.8;48.92;2025;Investimento;BCB/SICOR (MDCR)
2601300;9944602.67;378.66;2025;Custeio;BCB/SICOR (MDCR)
2601300;9249174.01;99.84;2025;Investimento;BCB/SICOR (MDCR)
2601409;110690.96;18.44;2025;Custeio;BCB/SICOR (MDCR)
2601409;2577824.35;219.22;2025;Investimento;BCB/SICOR (MDCR)
2601508;386384.89;33.11;2025;Custeio;BCB/SICOR (MDCR)
2601508;5002758.22;196.03;2025;Investimento;BCB/SICOR (MDCR)
2601607;4042004.4;334.77;2025;Custeio;BCB/SICOR (MDCR)
2601607;8569142.82;180.79;2025;Investimento;BCB/SICOR (MDCR)
2601706;5658699.67;286.27;2025;Custeio;BCB/SICOR (MDCR)
2601706;14685840.17;167.15;2025;Investimento;BCB/SICOR (MDCR)
2601805;1235993.1;71.84;2025;Custeio;BCB/SICOR (MDCR)
2601805;10798975.4;860.61;2025;Investimento;BCB/SICOR (MDCR)
2601904;8309402.45;470.29999999999995;2025;Custeio;BCB/SICOR (MDCR)
2601904;14962829.55;252.09;2025;Investimento;BCB/SICOR (MDCR)
2602001;15368877.49;1933.79;2025;Custeio;BCB/SICOR (MDCR)
2602001;20036287.93;777.19;2025;Investimento;BCB/SICOR (MDCR)
2602100;19488350.87;2523.87;2025;Custeio;BCB/SICOR (MDCR)
2602100;32698167.9;1114.98;2025;Investimento;BCB/SICOR (MDCR)
2602209;6070212.68;336.16;2025;Custeio;BCB/SICOR (MDCR)
2602209;6647723.73;267.45;2025;Investimento;BCB/SICOR (MDCR)
2602308;12344898.6;1041.4;2025;Custeio;BCB/SICOR (MDCR)
2602308;12628024.86;214.79;2025;Investimento;BCB/SICOR (MDCR)
2602407;3536334.1;807.76;2025;Custeio;BCB/SICOR (MDCR)
2602407;3008061.09;192.77;2025;Investimento;BCB/SICOR (MDCR)
2602506;679362.8;1.26;2025;Custeio;BCB/SICOR (MDCR)
2602506;2175511.0;10.01;2025;Investimento;BCB/SICOR (MDCR)
2602605;4557865.71;91.86;2025;Custeio;BCB/SICOR (MDCR)
2602605;10966364.87;166.56;2025;Investimento;BCB/SICOR (MDCR)
2602704;1743120.42;57.059999999999995;2025;Custeio;BCB/SICOR (MDCR)
2602704;3277086.4699999997;133.32;2025;Investimento;BCB/SICOR (MDCR)
2602803;20350674.84;835.0;2025;Custeio;BCB/SICOR (MDCR)
2602803;41858956.77;1377.16;2025;Investimento;BCB/SICOR (MDCR)
2602902;751799.63;138.53;2025;Custeio;BCB/SICOR (MDCR)
2602902;7918427.82;101.14999999999999;2025;Investimento;BCB/SICOR (MDCR)
2603009;8129825.85;1984.3899999999999;2025;Custeio;BCB/SICOR (MDCR)
2603009;22739421.71;652.25;2025;Investimento;BCB/SICOR (MDCR)
2603108;3260025.86;326.57;2025;Custeio;BCB/SICOR (MDCR)
2603108;6125340.44;70.42999999999999;2025;Investimento;BCB/SICOR (MDCR)
2603207;8802651.56;936.84;2025;Custeio;BCB/SICOR (MDCR)
2603207;15742372.4;145.03;2025;Investimento;BCB/SICOR (MDCR)
2603306;3957902.41;206.20000000000002;2025;Custeio;BCB/SICOR (MDCR)
2603306;6995694.93;16.23;2025;Investimento;BCB/SICOR (MDCR)
2603405;572252.45;46.17;2025;Custeio;BCB/SICOR (MDCR)
2603405;1971327.46;22.58;2025;Investimento;BCB/SICOR (MDCR)
2603454;224921.89;2.66;2025;Custeio;BCB/SICOR (MDCR)
2603454;948982.0;0.5;2025;Investimento;BCB/SICOR (MDCR)
2603504;5834858.33;281.02000000000004;2025;Custeio;BCB/SICOR (MDCR)
2603504;6260386.6;145.56;2025;Investimento;BCB/SICOR (MDCR)
2603603;596275.77;34.379999999999995;2025;Custeio;BCB/SICOR (MDCR)
2603603;4246021.17;54.08;2025;Investimento;BCB/SICOR (MDCR)
2603702;7695080.850000001;821.52;2025;Custeio;BCB/SICOR (MDCR)
2603702;9115653.53;345.51;2025;Investimento;BCB/SICOR (MDCR)
2603801;5571977.91;1345.11;2025;Custeio;BCB/SICOR (MDCR)
2603801;10277254.71;220.58;2025;Investimento;BCB/SICOR (MDCR)
2603900;4491120.28;150.68;2025;Custeio;BCB/SICOR (MDCR)
2603900;8285559.88;48.51;2025;Investimento;BCB/SICOR (MDCR)
2603926;172176.8;1.55;2025;Custeio;BCB/SICOR (MDCR)
2603926;7609872.96;150.26;2025;Investimento;BCB/SICOR (MDCR)
2604007;6296553.63;822.61;2025;Custeio;BCB/SICOR (MDCR)
2604007;14902646.2;13.09;2025;Investimento;BCB/SICOR (MDCR)
2604106;13570217.129999999;183.22000000000003;2025;Custeio;BCB/SICOR (MDCR)
2604106;15476179.44;68.53;2025;Investimento;BCB/SICOR (MDCR)
2604155;1638822.33;275.57;2025;Custeio;BCB/SICOR (MDCR)
2604155;4260956.29;155.68;2025;Investimento;BCB/SICOR (MDCR)
2604205;733766.32;117.99;2025;Custeio;BCB/SICOR (MDCR)
2604205;3366753.34;267.57;2025;Investimento;BCB/SICOR (MDCR)
2604304;1344817.76;329.09;2025;Custeio;BCB/SICOR (MDCR)
2604304;6665147.55;104.42999999999999;2025;Investimento;BCB/SICOR (MDCR)
2604403;8056027.74;491.46999999999997;2025;Custeio;BCB/SICOR (MDCR)
2604403;388272.84;6.72;2025;Investimento;BCB/SICOR (MDCR)
2604502;668720.03;11.370000000000001;2025;Custeio;BCB/SICOR (MDCR)
2604502;4533667.18;103.72;2025;Investimento;BCB/SICOR (MDCR)
2604601;2496316.72;415.5;2025;Custeio;BCB/SICOR (MDCR)
2604601;5260628.35;271.91;2025;Investimento;BCB/SICOR (MDCR)
2604700;12116009.0;2632.31;2025;Custeio;BCB/SICOR (MDCR)
2604700;11614882.8;957.3;2025;Investimento;BCB/SICOR (MDCR)
2604809;1681069.0999999999;91.61;2025;Custeio;BCB/SICOR (MDCR)
2604809;11630511.79;46.97;2025;Investimento;BCB/SICOR (MDCR)
2604908;2258018.5;61.65;2025;Custeio;BCB/SICOR (MDCR)
2604908;4041277.28;482.98;2025;Investimento;BCB/SICOR (MDCR)
2605004;2252860.28;118.72;2025;Custeio;BCB/SICOR (MDCR)
2605004;901535.7;7.8;2025;Investimento;BCB/SICOR (MDCR)
2605103;7949320.18;1215.33;2025;Custeio;BCB/SICOR (MDCR)
2605103;16479995.290000001;636.57;2025;Investimento;BCB/SICOR (MDCR)
2605152;62754333.35;2461.32;2025;Custeio;BCB/SICOR (MDCR)
2605152;49408066.34;1094.8700000000001;2025;Investimento;BCB/SICOR (MDCR)
2605202;28796573.32;4542.78;2025;Custeio;BCB/SICOR (MDCR)
2605202;15791308.91;678.93;2025;Investimento;BCB/SICOR (MDCR)
2605301;23939212.51;5727.07;2025;Custeio;BCB/SICOR (MDCR)
2605301;28665264.02;1072.97;2025;Investimento;BCB/SICOR (MDCR)
2605400;2629279.88;392.72;2025;Custeio;BCB/SICOR (MDCR)
2605400;1577535.1400000001;39.39;2025;Investimento;BCB/SICOR (MDCR)
2605509;1744249.5899999999;188.76000000000002;2025;Custeio;BCB/SICOR (MDCR)
2605509;7973815.119999999;421.36;2025;Investimento;BCB/SICOR (MDCR)
2605608;2174980.53;278.11;2025;Custeio;BCB/SICOR (MDCR)
2605608;10735536.84;384.43;2025;Investimento;BCB/SICOR (MDCR)
2605707;830652.77;13.34;2025;Custeio;BCB/SICOR (MDCR)
2605707;13259363.83;92.09;2025;Investimento;BCB/SICOR (MDCR)
2605806;2323951.81;273.44;2025;Custeio;BCB/SICOR (MDCR)
2605806;1330232.25;140.05;2025;Investimento;BCB/SICOR (MDCR)
2605905;663662.76;117.81;2025;Custeio;BCB/SICOR (MDCR)
2605905;2012821.8;136.93;2025;Investimento;BCB/SICOR (MDCR)
2606002;12276827.39;1515.2;2025;Custeio;BCB/SICOR (MDCR)
2606002;37083452.85;213.29000000000002;2025;Investimento;BCB/SICOR (MDCR)
2606101;9407038.65;723.66;2025;Custeio;BCB/SICOR (MDCR)
2606101;3319286.19;92.26;2025;Investimento;BCB/SICOR (MDCR)
2606200;2580013.98;368.58;2025;Custeio;BCB/SICOR (MDCR)
2606200;6854661.08;56.25;2025;Investimento;BCB/SICOR (MDCR)
2606309;6353181.0;1261.8;2025;Custeio;BCB/SICOR (MDCR)
2606309;11552541.12;788.13;2025;Investimento;BCB/SICOR (MDCR)
2606408;8296086.99;378.17;2025;Custeio;BCB/SICOR (MDCR)
2606408;14431314.65;156.12;2025;Investimento;BCB/SICOR (MDCR)
2606507;11036464.5;1405.66;2025;Custeio;BCB/SICOR (MDCR)
2606507;19046813.47;1073.3700000000001;2025;Investimento;BCB/SICOR (MDCR)
2606606;21926154.580000002;1790.85;2025;Custeio;BCB/SICOR (MDCR)
2606606;15047454.78;467.38;2025;Investimento;BCB/SICOR (MDCR)
2606705;3385915.61;155.77;2025;Custeio;BCB/SICOR (MDCR)
2606705;5521063.97;61.75;2025;Investimento;BCB/SICOR (MDCR)
2606804;409259.94999999995;11.7;2025;Custeio;BCB/SICOR (MDCR)
2606804;3139412.25;67.8;2025;Investimento;BCB/SICOR (MDCR)
2606903;3643074.51;176.17000000000002;2025;Custeio;BCB/SICOR (MDCR)
2606903;7649431.32;322.29;2025;Investimento;BCB/SICOR (MDCR)
2607000;3173280.44;200.15;2025;Custeio;BCB/SICOR (MDCR)
2607000;5538132.2;163.66;2025;Investimento;BCB/SICOR (MDCR)
2607109;2066912.8;528.62;2025;Custeio;BCB/SICOR (MDCR)
2607109;6028665.7700000005;825.99;2025;Investimento;BCB/SICOR (MDCR)
2607208;997629.08;177.39;2025;Custeio;BCB/SICOR (MDCR)
2607208;4595589.17;205.13;2025;Investimento;BCB/SICOR (MDCR)
2607307;753684.03;65.19;2025;Custeio;BCB/SICOR (MDCR)
2607307;17739010.31;48.21;2025;Investimento;BCB/SICOR (MDCR)
2607406;2031859.1;54.14;2025;Custeio;BCB/SICOR (MDCR)
2607406;4753540.6899999995;44.43;2025;Investimento;BCB/SICOR (MDCR)
2607505;27152902.64;3647.0;2025;Custeio;BCB/SICOR (MDCR)
2607505;45061254.59;1380.18;2025;Investimento;BCB/SICOR (MDCR)
2607604;757220.0;0.0;2025;Investimento;BCB/SICOR (MDCR)
2607653;5295064.720000001;864.52;2025;Custeio;BCB/SICOR (MDCR)
2607653;25573315.82;1242.88;2025;Investimento;BCB/SICOR (MDCR)
2607703;6178625.36;726.57;2025;Custeio;BCB/SICOR (MDCR)
2607703;7984298.3;326.66;2025;Investimento;BCB/SICOR (MDCR)
2607752;135000.0;4.0;2025;Investimento;BCB/SICOR (MDCR)
2607802;166703.63;20.82;2025;Custeio;BCB/SICOR (MDCR)
2607802;7875788.0;297.85;2025;Investimento;BCB/SICOR (MDCR)
2607901;2816380.04;497.6;2025;Custeio;BCB/SICOR (MDCR)
2607901;578000.0;8.629999999999999;2025;Investimento;BCB/SICOR (MDCR)
2607950;36000.0;0.0;2025;Custeio;BCB/SICOR (MDCR)
2607950;1287990.0;101.92999999999999;2025;Investimento;BCB/SICOR (MDCR)
2608008;636024.98;164.91;2025;Custeio;BCB/SICOR (MDCR)
2608008;6039119.6;172.12;2025;Investimento;BCB/SICOR (MDCR)
2608057;533297.95;6.36;2025;Custeio;BCB/SICOR (MDCR)
2608057;747149.6;8.6;2025;Investimento;BCB/SICOR (MDCR)
2608107;5321975.06;109.3;2025;Custeio;BCB/SICOR (MDCR)
2608107;1712319.89;33.33;2025;Investimento;BCB/SICOR (MDCR)
2608206;995363.1900000001;300.09;2025;Custeio;BCB/SICOR (MDCR)
2608206;1713381.44;117.84;2025;Investimento;BCB/SICOR (MDCR)
2608255;2656487.55;135.42;2025;Custeio;BCB/SICOR (MDCR)
2608255;2288325.65;25.840000000000003;2025;Investimento;BCB/SICOR (MDCR)
2608305;4427409.17;115.2;2025;Custeio;BCB/SICOR (MDCR)
2608305;11922769.040000001;31.89;2025;Investimento;BCB/SICOR (MDCR)
2608404;4006522.0;823.03;2025;Custeio;BCB/SICOR (MDCR)
2608404;13832085.85;296.38;2025;Investimento;BCB/SICOR (MDCR)
2608453;322174.9;1.18;2025;Custeio;BCB/SICOR (MDCR)
2608453;616486.77;1.7200000000000002;2025;Investimento;BCB/SICOR (MDCR)
2608503;4752242.64;227.33;2025;Custeio;BCB/SICOR (MDCR)
2608503;1112785.7;20.55;2025;Investimento;BCB/SICOR (MDCR)
2608602;14910801.63;2132.3;2025;Custeio;BCB/SICOR (MDCR)
2608602;13971235.1;583.0;2025;Investimento;BCB/SICOR (MDCR)
2608701;3130168.33;551.59;2025;Custeio;BCB/SICOR (MDCR)
2608701;11857831.76;870.5500000000001;2025;Investimento;BCB/SICOR (MDCR)
2608750;37796390.69;548.84;2025;Custeio;BCB/SICOR (MDCR)
2608750;22051244.96;336.16;2025;Investimento;BCB/SICOR (MDCR)
2608800;5123179.19;429.56;2025;Custeio;BCB/SICOR (MDCR)
2608800;6545799.21;61.04;2025;Investimento;BCB/SICOR (MDCR)
2608909;15544419.99;1712.5300000000002;2025;Custeio;BCB/SICOR (MDCR)
2608909;7637769.42;920.11;2025;Investimento;BCB/SICOR (MDCR)
2609006;2924011.51;168.96;2025;Custeio;BCB/SICOR (MDCR)
2609006;4118100.28;173.63;2025;Investimento;BCB/SICOR (MDCR)
2609105;1625455.37;101.57;2025;Custeio;BCB/SICOR (MDCR)
2609105;6538828.609999999;321.13;2025;Investimento;BCB/SICOR (MDCR)
2609154;2137325.98;63.29;2025;Custeio;BCB/SICOR (MDCR)
2609154;7802914.52;78.36;2025;Investimento;BCB/SICOR (MDCR)
2609204;1191669.8900000001;148.44;2025;Custeio;BCB/SICOR (MDCR)
2609204;1541386.51;118.57000000000001;2025;Investimento;BCB/SICOR (MDCR)
2609303;3228576.42;625.62;2025;Custeio;BCB/SICOR (MDCR)
2609303;3463538.93;320.40999999999997;2025;Investimento;BCB/SICOR (MDCR)
2609402;1075342.74;182.64000000000001;2025;Custeio;BCB/SICOR (MDCR)
2609402;1251710.6;88.56;2025;Investimento;BCB/SICOR (MDCR)
2609501;5353425.33;784.7600000000001;2025;Custeio;BCB/SICOR (MDCR)
2609501;1362751.6300000001;42.480000000000004;2025;Investimento;BCB/SICOR (MDCR)
2609600;68000.0;0.0;2025;Investimento;BCB/SICOR (MDCR)
2609709;35945883.07;63.72;2025;Custeio;BCB/SICOR (MDCR)
2609709;20213095.45;143.63;2025;Investimento;BCB/SICOR (MDCR)
2609808;1682525.3699999999;107.17;2025;Custeio;BCB/SICOR (MDCR)
2609808;8690068.13;512.35;2025;Investimento;BCB/SICOR (MDCR)
2609907;9999298.58;552.71;2025;Custeio;BCB/SICOR (MDCR)
2609907;34322516.74;1196.79;2025;Investimento;BCB/SICOR (MDCR)
2610004;3965081.2800000003;601.5500000000001;2025;Custeio;BCB/SICOR (MDCR)
2610004;11802766.64;404.05;2025;Investimento;BCB/SICOR (MDCR)
2610103;3875266.96;608.28;2025;Custeio;BCB/SICOR (MDCR)
2610103;6438604.4;365.18;2025;Investimento;BCB/SICOR (MDCR)
2610202;5356094.77;750.1800000000001;2025;Custeio;BCB/SICOR (MDCR)
2610202;9795065.61;367.4;2025;Investimento;BCB/SICOR (MDCR)
2610301;5782429.34;214.09;2025;Custeio;BCB/SICOR (MDCR)
2610301;10226443.78;100.03;2025;Investimento;BCB/SICOR (MDCR)
2610400;3408087.31;1218.97;2025;Custeio;BCB/SICOR (MDCR)
2610400;21479350.52;1135.38;2025;Investimento;BCB/SICOR (MDCR)
2610509;11192929.73;1021.6899999999999;2025;Custeio;BCB/SICOR (MDCR)
2610509;10204320.31;1102.7;2025;Investimento;BCB/SICOR (MDCR)
2610608;41442311.19;1565.6999999999998;2025;Custeio;BCB/SICOR (MDCR)
2610608;8960411.38;65.32000000000001;2025;Investimento;BCB/SICOR (MDCR)
2610707;12000.0;0.0;2025;Custeio;BCB/SICOR (MDCR)
2610707;4765318.9;0.02;2025;Investimento;BCB/SICOR (MDCR)
2610806;16417265.62;1212.27;2025;Custeio;BCB/SICOR (MDCR)
2610806;10709222.39;423.43;2025;Investimento;BCB/SICOR (MDCR)
2610905;7270477.9;617.82;2025;Custeio;BCB/SICOR (MDCR)
2610905;32392703.669999998;1248.63;2025;Investimento;BCB/SICOR (MDCR)
2611002;6604496.08;322.51;2025;Custeio;BCB/SICOR (MDCR)
2611002;8513529.84;157.48;2025;Investimento;BCB/SICOR (MDCR)
2611101;273802322.77;2706.2;2025;Custeio;BCB/SICOR (MDCR)
2611101;94609199.01;972.35;2025;Investimento;BCB/SICOR (MDCR)
2611200;3008157.6;159.89;2025;Custeio;BCB/SICOR (MDCR)
2611200;6815287.73;91.39;2025;Investimento;BCB/SICOR (MDCR)
2611309;1784288.91;139.15;2025;Custeio;BCB/SICOR (MDCR)
2611309;2669755.95;22.88;2025;Investimento;BCB/SICOR (MDCR)
2611408;4795089.100000001;815.55;2025;Custeio;BCB/SICOR (MDCR)
2611408;2526229.14;144.01;2025;Investimento;BCB/SICOR (MDCR)
2611507;1005225.42;67.21000000000001;2025;Custeio;BCB/SICOR (MDCR)
2611507;5449400.25;815.0899999999999;2025;Investimento;BCB/SICOR (MDCR)
2611533;1422323.21;56.03;2025;Custeio;BCB/SICOR (MDCR)
2611533;8202291.11;13.22;2025;Investimento;BCB/SICOR (MDCR)
2611606;20120388.6;0.0;2025;Investimento;BCB/SICOR (MDCR)
2611705;11108010.34;277.75;2025;Custeio;BCB/SICOR (MDCR)
2611705;4620017.0;55.08;2025;Investimento;BCB/SICOR (MDCR)
2611804;3788694.63;832.99;2025;Custeio;BCB/SICOR (MDCR)
2611804;4753068.74;287.7;2025;Investimento;BCB/SICOR (MDCR)
2611903;833363.63;175.46;2025;Custeio;BCB/SICOR (MDCR)
2611903;1287353.6199999999;81.31;2025;Investimento;BCB/SICOR (MDCR)
2612000;3630916.23;486.86;2025;Custeio;BCB/SICOR (MDCR)
2612000;3617955.54;84.69;2025;Investimento;BCB/SICOR (MDCR)
2612109;1221315.6600000001;180.2;2025;Custeio;BCB/SICOR (MDCR)
2612109;791690.09;129.57999999999998;2025;Investimento;BCB/SICOR (MDCR)
2612208;9814802.53;1622.26;2025;Custeio;BCB/SICOR (MDCR)
2612208;14130556.12;1050.8899999999999;2025;Investimento;BCB/SICOR (MDCR)
2612307;1847212.53;172.0;2025;Custeio;BCB/SICOR (MDCR)
2612307;3732252.1;26.2;2025;Investimento;BCB/SICOR (MDCR)
2612406;2194817.8;337.58;2025;Custeio;BCB/SICOR (MDCR)
2612406;2912877.35;64.18;2025;Investimento;BCB/SICOR (MDCR)
2612455;4444969.51;354.07;2025;Custeio;BCB/SICOR (MDCR)
2612455;14778160.06;410.28;2025;Investimento;BCB/SICOR (MDCR)
2612471;960168.42;61.61;2025;Custeio;BCB/SICOR (MDCR)
2612471;4251027.59;111.63;2025;Investimento;BCB/SICOR (MDCR)
2612505;196898.99;0.5;2025;Custeio;BCB/SICOR (MDCR)
2612505;3983650.46;47.96;2025;Investimento;BCB/SICOR (MDCR)
2612554;5018870.3;230.76;2025;Custeio;BCB/SICOR (MDCR)
2612554;11486794.89;262.32;2025;Investimento;BCB/SICOR (MDCR)
2612604;8945661.06;240.81;2025;Custeio;BCB/SICOR (MDCR)
2612604;10436460.7;563.72;2025;Investimento;BCB/SICOR (MDCR)
2612703;1177848.96;139.51999999999998;2025;Custeio;BCB/SICOR (MDCR)
2612703;3237600.71;8.92;2025;Investimento;BCB/SICOR (MDCR)
2612802;17062815.92;120.15;2025;Custeio;BCB/SICOR (MDCR)
2612802;17069839.73;219.07;2025;Investimento;BCB/SICOR (MDCR)
2612901;1098234.28;88.78;2025;Custeio;BCB/SICOR (MDCR)
2612901;27861049.389999997;306.65000000000003;2025;Investimento;BCB/SICOR (MDCR)
2613008;115752694.37;718.61;2025;Custeio;BCB/SICOR (MDCR)
2613008;53192895.68;293.47;2025;Investimento;BCB/SICOR (MDCR)
2613107;2956820.85;80.09;2025;Custeio;BCB/SICOR (MDCR)
2613107;4279087.4;30.36;2025;Investimento;BCB/SICOR (MDCR)
2613206;9312995.93;523.99;2025;Custeio;BCB/SICOR (MDCR)
2613206;5652607.03;203.64000000000001;2025;Investimento;BCB/SICOR (MDCR)
2613305;7895610.16;970.65;2025;Custeio;BCB/SICOR (MDCR)
2613305;8996656.82;135.77;2025;Investimento;BCB/SICOR (MDCR)
2613404;3355433.9;162.66;2025;Investimento;BCB/SICOR (MDCR)
2613503;2574195.24;354.55;2025;Custeio;BCB/SICOR (MDCR)
2613503;15628110.61;933.5;2025;Investimento;BCB/SICOR (MDCR)
2613602;5972662.33;407.34000000000003;2025;Custeio;BCB/SICOR (MDCR)
2613602;9100336.94;397.9;2025;Investimento;BCB/SICOR (MDCR)
2613701;1988413.1199999999;205.30999999999997;2025;Custeio;BCB/SICOR (MDCR)
2613701;1716335.57;65.35;2025;Investimento;BCB/SICOR (MDCR)
2613800;1264189.91;172.0;2025;Custeio;BCB/SICOR (MDCR)
2613800;8409287.7;395.15;2025;Investimento;BCB/SICOR (MDCR)
2613909;5012541.54;752.26;2025;Custeio;BCB/SICOR (MDCR)
2613909;18080367.14;2428.34;2025;Investimento;BCB/SICOR (MDCR)
2614006;5661426.7;1136.81;2025;Custeio;BCB/SICOR (MDCR)
2614006;19846571.32;628.17;2025;Investimento;BCB/SICOR (MDCR)
2614105;20341804.6;2875.46;2025;Custeio;BCB/SICOR (MDCR)
2614105;18213143.31;1692.07;2025;Investimento;BCB/SICOR (MDCR)
2614204;883115.59;166.86;2025;Custeio;BCB/SICOR (MDCR)
2614204;2450355.66;113.4;2025;Investimento;BCB/SICOR (MDCR)
2614303;3803481.91;804.04;2025;Custeio;BCB/SICOR (MDCR)
2614303;8019245.13;282.92;2025;Investimento;BCB/SICOR (MDCR)
2614402;1740561.3900000001;32.83;2025;Custeio;BCB/SICOR (MDCR)
2614402;4003690.86;37.769999999999996;2025;Investimento;BCB/SICOR (MDCR)
2614501;4711172.36;324.58;2025;Custeio;BCB/SICOR (MDCR)
2614501;13945346.23;148.37;2025;Investimento;BCB/SICOR (MDCR)
2614600;7601768.03;128.85;2025;Custeio;BCB/SICOR (MDCR)
2614600;9608399.5;35.61;2025;Investimento;BCB/SICOR (MDCR)
2614709;5491353.3;464.11;2025;Custeio;BCB/SICOR (MDCR)
2614709;3556110.4;37.379999999999995;2025;Investimento;BCB/SICOR (MDCR)
2614808;5885237.25;184.89;2025;Custeio;BCB/SICOR (MDCR)
2614808;5861242.71;127.81;2025;Investimento;BCB/SICOR (MDCR)
2614857;1500000.0;179.3;2025;Custeio;BCB/SICOR (MDCR)
2614857;741856.8;48.239999999999995;2025;Investimento;BCB/SICOR (MDCR)
2615003;3459129.67;560.42;2025;Custeio;BCB/SICOR (MDCR)
2615003;3845241.44;83.62;2025;Investimento;BCB/SICOR (MDCR)
2615102;3078856.99;582.04;2025;Custeio;BCB/SICOR (MDCR)
2615102;7142112.88;88.32;2025;Investimento;BCB/SICOR (MDCR)
2615201;1377232.07;463.78000000000003;2025;Custeio;BCB/SICOR (MDCR)
2615201;3808425.31;78.06;2025;Investimento;BCB/SICOR (MDCR)
2615300;11565324.71;904.78;2025;Custeio;BCB/SICOR (MDCR)
2615300;12434640.77;83.9;2025;Investimento;BCB/SICOR (MDCR)
2615409;123100.0;0.0;2025;Investimento;BCB/SICOR (MDCR)
2615508;8563043.37;613.5;2025;Custeio;BCB/SICOR (MDCR)
2615508;10929203.74;600.46;2025;Investimento;BCB/SICOR (MDCR)
2615607;36500.0;0.0;2025;Custeio;BCB/SICOR (MDCR)
2615607;10564221.11;6.8;2025;Investimento;BCB/SICOR (MDCR)
2615706;1271909.22;202.42000000000002;2025;Custeio;BCB/SICOR (MDCR)
2615706;2818352.34;33.48;2025;Investimento;BCB/SICOR (MDCR)
2615805;3779899.75;203.9;2025;Custeio;BCB/SICOR (MDCR)
2615805;26992555.5;2528.64;2025;Investimento;BCB/SICOR (MDCR)
2615904;3200814.06;281.46999999999997;2025;Custeio;BCB/SICOR (MDCR)
2615904;2369958.23;89.63;2025;Investimento;BCB/SICOR (MDCR)
2616001;8285089.4;301.71999999999997;2025;Custeio;BCB/SICOR (MDCR)
2616001;10657905.0;271.49;2025;Investimento;BCB/SICOR (MDCR)
2616100;151107.16999999998;14.03;2025;Custeio;BCB/SICOR (MDCR)
2616100;3010718.93;75.0;2025;Investimento;BCB/SICOR (MDCR)
2616183;1227609.22;109.2;2025;Custeio;BCB/SICOR (MDCR)
2616183;1360824.85;42.559999999999995;2025;Investimento;BCB/SICOR (MDCR)
2616209;2566388.69;402.37;2025;Custeio;BCB/SICOR (MDCR)
2616209;3146996.25;34.07;2025;Investimento;BCB/SICOR (MDCR)
2616308;6316710.32;843.72;2025;Custeio;BCB/SICOR (MDCR)
2616308;6081340.18;297.48;2025;Investimento;BCB/SICOR (MDCR)
2616407;3414279.06;276.77;2025;Custeio;BCB/SICOR (MDCR)
2616407;4946335.91;195.06;2025;Investimento;BCB/SICOR (MDCR)
2616506;1838923.6099999999;330.35;2025;Custeio;BCB/SICOR (MDCR)
2616506;2676370.0;274.78999999999996;2025;Investimento;BCB/SICOR (MDCR)
2700102;2300293.5300000003;197.62;2025;Custeio;BCB/SICOR (MDCR)
2700102;5168706.38;17.04;2025;Investimento;BCB/SICOR (MDCR)
2700201;6335410.3100000005;1218.49;2025;Custeio;BCB/SICOR (MDCR)
2700201;2348668.2199999997;148.01;2025;Investimento;BCB/SICOR (MDCR)
2700300;14612741.34;343.99;2025;Custeio;BCB/SICOR (MDCR)
2700300;14776726.27;144.49;2025;Investimento;BCB/SICOR (MDCR)
2700409;11174743.28;1988.62;2025;Custeio;BCB/SICOR (MDCR)
2700409;9920550.85;928.97;2025;Investimento;BCB/SICOR (MDCR)
2700508;114000.0;0.0;2025;Investimento;BCB/SICOR (MDCR)
2700706;13502336.530000001;1949.24;2025;Custeio;BCB/SICOR (MDCR)
2700706;9101364.83;503.75;2025;Investimento;BCB/SICOR (MDCR)
2700805;1959005.51;364.53999999999996;2025;Custeio;BCB/SICOR (MDCR)
2700805;790820.0;45.03;2025;Investimento;BCB/SICOR (MDCR)
2700904;3569607.06;528.72;2025;Custeio;BCB/SICOR (MDCR)
2700904;7485773.18;111.39999999999999;2025;Investimento;BCB/SICOR (MDCR)
2701001;2198582.04;360.58;2025;Custeio;BCB/SICOR (MDCR)
2701001;2676039.77;367.2;2025;Investimento;BCB/SICOR (MDCR)
2701100;936926.82;186.6;2025;Custeio;BCB/SICOR (MDCR)
2701100;3813855.91;301.72;2025;Investimento;BCB/SICOR (MDCR)
2701209;9785125.02;1944.02;2025;Custeio;BCB/SICOR (MDCR)
2701209;3566916.72;179.93;2025;Investimento;BCB/SICOR (MDCR)
2701308;239301.85;51.28;2025;Custeio;BCB/SICOR (MDCR)
2701308;96405.5;1.2;2025;Investimento;BCB/SICOR (MDCR)
2701357;324429.4;99.39;2025;Custeio;BCB/SICOR (MDCR)
2701357;1307610.0;63.23;2025;Investimento;BCB/SICOR (MDCR)
2701407;7480725.5;1135.04;2025;Custeio;BCB/SICOR (MDCR)
2701407;545782.9;21.39;2025;Investimento;BCB/SICOR (MDCR)
2701506;10534935.3;2431.2200000000003;2025;Custeio;BCB/SICOR (MDCR)
2701506;12537652.25;2511.29;2025;Investimento;BCB/SICOR (MDCR)
2701605;7285568.57;1681.87;2025;Custeio;BCB/SICOR (MDCR)
2701605;13468741.9;647.24;2025;Investimento;BCB/SICOR (MDCR)
2701704;4248852.5;1102.78;2025;Custeio;BCB/SICOR (MDCR)
2701704;1352091.2;178.25;2025;Investimento;BCB/SICOR (MDCR)
2701803;1491249.47;203.45;2025;Custeio;BCB/SICOR (MDCR)
2701803;1615780.0;15.1;2025;Investimento;BCB/SICOR (MDCR)
2701902;2441072.1;959.13;2025;Custeio;BCB/SICOR (MDCR)
2701902;1860732.56;191.24;2025;Investimento;BCB/SICOR (MDCR)
2702009;2194267.59;252.37;2025;Custeio;BCB/SICOR (MDCR)
2702009;4477094.8;107.4;2025;Investimento;BCB/SICOR (MDCR)
2702108;5446854.85;906.03;2025;Custeio;BCB/SICOR (MDCR)
2702108;3305253.36;228.45;2025;Investimento;BCB/SICOR (MDCR)
2702207;108000.0;0.0;2025;Custeio;BCB/SICOR (MDCR)
2702207;1309000.0;43.15;2025;Investimento;BCB/SICOR (MDCR)
2702306;96236463.65;15378.47;2025;Custeio;BCB/SICOR (MDCR)
2702306;12777300.58;381.3;2025;Investimento;BCB/SICOR (MDCR)
2702355;14046818.57;2240.5299999999997;2025;Custeio;BCB/SICOR (MDCR)
2702355;21588685.0;344.08;2025;Investimento;BCB/SICOR (MDCR)
2702405;6462313.35;330.26;2025;Custeio;BCB/SICOR (MDCR)
2702405;13064188.020000001;270.34999999999997;2025;Investimento;BCB/SICOR (MDCR)
2702504;2854995.0;497.75;2025;Custeio;BCB/SICOR (MDCR)
2702504;3151015.75;135.13;2025;Investimento;BCB/SICOR (MDCR)
2702553;12979444.26;1650.71;2025;Custeio;BCB/SICOR (MDCR)
2702553;12122255.8;173.98;2025;Investimento;BCB/SICOR (MDCR)
2702603;5562923.59;431.34;2025;Custeio;BCB/SICOR (MDCR)
2702603;9502561.26;253.13;2025;Investimento;BCB/SICOR (MDCR)
2702702;2814321.66;393.25;2025;Custeio;BCB/SICOR (MDCR)
2702702;440890.0;7.33;2025;Investimento;BCB/SICOR (MDCR)
2702801;2162844.87;304.67;2025;Custeio;BCB/SICOR (MDCR)
2702801;1979689.61;124.22999999999999;2025;Investimento;BCB/SICOR (MDCR)
2702900;23384776.75;3660.84;2025;Custeio;BCB/SICOR (MDCR)
2702900;32854535.79;691.69;2025;Investimento;BCB/SICOR (MDCR)
2703007;337086.37;135.07;2025;Custeio;BCB/SICOR (MDCR)
2703007;1683854.95;57.81;2025;Investimento;BCB/SICOR (MDCR)
2703106;9068588.13;1180.39;2025;Custeio;BCB/SICOR (MDCR)
2703106;13477309.18;78.27;2025;Investimento;BCB/SICOR (MDCR)
2703205;22602939.52;3258.37;2025;Custeio;BCB/SICOR (MDCR)
2703205;30075141.41;1975.65;2025;Investimento;BCB/SICOR (MDCR)
2703304;3579732.2199999997;666.84;2025;Custeio;BCB/SICOR (MDCR)
2703304;6549128.75;289.74;2025;Investimento;BCB/SICOR (MDCR)
2703403;1535052.57;448.92;2025;Custeio;BCB/SICOR (MDCR)
2703403;2957618.7;0.73;2025;Investimento;BCB/SICOR (MDCR)
2703502;4013114.13;963.95;2025;Custeio;BCB/SICOR (MDCR)
2703502;422000.0;18.61;2025;Investimento;BCB/SICOR (MDCR)
2703601;894396.29;37.8;2025;Investimento;BCB/SICOR (MDCR)
2703700;4014508.37;796.2;2025;Custeio;BCB/SICOR (MDCR)
2703700;3372349.0;16.38;2025;Investimento;BCB/SICOR (MDCR)
2703759;11405050.18;2055.55;2025;Custeio;BCB/SICOR (MDCR)
2703759;1543385.6;15.91;2025;Investimento;BCB/SICOR (MDCR)
2703809;1463106.28;670.21;2025;Custeio;BCB/SICOR (MDCR)
2703809;4756893.0;656.94;2025;Investimento;BCB/SICOR (MDCR)
2703908;935486.0;198.78;2025;Custeio;BCB/SICOR (MDCR)
2703908;1409052.0999999999;93.9;2025;Investimento;BCB/SICOR (MDCR)
2704005;11245127.05;1026.47;2025;Custeio;BCB/SICOR (MDCR)
2704005;8143782.1;545.45;2025;Investimento;BCB/SICOR (MDCR)
2704104;1659812.55;144.99;2025;Custeio;BCB/SICOR (MDCR)
2704104;7997988.72;100.72;2025;Investimento;BCB/SICOR (MDCR)
2704203;12338177.21;1880.22;2025;Custeio;BCB/SICOR (MDCR)
2704203;3585902.4699999997;24.81;2025;Investimento;BCB/SICOR (MDCR)
2704302;3632000.0;468.84;2025;Custeio;BCB/SICOR (MDCR)
2704302;12427859.2;2.16;2025;Investimento;BCB/SICOR (MDCR)
2704401;18201048.38;4433.5;2025;Custeio;BCB/SICOR (MDCR)
2704401;17165388.45;1125.46;2025;Investimento;BCB/SICOR (MDCR)
2704500;502600.9;23.52;2025;Custeio;BCB/SICOR (MDCR)
2704500;4257605.19;149.11;2025;Investimento;BCB/SICOR (MDCR)
2704609;3188180.2800000003;817.59;2025;Custeio;BCB/SICOR (MDCR)
2704609;4599894.52;121.15;2025;Investimento;BCB/SICOR (MDCR)
2704708;593263.3300000001;182.81;2025;Custeio;BCB/SICOR (MDCR)
2704708;1434000.0;1.08;2025;Investimento;BCB/SICOR (MDCR)
2704807;3084835.84;904.13;2025;Custeio;BCB/SICOR (MDCR)
2704807;2248268.68;268.8;2025;Investimento;BCB/SICOR (MDCR)
2704906;1509275.91;247.28;2025;Custeio;BCB/SICOR (MDCR)
2704906;2281735.68;147.24;2025;Investimento;BCB/SICOR (MDCR)
2705002;10397652.76;1571.85;2025;Custeio;BCB/SICOR (MDCR)
2705002;11655962.89;515.08;2025;Investimento;BCB/SICOR (MDCR)
2705101;463260.93;145.1;2025;Custeio;BCB/SICOR (MDCR)
2705101;6204430.0;110.94;2025;Investimento;BCB/SICOR (MDCR)
2705200;86400.0;27.03;2025;Custeio;BCB/SICOR (MDCR)
2705200;104846.7;6.37;2025;Investimento;BCB/SICOR (MDCR)
2705309;10671347.52;1237.3;2025;Custeio;BCB/SICOR (MDCR)
2705309;7962651.75;331.56;2025;Investimento;BCB/SICOR (MDCR)
2705408;279891.19;120.75;2025;Custeio;BCB/SICOR (MDCR)
2705408;4115980.0;27.1;2025;Investimento;BCB/SICOR (MDCR)
2705507;5928432.4;964.67;2025;Custeio;BCB/SICOR (MDCR)
2705507;2907220.08;223.99;2025;Investimento;BCB/SICOR (MDCR)
2705606;1470065.65;367.67;2025;Custeio;BCB/SICOR (MDCR)
2705606;3391461.67;336.81;2025;Investimento;BCB/SICOR (MDCR)
2705705;1291133.31;247.62;2025;Custeio;BCB/SICOR (MDCR)
2705705;3662322.21;11.98;2025;Investimento;BCB/SICOR (MDCR)
2705804;1606077.5;98.71;2025;Custeio;BCB/SICOR (MDCR)
2705804;7300956.68;86.5;2025;Investimento;BCB/SICOR (MDCR)
2705903;8684288.34;1513.69;2025;Custeio;BCB/SICOR (MDCR)
2705903;13468620.07;940.2;2025;Investimento;BCB/SICOR (MDCR)
2706000;2373753.15;311.29;2025;Custeio;BCB/SICOR (MDCR)
2706000;6361400.0;44.15;2025;Investimento;BCB/SICOR (MDCR)
2706109;1363020.5;209.4;2025;Custeio;BCB/SICOR (MDCR)
2706109;7086829.95;1.9100000000000001;2025;Investimento;BCB/SICOR (MDCR)
2706208;419481.98;61.75;2025;Custeio;BCB/SICOR (MDCR)
2706208;908500.0;0.0;2025;Investimento;BCB/SICOR (MDCR)
2706307;9554013.54;1298.93;2025;Custeio;BCB/SICOR (MDCR)
2706307;18399756.44;449.63;2025;Investimento;BCB/SICOR (MDCR)
2706406;7178098.23;1328.29;2025;Custeio;BCB/SICOR (MDCR)
2706406;6130192.38;94.9;2025;Investimento;BCB/SICOR (MDCR)
2706422;1981239.17;126.17999999999999;2025;Custeio;BCB/SICOR (MDCR)
2706422;3296780.0;53.45;2025;Investimento;BCB/SICOR (MDCR)
2706448;1866595.5;283.96000000000004;2025;Custeio;BCB/SICOR (MDCR)
2706448;388644.46;11.129999999999999;2025;Investimento;BCB/SICOR (MDCR)
2706505;1253788.0;344.39;2025;Custeio;BCB/SICOR (MDCR)
2706505;1590188.27;56.56999999999999;2025;Investimento;BCB/SICOR (MDCR)
2706604;4279915.17;1017.38;2025;Custeio;BCB/SICOR (MDCR)
2706604;1669554.22;96.31;2025;Investimento;BCB/SICOR (MDCR)
2706703;9991303.23;1613.92;2025;Custeio;BCB/SICOR (MDCR)
2706703;14936823.11;926.92;2025;Investimento;BCB/SICOR (MDCR)
2706802;950003.79;61.7;2025;Custeio;BCB/SICOR (MDCR)
2706802;2448286.34;13.82;2025;Investimento;BCB/SICOR (MDCR)
2706901;1489418.42;373.28;2025;Custeio;BCB/SICOR (MDCR)
2706901;474000.0;32.09;2025;Investimento;BCB/SICOR (MDCR)
2707008;716034.55;177.26;2025;Custeio;BCB/SICOR (MDCR)
2707008;480460.29000000004;27.080000000000002;2025;Investimento;BCB/SICOR (MDCR)
2707107;4789765.55;908.0;2025;Custeio;BCB/SICOR (MDCR)
2707107;8430831.78;360.53000000000003;2025;Investimento;BCB/SICOR (MDCR)
2707206;3147675.11;625.2;2025;Custeio;BCB/SICOR (MDCR)
2707206;5285459.0;80.41;2025;Investimento;BCB/SICOR (MDCR)
2707305;2399401.88;592.15;2025;Custeio;BCB/SICOR (MDCR)
2707305;2834188.2;153.37;2025;Investimento;BCB/SICOR (MDCR)
2707404;523950.0;105.97;2025;Investimento;BCB/SICOR (MDCR)
2707503;15739156.53;2247.08;2025;Custeio;BCB/SICOR (MDCR)
2707503;18690627.86;1422.03;2025;Investimento;BCB/SICOR (MDCR)
2707602;7381296.41;1247.6;2025;Custeio;BCB/SICOR (MDCR)
2707602;3404000.0;88.99;2025;Investimento;BCB/SICOR (MDCR)
2707701;3592121.62;456.78;2025;Custeio;BCB/SICOR (MDCR)
2707701;596160.0;0.01;2025;Investimento;BCB/SICOR (MDCR)
2707800;3496160.0;423.54;2025;Custeio;BCB/SICOR (MDCR)
2707800;7220000.0;0.0;2025;Investimento;BCB/SICOR (MDCR)
2708006;2790637.44;414.74;2025;Custeio;BCB/SICOR (MDCR)
2708006;10297296.38;133.0;2025;Investimento;BCB/SICOR (MDCR)
2708105;2414490.6599999997;564.6400000000001;2025;Custeio;BCB/SICOR (MDCR)
2708105;11059880.3;700.16;2025;Investimento;BCB/SICOR (MDCR)
2708204;471699.55;53.19;2025;Custeio;BCB/SICOR (MDCR)
2708204;1133103.78;108.31;2025;Investimento;BCB/SICOR (MDCR)
2708303;2987199.5;838.1999999999999;2025;Custeio;BCB/SICOR (MDCR)
2708303;3949955.17;370.78;2025;Investimento;BCB/SICOR (MDCR)
2708402;3222917.18;226.1;2025;Custeio;BCB/SICOR (MDCR)
2708402;13822592.92;101.29;2025;Investimento;BCB/SICOR (MDCR)
2708501;2208058.33;331.12;2025;Custeio;BCB/SICOR (MDCR)
2708501;4571056.84;186.53;2025;Investimento;BCB/SICOR (MDCR)
2708600;6258984.11;1707.22;2025;Custeio;BCB/SICOR (MDCR)
2708600;3475550.0;82.58;2025;Investimento;BCB/SICOR (MDCR)
2708709;354000.0;19.09;2025;Custeio;BCB/SICOR (MDCR)
2708709;910888.76;19.77;2025;Investimento;BCB/SICOR (MDCR)
2708808;12814438.02;1084.02;2025;Custeio;BCB/SICOR (MDCR)
2708808;23989203.07;1090.77;2025;Investimento;BCB/SICOR (MDCR)
2708956;1203912.22;102.74;2025;Custeio;BCB/SICOR (MDCR)
2708956;6896608.56;51.69;2025;Investimento;BCB/SICOR (MDCR)
2709004;7507961.96;869.4100000000001;2025;Custeio;BCB/SICOR (MDCR)
2709004;1940952.73;108.54;2025;Investimento;BCB/SICOR (MDCR)
2709103;10915541.73;280.23;2025;Custeio;BCB/SICOR (MDCR)
2709103;10503836.5;105.48;2025;Investimento;BCB/SICOR (MDCR)
2709152;9387137.97;1735.77;2025;Custeio;BCB/SICOR (MDCR)
2709152;3366326.23;174.38;2025;Investimento;BCB/SICOR (MDCR)
2709202;12271800.65;2298.4;2025;Custeio;BCB/SICOR (MDCR)
2709202;18883448.82;907.75;2025;Investimento;BCB/SICOR (MDCR)
2709301;7687024.36;3686.87;2025;Custeio;BCB/SICOR (MDCR)
2709301;17574516.1;618.1899999999999;2025;Investimento;BCB/SICOR (MDCR)
2709400;22732097.72;4042.53;2025;Custeio;BCB/SICOR (MDCR)
2709400;5953691.03;76.01;2025;Investimento;BCB/SICOR (MDCR)
2800100;813289.51;96.2;2025;Custeio;BCB/SICOR (MDCR)
2800100;251570.0;62.78;2025;Investimento;BCB/SICOR (MDCR)
2800209;15113908.93;2466.92;2025;Custeio;BCB/SICOR (MDCR)
2800209;8565846.74;478.17;2025;Investimento;BCB/SICOR (MDCR)
2800308;18744440.92;0.8;2025;Investimento;BCB/SICOR (MDCR)
2800407;3706791.0700000003;243.82999999999998;2025;Custeio;BCB/SICOR (MDCR)
2800407;4326277.7299999995;321.49;2025;Investimento;BCB/SICOR (MDCR)
2800506;79000.0;0.0;2025;Custeio;BCB/SICOR (MDCR)
2800506;1185288.27;1.26;2025;Investimento;BCB/SICOR (MDCR)
2800605;147000.0;0.0;2025;Investimento;BCB/SICOR (MDCR)
2800670;6592053.18;514.8199999999999;2025;Custeio;BCB/SICOR (MDCR)
2800670;7790000.14;35.4;2025;Investimento;BCB/SICOR (MDCR)
2800704;697315.51;96.21;2025;Custeio;BCB/SICOR (MDCR)
2800704;1328902.6;19.16;2025;Investimento;BCB/SICOR (MDCR)
2801009;5738501.38;579.36;2025;Custeio;BCB/SICOR (MDCR)
2801009;4025504.67;112.37;2025;Investimento;BCB/SICOR (MDCR)
2801108;4683103.84;776.4399999999999;2025;Custeio;BCB/SICOR (MDCR)
2801108;4269801.0600000005;49.38;2025;Investimento;BCB/SICOR (MDCR)
2801207;11058466.59;1988.98;2025;Custeio;BCB/SICOR (MDCR)
2801207;14010900.459999999;938.4399999999999;2025;Investimento;BCB/SICOR (MDCR)
2801306;3081384.19;399.6;2025;Custeio;BCB/SICOR (MDCR)
2801306;13855715.8;192.4;2025;Investimento;BCB/SICOR (MDCR)
2801405;98826793.29;20078.16;2025;Custeio;BCB/SICOR (MDCR)
2801405;20134521.84;381.71999999999997;2025;Investimento;BCB/SICOR (MDCR)
2801504;393981.0;84.74;2025;Custeio;BCB/SICOR (MDCR)
2801504;159000.0;0.0;2025;Investimento;BCB/SICOR (MDCR)
2801603;1238424.91;234.5;2025;Custeio;BCB/SICOR (MDCR)
2801603;967408.23;91.89;2025;Investimento;BCB/SICOR (MDCR)
2801702;9327740.97;943.59;2025;Custeio;BCB/SICOR (MDCR)
2801702;4554717.72;65.99;2025;Investimento;BCB/SICOR (MDCR)
2801900;9495820.3;1775.15;2025;Custeio;BCB/SICOR (MDCR)
2801900;961963.7;52.0;2025;Investimento;BCB/SICOR (MDCR)
2802007;554200.0;108.7;2025;Custeio;BCB/SICOR (MDCR)
2802007;81000.0;0.47;2025;Investimento;BCB/SICOR (MDCR)
2802106;4552397.89;499.40999999999997;2025;Custeio;BCB/SICOR (MDCR)
2802106;14033229.4;419.06;2025;Investimento;BCB/SICOR (MDCR)
2802205;32344759.62;6117.9400000000005;2025;Custeio;BCB/SICOR (MDCR)
2802205;5513450.62;41.1;2025;Investimento;BCB/SICOR (MDCR)
2802304;85453562.24;11833.06;2025;Custeio;BCB/SICOR (MDCR)
2802304;18649100.94;242.91;2025;Investimento;BCB/SICOR (MDCR)
2802403;32091082.16;5537.3;2025;Custeio;BCB/SICOR (MDCR)
2802403;13810000.59;70.27;2025;Investimento;BCB/SICOR (MDCR)
2802502;266922.8;31.43;2025;Custeio;BCB/SICOR (MDCR)
2802502;12000.0;0.0;2025;Investimento;BCB/SICOR (MDCR)
2802601;28160759.41;5094.73;2025;Custeio;BCB/SICOR (MDCR)
2802601;5750512.63;133.25;2025;Investimento;BCB/SICOR (MDCR)
2802700;967183.1799999999;165.09;2025;Custeio;BCB/SICOR (MDCR)
2802700;2298978.78;39.44;2025;Investimento;BCB/SICOR (MDCR)
2802809;5746747.3100000005;254.7;2025;Custeio;BCB/SICOR (MDCR)
2802809;12652183.799999999;321.59;2025;Investimento;BCB/SICOR (MDCR)
2802908;22334688.09;647.02;2025;Custeio;BCB/SICOR (MDCR)
2802908;26765803.009999998;52.61;2025;Investimento;BCB/SICOR (MDCR)
2803005;35442190.15;2433.27;2025;Custeio;BCB/SICOR (MDCR)
2803005;21272740.79;666.8100000000001;2025;Investimento;BCB/SICOR (MDCR)
2803104;11125601.8;2026.98;2025;Custeio;BCB/SICOR (MDCR)
2803104;6299450.98;51.12;2025;Investimento;BCB/SICOR (MDCR)
2803203;3815364.22;436.96000000000004;2025;Custeio;BCB/SICOR (MDCR)
2803203;7044280.23;159.13;2025;Investimento;BCB/SICOR (MDCR)
2803302;4893033.05;541.8199999999999;2025;Custeio;BCB/SICOR (MDCR)
2803302;5725454.109999999;124.59;2025;Investimento;BCB/SICOR (MDCR)
2803401;19065926.45;2588.2999999999997;2025;Custeio;BCB/SICOR (MDCR)
2803401;8983482.66;1237.3799999999999;2025;Investimento;BCB/SICOR (MDCR)
2803500;39514702.68;3502.14;2025;Custeio;BCB/SICOR (MDCR)
2803500;27542306.76;840.57;2025;Investimento;BCB/SICOR (MDCR)
2803609;2805459.08;436.49;2025;Custeio;BCB/SICOR (MDCR)
2803609;3917216.0;39.36;2025;Investimento;BCB/SICOR (MDCR)
2803708;17834565.52;2016.1599999999999;2025;Custeio;BCB/SICOR (MDCR)
2803708;6932993.78;158.29999999999998;2025;Investimento;BCB/SICOR (MDCR)
2803807;1776825.1800000002;306.65;2025;Custeio;BCB/SICOR (MDCR)
2803807;1429962.47;22.12;2025;Investimento;BCB/SICOR (MDCR)
2803906;682217.27;18.8;2025;Custeio;BCB/SICOR (MDCR)
2803906;3208481.41;237.37;2025;Investimento;BCB/SICOR (MDCR)
2804003;4186237.64;158.62;2025;Custeio;BCB/SICOR (MDCR)
2804003;177000.0;1.17;2025;Investimento;BCB/SICOR (MDCR)
2804102;2305148.58;52.57;2025;Custeio;BCB/SICOR (MDCR)
2804102;3502484.74;31.88;2025;Investimento;BCB/SICOR (MDCR)
2804201;39558929.4;6920.8;2025;Custeio;BCB/SICOR (MDCR)
2804201;20399870.33;220.48999999999998;2025;Investimento;BCB/SICOR (MDCR)
2804300;2225612.34;346.68;2025;Custeio;BCB/SICOR (MDCR)
2804300;573000.0;92.81;2025;Investimento;BCB/SICOR (MDCR)
2804409;9976018.68;943.8;2025;Custeio;BCB/SICOR (MDCR)
2804409;15647856.219999999;397.7;2025;Investimento;BCB/SICOR (MDCR)
2804458;50341521.13;9194.59;2025;Custeio;BCB/SICOR (MDCR)
2804458;13742183.87;149.95;2025;Investimento;BCB/SICOR (MDCR)
2804508;66796876.38;12056.5;2025;Custeio;BCB/SICOR (MDCR)
2804508;52987195.97;309.39;2025;Investimento;BCB/SICOR (MDCR)
2804607;35983276.230000004;5154.16;2025;Custeio;BCB/SICOR (MDCR)
2804607;5970654.07;259.42;2025;Investimento;BCB/SICOR (MDCR)
2804706;4909720.45;752.17;2025;Custeio;BCB/SICOR (MDCR)
2804706;5578193.23;41.9;2025;Investimento;BCB/SICOR (MDCR)
2804805;61404.0;0.39;2025;Custeio;BCB/SICOR (MDCR)
2804805;1775008.0;20.35;2025;Investimento;BCB/SICOR (MDCR)
2804904;1994277.98;340.34;2025;Custeio;BCB/SICOR (MDCR)
2804904;5699327.33;306.09000000000003;2025;Investimento;BCB/SICOR (MDCR)
2805000;9558539.54;1815.03;2025;Custeio;BCB/SICOR (MDCR)
2805000;1801509.0;16.46;2025;Investimento;BCB/SICOR (MDCR)
2805109;892265.61;268.83000000000004;2025;Custeio;BCB/SICOR (MDCR)
2805109;1217886.07;20.88;2025;Investimento;BCB/SICOR (MDCR)
2805208;14052403.59;2329.92;2025;Custeio;BCB/SICOR (MDCR)
2805208;3221113.5;36.59;2025;Investimento;BCB/SICOR (MDCR)
2805307;583227.98;71.16;2025;Custeio;BCB/SICOR (MDCR)
2805307;1043769.88;91.68;2025;Investimento;BCB/SICOR (MDCR)
2805406;35381300.88;6489.55;2025;Custeio;BCB/SICOR (MDCR)
2805406;39568805.58;858.99;2025;Investimento;BCB/SICOR (MDCR)
2805505;53744279.44;11526.47;2025;Custeio;BCB/SICOR (MDCR)
2805505;21433189.21;558.87;2025;Investimento;BCB/SICOR (MDCR)
2805604;41889591.75;6433.21;2025;Custeio;BCB/SICOR (MDCR)
2805604;22141867.66;322.92;2025;Investimento;BCB/SICOR (MDCR)
2805703;4268284.89;300.81;2025;Custeio;BCB/SICOR (MDCR)
2805703;7630756.97;186.76;2025;Investimento;BCB/SICOR (MDCR)
2805802;22591871.509999998;1782.0;2025;Custeio;BCB/SICOR (MDCR)
2805802;10205554.21;740.3100000000001;2025;Investimento;BCB/SICOR (MDCR)
2805901;1826604.5699999998;295.56;2025;Custeio;BCB/SICOR (MDCR)
2805901;661219.5;193.9;2025;Investimento;BCB/SICOR (MDCR)
2806008;14311784.51;2191.02;2025;Custeio;BCB/SICOR (MDCR)
2806008;5106825.32;95.95;2025;Investimento;BCB/SICOR (MDCR)
2806107;613064.4;228.5;2025;Custeio;BCB/SICOR (MDCR)
2806107;243000.0;1.28;2025;Investimento;BCB/SICOR (MDCR)
2806206;3492444.68;283.04;2025;Custeio;BCB/SICOR (MDCR)
2806206;10707687.24;203.18;2025;Investimento;BCB/SICOR (MDCR)
2806305;5393669.64;322.68;2025;Custeio;BCB/SICOR (MDCR)
2806305;7176469.79;230.02;2025;Investimento;BCB/SICOR (MDCR)
2806404;507317.75;58.02;2025;Custeio;BCB/SICOR (MDCR)
2806404;1836666.8;9.7;2025;Investimento;BCB/SICOR (MDCR)
2806503;1239115.69;39.29;2025;Custeio;BCB/SICOR (MDCR)
2806503;874228.0;113.94;2025;Investimento;BCB/SICOR (MDCR)
2806602;194700.0;0.63;2025;Custeio;BCB/SICOR (MDCR)
2806602;4949999.61;222.35;2025;Investimento;BCB/SICOR (MDCR)
2806701;1537681.75;129.9;2025;Custeio;BCB/SICOR (MDCR)
2806701;4764586.39;401.62;2025;Investimento;BCB/SICOR (MDCR)
2806800;1696126.47;123.83999999999999;2025;Custeio;BCB/SICOR (MDCR)
2806800;1487077.73;47.91;2025;Investimento;BCB/SICOR (MDCR)
2806909;4238300.45;702.78;2025;Custeio;BCB/SICOR (MDCR)
2806909;495254.25;74.5;2025;Investimento;BCB/SICOR (MDCR)
2807006;14172599.15;2211.1;2025;Custeio;BCB/SICOR (MDCR)
2807006;11234409.709999999;59.25;2025;Investimento;BCB/SICOR (MDCR)
2807105;41976144.29;7065.04;2025;Custeio;BCB/SICOR (MDCR)
2807105;22292214.39;434.28000000000003;2025;Investimento;BCB/SICOR (MDCR)
2807204;1044253.3400000001;108.25;2025;Custeio;BCB/SICOR (MDCR)
2807204;382050.0;53.94;2025;Investimento;BCB/SICOR (MDCR)
2807303;1837012.65;141.14999999999998;2025;Custeio;BCB/SICOR (MDCR)
2807303;376991.10000000003;9.07;2025;Investimento;BCB/SICOR (MDCR)
2807402;24353186.19;3301.32;2025;Custeio;BCB/SICOR (MDCR)
2807402;25761127.01;1240.59;2025;Investimento;BCB/SICOR (MDCR)
2807501;7709803.01;366.02;2025;Custeio;BCB/SICOR (MDCR)
2807501;11327061.76;87.34;2025;Investimento;BCB/SICOR (MDCR)
2807600;3474679.2800000003;257.07;2025;Custeio;BCB/SICOR (MDCR)
2807600;9514418.44;140.49;2025;Investimento;BCB/SICOR (MDCR)
2900108;90827.2;16.06;2025;Custeio;BCB/SICOR (MDCR)
2900108;2186460.0;63.25;2025;Investimento;BCB/SICOR (MDCR)
2900207;1848215.51;61.2;2025;Custeio;BCB/SICOR (MDCR)
2900207;4487693.4399999995;123.45;2025;Investimento;BCB/SICOR (MDCR)
2900306;2927654.37;376.79;2025;Custeio;BCB/SICOR (MDCR)
2900306;3768729.3200000003;46.980000000000004;2025;Investimento;BCB/SICOR (MDCR)
2900355;61627822.81;13250.15;2025;Custeio;BCB/SICOR (MDCR)
2900355;21540858.81;574.62;2025;Investimento;BCB/SICOR (MDCR)
2900405;2337672.52;467.21;2025;Custeio;BCB/SICOR (MDCR)
2900405;16189597.24;120.4;2025;Investimento;BCB/SICOR (MDCR)
2900504;779574.65;125.27;2025;Custeio;BCB/SICOR (MDCR)
2900504;3611394.59;325.39;2025;Investimento;BCB/SICOR (MDCR)
2900603;7122822.03;1090.81;2025;Custeio;BCB/SICOR (MDCR)
2900603;1450202.3;213.49;2025;Investimento;BCB/SICOR (MDCR)
2900702;10489491.28;535.05;2025;Custeio;BCB/SICOR (MDCR)
2900702;19275557.15;134.95999999999998;2025;Investimento;BCB/SICOR (MDCR)
2900801;26212122.07;1651.17;2025;Custeio;BCB/SICOR (MDCR)
2900801;22897999.76;548.43;2025;Investimento;BCB/SICOR (MDCR)
2900900;2073395.9;351.82000000000005;2025;Custeio;BCB/SICOR (MDCR)
2900900;1355079.1;62.45;2025;Investimento;BCB/SICOR (MDCR)
2901007;471196.08;118.47000000000001;2025;Custeio;BCB/SICOR (MDCR)
2901007;5324811.24;97.01;2025;Investimento;BCB/SICOR (MDCR)
2901106;87077.85;9.71;2025;Custeio;BCB/SICOR (MDCR)
2901106;809742.62;18.1;2025;Investimento;BCB/SICOR (MDCR)
2901155;8269199.18;244.2;2025;Custeio;BCB/SICOR (MDCR)
2901155;10384529.49;150.56;2025;Investimento;BCB/SICOR (MDCR)
2901205;4180678.64;825.4000000000001;2025;Custeio;BCB/SICOR (MDCR)
2901205;9638307.72;553.93;2025;Investimento;BCB/SICOR (MDCR)
2901304;973769.53;284.19;2025;Custeio;BCB/SICOR (MDCR)
2901304;4236746.9;93.23;2025;Investimento;BCB/SICOR (MDCR)
2901353;2216941.25;590.83;2025;Custeio;BCB/SICOR (MDCR)
2901353;6666445.95;683.42;2025;Investimento;BCB/SICOR (MDCR)
2901403;38094691.56;8894.14;2025;Custeio;BCB/SICOR (MDCR)
2901403;19176513.990000002;2606.48;2025;Investimento;BCB/SICOR (MDCR)
2901502;297400.0;15.84;2025;Custeio;BCB/SICOR (MDCR)
2901502;316320.0;0.48;2025;Investimento;BCB/SICOR (MDCR)
2901601;8588370.66;1712.23;2025;Custeio;BCB/SICOR (MDCR)
2901601;6540164.45;221.96;2025;Investimento;BCB/SICOR (MDCR)
2901700;1404062.53;75.03;2025;Custeio;BCB/SICOR (MDCR)
2901700;1326989.3900000001;9.34;2025;Investimento;BCB/SICOR (MDCR)
2901809;309778.28;35.64;2025;Custeio;BCB/SICOR (MDCR)
2901809;2060261.9;101.53;2025;Investimento;BCB/SICOR (MDCR)
2901908;10021255.21;1505.99;2025;Custeio;BCB/SICOR (MDCR)
2901908;6755793.93;121.39;2025;Investimento;BCB/SICOR (MDCR)
2901957;42000.0;0.0;2025;Custeio;BCB/SICOR (MDCR)
2901957;1699623.4;89.77;2025;Investimento;BCB/SICOR (MDCR)
2902005;6048967.38;1953.8;2025;Custeio;BCB/SICOR (MDCR)
2902005;13485395.06;973.93;2025;Investimento;BCB/SICOR (MDCR)
2902054;506008.83999999997;49.1;2025;Custeio;BCB/SICOR (MDCR)
2902054;2548345.79;107.16;2025;Investimento;BCB/SICOR (MDCR)
2902104;5908362.73;1291.0;2025;Custeio;BCB/SICOR (MDCR)
2902104;33493942.49;573.01;2025;Investimento;BCB/SICOR (MDCR)
2902203;1047778.2;134.76;2025;Custeio;BCB/SICOR (MDCR)
2902203;259932.69;8.27;2025;Investimento;BCB/SICOR (MDCR)
2902252;264377.91;16.1;2025;Custeio;BCB/SICOR (MDCR)
2902252;3978977.09;140.15;2025;Investimento;BCB/SICOR (MDCR)
2902302;413126.52;28.68;2025;Custeio;BCB/SICOR (MDCR)
2902302;3108669.79;94.73;2025;Investimento;BCB/SICOR (MDCR)
2902401;3055093.76;360.81;2025;Custeio;BCB/SICOR (MDCR)
2902401;2082848.56;113.7;2025;Investimento;BCB/SICOR (MDCR)
2902500;32986862.01;9130.28;2025;Custeio;BCB/SICOR (MDCR)
2902500;14661782.44;805.45;2025;Investimento;BCB/SICOR (MDCR)
2902609;1248262.88;566.45;2025;Custeio;BCB/SICOR (MDCR)
2902609;8235710.31;277.38;2025;Investimento;BCB/SICOR (MDCR)
2902658;1924476.13;287.9;2025;Custeio;BCB/SICOR (MDCR)
2902658;3071167.75;82.8;2025;Investimento;BCB/SICOR (MDCR)
2902708;34748394.64;14487.210000000001;2025;Custeio;BCB/SICOR (MDCR)
2902708;31396534.86;2792.83;2025;Investimento;BCB/SICOR (MDCR)
2902807;9625039.4;1432.32;2025;Custeio;BCB/SICOR (MDCR)
2902807;19315692.1;1862.54;2025;Investimento;BCB/SICOR (MDCR)
2902906;8452393.66;536.21;2025;Custeio;BCB/SICOR (MDCR)
2902906;7403544.11;235.57;2025;Investimento;BCB/SICOR (MDCR)
2903003;623763.13;201.6;2025;Custeio;BCB/SICOR (MDCR)
2903003;7260452.0;14.600000000000001;2025;Investimento;BCB/SICOR (MDCR)
2903102;15000.0;0.0;2025;Custeio;BCB/SICOR (MDCR)
2903102;306000.0;9.88;2025;Investimento;BCB/SICOR (MDCR)
2903201;373906959.01;71110.14;2025;Custeio;BCB/SICOR (MDCR)
2903201;375927300.96;9222.37;2025;Investimento;BCB/SICOR (MDCR)
2903235;2250137.65;62.33;2025;Custeio;BCB/SICOR (MDCR)
2903235;9968360.09;43.32;2025;Investimento;BCB/SICOR (MDCR)
2903276;614773.24;93.29;2025;Custeio;BCB/SICOR (MDCR)
2903276;4200344.95;38.35;2025;Investimento;BCB/SICOR (MDCR)
2903300;1162100.0;182.34;2025;Custeio;BCB/SICOR (MDCR)
2903300;1949754.0;89.19;2025;Investimento;BCB/SICOR (MDCR)
2903409;5321194.2;323.90999999999997;2025;Custeio;BCB/SICOR (MDCR)
2903409;12898842.459999999;439.38;2025;Investimento;BCB/SICOR (MDCR)
2903508;1939370.49;292.76;2025;Custeio;BCB/SICOR (MDCR)
2903508;4181612.59;125.18;2025;Investimento;BCB/SICOR (MDCR)
2903607;5999898.99;485.95;2025;Custeio;BCB/SICOR (MDCR)
2903607;7616854.47;186.07999999999998;2025;Investimento;BCB/SICOR (MDCR)
2903706;1751843.07;295.85;2025;Custeio;BCB/SICOR (MDCR)
2903706;5248041.43;489.08;2025;Investimento;BCB/SICOR (MDCR)
2903805;5729864.02;2070.51;2025;Custeio;BCB/SICOR (MDCR)
2903805;14052175.84;1429.92;2025;Investimento;BCB/SICOR (MDCR)
2903904;60278437.25;2340.36;2025;Custeio;BCB/SICOR (MDCR)
2903904;37141290.7;1308.52;2025;Investimento;BCB/SICOR (MDCR)
2903953;599451.89;80.31;2025;Custeio;BCB/SICOR (MDCR)
2903953;3175755.0;218.37;2025;Investimento;BCB/SICOR (MDCR)
2904001;889441.15;314.43;2025;Custeio;BCB/SICOR (MDCR)
2904001;8611957.8;161.56;2025;Investimento;BCB/SICOR (MDCR)
2904050;3496879.34;416.81;2025;Custeio;BCB/SICOR (MDCR)
2904050;4152119.63;157.39000000000001;2025;Investimento;BCB/SICOR (MDCR)
2904100;1484379.64;172.13;2025;Custeio;BCB/SICOR (MDCR)
2904100;7174169.8100000005;199.83;2025;Investimento;BCB/SICOR (MDCR)
2904209;2802017.24;75.89;2025;Custeio;BCB/SICOR (MDCR)
2904209;11674858.98;188.99;2025;Investimento;BCB/SICOR (MDCR)
2904308;2715030.38;525.13;2025;Custeio;BCB/SICOR (MDCR)
2904308;7860243.9;724.9599999999999;2025;Investimento;BCB/SICOR (MDCR)
2904407;38018752.13;7490.860000000001;2025;Custeio;BCB/SICOR (MDCR)
2904407;36321101.91;4475.849999999999;2025;Investimento;BCB/SICOR (MDCR)
2904506;1089642.02;304.97;2025;Custeio;BCB/SICOR (MDCR)
2904506;4302711.2;167.2;2025;Investimento;BCB/SICOR (MDCR)
2904605;8537467.19;2382.06;2025;Custeio;BCB/SICOR (MDCR)
2904605;16843726.56;1501.27;2025;Investimento;BCB/SICOR (MDCR)
2904704;486325.37;106.35999999999999;2025;Custeio;BCB/SICOR (MDCR)
2904704;2583013.44;152.3;2025;Investimento;BCB/SICOR (MDCR)
2904753;3057439.37;1040.28;2025;Custeio;BCB/SICOR (MDCR)
2904753;4734372.0;584.6;2025;Investimento;BCB/SICOR (MDCR)
2904803;3536919.3;1572.8200000000002;2025;Custeio;BCB/SICOR (MDCR)
2904803;5331007.61;681.53;2025;Investimento;BCB/SICOR (MDCR)
2904852;3351000.0;18.9;2025;Custeio;BCB/SICOR (MDCR)
2904852;4879108.36;164.56;2025;Investimento;BCB/SICOR (MDCR)
2904902;79541.59999999999;6.93;2025;Custeio;BCB/SICOR (MDCR)
2904902;358000.0;1.2999999999999998;2025;Investimento;BCB/SICOR (MDCR)
2905008;1847909.54;305.09000000000003;2025;Custeio;BCB/SICOR (MDCR)
2905008;11835412.07;639.16;2025;Investimento;BCB/SICOR (MDCR)
2905107;5510637.27;702.26;2025;Custeio;BCB/SICOR (MDCR)
2905107;2428996.98;75.53;2025;Investimento;BCB/SICOR (MDCR)
2905156;2180875.13;669.24;2025;Custeio;BCB/SICOR (MDCR)
2905156;8489555.95;479.69;2025;Investimento;BCB/SICOR (MDCR)
2905206;6501076.4;305.75;2025;Custeio;BCB/SICOR (MDCR)
2905206;23585119.26;594.91;2025;Investimento;BCB/SICOR (MDCR)
2905305;3383826.05;333.72;2025;Custeio;BCB/SICOR (MDCR)
2905305;6674368.14;28.779999999999998;2025;Investimento;BCB/SICOR (MDCR)
2905404;684000.0;0.0;2025;Investimento;BCB/SICOR (MDCR)
2905503;1799791.42;229.04;2025;Custeio;BCB/SICOR (MDCR)
2905503;7477974.69;251.79999999999998;2025;Investimento;BCB/SICOR (MDCR)
2905602;4613638.68;368.83000000000004;2025;Custeio;BCB/SICOR (MDCR)
2905602;9586867.35;399.75;2025;Investimento;BCB/SICOR (MDCR)
2905701;36602.9;0.03;2025;Custeio;BCB/SICOR (MDCR)
2905800;25514.48;3.09;2025;Custeio;BCB/SICOR (MDCR)
2905800;5784361.19;137.08;2025;Investimento;BCB/SICOR (MDCR)
2905909;5752649.61;863.85;2025;Custeio;BCB/SICOR (MDCR)
2905909;21568382.97;201.85;2025;Investimento;BCB/SICOR (MDCR)
2906006;6429560.87;1040.69;2025;Custeio;BCB/SICOR (MDCR)
2906006;31158179.27;1621.16;2025;Investimento;BCB/SICOR (MDCR)
2906105;857428.2;271.16;2025;Custeio;BCB/SICOR (MDCR)
2906105;8791471.16;232.76;2025;Investimento;BCB/SICOR (MDCR)
2906204;6758898.6899999995;141.22;2025;Custeio;BCB/SICOR (MDCR)
2906204;15772258.23;78.37;2025;Investimento;BCB/SICOR (MDCR)
2906303;11952832.89;1405.75;2025;Custeio;BCB/SICOR (MDCR)
2906303;8821239.65;542.64;2025;Investimento;BCB/SICOR (MDCR)
2906402;1304076.18;245.95;2025;Custeio;BCB/SICOR (MDCR)
2906402;1492472.6;105.91;2025;Investimento;BCB/SICOR (MDCR)
2906600;2644565.46;564.86;2025;Custeio;BCB/SICOR (MDCR)
2906600;9899220.1;78.85000000000001;2025;Investimento;BCB/SICOR (MDCR)
2906709;1662824.08;212.76;2025;Custeio;BCB/SICOR (MDCR)
2906709;8184849.0;299.74;2025;Investimento;BCB/SICOR (MDCR)
2906808;4068966.9699999997;811.53;2025;Custeio;BCB/SICOR (MDCR)
2906808;11721498.08;499.58;2025;Investimento;BCB/SICOR (MDCR)
2906824;6960737.09;2491.22;2025;Custeio;BCB/SICOR (MDCR)
2906824;7595926.83;816.52;2025;Investimento;BCB/SICOR (MDCR)
2906857;3998009.32;1119.6;2025;Custeio;BCB/SICOR (MDCR)
2906857;6737677.25;193.94;2025;Investimento;BCB/SICOR (MDCR)
2906873;2216823.88;424.07;2025;Custeio;BCB/SICOR (MDCR)
2906873;4158442.94;133.48;2025;Investimento;BCB/SICOR (MDCR)
2906899;3885869.92;322.27;2025;Custeio;BCB/SICOR (MDCR)
2906899;6798302.91;491.0;2025;Investimento;BCB/SICOR (MDCR)
2906907;35229258.71;3090.35;2025;Custeio;BCB/SICOR (MDCR)
2906907;27235065.119999997;519.4300000000001;2025;Investimento;BCB/SICOR (MDCR)
2907004;1060300.0;17.39;2025;Investimento;BCB/SICOR (MDCR)
2907103;24145795.3;2528.94;2025;Custeio;BCB/SICOR (MDCR)
2907103;34537774.85;2242.89;2025;Investimento;BCB/SICOR (MDCR)
2907202;101346386.18;2710.95;2025;Custeio;BCB/SICOR (MDCR)
2907202;49280046.660000004;1150.28;2025;Investimento;BCB/SICOR (MDCR)
2907301;279200.0;133.95999999999998;2025;Custeio;BCB/SICOR (MDCR)
2907301;8366357.08;141.52;2025;Investimento;BCB/SICOR (MDCR)
2907400;3523908.77;664.82;2025;Custeio;BCB/SICOR (MDCR)
2907400;4288869.33;171.91;2025;Investimento;BCB/SICOR (MDCR)
2907509;792998.0;1.99;2025;Investimento;BCB/SICOR (MDCR)
2907558;1759818.22;141.07;2025;Custeio;BCB/SICOR (MDCR)
2907558;7943863.81;496.23;2025;Investimento;BCB/SICOR (MDCR)
2907608;672936.83;129.91;2025;Custeio;BCB/SICOR (MDCR)
2907608;5399928.09;42.06;2025;Investimento;BCB/SICOR (MDCR)
2907707;56999.95;0.44;2025;Custeio;BCB/SICOR (MDCR)
2907707;1183430.0;104.16;2025;Investimento;BCB/SICOR (MDCR)
2907806;14036217.02;3297.2000000000003;2025;Custeio;BCB/SICOR (MDCR)
2907806;14873704.91;615.15;2025;Investimento;BCB/SICOR (MDCR)
2907905;3236940.09;237.37;2025;Custeio;BCB/SICOR (MDCR)
2907905;1701225.8;36.379999999999995;2025;Investimento;BCB/SICOR (MDCR)
2908002;1107196.93;173.86;2025;Custeio;BCB/SICOR (MDCR)
2908002;3104552.09;175.23;2025;Investimento;BCB/SICOR (MDCR)
2908101;72165719.67;14401.359999999999;2025;Custeio;BCB/SICOR (MDCR)
2908101;12819590.0;227.45000000000002;2025;Investimento;BCB/SICOR (MDCR)
2908200;7399400.0;6.18;2025;Custeio;BCB/SICOR (MDCR)
2908200;129000.0;0.0;2025;Investimento;BCB/SICOR (MDCR)
2908309;135000.0;0.0;2025;Custeio;BCB/SICOR (MDCR)
2908309;1925000.0;16.0;2025;Investimento;BCB/SICOR (MDCR)
2908408;7305114.08;1288.53;2025;Custeio;BCB/SICOR (MDCR)
2908408;20921142.78;209.39;2025;Investimento;BCB/SICOR (MDCR)
2908507;12000.0;0.0;2025;Custeio;BCB/SICOR (MDCR)
2908507;322467.94;1.13;2025;Investimento;BCB/SICOR (MDCR)
2908606;2413324.15;363.95;2025;Custeio;BCB/SICOR (MDCR)
2908606;4207445.85;80.52;2025;Investimento;BCB/SICOR (MDCR)
2908705;3344405.06;637.19;2025;Custeio;BCB/SICOR (MDCR)
2908705;7767475.4;537.73;2025;Investimento;BCB/SICOR (MDCR)
2908804;1492611.3800000001;65.61;2025;Custeio;BCB/SICOR (MDCR)
2908804;2674545.33;90.94;2025;Investimento;BCB/SICOR (MDCR)
2908903;1226448.22;63.690000000000005;2025;Custeio;BCB/SICOR (MDCR)
2908903;1214000.0;5.61;2025;Investimento;BCB/SICOR (MDCR)
2909000;2046287.46;174.5;2025;Custeio;BCB/SICOR (MDCR)
2909000;3948663.66;246.1;2025;Investimento;BCB/SICOR (MDCR)
2909109;37134142.57;5665.47;2025;Custeio;BCB/SICOR (MDCR)
2909109;33622459.27;4088.62;2025;Investimento;BCB/SICOR (MDCR)
2909208;37169082.56;7700.48;2025;Custeio;BCB/SICOR (MDCR)
2909208;19661433.45;872.97;2025;Investimento;BCB/SICOR (MDCR)
2909307;549902105.7;102525.37;2025;Custeio;BCB/SICOR (MDCR)
2909307;279129375.48;14037.380000000001;2025;Investimento;BCB/SICOR (MDCR)
2909406;41170718.99;9818.7;2025;Custeio;BCB/SICOR (MDCR)
2909406;9583809.97;2305.72;2025;Investimento;BCB/SICOR (MDCR)
2909505;108831.41;262.92;2025;Custeio;BCB/SICOR (MDCR)
2909505;1967620.0;272.87;2025;Investimento;BCB/SICOR (MDCR)
2909604;17629009.61;2958.4;2025;Custeio;BCB/SICOR (MDCR)
2909604;16578788.54;1026.52;2025;Investimento;BCB/SICOR (MDCR)
2909703;15352271.13;4537.51;2025;Custeio;BCB/SICOR (MDCR)
2909703;8656894.44;531.83;2025;Investimento;BCB/SICOR (MDCR)
2909802;186400.0;0.05;2025;Custeio;BCB/SICOR (MDCR)
2909802;3767774.44;31.59;2025;Investimento;BCB/SICOR (MDCR)
2909901;13364708.55;954.13;2025;Custeio;BCB/SICOR (MDCR)
2909901;11864209.45;381.59;2025;Investimento;BCB/SICOR (MDCR)
2910008;2873800.05;458.54;2025;Custeio;BCB/SICOR (MDCR)
2910008;3503463.6;250.85;2025;Investimento;BCB/SICOR (MDCR)
2910057;500000.0;16.07;2025;Custeio;BCB/SICOR (MDCR)
2910107;5336460.89;565.57;2025;Custeio;BCB/SICOR (MDCR)
2910107;8323878.5600000005;237.09;2025;Investimento;BCB/SICOR (MDCR)
2910206;133720.02000000002;27.36;2025;Custeio;BCB/SICOR (MDCR)
2910206;332200.0;6.45;2025;Investimento;BCB/SICOR (MDCR)
2910305;21239.19;4.8;2025;Custeio;BCB/SICOR (MDCR)
2910305;2354462.8;77.96000000000001;2025;Investimento;BCB/SICOR (MDCR)
2910404;22548318.6;3076.8199999999997;2025;Custeio;BCB/SICOR (MDCR)
2910404;39276143.480000004;2551.27;2025;Investimento;BCB/SICOR (MDCR)
2910503;7233884.47;894.4499999999999;2025;Custeio;BCB/SICOR (MDCR)
2910503;4371200.92;226.31;2025;Investimento;BCB/SICOR (MDCR)
2910602;10162384.82;1011.72;2025;Custeio;BCB/SICOR (MDCR)
2910602;18612972.34;555.54;2025;Investimento;BCB/SICOR (MDCR)
2910701;24815069.85;3905.62;2025;Custeio;BCB/SICOR (MDCR)
2910701;25120569.39;983.79;2025;Investimento;BCB/SICOR (MDCR)
2910727;60070126.58;3914.8599999999997;2025;Custeio;BCB/SICOR (MDCR)
2910727;35851205.55;715.61;2025;Investimento;BCB/SICOR (MDCR)
2910750;41325389.7;9352.23;2025;Custeio;BCB/SICOR (MDCR)
2910750;22052962.29;495.15;2025;Investimento;BCB/SICOR (MDCR)
2910776;8035610.07;865.78;2025;Custeio;BCB/SICOR (MDCR)
2910776;9182800.75;728.5699999999999;2025;Investimento;BCB/SICOR (MDCR)
2910800;2825645.3;258.84000000000003;2025;Custeio;BCB/SICOR (MDCR)
2910800;2943875.16;6.62;2025;Investimento;BCB/SICOR (MDCR)
2910859;2129716.1;90.72;2025;Custeio;BCB/SICOR (MDCR)
2910859;6290853.14;99.9;2025;Investimento;BCB/SICOR (MDCR)
2910909;3128417.32;576.8;2025;Custeio;BCB/SICOR (MDCR)
2910909;3106561.58;655.81;2025;Investimento;BCB/SICOR (MDCR)
2911006;3365394.88;529.69;2025;Custeio;BCB/SICOR (MDCR)
2911006;2035429.6400000001;57.13;2025;Investimento;BCB/SICOR (MDCR)
2911105;865851501.6;166044.25;2025;Custeio;BCB/SICOR (MDCR)
2911105;214891145.99;18211.76;2025;Investimento;BCB/SICOR (MDCR)
2911204;1074432.31;97.34;2025;Custeio;BCB/SICOR (MDCR)
2911204;3177402.8;102.7;2025;Investimento;BCB/SICOR (MDCR)
2911253;5032000.78;1037.69;2025;Custeio;BCB/SICOR (MDCR)
2911253;5061446.87;262.43;2025;Investimento;BCB/SICOR (MDCR)
2911303;513814.44;262.64;2025;Custeio;BCB/SICOR (MDCR)
2911303;7222785.0;27.560000000000002;2025;Investimento;BCB/SICOR (MDCR)
2911402;11900146.39;639.22;2025;Custeio;BCB/SICOR (MDCR)
2911402;13948526.64;315.28;2025;Investimento;BCB/SICOR (MDCR)
2911501;562589.87;47.16;2025;Custeio;BCB/SICOR (MDCR)
2911501;386000.0;14.2;2025;Investimento;BCB/SICOR (MDCR)
2911600;151180.0;1.99;2025;Custeio;BCB/SICOR (MDCR)
2911600;3404853.5;47.269999999999996;2025;Investimento;BCB/SICOR (MDCR)
2911659;4268390.28;1115.8;2025;Custeio;BCB/SICOR (MDCR)
2911659;7605872.96;450.26;2025;Investimento;BCB/SICOR (MDCR)
2911709;4285232.39;573.77;2025;Custeio;BCB/SICOR (MDCR)
2911709;25406329.17;309.85;2025;Investimento;BCB/SICOR (MDCR)
2911808;19126953.38;2736.7599999999998;2025;Custeio;BCB/SICOR (MDCR)
2911808;18362395.25;1995.46;2025;Investimento;BCB/SICOR (MDCR)
2911857;26363054.68;5387.54;2025;Custeio;BCB/SICOR (MDCR)
2911857;16533461.26;546.68;2025;Investimento;BCB/SICOR (MDCR)
2911907;17904288.69;1864.46;2025;Custeio;BCB/SICOR (MDCR)
2911907;9848421.08;725.4100000000001;2025;Investimento;BCB/SICOR (MDCR)
2912004;2546325.54;125.38;2025;Custeio;BCB/SICOR (MDCR)
2912004;11664585.68;131.22;2025;Investimento;BCB/SICOR (MDCR)
2912103;366000.0;23.46;2025;Custeio;BCB/SICOR (MDCR)
2912103;3092319.67;290.31;2025;Investimento;BCB/SICOR (MDCR)
2912202;10488804.3;1104.69;2025;Custeio;BCB/SICOR (MDCR)
2912202;13215479.18;221.46;2025;Investimento;BCB/SICOR (MDCR)
2912301;16637752.25;3568.75;2025;Custeio;BCB/SICOR (MDCR)
2912301;7408686.0;1258.51;2025;Investimento;BCB/SICOR (MDCR)
2912400;3376229.86;308.8;2025;Custeio;BCB/SICOR (MDCR)
2912400;8898418.93;33.36;2025;Investimento;BCB/SICOR (MDCR)
2912509;1794953.75;384.62;2025;Custeio;BCB/SICOR (MDCR)
2912509;6819601.79;464.71;2025;Investimento;BCB/SICOR (MDCR)
2912608;4918003.56;635.7;2025;Custeio;BCB/SICOR (MDCR)
2912608;1663774.4;124.5;2025;Investimento;BCB/SICOR (MDCR)
2912707;923899.53;69.23;2025;Custeio;BCB/SICOR (MDCR)
2912707;2818507.58;111.22;2025;Investimento;BCB/SICOR (MDCR)
2912806;53842510.39;6103.62;2025;Custeio;BCB/SICOR (MDCR)
2912806;9591453.09;477.96999999999997;2025;Investimento;BCB/SICOR (MDCR)
2912905;86977.56;5.31;2025;Custeio;BCB/SICOR (MDCR)
2912905;1295245.05;64.68;2025;Investimento;BCB/SICOR (MDCR)
2913002;556933.72;44.230000000000004;2025;Custeio;BCB/SICOR (MDCR)
2913002;3712306.9;131.84;2025;Investimento;BCB/SICOR (MDCR)
2913101;4693885.63;262.82;2025;Custeio;BCB/SICOR (MDCR)
2913101;10973310.76;120.5;2025;Investimento;BCB/SICOR (MDCR)
2913200;2757775.5100000002;665.54;2025;Custeio;BCB/SICOR (MDCR)
2913200;3415012.0;196.63;2025;Investimento;BCB/SICOR (MDCR)
2913309;301417.8;31.17;2025;Custeio;BCB/SICOR (MDCR)
2913309;700691.09;19.330000000000002;2025;Investimento;BCB/SICOR (MDCR)
2913408;2459975.27;199.33;2025;Custeio;BCB/SICOR (MDCR)
2913408;7708199.98;33.58;2025;Investimento;BCB/SICOR (MDCR)
2913457;645989.72;48.38;2025;Custeio;BCB/SICOR (MDCR)
2913457;4516915.41;104.01;2025;Investimento;BCB/SICOR (MDCR)
2913507;6784291.17;1269.22;2025;Custeio;BCB/SICOR (MDCR)
2913507;4576056.45;571.6;2025;Investimento;BCB/SICOR (MDCR)
2913606;3798761.92;342.53000000000003;2025;Custeio;BCB/SICOR (MDCR)
2913606;12578584.209999999;368.53000000000003;2025;Investimento;BCB/SICOR (MDCR)
2913705;35025517.09;4678.99;2025;Custeio;BCB/SICOR (MDCR)
2913705;23313279.16;442.32;2025;Investimento;BCB/SICOR (MDCR)
2913804;460600.0;26.4;2025;Custeio;BCB/SICOR (MDCR)
2913804;6673921.88;7.890000000000001;2025;Investimento;BCB/SICOR (MDCR)
2913903;468291.08;120.35;2025;Custeio;BCB/SICOR (MDCR)
2913903;3811719.8;87.28999999999999;2025;Investimento;BCB/SICOR (MDCR)
2914000;8841214.38;2918.79;2025;Custeio;BCB/SICOR (MDCR)
2914000;14999891.86;2025.18;2025;Investimento;BCB/SICOR (MDCR)
2914109;1850533.8399999999;613.72;2025;Custeio;BCB/SICOR (MDCR)
2914109;10271571.6;249.11;2025;Investimento;BCB/SICOR (MDCR)
2914208;700000.0;100.02;2025;Custeio;BCB/SICOR (MDCR)
2914208;1709222.46;173.81;2025;Investimento;BCB/SICOR (MDCR)
2914307;1030014.97;345.39;2025;Custeio;BCB/SICOR (MDCR)
2914307;5361440.13;702.26;2025;Investimento;BCB/SICOR (MDCR)
2914406;4251985.11;558.65;2025;Custeio;BCB/SICOR (MDCR)
2914406;10260869.35;344.77;2025;Investimento;BCB/SICOR (MDCR)
2914505;4411365.37;326.84000000000003;2025;Custeio;BCB/SICOR (MDCR)
2914505;7794064.26;187.82;2025;Investimento;BCB/SICOR (MDCR)
2914604;599588.39;84.24;2025;Custeio;BCB/SICOR (MDCR)
2914604;22660521.79;14.09;2025;Investimento;BCB/SICOR (MDCR)
2914653;63960243.42;4271.72;2025;Custeio;BCB/SICOR (MDCR)
2914653;12825964.21;170.21;2025;Investimento;BCB/SICOR (MDCR)
2914703;6796976.28;1088.07;2025;Custeio;BCB/SICOR (MDCR)
2914703;11210862.03;1596.8899999999999;2025;Investimento;BCB/SICOR (MDCR)
2914802;2776679.22;194.85;2025;Custeio;BCB/SICOR (MDCR)
2914802;7799026.59;52.86;2025;Investimento;BCB/SICOR (MDCR)
2914901;1112285.32;63.510000000000005;2025;Custeio;BCB/SICOR (MDCR)
2914901;6283362.07;308.03;2025;Investimento;BCB/SICOR (MDCR)
2915007;5103402.02;1728.22;2025;Custeio;BCB/SICOR (MDCR)
2915007;10271614.15;487.38;2025;Investimento;BCB/SICOR (MDCR)
2915106;870927.28;53.230000000000004;2025;Custeio;BCB/SICOR (MDCR)
2915106;2313549.5;83.35;2025;Investimento;BCB/SICOR (MDCR)
2915205;8642524.52;1594.16;2025;Custeio;BCB/SICOR (MDCR)
2915205;2213757.66;103.59;2025;Investimento;BCB/SICOR (MDCR)
2915304;4600304.32;443.03;2025;Custeio;BCB/SICOR (MDCR)
2915304;1665882.51;284.67;2025;Investimento;BCB/SICOR (MDCR)
2915353;2847300.96;1204.28;2025;Custeio;BCB/SICOR (MDCR)
2915353;119200614.74000001;4497.62;2025;Investimento;BCB/SICOR (MDCR)
2915403;32195549.95;6656.26;2025;Custeio;BCB/SICOR (MDCR)
2915403;9297577.14;1473.52;2025;Investimento;BCB/SICOR (MDCR)
2915502;237595.38;41.44;2025;Custeio;BCB/SICOR (MDCR)
2915502;1512067.34;85.05;2025;Investimento;BCB/SICOR (MDCR)
2915601;52736661.47;4949.29;2025;Custeio;BCB/SICOR (MDCR)
2915601;45393046.86;1219.73;2025;Investimento;BCB/SICOR (MDCR)
2915700;31000.0;0.0;2025;Custeio;BCB/SICOR (MDCR)
2915700;1663323.39;71.07;2025;Investimento;BCB/SICOR (MDCR)
2915809;17834337.18;5250.84;2025;Custeio;BCB/SICOR (MDCR)
2915809;11847263.83;1757.33;2025;Investimento;BCB/SICOR (MDCR)
2915908;178665.97;50.94;2025;Custeio;BCB/SICOR (MDCR)
2915908;599924.25;109.14999999999999;2025;Investimento;BCB/SICOR (MDCR)
2916005;34095163.47;8982.289999999999;2025;Custeio;BCB/SICOR (MDCR)
2916005;11094040.69;681.28;2025;Investimento;BCB/SICOR (MDCR)
2916203;1864447.1400000001;297.40999999999997;2025;Custeio;BCB/SICOR (MDCR)
2916203;2989073.65;376.07;2025;Investimento;BCB/SICOR (MDCR)
2916302;7429818.32;1798.1499999999999;2025;Custeio;BCB/SICOR (MDCR)
2916302;1960025.5;249.18;2025;Investimento;BCB/SICOR (MDCR)
2916401;27579707.99;7523.9400000000005;2025;Custeio;BCB/SICOR (MDCR)
2916401;17020486.61;3281.14;2025;Investimento;BCB/SICOR (MDCR)
2916500;77310954.53;12644.68;2025;Custeio;BCB/SICOR (MDCR)
2916500;27105291.21;1990.52;2025;Investimento;BCB/SICOR (MDCR)
2916609;2451325.8;921.03;2025;Custeio;BCB/SICOR (MDCR)
2916609;4943401.1;829.62;2025;Investimento;BCB/SICOR (MDCR)
2916708;404447.33999999997;32.47;2025;Custeio;BCB/SICOR (MDCR)
2916708;1212480.2;62.85;2025;Investimento;BCB/SICOR (MDCR)
2916807;19038255.08;6864.69;2025;Custeio;BCB/SICOR (MDCR)
2916807;14069203.73;3412.48;2025;Investimento;BCB/SICOR (MDCR)
2916856;260755.41999999998;11.0;2025;Custeio;BCB/SICOR (MDCR)
2916856;7013164.0;31.84;2025;Investimento;BCB/SICOR (MDCR)
2916906;460652.51;32.45;2025;Custeio;BCB/SICOR (MDCR)
2916906;3215742.8;331.99;2025;Investimento;BCB/SICOR (MDCR)
2917003;6081788.0;1393.14;2025;Custeio;BCB/SICOR (MDCR)
2917003;13747911.54;385.35;2025;Investimento;BCB/SICOR (MDCR)
2917102;2772914.09;728.33;2025;Custeio;BCB/SICOR (MDCR)
2917102;2372954.99;280.09;2025;Investimento;BCB/SICOR (MDCR)
2917201;6016212.53;475.25;2025;Custeio;BCB/SICOR (MDCR)
2917201;11069296.64;443.43;2025;Investimento;BCB/SICOR (MDCR)
2917300;509027.31;42.53;2025;Custeio;BCB/SICOR (MDCR)
2917300;4495640.65;93.69;2025;Investimento;BCB/SICOR (MDCR)
2917334;17741705.95;6431.02;2025;Custeio;BCB/SICOR (MDCR)
2917334;12194929.5;1024.49;2025;Investimento;BCB/SICOR (MDCR)
2917359;741468255.83;109317.21;2025;Custeio;BCB/SICOR (MDCR)
2917359;152605229.55;9004.45;2025;Investimento;BCB/SICOR (MDCR)
2917409;3675493.29;1487.2;2025;Custeio;BCB/SICOR (MDCR)
2917409;11915863.87;608.28;2025;Investimento;BCB/SICOR (MDCR)
2917508;2879179.72;516.88;2025;Custeio;BCB/SICOR (MDCR)
2917508;8842573.51;240.52;2025;Investimento;BCB/SICOR (MDCR)
2917607;3969334.48;986.8100000000001;2025;Custeio;BCB/SICOR (MDCR)
2917607;8551047.52;526.99;2025;Investimento;BCB/SICOR (MDCR)
2917706;777819.3;199.64;2025;Custeio;BCB/SICOR (MDCR)
2917706;6224807.1899999995;158.99;2025;Investimento;BCB/SICOR (MDCR)
2917805;32150.0;0.0;2025;Custeio;BCB/SICOR (MDCR)
2917805;5577031.22;124.0;2025;Investimento;BCB/SICOR (MDCR)
2917904;3227212.69;461.56;2025;Custeio;BCB/SICOR (MDCR)
2917904;1171248.39;70.46;2025;Investimento;BCB/SICOR (MDCR)
2918001;8171929.5;1695.44;2025;Custeio;BCB/SICOR (MDCR)
2918001;12314442.18;2158.48;2025;Investimento;BCB/SICOR (MDCR)
2918100;48342621.88;10442.44;2025;Custeio;BCB/SICOR (MDCR)
2918100;24842834.05;434.21;2025;Investimento;BCB/SICOR (MDCR)
2918209;1230402.77;120.03;2025;Custeio;BCB/SICOR (MDCR)
2918209;5466049.99;155.05;2025;Investimento;BCB/SICOR (MDCR)
2918308;129714.31;1.97;2025;Custeio;BCB/SICOR (MDCR)
2918308;2406140.0;134.76;2025;Investimento;BCB/SICOR (MDCR)
2918357;3693856.23;183.66;2025;Custeio;BCB/SICOR (MDCR)
2918357;7081780.28;167.51;2025;Investimento;BCB/SICOR (MDCR)
2918407;65341443.86;1755.46;2025;Custeio;BCB/SICOR (MDCR)
2918407;112102216.91;1315.93;2025;Investimento;BCB/SICOR (MDCR)
2918456;19796335.47;3107.63;2025;Custeio;BCB/SICOR (MDCR)
2918456;8410984.61;740.87;2025;Investimento;BCB/SICOR (MDCR)
2918506;9939869.06;1249.3999999999999;2025;Custeio;BCB/SICOR (MDCR)
2918506;10340284.07;1315.65;2025;Investimento;BCB/SICOR (MDCR)
2918555;6164748.33;722.76;2025;Custeio;BCB/SICOR (MDCR)
2918555;3342647.6799999997;367.44;2025;Investimento;BCB/SICOR (MDCR)
2918605;2992623.77;211.45;2025;Custeio;BCB/SICOR (MDCR)
2918605;7097708.64;126.39;2025;Investimento;BCB/SICOR (MDCR)
2918704;5000458.3100000005;1451.17;2025;Custeio;BCB/SICOR (MDCR)
2918704;2115159.6;298.78000000000003;2025;Investimento;BCB/SICOR (MDCR)
2918753;3429496.74;422.92;2025;Custeio;BCB/SICOR (MDCR)
2918753;4947140.24;178.49;2025;Investimento;BCB/SICOR (MDCR)
2918803;5435663.15;359.24;2025;Custeio;BCB/SICOR (MDCR)
2918803;6779550.63;222.25;2025;Investimento;BCB/SICOR (MDCR)
2918902;15178095.77;3825.87;2025;Custeio;BCB/SICOR (MDCR)
2918902;4382879.62;548.85;2025;Investimento;BCB/SICOR (MDCR)
2919009;981836.63;248.97;2025;Custeio;BCB/SICOR (MDCR)
2919009;841528.8;16.12;2025;Investimento;BCB/SICOR (MDCR)
2919058;1667158.1;328.71;2025;Custeio;BCB/SICOR (MDCR)
2919058;4063880.35;342.32;2025;Investimento;BCB/SICOR (MDCR)
2919108;409458.9;156.75;2025;Custeio;BCB/SICOR (MDCR)
2919108;1313999.65;14.959999999999999;2025;Investimento;BCB/SICOR (MDCR)
2919157;6879658.0200000005;221.13;2025;Custeio;BCB/SICOR (MDCR)
2919157;10035484.19;39.7;2025;Investimento;BCB/SICOR (MDCR)
2919306;226158.66;10.219999999999999;2025;Custeio;BCB/SICOR (MDCR)
2919306;775300.0;13.0;2025;Investimento;BCB/SICOR (MDCR)
2919405;2631344.6;953.93;2025;Custeio;BCB/SICOR (MDCR)
2919405;10072425.12;686.78;2025;Investimento;BCB/SICOR (MDCR)
2919504;16444878.31;1170.59;2025;Custeio;BCB/SICOR (MDCR)
2919504;19341339.27;1084.6;2025;Investimento;BCB/SICOR (MDCR)
2919553;478849487.52;59689.14;2025;Custeio;BCB/SICOR (MDCR)
2919553;203563232.03;3774.9399999999996;2025;Investimento;BCB/SICOR (MDCR)
2919603;1752535.5;59.0;2025;Custeio;BCB/SICOR (MDCR)
2919603;6621217.66;155.4;2025;Investimento;BCB/SICOR (MDCR)
2919702;17847594.97;4745.38;2025;Custeio;BCB/SICOR (MDCR)
2919702;9482702.72;829.55;2025;Investimento;BCB/SICOR (MDCR)
2919801;4904689.23;1046.84;2025;Custeio;BCB/SICOR (MDCR)
2919801;17187167.66;826.88;2025;Investimento;BCB/SICOR (MDCR)
2919900;120000.0;0.0;2025;Custeio;BCB/SICOR (MDCR)
2919900;2933630.0;26.46;2025;Investimento;BCB/SICOR (MDCR)
2919959;1091086.67;104.21000000000001;2025;Custeio;BCB/SICOR (MDCR)
2919959;3852138.78;303.23;2025;Investimento;BCB/SICOR (MDCR)
2920007;15130444.13;4577.65;2025;Custeio;BCB/SICOR (MDCR)
2920007;18137198.57;1869.55;2025;Investimento;BCB/SICOR (MDCR)
2920106;2232865.87;662.26;2025;Custeio;BCB/SICOR (MDCR)
2920106;7017562.41;247.18;2025;Investimento;BCB/SICOR (MDCR)
2920205;17353588.41;2927.04;2025;Custeio;BCB/SICOR (MDCR)
2920205;17056738.41;1013.03;2025;Investimento;BCB/SICOR (MDCR)
2920304;4212367.15;613.55;2025;Custeio;BCB/SICOR (MDCR)
2920304;12374380.76;393.57;2025;Investimento;BCB/SICOR (MDCR)
2920403;4271625.12;1137.38;2025;Custeio;BCB/SICOR (MDCR)
2920403;9656413.18;690.23;2025;Investimento;BCB/SICOR (MDCR)
2920452;2032571.98;679.34;2025;Custeio;BCB/SICOR (MDCR)
2920452;7388132.78;585.43;2025;Investimento;BCB/SICOR (MDCR)
2920502;8871122.24;2220.01;2025;Custeio;BCB/SICOR (MDCR)
2920502;16179910.36;2105.36;2025;Investimento;BCB/SICOR (MDCR)
2920601;1755966.84;123.58;2025;Custeio;BCB/SICOR (MDCR)
2920601;5756134.6;82.13;2025;Investimento;BCB/SICOR (MDCR)
2920700;1034044.8;157.55;2025;Custeio;BCB/SICOR (MDCR)
2920700;4949619.78;249.32;2025;Investimento;BCB/SICOR (MDCR)
2920809;4184779.9;2214.25;2025;Custeio;BCB/SICOR (MDCR)
2920809;6157818.54;421.5;2025;Investimento;BCB/SICOR (MDCR)
2920908;8739206.56;867.73;2025;Custeio;BCB/SICOR (MDCR)
2920908;2229780.01;158.23;2025;Investimento;BCB/SICOR (MDCR)
2921005;2006230.29;35.510000000000005;2025;Custeio;BCB/SICOR (MDCR)
2921054;3221735.94;627.15;2025;Custeio;BCB/SICOR (MDCR)
2921054;10886439.98;376.7;2025;Investimento;BCB/SICOR (MDCR)
2921104;30519253.82;5083.75;2025;Custeio;BCB/SICOR (MDCR)
2921104;20302282.15;2558.51;2025;Investimento;BCB/SICOR (MDCR)
2921203;4272451.859999999;1041.02;2025;Custeio;BCB/SICOR (MDCR)
2921203;6598605.05;246.58;2025;Investimento;BCB/SICOR (MDCR)
2921302;1074500.0;135.87;2025;Custeio;BCB/SICOR (MDCR)
2921302;1967891.0;63.44;2025;Investimento;BCB/SICOR (MDCR)
2921401;9289722.17;1510.81;2025;Custeio;BCB/SICOR (MDCR)
2921401;10642876.67;842.36;2025;Investimento;BCB/SICOR (MDCR)
2921450;2787426.67;752.38;2025;Custeio;BCB/SICOR (MDCR)
2921450;10471255.01;559.64;2025;Investimento;BCB/SICOR (MDCR)
2921500;11781671.92;2169.72;2025;Custeio;BCB/SICOR (MDCR)
2921500;30460390.16;1494.92;2025;Investimento;BCB/SICOR (MDCR)
2921609;6573035.68;1928.09;2025;Custeio;BCB/SICOR (MDCR)
2921609;4931309.4;601.39;2025;Investimento;BCB/SICOR (MDCR)
2921708;9363347.32;1949.28;2025;Custeio;BCB/SICOR (MDCR)
2921708;20890567.03;696.33;2025;Investimento;BCB/SICOR (MDCR)
2921807;1360452.35;274.02;2025;Custeio;BCB/SICOR (MDCR)
2921807;5433562.06;219.07;2025;Investimento;BCB/SICOR (MDCR)
2921906;27200152.95;724.25;2025;Custeio;BCB/SICOR (MDCR)
2921906;11155127.23;103.29;2025;Investimento;BCB/SICOR (MDCR)
2922003;40889312.85;2333.52;2025;Custeio;BCB/SICOR (MDCR)
2922003;21621474.77;469.02;2025;Investimento;BCB/SICOR (MDCR)
2922052;1570039.54;82.56;2025;Custeio;BCB/SICOR (MDCR)
2922052;7206335.38;80.09;2025;Investimento;BCB/SICOR (MDCR)
2922102;6661704.31;1486.41;2025;Custeio;BCB/SICOR (MDCR)
2922102;11541057.77;795.33;2025;Investimento;BCB/SICOR (MDCR)
2922201;352907.53;73.82000000000001;2025;Custeio;BCB/SICOR (MDCR)
2922201;1286900.0;50.76;2025;Investimento;BCB/SICOR (MDCR)
2922250;48238710.12;7568.34;2025;Custeio;BCB/SICOR (MDCR)
2922250;11762387.98;1544.42;2025;Investimento;BCB/SICOR (MDCR)
2922300;86000.0;0.0;2025;Custeio;BCB/SICOR (MDCR)
2922300;1896240.21;19.32;2025;Investimento;BCB/SICOR (MDCR)
2922409;1515503.54;136.44;2025;Custeio;BCB/SICOR (MDCR)
2922409;5285435.87;147.79;2025;Investimento;BCB/SICOR (MDCR)
2922508;80000.0;3.7;2025;Custeio;BCB/SICOR (MDCR)
2922508;507000.0;17.62;2025;Investimento;BCB/SICOR (MDCR)
2922607;735236.13;68.73;2025;Custeio;BCB/SICOR (MDCR)
2922607;7053734.56;156.01;2025;Investimento;BCB/SICOR (MDCR)
2922656;621248.1799999999;83.72999999999999;2025;Custeio;BCB/SICOR (MDCR)
2922656;2126426.37;146.14000000000001;2025;Investimento;BCB/SICOR (MDCR)
2922706;4169663.3699999996;1014.5400000000001;2025;Custeio;BCB/SICOR (MDCR)
2922706;8834714.8;1430.78;2025;Investimento;BCB/SICOR (MDCR)
2922730;2652130.7800000003;482.55;2025;Custeio;BCB/SICOR (MDCR)
2922730;4089522.68;262.8;2025;Investimento;BCB/SICOR (MDCR)
2922755;2334195.58;143.34;2025;Custeio;BCB/SICOR (MDCR)
2922755;2002146.8900000001;65.81;2025;Investimento;BCB/SICOR (MDCR)
2922805;1029706.2;330.3;2025;Custeio;BCB/SICOR (MDCR)
2922805;1405635.73;158.48;2025;Investimento;BCB/SICOR (MDCR)
2922854;163693.62;3.44;2025;Custeio;BCB/SICOR (MDCR)
2922854;2308283.46;77.69;2025;Investimento;BCB/SICOR (MDCR)
2922904;6043449.8;814.5;2025;Custeio;BCB/SICOR (MDCR)
2922904;7383092.75;345.93;2025;Investimento;BCB/SICOR (MDCR)
2923001;20329674.55;1441.58;2025;Custeio;BCB/SICOR (MDCR)
2923001;21767973.39;469.74;2025;Investimento;BCB/SICOR (MDCR)
2923035;1506405.6099999999;121.88;2025;Custeio;BCB/SICOR (MDCR)
2923035;5254457.97;46.9;2025;Investimento;BCB/SICOR (MDCR)
2923050;3703313.42;713.05;2025;Custeio;BCB/SICOR (MDCR)
2923050;6392469.01;1383.98;2025;Investimento;BCB/SICOR (MDCR)
2923100;18124557.28;3292.7;2025;Custeio;BCB/SICOR (MDCR)
2923100;15821821.120000001;239.16;2025;Investimento;BCB/SICOR (MDCR)
2923209;1237712.36;394.92;2025;Custeio;BCB/SICOR (MDCR)
2923209;9512340.37;331.4;2025;Investimento;BCB/SICOR (MDCR)
2923308;954600.0;49.019999999999996;2025;Custeio;BCB/SICOR (MDCR)
2923308;895956.94;20.81;2025;Investimento;BCB/SICOR (MDCR)
2923357;6590134.25;2277.54;2025;Custeio;BCB/SICOR (MDCR)
2923357;4227624.43;194.5;2025;Investimento;BCB/SICOR (MDCR)
2923407;22174013.86;2801.29;2025;Custeio;BCB/SICOR (MDCR)
2923407;23471108.25;1224.44;2025;Investimento;BCB/SICOR (MDCR)
2923506;629628.58;155.28;2025;Custeio;BCB/SICOR (MDCR)
2923506;651865.94;16.21;2025;Investimento;BCB/SICOR (MDCR)
2923605;3594981.88;609.0500000000001;2025;Custeio;BCB/SICOR (MDCR)
2923605;11604498.59;1113.02;2025;Investimento;BCB/SICOR (MDCR)
2923704;5751111.59;2644.09;2025;Custeio;BCB/SICOR (MDCR)
2923704;20168340.89;1001.6899999999999;2025;Investimento;BCB/SICOR (MDCR)
2923803;43698908.879999995;8678.380000000001;2025;Custeio;BCB/SICOR (MDCR)
2923803;27324034.4;226.76999999999998;2025;Investimento;BCB/SICOR (MDCR)
2923902;3040123.57;560.09;2025;Custeio;BCB/SICOR (MDCR)
2923902;4021700.0;262.57;2025;Investimento;BCB/SICOR (MDCR)
2924009;3193474.76;206.0;2025;Custeio;BCB/SICOR (MDCR)
2924009;10695085.4;95.72;2025;Investimento;BCB/SICOR (MDCR)
2924058;4270073.2;886.76;2025;Custeio;BCB/SICOR (MDCR)
2924058;7035330.18;233.98999999999998;2025;Investimento;BCB/SICOR (MDCR)
2924108;1090001.46;6.609999999999999;2025;Investimento;BCB/SICOR (MDCR)
2924207;51730291.56;11553.369999999999;2025;Custeio;BCB/SICOR (MDCR)
2924207;17458159.8;404.59000000000003;2025;Investimento;BCB/SICOR (MDCR)
2924306;1406139.28;53.54;2025;Custeio;BCB/SICOR (MDCR)
2924306;5257239.61;151.01;2025;Investimento;BCB/SICOR (MDCR)
2924405;7372391.44;3998.04;2025;Custeio;BCB/SICOR (MDCR)
2924405;35219677.77;12375.31;2025;Investimento;BCB/SICOR (MDCR)
2924504;3587878.4;435.15999999999997;2025;Custeio;BCB/SICOR (MDCR)
2924504;17721449.82;153.89;2025;Investimento;BCB/SICOR (MDCR)
2924603;938851.2;248.26;2025;Custeio;BCB/SICOR (MDCR)
2924603;5698252.38;632.47;2025;Investimento;BCB/SICOR (MDCR)
2924652;2682191.79;1434.93;2025;Custeio;BCB/SICOR (MDCR)
2924652;5244628.7700000005;704.74;2025;Investimento;BCB/SICOR (MDCR)
2924678;2047236.8599999999;205.60000000000002;2025;Custeio;BCB/SICOR (MDCR)
2924678;4818199.88;173.91;2025;Investimento;BCB/SICOR (MDCR)
2924702;1335869.8;170.48;2025;Custeio;BCB/SICOR (MDCR)
2924702;3483456.17;210.15;2025;Investimento;BCB/SICOR (MDCR)
2924801;3829134.1;906.49;2025;Custeio;BCB/SICOR (MDCR)
2924801;3708719.39;409.65999999999997;2025;Investimento;BCB/SICOR (MDCR)
2924900;4989128.91;1025.64;2025;Custeio;BCB/SICOR (MDCR)
2924900;3008113.21;328.02;2025;Investimento;BCB/SICOR (MDCR)
2925006;7266971.05;963.16;2025;Custeio;BCB/SICOR (MDCR)
2925006;6383474.32;460.65;2025;Investimento;BCB/SICOR (MDCR)
2925105;3305040.25;680.8299999999999;2025;Custeio;BCB/SICOR (MDCR)
2925105;5222680.09;256.21;2025;Investimento;BCB/SICOR (MDCR)
2925204;2272203.96;225.75;2025;Custeio;BCB/SICOR (MDCR)
2925204;489340.0;223.26;2025;Investimento;BCB/SICOR (MDCR)
2925253;1651179.47;95.6;2025;Custeio;BCB/SICOR (MDCR)
2925253;4172859.96;185.04;2025;Investimento;BCB/SICOR (MDCR)
2925303;26832841.4;1160.77;2025;Custeio;BCB/SICOR (MDCR)
2925303;24018985.62;350.28;2025;Investimento;BCB/SICOR (MDCR)
2925402;12622385.92;4750.4;2025;Custeio;BCB/SICOR (MDCR)
2925402;11531729.82;2388.44;2025;Investimento;BCB/SICOR (MDCR)
2925501;49842180.67;2403.14;2025;Custeio;BCB/SICOR (MDCR)
2925501;26789826.32;757.9699999999999;2025;Investimento;BCB/SICOR (MDCR)
2925600;918785.2899999999;17.81;2025;Custeio;BCB/SICOR (MDCR)
2925600;8628014.11;28.0;2025;Investimento;BCB/SICOR (MDCR)
2925709;4777396.74;538.02;2025;Custeio;BCB/SICOR (MDCR)
2925709;6858333.16;445.59999999999997;2025;Investimento;BCB/SICOR (MDCR)
2925758;5990296.66;510.4;2025;Custeio;BCB/SICOR (MDCR)
2925758;19410094.4;495.44;2025;Investimento;BCB/SICOR (MDCR)
2925808;6584584.15;2131.74;2025;Custeio;BCB/SICOR (MDCR)
2925808;8780289.82;1115.38;2025;Investimento;BCB/SICOR (MDCR)
2925907;6588519.34;1228.29;2025;Custeio;BCB/SICOR (MDCR)
2925907;23870720.52;448.32;2025;Investimento;BCB/SICOR (MDCR)
2925931;2568536.69;339.08;2025;Custeio;BCB/SICOR (MDCR)
2925931;5390419.81;117.73;2025;Investimento;BCB/SICOR (MDCR)
2925956;2089131.4;774.4300000000001;2025;Custeio;BCB/SICOR (MDCR)
2925956;8808464.05;279.53999999999996;2025;Investimento;BCB/SICOR (MDCR)
2926004;12101998.5;2618.92;2025;Custeio;BCB/SICOR (MDCR)
2926004;35292485.21;754.65;2025;Investimento;BCB/SICOR (MDCR)
2926103;2042884.28;193.48;2025;Custeio;BCB/SICOR (MDCR)
2926103;7126168.32;241.74;2025;Investimento;BCB/SICOR (MDCR)
2926202;345280403.44;80963.35;2025;Custeio;BCB/SICOR (MDCR)
2926202;113258437.65;4898.68;2025;Investimento;BCB/SICOR (MDCR)
2926301;9811213.11;1283.52;2025;Custeio;BCB/SICOR (MDCR)
2926301;14019128.38;1369.06;2025;Investimento;BCB/SICOR (MDCR)
2926400;7136061.49;1254.03;2025;Custeio;BCB/SICOR (MDCR)
2926400;22408123.87;1019.1800000000001;2025;Investimento;BCB/SICOR (MDCR)
2926509;22189845.330000002;4650.88;2025;Custeio;BCB/SICOR (MDCR)
2926509;6052121.35;377.28;2025;Investimento;BCB/SICOR (MDCR)
2926608;32814361.18;3583.34;2025;Custeio;BCB/SICOR (MDCR)
2926608;17131180.95;813.32;2025;Investimento;BCB/SICOR (MDCR)
2926657;9086125.91;2967.16;2025;Custeio;BCB/SICOR (MDCR)
2926657;18141376.45;4150.02;2025;Investimento;BCB/SICOR (MDCR)
2926707;3709594.12;519.9;2025;Custeio;BCB/SICOR (MDCR)
2926707;4058237.11;117.74;2025;Investimento;BCB/SICOR (MDCR)
2926806;2149034.75;611.14;2025;Custeio;BCB/SICOR (MDCR)
2926806;9818777.49;257.88;2025;Investimento;BCB/SICOR (MDCR)
2926905;1056952.16;154.93;2025;Custeio;BCB/SICOR (MDCR)
2926905;3155308.32;173.65;2025;Investimento;BCB/SICOR (MDCR)
2927002;23826445.69;3487.5099999999998;2025;Custeio;BCB/SICOR (MDCR)
2927002;14314411.83;337.31;2025;Investimento;BCB/SICOR (MDCR)
2927101;3223712.02;237.26999999999998;2025;Custeio;BCB/SICOR (MDCR)
2927101;3093712.7;96.49;2025;Investimento;BCB/SICOR (MDCR)
2927200;4354018.61;1396.57;2025;Custeio;BCB/SICOR (MDCR)
2927200;7036676.07;178.39000000000001;2025;Investimento;BCB/SICOR (MDCR)
2927309;169000.0;0.0;2025;Investimento;BCB/SICOR (MDCR)
2927408;7022007.33;0.0;2025;Investimento;BCB/SICOR (MDCR)
2927507;710152.0;93.60000000000001;2025;Custeio;BCB/SICOR (MDCR)
2927507;8411195.71;67.99;2025;Investimento;BCB/SICOR (MDCR)
2927606;10983212.36;2386.51;2025;Custeio;BCB/SICOR (MDCR)
2927606;7292750.0;256.95;2025;Investimento;BCB/SICOR (MDCR)
2927705;24057167.25;1314.24;2025;Custeio;BCB/SICOR (MDCR)
2927705;14137669.69;402.54;2025;Investimento;BCB/SICOR (MDCR)
2927804;686909.12;428.25;2025;Custeio;BCB/SICOR (MDCR)
2927804;870573.12;79.53;2025;Investimento;BCB/SICOR (MDCR)
2927903;436956.85;109.49;2025;Custeio;BCB/SICOR (MDCR)
2927903;3501558.2;147.97;2025;Investimento;BCB/SICOR (MDCR)
2928000;9865931.84;2797.92;2025;Custeio;BCB/SICOR (MDCR)
2928000;19593058.09;2225.26;2025;Investimento;BCB/SICOR (MDCR)
2928059;9470135.42;856.23;2025;Custeio;BCB/SICOR (MDCR)
2928059;8338578.96;194.7;2025;Investimento;BCB/SICOR (MDCR)
2928109;15238601.61;2018.07;2025;Custeio;BCB/SICOR (MDCR)
2928109;36514984.39;1622.5;2025;Investimento;BCB/SICOR (MDCR)
2928208;11433584.5;1238.71;2025;Custeio;BCB/SICOR (MDCR)
2928208;18982215.419999998;980.0699999999999;2025;Investimento;BCB/SICOR (MDCR)
2928307;1104484.58;125.36;2025;Custeio;BCB/SICOR (MDCR)
2928307;3863769.44;24.38;2025;Investimento;BCB/SICOR (MDCR)
2928406;99701864.09;23712.55;2025;Custeio;BCB/SICOR (MDCR)
2928406;38415773.37;5381.56;2025;Investimento;BCB/SICOR (MDCR)
2928505;1220211.26;64.12;2025;Custeio;BCB/SICOR (MDCR)
2928505;10264087.9;125.34;2025;Investimento;BCB/SICOR (MDCR)
2928604;1499970.7;0.8200000000000001;2025;Custeio;BCB/SICOR (MDCR)
2928604;114600.0;2.95;2025;Investimento;BCB/SICOR (MDCR)
2928703;138087.62;6.12;2025;Custeio;BCB/SICOR (MDCR)
2928703;13949120.99;128.71;2025;Investimento;BCB/SICOR (MDCR)
2928802;329120.0;13.54;2025;Custeio;BCB/SICOR (MDCR)
2928802;2862957.0;4.35;2025;Investimento;BCB/SICOR (MDCR)
2928901;933089849.53;151520.92;2025;Custeio;BCB/SICOR (MDCR)
2928901;383409091.62;23398.329999999998;2025;Investimento;BCB/SICOR (MDCR)
2928950;3235363.7199999997;945.02;2025;Custeio;BCB/SICOR (MDCR)
2928950;3790341.6;288.2;2025;Investimento;BCB/SICOR (MDCR)
2929008;1035878.1799999999;355.03999999999996;2025;Custeio;BCB/SICOR (MDCR)
2929008;2132128.88;66.67;2025;Investimento;BCB/SICOR (MDCR)
2929057;42044708.29;5848.25;2025;Custeio;BCB/SICOR (MDCR)
2929057;38527814.71;4191.41;2025;Investimento;BCB/SICOR (MDCR)
2929107;853200.0;52.37;2025;Custeio;BCB/SICOR (MDCR)
2929107;2758389.16;22.89;2025;Investimento;BCB/SICOR (MDCR)
2929255;3128410.39;676.0799999999999;2025;Custeio;BCB/SICOR (MDCR)
2929255;10093631.23;169.37;2025;Investimento;BCB/SICOR (MDCR)
2929305;820558.8;62.010000000000005;2025;Custeio;BCB/SICOR (MDCR)
2929305;429840.69;1.71;2025;Investimento;BCB/SICOR (MDCR)
2929354;999000.0;118.39;2025;Custeio;BCB/SICOR (MDCR)
2929354;1865957.26;96.43;2025;Investimento;BCB/SICOR (MDCR)
2929370;1812014.43;341.57;2025;Custeio;BCB/SICOR (MDCR)
2929370;8065392.77;449.93;2025;Investimento;BCB/SICOR (MDCR)
2929404;617266.78;137.23000000000002;2025;Custeio;BCB/SICOR (MDCR)
2929404;1541099.6300000001;43.29;2025;Investimento;BCB/SICOR (MDCR)
2929503;1000000.0;162.13;2025;Custeio;BCB/SICOR (MDCR)
2929503;1572885.27;3.81;2025;Investimento;BCB/SICOR (MDCR)
2929602;567373.35;37.51;2025;Custeio;BCB/SICOR (MDCR)
2929602;2504935.66;24.61;2025;Investimento;BCB/SICOR (MDCR)
2929701;18133225.7;3431.88;2025;Custeio;BCB/SICOR (MDCR)
2929701;9777460.120000001;267.19;2025;Investimento;BCB/SICOR (MDCR)
2929750;97000.0;0.0;2025;Investimento;BCB/SICOR (MDCR)
2929800;396687.88;53.23;2025;Custeio;BCB/SICOR (MDCR)
2929800;2504683.0;73.98;2025;Investimento;BCB/SICOR (MDCR)
2929909;2790359.31;294.49;2025;Custeio;BCB/SICOR (MDCR)
2929909;10955433.34;355.5;2025;Investimento;BCB/SICOR (MDCR)
2930006;3967791.75;891.01;2025;Custeio;BCB/SICOR (MDCR)
2930006;16188775.870000001;1885.0800000000002;2025;Investimento;BCB/SICOR (MDCR)
2930105;6009899.01;1265.28;2025;Custeio;BCB/SICOR (MDCR)
2930105;3895370.95;108.41;2025;Investimento;BCB/SICOR (MDCR)
2930154;43973670.05;1865.78;2025;Custeio;BCB/SICOR (MDCR)
2930154;32550574.12;1112.55;2025;Investimento;BCB/SICOR (MDCR)
2930204;22604170.36;3612.34;2025;Custeio;BCB/SICOR (MDCR)
2930204;24450773.62;1478.1;2025;Investimento;BCB/SICOR (MDCR)
2930303;14811502.69;2981.7;2025;Custeio;BCB/SICOR (MDCR)
2930303;23417055.8;1552.13;2025;Investimento;BCB/SICOR (MDCR)
2930402;792742.9199999999;236.11;2025;Custeio;BCB/SICOR (MDCR)
2930402;2182609.66;183.93;2025;Investimento;BCB/SICOR (MDCR)
2930501;2659549.2199999997;497.36;2025;Custeio;BCB/SICOR (MDCR)
2930501;7511841.6899999995;187.64000000000001;2025;Investimento;BCB/SICOR (MDCR)
2930600;785640.95;127.17;2025;Custeio;BCB/SICOR (MDCR)
2930600;3913894.5;149.77;2025;Investimento;BCB/SICOR (MDCR)
2930709;177800.0;0.0;2025;Investimento;BCB/SICOR (MDCR)
2930758;27205709.02;11092.91;2025;Custeio;BCB/SICOR (MDCR)
2930758;18983549.67;1392.8600000000001;2025;Investimento;BCB/SICOR (MDCR)
2930766;26326671.6;5454.75;2025;Custeio;BCB/SICOR (MDCR)
2930766;13599244.94;703.89;2025;Investimento;BCB/SICOR (MDCR)
2930774;4617543.82;417.71;2025;Custeio;BCB/SICOR (MDCR)
2930774;5517946.14;80.84;2025;Investimento;BCB/SICOR (MDCR)
2930808;4919876.76;993.75;2025;Custeio;BCB/SICOR (MDCR)
2930808;8773188.14;157.68;2025;Investimento;BCB/SICOR (MDCR)
2930907;16408962.46;3507.53;2025;Custeio;BCB/SICOR (MDCR)
2930907;12507668.48;683.42;2025;Investimento;BCB/SICOR (MDCR)
2931004;7612328.57;1634.75;2025;Custeio;BCB/SICOR (MDCR)
2931004;12724507.18;1243.3;2025;Investimento;BCB/SICOR (MDCR)
2931053;2440354.23;470.92;2025;Custeio;BCB/SICOR (MDCR)
2931053;15077910.55;209.02;2025;Investimento;BCB/SICOR (MDCR)
2931103;469560.72;90.59;2025;Custeio;BCB/SICOR (MDCR)
2931103;982101.86;9.2;2025;Investimento;BCB/SICOR (MDCR)
2931202;1059142.11;96.3;2025;Custeio;BCB/SICOR (MDCR)
2931202;13008095.86;455.52;2025;Investimento;BCB/SICOR (MDCR)
2931301;3709109.79;844.06;2025;Custeio;BCB/SICOR (MDCR)
2931301;7792323.36;230.07;2025;Investimento;BCB/SICOR (MDCR)
2931350;39208519.24;4509.82;2025;Custeio;BCB/SICOR (MDCR)
2931350;21614891.89;532.83;2025;Investimento;BCB/SICOR (MDCR)
2931400;179134.18;37.07;2025;Custeio;BCB/SICOR (MDCR)
2931400;303647.54000000004;1.16;2025;Investimento;BCB/SICOR (MDCR)
2931509;1683806.03;202.05;2025;Custeio;BCB/SICOR (MDCR)
2931509;4770651.13;101.59;2025;Investimento;BCB/SICOR (MDCR)
2931608;551572.78;39.7;2025;Custeio;BCB/SICOR (MDCR)
2931608;3258216.72;96.99;2025;Investimento;BCB/SICOR (MDCR)
2931707;390000.0;13.55;2025;Custeio;BCB/SICOR (MDCR)
2931707;50000.0;1.0;2025;Investimento;BCB/SICOR (MDCR)
2931806;2089072.14;447.05;2025;Custeio;BCB/SICOR (MDCR)
2931806;11268018.54;1485.48;2025;Investimento;BCB/SICOR (MDCR)
2931905;23784808.95;5289.56;2025;Custeio;BCB/SICOR (MDCR)
2931905;29482401.44;1517.27;2025;Investimento;BCB/SICOR (MDCR)
2932002;6073035.91;897.6899999999999;2025;Custeio;BCB/SICOR (MDCR)
2932002;21404071.29;601.36;2025;Investimento;BCB/SICOR (MDCR)
2932101;3144645.63;477.34000000000003;2025;Custeio;BCB/SICOR (MDCR)
2932101;3667861.5;167.79;2025;Investimento;BCB/SICOR (MDCR)
2932200;51481.16;5.99;2025;Custeio;BCB/SICOR (MDCR)
2932200;901019.0;53.1;2025;Investimento;BCB/SICOR (MDCR)
2932309;23000.0;0.0;2025;Custeio;BCB/SICOR (MDCR)
2932309;930897.78;22.08;2025;Investimento;BCB/SICOR (MDCR)
2932408;1679343.48;109.04;2025;Custeio;BCB/SICOR (MDCR)
2932408;5020370.86;38.089999999999996;2025;Investimento;BCB/SICOR (MDCR)
2932457;988119.77;250.13;2025;Custeio;BCB/SICOR (MDCR)
2932457;608361.3099999999;26.78;2025;Investimento;BCB/SICOR (MDCR)
2932507;10553813.76;561.02;2025;Custeio;BCB/SICOR (MDCR)
2932507;8045815.87;295.36;2025;Investimento;BCB/SICOR (MDCR)
2932606;3329712.7399999998;991.31;2025;Custeio;BCB/SICOR (MDCR)
2932606;8735750.41;349.59;2025;Investimento;BCB/SICOR (MDCR)
2932705;1408754.4;115.53;2025;Custeio;BCB/SICOR (MDCR)
2932705;4027739.46;152.82;2025;Investimento;BCB/SICOR (MDCR)
2932804;3765596.9899999998;693.82;2025;Custeio;BCB/SICOR (MDCR)
2932804;3707830.25;138.0;2025;Investimento;BCB/SICOR (MDCR)
2932903;2263905.24;246.6;2025;Custeio;BCB/SICOR (MDCR)
2932903;26014846.98;741.85;2025;Investimento;BCB/SICOR (MDCR)
2933000;2299217.74;614.32;2025;Custeio;BCB/SICOR (MDCR)
2933000;7576130.9;354.13;2025;Investimento;BCB/SICOR (MDCR)
2933059;1032771.6799999999;123.86;2025;Custeio;BCB/SICOR (MDCR)
2933059;11017341.28;485.78;2025;Investimento;BCB/SICOR (MDCR)
2933109;663638.41;81.59;2025;Custeio;BCB/SICOR (MDCR)
2933109;4724015.7;56.13;2025;Investimento;BCB/SICOR (MDCR)
2933158;3720672.0300000003;655.22;2025;Custeio;BCB/SICOR (MDCR)
2933158;5215501.92;138.92;2025;Investimento;BCB/SICOR (MDCR)
2933174;883446.26;113.37;2025;Custeio;BCB/SICOR (MDCR)
2933174;3097350.33;200.42;2025;Investimento;BCB/SICOR (MDCR)
2933208;76000.0;0.0;2025;Investimento;BCB/SICOR (MDCR)
2933257;24208452.74;2801.03;2025;Custeio;BCB/SICOR (MDCR)
2933257;6865434.37;293.15000000000003;2025;Investimento;BCB/SICOR (MDCR)
2933307;20404061.330000002;2441.17;2025;Custeio;BCB/SICOR (MDCR)
2933307;25990791.97;1974.96;2025;Investimento;BCB/SICOR (MDCR)
2933406;3120589.44;280.94;2025;Custeio;BCB/SICOR (MDCR)
2933406;6008711.6;863.29;2025;Investimento;BCB/SICOR (MDCR)
2933455;52033704.75;16949.7;2025;Custeio;BCB/SICOR (MDCR)
2933455;24595957.92;3316.05;2025;Investimento;BCB/SICOR (MDCR)
2933505;2056740.59;111.6;2025;Custeio;BCB/SICOR (MDCR)
2933505;4927588.11;114.23;2025;Investimento;BCB/SICOR (MDCR)
2933604;26429289.5;2916.94;2025;Custeio;BCB/SICOR (MDCR)
2933604;18028662.1;1738.4099999999999;2025;Investimento;BCB/SICOR (MDCR)
3100104;72659589.33;7962.62;2025;Custeio;BCB/SICOR (MDCR)
3100104;19884607.4;1308.93;2025;Investimento;BCB/SICOR (MDCR)
3100203;66084550.82;5098.25;2025;Custeio;BCB/SICOR (MDCR)
3100203;22467657.25;1135.73;2025;Investimento;BCB/SICOR (MDCR)
3100302;28802663.87;1938.91;2025;Custeio;BCB/SICOR (MDCR)
3100302;21834988.19;968.9;2025;Investimento;BCB/SICOR (MDCR)
3100401;506702.85;89.53999999999999;2025;Custeio;BCB/SICOR (MDCR)
3100401;664366.6;39.0;2025;Investimento;BCB/SICOR (MDCR)
3100500;9812301.57;1599.3;2025;Custeio;BCB/SICOR (MDCR)
3100500;9481272.4;408.03;2025;Investimento;BCB/SICOR (MDCR)
3100609;27497898.73;2374.97;2025;Custeio;BCB/SICOR (MDCR)
3100609;22564916.22;1285.83;2025;Investimento;BCB/SICOR (MDCR)
3100708;51829935.12;8267.3;2025;Custeio;BCB/SICOR (MDCR)
3100708;8390006.87;2.9499999999999997;2025;Investimento;BCB/SICOR (MDCR)
3100807;27411661.8;2226.63;2025;Custeio;BCB/SICOR (MDCR)
3100807;8192222.63;127.49;2025;Investimento;BCB/SICOR (MDCR)
3100906;8094904.79;1703.94;2025;Custeio;BCB/SICOR (MDCR)
3100906;13712699.399999999;520.48;2025;Investimento;BCB/SICOR (MDCR)
3101003;24562487.29;1183.68;2025;Custeio;BCB/SICOR (MDCR)
3101003;30141277.28;973.89;2025;Investimento;BCB/SICOR (MDCR)
3101102;34042511.86;3659.74;2025;Custeio;BCB/SICOR (MDCR)
3101102;30127495.78;1182.74;2025;Investimento;BCB/SICOR (MDCR)
3101201;25778033.92;3090.71;2025;Custeio;BCB/SICOR (MDCR)
3101201;9887718.67;515.43;2025;Investimento;BCB/SICOR (MDCR)
3101300;2896597.78;515.89;2025;Custeio;BCB/SICOR (MDCR)
3101300;1679496.0;106.85000000000001;2025;Investimento;BCB/SICOR (MDCR)
3101409;3253167.5100000002;143.06;2025;Custeio;BCB/SICOR (MDCR)
3101409;2514401.6;8.02;2025;Investimento;BCB/SICOR (MDCR)
3101508;8008602.57;1121.84;2025;Custeio;BCB/SICOR (MDCR)
3101508;3933460.46;334.78000000000003;2025;Investimento;BCB/SICOR (MDCR)
3101607;113082609.4;7295.83;2025;Custeio;BCB/SICOR (MDCR)
3101607;18722940.32;272.51;2025;Investimento;BCB/SICOR (MDCR)
3101631;12485396.81;543.0699999999999;2025;Custeio;BCB/SICOR (MDCR)
3101631;6949975.07;35.76;2025;Investimento;BCB/SICOR (MDCR)
3101706;28337991.03;5902.29;2025;Custeio;BCB/SICOR (MDCR)
3101706;19905233.06;3624.56;2025;Investimento;BCB/SICOR (MDCR)
3101805;10035944.700000001;980.4;2025;Custeio;BCB/SICOR (MDCR)
3101805;4018903.0;169.23;2025;Investimento;BCB/SICOR (MDCR)
3101904;138493216.93;3498.7400000000002;2025;Custeio;BCB/SICOR (MDCR)
3101904;36233840.67;169.05;2025;Investimento;BCB/SICOR (MDCR)
3102001;55109835.93;2814.86;2025;Custeio;BCB/SICOR (MDCR)
3102001;18956041.93;335.46;2025;Investimento;BCB/SICOR (MDCR)
3102050;9969217.5;340.11;2025;Custeio;BCB/SICOR (MDCR)
3102050;4862823.29;35.160000000000004;2025;Investimento;BCB/SICOR (MDCR)
3102100;11945070.2;961.13;2025;Custeio;BCB/SICOR (MDCR)
3102100;4507702.4;171.4;2025;Investimento;BCB/SICOR (MDCR)
3102209;10795667.63;953.62;2025;Custeio;BCB/SICOR (MDCR)
3102209;8333994.7;358.69;2025;Investimento;BCB/SICOR (MDCR)
3102308;15185587.0;3841.23;2025;Custeio;BCB/SICOR (MDCR)
3102308;7757614.0;562.74;2025;Investimento;BCB/SICOR (MDCR)
3102407;2398051.43;454.74;2025;Custeio;BCB/SICOR (MDCR)
3102407;1940000.0;216.05;2025;Investimento;BCB/SICOR (MDCR)
3102506;7873692.71;270.96;2025;Custeio;BCB/SICOR (MDCR)
3102506;1443123.3;150.59;2025;Investimento;BCB/SICOR (MDCR)
3102605;45653166.77;1684.77;2025;Custeio;BCB/SICOR (MDCR)
3102605;23117224.37;102.98;2025;Investimento;BCB/SICOR (MDCR)
3102704;2877949.93;653.27;2025;Custeio;BCB/SICOR (MDCR)
3102704;3864419.51;406.38;2025;Investimento;BCB/SICOR (MDCR)
3102803;52279571.98;8115.28;2025;Custeio;BCB/SICOR (MDCR)
3102803;12283661.18;892.62;2025;Investimento;BCB/SICOR (MDCR)
3102852;19837465.82;686.54;2025;Custeio;BCB/SICOR (MDCR)
3102852;3780670.24;65.3;2025;Investimento;BCB/SICOR (MDCR)
3102902;12275937.17;925.28;2025;Custeio;BCB/SICOR (MDCR)
3102902;3736988.51;86.45;2025;Investimento;BCB/SICOR (MDCR)
3103009;1770380.03;417.61;2025;Custeio;BCB/SICOR (MDCR)
3103009;856890.0;96.91;2025;Investimento;BCB/SICOR (MDCR)
3103108;9466059.07;518.47;2025;Custeio;BCB/SICOR (MDCR)
3103108;2405336.64;191.42000000000002;2025;Investimento;BCB/SICOR (MDCR)
3103207;1856025.61;314.06;2025;Custeio;BCB/SICOR (MDCR)
3103207;2875298.25;244.54;2025;Investimento;BCB/SICOR (MDCR)
3103306;3356257.1;192.04;2025;Custeio;BCB/SICOR (MDCR)
3103306;1862000.0;104.71;2025;Investimento;BCB/SICOR (MDCR)
3103405;21810404.599999998;2250.34;2025;Custeio;BCB/SICOR (MDCR)
3103405;20882446.97;1368.68;2025;Investimento;BCB/SICOR (MDCR)
3103504;405543644.86;28003.02;2025;Custeio;BCB/SICOR (MDCR)
3103504;129673264.31;5301.3099999999995;2025;Investimento;BCB/SICOR (MDCR)
3103603;791105.39;414.9;2025;Custeio;BCB/SICOR (MDCR)
3103603;209999.9;14.87;2025;Investimento;BCB/SICOR (MDCR)
3103702;21202941.63;842.51;2025;Custeio;BCB/SICOR (MDCR)
3103702;16103943.61;138.42;2025;Investimento;BCB/SICOR (MDCR)
3103751;10143123.54;1294.0;2025;Custeio;BCB/SICOR (MDCR)
3103751;7710488.52;171.2;2025;Investimento;BCB/SICOR (MDCR)
3103801;18121506.71;1241.38;2025;Custeio;BCB/SICOR (MDCR)
3103801;6542516.6;374.15;2025;Investimento;BCB/SICOR (MDCR)
3103900;15207583.03;855.72;2025;Custeio;BCB/SICOR (MDCR)
3103900;2266468.2;104.73;2025;Investimento;BCB/SICOR (MDCR)
3104007;95107039.5;9072.17;2025;Custeio;BCB/SICOR (MDCR)
3104007;18974276.009999998;382.49;2025;Investimento;BCB/SICOR (MDCR)
3104106;12152947.53;795.4;2025;Custeio;BCB/SICOR (MDCR)
3104106;548727.6799999999;17.07;2025;Investimento;BCB/SICOR (MDCR)
3104205;26094294.25;1529.71;2025;Custeio;BCB/SICOR (MDCR)
3104205;2987190.55;84.69;2025;Investimento;BCB/SICOR (MDCR)
3104304;73124680.88;2571.09;2025;Custeio;BCB/SICOR (MDCR)
3104304;7696486.6;103.94;2025;Investimento;BCB/SICOR (MDCR)
3104403;5057064.84;476.24;2025;Custeio;BCB/SICOR (MDCR)
3104403;3217042.54;305.12;2025;Investimento;BCB/SICOR (MDCR)
3104452;7419443.04;499.87;2025;Custeio;BCB/SICOR (MDCR)
3104452;6598777.19;299.82;2025;Investimento;BCB/SICOR (MDCR)
3104502;77330286.83;13093.42;2025;Custeio;BCB/SICOR (MDCR)
3104502;35523481.57;3018.61;2025;Investimento;BCB/SICOR (MDCR)
3104601;2285369.05;142.5;2025;Custeio;BCB/SICOR (MDCR)
3104601;5412762.3;60.71;2025;Investimento;BCB/SICOR (MDCR)
3104700;35907760.81;6303.13;2025;Custeio;BCB/SICOR (MDCR)
3104700;15453974.03;2102.26;2025;Investimento;BCB/SICOR (MDCR)
3104809;4172014.56;1116.4;2025;Custeio;BCB/SICOR (MDCR)
3104809;2619534.12;443.21;2025;Investimento;BCB/SICOR (MDCR)
3104908;18706331.77;2243.64;2025;Custeio;BCB/SICOR (MDCR)
3104908;4302341.61;155.19;2025;Investimento;BCB/SICOR (MDCR)
3105004;4442653.48;476.75;2025;Custeio;BCB/SICOR (MDCR)
3105004;3183772.73;118.38;2025;Investimento;BCB/SICOR (MDCR)
3105103;61383712.08;8513.18;2025;Custeio;BCB/SICOR (MDCR)
3105103;16635698.61;1150.27;2025;Investimento;BCB/SICOR (MDCR)
3105202;3796962.8000000003;790.16;2025;Custeio;BCB/SICOR (MDCR)
3105202;8536674.44;819.87;2025;Investimento;BCB/SICOR (MDCR)
3105301;1239966.93;68.96;2025;Custeio;BCB/SICOR (MDCR)
3105301;1049720.98;6.970000000000001;2025;Investimento;BCB/SICOR (MDCR)
3105400;79660.86;3.23;2025;Custeio;BCB/SICOR (MDCR)
3105400;270000.0;40.580000000000005;2025;Investimento;BCB/SICOR (MDCR)
3105509;10007975.36;869.31;2025;Custeio;BCB/SICOR (MDCR)
3105509;2861401.34;176.42;2025;Investimento;BCB/SICOR (MDCR)
3105608;30253742.0;1645.64;2025;Custeio;BCB/SICOR (MDCR)
3105608;18941415.55;310.42;2025;Investimento;BCB/SICOR (MDCR)
3105707;4272964.0;1003.05;2025;Custeio;BCB/SICOR (MDCR)
3105707;6698220.12;454.83;2025;Investimento;BCB/SICOR (MDCR)
3105905;718266.99;143.07999999999998;2025;Custeio;BCB/SICOR (MDCR)
3105905;349000.0;12.59;2025;Investimento;BCB/SICOR (MDCR)
3106002;1236969.97;150.65;2025;Custeio;BCB/SICOR (MDCR)
3106002;586927.3;57.24;2025;Investimento;BCB/SICOR (MDCR)
3106101;1262415.57;200.76;2025;Custeio;BCB/SICOR (MDCR)
3106101;862425.0;10.61;2025;Investimento;BCB/SICOR (MDCR)
3106200;3189281.89;0.0;2025;Custeio;BCB/SICOR (MDCR)
3106200;3135000.0;0.0;2025;Investimento;BCB/SICOR (MDCR)
3106309;1892387.48;500.71;2025;Custeio;BCB/SICOR (MDCR)
3106309;3625731.02;283.2;2025;Investimento;BCB/SICOR (MDCR)
3106408;13623923.02;1532.74;2025;Custeio;BCB/SICOR (MDCR)
3106408;4565481.95;191.9;2025;Investimento;BCB/SICOR (MDCR)
3106507;2297562.34;749.98;2025;Custeio;BCB/SICOR (MDCR)
3106507;6032502.66;659.2;2025;Investimento;BCB/SICOR (MDCR)
3106606;6322505.3;1010.82;2025;Custeio;BCB/SICOR (MDCR)
3106606;2826377.19;310.65;2025;Investimento;BCB/SICOR (MDCR)
3106655;724069.1699999999;94.26;2025;Custeio;BCB/SICOR (MDCR)
3106655;5542494.22;280.88;2025;Investimento;BCB/SICOR (MDCR)
3106705;582000.0;19.799999999999997;2025;Custeio;BCB/SICOR (MDCR)
3106705;1200000.0;0.0;2025;Investimento;BCB/SICOR (MDCR)
3106804;1997834.8299999998;175.86;2025;Custeio;BCB/SICOR (MDCR)
3106804;1080395.0;33.64;2025;Investimento;BCB/SICOR (MDCR)
3106903;1608173.68;192.72;2025;Custeio;BCB/SICOR (MDCR)
3106903;350000.0;49.88;2025;Investimento;BCB/SICOR (MDCR)
3107000;9900658.19;863.63;2025;Custeio;BCB/SICOR (MDCR)
3107000;2309500.0;351.58;2025;Investimento;BCB/SICOR (MDCR)
3107109;182391215.31;7203.0;2025;Custeio;BCB/SICOR (MDCR)
3107109;77813439.42;961.38;2025;Investimento;BCB/SICOR (MDCR)
3107208;549419.45;134.16;2025;Custeio;BCB/SICOR (MDCR)
3107208;811000.0;66.38;2025;Investimento;BCB/SICOR (MDCR)
3107307;48077384.74;6732.66;2025;Custeio;BCB/SICOR (MDCR)
3107307;32567610.66;3767.78;2025;Investimento;BCB/SICOR (MDCR)
3107406;97380997.59;5123.01;2025;Custeio;BCB/SICOR (MDCR)
3107406;21896398.92;538.55;2025;Investimento;BCB/SICOR (MDCR)
3107505;2723796.02;882.3;2025;Custeio;BCB/SICOR (MDCR)
3107505;611290.0;54.81;2025;Investimento;BCB/SICOR (MDCR)
3107604;28393862.35;1785.17;2025;Custeio;BCB/SICOR (MDCR)
3107604;11864293.379999999;79.86;2025;Investimento;BCB/SICOR (MDCR)
3107703;7383499.75;225.25;2025;Custeio;BCB/SICOR (MDCR)
3107703;1364300.0;40.3;2025;Investimento;BCB/SICOR (MDCR)
3107802;15708246.53;1184.52;2025;Custeio;BCB/SICOR (MDCR)
3107802;19462428.11;1111.13;2025;Investimento;BCB/SICOR (MDCR)
3107901;27312730.47;395.11;2025;Custeio;BCB/SICOR (MDCR)
3107901;12334948.57;34.79;2025;Investimento;BCB/SICOR (MDCR)
3108008;33847796.660000004;4155.97;2025;Custeio;BCB/SICOR (MDCR)
3108008;12124385.04;308.19;2025;Investimento;BCB/SICOR (MDCR)
3108107;5178202.32;641.02;2025;Custeio;BCB/SICOR (MDCR)
3108107;3720699.6;119.33;2025;Investimento;BCB/SICOR (MDCR)
3108206;101161997.51;16815.75;2025;Custeio;BCB/SICOR (MDCR)
3108206;43667819.7;6027.73;2025;Investimento;BCB/SICOR (MDCR)
3108255;7952537.42;1247.92;2025;Custeio;BCB/SICOR (MDCR)
3108255;12012220.24;893.08;2025;Investimento;BCB/SICOR (MDCR)
3108305;9884003.58;1186.57;2025;Custeio;BCB/SICOR (MDCR)
3108305;4645265.79;209.97;2025;Investimento;BCB/SICOR (MDCR)
3108404;37211899.48;2054.67;2025;Custeio;BCB/SICOR (MDCR)
3108404;14727517.33;95.14;2025;Investimento;BCB/SICOR (MDCR)
3108503;1578348.2;332.46;2025;Custeio;BCB/SICOR (MDCR)
3108503;5759539.96;442.42;2025;Investimento;BCB/SICOR (MDCR)
3108552;32767055.62;5032.41;2025;Custeio;BCB/SICOR (MDCR)
3108552;13364127.83;2657.25;2025;Investimento;BCB/SICOR (MDCR)
3108602;16299082.04;3698.35;2025;Custeio;BCB/SICOR (MDCR)
3108602;34908807.0;2489.22;2025;Investimento;BCB/SICOR (MDCR)
3108701;1220501.34;178.73;2025;Custeio;BCB/SICOR (MDCR)
3108701;787000.0;57.87;2025;Investimento;BCB/SICOR (MDCR)
3108800;3716565.01;766.5500000000001;2025;Custeio;BCB/SICOR (MDCR)
3108800;3515836.73;335.39;2025;Investimento;BCB/SICOR (MDCR)
3108909;4545154.75;568.36;2025;Custeio;BCB/SICOR (MDCR)
3108909;2414735.04;62.5;2025;Investimento;BCB/SICOR (MDCR)
3109006;3214435.83;116.96;2025;Custeio;BCB/SICOR (MDCR)
3109006;751950.94;4.13;2025;Investimento;BCB/SICOR (MDCR)
3109105;13494161.21;805.43;2025;Custeio;BCB/SICOR (MDCR)
3109105;12150039.879999999;201.81;2025;Investimento;BCB/SICOR (MDCR)
3109204;4972020.7700000005;1391.37;2025;Custeio;BCB/SICOR (MDCR)
3109204;10710395.15;1865.06;2025;Investimento;BCB/SICOR (MDCR)
3109253;4847403.0600000005;608.11;2025;Custeio;BCB/SICOR (MDCR)
3109253;2877008.94;220.52;2025;Investimento;BCB/SICOR (MDCR)
3109303;170742917.45;33885.64;2025;Custeio;BCB/SICOR (MDCR)
3109303;66194236.21;7887.7300000000005;2025;Investimento;BCB/SICOR (MDCR)
3109402;124596829.85;18500.19;2025;Custeio;BCB/SICOR (MDCR)
3109402;92470877.31;8021.950000000001;2025;Investimento;BCB/SICOR (MDCR)
3109451;67525354.89;13245.09;2025;Custeio;BCB/SICOR (MDCR)
3109451;19013622.95;1054.08;2025;Investimento;BCB/SICOR (MDCR)
3109501;79471084.85;3746.57;2025;Custeio;BCB/SICOR (MDCR)
3109501;13231979.12;261.45;2025;Investimento;BCB/SICOR (MDCR)
3109600;1270439.1500000001;68.89;2025;Custeio;BCB/SICOR (MDCR)
3109600;1019533.64;47.709999999999994;2025;Investimento;BCB/SICOR (MDCR)
3109709;14548621.83;837.68;2025;Custeio;BCB/SICOR (MDCR)
3109709;7506560.149999999;50.79;2025;Investimento;BCB/SICOR (MDCR)
3109808;31473348.52;3389.5099999999998;2025;Custeio;BCB/SICOR (MDCR)
3109808;2553911.25;79.87;2025;Investimento;BCB/SICOR (MDCR)
3109907;2689144.85;126.85000000000001;2025;Custeio;BCB/SICOR (MDCR)
3109907;358800.0;0.06;2025;Investimento;BCB/SICOR (MDCR)
3110004;1547060.99;126.62;2025;Custeio;BCB/SICOR (MDCR)
3110004;204300.0;0.0;2025;Investimento;BCB/SICOR (MDCR)
3110103;23229164.77;807.86;2025;Custeio;BCB/SICOR (MDCR)
3110103;16498479.95;135.47;2025;Investimento;BCB/SICOR (MDCR)
3110202;7952471.15;363.44;2025;Custeio;BCB/SICOR (MDCR)
3110202;3913532.96;41.07;2025;Investimento;BCB/SICOR (MDCR)
3110301;35318527.37;4322.95;2025;Custeio;BCB/SICOR (MDCR)
3110301;7756954.8100000005;157.73;2025;Investimento;BCB/SICOR (MDCR)
3110400;15818965.91;661.63;2025;Custeio;BCB/SICOR (MDCR)
3110400;14028918.34;179.09;2025;Investimento;BCB/SICOR (MDCR)
3110509;7013024.81;472.84000000000003;2025;Custeio;BCB/SICOR (MDCR)
3110509;5329867.27;42.3;2025;Investimento;BCB/SICOR (MDCR)
3110608;12243127.14;451.44;2025;Custeio;BCB/SICOR (MDCR)
3110608;3285972.56;1.68;2025;Investimento;BCB/SICOR (MDCR)
3110707;29549964.45;2746.74;2025;Custeio;BCB/SICOR (MDCR)
3110707;7213318.84;40.370000000000005;2025;Investimento;BCB/SICOR (MDCR)
3110806;10934084.56;1143.7;2025;Custeio;BCB/SICOR (MDCR)
3110806;3163186.5;114.8;2025;Investimento;BCB/SICOR (MDCR)
3110905;49171945.34;2403.9900000000002;2025;Custeio;BCB/SICOR (MDCR)
3110905;28815266.04;596.27;2025;Investimento;BCB/SICOR (MDCR)
3111002;60192936.62;3166.6;2025;Custeio;BCB/SICOR (MDCR)
3111002;26801687.35;257.44;2025;Investimento;BCB/SICOR (MDCR)
3111101;324073542.7;48346.09;2025;Custeio;BCB/SICOR (MDCR)
3111101;59070471.31;9704.2;2025;Investimento;BCB/SICOR (MDCR)
3111150;8196704.149999999;981.22;2025;Custeio;BCB/SICOR (MDCR)
3111150;6589367.0;512.43;2025;Investimento;BCB/SICOR (MDCR)
3111200;33197654.75;3735.29;2025;Custeio;BCB/SICOR (MDCR)
3111200;13729621.82;616.29;2025;Investimento;BCB/SICOR (MDCR)
3111309;12954755.52;484.69;2025;Custeio;BCB/SICOR (MDCR)
3111309;8046706.49;107.16;2025;Investimento;BCB/SICOR (MDCR)
3111408;100955889.32000001;14087.42;2025;Custeio;BCB/SICOR (MDCR)
3111408;29932643.72;2143.12;2025;Investimento;BCB/SICOR (MDCR)
3111507;210842307.47;5271.49;2025;Custeio;BCB/SICOR (MDCR)
3111507;63842463.56;577.77;2025;Investimento;BCB/SICOR (MDCR)
3111606;218430415.29;7562.64;2025;Custeio;BCB/SICOR (MDCR)
3111606;99339098.06;1106.19;2025;Investimento;BCB/SICOR (MDCR)
3111705;10084663.48;677.91;2025;Custeio;BCB/SICOR (MDCR)
3111705;10515005.41;221.73999999999998;2025;Investimento;BCB/SICOR (MDCR)
3111804;123019709.03999999;13665.6;2025;Custeio;BCB/SICOR (MDCR)
3111804;27733157.44;2130.0299999999997;2025;Investimento;BCB/SICOR (MDCR)
3111903;23739444.96;2534.72;2025;Custeio;BCB/SICOR (MDCR)
3111903;11537160.07;559.21;2025;Investimento;BCB/SICOR (MDCR)
3112000;57427385.66;4340.38;2025;Custeio;BCB/SICOR (MDCR)
3112000;42566396.42;779.97;2025;Investimento;BCB/SICOR (MDCR)
3112059;3582987.88;204.82999999999998;2025;Custeio;BCB/SICOR (MDCR)
3112059;1939838.8;78.03;2025;Investimento;BCB/SICOR (MDCR)
3112109;13683740.8;483.72;2025;Custeio;BCB/SICOR (MDCR)
3112109;13494878.63;52.58;2025;Investimento;BCB/SICOR (MDCR)
3112208;3050832.11;219.34;2025;Custeio;BCB/SICOR (MDCR)
3112208;1980335.28;19.47;2025;Investimento;BCB/SICOR (MDCR)
3112307;37360708.55;1810.6299999999999;2025;Custeio;BCB/SICOR (MDCR)
3112307;30470869.77;550.85;2025;Investimento;BCB/SICOR (MDCR)
3112406;107521416.92;4346.47;2025;Custeio;BCB/SICOR (MDCR)
3112406;35487774.26;625.26;2025;Investimento;BCB/SICOR (MDCR)
3112505;1101356.25;217.95;2025;Custeio;BCB/SICOR (MDCR)
3112505;300000.0;0.07;2025;Investimento;BCB/SICOR (MDCR)
3112604;82309725.45;14228.72;2025;Custeio;BCB/SICOR (MDCR)
3112604;14609096.54;1802.97;2025;Investimento;BCB/SICOR (MDCR)
3112653;3432905.08;766.36;2025;Custeio;BCB/SICOR (MDCR)
3112653;1527139.5;64.12;2025;Investimento;BCB/SICOR (MDCR)
3112703;45085783.19;9358.18;2025;Custeio;BCB/SICOR (MDCR)
3112703;9193612.99;1453.45;2025;Investimento;BCB/SICOR (MDCR)
3112802;42004036.27;2943.65;2025;Custeio;BCB/SICOR (MDCR)
3112802;5951176.43;124.9;2025;Investimento;BCB/SICOR (MDCR)
3112901;29720136.33;1124.65;2025;Custeio;BCB/SICOR (MDCR)
3112901;10403287.32;62.64;2025;Investimento;BCB/SICOR (MDCR)
3113008;26472403.82;2916.39;2025;Custeio;BCB/SICOR (MDCR)
3113008;21850989.15;1503.37;2025;Investimento;BCB/SICOR (MDCR)
3113107;2452731.94;183.56;2025;Custeio;BCB/SICOR (MDCR)
3113107;1302073.87;0.06;2025;Investimento;BCB/SICOR (MDCR)
3113206;33314320.12;2865.92;2025;Custeio;BCB/SICOR (MDCR)
3113206;13782087.7;139.7;2025;Investimento;BCB/SICOR (MDCR)
3113305;17027850.8;966.66;2025;Custeio;BCB/SICOR (MDCR)
3113305;15610632.82;205.85;2025;Investimento;BCB/SICOR (MDCR)
3113404;129381412.49;5229.27;2025;Custeio;BCB/SICOR (MDCR)
3113404;42479775.47;655.02;2025;Investimento;BCB/SICOR (MDCR)
3113503;2002299.49;200.88;2025;Custeio;BCB/SICOR (MDCR)
3113503;4894557.4;330.31;2025;Investimento;BCB/SICOR (MDCR)
3113602;6343870.88;639.86;2025;Custeio;BCB/SICOR (MDCR)
3113602;25218239.72;20.93;2025;Investimento;BCB/SICOR (MDCR)
3113701;80337931.55;18460.77;2025;Custeio;BCB/SICOR (MDCR)
3113701;29375800.04;4984.76;2025;Investimento;BCB/SICOR (MDCR)
3113800;5906359.15;487.25;2025;Custeio;BCB/SICOR (MDCR)
3113800;2554400.0;220.3;2025;Investimento;BCB/SICOR (MDCR)
3113909;112369964.07;5076.61;2025;Custeio;BCB/SICOR (MDCR)
3113909;20304034.31;629.5;2025;Investimento;BCB/SICOR (MDCR)
3114006;39094438.21;2286.0;2025;Custeio;BCB/SICOR (MDCR)
3114006;6385872.83;357.90999999999997;2025;Investimento;BCB/SICOR (MDCR)
3114105;34915510.3;1975.16;2025;Custeio;BCB/SICOR (MDCR)
3114105;9518803.87;529.09;2025;Investimento;BCB/SICOR (MDCR)
3114204;17779337.11;1373.86;2025;Custeio;BCB/SICOR (MDCR)
3114204;10227083.88;299.32;2025;Investimento;BCB/SICOR (MDCR)
3114303;319150019.95;15050.47;2025;Custeio;BCB/SICOR (MDCR)
3114303;76797736.19;2398.45;2025;Investimento;BCB/SICOR (MDCR)
3114402;179887028.39;8173.38;2025;Custeio;BCB/SICOR (MDCR)
3114402;69060055.29;857.78;2025;Investimento;BCB/SICOR (MDCR)
3114501;22278207.0;1495.6100000000001;2025;Custeio;BCB/SICOR (MDCR)
3114501;6476247.55;327.12;2025;Investimento;BCB/SICOR (MDCR)
3114550;78122700.4;17552.48;2025;Custeio;BCB/SICOR (MDCR)
3114550;29981072.46;2377.9500000000003;2025;Investimento;BCB/SICOR (MDCR)
3114600;27290410.81;5525.71;2025;Custeio;BCB/SICOR (MDCR)
3114600;4839956.25;245.63;2025;Investimento;BCB/SICOR (MDCR)
3114709;5757175.43;279.34;2025;Custeio;BCB/SICOR (MDCR)
3114709;1393408.69;8.77;2025;Investimento;BCB/SICOR (MDCR)
3114808;2405343.26;321.2;2025;Custeio;BCB/SICOR (MDCR)
3114808;427642.9;19.37;2025;Investimento;BCB/SICOR (MDCR)
3114907;12834686.66;1960.72;2025;Custeio;BCB/SICOR (MDCR)
3114907;6060329.14;65.53;2025;Investimento;BCB/SICOR (MDCR)
3115003;41502662.51;2079.67;2025;Custeio;BCB/SICOR (MDCR)
3115003;16244407.45;738.7;2025;Investimento;BCB/SICOR (MDCR)
3115102;71291110.74;5251.03;2025;Custeio;BCB/SICOR (MDCR)
3115102;12860473.92;273.09999999999997;2025;Investimento;BCB/SICOR (MDCR)
3115201;6879761.12;771.39;2025;Custeio;BCB/SICOR (MDCR)
3115201;1531519.91;37.87;2025;Investimento;BCB/SICOR (MDCR)
3115300;6803546.22;1764.23;2025;Custeio;BCB/SICOR (MDCR)
3115300;3268619.84;393.76;2025;Investimento;BCB/SICOR (MDCR)
3115359;329040.17;52.800000000000004;2025;Custeio;BCB/SICOR (MDCR)
3115409;4325645.63;66.34;2025;Custeio;BCB/SICOR (MDCR)
3115409;2295168.4;3.2399999999999998;2025;Investimento;BCB/SICOR (MDCR)
3115458;2904394.01;755.45;2025;Custeio;BCB/SICOR (MDCR)
3115458;4054340.08;553.22;2025;Investimento;BCB/SICOR (MDCR)
3115474;4292715.46;1052.09;2025;Custeio;BCB/SICOR (MDCR)
3115474;7552838.78;391.46;2025;Investimento;BCB/SICOR (MDCR)
3115508;1897686.83;238.45000000000002;2025;Custeio;BCB/SICOR (MDCR)
3115508;94000.0;1.54;2025;Investimento;BCB/SICOR (MDCR)
3115607;2550336.79;334.05;2025;Custeio;BCB/SICOR (MDCR)
3115607;413002.0;98.02000000000001;2025;Investimento;BCB/SICOR (MDCR)
3115706;3728477.12;348.52;2025;Custeio;BCB/SICOR (MDCR)
3115706;2570490.0;193.97;2025;Investimento;BCB/SICOR (MDCR)
3115805;34228063.31;5305.41;2025;Custeio;BCB/SICOR (MDCR)
3115805;6422386.83;179.95;2025;Investimento;BCB/SICOR (MDCR)
3115904;230000.0;15.78;2025;Custeio;BCB/SICOR (MDCR)
3115904;280000.0;18.959999999999997;2025;Investimento;BCB/SICOR (MDCR)
3116001;23704023.76;998.89;2025;Custeio;BCB/SICOR (MDCR)
3116001;12761026.91;132.12;2025;Investimento;BCB/SICOR (MDCR)
3116100;2290130.22;463.96;2025;Custeio;BCB/SICOR (MDCR)
3116100;10444991.35;565.25;2025;Investimento;BCB/SICOR (MDCR)
3116159;61295457.1;8471.69;2025;Custeio;BCB/SICOR (MDCR)
3116159;16634243.51;3149.5;2025;Investimento;BCB/SICOR (MDCR)
3116209;604486.01;66.41;2025;Custeio;BCB/SICOR (MDCR)
3116209;729624.5;51.48;2025;Investimento;BCB/SICOR (MDCR)
3116308;369864.93999999994;19.849999999999998;2025;Custeio;BCB/SICOR (MDCR)
3116308;280000.0;16.21;2025;Investimento;BCB/SICOR (MDCR)
3116407;41866805.089999996;1594.57;2025;Custeio;BCB/SICOR (MDCR)
3116407;22737631.43;358.04;2025;Investimento;BCB/SICOR (MDCR)
3116506;5961594.5;890.71;2025;Custeio;BCB/SICOR (MDCR)
3116506;5411170.17;514.13;2025;Investimento;BCB/SICOR (MDCR)
3116605;24028620.04;2983.81;2025;Custeio;BCB/SICOR (MDCR)
3116605;14626080.65;175.06;2025;Investimento;BCB/SICOR (MDCR)
3116704;20966979.59;658.63;2025;Custeio;BCB/SICOR (MDCR)
3116704;7864328.86;51.190000000000005;2025;Investimento;BCB/SICOR (MDCR)
3116803;8468314.78;1363.8;2025;Custeio;BCB/SICOR (MDCR)
3116803;2625655.18;359.77;2025;Investimento;BCB/SICOR (MDCR)
3116902;95939308.35;12750.199999999999;2025;Custeio;BCB/SICOR (MDCR)
3116902;22397958.64;2643.12;2025;Investimento;BCB/SICOR (MDCR)
3117009;3536376.0100000002;1412.71;2025;Custeio;BCB/SICOR (MDCR)
3117009;8489920.8;700.1700000000001;2025;Investimento;BCB/SICOR (MDCR)
3117108;69583241.34;3209.23;2025;Custeio;BCB/SICOR (MDCR)
3117108;18042190.83;176.81;2025;Investimento;BCB/SICOR (MDCR)
3117207;4070830.6;253.77;2025;Custeio;BCB/SICOR (MDCR)
3117207;3683681.3200000003;59.28;2025;Investimento;BCB/SICOR (MDCR)
3117306;79221533.02;13005.41;2025;Custeio;BCB/SICOR (MDCR)
3117306;15091687.85;539.7;2025;Investimento;BCB/SICOR (MDCR)
3117405;17838796.1;952.71;2025;Custeio;BCB/SICOR (MDCR)
3117405;9496860.48;215.34;2025;Investimento;BCB/SICOR (MDCR)
3117504;3225874.88;699.29;2025;Custeio;BCB/SICOR (MDCR)
3117504;2279165.4;328.82;2025;Investimento;BCB/SICOR (MDCR)
3117603;43048691.7;712.01;2025;Custeio;BCB/SICOR (MDCR)
3117603;9942007.75;111.45;2025;Investimento;BCB/SICOR (MDCR)
3117702;66494584.67;4856.4800000000005;2025;Custeio;BCB/SICOR (MDCR)
3117702;18427421.46;144.02;2025;Investimento;BCB/SICOR (MDCR)
3117801;2304508.29;278.26;2025;Custeio;BCB/SICOR (MDCR)
3117801;421500.0;0.0;2025;Investimento;BCB/SICOR (MDCR)
3117836;1806342.6600000001;326.89;2025;Custeio;BCB/SICOR (MDCR)
3117836;6565055.17;338.63;2025;Investimento;BCB/SICOR (MDCR)
3117900;8815070.07;286.49;2025;Custeio;BCB/SICOR (MDCR)
3117900;3436880.0;5.37;2025;Investimento;BCB/SICOR (MDCR)
3118007;1485141.0;334.38;2025;Custeio;BCB/SICOR (MDCR)
3118007;328283.9;8.49;2025;Investimento;BCB/SICOR (MDCR)
3118106;320965.53;52.93;2025;Custeio;BCB/SICOR (MDCR)
3118106;690200.0;17.77;2025;Investimento;BCB/SICOR (MDCR)
3118205;23808766.33;3690.52;2025;Custeio;BCB/SICOR (MDCR)
3118205;9681586.33;71.91;2025;Investimento;BCB/SICOR (MDCR)
3118304;13061240.86;1286.76;2025;Custeio;BCB/SICOR (MDCR)
3118304;4940898.82;61.09;2025;Investimento;BCB/SICOR (MDCR)
3118403;18161208.21;2038.34;2025;Custeio;BCB/SICOR (MDCR)
3118403;26581428.62;1236.03;2025;Investimento;BCB/SICOR (MDCR)
3118502;881255.2000000001;101.25;2025;Custeio;BCB/SICOR (MDCR)
3118502;225600.0;13.01;2025;Investimento;BCB/SICOR (MDCR)
3118601;50000000.0;0.0;2025;Investimento;BCB/SICOR (MDCR)
3118700;57511386.61;2732.15;2025;Custeio;BCB/SICOR (MDCR)
3118700;24121380.25;317.34;2025;Investimento;BCB/SICOR (MDCR)
3118809;15267088.870000001;3466.27;2025;Custeio;BCB/SICOR (MDCR)
3118809;22155030.98;2302.22;2025;Investimento;BCB/SICOR (MDCR)
3118908;10941785.33;1135.61;2025;Custeio;BCB/SICOR (MDCR)
3118908;4904099.68;221.25;2025;Investimento;BCB/SICOR (MDCR)
3119005;14625077.5;522.09;2025;Custeio;BCB/SICOR (MDCR)
3119005;3209351.19;8.61;2025;Investimento;BCB/SICOR (MDCR)
3119104;18404156.080000002;3499.95;2025;Custeio;BCB/SICOR (MDCR)
3119104;13130166.86;1008.56;2025;Investimento;BCB/SICOR (MDCR)
3119203;5289112.84;739.46;2025;Custeio;BCB/SICOR (MDCR)
3119203;7890891.08;409.76;2025;Investimento;BCB/SICOR (MDCR)
3119302;320106074.79;37502.38;2025;Custeio;BCB/SICOR (MDCR)
3119302;104021063.19;6264.08;2025;Investimento;BCB/SICOR (MDCR)
3119401;229441.89;37.97;2025;Custeio;BCB/SICOR (MDCR)
3119401;569622.16;44.14;2025;Investimento;BCB/SICOR (MDCR)
3119500;5696770.84;1438.57;2025;Custeio;BCB/SICOR (MDCR)
3119500;6459831.4;778.12;2025;Investimento;BCB/SICOR (MDCR)
3119609;217918.27;47.31;2025;Custeio;BCB/SICOR (MDCR)
3119609;52500.0;8.83;2025;Investimento;BCB/SICOR (MDCR)
3119708;6864672.22;583.51;2025;Custeio;BCB/SICOR (MDCR)
3119708;1844652.98;2.24;2025;Investimento;BCB/SICOR (MDCR)
3119807;33822270.06;3078.33;2025;Custeio;BCB/SICOR (MDCR)
3119807;9323164.23;407.29;2025;Investimento;BCB/SICOR (MDCR)
3119906;1438610.78;92.51;2025;Custeio;BCB/SICOR (MDCR)
3119906;560877.62;1.25;2025;Investimento;BCB/SICOR (MDCR)
3119955;2446981.3;262.06;2025;Custeio;BCB/SICOR (MDCR)
3119955;473983.5;0.51;2025;Investimento;BCB/SICOR (MDCR)
3120003;8304637.54;703.72;2025;Custeio;BCB/SICOR (MDCR)
3120003;5335736.4;221.38;2025;Investimento;BCB/SICOR (MDCR)
3120102;111676.18;30.0;2025;Custeio;BCB/SICOR (MDCR)
3120102;200000.0;11.41;2025;Investimento;BCB/SICOR (MDCR)
3120151;21841662.06;3767.61;2025;Custeio;BCB/SICOR (MDCR)
3120151;3181044.0;229.34;2025;Investimento;BCB/SICOR (MDCR)
3120201;74346332.37;6263.58;2025;Custeio;BCB/SICOR (MDCR)
3120201;39055721.24;714.25;2025;Investimento;BCB/SICOR (MDCR)
3120300;1736526.45;151.33;2025;Custeio;BCB/SICOR (MDCR)
3120300;6801691.25;352.3;2025;Investimento;BCB/SICOR (MDCR)
3120409;2221423.5;336.73;2025;Custeio;BCB/SICOR (MDCR)
3120409;1924082.13;8.63;2025;Investimento;BCB/SICOR (MDCR)
3120508;12633999.11;1083.1;2025;Custeio;BCB/SICOR (MDCR)
3120508;6235627.78;172.74;2025;Investimento;BCB/SICOR (MDCR)
3120607;2756309.54;319.58;2025;Custeio;BCB/SICOR (MDCR)
3120607;1603838.42;85.33000000000001;2025;Investimento;BCB/SICOR (MDCR)
3120706;49815450.44;2547.96;2025;Custeio;BCB/SICOR (MDCR)
3120706;5853882.2;110.31;2025;Investimento;BCB/SICOR (MDCR)
3120805;37969530.44;3472.59;2025;Custeio;BCB/SICOR (MDCR)
3120805;21803938.44;655.43;2025;Investimento;BCB/SICOR (MDCR)
3120839;2601108.45;233.29999999999998;2025;Custeio;BCB/SICOR (MDCR)
3120839;3237327.25;270.3;2025;Investimento;BCB/SICOR (MDCR)
3120870;90270.69;1.08;2025;Custeio;BCB/SICOR (MDCR)
3120870;3832183.44;252.09;2025;Investimento;BCB/SICOR (MDCR)
3120904;35493679.12;5123.62;2025;Custeio;BCB/SICOR (MDCR)
3120904;13640031.64;1611.6100000000001;2025;Investimento;BCB/SICOR (MDCR)
3121001;2102842.75;57.5;2025;Custeio;BCB/SICOR (MDCR)
3121001;1656209.1099999999;46.44;2025;Investimento;BCB/SICOR (MDCR)
3121100;7988056.02;676.94;2025;Custeio;BCB/SICOR (MDCR)
3121100;3680203.48;106.59;2025;Investimento;BCB/SICOR (MDCR)
3121209;73032638.3;5678.86;2025;Custeio;BCB/SICOR (MDCR)
3121209;17203609.81;522.29;2025;Investimento;BCB/SICOR (MDCR)
3121258;2358435.71;89.09;2025;Custeio;BCB/SICOR (MDCR)
3121308;7491055.16;527.98;2025;Custeio;BCB/SICOR (MDCR)
3121308;1635140.0;72.45;2025;Investimento;BCB/SICOR (MDCR)
3121407;5226379.91;765.39;2025;Custeio;BCB/SICOR (MDCR)
3121407;9562764.98;279.86;2025;Investimento;BCB/SICOR (MDCR)
3121506;1167178.1400000001;56.74;2025;Custeio;BCB/SICOR (MDCR)
3121506;837824.0;27.91;2025;Investimento;BCB/SICOR (MDCR)
3121605;16765235.530000001;1316.77;2025;Custeio;BCB/SICOR (MDCR)
3121605;15736102.66;581.25;2025;Investimento;BCB/SICOR (MDCR)
3121704;5251681.72;592.61;2025;Custeio;BCB/SICOR (MDCR)
3121704;1985710.0;116.53;2025;Investimento;BCB/SICOR (MDCR)
3121803;3118355.5300000003;601.62;2025;Custeio;BCB/SICOR (MDCR)
3121803;684750.0;60.410000000000004;2025;Investimento;BCB/SICOR (MDCR)
3121902;2318769.32;529.41;2025;Custeio;BCB/SICOR (MDCR)
3121902;334000.0;54.18;2025;Investimento;BCB/SICOR (MDCR)
3122009;45110777.160000004;1354.8799999999999;2025;Custeio;BCB/SICOR (MDCR)
3122009;40009906.15;277.09000000000003;2025;Investimento;BCB/SICOR (MDCR)
3122108;2989669.24;222.82;2025;Custeio;BCB/SICOR (MDCR)
3122108;726500.0;84.26;2025;Investimento;BCB/SICOR (MDCR)
3122207;1397913.6400000001;110.06;2025;Custeio;BCB/SICOR (MDCR)
3122207;1219500.0;36.11;2025;Investimento;BCB/SICOR (MDCR)
3122306;60873186.76;1271.94;2025;Custeio;BCB/SICOR (MDCR)
3122306;11087613.94;234.64;2025;Investimento;BCB/SICOR (MDCR)
3122355;2457215.65;180.78;2025;Investimento;BCB/SICOR (MDCR)
3122405;16781338.81;1283.29;2025;Custeio;BCB/SICOR (MDCR)
3122405;6189697.38;286.61;2025;Investimento;BCB/SICOR (MDCR)
3122454;2958511.73;687.61;2025;Custeio;BCB/SICOR (MDCR)
3122454;5553811.88;539.08;2025;Investimento;BCB/SICOR (MDCR)
3122470;33172991.900000002;6090.02;2025;Custeio;BCB/SICOR (MDCR)
3122470;8368967.79;2009.3600000000001;2025;Investimento;BCB/SICOR (MDCR)
3122504;628852.34;56.15;2025;Custeio;BCB/SICOR (MDCR)
3122504;1047458.0;59.82;2025;Investimento;BCB/SICOR (MDCR)
3122603;3313081.79;498.39000000000004;2025;Custeio;BCB/SICOR (MDCR)
3122603;2054538.0;168.14000000000001;2025;Investimento;BCB/SICOR (MDCR)
3122702;2093742.4;514.8100000000001;2025;Custeio;BCB/SICOR (MDCR)
3122702;1817411.74;285.77;2025;Investimento;BCB/SICOR (MDCR)
3122801;664468.87;37.79;2025;Custeio;BCB/SICOR (MDCR)
3122801;755000.0;20.52;2025;Investimento;BCB/SICOR (MDCR)
3122900;4583952.5;47.95;2025;Custeio;BCB/SICOR (MDCR)
3122900;3082900.0;7.36;2025;Investimento;BCB/SICOR (MDCR)
3123007;2643507.58;381.0;2025;Custeio;BCB/SICOR (MDCR)
3123007;1966010.27;74.97;2025;Investimento;BCB/SICOR (MDCR)
3123106;9899251.53;1213.99;2025;Custeio;BCB/SICOR (MDCR)
3123106;5902603.35;430.67;2025;Investimento;BCB/SICOR (MDCR)
3123205;63884047.010000005;9197.81;2025;Custeio;BCB/SICOR (MDCR)
3123205;11344781.81;1600.99;2025;Investimento;BCB/SICOR (MDCR)
3123304;6953511.36;1411.17;2025;Custeio;BCB/SICOR (MDCR)
3123304;8909893.91;712.86;2025;Investimento;BCB/SICOR (MDCR)
3123403;7052359.77;883.19;2025;Custeio;BCB/SICOR (MDCR)
3123403;1758000.0;74.4;2025;Investimento;BCB/SICOR (MDCR)
3123502;18070210.52;2426.45;2025;Custeio;BCB/SICOR (MDCR)
3123502;3890571.3;450.13;2025;Investimento;BCB/SICOR (MDCR)
3123528;46364315.42;1856.07;2025;Custeio;BCB/SICOR (MDCR)
3123528;24880149.15;79.61;2025;Investimento;BCB/SICOR (MDCR)
3123601;103877453.69;3957.1800000000003;2025;Custeio;BCB/SICOR (MDCR)
3123601;31113054.93;1103.68;2025;Investimento;BCB/SICOR (MDCR)
3123700;7221297.78;388.83000000000004;2025;Custeio;BCB/SICOR (MDCR)
3123700;3993110.0;78.85;2025;Investimento;BCB/SICOR (MDCR)
3123809;19182025.150000002;2256.22;2025;Custeio;BCB/SICOR (MDCR)
3123809;5022315.61;932.32;2025;Investimento;BCB/SICOR (MDCR)
3123858;4901804.63;258.88;2025;Custeio;BCB/SICOR (MDCR)
3123858;1975262.54;15.66;2025;Investimento;BCB/SICOR (MDCR)
3123908;25018045.54;1949.18;2025;Custeio;BCB/SICOR (MDCR)
3123908;6168482.76;241.38;2025;Investimento;BCB/SICOR (MDCR)
3124005;40013742.5;1416.11;2025;Custeio;BCB/SICOR (MDCR)
3124005;34308772.55;286.59999999999997;2025;Investimento;BCB/SICOR (MDCR)
3124104;6842294.56;1078.14;2025;Custeio;BCB/SICOR (MDCR)
3124104;3776712.55;215.86;2025;Investimento;BCB/SICOR (MDCR)
3124203;42279145.21;1489.86;2025;Custeio;BCB/SICOR (MDCR)
3124203;40884912.14;288.94;2025;Investimento;BCB/SICOR (MDCR)
3124302;12132447.530000001;2261.19;2025;Custeio;BCB/SICOR (MDCR)
3124302;23683840.67;1430.26;2025;Investimento;BCB/SICOR (MDCR)
3124401;17756633.27;544.58;2025;Custeio;BCB/SICOR (MDCR)
3124401;7608288.65;20.56;2025;Investimento;BCB/SICOR (MDCR)
3124500;12090935.84;534.63;2025;Custeio;BCB/SICOR (MDCR)
3124500;3971631.75;10.860000000000001;2025;Investimento;BCB/SICOR (MDCR)
3124609;3361406.92;474.89;2025;Custeio;BCB/SICOR (MDCR)
3124609;165550.0;0.0;2025;Investimento;BCB/SICOR (MDCR)
3124708;22113536.35;2714.54;2025;Custeio;BCB/SICOR (MDCR)
3124708;3175820.0;323.22;2025;Investimento;BCB/SICOR (MDCR)
3124807;78489345.11;8538.26;2025;Custeio;BCB/SICOR (MDCR)
3124807;35508914.29;998.76;2025;Investimento;BCB/SICOR (MDCR)
3124906;16480948.15;861.74;2025;Custeio;BCB/SICOR (MDCR)
3124906;11897601.99;606.52;2025;Investimento;BCB/SICOR (MDCR)
3125101;2568977.9;70.46;2025;Custeio;BCB/SICOR (MDCR)
3125101;1172385.49;5.98;2025;Investimento;BCB/SICOR (MDCR)
3125200;10067960.31;634.05;2025;Custeio;BCB/SICOR (MDCR)
3125200;5939000.0;48.199999999999996;2025;Investimento;BCB/SICOR (MDCR)
3125309;8766661.54;531.02;2025;Custeio;BCB/SICOR (MDCR)
3125309;4395217.64;33.43;2025;Investimento;BCB/SICOR (MDCR)
3125408;9025796.78;765.15;2025;Custeio;BCB/SICOR (MDCR)
3125408;3605540.0;220.9;2025;Investimento;BCB/SICOR (MDCR)
3125507;446948.87;63.17;2025;Custeio;BCB/SICOR (MDCR)
3125507;874818.92;32.589999999999996;2025;Investimento;BCB/SICOR (MDCR)
3125606;4702859.35;1156.62;2025;Custeio;BCB/SICOR (MDCR)
3125606;5247301.2;555.75;2025;Investimento;BCB/SICOR (MDCR)
3125705;9496179.92;1467.35;2025;Custeio;BCB/SICOR (MDCR)
3125705;8156579.95;667.6800000000001;2025;Investimento;BCB/SICOR (MDCR)
3125804;8148790.34;630.98;2025;Custeio;BCB/SICOR (MDCR)
3125804;3509302.0;174.79;2025;Investimento;BCB/SICOR (MDCR)
3125903;13760724.030000001;2559.43;2025;Custeio;BCB/SICOR (MDCR)
3125903;9222502.0;974.32;2025;Investimento;BCB/SICOR (MDCR)
3125952;35894997.67;1338.19;2025;Custeio;BCB/SICOR (MDCR)
3125952;25001736.18;405.35999999999996;2025;Investimento;BCB/SICOR (MDCR)
3126000;3914652.54;125.09;2025;Custeio;BCB/SICOR (MDCR)
3126000;2237297.55;14.49;2025;Investimento;BCB/SICOR (MDCR)
3126109;97537602.57;8390.89;2025;Custeio;BCB/SICOR (MDCR)
3126109;22665902.29;384.41;2025;Investimento;BCB/SICOR (MDCR)
3126208;104263895.73;20752.88;2025;Custeio;BCB/SICOR (MDCR)
3126208;38805658.72;1178.9;2025;Investimento;BCB/SICOR (MDCR)
3126307;6485437.25;389.48999999999995;2025;Custeio;BCB/SICOR (MDCR)
3126307;2630464.31;46.86;2025;Investimento;BCB/SICOR (MDCR)
3126406;3706287.61;651.8;2025;Custeio;BCB/SICOR (MDCR)
3126406;5562435.279999999;193.13;2025;Investimento;BCB/SICOR (MDCR)
3126505;1564588.3800000001;388.40000000000003;2025;Custeio;BCB/SICOR (MDCR)
3126505;6510587.8;564.3000000000001;2025;Investimento;BCB/SICOR (MDCR)
3126604;26044315.98;2168.0;2025;Custeio;BCB/SICOR (MDCR)
3126604;25606011.08;867.75;2025;Investimento;BCB/SICOR (MDCR)
3126703;41736762.37;8568.49;2025;Custeio;BCB/SICOR (MDCR)
3126703;18808954.84;1988.59;2025;Investimento;BCB/SICOR (MDCR)
3126752;27847349.86;3242.03;2025;Custeio;BCB/SICOR (MDCR)
3126752;7183384.54;618.13;2025;Investimento;BCB/SICOR (MDCR)
3126802;11960152.42;1912.66;2025;Custeio;BCB/SICOR (MDCR)
3126802;2008790.0;114.39;2025;Investimento;BCB/SICOR (MDCR)
3126901;9833538.370000001;2245.53;2025;Custeio;BCB/SICOR (MDCR)
3126901;9942329.49;2842.29;2025;Investimento;BCB/SICOR (MDCR)
3126950;2258002.73;270.53;2025;Custeio;BCB/SICOR (MDCR)
3126950;2273768.31;45.38;2025;Investimento;BCB/SICOR (MDCR)
3127008;12025722.39;1045.33;2025;Custeio;BCB/SICOR (MDCR)
3127008;1511660.5;103.96;2025;Investimento;BCB/SICOR (MDCR)
3127057;3387547.4;597.24;2025;Custeio;BCB/SICOR (MDCR)
3127057;1901765.56;110.82000000000001;2025;Investimento;BCB/SICOR (MDCR)
3127073;9075.0;0.05;2025;Custeio;BCB/SICOR (MDCR)
3127073;2851547.56;169.13;2025;Investimento;BCB/SICOR (MDCR)
3127107;329308207.7;25333.82;2025;Custeio;BCB/SICOR (MDCR)
3127107;77044384.54;2365.43;2025;Investimento;BCB/SICOR (MDCR)
3127206;14151694.34;214.74;2025;Custeio;BCB/SICOR (MDCR)
3127206;649962.0;11.09;2025;Investimento;BCB/SICOR (MDCR)
3127305;16575651.6;1958.91;2025;Custeio;BCB/SICOR (MDCR)
3127305;7654211.5;770.21;2025;Investimento;BCB/SICOR (MDCR)
3127339;9165456.81;3610.85;2025;Custeio;BCB/SICOR (MDCR)
3127339;18321390.68;2025.7;2025;Investimento;BCB/SICOR (MDCR)
3127354;1437551.69;749.6999999999999;2025;Custeio;BCB/SICOR (MDCR)
3127354;1123197.8;2.0300000000000002;2025;Investimento;BCB/SICOR (MDCR)
3127370;465000.0;53.66;2025;Custeio;BCB/SICOR (MDCR)
3127370;777000.0;54.7;2025;Investimento;BCB/SICOR (MDCR)
3127388;540179.48;38.82;2025;Custeio;BCB/SICOR (MDCR)
3127388;728105.78;221.45999999999998;2025;Investimento;BCB/SICOR (MDCR)
3127404;1874754.0699999998;78.49;2025;Custeio;BCB/SICOR (MDCR)
3127404;320000.0;7.99;2025;Investimento;BCB/SICOR (MDCR)
3127503;712667.22;66.06;2025;Custeio;BCB/SICOR (MDCR)
3127503;644000.0;58.029999999999994;2025;Investimento;BCB/SICOR (MDCR)
3127602;2288070.13;453.93;2025;Custeio;BCB/SICOR (MDCR)
3127602;289000.0;6.62;2025;Investimento;BCB/SICOR (MDCR)
3127701;55983472.25;4042.18;2025;Custeio;BCB/SICOR (MDCR)
3127701;33378276.88;945.3000000000001;2025;Investimento;BCB/SICOR (MDCR)
3127800;14801653.94;2139.29;2025;Custeio;BCB/SICOR (MDCR)
3127800;37640420.26;1941.9099999999999;2025;Investimento;BCB/SICOR (MDCR)
3127909;6307964.66;1158.59;2025;Custeio;BCB/SICOR (MDCR)
3127909;1703555.0;79.81;2025;Investimento;BCB/SICOR (MDCR)
3128006;34180877.52;3219.79;2025;Custeio;BCB/SICOR (MDCR)
3128006;17554068.3;1472.37;2025;Investimento;BCB/SICOR (MDCR)
3128105;100076023.07000001;5502.39;2025;Custeio;BCB/SICOR (MDCR)
3128105;29257109.52;398.36;2025;Investimento;BCB/SICOR (MDCR)
3128204;10412442.56;540.92;2025;Custeio;BCB/SICOR (MDCR)
3128204;2102890.57;168.37;2025;Investimento;BCB/SICOR (MDCR)
3128253;513187.19;77.82000000000001;2025;Custeio;BCB/SICOR (MDCR)
3128253;3739908.5100000002;280.92;2025;Investimento;BCB/SICOR (MDCR)
3128303;58232897.22;2248.38;2025;Custeio;BCB/SICOR (MDCR)
3128303;13540056.56;151.48;2025;Investimento;BCB/SICOR (MDCR)
3128402;8877052.32;546.97;2025;Custeio;BCB/SICOR (MDCR)
3128402;4745103.0;184.31;2025;Investimento;BCB/SICOR (MDCR)
3128501;2970950.14;509.27000000000004;2025;Custeio;BCB/SICOR (MDCR)
3128501;1420067.22;121.31;2025;Investimento;BCB/SICOR (MDCR)
3128600;114981034.84;19383.17;2025;Custeio;BCB/SICOR (MDCR)
3128600;49810036.36;3193.75;2025;Investimento;BCB/SICOR (MDCR)
3128709;296354159.77;2065.87;2025;Custeio;BCB/SICOR (MDCR)
3128709;6843173.78;71.64999999999999;2025;Investimento;BCB/SICOR (MDCR)
3128808;4611319.32;567.78;2025;Custeio;BCB/SICOR (MDCR)
3128808;2431940.0;172.25;2025;Investimento;BCB/SICOR (MDCR)
3128907;50605576.66;3992.34;2025;Custeio;BCB/SICOR (MDCR)
3128907;23129154.34;831.6;2025;Investimento;BCB/SICOR (MDCR)
3129004;19699474.28;1413.24;2025;Custeio;BCB/SICOR (MDCR)
3129004;9290020.5;245.16;2025;Investimento;BCB/SICOR (MDCR)
3129103;122496733.01;11805.23;2025;Custeio;BCB/SICOR (MDCR)
3129103;39674008.24;3878.46;2025;Investimento;BCB/SICOR (MDCR)
3129202;16026000.9;807.0;2025;Custeio;BCB/SICOR (MDCR)
3129202;9439631.76;43.22;2025;Investimento;BCB/SICOR (MDCR)
3129301;7733110.97;846.28;2025;Custeio;BCB/SICOR (MDCR)
3129301;5593903.0;323.49;2025;Investimento;BCB/SICOR (MDCR)
3129400;25831396.919999998;1628.8700000000001;2025;Custeio;BCB/SICOR (MDCR)
3129400;8914533.5;59.22;2025;Investimento;BCB/SICOR (MDCR)
3129509;427333455.28;52691.82;2025;Custeio;BCB/SICOR (MDCR)
3129509;79079146.97;3343.97;2025;Investimento;BCB/SICOR (MDCR)
3129608;13308038.53;2063.3;2025;Custeio;BCB/SICOR (MDCR)
3129608;5773980.49;274.47;2025;Investimento;BCB/SICOR (MDCR)
3129657;820990.51;152.89999999999998;2025;Custeio;BCB/SICOR (MDCR)
3129657;7161191.08;508.98;2025;Investimento;BCB/SICOR (MDCR)
3129707;119685172.46000001;4222.27;2025;Custeio;BCB/SICOR (MDCR)
3129707;42779550.59;440.2;2025;Investimento;BCB/SICOR (MDCR)
3129806;365799.93;8.55;2025;Custeio;BCB/SICOR (MDCR)
3129905;4395775.22;242.41;2025;Custeio;BCB/SICOR (MDCR)
3129905;1394759.09;15.83;2025;Investimento;BCB/SICOR (MDCR)
3130002;8894708.96;1052.81;2025;Custeio;BCB/SICOR (MDCR)
3130002;6294944.17;201.33;2025;Investimento;BCB/SICOR (MDCR)
3130051;16691225.49;2144.95;2025;Custeio;BCB/SICOR (MDCR)
3130051;10698280.75;815.83;2025;Investimento;BCB/SICOR (MDCR)
3130101;358424.07;18.86;2025;Custeio;BCB/SICOR (MDCR)
3130200;5827225.3100000005;135.31;2025;Custeio;BCB/SICOR (MDCR)
3130200;5807604.76;62.71;2025;Investimento;BCB/SICOR (MDCR)
3130309;23459475.99;3035.54;2025;Custeio;BCB/SICOR (MDCR)
3130309;3161785.62;120.04;2025;Investimento;BCB/SICOR (MDCR)
3130408;1364044.43;76.81;2025;Custeio;BCB/SICOR (MDCR)
3130408;5360830.0;68.17;2025;Investimento;BCB/SICOR (MDCR)
3130507;66659509.55;2884.21;2025;Custeio;BCB/SICOR (MDCR)
3130507;28497246.52;313.93;2025;Investimento;BCB/SICOR (MDCR)
3130556;30666410.96;1170.68;2025;Custeio;BCB/SICOR (MDCR)
3130556;9311423.3;139.85;2025;Investimento;BCB/SICOR (MDCR)
3130606;9778785.22;637.48;2025;Custeio;BCB/SICOR (MDCR)
3130606;7458060.44;85.28;2025;Investimento;BCB/SICOR (MDCR)
3130655;1907026.98;263.38;2025;Custeio;BCB/SICOR (MDCR)
3130655;7084445.89;394.14;2025;Investimento;BCB/SICOR (MDCR)
3130705;141497105.71;10661.34;2025;Custeio;BCB/SICOR (MDCR)
3130705;42749941.59;1111.8400000000001;2025;Investimento;BCB/SICOR (MDCR)
3130804;16864791.34;1792.92;2025;Custeio;BCB/SICOR (MDCR)
3130804;3611320.26;129.35999999999999;2025;Investimento;BCB/SICOR (MDCR)
3130903;46126532.37;3327.7;2025;Custeio;BCB/SICOR (MDCR)
3130903;30693395.53;953.64;2025;Investimento;BCB/SICOR (MDCR)
3131000;15462729.17;1258.69;2025;Custeio;BCB/SICOR (MDCR)
3131000;2545087.5;86.21;2025;Investimento;BCB/SICOR (MDCR)
3131109;8792744.44;3043.9;2025;Custeio;BCB/SICOR (MDCR)
3131109;3370238.68;451.24;2025;Investimento;BCB/SICOR (MDCR)
3131158;341518.57;88.38;2025;Custeio;BCB/SICOR (MDCR)
3131158;245999.1;25.990000000000002;2025;Investimento;BCB/SICOR (MDCR)
3131208;14876548.73;1500.38;2025;Custeio;BCB/SICOR (MDCR)
3131208;7723788.93;281.46;2025;Investimento;BCB/SICOR (MDCR)
3131307;2859669.46;161.89;2025;Custeio;BCB/SICOR (MDCR)
3131307;99959.6;9.12;2025;Investimento;BCB/SICOR (MDCR)
3131406;55088074.63;4679.34;2025;Custeio;BCB/SICOR (MDCR)
3131406;10772298.26;789.5699999999999;2025;Investimento;BCB/SICOR (MDCR)
3131505;14851579.83;1089.23;2025;Custeio;BCB/SICOR (MDCR)
3131505;4882222.85;13.11;2025;Investimento;BCB/SICOR (MDCR)
3131604;44701601.86;3962.9900000000002;2025;Custeio;BCB/SICOR (MDCR)
3131604;26074143.990000002;879.37;2025;Investimento;BCB/SICOR (MDCR)
3131703;13095693.89;1191.79;2025;Custeio;BCB/SICOR (MDCR)
3131703;3675573.4;141.35;2025;Investimento;BCB/SICOR (MDCR)
3131802;4214806.7;418.8;2025;Custeio;BCB/SICOR (MDCR)
3131802;1386914.77;111.39;2025;Investimento;BCB/SICOR (MDCR)
3131901;193421.37;10.129999999999999;2025;Custeio;BCB/SICOR (MDCR)
3131901;165900.0;0.0;2025;Investimento;BCB/SICOR (MDCR)
3132008;3005323.8;371.05;2025;Custeio;BCB/SICOR (MDCR)
3132008;13871472.17;665.9;2025;Investimento;BCB/SICOR (MDCR)
3132107;10009728.26;1908.51;2025;Custeio;BCB/SICOR (MDCR)
3132107;9861922.14;169.03;2025;Investimento;BCB/SICOR (MDCR)
3132206;13653587.0;1337.77;2025;Custeio;BCB/SICOR (MDCR)
3132206;3658179.0;110.85;2025;Investimento;BCB/SICOR (MDCR)
3132305;4211489.56;589.43;2025;Custeio;BCB/SICOR (MDCR)
3132305;4410749.44;427.84000000000003;2025;Investimento;BCB/SICOR (MDCR)
3132404;4754173.06;463.03999999999996;2025;Custeio;BCB/SICOR (MDCR)
3132404;2477754.12;102.77;2025;Investimento;BCB/SICOR (MDCR)
3132503;13348185.97;1174.71;2025;Custeio;BCB/SICOR (MDCR)
3132503;25526578.84;1267.06;2025;Investimento;BCB/SICOR (MDCR)
3132602;894162.88;116.35;2025;Custeio;BCB/SICOR (MDCR)
3132602;1641376.68;132.04;2025;Investimento;BCB/SICOR (MDCR)
3132701;39799556.14;5415.88;2025;Custeio;BCB/SICOR (MDCR)
3132701;7226450.31;697.8299999999999;2025;Investimento;BCB/SICOR (MDCR)
3132800;4212065.29;595.64;2025;Custeio;BCB/SICOR (MDCR)
3132800;1550750.0;84.85;2025;Investimento;BCB/SICOR (MDCR)
3132909;57085939.37;2509.03;2025;Custeio;BCB/SICOR (MDCR)
3132909;14718962.05;62.71;2025;Investimento;BCB/SICOR (MDCR)
3133006;4313442.29;420.67;2025;Custeio;BCB/SICOR (MDCR)
3133006;980588.9;109.51;2025;Investimento;BCB/SICOR (MDCR)
3133105;9272402.36;423.63;2025;Custeio;BCB/SICOR (MDCR)
3133105;1976912.15;41.23;2025;Investimento;BCB/SICOR (MDCR)
3133204;7215039.06;1642.38;2025;Custeio;BCB/SICOR (MDCR)
3133204;6545929.34;616.4399999999999;2025;Investimento;BCB/SICOR (MDCR)
3133303;1111073.25;187.7;2025;Custeio;BCB/SICOR (MDCR)
3133303;1682000.0;85.66;2025;Investimento;BCB/SICOR (MDCR)
3133402;173855185.74;23379.1;2025;Custeio;BCB/SICOR (MDCR)
3133402;33687007.01;4403.51;2025;Investimento;BCB/SICOR (MDCR)
3133501;39960718.37;3389.55;2025;Custeio;BCB/SICOR (MDCR)
3133501;15445385.91;681.55;2025;Investimento;BCB/SICOR (MDCR)
3133600;8902636.37;468.5;2025;Custeio;BCB/SICOR (MDCR)
3133600;7071237.67;15.94;2025;Investimento;BCB/SICOR (MDCR)
3133709;684357.6;122.34;2025;Custeio;BCB/SICOR (MDCR)
3133709;992750.0;22.28;2025;Investimento;BCB/SICOR (MDCR)
3133758;6197980.67;1176.1299999999999;2025;Custeio;BCB/SICOR (MDCR)
3133758;1354999.85;7.970000000000001;2025;Investimento;BCB/SICOR (MDCR)
3133808;20927174.21;1667.05;2025;Custeio;BCB/SICOR (MDCR)
3133808;4510055.51;208.11;2025;Investimento;BCB/SICOR (MDCR)
3133907;1872117.98;249.59;2025;Custeio;BCB/SICOR (MDCR)
3133907;898100.0;7.91;2025;Investimento;BCB/SICOR (MDCR)
3134004;9299801.07;2698.52;2025;Custeio;BCB/SICOR (MDCR)
3134004;14757225.73;1997.72;2025;Investimento;BCB/SICOR (MDCR)
3134103;7300714.8100000005;397.41;2025;Custeio;BCB/SICOR (MDCR)
3134103;15995804.55;497.77;2025;Investimento;BCB/SICOR (MDCR)
3134202;194762213.03;24028.77;2025;Custeio;BCB/SICOR (MDCR)
3134202;46519074.28;4596.36;2025;Investimento;BCB/SICOR (MDCR)
3134301;13920468.48;912.9300000000001;2025;Custeio;BCB/SICOR (MDCR)
3134301;3754109.52;24.39;2025;Investimento;BCB/SICOR (MDCR)
3134400;94482405.11;12625.15;2025;Custeio;BCB/SICOR (MDCR)
3134400;17633566.02;1108.3999999999999;2025;Investimento;BCB/SICOR (MDCR)
3134509;9066254.38;1604.99;2025;Custeio;BCB/SICOR (MDCR)
3134509;15174181.33;92.53;2025;Investimento;BCB/SICOR (MDCR)
3134608;4016129.91;338.28;2025;Custeio;BCB/SICOR (MDCR)
3134608;4727350.5;202.87;2025;Investimento;BCB/SICOR (MDCR)
3134707;14716834.040000001;3158.51;2025;Custeio;BCB/SICOR (MDCR)
3134707;9187214.72;1584.11;2025;Investimento;BCB/SICOR (MDCR)
3134806;42895250.27;2100.66;2025;Custeio;BCB/SICOR (MDCR)
3134806;21566206.07;172.87;2025;Investimento;BCB/SICOR (MDCR)
3134905;31897987.86;1557.58;2025;Custeio;BCB/SICOR (MDCR)
3134905;7884424.12;341.99;2025;Investimento;BCB/SICOR (MDCR)
3135001;967445.23;127.91;2025;Custeio;BCB/SICOR (MDCR)
3135001;538000.0;71.48;2025;Investimento;BCB/SICOR (MDCR)
3135050;57268465.84;2665.7599999999998;2025;Custeio;BCB/SICOR (MDCR)
3135050;43331360.63;2076.95;2025;Investimento;BCB/SICOR (MDCR)
3135076;7954641.64;1328.14;2025;Custeio;BCB/SICOR (MDCR)
3135076;2747861.17;174.4;2025;Investimento;BCB/SICOR (MDCR)
3135100;36495331.19;6525.39;2025;Custeio;BCB/SICOR (MDCR)
3135100;31197385.94;2385.23;2025;Investimento;BCB/SICOR (MDCR)
3135209;33525392.51;6128.7300000000005;2025;Custeio;BCB/SICOR (MDCR)
3135209;41015777.15;4451.9;2025;Investimento;BCB/SICOR (MDCR)
3135308;13307677.12;565.61;2025;Custeio;BCB/SICOR (MDCR)
3135308;7984247.35;155.0;2025;Investimento;BCB/SICOR (MDCR)
3135357;1461722.05;305.06;2025;Custeio;BCB/SICOR (MDCR)
3135357;8887942.02;481.1;2025;Investimento;BCB/SICOR (MDCR)
3135407;120465.34;32.09;2025;Custeio;BCB/SICOR (MDCR)
3135407;760817.13;5.34;2025;Investimento;BCB/SICOR (MDCR)
3135456;1463412.09;384.07;2025;Custeio;BCB/SICOR (MDCR)
3135456;4430947.0;445.40999999999997;2025;Investimento;BCB/SICOR (MDCR)
3135506;17408671.75;1026.0;2025;Custeio;BCB/SICOR (MDCR)
3135506;21310477.01;608.17;2025;Investimento;BCB/SICOR (MDCR)
3135605;10339186.05;2067.1400000000003;2025;Custeio;BCB/SICOR (MDCR)
3135605;6977225.78;487.12;2025;Investimento;BCB/SICOR (MDCR)
3135704;7238191.4799999995;1591.47;2025;Custeio;BCB/SICOR (MDCR)
3135704;3021186.4;321.35999999999996;2025;Investimento;BCB/SICOR (MDCR)
3135803;19036759.53;3147.26;2025;Custeio;BCB/SICOR (MDCR)
3135803;15906375.5;3296.14;2025;Investimento;BCB/SICOR (MDCR)
3135902;20806623.72;678.26;2025;Custeio;BCB/SICOR (MDCR)
3135902;3408815.5;91.15;2025;Investimento;BCB/SICOR (MDCR)
3136009;23870048.57;5126.38;2025;Custeio;BCB/SICOR (MDCR)
3136009;10361758.33;1080.77;2025;Investimento;BCB/SICOR (MDCR)
3136108;2765550.6799999997;586.76;2025;Custeio;BCB/SICOR (MDCR)
3136108;1153176.7;120.97;2025;Investimento;BCB/SICOR (MDCR)
3136207;39056.45;21.15;2025;Custeio;BCB/SICOR (MDCR)
3136207;25000.0;0.02;2025;Investimento;BCB/SICOR (MDCR)
3136306;154946492.18;26021.73;2025;Custeio;BCB/SICOR (MDCR)
3136306;180464352.37;16578.06;2025;Investimento;BCB/SICOR (MDCR)
3136405;5061296.3;1153.37;2025;Custeio;BCB/SICOR (MDCR)
3136405;1048242.8;253.57999999999998;2025;Investimento;BCB/SICOR (MDCR)
3136504;7925630.38;1061.61;2025;Custeio;BCB/SICOR (MDCR)
3136504;5509336.01;1057.85;2025;Investimento;BCB/SICOR (MDCR)
3136520;1352955.71;274.65999999999997;2025;Custeio;BCB/SICOR (MDCR)
3136520;1874752.0;173.02;2025;Investimento;BCB/SICOR (MDCR)
3136553;2101946.33;58.99;2025;Custeio;BCB/SICOR (MDCR)
3136553;955804.4;10.97;2025;Investimento;BCB/SICOR (MDCR)
3136579;612000.0;24.29;2025;Custeio;BCB/SICOR (MDCR)
3136579;1950416.6099999999;92.74;2025;Investimento;BCB/SICOR (MDCR)
3136603;6766585.69;1153.78;2025;Custeio;BCB/SICOR (MDCR)
3136603;797758.69;1.51;2025;Investimento;BCB/SICOR (MDCR)
3136702;14930357.97;1181.53;2025;Custeio;BCB/SICOR (MDCR)
3136702;2277474.0;57.59;2025;Investimento;BCB/SICOR (MDCR)
3136801;4858172.84;810.3499999999999;2025;Custeio;BCB/SICOR (MDCR)
3136801;5106027.32;560.42;2025;Investimento;BCB/SICOR (MDCR)
3136900;20548049.33;1005.89;2025;Custeio;BCB/SICOR (MDCR)
3136900;10060089.49;33.11;2025;Investimento;BCB/SICOR (MDCR)
3136959;8872680.86;1467.95;2025;Custeio;BCB/SICOR (MDCR)
3136959;13470458.22;1649.86;2025;Investimento;BCB/SICOR (MDCR)
3137007;6415221.5600000005;801.18;2025;Custeio;BCB/SICOR (MDCR)
3137007;10630387.0;775.57;2025;Investimento;BCB/SICOR (MDCR)
3137106;66478505.83;15629.42;2025;Custeio;BCB/SICOR (MDCR)
3137106;26232729.7;3483.4700000000003;2025;Investimento;BCB/SICOR (MDCR)
3137205;30083240.11;1362.61;2025;Custeio;BCB/SICOR (MDCR)
3137205;9957945.18;153.44;2025;Investimento;BCB/SICOR (MDCR)
3137304;11164229.31;988.12;2025;Custeio;BCB/SICOR (MDCR)
3137304;3233713.53;310.84;2025;Investimento;BCB/SICOR (MDCR)
3137403;70944488.35;4069.8;2025;Custeio;BCB/SICOR (MDCR)
3137403;34169859.26;166.33;2025;Investimento;BCB/SICOR (MDCR)
3137502;111147020.63;4032.87;2025;Custeio;BCB/SICOR (MDCR)
3137502;60926172.160000004;3798.3;2025;Investimento;BCB/SICOR (MDCR)
3137536;52359519.0;7731.63;2025;Custeio;BCB/SICOR (MDCR)
3137536;55823220.379999995;5833.14;2025;Investimento;BCB/SICOR (MDCR)
3137700;89617815.83;3017.05;2025;Custeio;BCB/SICOR (MDCR)
3137700;61732158.68;329.68;2025;Investimento;BCB/SICOR (MDCR)
3137809;15010932.26;832.78;2025;Custeio;BCB/SICOR (MDCR)
3137809;24149170.63;143.92000000000002;2025;Investimento;BCB/SICOR (MDCR)
3137908;1041281.42;116.6;2025;Custeio;BCB/SICOR (MDCR)
3137908;293000.0;7.09;2025;Investimento;BCB/SICOR (MDCR)
3138005;6014618.49;393.04;2025;Custeio;BCB/SICOR (MDCR)
3138005;3663474.35;238.48;2025;Investimento;BCB/SICOR (MDCR)
3138104;63333719.09;6126.76;2025;Custeio;BCB/SICOR (MDCR)
3138104;32499391.3;1354.12;2025;Investimento;BCB/SICOR (MDCR)
3138203;40836411.93;2366.56;2025;Custeio;BCB/SICOR (MDCR)
3138203;13196694.23;98.32000000000001;2025;Investimento;BCB/SICOR (MDCR)
3138302;10799600.91;384.02;2025;Custeio;BCB/SICOR (MDCR)
3138302;2570962.6;61.31;2025;Investimento;BCB/SICOR (MDCR)
3138351;1500000.0;73.14;2025;Custeio;BCB/SICOR (MDCR)
3138351;1574750.0;38.85;2025;Investimento;BCB/SICOR (MDCR)
3138401;21880033.23;2792.18;2025;Custeio;BCB/SICOR (MDCR)
3138401;11589408.81;1123.39;2025;Investimento;BCB/SICOR (MDCR)
3138500;4289498.9799999995;1100.28;2025;Custeio;BCB/SICOR (MDCR)
3138500;534280.0;81.21;2025;Investimento;BCB/SICOR (MDCR)
3138609;10343100.89;1274.5;2025;Custeio;BCB/SICOR (MDCR)
3138609;2958276.61;245.0;2025;Investimento;BCB/SICOR (MDCR)
3138625;178739160.71;25233.88;2025;Custeio;BCB/SICOR (MDCR)
3138625;88187744.34;627.59;2025;Investimento;BCB/SICOR (MDCR)
3138658;3809847.15;942.97;2025;Custeio;BCB/SICOR (MDCR)
3138658;13522412.31;1392.02;2025;Investimento;BCB/SICOR (MDCR)
3138674;26918989.58;902.01;2025;Custeio;BCB/SICOR (MDCR)
3138674;12052828.42;32.33;2025;Investimento;BCB/SICOR (MDCR)
3138682;7730235.57;1278.01;2025;Custeio;BCB/SICOR (MDCR)
3138682;9762512.5;1039.68;2025;Investimento;BCB/SICOR (MDCR)
3138708;40811411.28;3320.84;2025;Custeio;BCB/SICOR (MDCR)
3138708;15839518.84;328.06;2025;Investimento;BCB/SICOR (MDCR)
3138807;66609962.21;8007.47;2025;Custeio;BCB/SICOR (MDCR)
3138807;10051375.379999999;558.15;2025;Investimento;BCB/SICOR (MDCR)
3138906;5448449.1;886.13;2025;Custeio;BCB/SICOR (MDCR)
3138906;1576380.0;99.53;2025;Investimento;BCB/SICOR (MDCR)
3139003;123346518.65;3347.0;2025;Custeio;BCB/SICOR (MDCR)
3139003;20225886.19;236.61;2025;Investimento;BCB/SICOR (MDCR)
3139102;32019068.56;4190.79;2025;Custeio;BCB/SICOR (MDCR)
3139102;15870094.35;287.53999999999996;2025;Investimento;BCB/SICOR (MDCR)
3139201;18715688.64;2424.11;2025;Custeio;BCB/SICOR (MDCR)
3139201;11648069.49;815.5500000000001;2025;Investimento;BCB/SICOR (MDCR)
3139250;3507158.27;548.13;2025;Custeio;BCB/SICOR (MDCR)
3139250;12051606.0;161.89000000000001;2025;Investimento;BCB/SICOR (MDCR)
3139300;21410006.05;2164.83;2025;Custeio;BCB/SICOR (MDCR)
3139300;31589763.84;5773.82;2025;Investimento;BCB/SICOR (MDCR)
3139409;129770596.61;4338.49;2025;Custeio;BCB/SICOR (MDCR)
3139409;56750187.93;223.63;2025;Investimento;BCB/SICOR (MDCR)
3139508;49404346.25;1511.1200000000001;2025;Custeio;BCB/SICOR (MDCR)
3139508;14296715.89;58.2;2025;Investimento;BCB/SICOR (MDCR)
3139607;19330997.02;1400.35;2025;Custeio;BCB/SICOR (MDCR)
3139607;18114895.79;1170.97;2025;Investimento;BCB/SICOR (MDCR)
3139706;8828608.91;499.61;2025;Custeio;BCB/SICOR (MDCR)
3139706;1624380.0;17.17;2025;Investimento;BCB/SICOR (MDCR)
3139805;6654728.5600000005;671.26;2025;Custeio;BCB/SICOR (MDCR)
3139805;3598180.6;196.71;2025;Investimento;BCB/SICOR (MDCR)
3139904;11248059.540000001;673.49;2025;Custeio;BCB/SICOR (MDCR)
3139904;2181717.5;9.370000000000001;2025;Investimento;BCB/SICOR (MDCR)
3140001;3421845.7800000003;779.49;2025;Custeio;BCB/SICOR (MDCR)
3140001;2333062.09;133.01;2025;Investimento;BCB/SICOR (MDCR)
3140100;7917964.359999999;797.45;2025;Custeio;BCB/SICOR (MDCR)
3140100;768453.0;91.76;2025;Investimento;BCB/SICOR (MDCR)
3140159;110341.9;4.26;2025;Custeio;BCB/SICOR (MDCR)
3140209;1781282.6800000002;174.44;2025;Custeio;BCB/SICOR (MDCR)
3140209;592200.0;45.2;2025;Investimento;BCB/SICOR (MDCR)
3140308;1033550.3;127.74;2025;Custeio;BCB/SICOR (MDCR)
3140308;425000.0;145.24;2025;Investimento;BCB/SICOR (MDCR)
3140407;1879516.22;171.51;2025;Custeio;BCB/SICOR (MDCR)
3140407;2286500.0;113.62;2025;Investimento;BCB/SICOR (MDCR)
3140506;67899940.97;4599.29;2025;Custeio;BCB/SICOR (MDCR)
3140506;20604288.87;843.21;2025;Investimento;BCB/SICOR (MDCR)
3140530;22809513.41;941.29;2025;Custeio;BCB/SICOR (MDCR)
3140530;9344931.03;23.36;2025;Investimento;BCB/SICOR (MDCR)
3140555;4517688.12;780.38;2025;Custeio;BCB/SICOR (MDCR)
3140555;6464135.84;721.83;2025;Investimento;BCB/SICOR (MDCR)
3140605;5912949.5200000005;448.49;2025;Custeio;BCB/SICOR (MDCR)
3140605;2850500.0;230.15;2025;Investimento;BCB/SICOR (MDCR)
3140704;3543076.72;402.78;2025;Custeio;BCB/SICOR (MDCR)
3140704;967565.26;58.39;2025;Investimento;BCB/SICOR (MDCR)
3140803;859508.6;259.69;2025;Custeio;BCB/SICOR (MDCR)
3140803;210000.0;1.03;2025;Investimento;BCB/SICOR (MDCR)
3140852;26996637.78;2852.6600000000003;2025;Custeio;BCB/SICOR (MDCR)
3140852;24146716.53;1731.27;2025;Investimento;BCB/SICOR (MDCR)
3140902;37469304.83;1255.96;2025;Custeio;BCB/SICOR (MDCR)
3140902;11967707.04;210.83;2025;Investimento;BCB/SICOR (MDCR)
3141009;11587066.78;2352.15;2025;Custeio;BCB/SICOR (MDCR)
3141009;13135633.45;1144.51;2025;Investimento;BCB/SICOR (MDCR)
3141108;549692.04;61.22;2025;Custeio;BCB/SICOR (MDCR)
3141207;31270366.86;2113.71;2025;Custeio;BCB/SICOR (MDCR)
3141207;3419092.7;202.76000000000002;2025;Investimento;BCB/SICOR (MDCR)
3141306;86765304.6;9239.87;2025;Custeio;BCB/SICOR (MDCR)
3141306;31277109.01;882.22;2025;Investimento;BCB/SICOR (MDCR)
3141405;11388917.19;3314.71;2025;Custeio;BCB/SICOR (MDCR)
3141405;16899088.07;2782.0;2025;Investimento;BCB/SICOR (MDCR)
3141504;6535598.9399999995;764.9300000000001;2025;Custeio;BCB/SICOR (MDCR)
3141504;2591077.55;191.69;2025;Investimento;BCB/SICOR (MDCR)
3141603;12277982.47;948.72;2025;Custeio;BCB/SICOR (MDCR)
3141603;3087320.01;65.3;2025;Investimento;BCB/SICOR (MDCR)
3141702;2567926.3;412.48;2025;Custeio;BCB/SICOR (MDCR)
3141702;1706172.3;70.0;2025;Investimento;BCB/SICOR (MDCR)
3141801;5842267.49;801.8;2025;Custeio;BCB/SICOR (MDCR)
3141801;18296504.49;1178.34;2025;Investimento;BCB/SICOR (MDCR)
3141900;13141839.19;1601.69;2025;Custeio;BCB/SICOR (MDCR)
3141900;7145153.2;61.93;2025;Investimento;BCB/SICOR (MDCR)
3142007;4383349.04;787.81;2025;Custeio;BCB/SICOR (MDCR)
3142007;5511390.2;466.57;2025;Investimento;BCB/SICOR (MDCR)
3142106;16962132.1;1034.0;2025;Custeio;BCB/SICOR (MDCR)
3142106;9375797.87;561.6;2025;Investimento;BCB/SICOR (MDCR)
3142205;5298248.39;744.03;2025;Custeio;BCB/SICOR (MDCR)
3142205;4890634.77;407.41999999999996;2025;Investimento;BCB/SICOR (MDCR)
3142254;2257539.61;453.99;2025;Custeio;BCB/SICOR (MDCR)
3142254;11769048.65;1257.87;2025;Investimento;BCB/SICOR (MDCR)
3142304;1694025.04;137.3;2025;Custeio;BCB/SICOR (MDCR)
3142304;899000.0;35.99;2025;Investimento;BCB/SICOR (MDCR)
3142403;15002344.54;593.35;2025;Custeio;BCB/SICOR (MDCR)
3142403;6381154.77;356.52;2025;Investimento;BCB/SICOR (MDCR)
3142502;4989499.06;941.26;2025;Custeio;BCB/SICOR (MDCR)
3142502;585000.0;181.83;2025;Investimento;BCB/SICOR (MDCR)
3142601;29537374.31;1312.6;2025;Custeio;BCB/SICOR (MDCR)
3142601;8937843.08;232.96;2025;Investimento;BCB/SICOR (MDCR)
3142700;15562905.530000001;3313.5;2025;Custeio;BCB/SICOR (MDCR)
3142700;28835004.16;4208.91;2025;Investimento;BCB/SICOR (MDCR)
3142809;196963569.1;20841.18;2025;Custeio;BCB/SICOR (MDCR)
3142809;128006345.89;7143.92;2025;Investimento;BCB/SICOR (MDCR)
3142908;6153743.37;873.8199999999999;2025;Custeio;BCB/SICOR (MDCR)
3142908;19814406.43;668.5;2025;Investimento;BCB/SICOR (MDCR)
3143005;32899785.56;1553.35;2025;Custeio;BCB/SICOR (MDCR)
3143005;8623031.459999999;145.48;2025;Investimento;BCB/SICOR (MDCR)
3143104;271336170.32;16529.420000000002;2025;Custeio;BCB/SICOR (MDCR)
3143104;58903496.54;1497.9;2025;Investimento;BCB/SICOR (MDCR)
3143153;1900620.41;409.39;2025;Custeio;BCB/SICOR (MDCR)
3143153;3245279.0;283.43;2025;Investimento;BCB/SICOR (MDCR)
3143203;92418432.39;4683.78;2025;Custeio;BCB/SICOR (MDCR)
3143203;22615390.11;249.95000000000002;2025;Investimento;BCB/SICOR (MDCR)
3143302;29264994.62;5393.92;2025;Custeio;BCB/SICOR (MDCR)
3143302;32706891.3;1843.62;2025;Investimento;BCB/SICOR (MDCR)
3143401;11533570.09;889.08;2025;Custeio;BCB/SICOR (MDCR)
3143401;6372576.5;252.97;2025;Investimento;BCB/SICOR (MDCR)
3143450;149642.95;7.04;2025;Custeio;BCB/SICOR (MDCR)
3143450;8836025.3;471.22;2025;Investimento;BCB/SICOR (MDCR)
3143500;101529476.71;6060.2699999999995;2025;Custeio;BCB/SICOR (MDCR)
3143500;15859917.09;1079.54;2025;Investimento;BCB/SICOR (MDCR)
3143609;1891909.0099999998;379.82;2025;Custeio;BCB/SICOR (MDCR)
3143609;494000.0;93.09;2025;Investimento;BCB/SICOR (MDCR)
3143708;890670.06;242.97;2025;Custeio;BCB/SICOR (MDCR)
3143708;598200.0;71.73;2025;Investimento;BCB/SICOR (MDCR)
3143807;24280873.22;541.79;2025;Custeio;BCB/SICOR (MDCR)
3143807;11124524.08;109.69;2025;Investimento;BCB/SICOR (MDCR)
3143906;27770248.6;1950.44;2025;Custeio;BCB/SICOR (MDCR)
3143906;15283838.82;790.31;2025;Investimento;BCB/SICOR (MDCR)
3144003;86368120.76;4321.76;2025;Custeio;BCB/SICOR (MDCR)
3144003;57076162.37;995.6800000000001;2025;Investimento;BCB/SICOR (MDCR)
3144102;46607156.69;2277.34;2025;Custeio;BCB/SICOR (MDCR)
3144102;16861029.6;87.81;2025;Investimento;BCB/SICOR (MDCR)
3144201;2264124.54;241.35;2025;Custeio;BCB/SICOR (MDCR)
3144201;1076641.2;75.91;2025;Investimento;BCB/SICOR (MDCR)
3144300;21682303.19;7322.2;2025;Custeio;BCB/SICOR (MDCR)
3144300;16320439.75;3783.81;2025;Investimento;BCB/SICOR (MDCR)
3144359;340574.43;73.14;2025;Custeio;BCB/SICOR (MDCR)
3144359;574650.0;12.430000000000001;2025;Investimento;BCB/SICOR (MDCR)
3144375;6302444.11;1897.17;2025;Custeio;BCB/SICOR (MDCR)
3144375;3309684.28;275.19;2025;Investimento;BCB/SICOR (MDCR)
3144409;17812865.44;1210.1;2025;Custeio;BCB/SICOR (MDCR)
3144409;9427884.23;77.59;2025;Investimento;BCB/SICOR (MDCR)
3144508;29136514.58;2789.9500000000003;2025;Custeio;BCB/SICOR (MDCR)
3144508;9872144.16;97.50999999999999;2025;Investimento;BCB/SICOR (MDCR)
3144607;67785548.56;2495.55;2025;Custeio;BCB/SICOR (MDCR)
3144607;29990760.03;190.91;2025;Investimento;BCB/SICOR (MDCR)
3144656;25957313.04;1322.63;2025;Custeio;BCB/SICOR (MDCR)
3144656;28122015.41;1376.18;2025;Investimento;BCB/SICOR (MDCR)
3144672;8920609.72;428.87;2025;Custeio;BCB/SICOR (MDCR)
3144672;8655638.459999999;239.49;2025;Investimento;BCB/SICOR (MDCR)
3144706;2811972.75;417.68;2025;Custeio;BCB/SICOR (MDCR)
3144706;350000.0;10.83;2025;Investimento;BCB/SICOR (MDCR)
3144904;2842090.63;194.21;2025;Custeio;BCB/SICOR (MDCR)
3144904;4108235.71;173.82;2025;Investimento;BCB/SICOR (MDCR)
3145000;121041664.54;12480.89;2025;Custeio;BCB/SICOR (MDCR)
3145000;29579612.68;1469.5800000000002;2025;Investimento;BCB/SICOR (MDCR)
3145059;4275652.92;189.41;2025;Custeio;BCB/SICOR (MDCR)
3145059;7762459.53;174.79;2025;Investimento;BCB/SICOR (MDCR)
3145109;60655392.46;2686.99;2025;Custeio;BCB/SICOR (MDCR)
3145109;28512999.46;60.06;2025;Investimento;BCB/SICOR (MDCR)
3145208;3371225.78;250.62;2025;Custeio;BCB/SICOR (MDCR)
3145208;290200.0;55.01;2025;Investimento;BCB/SICOR (MDCR)
3145307;21633138.95;1593.1399999999999;2025;Custeio;BCB/SICOR (MDCR)
3145307;21261882.22;1626.31;2025;Investimento;BCB/SICOR (MDCR)
3145356;6322058.24;1084.94;2025;Custeio;BCB/SICOR (MDCR)
3145356;11168273.18;504.42;2025;Investimento;BCB/SICOR (MDCR)
3145372;178254.59;24.83;2025;Custeio;BCB/SICOR (MDCR)
3145372;3584250.73;171.83;2025;Investimento;BCB/SICOR (MDCR)
3145406;2905399.44;474.34;2025;Custeio;BCB/SICOR (MDCR)
3145406;1408600.0;37.68;2025;Investimento;BCB/SICOR (MDCR)
3145455;3843256.79;957.46;2025;Custeio;BCB/SICOR (MDCR)
3145455;24657220.89;2777.75;2025;Investimento;BCB/SICOR (MDCR)
3145505;8385702.140000001;130.6;2025;Custeio;BCB/SICOR (MDCR)
3145505;3398198.1799999997;7.41;2025;Investimento;BCB/SICOR (MDCR)
3145604;37401809.48;2225.06;2025;Custeio;BCB/SICOR (MDCR)
3145604;30404212.89;795.71;2025;Investimento;BCB/SICOR (MDCR)
3145703;9189975.42;262.17;2025;Custeio;BCB/SICOR (MDCR)
3145703;3938196.06;106.72;2025;Investimento;BCB/SICOR (MDCR)
3145802;58971441.89;1176.2;2025;Custeio;BCB/SICOR (MDCR)
3145802;5391441.15;231.16;2025;Investimento;BCB/SICOR (MDCR)
3145851;2226109.21;222.19;2025;Custeio;BCB/SICOR (MDCR)
3145851;2261146.6;127.78999999999999;2025;Investimento;BCB/SICOR (MDCR)
3145877;30778033.85;1015.92;2025;Custeio;BCB/SICOR (MDCR)
3145877;25139575.1;172.22;2025;Investimento;BCB/SICOR (MDCR)
3145901;1758134.59;106.52;2025;Custeio;BCB/SICOR (MDCR)
3145901;692533.37;22.49;2025;Investimento;BCB/SICOR (MDCR)
3146008;27158870.68;1365.51;2025;Custeio;BCB/SICOR (MDCR)
3146008;13068971.54;153.39000000000001;2025;Investimento;BCB/SICOR (MDCR)
3146107;672820.31;19.0;2025;Custeio;BCB/SICOR (MDCR)
3146107;662402.41;1.0;2025;Investimento;BCB/SICOR (MDCR)
3146206;3940230.34;553.46;2025;Custeio;BCB/SICOR (MDCR)
3146206;6480264.25;311.89;2025;Investimento;BCB/SICOR (MDCR)
3146255;701723.16;23.8;2025;Custeio;BCB/SICOR (MDCR)
3146255;1666442.94;103.29;2025;Investimento;BCB/SICOR (MDCR)
3146305;1921518.1;424.98;2025;Custeio;BCB/SICOR (MDCR)
3146305;6185010.0;299.07;2025;Investimento;BCB/SICOR (MDCR)
3146404;11933477.33;1589.0;2025;Custeio;BCB/SICOR (MDCR)
3146404;4106169.05;208.82;2025;Investimento;BCB/SICOR (MDCR)
3146503;37058925.33;3801.41;2025;Custeio;BCB/SICOR (MDCR)
3146503;2157368.93;102.25;2025;Investimento;BCB/SICOR (MDCR)
3146552;8973068.47;2788.57;2025;Custeio;BCB/SICOR (MDCR)
3146552;14639229.22;1025.51;2025;Investimento;BCB/SICOR (MDCR)
3146602;1945345.81;291.07;2025;Custeio;BCB/SICOR (MDCR)
3146602;1239900.0;73.73;2025;Investimento;BCB/SICOR (MDCR)
3146701;8110291.84;629.71;2025;Custeio;BCB/SICOR (MDCR)
3146701;4541811.24;277.72;2025;Investimento;BCB/SICOR (MDCR)
3146750;4230916.09;924.69;2025;Custeio;BCB/SICOR (MDCR)
3146750;5952010.14;792.85;2025;Investimento;BCB/SICOR (MDCR)
3146909;27261556.84;1926.97;2025;Custeio;BCB/SICOR (MDCR)
3146909;9792457.53;75.25;2025;Investimento;BCB/SICOR (MDCR)
3147006;425887701.36;66797.14;2025;Custeio;BCB/SICOR (MDCR)
3147006;158750871.10999998;17719.21;2025;Investimento;BCB/SICOR (MDCR)
3147105;128532241.25999999;1346.04;2025;Custeio;BCB/SICOR (MDCR)
3147105;30967062.44;166.06;2025;Investimento;BCB/SICOR (MDCR)
3147204;128094858.51;3403.63;2025;Custeio;BCB/SICOR (MDCR)
3147204;33141594.58;397.36;2025;Investimento;BCB/SICOR (MDCR)
3147303;3306067.06;310.07;2025;Custeio;BCB/SICOR (MDCR)
3147303;2846737.2800000003;118.38;2025;Investimento;BCB/SICOR (MDCR)
3147402;17992431.68;784.98;2025;Custeio;BCB/SICOR (MDCR)
3147402;9590877.19;214.11;2025;Investimento;BCB/SICOR (MDCR)
3147501;907770.38;104.71000000000001;2025;Custeio;BCB/SICOR (MDCR)
3147501;527000.0;5.73;2025;Investimento;BCB/SICOR (MDCR)
3147600;16356223.67;515.3;2025;Custeio;BCB/SICOR (MDCR)
3147600;5723400.0;88.82;2025;Investimento;BCB/SICOR (MDCR)
3147709;21614299.759999998;2522.53;2025;Custeio;BCB/SICOR (MDCR)
3147709;7263500.0;557.51;2025;Investimento;BCB/SICOR (MDCR)
3147808;3168310.12;1326.24;2025;Custeio;BCB/SICOR (MDCR)
3147808;1065000.0;93.76;2025;Investimento;BCB/SICOR (MDCR)
3147907;220543515.71;12159.05;2025;Custeio;BCB/SICOR (MDCR)
3147907;30016078.53;550.49;2025;Investimento;BCB/SICOR (MDCR)
3147956;3659755.89;791.87;2025;Custeio;BCB/SICOR (MDCR)
3147956;4225200.4;315.69;2025;Investimento;BCB/SICOR (MDCR)
3148004;339824558.25;20947.91;2025;Custeio;BCB/SICOR (MDCR)
3148004;135125771.56;5215.12;2025;Investimento;BCB/SICOR (MDCR)
3148103;524306644.58;29061.03;2025;Custeio;BCB/SICOR (MDCR)
3148103;111618519.11;3164.69;2025;Investimento;BCB/SICOR (MDCR)
3148202;3701501.4;223.27;2025;Custeio;BCB/SICOR (MDCR)
3148202;2690904.95;80.91;2025;Investimento;BCB/SICOR (MDCR)
3148301;7131915.4399999995;461.05;2025;Custeio;BCB/SICOR (MDCR)
3148301;6289698.5;152.49;2025;Investimento;BCB/SICOR (MDCR)
3148400;5059664.2;457.52;2025;Custeio;BCB/SICOR (MDCR)
3148400;1537324.0;128.18;2025;Investimento;BCB/SICOR (MDCR)
3148509;21311642.34;3329.0;2025;Custeio;BCB/SICOR (MDCR)
3148509;5530807.42;323.06;2025;Investimento;BCB/SICOR (MDCR)
3148608;13156113.05;1249.15;2025;Custeio;BCB/SICOR (MDCR)
3148608;6828419.65;598.88;2025;Investimento;BCB/SICOR (MDCR)
3148707;9063851.75;1998.88;2025;Custeio;BCB/SICOR (MDCR)
3148707;13864556.549999999;1478.04;2025;Investimento;BCB/SICOR (MDCR)
3148756;15809874.75;519.55;2025;Custeio;BCB/SICOR (MDCR)
3148756;11257667.58;105.4;2025;Investimento;BCB/SICOR (MDCR)
3148806;3846539.74;401.52;2025;Custeio;BCB/SICOR (MDCR)
3148806;2226584.0;128.34;2025;Investimento;BCB/SICOR (MDCR)
3148905;15433451.55;539.65;2025;Custeio;BCB/SICOR (MDCR)
3148905;6579176.01;91.56;2025;Investimento;BCB/SICOR (MDCR)
3149002;2534103.21;152.95;2025;Custeio;BCB/SICOR (MDCR)
3149002;1388967.78;121.39;2025;Investimento;BCB/SICOR (MDCR)
3149101;5316795.79;439.99;2025;Custeio;BCB/SICOR (MDCR)
3149101;3172120.33;19.34;2025;Investimento;BCB/SICOR (MDCR)
3149150;14049645.82;1363.74;2025;Custeio;BCB/SICOR (MDCR)
3149150;7342905.98;1562.71;2025;Investimento;BCB/SICOR (MDCR)
3149200;74323226.88;9217.61;2025;Custeio;BCB/SICOR (MDCR)
3149200;6576723.11;308.49;2025;Investimento;BCB/SICOR (MDCR)
3149309;1653149.71;271.58;2025;Custeio;BCB/SICOR (MDCR)
3149309;1285777.5;175.82999999999998;2025;Investimento;BCB/SICOR (MDCR)
3149408;478383.85;147.98;2025;Custeio;BCB/SICOR (MDCR)
3149408;402742.0;21.53;2025;Investimento;BCB/SICOR (MDCR)
3149507;2447624.5999999996;284.74;2025;Custeio;BCB/SICOR (MDCR)
3149507;413000.0;19.57;2025;Investimento;BCB/SICOR (MDCR)
3149606;11204888.35;395.05;2025;Custeio;BCB/SICOR (MDCR)
3149606;4586797.0;44.18;2025;Investimento;BCB/SICOR (MDCR)
3149705;2692030.44;232.83;2025;Custeio;BCB/SICOR (MDCR)
3149705;150000.0;1.99;2025;Investimento;BCB/SICOR (MDCR)
3149804;244507087.91;18264.25;2025;Custeio;BCB/SICOR (MDCR)
3149804;66409622.96;3300.8;2025;Investimento;BCB/SICOR (MDCR)
3149903;27067199.59;1789.01;2025;Custeio;BCB/SICOR (MDCR)
3149903;7184123.72;115.84;2025;Investimento;BCB/SICOR (MDCR)
3149952;1524100.92;213.01000000000002;2025;Custeio;BCB/SICOR (MDCR)
3149952;345263.7;12.19;2025;Investimento;BCB/SICOR (MDCR)
3150000;7246683.89;1102.26;2025;Custeio;BCB/SICOR (MDCR)
3150000;2694844.0;391.87;2025;Investimento;BCB/SICOR (MDCR)
3150109;1769198.02;167.34;2025;Custeio;BCB/SICOR (MDCR)
3150109;755667.9;34.52;2025;Investimento;BCB/SICOR (MDCR)
3150158;23033790.23;806.29;2025;Custeio;BCB/SICOR (MDCR)
3150158;8849387.5;80.1;2025;Investimento;BCB/SICOR (MDCR)
3150208;7333224.08;278.02;2025;Custeio;BCB/SICOR (MDCR)
3150208;7956335.0;96.28999999999999;2025;Investimento;BCB/SICOR (MDCR)
3150307;5066855.87;849.79;2025;Custeio;BCB/SICOR (MDCR)
3150307;5220441.0;327.83000000000004;2025;Investimento;BCB/SICOR (MDCR)
3150406;6126823.13;911.6;2025;Custeio;BCB/SICOR (MDCR)
3150406;2275000.0;187.04999999999998;2025;Investimento;BCB/SICOR (MDCR)
3150505;75177579.37;6549.33;2025;Custeio;BCB/SICOR (MDCR)
3150505;5930555.98;36.260000000000005;2025;Investimento;BCB/SICOR (MDCR)
3150539;118722.23999999999;10.0;2025;Custeio;BCB/SICOR (MDCR)
3150539;100000.0;12.01;2025;Investimento;BCB/SICOR (MDCR)
3150570;13902331.7;2099.33;2025;Custeio;BCB/SICOR (MDCR)
3150570;6276451.6;923.35;2025;Investimento;BCB/SICOR (MDCR)
3150604;18461342.9;2026.03;2025;Custeio;BCB/SICOR (MDCR)
3150604;4288359.01;444.46999999999997;2025;Investimento;BCB/SICOR (MDCR)
3150703;37115673.3;5839.2300000000005;2025;Custeio;BCB/SICOR (MDCR)
3150703;19913467.03;1264.66;2025;Investimento;BCB/SICOR (MDCR)
3150802;22128706.92;1487.69;2025;Custeio;BCB/SICOR (MDCR)
3150802;13756290.61;846.43;2025;Investimento;BCB/SICOR (MDCR)
3150901;2684443.98;268.09;2025;Custeio;BCB/SICOR (MDCR)
3150901;579400.0;28.68;2025;Investimento;BCB/SICOR (MDCR)
3151008;4470104.53;338.94;2025;Custeio;BCB/SICOR (MDCR)
3151008;1328145.1;19.689999999999998;2025;Investimento;BCB/SICOR (MDCR)
3151107;4290093.08;602.61;2025;Custeio;BCB/SICOR (MDCR)
3151107;2750010.0;153.45;2025;Investimento;BCB/SICOR (MDCR)
3151206;20058707.92;673.77;2025;Custeio;BCB/SICOR (MDCR)
3151206;17749180.92;511.39;2025;Investimento;BCB/SICOR (MDCR)
3151305;4354832.24;219.47;2025;Custeio;BCB/SICOR (MDCR)
3151305;1354112.0;20.07;2025;Investimento;BCB/SICOR (MDCR)
3151404;62508907.37;2805.63;2025;Custeio;BCB/SICOR (MDCR)
3151404;7841545.0;356.84000000000003;2025;Investimento;BCB/SICOR (MDCR)
3151503;155294637.02;8703.81;2025;Custeio;BCB/SICOR (MDCR)
3151503;64583163.88999999;1068.4900000000002;2025;Investimento;BCB/SICOR (MDCR)
3151602;16591610.95;1518.98;2025;Custeio;BCB/SICOR (MDCR)
3151602;21603482.16;847.9300000000001;2025;Investimento;BCB/SICOR (MDCR)
3151701;39470360.82;1949.0;2025;Custeio;BCB/SICOR (MDCR)
3151701;21949843.46;118.12;2025;Investimento;BCB/SICOR (MDCR)
3151800;15259331.48;1002.46;2025;Custeio;BCB/SICOR (MDCR)
3151800;6370850.29;123.33;2025;Investimento;BCB/SICOR (MDCR)
3151909;17184458.07;1677.3;2025;Custeio;BCB/SICOR (MDCR)
3151909;20209995.98;770.27;2025;Investimento;BCB/SICOR (MDCR)
3152006;83100830.4;4715.58;2025;Custeio;BCB/SICOR (MDCR)
3152006;72290609.86;2208.85;2025;Investimento;BCB/SICOR (MDCR)
3152105;7674443.57;776.85;2025;Custeio;BCB/SICOR (MDCR)
3152105;3748338.0;176.59;2025;Investimento;BCB/SICOR (MDCR)
3152131;9523838.25;1897.43;2025;Custeio;BCB/SICOR (MDCR)
3152131;11178149.64;774.75;2025;Investimento;BCB/SICOR (MDCR)
3152170;12730815.95;1522.3200000000002;2025;Custeio;BCB/SICOR (MDCR)
3152170;7461459.35;544.8100000000001;2025;Investimento;BCB/SICOR (MDCR)
3152204;16391983.86;1907.14;2025;Custeio;BCB/SICOR (MDCR)
3152204;29927614.65;1587.95;2025;Investimento;BCB/SICOR (MDCR)
3152303;6357588.53;502.5;2025;Custeio;BCB/SICOR (MDCR)
3152303;2838398.12;58.580000000000005;2025;Investimento;BCB/SICOR (MDCR)
3152402;5162235.13;786.5899999999999;2025;Custeio;BCB/SICOR (MDCR)
3152402;5421483.25;229.48;2025;Investimento;BCB/SICOR (MDCR)
3152501;25138114.51;1515.64;2025;Custeio;BCB/SICOR (MDCR)
3152501;8403800.51;60.1;2025;Investimento;BCB/SICOR (MDCR)
3152600;24268865.5;856.8;2025;Custeio;BCB/SICOR (MDCR)
3152600;5729228.95;174.53;2025;Investimento;BCB/SICOR (MDCR)
3152709;5484637.78;724.3;2025;Custeio;BCB/SICOR (MDCR)
3152709;5258695.79;77.02;2025;Investimento;BCB/SICOR (MDCR)
3152808;371351235.78;33689.44;2025;Custeio;BCB/SICOR (MDCR)
3152808;111644165.39;7753.84;2025;Investimento;BCB/SICOR (MDCR)
3152907;10538432.46;1112.42;2025;Custeio;BCB/SICOR (MDCR)
3152907;7828629.9;120.78;2025;Investimento;BCB/SICOR (MDCR)
3153004;44900095.09;2992.61;2025;Custeio;BCB/SICOR (MDCR)
3153004;12936664.53;215.37;2025;Investimento;BCB/SICOR (MDCR)
3153103;4610062.649999999;606.87;2025;Custeio;BCB/SICOR (MDCR)
3153103;3062420.93;95.34;2025;Investimento;BCB/SICOR (MDCR)
3153202;5301387.36;1406.44;2025;Custeio;BCB/SICOR (MDCR)
3153202;1935937.41;260.26;2025;Investimento;BCB/SICOR (MDCR)
3153301;500000.0;49.84;2025;Custeio;BCB/SICOR (MDCR)
3153301;199871.5;0.14;2025;Investimento;BCB/SICOR (MDCR)
3153400;138657936.94;17681.43;2025;Custeio;BCB/SICOR (MDCR)
3153400;74829058.81;6585.79;2025;Investimento;BCB/SICOR (MDCR)
3153509;30089054.65;988.08;2025;Custeio;BCB/SICOR (MDCR)
3153509;15302017.02;139.49;2025;Investimento;BCB/SICOR (MDCR)
3153608;1215286.27;229.48;2025;Custeio;BCB/SICOR (MDCR)
3153707;14747165.43;2221.66;2025;Custeio;BCB/SICOR (MDCR)
3153707;4952120.0;357.07;2025;Investimento;BCB/SICOR (MDCR)
3153806;8241201.16;443.23;2025;Custeio;BCB/SICOR (MDCR)
3153806;2875461.68;104.35;2025;Investimento;BCB/SICOR (MDCR)
3154002;40564071.04;3527.5;2025;Custeio;BCB/SICOR (MDCR)
3154002;20458926.83;854.69;2025;Investimento;BCB/SICOR (MDCR)
3154101;13621972.92;1139.6;2025;Custeio;BCB/SICOR (MDCR)
3154101;3362296.74;268.15;2025;Investimento;BCB/SICOR (MDCR)
3154150;34104435.08;1230.71;2025;Custeio;BCB/SICOR (MDCR)
3154150;9787949.46;48.44;2025;Investimento;BCB/SICOR (MDCR)
3154200;17089330.69;2846.48;2025;Custeio;BCB/SICOR (MDCR)
3154200;4673486.55;238.17000000000002;2025;Investimento;BCB/SICOR (MDCR)
3154309;27088799.05;3128.12;2025;Custeio;BCB/SICOR (MDCR)
3154309;28928547.4;1478.23;2025;Investimento;BCB/SICOR (MDCR)
3154408;6911779.6;171.22;2025;Custeio;BCB/SICOR (MDCR)
3154408;4067334.3200000003;16.630000000000003;2025;Investimento;BCB/SICOR (MDCR)
3154457;34812436.39;4691.23;2025;Custeio;BCB/SICOR (MDCR)
3154457;52603379.67;3574.9500000000003;2025;Investimento;BCB/SICOR (MDCR)
3154507;2071055.6300000001;402.53;2025;Custeio;BCB/SICOR (MDCR)
3154507;6886430.13;534.46;2025;Investimento;BCB/SICOR (MDCR)
3154705;1122740.88;74.36;2025;Custeio;BCB/SICOR (MDCR)
3154705;717416.02;82.7;2025;Investimento;BCB/SICOR (MDCR)
3154903;13353679.27;1754.21;2025;Custeio;BCB/SICOR (MDCR)
3154903;5045497.0;474.8;2025;Investimento;BCB/SICOR (MDCR)
3155009;600327.12;92.68;2025;Custeio;BCB/SICOR (MDCR)
3155009;1362500.0;134.93;2025;Investimento;BCB/SICOR (MDCR)
3155108;7251200.71;1263.86;2025;Custeio;BCB/SICOR (MDCR)
3155108;4855880.140000001;615.4399999999999;2025;Investimento;BCB/SICOR (MDCR)
3155207;1035567.4;180.18;2025;Custeio;BCB/SICOR (MDCR)
3155207;885920.0;50.95;2025;Investimento;BCB/SICOR (MDCR)
3155306;6095558.87;406.07;2025;Custeio;BCB/SICOR (MDCR)
3155306;3918535.1799999997;221.48000000000002;2025;Investimento;BCB/SICOR (MDCR)
3155405;3323461.3;553.77;2025;Custeio;BCB/SICOR (MDCR)
3155405;3035300.0;269.8;2025;Investimento;BCB/SICOR (MDCR)
3155504;651774040.78;15463.37;2025;Custeio;BCB/SICOR (MDCR)
3155504;102268960.79;2300.11;2025;Investimento;BCB/SICOR (MDCR)
3155603;12268110.84;878.0799999999999;2025;Custeio;BCB/SICOR (MDCR)
3155603;41267932.15;1683.74;2025;Investimento;BCB/SICOR (MDCR)
3155702;4427017.33;673.29;2025;Custeio;BCB/SICOR (MDCR)
3155702;2053640.0;96.35;2025;Investimento;BCB/SICOR (MDCR)
3155801;9608094.78;550.06;2025;Custeio;BCB/SICOR (MDCR)
3155801;2318049.0;104.15;2025;Investimento;BCB/SICOR (MDCR)
3155900;3630279.88;2181.81;2025;Custeio;BCB/SICOR (MDCR)
3155900;1186586.0;367.68;2025;Investimento;BCB/SICOR (MDCR)
3156007;18300945.84;1667.6100000000001;2025;Custeio;BCB/SICOR (MDCR)
3156007;11795132.9;624.97;2025;Investimento;BCB/SICOR (MDCR)
3156106;17219406.38;1708.17;2025;Custeio;BCB/SICOR (MDCR)
3156106;12646510.56;358.28;2025;Investimento;BCB/SICOR (MDCR)
3156205;1715873.4000000001;188.87;2025;Custeio;BCB/SICOR (MDCR)
3156205;739650.0;87.6;2025;Investimento;BCB/SICOR (MDCR)
3156304;1092895.18;138.69;2025;Custeio;BCB/SICOR (MDCR)
3156304;1181850.0;59.66;2025;Investimento;BCB/SICOR (MDCR)
3156403;76231040.61;4810.09;2025;Custeio;BCB/SICOR (MDCR)
3156403;14696019.0;512.0600000000001;2025;Investimento;BCB/SICOR (MDCR)
3156452;4451774.74;229.48;2025;Custeio;BCB/SICOR (MDCR)
3156452;2227875.18;132.10999999999999;2025;Investimento;BCB/SICOR (MDCR)
3156502;5232013.94;1479.89;2025;Custeio;BCB/SICOR (MDCR)
3156502;5393809.32;647.22;2025;Investimento;BCB/SICOR (MDCR)
3156601;11867396.24;4046.17;2025;Custeio;BCB/SICOR (MDCR)
3156601;8849346.83;1027.6;2025;Investimento;BCB/SICOR (MDCR)
3156700;240735.4;2.05;2025;Investimento;BCB/SICOR (MDCR)
3156809;15574696.14;2136.83;2025;Custeio;BCB/SICOR (MDCR)
3156809;10060143.1;462.02;2025;Investimento;BCB/SICOR (MDCR)
3156908;174353561.21;18455.52;2025;Custeio;BCB/SICOR (MDCR)
3156908;89187115.03;4116.88;2025;Investimento;BCB/SICOR (MDCR)
3157005;5439770.95;1768.33;2025;Custeio;BCB/SICOR (MDCR)
3157005;26077035.01;1739.3899999999999;2025;Investimento;BCB/SICOR (MDCR)
3157104;6738846.95;1201.97;2025;Custeio;BCB/SICOR (MDCR)
3157104;1036755.27;244.04999999999998;2025;Investimento;BCB/SICOR (MDCR)
3157203;454883.43;100.15;2025;Custeio;BCB/SICOR (MDCR)
3157203;507950.0;61.96;2025;Investimento;BCB/SICOR (MDCR)
3157252;24195565.75;906.55;2025;Custeio;BCB/SICOR (MDCR)
3157252;9095210.1;99.55999999999999;2025;Investimento;BCB/SICOR (MDCR)
3157278;4411534.54;1323.44;2025;Custeio;BCB/SICOR (MDCR)
3157278;1381895.25;179.98;2025;Investimento;BCB/SICOR (MDCR)
3157302;4864062.66;221.7;2025;Custeio;BCB/SICOR (MDCR)
3157302;729331.34;25.41;2025;Investimento;BCB/SICOR (MDCR)
3157377;1034706.0499999999;360.24;2025;Custeio;BCB/SICOR (MDCR)
3157377;4747359.86;410.31;2025;Investimento;BCB/SICOR (MDCR)
3157401;10669678.33;288.57;2025;Custeio;BCB/SICOR (MDCR)
3157401;1276189.4;36.64;2025;Investimento;BCB/SICOR (MDCR)
3157500;805642.14;87.74;2025;Custeio;BCB/SICOR (MDCR)
3157500;2278450.0;166.23;2025;Investimento;BCB/SICOR (MDCR)
3157609;24748180.96;4539.66;2025;Custeio;BCB/SICOR (MDCR)
3157609;15137877.2;1932.75;2025;Investimento;BCB/SICOR (MDCR)
3157658;3212761.14;661.4300000000001;2025;Custeio;BCB/SICOR (MDCR)
3157658;3729190.0;314.79;2025;Investimento;BCB/SICOR (MDCR)
3157708;194176608.29;8709.539999999999;2025;Custeio;BCB/SICOR (MDCR)
3157708;27868231.85;1201.95;2025;Investimento;BCB/SICOR (MDCR)
3157807;207924.48;43.34;2025;Custeio;BCB/SICOR (MDCR)
3157807;200000.0;20.0;2025;Investimento;BCB/SICOR (MDCR)
3157906;59832144.19;2002.81;2025;Custeio;BCB/SICOR (MDCR)
3157906;19386610.19;145.75;2025;Investimento;BCB/SICOR (MDCR)
3158003;2366959.3;316.77;2025;Custeio;BCB/SICOR (MDCR)
3158003;1488447.6;89.85;2025;Investimento;BCB/SICOR (MDCR)
3158102;1618793.74;306.71;2025;Custeio;BCB/SICOR (MDCR)
3158102;6226285.8;589.65;2025;Investimento;BCB/SICOR (MDCR)
3158201;10348140.59;534.04;2025;Custeio;BCB/SICOR (MDCR)
3158201;4046913.12;309.6;2025;Investimento;BCB/SICOR (MDCR)
3158300;36023936.87;1441.01;2025;Custeio;BCB/SICOR (MDCR)
3158300;8134650.52;40.9;2025;Investimento;BCB/SICOR (MDCR)
3158409;1830532.33;240.94;2025;Custeio;BCB/SICOR (MDCR)
3158409;1241949.2;144.64;2025;Investimento;BCB/SICOR (MDCR)
3158508;9518539.11;922.78;2025;Custeio;BCB/SICOR (MDCR)
3158508;4857815.91;268.62;2025;Investimento;BCB/SICOR (MDCR)
3158607;98901.0;72.73;2025;Custeio;BCB/SICOR (MDCR)
3158607;99133.2;17.31;2025;Investimento;BCB/SICOR (MDCR)
3158706;1815074.59;324.55;2025;Custeio;BCB/SICOR (MDCR)
3158706;1958600.0;55.83;2025;Investimento;BCB/SICOR (MDCR)
3158805;9710121.73;901.2;2025;Custeio;BCB/SICOR (MDCR)
3158805;1149907.08;61.31;2025;Investimento;BCB/SICOR (MDCR)
3158904;85622030.97;2608.62;2025;Custeio;BCB/SICOR (MDCR)
3158904;27672725.41;215.26999999999998;2025;Investimento;BCB/SICOR (MDCR)
3158953;814096.81;86.69;2025;Custeio;BCB/SICOR (MDCR)
3158953;1027000.0;15.95;2025;Investimento;BCB/SICOR (MDCR)
3159001;192366.35;63.269999999999996;2025;Custeio;BCB/SICOR (MDCR)
3159001;1290523.15;293.84000000000003;2025;Investimento;BCB/SICOR (MDCR)
3159100;1984680.38;161.46;2025;Custeio;BCB/SICOR (MDCR)
3159100;1196208.8;29.88;2025;Investimento;BCB/SICOR (MDCR)
3159209;44580819.17;4996.97;2025;Custeio;BCB/SICOR (MDCR)
3159209;9055983.07;124.27000000000001;2025;Investimento;BCB/SICOR (MDCR)
3159308;3323065.4;1337.09;2025;Custeio;BCB/SICOR (MDCR)
3159308;1912647.49;290.28999999999996;2025;Investimento;BCB/SICOR (MDCR)
3159357;13805303.6;523.66;2025;Custeio;BCB/SICOR (MDCR)
3159357;2703738.61;41.35;2025;Investimento;BCB/SICOR (MDCR)
3159407;5484491.6;590.51;2025;Custeio;BCB/SICOR (MDCR)
3159407;1172164.47;40.86;2025;Investimento;BCB/SICOR (MDCR)
3159506;19825358.330000002;1071.44;2025;Custeio;BCB/SICOR (MDCR)
3159506;26061924.54;541.53;2025;Investimento;BCB/SICOR (MDCR)
3159605;52566629.1;1395.72;2025;Custeio;BCB/SICOR (MDCR)
3159605;15787343.040000001;51.78;2025;Investimento;BCB/SICOR (MDCR)
3159704;37126292.67;1505.3;2025;Custeio;BCB/SICOR (MDCR)
3159704;18487179.49;208.45000000000002;2025;Investimento;BCB/SICOR (MDCR)
3159803;299005110.3;23208.72;2025;Custeio;BCB/SICOR (MDCR)
3159803;53567392.07;7315.5199999999995;2025;Investimento;BCB/SICOR (MDCR)
3159902;73588241.5;4077.0;2025;Custeio;BCB/SICOR (MDCR)
3159902;13690630.48;462.24;2025;Investimento;BCB/SICOR (MDCR)
3160009;4267867.19;447.99;2025;Custeio;BCB/SICOR (MDCR)
3160009;4200855.0;50.29;2025;Investimento;BCB/SICOR (MDCR)
3160108;2541074.08;332.07;2025;Custeio;BCB/SICOR (MDCR)
3160108;1356000.0;134.03;2025;Investimento;BCB/SICOR (MDCR)
3160207;4091756.9;413.88;2025;Custeio;BCB/SICOR (MDCR)
3160207;2635778.2;214.7;2025;Investimento;BCB/SICOR (MDCR)
3160306;2932736.24;551.74;2025;Custeio;BCB/SICOR (MDCR)
3160306;4032931.0;458.64;2025;Investimento;BCB/SICOR (MDCR)
3160405;93816688.51;3347.1;2025;Custeio;BCB/SICOR (MDCR)
3160405;47257208.07;331.4;2025;Investimento;BCB/SICOR (MDCR)
3160454;252255.04;44.74;2025;Custeio;BCB/SICOR (MDCR)
3160454;10521860.59;554.97;2025;Investimento;BCB/SICOR (MDCR)
3160504;1056439.99;312.87;2025;Custeio;BCB/SICOR (MDCR)
3160504;160000.0;44.87;2025;Investimento;BCB/SICOR (MDCR)
3160603;3287631.01;680.63;2025;Custeio;BCB/SICOR (MDCR)
3160603;2406410.0;318.86;2025;Investimento;BCB/SICOR (MDCR)
3160702;27209426.27;1412.8600000000001;2025;Custeio;BCB/SICOR (MDCR)
3160702;5111060.0;184.95000000000002;2025;Investimento;BCB/SICOR (MDCR)
3160801;15009687.870000001;1224.71;2025;Custeio;BCB/SICOR (MDCR)
3160801;1638956.42;0.01;2025;Investimento;BCB/SICOR (MDCR)
3160900;633753.64;130.04000000000002;2025;Custeio;BCB/SICOR (MDCR)
3160900;1102500.0;0.0;2025;Investimento;BCB/SICOR (MDCR)
3160959;13005327.25;475.34;2025;Custeio;BCB/SICOR (MDCR)
3160959;5909997.78;33.29;2025;Investimento;BCB/SICOR (MDCR)
3161007;8101419.88;1318.78;2025;Custeio;BCB/SICOR (MDCR)
3161007;2753382.7;212.98999999999998;2025;Investimento;BCB/SICOR (MDCR)
3161056;2136695.13;250.51;2025;Custeio;BCB/SICOR (MDCR)
3161056;1209223.6;61.74;2025;Investimento;BCB/SICOR (MDCR)
3161106;55147207.89;5812.91;2025;Custeio;BCB/SICOR (MDCR)
3161106;49697088.46;4075.57;2025;Investimento;BCB/SICOR (MDCR)
3161205;13817768.459999999;820.41;2025;Custeio;BCB/SICOR (MDCR)
3161205;5892917.12;113.56;2025;Investimento;BCB/SICOR (MDCR)
3161304;97777069.0;14643.8;2025;Custeio;BCB/SICOR (MDCR)
3161304;17499683.54;1704.87;2025;Investimento;BCB/SICOR (MDCR)
3161403;5378755.76;334.57;2025;Custeio;BCB/SICOR (MDCR)
3161403;6656731.17;185.97;2025;Investimento;BCB/SICOR (MDCR)
3161502;5796723.54;470.33;2025;Custeio;BCB/SICOR (MDCR)
3161502;2558235.33;135.79999999999998;2025;Investimento;BCB/SICOR (MDCR)
3161601;1242366.15;221.62;2025;Custeio;BCB/SICOR (MDCR)
3161601;650000.0;38.55;2025;Investimento;BCB/SICOR (MDCR)
3161650;4632589.07;568.18;2025;Custeio;BCB/SICOR (MDCR)
3161650;2124993.0;143.59;2025;Investimento;BCB/SICOR (MDCR)
3161700;21683549.28;3304.26;2025;Custeio;BCB/SICOR (MDCR)
3161700;21266743.31;2451.73;2025;Investimento;BCB/SICOR (MDCR)
3161809;9345704.18;311.64;2025;Custeio;BCB/SICOR (MDCR)
3161809;674936.48;69.11;2025;Investimento;BCB/SICOR (MDCR)
3161908;951890.6699999999;128.66;2025;Custeio;BCB/SICOR (MDCR)
3161908;1034390.0;18.17;2025;Investimento;BCB/SICOR (MDCR)
3162005;37423021.41;1945.33;2025;Custeio;BCB/SICOR (MDCR)
3162005;32271269.05;361.84;2025;Investimento;BCB/SICOR (MDCR)
3162104;152440380.61;4143.48;2025;Custeio;BCB/SICOR (MDCR)
3162104;39828586.18;739.62;2025;Investimento;BCB/SICOR (MDCR)
3162203;28152301.59;1018.18;2025;Custeio;BCB/SICOR (MDCR)
3162203;15123311.2;31.84;2025;Investimento;BCB/SICOR (MDCR)
3162252;7888952.67;1675.89;2025;Custeio;BCB/SICOR (MDCR)
3162252;9198222.67;1168.13;2025;Investimento;BCB/SICOR (MDCR)
3162302;7803131.95;416.69;2025;Custeio;BCB/SICOR (MDCR)
3162302;2400869.87;21.69;2025;Investimento;BCB/SICOR (MDCR)
3162401;31804493.78;6520.33;2025;Custeio;BCB/SICOR (MDCR)
3162401;27158911.79;3348.47;2025;Investimento;BCB/SICOR (MDCR)
3162450;562038.21;295.64;2025;Custeio;BCB/SICOR (MDCR)
3162450;6338220.8;522.28;2025;Investimento;BCB/SICOR (MDCR)
3162500;77470344.86;10475.41;2025;Custeio;BCB/SICOR (MDCR)
3162500;29913438.54;241.95;2025;Investimento;BCB/SICOR (MDCR)
3162559;29907103.0;978.54;2025;Custeio;BCB/SICOR (MDCR)
3162559;9854802.66;16.65;2025;Investimento;BCB/SICOR (MDCR)
3162575;3509308.8600000003;256.08;2025;Custeio;BCB/SICOR (MDCR)
3162575;3523068.7;242.81;2025;Investimento;BCB/SICOR (MDCR)
3162609;2524906.74;293.14;2025;Custeio;BCB/SICOR (MDCR)
3162609;3548770.35;128.17;2025;Investimento;BCB/SICOR (MDCR)
3162658;9684882.48;1560.74;2025;Custeio;BCB/SICOR (MDCR)
3162658;5680939.3;922.46;2025;Investimento;BCB/SICOR (MDCR)
3162708;3856011.49;563.73;2025;Custeio;BCB/SICOR (MDCR)
3162708;28610219.92;1587.03;2025;Investimento;BCB/SICOR (MDCR)
3162807;21902774.05;3870.19;2025;Custeio;BCB/SICOR (MDCR)
3162807;11576863.55;501.71999999999997;2025;Investimento;BCB/SICOR (MDCR)
3162906;9108714.24;1122.22;2025;Custeio;BCB/SICOR (MDCR)
3162906;5039700.0;401.59;2025;Investimento;BCB/SICOR (MDCR)
3162922;190141.61;7.99;2025;Custeio;BCB/SICOR (MDCR)
3162948;53595472.92;1192.44;2025;Custeio;BCB/SICOR (MDCR)
3162948;11223381.79;62.7;2025;Investimento;BCB/SICOR (MDCR)
3163003;4661230.15;469.12;2025;Custeio;BCB/SICOR (MDCR)
3163003;763600.0;213.59;2025;Investimento;BCB/SICOR (MDCR)
3163102;29332103.080000002;263.68;2025;Custeio;BCB/SICOR (MDCR)
3163102;4648864.0;82.96;2025;Investimento;BCB/SICOR (MDCR)
3163201;4663070.77;525.88;2025;Custeio;BCB/SICOR (MDCR)
3163201;1263625.32;11.7;2025;Investimento;BCB/SICOR (MDCR)
3163300;4365654.1;608.48;2025;Custeio;BCB/SICOR (MDCR)
3163300;1314980.08;198.76;2025;Investimento;BCB/SICOR (MDCR)
3163409;1605469.8900000001;210.95;2025;Custeio;BCB/SICOR (MDCR)
3163409;1904792.2;110.8;2025;Investimento;BCB/SICOR (MDCR)
3163508;7651986.68;678.85;2025;Custeio;BCB/SICOR (MDCR)
3163508;5188377.890000001;226.36;2025;Investimento;BCB/SICOR (MDCR)
3163607;5350508.31;168.24;2025;Custeio;BCB/SICOR (MDCR)
3163607;2792918.34;44.87;2025;Investimento;BCB/SICOR (MDCR)
3163805;12933489.63;488.68;2025;Custeio;BCB/SICOR (MDCR)
3163805;8604114.23;74.67999999999999;2025;Investimento;BCB/SICOR (MDCR)
3163904;28522589.17;1975.8899999999999;2025;Custeio;BCB/SICOR (MDCR)
3163904;14125214.24;127.41;2025;Investimento;BCB/SICOR (MDCR)
3164001;7241682.19;964.3;2025;Custeio;BCB/SICOR (MDCR)
3164001;4467770.08;389.05;2025;Investimento;BCB/SICOR (MDCR)
3164100;5051334.99;542.98;2025;Custeio;BCB/SICOR (MDCR)
3164100;3586000.0;347.18;2025;Investimento;BCB/SICOR (MDCR)
3164209;29147067.6;5533.99;2025;Custeio;BCB/SICOR (MDCR)
3164209;20551273.66;4578.1;2025;Investimento;BCB/SICOR (MDCR)
3164308;179097512.64000002;11278.85;2025;Custeio;BCB/SICOR (MDCR)
3164308;59902455.25;1427.99;2025;Investimento;BCB/SICOR (MDCR)
3164407;11049331.04;885.98;2025;Custeio;BCB/SICOR (MDCR)
3164407;4679099.51;49.879999999999995;2025;Investimento;BCB/SICOR (MDCR)
3164431;4432023.59;319.62;2025;Custeio;BCB/SICOR (MDCR)
3164431;3034979.26;106.23;2025;Investimento;BCB/SICOR (MDCR)
3164472;21721299.43;750.9300000000001;2025;Custeio;BCB/SICOR (MDCR)
3164472;3543789.91;18.3;2025;Investimento;BCB/SICOR (MDCR)
3164506;7499567.44;576.08;2025;Custeio;BCB/SICOR (MDCR)
3164506;5742436.5;284.3;2025;Investimento;BCB/SICOR (MDCR)
3164605;33342203.41;2267.45;2025;Custeio;BCB/SICOR (MDCR)
3164605;57866995.269999996;320.85;2025;Investimento;BCB/SICOR (MDCR)
3164704;128082966.21;6477.56;2025;Custeio;BCB/SICOR (MDCR)
3164704;35829869.14;794.35;2025;Investimento;BCB/SICOR (MDCR)
3164803;709140.46;145.21;2025;Custeio;BCB/SICOR (MDCR)
3164803;1749736.0;53.15;2025;Investimento;BCB/SICOR (MDCR)
3164902;3503636.25;271.84000000000003;2025;Custeio;BCB/SICOR (MDCR)
3164902;1884416.8;43.900000000000006;2025;Investimento;BCB/SICOR (MDCR)
3165008;21118088.6;3564.2400000000002;2025;Custeio;BCB/SICOR (MDCR)
3165008;11081020.61;731.3299999999999;2025;Investimento;BCB/SICOR (MDCR)
3165107;66558749.83;3096.31;2025;Custeio;BCB/SICOR (MDCR)
3165107;14691452.53;84.32000000000001;2025;Investimento;BCB/SICOR (MDCR)
3165206;12525260.65;1281.02;2025;Custeio;BCB/SICOR (MDCR)
3165206;3777293.41;76.05;2025;Investimento;BCB/SICOR (MDCR)
3165305;43926380.43;5652.38;2025;Custeio;BCB/SICOR (MDCR)
3165305;6048632.67;877.28;2025;Investimento;BCB/SICOR (MDCR)
3165404;670878.53;14.7;2025;Custeio;BCB/SICOR (MDCR)
3165404;1140787.0;8.4;2025;Investimento;BCB/SICOR (MDCR)
3165503;1257587.95;111.19999999999999;2025;Custeio;BCB/SICOR (MDCR)
3165503;547000.0;26.339999999999996;2025;Investimento;BCB/SICOR (MDCR)
3165537;80549.99;5.65;2025;Custeio;BCB/SICOR (MDCR)
3165552;4273509.36;305.65;2025;Custeio;BCB/SICOR (MDCR)
3165552;5362020.01;180.82;2025;Investimento;BCB/SICOR (MDCR)
3165560;4267590.15;654.26;2025;Custeio;BCB/SICOR (MDCR)
3165560;2071500.0;275.04;2025;Investimento;BCB/SICOR (MDCR)
3165578;16085856.03;184.22;2025;Custeio;BCB/SICOR (MDCR)
3165578;12765814.34;104.30000000000001;2025;Investimento;BCB/SICOR (MDCR)
3165602;2067441.37;250.82;2025;Custeio;BCB/SICOR (MDCR)
3165602;1035000.0;49.86;2025;Investimento;BCB/SICOR (MDCR)
3165701;6096922.53;723.78;2025;Custeio;BCB/SICOR (MDCR)
3165701;1025300.0;46.85;2025;Investimento;BCB/SICOR (MDCR)
3165800;4920921.8;246.64000000000001;2025;Custeio;BCB/SICOR (MDCR)
3165800;1204128.88;41.32;2025;Investimento;BCB/SICOR (MDCR)
3165909;1111662.74;183.61;2025;Custeio;BCB/SICOR (MDCR)
3165909;5637009.55;196.66;2025;Investimento;BCB/SICOR (MDCR)
3166006;5023203.68;235.66;2025;Custeio;BCB/SICOR (MDCR)
3166006;687397.0;49.97;2025;Investimento;BCB/SICOR (MDCR)
3166105;5786298.84;641.51;2025;Custeio;BCB/SICOR (MDCR)
3166105;2674426.9;113.05;2025;Investimento;BCB/SICOR (MDCR)
3166204;4713082.09;424.43;2025;Custeio;BCB/SICOR (MDCR)
3166204;4267382.22;194.84;2025;Investimento;BCB/SICOR (MDCR)
3166303;12240486.63;509.79;2025;Custeio;BCB/SICOR (MDCR)
3166303;11659272.96;123.53;2025;Investimento;BCB/SICOR (MDCR)
3166402;1887688.53;312.22;2025;Custeio;BCB/SICOR (MDCR)
3166402;954980.0;82.03;2025;Investimento;BCB/SICOR (MDCR)
3166501;2971319.86;301.76;2025;Custeio;BCB/SICOR (MDCR)
3166501;2448166.6;77.65;2025;Investimento;BCB/SICOR (MDCR)
3166600;6543062.82;932.02;2025;Custeio;BCB/SICOR (MDCR)
3166600;5664002.31;118.48;2025;Investimento;BCB/SICOR (MDCR)
3166709;5409498.27;1202.57;2025;Custeio;BCB/SICOR (MDCR)
3166709;6573629.0200000005;549.4200000000001;2025;Investimento;BCB/SICOR (MDCR)
3166808;286516662.23;16367.18;2025;Custeio;BCB/SICOR (MDCR)
3166808;67144666.12;2285.01;2025;Investimento;BCB/SICOR (MDCR)
3166907;25604174.79;2103.11;2025;Custeio;BCB/SICOR (MDCR)
3166907;6702231.3;218.42000000000002;2025;Investimento;BCB/SICOR (MDCR)
3166956;2901714.75;598.54;2025;Custeio;BCB/SICOR (MDCR)
3166956;6821492.83;344.75;2025;Investimento;BCB/SICOR (MDCR)
3167004;3773660.22;827.92;2025;Custeio;BCB/SICOR (MDCR)
3167004;257600.0;9.0;2025;Investimento;BCB/SICOR (MDCR)
3167103;6117964.26;1017.08;2025;Custeio;BCB/SICOR (MDCR)
3167103;8920029.34;1283.1;2025;Investimento;BCB/SICOR (MDCR)
3167202;6833370.649999999;52.21;2025;Custeio;BCB/SICOR (MDCR)
3167202;1040551.5;30.29;2025;Investimento;BCB/SICOR (MDCR)
3167301;1977619.46;164.56;2025;Custeio;BCB/SICOR (MDCR)
3167301;1461950.0;23.349999999999998;2025;Investimento;BCB/SICOR (MDCR)
3167400;23590988.86;2406.1;2025;Custeio;BCB/SICOR (MDCR)
3167400;5821534.25;183.01;2025;Investimento;BCB/SICOR (MDCR)
3167509;1877760.54;330.07;2025;Custeio;BCB/SICOR (MDCR)
3167509;950000.0;78.66;2025;Investimento;BCB/SICOR (MDCR)
3167608;100486010.34;3271.7;2025;Custeio;BCB/SICOR (MDCR)
3167608;31954090.25;174.51000000000002;2025;Investimento;BCB/SICOR (MDCR)
3167707;4907535.07;608.16;2025;Custeio;BCB/SICOR (MDCR)
3167707;2155464.5;98.48;2025;Investimento;BCB/SICOR (MDCR)
3167806;11415511.57;1258.18;2025;Custeio;BCB/SICOR (MDCR)
3167806;2746367.69;218.78;2025;Investimento;BCB/SICOR (MDCR)
3167905;4004086.56;264.87;2025;Custeio;BCB/SICOR (MDCR)
3167905;603267.25;18.18;2025;Investimento;BCB/SICOR (MDCR)
3168002;5466321.68;500.04;2025;Custeio;BCB/SICOR (MDCR)
3168002;12086141.95;538.4399999999999;2025;Investimento;BCB/SICOR (MDCR)
3168051;5793411.41;434.56;2025;Custeio;BCB/SICOR (MDCR)
3168051;8809924.01;253.28;2025;Investimento;BCB/SICOR (MDCR)
3168101;114272029.73;4606.54;2025;Custeio;BCB/SICOR (MDCR)
3168101;11841328.43;238.82999999999998;2025;Investimento;BCB/SICOR (MDCR)
3168200;24982012.529999997;1846.6200000000001;2025;Custeio;BCB/SICOR (MDCR)
3168200;7653189.95;550.97;2025;Investimento;BCB/SICOR (MDCR)
3168309;500152.08999999997;35.19;2025;Custeio;BCB/SICOR (MDCR)
3168309;985876.31;22.15;2025;Investimento;BCB/SICOR (MDCR)
3168408;25178340.48;3767.38;2025;Custeio;BCB/SICOR (MDCR)
3168408;16856668.9;922.99;2025;Investimento;BCB/SICOR (MDCR)
3168507;7361962.39;569.53;2025;Custeio;BCB/SICOR (MDCR)
3168507;2660334.49;144.44;2025;Investimento;BCB/SICOR (MDCR)
3168606;64618496.67;11956.56;2025;Custeio;BCB/SICOR (MDCR)
3168606;31959961.49;3145.9;2025;Investimento;BCB/SICOR (MDCR)
3168705;40000.0;20.38;2025;Investimento;BCB/SICOR (MDCR)
3168804;1728621.74;87.2;2025;Custeio;BCB/SICOR (MDCR)
3168903;162863435.72;9233.27;2025;Custeio;BCB/SICOR (MDCR)
3168903;40161894.94;1310.21;2025;Investimento;BCB/SICOR (MDCR)
3169000;6266159.36;512.74;2025;Custeio;BCB/SICOR (MDCR)
3169000;1252700.0;64.62;2025;Investimento;BCB/SICOR (MDCR)
3169059;7304886.87;254.99;2025;Custeio;BCB/SICOR (MDCR)
3169059;5492980.57;61.46;2025;Investimento;BCB/SICOR (MDCR)
3169109;16544733.08;256.99;2025;Custeio;BCB/SICOR (MDCR)
3169109;3421797.85;28.88;2025;Investimento;BCB/SICOR (MDCR)
3169208;9782797.06;1050.86;2025;Custeio;BCB/SICOR (MDCR)
3169208;4811423.67;271.23;2025;Investimento;BCB/SICOR (MDCR)
3169307;152776718.86;10258.64;2025;Custeio;BCB/SICOR (MDCR)
3169307;61141607.99;818.0;2025;Investimento;BCB/SICOR (MDCR)
3169356;8867170.67;1368.8600000000001;2025;Custeio;BCB/SICOR (MDCR)
3169356;5183418.29;75.97;2025;Investimento;BCB/SICOR (MDCR)
3169406;300930978.18;6116.83;2025;Custeio;BCB/SICOR (MDCR)
3169406;40930696.66;337.58;2025;Investimento;BCB/SICOR (MDCR)
3169505;9367197.6;1940.45;2025;Custeio;BCB/SICOR (MDCR)
3169505;3646588.0;466.69;2025;Investimento;BCB/SICOR (MDCR)
3169604;157520731.37;19528.18;2025;Custeio;BCB/SICOR (MDCR)
3169604;48594216.63;2149.09;2025;Investimento;BCB/SICOR (MDCR)
3169703;8089865.03;828.0;2025;Custeio;BCB/SICOR (MDCR)
3169703;13984134.56;597.65;2025;Investimento;BCB/SICOR (MDCR)
3169802;27366022.6;963.89;2025;Custeio;BCB/SICOR (MDCR)
3169802;8935276.73;73.93;2025;Investimento;BCB/SICOR (MDCR)
3169901;3323673.1;520.53;2025;Custeio;BCB/SICOR (MDCR)
3169901;2614928.32;108.31;2025;Investimento;BCB/SICOR (MDCR)
3170008;8925813.969999999;1401.5800000000002;2025;Custeio;BCB/SICOR (MDCR)
3170008;12188025.39;1194.99;2025;Investimento;BCB/SICOR (MDCR)
3170057;22594553.16;836.4499999999999;2025;Custeio;BCB/SICOR (MDCR)
3170057;7906959.08;52.06;2025;Investimento;BCB/SICOR (MDCR)
3170107;227487049.81;31913.8;2025;Custeio;BCB/SICOR (MDCR)
3170107;105479791.27;2792.03;2025;Investimento;BCB/SICOR (MDCR)
3170206;315948484.95;38852.59;2025;Custeio;BCB/SICOR (MDCR)
3170206;148104238.21;6287.6900000000005;2025;Investimento;BCB/SICOR (MDCR)
3170305;6916993.36;1073.8;2025;Custeio;BCB/SICOR (MDCR)
3170305;692500.0;60.54;2025;Investimento;BCB/SICOR (MDCR)
3170404;457402176.06;64363.08;2025;Custeio;BCB/SICOR (MDCR)
3170404;150905711.72;17577.57;2025;Investimento;BCB/SICOR (MDCR)
3170438;61186265.5;10944.46;2025;Custeio;BCB/SICOR (MDCR)
3170438;10047202.69;1373.63;2025;Investimento;BCB/SICOR (MDCR)
3170479;11676114.23;2044.53;2025;Custeio;BCB/SICOR (MDCR)
3170479;1970659.3;201.97;2025;Investimento;BCB/SICOR (MDCR)
3170503;6568065.07;93.75;2025;Custeio;BCB/SICOR (MDCR)
3170503;3812614.35;74.57000000000001;2025;Investimento;BCB/SICOR (MDCR)
3170529;14407380.5;2913.96;2025;Custeio;BCB/SICOR (MDCR)
3170529;5109390.88;316.99;2025;Investimento;BCB/SICOR (MDCR)
3170578;1428829.94;238.69;2025;Custeio;BCB/SICOR (MDCR)
3170578;1214112.6;86.56;2025;Investimento;BCB/SICOR (MDCR)
3170602;21784901.94;1229.59;2025;Custeio;BCB/SICOR (MDCR)
3170602;5031860.57;37.81;2025;Investimento;BCB/SICOR (MDCR)
3170651;265950.0;15.19;2025;Custeio;BCB/SICOR (MDCR)
3170651;5306031.72;280.27;2025;Investimento;BCB/SICOR (MDCR)
3170701;136158018.64000002;2507.88;2025;Custeio;BCB/SICOR (MDCR)
3170701;35232739.699999996;423.44;2025;Investimento;BCB/SICOR (MDCR)
3170750;35996553.63;4298.16;2025;Custeio;BCB/SICOR (MDCR)
3170750;12690308.73;1465.65;2025;Investimento;BCB/SICOR (MDCR)
3170800;70375502.92;5251.26;2025;Custeio;BCB/SICOR (MDCR)
3170800;41827126.33;3276.42;2025;Investimento;BCB/SICOR (MDCR)
3170909;5985846.9399999995;1600.97;2025;Custeio;BCB/SICOR (MDCR)
3170909;13859191.69;1277.6;2025;Investimento;BCB/SICOR (MDCR)
3171006;64729470.42;11302.55;2025;Custeio;BCB/SICOR (MDCR)
3171006;20501673.6;1987.6000000000001;2025;Investimento;BCB/SICOR (MDCR)
3171030;21114331.080000002;2518.99;2025;Custeio;BCB/SICOR (MDCR)
3171030;14004353.71;1808.56;2025;Investimento;BCB/SICOR (MDCR)
3171071;1139392.87;117.39999999999999;2025;Custeio;BCB/SICOR (MDCR)
3171071;13225872.83;719.73;2025;Investimento;BCB/SICOR (MDCR)
3171105;34804081.14;4929.66;2025;Custeio;BCB/SICOR (MDCR)
3171105;7570149.18;875.58;2025;Investimento;BCB/SICOR (MDCR)
3171154;8779389.36;393.82;2025;Custeio;BCB/SICOR (MDCR)
3171154;4363424.97;29.41;2025;Investimento;BCB/SICOR (MDCR)
3171303;6424233.92;275.7;2025;Custeio;BCB/SICOR (MDCR)
3171303;4293751.73;66.19;2025;Investimento;BCB/SICOR (MDCR)
3171402;15098605.41;1150.8799999999999;2025;Custeio;BCB/SICOR (MDCR)
3171402;6649691.2;248.66;2025;Investimento;BCB/SICOR (MDCR)
3171501;7045139.9399999995;786.95;2025;Custeio;BCB/SICOR (MDCR)
3171501;1250237.5;71.49000000000001;2025;Investimento;BCB/SICOR (MDCR)
3171600;2524204.79;705.74;2025;Custeio;BCB/SICOR (MDCR)
3171600;8551299.39;741.95;2025;Investimento;BCB/SICOR (MDCR)
3171709;9996696.33;1196.3799999999999;2025;Custeio;BCB/SICOR (MDCR)
3171709;9100744.76;163.01;2025;Investimento;BCB/SICOR (MDCR)
3171808;4266845.94;458.74;2025;Custeio;BCB/SICOR (MDCR)
3171808;6468542.9;132.97;2025;Investimento;BCB/SICOR (MDCR)
3171907;3113660.6;846.4100000000001;2025;Custeio;BCB/SICOR (MDCR)
3171907;3730576.12;534.48;2025;Investimento;BCB/SICOR (MDCR)
3172004;6505557.78;320.4;2025;Custeio;BCB/SICOR (MDCR)
3172004;8676073.63;1345.58;2025;Investimento;BCB/SICOR (MDCR)
3172103;3692622.5700000003;437.86;2025;Custeio;BCB/SICOR (MDCR)
3172103;1100939.0;125.86999999999999;2025;Investimento;BCB/SICOR (MDCR)
3172202;2882154.08;279.9;2025;Custeio;BCB/SICOR (MDCR)
3172202;913500.0;55.18;2025;Investimento;BCB/SICOR (MDCR)
3200102;45737082.61;1815.07;2025;Custeio;BCB/SICOR (MDCR)
3200102;78727545.81;861.18;2025;Investimento;BCB/SICOR (MDCR)
3200136;41834219.13;1252.03;2025;Custeio;BCB/SICOR (MDCR)
3200136;22569053.05;451.06;2025;Investimento;BCB/SICOR (MDCR)
3200169;15153368.1;929.66;2025;Custeio;BCB/SICOR (MDCR)
3200169;21618037.77;377.93;2025;Investimento;BCB/SICOR (MDCR)
3200201;45901271.13;3856.07;2025;Custeio;BCB/SICOR (MDCR)
3200201;29749890.31;633.94;2025;Investimento;BCB/SICOR (MDCR)
3200300;21497894.19;853.11;2025;Custeio;BCB/SICOR (MDCR)
3200300;46009550.38;633.95;2025;Investimento;BCB/SICOR (MDCR)
3200359;10891801.23;359.51;2025;Custeio;BCB/SICOR (MDCR)
3200359;19183182.3;436.19;2025;Investimento;BCB/SICOR (MDCR)
3200409;9973345.05;575.3100000000001;2025;Custeio;BCB/SICOR (MDCR)
3200409;21242224.24;393.13;2025;Investimento;BCB/SICOR (MDCR)
3200508;13109696.08;1274.73;2025;Custeio;BCB/SICOR (MDCR)
3200508;8905987.17;336.28000000000003;2025;Investimento;BCB/SICOR (MDCR)
3200607;108957404.65;2888.8;2025;Custeio;BCB/SICOR (MDCR)
3200607;57127449.37;1291.87;2025;Investimento;BCB/SICOR (MDCR)
3200706;8951756.3;548.79;2025;Custeio;BCB/SICOR (MDCR)
3200706;10421299.83;263.23;2025;Investimento;BCB/SICOR (MDCR)
3200805;17404592.12;1283.25;2025;Custeio;BCB/SICOR (MDCR)
3200805;25153661.09;856.47;2025;Investimento;BCB/SICOR (MDCR)
3200904;48473649.1;2697.98;2025;Custeio;BCB/SICOR (MDCR)
3200904;61680488.47;2640.39;2025;Investimento;BCB/SICOR (MDCR)
3201001;56921713.71;1904.46;2025;Custeio;BCB/SICOR (MDCR)
3201001;39965509.05;557.49;2025;Investimento;BCB/SICOR (MDCR)
3201100;1793191.54;250.95;2025;Custeio;BCB/SICOR (MDCR)
3201100;3346811.8;214.65;2025;Investimento;BCB/SICOR (MDCR)
3201159;63310440.67;2581.19;2025;Custeio;BCB/SICOR (MDCR)
3201159;46551859.95;374.79;2025;Investimento;BCB/SICOR (MDCR)
3201209;21472859.49;1682.81;2025;Custeio;BCB/SICOR (MDCR)
3201209;24843960.67;522.44;2025;Investimento;BCB/SICOR (MDCR)
3201308;1698849.25;57.77;2025;Custeio;BCB/SICOR (MDCR)
3201308;2666789.07;13.73;2025;Investimento;BCB/SICOR (MDCR)
3201407;45811710.63;1988.08;2025;Custeio;BCB/SICOR (MDCR)
3201407;46558673.86;696.14;2025;Investimento;BCB/SICOR (MDCR)
3201506;101749224.67999999;3655.48;2025;Custeio;BCB/SICOR (MDCR)
3201506;106664018.82;1217.7;2025;Investimento;BCB/SICOR (MDCR)
3201605;21847641.23;1203.77;2025;Custeio;BCB/SICOR (MDCR)
3201605;6944953.4;114.27;2025;Investimento;BCB/SICOR (MDCR)
3201704;21187601.55;813.39;2025;Custeio;BCB/SICOR (MDCR)
3201704;19280672.18;233.12;2025;Investimento;BCB/SICOR (MDCR)
3201803;11994644.23;602.23;2025;Custeio;BCB/SICOR (MDCR)
3201803;21458285.49;286.18;2025;Investimento;BCB/SICOR (MDCR)
3201902;26635112.28;646.59;2025;Custeio;BCB/SICOR (MDCR)
3201902;72922106.58;275.7;2025;Investimento;BCB/SICOR (MDCR)
3202009;14134658.03;591.36;2025;Custeio;BCB/SICOR (MDCR)
3202009;15839849.94;115.56;2025;Investimento;BCB/SICOR (MDCR)
3202108;109890882.27;16645.96;2025;Custeio;BCB/SICOR (MDCR)
3202108;86229762.83;7299.62;2025;Investimento;BCB/SICOR (MDCR)
3202207;16832178.68;548.54;2025;Custeio;BCB/SICOR (MDCR)
3202207;14509526.22;286.74;2025;Investimento;BCB/SICOR (MDCR)
3202256;72794297.5;2092.81;2025;Custeio;BCB/SICOR (MDCR)
3202256;31028386.36;429.48;2025;Investimento;BCB/SICOR (MDCR)
3202306;29511354.08;1995.55;2025;Custeio;BCB/SICOR (MDCR)
3202306;40675367.15;466.15;2025;Investimento;BCB/SICOR (MDCR)
3202405;6891068.45;505.75;2025;Custeio;BCB/SICOR (MDCR)
3202405;5396435.55;121.86;2025;Investimento;BCB/SICOR (MDCR)
3202454;38091102.65;1726.86;2025;Custeio;BCB/SICOR (MDCR)
3202454;51040765.71;315.49;2025;Investimento;BCB/SICOR (MDCR)
3202504;26994502.18;218.26;2025;Custeio;BCB/SICOR (MDCR)
3202504;6009106.88;81.52;2025;Investimento;BCB/SICOR (MDCR)
3202553;31201656.65;1395.61;2025;Custeio;BCB/SICOR (MDCR)
3202553;32659687.6;210.45;2025;Investimento;BCB/SICOR (MDCR)
3202603;9242591.19;421.77;2025;Custeio;BCB/SICOR (MDCR)
3202603;24296494.1;453.61;2025;Investimento;BCB/SICOR (MDCR)
3202652;76460839.85;1501.07;2025;Custeio;BCB/SICOR (MDCR)
3202652;47057312.0;137.85999999999999;2025;Investimento;BCB/SICOR (MDCR)
3202702;35992783.42;1558.88;2025;Custeio;BCB/SICOR (MDCR)
3202702;26786775.77;508.12;2025;Investimento;BCB/SICOR (MDCR)
3202801;11650044.85;1316.1;2025;Custeio;BCB/SICOR (MDCR)
3202801;17017160.29;692.43;2025;Investimento;BCB/SICOR (MDCR)
3202900;15963175.66;509.76;2025;Custeio;BCB/SICOR (MDCR)
3202900;22607236.87;193.66;2025;Investimento;BCB/SICOR (MDCR)
3203007;53362857.91;2159.2;2025;Custeio;BCB/SICOR (MDCR)
3203007;76078097.05;380.51;2025;Investimento;BCB/SICOR (MDCR)
3203056;142262526.52;4041.75;2025;Custeio;BCB/SICOR (MDCR)
3203056;87614761.15;985.86;2025;Investimento;BCB/SICOR (MDCR)
3203106;24970328.66;1386.28;2025;Custeio;BCB/SICOR (MDCR)
3203106;20774611.01;988.03;2025;Investimento;BCB/SICOR (MDCR)
3203130;4663748.78;301.87;2025;Custeio;BCB/SICOR (MDCR)
3203130;6647119.43;220.85;2025;Investimento;BCB/SICOR (MDCR)
3203163;5579013.51;238.32;2025;Custeio;BCB/SICOR (MDCR)
3203163;18040951.15;201.06;2025;Investimento;BCB/SICOR (MDCR)
3203205;318692636.03;11395.9;2025;Custeio;BCB/SICOR (MDCR)
3203205;171310054.71;2540.1;2025;Investimento;BCB/SICOR (MDCR)
3203304;30913248.29;1088.11;2025;Custeio;BCB/SICOR (MDCR)
3203304;32659290.96;810.4300000000001;2025;Investimento;BCB/SICOR (MDCR)
3203320;6159254.06;220.54;2025;Custeio;BCB/SICOR (MDCR)
3203320;3445610.9;85.29;2025;Investimento;BCB/SICOR (MDCR)
3203346;5425261.71;100.03;2025;Custeio;BCB/SICOR (MDCR)
3203346;10075892.53;28.88;2025;Investimento;BCB/SICOR (MDCR)
3203353;92681418.73;2446.35;2025;Custeio;BCB/SICOR (MDCR)
3203353;50121595.57;595.73;2025;Investimento;BCB/SICOR (MDCR)
3203403;38935863.78;3213.36;2025;Custeio;BCB/SICOR (MDCR)
3203403;30026494.14;913.9499999999999;2025;Investimento;BCB/SICOR (MDCR)
3203502;135569452.98;4477.95;2025;Custeio;BCB/SICOR (MDCR)
3203502;77027911.52;1600.5;2025;Investimento;BCB/SICOR (MDCR)
3203601;47383588.2;4837.11;2025;Custeio;BCB/SICOR (MDCR)
3203601;37848545.46;715.89;2025;Investimento;BCB/SICOR (MDCR)
3203700;41534768.59;2023.11;2025;Custeio;BCB/SICOR (MDCR)
3203700;44584151.57;586.18;2025;Investimento;BCB/SICOR (MDCR)
3203809;15839024.69;1193.1399999999999;2025;Custeio;BCB/SICOR (MDCR)
3203809;13442473.37;407.93;2025;Investimento;BCB/SICOR (MDCR)
3203908;190502002.65;6479.24;2025;Custeio;BCB/SICOR (MDCR)
3203908;139932505.9;1556.25;2025;Investimento;BCB/SICOR (MDCR)
3204005;61152160.08;1932.1299999999999;2025;Custeio;BCB/SICOR (MDCR)
3204005;67712908.03;1192.69;2025;Investimento;BCB/SICOR (MDCR)
3204054;41693069.03;1250.77;2025;Custeio;BCB/SICOR (MDCR)
3204054;28250903.38;458.16;2025;Investimento;BCB/SICOR (MDCR)
3204104;172563722.18;4354.14;2025;Custeio;BCB/SICOR (MDCR)
3204104;101256895.85;1197.73;2025;Investimento;BCB/SICOR (MDCR)
3204203;2276527.81;199.79000000000002;2025;Custeio;BCB/SICOR (MDCR)
3204203;3610245.8;47.73;2025;Investimento;BCB/SICOR (MDCR)
3204252;16515976.1;1287.03;2025;Custeio;BCB/SICOR (MDCR)
3204252;6112664.140000001;170.35;2025;Investimento;BCB/SICOR (MDCR)
3204302;16645516.14;2566.37;2025;Custeio;BCB/SICOR (MDCR)
3204302;19653940.23;982.84;2025;Investimento;BCB/SICOR (MDCR)
3204351;155239979.79;4357.88;2025;Custeio;BCB/SICOR (MDCR)
3204351;76971592.93;1023.11;2025;Investimento;BCB/SICOR (MDCR)
3204401;7597029.44;359.26;2025;Custeio;BCB/SICOR (MDCR)
3204401;14862734.45;305.34;2025;Investimento;BCB/SICOR (MDCR)
3204500;16653906.48;696.87;2025;Custeio;BCB/SICOR (MDCR)
3204500;24371423.57;131.84;2025;Investimento;BCB/SICOR (MDCR)
3204559;140403300.16;520.5;2025;Custeio;BCB/SICOR (MDCR)
3204559;86896086.59;158.24;2025;Investimento;BCB/SICOR (MDCR)
3204609;58665433.8;1266.9;2025;Custeio;BCB/SICOR (MDCR)
3204609;39064141.81;370.77;2025;Investimento;BCB/SICOR (MDCR)
3204658;87828418.42;1625.1100000000001;2025;Custeio;BCB/SICOR (MDCR)
3204658;39202643.839999996;602.29;2025;Investimento;BCB/SICOR (MDCR)
3204708;300894427.65;2601.69;2025;Custeio;BCB/SICOR (MDCR)
3204708;66650958.43;587.75;2025;Investimento;BCB/SICOR (MDCR)
3204807;8573653.44;796.4200000000001;2025;Custeio;BCB/SICOR (MDCR)
3204807;6048745.1;171.85;2025;Investimento;BCB/SICOR (MDCR)
3204906;186346798.55;6222.43;2025;Custeio;BCB/SICOR (MDCR)
3204906;141921661.29;1970.66;2025;Investimento;BCB/SICOR (MDCR)
3204955;29885467.02;770.82;2025;Custeio;BCB/SICOR (MDCR)
3204955;21198691.98;158.57;2025;Investimento;BCB/SICOR (MDCR)
3205002;6280712.12;265.53000000000003;2025;Custeio;BCB/SICOR (MDCR)
3205002;5504608.359999999;122.3;2025;Investimento;BCB/SICOR (MDCR)
3205010;71449350.51;2045.81;2025;Custeio;BCB/SICOR (MDCR)
3205010;44260793.77;565.12;2025;Investimento;BCB/SICOR (MDCR)
3205036;22532160.24;1022.36;2025;Custeio;BCB/SICOR (MDCR)
3205036;24996383.53;321.88;2025;Investimento;BCB/SICOR (MDCR)
3205069;13666481.91;231.29999999999998;2025;Custeio;BCB/SICOR (MDCR)
3205069;21200705.47;99.60000000000001;2025;Investimento;BCB/SICOR (MDCR)
3205101;362566.57;36.34;2025;Custeio;BCB/SICOR (MDCR)
3205101;893647.3099999999;4.5600000000000005;2025;Investimento;BCB/SICOR (MDCR)
3205150;36772188.62;1351.18;2025;Custeio;BCB/SICOR (MDCR)
3205150;31647841.51;636.88;2025;Investimento;BCB/SICOR (MDCR)
3205176;128643224.93;3462.77;2025;Custeio;BCB/SICOR (MDCR)
3205176;56432228.89;542.66;2025;Investimento;BCB/SICOR (MDCR)
3205200;1839388.3399999999;26.009999999999998;2025;Custeio;BCB/SICOR (MDCR)
3205309;97291.28;0.0;2025;Custeio;BCB/SICOR (MDCR)
3205309;250000.0;0.0;2025;Investimento;BCB/SICOR (MDCR)
3300100;600000.0;0.0;2025;Investimento;BCB/SICOR (MDCR)
3300159;552619.15;76.84;2025;Custeio;BCB/SICOR (MDCR)
3300159;61200.0;0.0;2025;Investimento;BCB/SICOR (MDCR)
3300209;4204980.5;419.63;2025;Custeio;BCB/SICOR (MDCR)
3300209;638455.52;12.0;2025;Investimento;BCB/SICOR (MDCR)
3300225;153000.0;1.01;2025;Custeio;BCB/SICOR (MDCR)
3300225;179304.0;0.01;2025;Investimento;BCB/SICOR (MDCR)
3300233;333170.61;0.0;2025;Custeio;BCB/SICOR (MDCR)
3300258;338641.79;0.0;2025;Custeio;BCB/SICOR (MDCR)
3300308;13286703.52;2483.94;2025;Custeio;BCB/SICOR (MDCR)
3300308;25000.0;3.49;2025;Investimento;BCB/SICOR (MDCR)
3300407;11753863.01;3306.97;2025;Custeio;BCB/SICOR (MDCR)
3300407;8324458.8;1096.94;2025;Investimento;BCB/SICOR (MDCR)
3300506;5531384.29;408.2;2025;Custeio;BCB/SICOR (MDCR)
3300506;2101871.2399999998;155.56;2025;Investimento;BCB/SICOR (MDCR)
3300605;13112860.870000001;1674.16;2025;Custeio;BCB/SICOR (MDCR)
3300605;14510593.28;1506.7;2025;Investimento;BCB/SICOR (MDCR)
3300704;619871.3300000001;37.4;2025;Custeio;BCB/SICOR (MDCR)
3300803;3224874.4899999998;227.21;2025;Custeio;BCB/SICOR (MDCR)
3300803;5498081.64;43.28;2025;Investimento;BCB/SICOR (MDCR)
3300902;11150581.86;1287.8600000000001;2025;Custeio;BCB/SICOR (MDCR)
3300902;12708315.0;488.96;2025;Investimento;BCB/SICOR (MDCR)
3300936;288576.95;76.5;2025;Custeio;BCB/SICOR (MDCR)
3300936;392410.0;4.24;2025;Investimento;BCB/SICOR (MDCR)
3300951;98000.0;40.38;2025;Investimento;BCB/SICOR (MDCR)
3301009;21685212.27;3024.22;2025;Custeio;BCB/SICOR (MDCR)
3301009;13516202.59;1006.24;2025;Investimento;BCB/SICOR (MDCR)
3301108;13498319.39;4589.74;2025;Custeio;BCB/SICOR (MDCR)
3301108;8828867.23;912.9000000000001;2025;Investimento;BCB/SICOR (MDCR)
3301157;1601823.34;293.3;2025;Custeio;BCB/SICOR (MDCR)
3301157;275767.95;40.48;2025;Investimento;BCB/SICOR (MDCR)
3301207;5558117.2;533.0;2025;Custeio;BCB/SICOR (MDCR)
3301207;2483227.0;102.07000000000001;2025;Investimento;BCB/SICOR (MDCR)
3301306;60257.24;50.01;2025;Custeio;BCB/SICOR (MDCR)
3301405;987826.4;258.63;2025;Custeio;BCB/SICOR (MDCR)
3301405;981000.0;72.06;2025;Investimento;BCB/SICOR (MDCR)
3301504;2442501.59;312.44;2025;Custeio;BCB/SICOR (MDCR)
3301504;1494500.0;74.92;2025;Investimento;BCB/SICOR (MDCR)
3301603;8923504.79;928.87;2025;Custeio;BCB/SICOR (MDCR)
3301603;4767047.29;288.16;2025;Investimento;BCB/SICOR (MDCR)
3301850;1352264.6099999999;118.37;2025;Custeio;BCB/SICOR (MDCR)
3301850;242000.0;2.03;2025;Investimento;BCB/SICOR (MDCR)
3301900;259148.78999999998;7.82;2025;Custeio;BCB/SICOR (MDCR)
3301900;98683.3;0.0;2025;Investimento;BCB/SICOR (MDCR)
3302056;2209322.55;343.2;2025;Custeio;BCB/SICOR (MDCR)
3302056;3240790.8;322.89;2025;Investimento;BCB/SICOR (MDCR)
3302106;5119953.88;979.0799999999999;2025;Custeio;BCB/SICOR (MDCR)
3302106;3151572.14;404.39;2025;Investimento;BCB/SICOR (MDCR)
3302205;22408590.36;3281.75;2025;Custeio;BCB/SICOR (MDCR)
3302205;18737857.63;1387.53;2025;Investimento;BCB/SICOR (MDCR)
3302270;54555.73;10.45;2025;Custeio;BCB/SICOR (MDCR)
3302270;275298.0;0.0;2025;Investimento;BCB/SICOR (MDCR)
3302304;11595710.06;1589.1599999999999;2025;Custeio;BCB/SICOR (MDCR)
3302304;510000.0;12.85;2025;Investimento;BCB/SICOR (MDCR)
3302403;4205983.42;703.9000000000001;2025;Custeio;BCB/SICOR (MDCR)
3302403;1881227.33;72.89;2025;Investimento;BCB/SICOR (MDCR)
3302452;1297652.42;178.37;2025;Custeio;BCB/SICOR (MDCR)
3302452;953117.5;136.33;2025;Investimento;BCB/SICOR (MDCR)
3302502;9800.5;0.91;2025;Custeio;BCB/SICOR (MDCR)
3302502;360592.0;0.0;2025;Investimento;BCB/SICOR (MDCR)
3302700;200000.0;22.91;2025;Custeio;BCB/SICOR (MDCR)
3302809;296705.0;59.81999999999999;2025;Custeio;BCB/SICOR (MDCR)
3302908;26789.58;13.44;2025;Custeio;BCB/SICOR (MDCR)
3302908;50000.0;29.92;2025;Investimento;BCB/SICOR (MDCR)
3303005;3808472.59;722.63;2025;Custeio;BCB/SICOR (MDCR)
3303005;870250.0;24.47;2025;Investimento;BCB/SICOR (MDCR)
3303104;8215358.3;797.51;2025;Custeio;BCB/SICOR (MDCR)
3303104;10314589.44;607.02;2025;Investimento;BCB/SICOR (MDCR)
3303401;15829016.27;309.39;2025;Custeio;BCB/SICOR (MDCR)
3303401;16162042.790000001;33.54;2025;Investimento;BCB/SICOR (MDCR)
3303609;1328124.4;181.33;2025;Custeio;BCB/SICOR (MDCR)
3303708;2066205.05;159.89;2025;Custeio;BCB/SICOR (MDCR)
3303708;8363962.58;204.96;2025;Investimento;BCB/SICOR (MDCR)
3303807;858831.25;11.83;2025;Custeio;BCB/SICOR (MDCR)
3303807;794838.38;0.01;2025;Investimento;BCB/SICOR (MDCR)
3303856;7119730.28;71.31;2025;Custeio;BCB/SICOR (MDCR)
3303856;4128564.42;9.74;2025;Investimento;BCB/SICOR (MDCR)
3303906;806994.95;30.57;2025;Custeio;BCB/SICOR (MDCR)
3303906;303589.16000000003;0.05;2025;Investimento;BCB/SICOR (MDCR)
3304003;3574822.43;3034.33;2025;Custeio;BCB/SICOR (MDCR)
3304003;2590444.83;573.7;2025;Investimento;BCB/SICOR (MDCR)
3304102;10405912.95;657.09;2025;Custeio;BCB/SICOR (MDCR)
3304102;5398317.48;86.09;2025;Investimento;BCB/SICOR (MDCR)
3304110;1825000.0;143.69;2025;Custeio;BCB/SICOR (MDCR)
3304128;12101222.07;2308.36;2025;Custeio;BCB/SICOR (MDCR)
3304128;2453976.0;479.13;2025;Investimento;BCB/SICOR (MDCR)
3304151;1744645.1300000001;163.36;2025;Custeio;BCB/SICOR (MDCR)
3304151;1238637.0;209.89;2025;Investimento;BCB/SICOR (MDCR)
3304201;5303888.46;1536.06;2025;Custeio;BCB/SICOR (MDCR)
3304201;3394385.15;1607.1100000000001;2025;Investimento;BCB/SICOR (MDCR)
3304300;2640967.62;257.88;2025;Custeio;BCB/SICOR (MDCR)
3304300;520000.0;0.0;2025;Investimento;BCB/SICOR (MDCR)
3304409;14359077.83;2840.06;2025;Custeio;BCB/SICOR (MDCR)
3304409;2856546.2;400.78;2025;Investimento;BCB/SICOR (MDCR)
3304508;4679931.11;520.59;2025;Custeio;BCB/SICOR (MDCR)
3304508;3973680.0;405.96999999999997;2025;Investimento;BCB/SICOR (MDCR)
3304557;250000000.0;24304.0;2025;Investimento;BCB/SICOR (MDCR)
3304607;3591200.23;862.59;2025;Custeio;BCB/SICOR (MDCR)
3304607;3826859.7;436.89;2025;Investimento;BCB/SICOR (MDCR)
3304706;5840868.21;531.5;2025;Custeio;BCB/SICOR (MDCR)
3304706;1466590.0;81.52;2025;Investimento;BCB/SICOR (MDCR)
3304755;35435695.57;1851.66;2025;Custeio;BCB/SICOR (MDCR)
3304755;13601240.71;1055.18;2025;Investimento;BCB/SICOR (MDCR)
3304805;8613494.74;945.5600000000001;2025;Custeio;BCB/SICOR (MDCR)
3304805;4157596.0;207.05;2025;Investimento;BCB/SICOR (MDCR)
3305000;735216.6;39.62;2025;Custeio;BCB/SICOR (MDCR)
3305000;303363.7;0.0;2025;Investimento;BCB/SICOR (MDCR)
3305133;6570915.6899999995;1148.15;2025;Custeio;BCB/SICOR (MDCR)
3305133;2329278.95;370.99;2025;Investimento;BCB/SICOR (MDCR)
3305158;5751180.54;48.76;2025;Custeio;BCB/SICOR (MDCR)
3305158;1756036.83;1.09;2025;Investimento;BCB/SICOR (MDCR)
3305208;168328.9;446.89;2025;Investimento;BCB/SICOR (MDCR)
3305307;4754974.97;1135.82;2025;Custeio;BCB/SICOR (MDCR)
3305307;4340442.16;244.32;2025;Investimento;BCB/SICOR (MDCR)
3305406;4392781.56;583.69;2025;Custeio;BCB/SICOR (MDCR)
3305406;1674729.78;41.49;2025;Investimento;BCB/SICOR (MDCR)
3305505;19591.55;2.56;2025;Custeio;BCB/SICOR (MDCR)
3305505;769413.3;0.13;2025;Investimento;BCB/SICOR (MDCR)
3305604;6240913.14;812.32;2025;Custeio;BCB/SICOR (MDCR)
3305604;830000.0;0.29;2025;Investimento;BCB/SICOR (MDCR)
3305703;25641798.91;800.13;2025;Custeio;BCB/SICOR (MDCR)
3305703;21822950.42;193.74;2025;Investimento;BCB/SICOR (MDCR)
3305752;83221.31;5.199999999999999;2025;Custeio;BCB/SICOR (MDCR)
3305802;11602446.46;222.21;2025;Custeio;BCB/SICOR (MDCR)
3305802;4391015.55;6.8100000000000005;2025;Investimento;BCB/SICOR (MDCR)
3305901;6932072.11;870.72;2025;Custeio;BCB/SICOR (MDCR)
3305901;3794547.86;501.85;2025;Investimento;BCB/SICOR (MDCR)
3306008;1198488.26;125.03;2025;Custeio;BCB/SICOR (MDCR)
3306107;11207537.55;2349.57;2025;Custeio;BCB/SICOR (MDCR)
3306107;6774550.17;417.14;2025;Investimento;BCB/SICOR (MDCR)
3306156;13087663.950000001;660.3199999999999;2025;Custeio;BCB/SICOR (MDCR)
3306156;8162048.62;158.21;2025;Investimento;BCB/SICOR (MDCR)
3306206;4716635.95;49.55;2025;Custeio;BCB/SICOR (MDCR)
3306206;4583105.01;680.84;2025;Investimento;BCB/SICOR (MDCR)
3500105;608136905.75;3843.45;2025;Custeio;BCB/SICOR (MDCR)
3500105;11381755.81;1091.8600000000001;2025;Investimento;BCB/SICOR (MDCR)
3500204;5806184.28;603.1;2025;Custeio;BCB/SICOR (MDCR)
3500303;67164310.1;4013.08;2025;Custeio;BCB/SICOR (MDCR)
3500303;20114415.86;345.95;2025;Investimento;BCB/SICOR (MDCR)
3500402;14276598.4;794.29;2025;Custeio;BCB/SICOR (MDCR)
3500402;6212546.11;351.86;2025;Investimento;BCB/SICOR (MDCR)
3500501;1149896.22;66.27;2025;Custeio;BCB/SICOR (MDCR)
3500501;725135.3;9.02;2025;Investimento;BCB/SICOR (MDCR)
3500550;36880259.12;4352.06;2025;Custeio;BCB/SICOR (MDCR)
3500550;4527822.82;76.64;2025;Investimento;BCB/SICOR (MDCR)
3500709;29635692.37;2260.06;2025;Custeio;BCB/SICOR (MDCR)
3500709;5711389.0;182.27;2025;Investimento;BCB/SICOR (MDCR)
3500758;2228966.13;393.35;2025;Custeio;BCB/SICOR (MDCR)
3500758;3134498.0;82.74;2025;Investimento;BCB/SICOR (MDCR)
3500808;5774429.61;584.79;2025;Custeio;BCB/SICOR (MDCR)
3500808;2898992.56;247.61;2025;Investimento;BCB/SICOR (MDCR)
3500907;40799218.04;1013.09;2025;Custeio;BCB/SICOR (MDCR)
3500907;4070795.89;96.12;2025;Investimento;BCB/SICOR (MDCR)
3501004;91145780.02;3880.58;2025;Custeio;BCB/SICOR (MDCR)
3501004;12628873.17;557.15;2025;Investimento;BCB/SICOR (MDCR)
3501103;23235285.63;2524.44;2025;Custeio;BCB/SICOR (MDCR)
3501103;16515973.13;438.44000000000005;2025;Investimento;BCB/SICOR (MDCR)
3501202;31874595.67;2348.4;2025;Custeio;BCB/SICOR (MDCR)
3501202;11322337.9;723.9300000000001;2025;Investimento;BCB/SICOR (MDCR)
3501301;10403417.06;1362.02;2025;Custeio;BCB/SICOR (MDCR)
3501301;4175377.56;264.27;2025;Investimento;BCB/SICOR (MDCR)
3501400;2415452.14;280.64;2025;Custeio;BCB/SICOR (MDCR)
3501400;187850.0;0.0;2025;Investimento;BCB/SICOR (MDCR)
3501509;12751792.54;740.11;2025;Custeio;BCB/SICOR (MDCR)
3501509;1187600.0;0.0;2025;Investimento;BCB/SICOR (MDCR)
3501608;75458.87;0.63;2025;Custeio;BCB/SICOR (MDCR)
3501707;488506.95999999996;46.67;2025;Custeio;BCB/SICOR (MDCR)
3501707;17500.0;0.99;2025;Investimento;BCB/SICOR (MDCR)
3501806;16770200.86;1470.18;2025;Custeio;BCB/SICOR (MDCR)
3501806;12328129.62;194.67;2025;Investimento;BCB/SICOR (MDCR)
3501905;23944404.29;1145.44;2025;Custeio;BCB/SICOR (MDCR)
3501905;7121543.68;1.17;2025;Investimento;BCB/SICOR (MDCR)
3502002;14024669.36;1533.28;2025;Custeio;BCB/SICOR (MDCR)
3502002;5735406.67;368.66;2025;Investimento;BCB/SICOR (MDCR)
3502101;8606157.76;1667.0;2025;Custeio;BCB/SICOR (MDCR)
3502101;9870622.44;444.90999999999997;2025;Investimento;BCB/SICOR (MDCR)
3502200;108996300.71;10587.24;2025;Custeio;BCB/SICOR (MDCR)
3502200;32663809.29;335.88;2025;Investimento;BCB/SICOR (MDCR)
3502309;8730862.61;1759.69;2025;Custeio;BCB/SICOR (MDCR)
3502309;4378550.0;360.08;2025;Investimento;BCB/SICOR (MDCR)
3502408;12532271.01;2048.8;2025;Custeio;BCB/SICOR (MDCR)
3502408;1550016.03;198.4;2025;Investimento;BCB/SICOR (MDCR)
3502507;353515.03;53.31;2025;Custeio;BCB/SICOR (MDCR)
3502507;132000.0;8.84;2025;Investimento;BCB/SICOR (MDCR)
3502606;3835063.75;619.57;2025;Custeio;BCB/SICOR (MDCR)
3502606;3880882.15;342.7;2025;Investimento;BCB/SICOR (MDCR)
3502705;18970996.37;969.74;2025;Custeio;BCB/SICOR (MDCR)
3502705;9239897.38;149.35;2025;Investimento;BCB/SICOR (MDCR)
3502804;27758866.65;4014.3;2025;Custeio;BCB/SICOR (MDCR)
3502804;12352333.24;1015.92;2025;Investimento;BCB/SICOR (MDCR)
3502903;960561.6;151.53;2025;Custeio;BCB/SICOR (MDCR)
3502903;461300.0;0.0;2025;Investimento;BCB/SICOR (MDCR)
3503000;6249083.36;802.24;2025;Custeio;BCB/SICOR (MDCR)
3503000;4341619.91;174.67;2025;Investimento;BCB/SICOR (MDCR)
3503109;24385292.35;2587.43;2025;Custeio;BCB/SICOR (MDCR)
3503109;18888742.17;1245.09;2025;Investimento;BCB/SICOR (MDCR)
3503158;950410.7699999999;283.86;2025;Custeio;BCB/SICOR (MDCR)
3503158;176000.0;2.06;2025;Investimento;BCB/SICOR (MDCR)
3503208;12916658.65;1053.26;2025;Custeio;BCB/SICOR (MDCR)
3503208;7743159.1;484.29;2025;Investimento;BCB/SICOR (MDCR)
3503307;86811806.67999999;2548.36;2025;Custeio;BCB/SICOR (MDCR)
3503307;13360685.08;176.29;2025;Investimento;BCB/SICOR (MDCR)
3503356;31016395.02;2799.43;2025;Custeio;BCB/SICOR (MDCR)
3503356;3582700.0;116.02000000000001;2025;Investimento;BCB/SICOR (MDCR)
3503406;21631064.36;2068.86;2025;Custeio;BCB/SICOR (MDCR)
3503406;18180736.5;1289.47;2025;Investimento;BCB/SICOR (MDCR)
3503505;2008595.33;262.13;2025;Custeio;BCB/SICOR (MDCR)
3503505;823637.38;132.64;2025;Investimento;BCB/SICOR (MDCR)
3503604;3434074.12;458.24;2025;Custeio;BCB/SICOR (MDCR)
3503604;660182.0;0.0;2025;Investimento;BCB/SICOR (MDCR)
3503703;4372713.76;253.96;2025;Custeio;BCB/SICOR (MDCR)
3503703;1614383.83;54.65;2025;Investimento;BCB/SICOR (MDCR)
3503802;17522127.1;565.77;2025;Custeio;BCB/SICOR (MDCR)
3503802;13410830.92;1.52;2025;Investimento;BCB/SICOR (MDCR)
3503901;1113053.72;1.58;2025;Custeio;BCB/SICOR (MDCR)
3503950;5133741.11;264.29;2025;Custeio;BCB/SICOR (MDCR)
3503950;4608836.13;85.03;2025;Investimento;BCB/SICOR (MDCR)
3504008;17592752.11;2938.89;2025;Custeio;BCB/SICOR (MDCR)
3504008;6944167.3;353.27;2025;Investimento;BCB/SICOR (MDCR)
3504107;18715102.69;485.32;2025;Custeio;BCB/SICOR (MDCR)
3504107;6368671.42;7.62;2025;Investimento;BCB/SICOR (MDCR)
3504206;35580624.73;4309.95;2025;Custeio;BCB/SICOR (MDCR)
3504206;9819349.96;561.09;2025;Investimento;BCB/SICOR (MDCR)
3504305;31914370.78;2812.5099999999998;2025;Custeio;BCB/SICOR (MDCR)
3504305;5386469.47;308.24;2025;Investimento;BCB/SICOR (MDCR)
3504404;12630866.32;1736.01;2025;Custeio;BCB/SICOR (MDCR)
3504404;5193045.75;294.99;2025;Investimento;BCB/SICOR (MDCR)
3504503;69041195.54;9003.65;2025;Custeio;BCB/SICOR (MDCR)
3504503;23617498.77;1684.92;2025;Investimento;BCB/SICOR (MDCR)
3504602;868618.0800000001;105.87;2025;Custeio;BCB/SICOR (MDCR)
3504602;1437800.55;24.869999999999997;2025;Investimento;BCB/SICOR (MDCR)
3504701;1270181.87;155.79000000000002;2025;Custeio;BCB/SICOR (MDCR)
3504800;10483892.0;485.79;2025;Custeio;BCB/SICOR (MDCR)
3504800;3019924.6;47.71;2025;Investimento;BCB/SICOR (MDCR)
3504909;1900706.4;231.77;2025;Custeio;BCB/SICOR (MDCR)
3504909;4966150.0;456.16;2025;Investimento;BCB/SICOR (MDCR)
3505005;3356417.22;662.78;2025;Custeio;BCB/SICOR (MDCR)
3505005;542150.0;39.38;2025;Investimento;BCB/SICOR (MDCR)
3505104;8955688.67;1018.21;2025;Custeio;BCB/SICOR (MDCR)
3505104;4506987.67;217.73;2025;Investimento;BCB/SICOR (MDCR)
3505203;37208287.940000005;2218.5299999999997;2025;Custeio;BCB/SICOR (MDCR)
3505203;26343125.68;1251.67;2025;Investimento;BCB/SICOR (MDCR)
3505302;4194850.46;655.44;2025;Custeio;BCB/SICOR (MDCR)
3505302;3234610.77;96.35;2025;Investimento;BCB/SICOR (MDCR)
3505351;6333995.28;654.87;2025;Custeio;BCB/SICOR (MDCR)
3505351;1068040.94;0.23;2025;Investimento;BCB/SICOR (MDCR)
3505401;371784.2;151.87;2025;Custeio;BCB/SICOR (MDCR)
3505401;310000.0;55.36;2025;Investimento;BCB/SICOR (MDCR)
3505500;114445563.9;8055.4;2025;Custeio;BCB/SICOR (MDCR)
3505500;35817898.48;827.71;2025;Investimento;BCB/SICOR (MDCR)
3505609;2161995.12;334.41999999999996;2025;Custeio;BCB/SICOR (MDCR)
3505807;48798481.43;373.65;2025;Custeio;BCB/SICOR (MDCR)
3505807;4065200.0;0.5;2025;Investimento;BCB/SICOR (MDCR)
3505906;64433280.72;5424.23;2025;Custeio;BCB/SICOR (MDCR)
3505906;18723386.41;513.32;2025;Investimento;BCB/SICOR (MDCR)
3506003;31216052.33;2952.71;2025;Custeio;BCB/SICOR (MDCR)
3506003;4556238.88;316.98;2025;Investimento;BCB/SICOR (MDCR)
3506102;2316761988.66;3960.9;2025;Custeio;BCB/SICOR (MDCR)
3506102;84511915.78;360.74;2025;Investimento;BCB/SICOR (MDCR)
3506201;11456614.86;1450.33;2025;Custeio;BCB/SICOR (MDCR)
3506201;595000.0;0.0;2025;Investimento;BCB/SICOR (MDCR)
3506300;22922302.900000002;3803.17;2025;Custeio;BCB/SICOR (MDCR)
3506300;6352177.54;459.69000000000005;2025;Investimento;BCB/SICOR (MDCR)
3506359;138494.0;0.0;2025;Custeio;BCB/SICOR (MDCR)
3506409;13779962.93;1272.21;2025;Custeio;BCB/SICOR (MDCR)
3506409;1627178.4;41.169999999999995;2025;Investimento;BCB/SICOR (MDCR)
3506508;49778704.76;5888.85;2025;Custeio;BCB/SICOR (MDCR)
3506508;12683829.36;665.76;2025;Investimento;BCB/SICOR (MDCR)
3506607;5053216.81;81.97999999999999;2025;Custeio;BCB/SICOR (MDCR)
3506607;7925349.6;4.01;2025;Investimento;BCB/SICOR (MDCR)
3506706;9397506.29;873.46;2025;Custeio;BCB/SICOR (MDCR)
3506706;43775623.33;3131.08;2025;Investimento;BCB/SICOR (MDCR)
3506805;6577199.5;662.61;2025;Custeio;BCB/SICOR (MDCR)
3506805;4329417.55;215.37;2025;Investimento;BCB/SICOR (MDCR)
3506904;8786254.37;941.84;2025;Custeio;BCB/SICOR (MDCR)
3506904;1209412.8599999999;7.05;2025;Investimento;BCB/SICOR (MDCR)
3507001;3469435.76;390.09;2025;Custeio;BCB/SICOR (MDCR)
3507001;1438240.0;9.24;2025;Investimento;BCB/SICOR (MDCR)
3507100;1500000.0;0.2;2025;Custeio;BCB/SICOR (MDCR)
3507159;1279412.62;185.12;2025;Custeio;BCB/SICOR (MDCR)
3507159;539000.0;0.04;2025;Investimento;BCB/SICOR (MDCR)
3507209;9910721.99;1140.12;2025;Custeio;BCB/SICOR (MDCR)
3507209;60900.0;11.7;2025;Investimento;BCB/SICOR (MDCR)
3507308;4650528.67;688.8199999999999;2025;Custeio;BCB/SICOR (MDCR)
3507308;4242804.0;308.07;2025;Investimento;BCB/SICOR (MDCR)
3507407;46318924.21;3961.07;2025;Custeio;BCB/SICOR (MDCR)
3507407;10074961.08;314.40999999999997;2025;Investimento;BCB/SICOR (MDCR)
3507456;3515936.4;361.18;2025;Custeio;BCB/SICOR (MDCR)
3507456;255250.0;44.35;2025;Investimento;BCB/SICOR (MDCR)
3507506;47905226.71;5079.15;2025;Custeio;BCB/SICOR (MDCR)
3507506;7980729.9;559.22;2025;Investimento;BCB/SICOR (MDCR)
3507605;20341149.86;1280.57;2025;Custeio;BCB/SICOR (MDCR)
3507605;8427896.3;25.86;2025;Investimento;BCB/SICOR (MDCR)
3507704;7461949.85;830.8100000000001;2025;Custeio;BCB/SICOR (MDCR)
3507704;3327568.21;62.690000000000005;2025;Investimento;BCB/SICOR (MDCR)
3507753;3237105.09;504.61;2025;Custeio;BCB/SICOR (MDCR)
3507753;1667581.49;142.38;2025;Investimento;BCB/SICOR (MDCR)
3507803;17681501.53;1409.82;2025;Custeio;BCB/SICOR (MDCR)
3507803;2937594.23;118.63;2025;Investimento;BCB/SICOR (MDCR)
3507902;34165202.7;3998.0;2025;Custeio;BCB/SICOR (MDCR)
3507902;16800745.990000002;881.45;2025;Investimento;BCB/SICOR (MDCR)
3508009;112814348.8;16258.53;2025;Custeio;BCB/SICOR (MDCR)
3508009;18068178.49;896.9399999999999;2025;Investimento;BCB/SICOR (MDCR)
3508108;13570141.39;1005.49;2025;Custeio;BCB/SICOR (MDCR)
3508108;5553751.19;338.41;2025;Investimento;BCB/SICOR (MDCR)
3508207;11656484.25;992.79;2025;Custeio;BCB/SICOR (MDCR)
3508207;5006507.0;96.53;2025;Investimento;BCB/SICOR (MDCR)
3508306;19054880.44;1807.1;2025;Custeio;BCB/SICOR (MDCR)
3508306;2662167.59;92.96;2025;Investimento;BCB/SICOR (MDCR)
3508405;13578803.48;20.82;2025;Custeio;BCB/SICOR (MDCR)
3508405;9285000.0;0.0;2025;Investimento;BCB/SICOR (MDCR)
3508504;2340686.77;229.16;2025;Custeio;BCB/SICOR (MDCR)
3508504;2841617.11;275.53999999999996;2025;Investimento;BCB/SICOR (MDCR)
3508603;8784613.78;1074.2;2025;Custeio;BCB/SICOR (MDCR)
3508603;1996409.3599999999;199.13;2025;Investimento;BCB/SICOR (MDCR)
3508702;75986807.72;3190.11;2025;Custeio;BCB/SICOR (MDCR)
3508702;24917627.23;113.7;2025;Investimento;BCB/SICOR (MDCR)
3508801;39241720.22;4795.81;2025;Custeio;BCB/SICOR (MDCR)
3508801;774390.06;67.92999999999999;2025;Investimento;BCB/SICOR (MDCR)
3508900;4620582.01;797.25;2025;Custeio;BCB/SICOR (MDCR)
3508900;2234147.25;253.65;2025;Investimento;BCB/SICOR (MDCR)
3509106;18858361.81;2660.66;2025;Custeio;BCB/SICOR (MDCR)
3509106;8535014.48;1751.64;2025;Investimento;BCB/SICOR (MDCR)
3509254;7191170.08;524.63;2025;Custeio;BCB/SICOR (MDCR)
3509254;3354920.29;43.4;2025;Investimento;BCB/SICOR (MDCR)
3509304;10477908.49;898.46;2025;Custeio;BCB/SICOR (MDCR)
3509304;1872406.55;72.97;2025;Investimento;BCB/SICOR (MDCR)
3509403;31275701.82;1663.42;2025;Custeio;BCB/SICOR (MDCR)
3509403;6738016.69;73.46;2025;Investimento;BCB/SICOR (MDCR)
3509452;13635473.61;1791.02;2025;Custeio;BCB/SICOR (MDCR)
3509452;12259460.61;243.66;2025;Investimento;BCB/SICOR (MDCR)
3509502;14237512.82;418.53;2025;Custeio;BCB/SICOR (MDCR)
3509502;1906487.9300000002;0.4;2025;Investimento;BCB/SICOR (MDCR)
3509601;90108.0;15.18;2025;Custeio;BCB/SICOR (MDCR)
3509601;570000.0;0.0;2025;Investimento;BCB/SICOR (MDCR)
3509809;46346153.019999996;7064.12;2025;Custeio;BCB/SICOR (MDCR)
3509809;8626113.34;256.83;2025;Investimento;BCB/SICOR (MDCR)
3509908;228985.24;8.8;2025;Custeio;BCB/SICOR (MDCR)
3509908;20000.0;1.0;2025;Investimento;BCB/SICOR (MDCR)
3509957;3007500.0;76.36;2025;Custeio;BCB/SICOR (MDCR)
3510005;411446123.9;10237.42;2025;Custeio;BCB/SICOR (MDCR)
3510005;10055051.6;381.79;2025;Investimento;BCB/SICOR (MDCR)
3510104;3181314.75;268.5;2025;Custeio;BCB/SICOR (MDCR)
3510104;2747836.65;120.72;2025;Investimento;BCB/SICOR (MDCR)
3510153;55000.0;0.0;2025;Investimento;BCB/SICOR (MDCR)
3510203;76149054.77;10466.9;2025;Custeio;BCB/SICOR (MDCR)
3510203;15535129.36;45.47;2025;Investimento;BCB/SICOR (MDCR)
3510302;1522589.4;236.93;2025;Custeio;BCB/SICOR (MDCR)
3510302;873852.1;25.9;2025;Investimento;BCB/SICOR (MDCR)
3510401;17999938.330000002;1373.05;2025;Custeio;BCB/SICOR (MDCR)
3510401;2099127.18;137.10000000000002;2025;Investimento;BCB/SICOR (MDCR)
3510500;229500.0;51.01;2025;Investimento;BCB/SICOR (MDCR)
3510708;42335775.17;4363.64;2025;Custeio;BCB/SICOR (MDCR)
3510708;4322837.9399999995;179.46999999999997;2025;Investimento;BCB/SICOR (MDCR)
3510807;117022372.91;6243.92;2025;Custeio;BCB/SICOR (MDCR)
3510807;21637873.85;142.93;2025;Investimento;BCB/SICOR (MDCR)
3510906;13796452.61;618.9;2025;Custeio;BCB/SICOR (MDCR)
3510906;3403642.65;2.33;2025;Investimento;BCB/SICOR (MDCR)
3511003;10298858.29;1638.27;2025;Custeio;BCB/SICOR (MDCR)
3511003;10011044.03;1188.49;2025;Investimento;BCB/SICOR (MDCR)
3511102;5807125.17;671.29;2025;Custeio;BCB/SICOR (MDCR)
3511102;3817539.36;66.58;2025;Investimento;BCB/SICOR (MDCR)
3511201;310000.0;21.09;2025;Investimento;BCB/SICOR (MDCR)
3511300;8560420.45;846.76;2025;Custeio;BCB/SICOR (MDCR)
3511300;2294094.06;84.86;2025;Investimento;BCB/SICOR (MDCR)
3511409;52461660.01;5842.22;2025;Custeio;BCB/SICOR (MDCR)
3511409;9343760.27;621.78;2025;Investimento;BCB/SICOR (MDCR)
3511508;1166710.24;249.41;2025;Custeio;BCB/SICOR (MDCR)
3511508;1223259.35;0.0;2025;Investimento;BCB/SICOR (MDCR)
3511607;6513759.890000001;680.11;2025;Custeio;BCB/SICOR (MDCR)
3511607;1193267.99;16.69;2025;Investimento;BCB/SICOR (MDCR)
3511706;4219650.56;615.49;2025;Custeio;BCB/SICOR (MDCR)
3511706;5231132.95;26.03;2025;Investimento;BCB/SICOR (MDCR)
3511904;6815304.9399999995;703.79;2025;Custeio;BCB/SICOR (MDCR)
3511904;1579918.5;28.7;2025;Investimento;BCB/SICOR (MDCR)
3512001;36023357.42;3847.01;2025;Custeio;BCB/SICOR (MDCR)
3512001;9771127.15;177.45;2025;Investimento;BCB/SICOR (MDCR)
3512100;51517752.230000004;5881.58;2025;Custeio;BCB/SICOR (MDCR)
3512100;14031990.61;692.4;2025;Investimento;BCB/SICOR (MDCR)
3512209;10551901.74;795.84;2025;Custeio;BCB/SICOR (MDCR)
3512209;4181211.89;0.0;2025;Investimento;BCB/SICOR (MDCR)
3512308;31068002.81;3510.01;2025;Custeio;BCB/SICOR (MDCR)
3512308;9529821.33;392.19;2025;Investimento;BCB/SICOR (MDCR)
3512407;219584.54;30.9;2025;Custeio;BCB/SICOR (MDCR)
3512407;515700.0;0.05;2025;Investimento;BCB/SICOR (MDCR)
3512506;15494831.07;2186.53;2025;Custeio;BCB/SICOR (MDCR)
3512506;7636444.14;87.3;2025;Investimento;BCB/SICOR (MDCR)
3512605;58645774.87;8108.73;2025;Custeio;BCB/SICOR (MDCR)
3512605;6678874.0;101.66;2025;Investimento;BCB/SICOR (MDCR)
3512704;2797685.37;297.21;2025;Custeio;BCB/SICOR (MDCR)
3512704;1208942.56;0.08;2025;Investimento;BCB/SICOR (MDCR)
3512803;976572.9;121.76;2025;Custeio;BCB/SICOR (MDCR)
3512803;1339098.67;0.23;2025;Investimento;BCB/SICOR (MDCR)
3512902;27952606.94;1968.68;2025;Custeio;BCB/SICOR (MDCR)
3512902;9505486.41;845.23;2025;Investimento;BCB/SICOR (MDCR)
3513009;1324592.3599999999;2.79;2025;Custeio;BCB/SICOR (MDCR)
3513009;179855.73;0.0;2025;Investimento;BCB/SICOR (MDCR)
3513108;18314961.5;2527.51;2025;Custeio;BCB/SICOR (MDCR)
3513108;8515264.08;159.64;2025;Investimento;BCB/SICOR (MDCR)
3513207;112192387.48;3612.52;2025;Custeio;BCB/SICOR (MDCR)
3513207;13863830.3;137.13;2025;Investimento;BCB/SICOR (MDCR)
3513306;16668740.42;3984.23;2025;Custeio;BCB/SICOR (MDCR)
3513306;4646186.5;0.12000000000000001;2025;Investimento;BCB/SICOR (MDCR)
3513405;2885102.92;265.76;2025;Custeio;BCB/SICOR (MDCR)
3513405;829800.0;117.83999999999999;2025;Investimento;BCB/SICOR (MDCR)
3513603;17080912.59;3593.25;2025;Custeio;BCB/SICOR (MDCR)
3513603;16237924.21;1605.27;2025;Investimento;BCB/SICOR (MDCR)
3513702;63104323.47;2058.17;2025;Custeio;BCB/SICOR (MDCR)
3513702;13778391.91;99.48;2025;Investimento;BCB/SICOR (MDCR)
3513850;5119626.43;397.19;2025;Custeio;BCB/SICOR (MDCR)
3513850;319000.0;42.73;2025;Investimento;BCB/SICOR (MDCR)
3513900;20817923.16;834.04;2025;Custeio;BCB/SICOR (MDCR)
3513900;19267102.73;149.89;2025;Investimento;BCB/SICOR (MDCR)
3514007;3785273.93;524.5699999999999;2025;Custeio;BCB/SICOR (MDCR)
3514007;412489.0;17.93;2025;Investimento;BCB/SICOR (MDCR)
3514106;33204716.11;2744.67;2025;Custeio;BCB/SICOR (MDCR)
3514106;25529880.240000002;1143.96;2025;Investimento;BCB/SICOR (MDCR)
3514205;3129750.07;213.72;2025;Custeio;BCB/SICOR (MDCR)
3514205;2784900.0;0.0;2025;Investimento;BCB/SICOR (MDCR)
3514304;8402870.15;1236.19;2025;Custeio;BCB/SICOR (MDCR)
3514304;1830658.0;123.22;2025;Investimento;BCB/SICOR (MDCR)
3514403;4276239.37;865.75;2025;Custeio;BCB/SICOR (MDCR)
3514403;1700446.6;236.14000000000001;2025;Investimento;BCB/SICOR (MDCR)
3514502;15944954.370000001;1510.16;2025;Custeio;BCB/SICOR (MDCR)
3514502;2215430.84;65.14;2025;Investimento;BCB/SICOR (MDCR)
3514601;5164971.29;726.5;2025;Custeio;BCB/SICOR (MDCR)
3514601;2866484.1799999997;92.88;2025;Investimento;BCB/SICOR (MDCR)
3514700;10783952.07;1696.92;2025;Custeio;BCB/SICOR (MDCR)
3514700;14442900.6;300.56;2025;Investimento;BCB/SICOR (MDCR)
3514809;4296247.83;199.95;2025;Custeio;BCB/SICOR (MDCR)
3514809;5460971.88;42.71;2025;Investimento;BCB/SICOR (MDCR)
3514908;8082837.31;881.5600000000001;2025;Custeio;BCB/SICOR (MDCR)
3514908;1825952.52;71.97;2025;Investimento;BCB/SICOR (MDCR)
3514924;2130115.3;329.0;2025;Custeio;BCB/SICOR (MDCR)
3514924;3451900.0;32.38;2025;Investimento;BCB/SICOR (MDCR)
3514957;3889254.12;443.05;2025;Custeio;BCB/SICOR (MDCR)
3514957;1644855.0;37.78;2025;Investimento;BCB/SICOR (MDCR)
3515004;600000.0;0.95;2025;Custeio;BCB/SICOR (MDCR)
3515103;76754.98;2.15;2025;Custeio;BCB/SICOR (MDCR)
3515103;398400.0;0.07;2025;Investimento;BCB/SICOR (MDCR)
3515129;10626013.07;903.86;2025;Custeio;BCB/SICOR (MDCR)
3515129;6796203.15;698.15;2025;Investimento;BCB/SICOR (MDCR)
3515152;7801148.02;850.23;2025;Custeio;BCB/SICOR (MDCR)
3515152;1729828.3699999999;0.15;2025;Investimento;BCB/SICOR (MDCR)
3515186;43595781.31;1962.38;2025;Custeio;BCB/SICOR (MDCR)
3515186;12879015.01;28.85;2025;Investimento;BCB/SICOR (MDCR)
3515194;12655548.18;1572.49;2025;Custeio;BCB/SICOR (MDCR)
3515194;1371701.4;81.48;2025;Investimento;BCB/SICOR (MDCR)
3515202;31683271.720000003;1475.0;2025;Custeio;BCB/SICOR (MDCR)
3515202;6317809.16;193.67;2025;Investimento;BCB/SICOR (MDCR)
3515301;1464456.5;332.55;2025;Custeio;BCB/SICOR (MDCR)
3515301;435137.54000000004;65.77;2025;Investimento;BCB/SICOR (MDCR)
3515350;19223435.830000002;2997.11;2025;Custeio;BCB/SICOR (MDCR)
3515350;5432907.58;889.99;2025;Investimento;BCB/SICOR (MDCR)
3515400;34579599.43;2591.48;2025;Custeio;BCB/SICOR (MDCR)
3515400;10030461.559999999;353.96000000000004;2025;Investimento;BCB/SICOR (MDCR)
3515509;39422784.660000004;2618.86;2025;Custeio;BCB/SICOR (MDCR)
3515509;48751360.49;579.56;2025;Investimento;BCB/SICOR (MDCR)
3515608;12413473.43;675.9;2025;Custeio;BCB/SICOR (MDCR)
3515608;3742225.96;80.24000000000001;2025;Investimento;BCB/SICOR (MDCR)
3515657;4914597.4;356.84000000000003;2025;Custeio;BCB/SICOR (MDCR)
3515657;1075064.55;18.44;2025;Investimento;BCB/SICOR (MDCR)
3515806;9037706.17;1038.44;2025;Custeio;BCB/SICOR (MDCR)
3515806;909773.87;152.62;2025;Investimento;BCB/SICOR (MDCR)
3515905;7083956.09;907.22;2025;Custeio;BCB/SICOR (MDCR)
3515905;3642281.25;222.56;2025;Investimento;BCB/SICOR (MDCR)
3516002;33512398.59;5327.05;2025;Custeio;BCB/SICOR (MDCR)
3516002;10876765.97;1012.4000000000001;2025;Investimento;BCB/SICOR (MDCR)
3516101;11442724.9;2800.62;2025;Custeio;BCB/SICOR (MDCR)
3516101;5051785.5;326.27;2025;Investimento;BCB/SICOR (MDCR)
3516200;145861643.85;3916.65;2025;Custeio;BCB/SICOR (MDCR)
3516200;24597210.99;269.9;2025;Investimento;BCB/SICOR (MDCR)
3516408;78444.08;1.3;2025;Custeio;BCB/SICOR (MDCR)
3516408;931237.19;6.89;2025;Investimento;BCB/SICOR (MDCR)
3516507;12987893.09;1528.35;2025;Custeio;BCB/SICOR (MDCR)
3516507;2151485.73;205.73;2025;Investimento;BCB/SICOR (MDCR)
3516606;30828248.87;1958.1299999999999;2025;Custeio;BCB/SICOR (MDCR)
3516606;3536459.1;80.58;2025;Investimento;BCB/SICOR (MDCR)
3516705;54475980.21;3896.14;2025;Custeio;BCB/SICOR (MDCR)
3516705;13433707.35;104.51;2025;Investimento;BCB/SICOR (MDCR)
3516804;13191462.41;1568.24;2025;Custeio;BCB/SICOR (MDCR)
3516804;3657429.8;148.42;2025;Investimento;BCB/SICOR (MDCR)
3516853;51276135.17;1454.6599999999999;2025;Custeio;BCB/SICOR (MDCR)
3516853;4086404.96;226.86;2025;Investimento;BCB/SICOR (MDCR)
3516903;25164020.54;2760.4;2025;Custeio;BCB/SICOR (MDCR)
3516903;10300097.95;726.49;2025;Investimento;BCB/SICOR (MDCR)
3517000;30678256.2;2692.33;2025;Custeio;BCB/SICOR (MDCR)
3517000;7549155.9399999995;571.26;2025;Investimento;BCB/SICOR (MDCR)
3517109;18899291.02;2327.34;2025;Custeio;BCB/SICOR (MDCR)
3517109;11979667.33;481.05;2025;Investimento;BCB/SICOR (MDCR)
3517208;31195683.19;2736.6;2025;Custeio;BCB/SICOR (MDCR)
3517208;12272326.74;107.12;2025;Investimento;BCB/SICOR (MDCR)
3517307;31522965.41;2301.1;2025;Custeio;BCB/SICOR (MDCR)
3517307;2181580.43;34.7;2025;Investimento;BCB/SICOR (MDCR)
3517406;84687708.32000001;13901.96;2025;Custeio;BCB/SICOR (MDCR)
3517406;54737722.56;2676.09;2025;Investimento;BCB/SICOR (MDCR)
3517505;13540723.2;1499.6100000000001;2025;Custeio;BCB/SICOR (MDCR)
3517505;10066941.08;352.52000000000004;2025;Investimento;BCB/SICOR (MDCR)
3517604;13744319.84;452.03;2025;Custeio;BCB/SICOR (MDCR)
3517604;5175678.35;12.05;2025;Investimento;BCB/SICOR (MDCR)
3517703;16027580.64;2039.13;2025;Custeio;BCB/SICOR (MDCR)
3517703;3204453.2199999997;154.81;2025;Investimento;BCB/SICOR (MDCR)
3517802;10111176.69;1674.1100000000001;2025;Custeio;BCB/SICOR (MDCR)
3517802;5384861.17;568.14;2025;Investimento;BCB/SICOR (MDCR)
3517901;33191080.099999998;4804.0;2025;Custeio;BCB/SICOR (MDCR)
3517901;32586250.400000002;909.0;2025;Investimento;BCB/SICOR (MDCR)
3518008;2952515.62;460.77;2025;Custeio;BCB/SICOR (MDCR)
3518008;2218361.38;151.01;2025;Investimento;BCB/SICOR (MDCR)
3518107;20369247.2;2223.1;2025;Custeio;BCB/SICOR (MDCR)
3518107;6381931.4799999995;450.81;2025;Investimento;BCB/SICOR (MDCR)
3518206;67040811.36;5132.17;2025;Custeio;BCB/SICOR (MDCR)
3518206;23080720.55;928.94;2025;Investimento;BCB/SICOR (MDCR)
3518305;4394152.55;37.07;2025;Custeio;BCB/SICOR (MDCR)
3518305;3788794.13;3.83;2025;Investimento;BCB/SICOR (MDCR)
3518404;15265025.27;2712.96;2025;Custeio;BCB/SICOR (MDCR)
3518404;13930679.39;245.62;2025;Investimento;BCB/SICOR (MDCR)
3518503;8758734.0;1371.92;2025;Custeio;BCB/SICOR (MDCR)
3518503;2478699.73;129.22;2025;Investimento;BCB/SICOR (MDCR)
3518602;58724368.88;2373.7200000000003;2025;Custeio;BCB/SICOR (MDCR)
3518602;10307899.08;583.66;2025;Investimento;BCB/SICOR (MDCR)
3518701;14679.18;0.0;2025;Custeio;BCB/SICOR (MDCR)
3518859;23228582.2;987.35;2025;Custeio;BCB/SICOR (MDCR)
3518859;8395627.43;0.36;2025;Investimento;BCB/SICOR (MDCR)
3518909;17660973.75;1850.19;2025;Custeio;BCB/SICOR (MDCR)
3518909;5181084.62;463.67;2025;Investimento;BCB/SICOR (MDCR)
3519006;33573617.97;3196.48;2025;Custeio;BCB/SICOR (MDCR)
3519006;11619070.379999999;110.14999999999999;2025;Investimento;BCB/SICOR (MDCR)
3519055;43605343.81;128.39000000000001;2025;Custeio;BCB/SICOR (MDCR)
3519055;23316113.2;26.259999999999998;2025;Investimento;BCB/SICOR (MDCR)
3519105;21600099.88;2601.88;2025;Custeio;BCB/SICOR (MDCR)
3519105;8906463.25;177.15;2025;Investimento;BCB/SICOR (MDCR)
3519204;25855721.86;3111.25;2025;Custeio;BCB/SICOR (MDCR)
3519204;6266093.26;47.37;2025;Investimento;BCB/SICOR (MDCR)
3519253;9704255.87;1551.08;2025;Custeio;BCB/SICOR (MDCR)
3519253;3201499.86;155.86;2025;Investimento;BCB/SICOR (MDCR)
3519303;550000.0;70.09;2025;Custeio;BCB/SICOR (MDCR)
3519303;5024218.62;378.17;2025;Investimento;BCB/SICOR (MDCR)
3519402;6928094.36;810.69;2025;Custeio;BCB/SICOR (MDCR)
3519402;2521360.5;158.54;2025;Investimento;BCB/SICOR (MDCR)
3519501;20439589.24;4136.49;2025;Custeio;BCB/SICOR (MDCR)
3519501;4700494.87;259.57;2025;Investimento;BCB/SICOR (MDCR)
3519600;38039487.59;4525.02;2025;Custeio;BCB/SICOR (MDCR)
3519600;17749188.44;667.48;2025;Investimento;BCB/SICOR (MDCR)
3519709;36471284.74;481.03000000000003;2025;Custeio;BCB/SICOR (MDCR)
3519709;18908478.94;21.36;2025;Investimento;BCB/SICOR (MDCR)
3519808;2715989.94;721.7;2025;Custeio;BCB/SICOR (MDCR)
3519808;1128372.65;49.99;2025;Investimento;BCB/SICOR (MDCR)
3519907;31515102.79;6999.15;2025;Custeio;BCB/SICOR (MDCR)
3519907;7681845.28;357.25;2025;Investimento;BCB/SICOR (MDCR)
3520004;11662410.360000001;1743.4;2025;Custeio;BCB/SICOR (MDCR)
3520103;15673052.53;1938.82;2025;Custeio;BCB/SICOR (MDCR)
3520103;8676314.89;240.65;2025;Investimento;BCB/SICOR (MDCR)
3520202;174364.94;6.6;2025;Custeio;BCB/SICOR (MDCR)
3520202;100000.0;0.02;2025;Investimento;BCB/SICOR (MDCR)
3520301;1122186.57;87.49;2025;Custeio;BCB/SICOR (MDCR)
3520301;3282435.19;79.58;2025;Investimento;BCB/SICOR (MDCR)
3520400;58025.0;0.0;2025;Investimento;BCB/SICOR (MDCR)
3520442;8533335.47;1395.71;2025;Custeio;BCB/SICOR (MDCR)
3520442;6417316.0;515.97;2025;Investimento;BCB/SICOR (MDCR)
3520509;6282982.3;352.47;2025;Custeio;BCB/SICOR (MDCR)
3520509;1549170.68;6.11;2025;Investimento;BCB/SICOR (MDCR)
3520608;6418302.12;1380.04;2025;Custeio;BCB/SICOR (MDCR)
3520608;3245878.81;257.76;2025;Investimento;BCB/SICOR (MDCR)
3520707;9605618.459999999;1152.3600000000001;2025;Custeio;BCB/SICOR (MDCR)
3520707;3972755.47;318.56;2025;Investimento;BCB/SICOR (MDCR)
3520806;9552842.55;1194.3999999999999;2025;Custeio;BCB/SICOR (MDCR)
3520806;2263000.0;97.72;2025;Investimento;BCB/SICOR (MDCR)
3520905;5894659.42;1297.72;2025;Custeio;BCB/SICOR (MDCR)
3520905;720500.0;24.21;2025;Investimento;BCB/SICOR (MDCR)
3521002;2222857.16;232.16;2025;Custeio;BCB/SICOR (MDCR)
3521002;7967239.01;10.86;2025;Investimento;BCB/SICOR (MDCR)
3521101;4164529.67;656.45;2025;Custeio;BCB/SICOR (MDCR)
3521101;1877441.09;51.19;2025;Investimento;BCB/SICOR (MDCR)
3521150;5832422.3100000005;568.9;2025;Custeio;BCB/SICOR (MDCR)
3521150;400000.0;23.92;2025;Investimento;BCB/SICOR (MDCR)
3521309;8528989.77;1495.21;2025;Custeio;BCB/SICOR (MDCR)
3521309;5644700.0;347.51;2025;Investimento;BCB/SICOR (MDCR)
3521507;7307393.51;309.46;2025;Custeio;BCB/SICOR (MDCR)
3521507;3770493.23;42.339999999999996;2025;Investimento;BCB/SICOR (MDCR)
3521606;8270814.36;960.99;2025;Custeio;BCB/SICOR (MDCR)
3521606;6162180.44;347.65;2025;Investimento;BCB/SICOR (MDCR)
3521705;132229021.51;22335.81;2025;Custeio;BCB/SICOR (MDCR)
3521705;45282158.79;2186.76;2025;Investimento;BCB/SICOR (MDCR)
3521804;150147360.76;18913.28;2025;Custeio;BCB/SICOR (MDCR)
3521804;39791252.92;947.4;2025;Investimento;BCB/SICOR (MDCR)
3521903;35062022.92;2042.28;2025;Custeio;BCB/SICOR (MDCR)
3521903;13980235.44;512.63;2025;Investimento;BCB/SICOR (MDCR)
3522000;9700833.18;688.6;2025;Custeio;BCB/SICOR (MDCR)
3522000;5421779.91;160.76;2025;Investimento;BCB/SICOR (MDCR)
3522109;176205.84;0.0;2025;Custeio;BCB/SICOR (MDCR)
3522158;1195607.97;111.06;2025;Custeio;BCB/SICOR (MDCR)
3522158;648000.0;52.15;2025;Investimento;BCB/SICOR (MDCR)
3522307;120334436.61;17078.670000000002;2025;Custeio;BCB/SICOR (MDCR)
3522307;53550410.42;903.98;2025;Investimento;BCB/SICOR (MDCR)
3522406;155611847.3;25275.36;2025;Custeio;BCB/SICOR (MDCR)
3522406;47795839.35;605.57;2025;Investimento;BCB/SICOR (MDCR)
3522604;18360994.82;1370.04;2025;Custeio;BCB/SICOR (MDCR)
3522604;3396202.64;7.29;2025;Investimento;BCB/SICOR (MDCR)
3522653;2118060.51;273.28000000000003;2025;Custeio;BCB/SICOR (MDCR)
3522653;1367682.85;0.0;2025;Investimento;BCB/SICOR (MDCR)
3522703;83517341.16;5592.8;2025;Custeio;BCB/SICOR (MDCR)
3522703;30687349.16;647.61;2025;Investimento;BCB/SICOR (MDCR)
3522802;33918319.69;6277.71;2025;Custeio;BCB/SICOR (MDCR)
3522802;5234175.140000001;240.33999999999997;2025;Investimento;BCB/SICOR (MDCR)
3522901;1448894.64;80.47;2025;Custeio;BCB/SICOR (MDCR)
3522901;710738.45;0.37;2025;Investimento;BCB/SICOR (MDCR)
3523008;19736825.13;4468.4400000000005;2025;Custeio;BCB/SICOR (MDCR)
3523008;2815064.05;516.01;2025;Investimento;BCB/SICOR (MDCR)
3523206;110590022.78;20207.42;2025;Custeio;BCB/SICOR (MDCR)
3523206;20187156.35;430.64000000000004;2025;Investimento;BCB/SICOR (MDCR)
3523305;1129765.99;35.57;2025;Custeio;BCB/SICOR (MDCR)
3523305;195734.0;0.0;2025;Investimento;BCB/SICOR (MDCR)
3523404;5982773.62;752.8100000000001;2025;Custeio;BCB/SICOR (MDCR)
3523404;5611805.45;36.22;2025;Investimento;BCB/SICOR (MDCR)
3523503;33864106.2;3517.88;2025;Custeio;BCB/SICOR (MDCR)
3523503;7188867.8100000005;226.48000000000002;2025;Investimento;BCB/SICOR (MDCR)
3523602;3586956.87;388.98;2025;Custeio;BCB/SICOR (MDCR)
3523602;1549555.1;24.98;2025;Investimento;BCB/SICOR (MDCR)
3523701;51381555.33;1792.41;2025;Custeio;BCB/SICOR (MDCR)
3523701;17096326.15;277.05;2025;Investimento;BCB/SICOR (MDCR)
3523800;22337154.04;1071.8;2025;Custeio;BCB/SICOR (MDCR)
3523800;11964707.49;59.510000000000005;2025;Investimento;BCB/SICOR (MDCR)
3523909;13223759.03;459.11999999999995;2025;Custeio;BCB/SICOR (MDCR)
3523909;3214350.0;3.75;2025;Investimento;BCB/SICOR (MDCR)
3524006;1467226.87;57.269999999999996;2025;Custeio;BCB/SICOR (MDCR)
3524006;770500.0;11.38;2025;Investimento;BCB/SICOR (MDCR)
3524105;38217138.64;3692.71;2025;Custeio;BCB/SICOR (MDCR)
3524105;20513196.03;431.7;2025;Investimento;BCB/SICOR (MDCR)
3524204;33392511.62;4023.13;2025;Custeio;BCB/SICOR (MDCR)
3524204;21456962.7;842.32;2025;Investimento;BCB/SICOR (MDCR)
3524303;35756670.33;5340.72;2025;Custeio;BCB/SICOR (MDCR)
3524303;21713644.96;524.49;2025;Investimento;BCB/SICOR (MDCR)
3524402;633217.13;86.95;2025;Custeio;BCB/SICOR (MDCR)
3524402;1836600.0;98.85000000000001;2025;Investimento;BCB/SICOR (MDCR)
3524501;5418041.33;72.06;2025;Custeio;BCB/SICOR (MDCR)
3524501;4797881.52;2.98;2025;Investimento;BCB/SICOR (MDCR)
3524600;7247467.9;325.62;2025;Custeio;BCB/SICOR (MDCR)
3524600;7872193.4;122.67;2025;Investimento;BCB/SICOR (MDCR)
3524709;4069031.32;209.59;2025;Custeio;BCB/SICOR (MDCR)
3524808;27989950.31;2013.62;2025;Custeio;BCB/SICOR (MDCR)
3524808;7948783.38;165.56;2025;Investimento;BCB/SICOR (MDCR)
3524907;569282.5700000001;79.56;2025;Custeio;BCB/SICOR (MDCR)
3524907;2057017.38;111.91;2025;Investimento;BCB/SICOR (MDCR)
3525102;25077687.21;3197.76;2025;Custeio;BCB/SICOR (MDCR)
3525102;7264135.0;194.59;2025;Investimento;BCB/SICOR (MDCR)
3525201;6460440.34;212.14000000000001;2025;Custeio;BCB/SICOR (MDCR)
3525201;4431440.7;2.66;2025;Investimento;BCB/SICOR (MDCR)
3525300;27550576.62;3378.0;2025;Custeio;BCB/SICOR (MDCR)
3525300;5618314.7;234.23;2025;Investimento;BCB/SICOR (MDCR)
3525409;63547483.51;2290.26;2025;Custeio;BCB/SICOR (MDCR)
3525409;17406743.77;329.27;2025;Investimento;BCB/SICOR (MDCR)
3525508;4922302.26;94.78;2025;Custeio;BCB/SICOR (MDCR)
3525508;15244793.34;71.37;2025;Investimento;BCB/SICOR (MDCR)
3525607;16118029.73;2231.83;2025;Custeio;BCB/SICOR (MDCR)
3525607;1558142.6;268.21000000000004;2025;Investimento;BCB/SICOR (MDCR)
3525706;89268994.81;3086.35;2025;Custeio;BCB/SICOR (MDCR)
3525706;14569892.209999999;100.04;2025;Investimento;BCB/SICOR (MDCR)
3525805;5454405.14;928.77;2025;Custeio;BCB/SICOR (MDCR)
3525805;539580.0;0.0;2025;Investimento;BCB/SICOR (MDCR)
3525854;2083850.24;161.17;2025;Custeio;BCB/SICOR (MDCR)
3525854;2727031.16;56.79;2025;Investimento;BCB/SICOR (MDCR)
3525904;2689025.35;86.65;2025;Custeio;BCB/SICOR (MDCR)
3525904;1783533.57;2.34;2025;Investimento;BCB/SICOR (MDCR)
3526001;30507813.65;4446.96;2025;Custeio;BCB/SICOR (MDCR)
3526001;15987147.32;1057.95;2025;Investimento;BCB/SICOR (MDCR)
3526100;3508524.72;347.38;2025;Custeio;BCB/SICOR (MDCR)
3526100;4941391.0;195.20999999999998;2025;Investimento;BCB/SICOR (MDCR)
3526308;3543446.7199999997;288.8;2025;Custeio;BCB/SICOR (MDCR)
3526308;3181121.0;171.78;2025;Investimento;BCB/SICOR (MDCR)
3526407;17094151.63;1292.1;2025;Custeio;BCB/SICOR (MDCR)
3526407;5474745.57;311.93;2025;Investimento;BCB/SICOR (MDCR)
3526506;24404224.39;4811.97;2025;Custeio;BCB/SICOR (MDCR)
3526506;11078379.8;839.63;2025;Investimento;BCB/SICOR (MDCR)
3526605;1020941.0800000001;496.49;2025;Custeio;BCB/SICOR (MDCR)
3526605;445803.74;98.68;2025;Investimento;BCB/SICOR (MDCR)
3526704;19090438.21;1762.11;2025;Custeio;BCB/SICOR (MDCR)
3526704;3339947.33;0.2;2025;Investimento;BCB/SICOR (MDCR)
3526803;27789985.37;3215.3399999999997;2025;Custeio;BCB/SICOR (MDCR)
3526803;4140671.15;88.4;2025;Investimento;BCB/SICOR (MDCR)
3526902;15965580.129999999;866.35;2025;Custeio;BCB/SICOR (MDCR)
3526902;9716933.03;32.400000000000006;2025;Investimento;BCB/SICOR (MDCR)
3527009;1188461.23;61.69;2025;Custeio;BCB/SICOR (MDCR)
3527009;34500.0;0.0;2025;Investimento;BCB/SICOR (MDCR)
3527108;19542714.05;1375.83;2025;Custeio;BCB/SICOR (MDCR)
3527108;59078747.32;191.41;2025;Investimento;BCB/SICOR (MDCR)
3527207;14088780.39;482.92;2025;Custeio;BCB/SICOR (MDCR)
3527207;1947702.25;140.81;2025;Investimento;BCB/SICOR (MDCR)
3527256;8656341.68;1220.8;2025;Custeio;BCB/SICOR (MDCR)
3527256;4911696.93;152.99;2025;Investimento;BCB/SICOR (MDCR)
3527306;3368652.94;30.58;2025;Custeio;BCB/SICOR (MDCR)
3527306;1536645.0;4.5;2025;Investimento;BCB/SICOR (MDCR)
3527405;55259917.98;6916.22;2025;Custeio;BCB/SICOR (MDCR)
3527405;4160882.75;306.81;2025;Investimento;BCB/SICOR (MDCR)
3527504;11461447.14;910.55;2025;Custeio;BCB/SICOR (MDCR)
3527504;2306500.0;102.73;2025;Investimento;BCB/SICOR (MDCR)
3527603;2978106.7199999997;351.54;2025;Custeio;BCB/SICOR (MDCR)
3527603;7076880.78;52.72;2025;Investimento;BCB/SICOR (MDCR)
3527702;12357123.44;1707.9;2025;Custeio;BCB/SICOR (MDCR)
3527702;3591484.23;232.97;2025;Investimento;BCB/SICOR (MDCR)
3527801;6998024.9;711.8;2025;Custeio;BCB/SICOR (MDCR)
3527801;2389185.0;4.24;2025;Investimento;BCB/SICOR (MDCR)
3527900;35177047.769999996;4294.49;2025;Custeio;BCB/SICOR (MDCR)
3527900;1492678.8399999999;206.68;2025;Investimento;BCB/SICOR (MDCR)
3528007;10393494.59;1219.9299999999998;2025;Custeio;BCB/SICOR (MDCR)
3528007;2006448.0;0.0;2025;Investimento;BCB/SICOR (MDCR)
3528106;14167827.49;1410.94;2025;Custeio;BCB/SICOR (MDCR)
3528106;16675096.43;320.40999999999997;2025;Investimento;BCB/SICOR (MDCR)
3528205;20365921.69;2517.0;2025;Custeio;BCB/SICOR (MDCR)
3528205;6397748.52;656.13;2025;Investimento;BCB/SICOR (MDCR)
3528304;11999956.9;1667.19;2025;Custeio;BCB/SICOR (MDCR)
3528304;2582632.95;241.18;2025;Investimento;BCB/SICOR (MDCR)
3528403;319716.74;11.39;2025;Custeio;BCB/SICOR (MDCR)
3528403;241237.63;0.0;2025;Investimento;BCB/SICOR (MDCR)
3528601;23482553.740000002;3311.79;2025;Custeio;BCB/SICOR (MDCR)
3528601;12455265.379999999;313.04;2025;Investimento;BCB/SICOR (MDCR)
3528700;69832467.06;9519.45;2025;Custeio;BCB/SICOR (MDCR)
3528700;10116515.99;1748.7;2025;Investimento;BCB/SICOR (MDCR)
3528809;46813549.31;8381.68;2025;Custeio;BCB/SICOR (MDCR)
3528809;3238322.0;5.37;2025;Investimento;BCB/SICOR (MDCR)
3528858;5307559.92;237.92999999999998;2025;Custeio;BCB/SICOR (MDCR)
3528858;4338872.35;29.75;2025;Investimento;BCB/SICOR (MDCR)
3528908;16771664.79;2224.71;2025;Custeio;BCB/SICOR (MDCR)
3528908;4255496.09;522.05;2025;Investimento;BCB/SICOR (MDCR)
3529005;472621312.39;6162.93;2025;Custeio;BCB/SICOR (MDCR)
3529005;8070393.52;241.41;2025;Investimento;BCB/SICOR (MDCR)
3529104;6639656.54;736.23;2025;Custeio;BCB/SICOR (MDCR)
3529104;1157950.0;43.02;2025;Investimento;BCB/SICOR (MDCR)
3529203;36484359.29;5743.95;2025;Custeio;BCB/SICOR (MDCR)
3529203;11255277.35;1184.57;2025;Investimento;BCB/SICOR (MDCR)
3529302;19640346.91;2409.64;2025;Custeio;BCB/SICOR (MDCR)
3529302;9393545.49;21.55;2025;Investimento;BCB/SICOR (MDCR)
3529500;3799624.75;491.78000000000003;2025;Custeio;BCB/SICOR (MDCR)
3529500;200082.15;26.610000000000003;2025;Investimento;BCB/SICOR (MDCR)
3529609;11371469.8;1145.9;2025;Custeio;BCB/SICOR (MDCR)
3529609;3079382.5;94.22;2025;Investimento;BCB/SICOR (MDCR)
3529658;3754087.57;347.90000000000003;2025;Custeio;BCB/SICOR (MDCR)
3529658;437960.01;5.6;2025;Investimento;BCB/SICOR (MDCR)
3529708;31228228.3;4572.26;2025;Custeio;BCB/SICOR (MDCR)
3529708;17111944.28;653.92;2025;Investimento;BCB/SICOR (MDCR)
3529807;3887416.9;581.27;2025;Custeio;BCB/SICOR (MDCR)
3529807;665643.3;0.0;2025;Investimento;BCB/SICOR (MDCR)
3529906;1077917.25;70.38;2025;Custeio;BCB/SICOR (MDCR)
3529906;1175300.0;17.27;2025;Investimento;BCB/SICOR (MDCR)
3530003;5606911.67;500.62;2025;Custeio;BCB/SICOR (MDCR)
3530003;2190212.34;160.9;2025;Investimento;BCB/SICOR (MDCR)
3530102;31074719.22;4905.11;2025;Custeio;BCB/SICOR (MDCR)
3530102;10342008.1;1116.99;2025;Investimento;BCB/SICOR (MDCR)
3530201;61321372.79;7594.6;2025;Custeio;BCB/SICOR (MDCR)
3530201;22802868.21;2163.33;2025;Investimento;BCB/SICOR (MDCR)
3530300;17154700.86;371.46999999999997;2025;Custeio;BCB/SICOR (MDCR)
3530300;4060408.86;166.64;2025;Investimento;BCB/SICOR (MDCR)
3530409;7332663.06;451.63;2025;Custeio;BCB/SICOR (MDCR)
3530409;2807292.35;7.95;2025;Investimento;BCB/SICOR (MDCR)
3530508;79424060.53;4174.77;2025;Custeio;BCB/SICOR (MDCR)
3530508;10279104.14;265.34999999999997;2025;Investimento;BCB/SICOR (MDCR)
3530607;15076327.790000001;67.81;2025;Custeio;BCB/SICOR (MDCR)
3530607;8225731.94;92.11;2025;Investimento;BCB/SICOR (MDCR)
3530706;61528410.269999996;2422.36;2025;Custeio;BCB/SICOR (MDCR)
3530706;6777369.17;66.34;2025;Investimento;BCB/SICOR (MDCR)
3530805;29590842.32;2382.7599999999998;2025;Custeio;BCB/SICOR (MDCR)
3530805;20541088.43;86.91999999999999;2025;Investimento;BCB/SICOR (MDCR)
3530904;5591521.92;1050.43;2025;Custeio;BCB/SICOR (MDCR)
3530904;4714678.87;172.10999999999999;2025;Investimento;BCB/SICOR (MDCR)
3531001;2959296.92;359.31;2025;Custeio;BCB/SICOR (MDCR)
3531001;2108234.99;164.01;2025;Investimento;BCB/SICOR (MDCR)
3531100;47011.28;0.0;2025;Custeio;BCB/SICOR (MDCR)
3531209;7273961.73;165.44;2025;Custeio;BCB/SICOR (MDCR)
3531209;5289757.19;26.98;2025;Investimento;BCB/SICOR (MDCR)
3531308;35130944.02;1635.82;2025;Custeio;BCB/SICOR (MDCR)
3531308;6620156.79;99.69;2025;Investimento;BCB/SICOR (MDCR)
3531407;13082782.39;1461.79;2025;Custeio;BCB/SICOR (MDCR)
3531407;16071103.43;369.84999999999997;2025;Investimento;BCB/SICOR (MDCR)
3531506;45414133.28;2598.64;2025;Custeio;BCB/SICOR (MDCR)
3531506;5222005.62;100.03;2025;Investimento;BCB/SICOR (MDCR)
3531605;4827984.03;467.25;2025;Custeio;BCB/SICOR (MDCR)
3531605;4421141.7;207.51;2025;Investimento;BCB/SICOR (MDCR)
3531704;681897.5700000001;34.0;2025;Custeio;BCB/SICOR (MDCR)
3531704;798800.0;41.17;2025;Investimento;BCB/SICOR (MDCR)
3531803;23023039.4;713.52;2025;Custeio;BCB/SICOR (MDCR)
3531803;5289654.48;17.57;2025;Investimento;BCB/SICOR (MDCR)
3531902;83024319.68;10265.76;2025;Custeio;BCB/SICOR (MDCR)
3531902;40681738.42;1488.6100000000001;2025;Investimento;BCB/SICOR (MDCR)
3532009;3679064.25;193.87;2025;Custeio;BCB/SICOR (MDCR)
3532009;2980618.47;15.46;2025;Investimento;BCB/SICOR (MDCR)
3532058;102336144.50999999;5202.42;2025;Custeio;BCB/SICOR (MDCR)
3532058;5404815.04;1835.99;2025;Investimento;BCB/SICOR (MDCR)
3532108;9957685.66;1389.7;2025;Custeio;BCB/SICOR (MDCR)
3532108;1578314.0;352.34000000000003;2025;Investimento;BCB/SICOR (MDCR)
3532157;21997909.39;4924.33;2025;Custeio;BCB/SICOR (MDCR)
3532157;4933658.38;385.17999999999995;2025;Investimento;BCB/SICOR (MDCR)
3532207;7737084.25;1466.34;2025;Custeio;BCB/SICOR (MDCR)
3532207;30000.0;0.0;2025;Investimento;BCB/SICOR (MDCR)
3532306;855628.02;276.35;2025;Custeio;BCB/SICOR (MDCR)
3532306;3094307.7;239.63;2025;Investimento;BCB/SICOR (MDCR)
3532405;3304122.54;97.14;2025;Custeio;BCB/SICOR (MDCR)
3532405;1222500.0;5.52;2025;Investimento;BCB/SICOR (MDCR)
3532504;12411618.28;1162.0;2025;Custeio;BCB/SICOR (MDCR)
3532504;5510957.07;51.88;2025;Investimento;BCB/SICOR (MDCR)
3532603;29944265.650000002;2264.45;2025;Custeio;BCB/SICOR (MDCR)
3532603;10433112.28;297.84;2025;Investimento;BCB/SICOR (MDCR)
3532702;2957744.7;340.45;2025;Custeio;BCB/SICOR (MDCR)
3532702;735000.0;32.16;2025;Investimento;BCB/SICOR (MDCR)
3532801;3429185.38;247.75;2025;Custeio;BCB/SICOR (MDCR)
3532801;1125943.8;47.24;2025;Investimento;BCB/SICOR (MDCR)
3532827;6569415.149999999;1069.09;2025;Custeio;BCB/SICOR (MDCR)
3532827;1086940.57;11.0;2025;Investimento;BCB/SICOR (MDCR)
3532843;4518754.16;529.03;2025;Custeio;BCB/SICOR (MDCR)
3532843;2583639.56;202.17;2025;Investimento;BCB/SICOR (MDCR)
3532868;28387998.34;3259.09;2025;Custeio;BCB/SICOR (MDCR)
3532868;11038046.63;579.31;2025;Investimento;BCB/SICOR (MDCR)
3532900;1364801.19;170.68;2025;Custeio;BCB/SICOR (MDCR)
3532900;1585846.51;15.74;2025;Investimento;BCB/SICOR (MDCR)
3533007;28133932.24;2329.32;2025;Custeio;BCB/SICOR (MDCR)
3533007;12896354.97;744.8100000000001;2025;Investimento;BCB/SICOR (MDCR)
3533106;72104.94;34.97;2025;Custeio;BCB/SICOR (MDCR)
3533106;40000.0;4.58;2025;Investimento;BCB/SICOR (MDCR)
3533205;4643349.77;1271.95;2025;Custeio;BCB/SICOR (MDCR)
3533205;905650.0;93.23;2025;Investimento;BCB/SICOR (MDCR)
3533254;5705075.0;604.16;2025;Custeio;BCB/SICOR (MDCR)
3533254;7303500.0;62.86000000000001;2025;Investimento;BCB/SICOR (MDCR)
3533304;4259651.13;575.0400000000001;2025;Custeio;BCB/SICOR (MDCR)
3533304;291934.04;19.42;2025;Investimento;BCB/SICOR (MDCR)
3533403;217722.8;42.0;2025;Custeio;BCB/SICOR (MDCR)
3533403;3245000.0;0.0;2025;Investimento;BCB/SICOR (MDCR)
3533502;30248284.4;3002.14;2025;Custeio;BCB/SICOR (MDCR)
3533502;40553644.56;565.44;2025;Investimento;BCB/SICOR (MDCR)
3533601;18459534.46;2258.26;2025;Custeio;BCB/SICOR (MDCR)
3533601;42076216.31;449.4;2025;Investimento;BCB/SICOR (MDCR)
3533700;14843622.74;1676.12;2025;Custeio;BCB/SICOR (MDCR)
3533700;2920483.41;15.5;2025;Investimento;BCB/SICOR (MDCR)
3533809;12972241.52;2102.81;2025;Custeio;BCB/SICOR (MDCR)
3533809;3712597.2399999998;188.10999999999999;2025;Investimento;BCB/SICOR (MDCR)
3533908;76845223.08;5494.16;2025;Custeio;BCB/SICOR (MDCR)
3533908;19306186.56;503.42;2025;Investimento;BCB/SICOR (MDCR)
3534005;9997940.67;1274.57;2025;Custeio;BCB/SICOR (MDCR)
3534005;8608945.64;125.00999999999999;2025;Investimento;BCB/SICOR (MDCR)
3534104;15976446.83;1280.3600000000001;2025;Custeio;BCB/SICOR (MDCR)
3534104;607083.4099999999;0.0;2025;Investimento;BCB/SICOR (MDCR)
3534203;15831211.04;1467.01;2025;Custeio;BCB/SICOR (MDCR)
3534203;12083009.530000001;328.6;2025;Investimento;BCB/SICOR (MDCR)
3534302;16041430.49;1555.78;2025;Custeio;BCB/SICOR (MDCR)
3534302;570321.2;5.23;2025;Investimento;BCB/SICOR (MDCR)
3534500;14579487.09;2101.76;2025;Custeio;BCB/SICOR (MDCR)
3534500;4990173.99;386.12;2025;Investimento;BCB/SICOR (MDCR)
3534609;10229118.72;562.05;2025;Custeio;BCB/SICOR (MDCR)
3534609;545462.0;41.42;2025;Investimento;BCB/SICOR (MDCR)
3534708;6687020.95;653.7;2025;Custeio;BCB/SICOR (MDCR)
3534708;928700.0;65.1;2025;Investimento;BCB/SICOR (MDCR)
3534757;8055174.03;1106.31;2025;Custeio;BCB/SICOR (MDCR)
3534757;6132816.0;443.62;2025;Investimento;BCB/SICOR (MDCR)
3534807;14980512.21;2000.2;2025;Custeio;BCB/SICOR (MDCR)
3534807;1413636.26;78.2;2025;Investimento;BCB/SICOR (MDCR)
3534906;22672639.28;2714.0;2025;Custeio;BCB/SICOR (MDCR)
3534906;14274580.33;777.97;2025;Investimento;BCB/SICOR (MDCR)
3535002;34686580.47;3111.0299999999997;2025;Custeio;BCB/SICOR (MDCR)
3535002;11069694.47;318.16;2025;Investimento;BCB/SICOR (MDCR)
3535101;982500.0;71.11;2025;Custeio;BCB/SICOR (MDCR)
3535200;18956072.21;1601.87;2025;Custeio;BCB/SICOR (MDCR)
3535200;6797547.84;355.01;2025;Investimento;BCB/SICOR (MDCR)
3535309;49835962.769999996;8462.16;2025;Custeio;BCB/SICOR (MDCR)
3535309;13201468.02;528.67;2025;Investimento;BCB/SICOR (MDCR)
3535408;36117366.78;2118.16;2025;Custeio;BCB/SICOR (MDCR)
3535408;1773213.77;70.05;2025;Investimento;BCB/SICOR (MDCR)
3535507;47192983.269999996;4383.7;2025;Custeio;BCB/SICOR (MDCR)
3535507;5091984.46;102.53;2025;Investimento;BCB/SICOR (MDCR)
3535606;4534781.76;516.12;2025;Custeio;BCB/SICOR (MDCR)
3535606;3385946.17;260.14;2025;Investimento;BCB/SICOR (MDCR)
3535705;6800787.98;612.99;2025;Custeio;BCB/SICOR (MDCR)
3535705;1078710.4;4.0;2025;Investimento;BCB/SICOR (MDCR)
3535804;330338112.58;16847.93;2025;Custeio;BCB/SICOR (MDCR)
3535804;49873398.8;656.81;2025;Investimento;BCB/SICOR (MDCR)
3535903;9477440.36;576.78;2025;Custeio;BCB/SICOR (MDCR)
3535903;2517847.36;6.06;2025;Investimento;BCB/SICOR (MDCR)
3536000;83936394.72;1888.1200000000001;2025;Custeio;BCB/SICOR (MDCR)
3536000;3659339.66;573.88;2025;Investimento;BCB/SICOR (MDCR)
3536109;14127998.27;1353.69;2025;Custeio;BCB/SICOR (MDCR)
3536109;3012358.92;90.83;2025;Investimento;BCB/SICOR (MDCR)
3536208;364895.51;23.990000000000002;2025;Custeio;BCB/SICOR (MDCR)
3536208;1811565.25;19.73;2025;Investimento;BCB/SICOR (MDCR)
3536257;11901321.49;1249.81;2025;Custeio;BCB/SICOR (MDCR)
3536257;1379366.0;39.0;2025;Investimento;BCB/SICOR (MDCR)
3536307;83862357.27;3831.13;2025;Custeio;BCB/SICOR (MDCR)
3536307;13144310.14;233.41;2025;Investimento;BCB/SICOR (MDCR)
3536406;6150589.89;1112.03;2025;Custeio;BCB/SICOR (MDCR)
3536406;1100026.04;152.76;2025;Investimento;BCB/SICOR (MDCR)
3536570;12208433.07;815.9;2025;Custeio;BCB/SICOR (MDCR)
3536570;602133.9;44.29;2025;Investimento;BCB/SICOR (MDCR)
3536604;12495821.25;1989.99;2025;Custeio;BCB/SICOR (MDCR)
3536604;5074167.8;80.99000000000001;2025;Investimento;BCB/SICOR (MDCR)
3536703;41931308.42;4736.1;2025;Custeio;BCB/SICOR (MDCR)
3536703;13139903.7;478.41;2025;Investimento;BCB/SICOR (MDCR)
3536802;7405973.33;352.7;2025;Custeio;BCB/SICOR (MDCR)
3536802;4655658.39;24.04;2025;Investimento;BCB/SICOR (MDCR)
3536901;27380516.44;1260.86;2025;Custeio;BCB/SICOR (MDCR)
3536901;5286514.34;293.66;2025;Investimento;BCB/SICOR (MDCR)
3537008;172347439.94;6832.73;2025;Custeio;BCB/SICOR (MDCR)
3537008;25958979.69;399.88;2025;Investimento;BCB/SICOR (MDCR)
3537107;895901.4299999999;136.75;2025;Custeio;BCB/SICOR (MDCR)
3537107;240500.0;0.0;2025;Investimento;BCB/SICOR (MDCR)
3537156;13492862.49;3086.85;2025;Custeio;BCB/SICOR (MDCR)
3537156;1265500.19;28.89;2025;Investimento;BCB/SICOR (MDCR)
3537206;296791.19;15.24;2025;Custeio;BCB/SICOR (MDCR)
3537206;450000.0;12.8;2025;Investimento;BCB/SICOR (MDCR)
3537305;53044625.49;7124.23;2025;Custeio;BCB/SICOR (MDCR)
3537305;16924463.86;626.37;2025;Investimento;BCB/SICOR (MDCR)
3537404;15570372.15;1825.24;2025;Custeio;BCB/SICOR (MDCR)
3537404;7152147.99;527.5799999999999;2025;Investimento;BCB/SICOR (MDCR)
3537503;39378918.2;1232.6399999999999;2025;Custeio;BCB/SICOR (MDCR)
3537503;9852563.57;271.08;2025;Investimento;BCB/SICOR (MDCR)
3537701;13906531.75;1439.24;2025;Custeio;BCB/SICOR (MDCR)
3537701;5971184.38;199.85;2025;Investimento;BCB/SICOR (MDCR)
3537800;33352098.91;726.65;2025;Custeio;BCB/SICOR (MDCR)
3537800;21510513.03;61.74;2025;Investimento;BCB/SICOR (MDCR)
3537909;26006992.16;2564.31;2025;Custeio;BCB/SICOR (MDCR)
3537909;22300178.27;81.11000000000001;2025;Investimento;BCB/SICOR (MDCR)
3538006;17171285.29;2742.19;2025;Custeio;BCB/SICOR (MDCR)
3538006;7277545.18;564.86;2025;Investimento;BCB/SICOR (MDCR)
3538105;4231035.6;463.96;2025;Custeio;BCB/SICOR (MDCR)
3538105;5149089.74;12.75;2025;Investimento;BCB/SICOR (MDCR)
3538204;5017812.32;147.82;2025;Custeio;BCB/SICOR (MDCR)
3538204;7462335.470000001;46.89;2025;Investimento;BCB/SICOR (MDCR)
3538303;81507789.06;6637.09;2025;Custeio;BCB/SICOR (MDCR)
3538303;5447811.4;346.64000000000004;2025;Investimento;BCB/SICOR (MDCR)
3538501;1976361.33;205.17;2025;Custeio;BCB/SICOR (MDCR)
3538501;558046.5;12.370000000000001;2025;Investimento;BCB/SICOR (MDCR)
3538600;3802573.44;278.53;2025;Custeio;BCB/SICOR (MDCR)
3538600;3495956.75;26.32;2025;Investimento;BCB/SICOR (MDCR)
3538709;585979797.99;7057.32;2025;Custeio;BCB/SICOR (MDCR)
3538709;12306465.08;665.13;2025;Investimento;BCB/SICOR (MDCR)
3538808;35361911.83;5583.5;2025;Custeio;BCB/SICOR (MDCR)
3538808;5168080.32;108.93;2025;Investimento;BCB/SICOR (MDCR)
3538907;42379025.18;5705.47;2025;Custeio;BCB/SICOR (MDCR)
3538907;7367796.58;349.40000000000003;2025;Investimento;BCB/SICOR (MDCR)
3539004;19889486.04;1142.8;2025;Custeio;BCB/SICOR (MDCR)
3539004;6238784.26;183.05;2025;Investimento;BCB/SICOR (MDCR)
3539202;6719996.28;1049.1399999999999;2025;Custeio;BCB/SICOR (MDCR)
3539202;1419225.05;120.35000000000001;2025;Investimento;BCB/SICOR (MDCR)
3539301;71495364.78;4984.0;2025;Custeio;BCB/SICOR (MDCR)
3539301;8169689.13;300.14;2025;Investimento;BCB/SICOR (MDCR)
3539400;12123648.05;1544.94;2025;Custeio;BCB/SICOR (MDCR)
3539400;2011320.37;205.73;2025;Investimento;BCB/SICOR (MDCR)
3539509;26557067.74;2963.89;2025;Custeio;BCB/SICOR (MDCR)
3539509;13244693.58;1988.98;2025;Investimento;BCB/SICOR (MDCR)
3539608;9302665.45;1209.74;2025;Custeio;BCB/SICOR (MDCR)
3539608;16738545.75;0.0;2025;Investimento;BCB/SICOR (MDCR)
3539707;30055855.759999998;5375.88;2025;Custeio;BCB/SICOR (MDCR)
3539707;11979481.94;616.55;2025;Investimento;BCB/SICOR (MDCR)
3539905;10321092.86;936.49;2025;Custeio;BCB/SICOR (MDCR)
3539905;8368882.9;31.88;2025;Investimento;BCB/SICOR (MDCR)
3540002;61403219.35;6706.57;2025;Custeio;BCB/SICOR (MDCR)
3540002;11653053.52;155.25;2025;Investimento;BCB/SICOR (MDCR)
3540101;10428029.53;1248.0;2025;Custeio;BCB/SICOR (MDCR)
3540101;892512.38;19.49;2025;Investimento;BCB/SICOR (MDCR)
3540200;3272056.4299999997;423.3;2025;Custeio;BCB/SICOR (MDCR)
3540200;3781605.91;190.09;2025;Investimento;BCB/SICOR (MDCR)
3540259;13067396.35;1302.38;2025;Custeio;BCB/SICOR (MDCR)
3540259;4088329.89;85.21000000000001;2025;Investimento;BCB/SICOR (MDCR)
3540309;8821241.93;1042.62;2025;Custeio;BCB/SICOR (MDCR)
3540309;1310323.1;61.72;2025;Investimento;BCB/SICOR (MDCR)
3540408;19311208.19;1692.93;2025;Custeio;BCB/SICOR (MDCR)
3540408;3424916.65;274.15;2025;Investimento;BCB/SICOR (MDCR)
3540507;7558868.26;980.04;2025;Custeio;BCB/SICOR (MDCR)
3540507;9041354.69;190.16;2025;Investimento;BCB/SICOR (MDCR)
3540606;81043642.67;1071.04;2025;Custeio;BCB/SICOR (MDCR)
3540606;15093671.85;93.43;2025;Investimento;BCB/SICOR (MDCR)
3540705;1486288.68;207.84;2025;Custeio;BCB/SICOR (MDCR)
3540705;1021050.0;0.0;2025;Investimento;BCB/SICOR (MDCR)
3540754;1646608.8399999999;178.27;2025;Custeio;BCB/SICOR (MDCR)
3540754;1237359.69;1.54;2025;Investimento;BCB/SICOR (MDCR)
3540804;10027408.94;944.93;2025;Custeio;BCB/SICOR (MDCR)
3540804;4601719.5;329.0;2025;Investimento;BCB/SICOR (MDCR)
3540853;5724758.45;531.4200000000001;2025;Custeio;BCB/SICOR (MDCR)
3540853;500000.0;15.48;2025;Investimento;BCB/SICOR (MDCR)
3540903;2690227.71;438.01;2025;Custeio;BCB/SICOR (MDCR)
3540903;102199375.83;1.11;2025;Investimento;BCB/SICOR (MDCR)
3541059;10325680.92;742.53;2025;Custeio;BCB/SICOR (MDCR)
3541059;371122.51;0.08;2025;Investimento;BCB/SICOR (MDCR)
3541109;5779555.35;920.36;2025;Custeio;BCB/SICOR (MDCR)
3541109;1937610.0;49.03;2025;Investimento;BCB/SICOR (MDCR)
3541208;49123724.480000004;6034.51;2025;Custeio;BCB/SICOR (MDCR)
3541208;21644820.72;1753.91;2025;Investimento;BCB/SICOR (MDCR)
3541307;49198208.35;8575.02;2025;Custeio;BCB/SICOR (MDCR)
3541307;10159306.99;1692.66;2025;Investimento;BCB/SICOR (MDCR)
3541406;179396722.53;655.62;2025;Custeio;BCB/SICOR (MDCR)
3541406;2911720.96;184.32999999999998;2025;Investimento;BCB/SICOR (MDCR)
3541505;85699035.1;4994.9;2025;Custeio;BCB/SICOR (MDCR)
3541505;4656541.74;558.6700000000001;2025;Investimento;BCB/SICOR (MDCR)
3541604;47384268.53;6408.97;2025;Custeio;BCB/SICOR (MDCR)
3541604;29657253.169999998;2240.57;2025;Investimento;BCB/SICOR (MDCR)
3541653;14917967.969999999;1024.59;2025;Custeio;BCB/SICOR (MDCR)
3541653;4485434.0;103.83;2025;Investimento;BCB/SICOR (MDCR)
3541703;24101533.22;3001.67;2025;Custeio;BCB/SICOR (MDCR)
3541703;1080444.0;35.84;2025;Investimento;BCB/SICOR (MDCR)
3541802;9467324.51;1112.71;2025;Custeio;BCB/SICOR (MDCR)
3541802;3019590.0;61.39;2025;Investimento;BCB/SICOR (MDCR)
3541901;234843.06;28.03;2025;Custeio;BCB/SICOR (MDCR)
3541901;1578384.0;15.99;2025;Investimento;BCB/SICOR (MDCR)
3542008;16503152.23;1914.75;2025;Custeio;BCB/SICOR (MDCR)
3542008;6723350.0;15.51;2025;Investimento;BCB/SICOR (MDCR)
3542107;10567022.33;1714.65;2025;Custeio;BCB/SICOR (MDCR)
3542107;1015840.0;49.96;2025;Investimento;BCB/SICOR (MDCR)
3542206;91065848.0;17177.71;2025;Custeio;BCB/SICOR (MDCR)
3542206;19530717.919999998;1714.7;2025;Investimento;BCB/SICOR (MDCR)
3542305;1537012.3;368.64;2025;Custeio;BCB/SICOR (MDCR)
3542305;458230.0;44.45;2025;Investimento;BCB/SICOR (MDCR)
3542404;9621638.67;1478.3600000000001;2025;Custeio;BCB/SICOR (MDCR)
3542404;3326890.6;468.27;2025;Investimento;BCB/SICOR (MDCR)
3542503;7593526.109999999;874.1999999999999;2025;Custeio;BCB/SICOR (MDCR)
3542503;4067876.22;379.47999999999996;2025;Investimento;BCB/SICOR (MDCR)
3542602;4323475.55;496.12;2025;Custeio;BCB/SICOR (MDCR)
3542602;3856457.25;97.66;2025;Investimento;BCB/SICOR (MDCR)
3542701;28303599.88;1709.9099999999999;2025;Custeio;BCB/SICOR (MDCR)
3542701;3843993.13;69.83;2025;Investimento;BCB/SICOR (MDCR)
3542800;1457659.75;193.43;2025;Custeio;BCB/SICOR (MDCR)
3542800;560142.41;44.379999999999995;2025;Investimento;BCB/SICOR (MDCR)
3542909;12430176.32;1096.2;2025;Custeio;BCB/SICOR (MDCR)
3542909;28697813.07;1524.31;2025;Investimento;BCB/SICOR (MDCR)
3543006;27932348.47;1138.89;2025;Custeio;BCB/SICOR (MDCR)
3543006;2741422.68;25.85;2025;Investimento;BCB/SICOR (MDCR)
3543105;70085339.82000001;2393.2;2025;Custeio;BCB/SICOR (MDCR)
3543105;17190756.1;196.7;2025;Investimento;BCB/SICOR (MDCR)
3543204;6872248.69;1223.59;2025;Custeio;BCB/SICOR (MDCR)
3543204;6420381.3;32.57;2025;Investimento;BCB/SICOR (MDCR)
3543238;20123733.59;2092.46;2025;Custeio;BCB/SICOR (MDCR)
3543238;5724493.7;393.4;2025;Investimento;BCB/SICOR (MDCR)
3543253;3286449.4;474.98;2025;Custeio;BCB/SICOR (MDCR)
3543253;570932.0;39.93;2025;Investimento;BCB/SICOR (MDCR)
3543402;541877567.29;2618.67;2025;Custeio;BCB/SICOR (MDCR)
3543402;5269748.16;234.41;2025;Investimento;BCB/SICOR (MDCR)
3543501;11685988.99;1999.91;2025;Custeio;BCB/SICOR (MDCR)
3543501;2778275.0;114.95;2025;Investimento;BCB/SICOR (MDCR)
3543600;3220674.19;419.66;2025;Custeio;BCB/SICOR (MDCR)
3543600;1019547.81;81.96;2025;Investimento;BCB/SICOR (MDCR)
3543709;959319.53;167.56;2025;Custeio;BCB/SICOR (MDCR)
3543709;147000.0;0.0;2025;Investimento;BCB/SICOR (MDCR)
3543808;29885478.83;3497.68;2025;Custeio;BCB/SICOR (MDCR)
3543808;6830286.35;222.49;2025;Investimento;BCB/SICOR (MDCR)
3543907;8942781.37;878.83;2025;Custeio;BCB/SICOR (MDCR)
3543907;2236157.5;0.1;2025;Investimento;BCB/SICOR (MDCR)
3544004;6543415.93;1420.34;2025;Custeio;BCB/SICOR (MDCR)
3544004;7104655.0;593.32;2025;Investimento;BCB/SICOR (MDCR)
3544202;34317521.27;3084.35;2025;Custeio;BCB/SICOR (MDCR)
3544202;2722171.95;63.69;2025;Investimento;BCB/SICOR (MDCR)
3544251;46387476.21;8961.18;2025;Custeio;BCB/SICOR (MDCR)
3544251;5822272.07;1061.31;2025;Investimento;BCB/SICOR (MDCR)
3544301;3213392.9099999997;477.48;2025;Custeio;BCB/SICOR (MDCR)
3544301;845000.0;10.54;2025;Investimento;BCB/SICOR (MDCR)
3544400;14310892.52;2307.83;2025;Custeio;BCB/SICOR (MDCR)
3544400;854405.5;0.0;2025;Investimento;BCB/SICOR (MDCR)
3544509;1968556.94;114.86;2025;Custeio;BCB/SICOR (MDCR)
3544509;219500.0;28.0;2025;Investimento;BCB/SICOR (MDCR)
3544608;14227248.83;2361.91;2025;Custeio;BCB/SICOR (MDCR)
3544608;1817100.0;12.97;2025;Investimento;BCB/SICOR (MDCR)
3544707;4560224.25;561.2;2025;Custeio;BCB/SICOR (MDCR)
3544707;359500.0;39.01;2025;Investimento;BCB/SICOR (MDCR)
3544806;3661277.5700000003;97.28;2025;Custeio;BCB/SICOR (MDCR)
3544806;1786786.0;17.54;2025;Investimento;BCB/SICOR (MDCR)
3544905;30748597.17;2710.7;2025;Custeio;BCB/SICOR (MDCR)
3544905;1015870.25;5.09;2025;Investimento;BCB/SICOR (MDCR)
3545001;1571097.56;23.49;2025;Custeio;BCB/SICOR (MDCR)
3545001;545845.0;0.41000000000000003;2025;Investimento;BCB/SICOR (MDCR)
3545100;12238017.31;2045.02;2025;Custeio;BCB/SICOR (MDCR)
3545100;9767477.45;660.0799999999999;2025;Investimento;BCB/SICOR (MDCR)
3545159;4100031.0;634.75;2025;Custeio;BCB/SICOR (MDCR)
3545159;1157695.0;0.0;2025;Investimento;BCB/SICOR (MDCR)
3545209;4237227.73;27.28;2025;Custeio;BCB/SICOR (MDCR)
3545209;250000.0;0.0;2025;Investimento;BCB/SICOR (MDCR)
3545308;6984914.63;445.41;2025;Custeio;BCB/SICOR (MDCR)
3545308;540317.3;0.0;2025;Investimento;BCB/SICOR (MDCR)
3545407;13839786.25;3008.38;2025;Custeio;BCB/SICOR (MDCR)
3545407;4823185.12;56.68;2025;Investimento;BCB/SICOR (MDCR)
3545506;31645842.740000002;3014.88;2025;Custeio;BCB/SICOR (MDCR)
3545506;5901191.99;260.42;2025;Investimento;BCB/SICOR (MDCR)
3545605;17080144.42;853.3;2025;Custeio;BCB/SICOR (MDCR)
3545605;5853664.300000001;331.73;2025;Investimento;BCB/SICOR (MDCR)
3545704;7636706.06;432.28000000000003;2025;Custeio;BCB/SICOR (MDCR)
3545704;4337416.56;320.84000000000003;2025;Investimento;BCB/SICOR (MDCR)
3545803;2255868.7;336.76;2025;Custeio;BCB/SICOR (MDCR)
3545803;958328.0;0.0;2025;Investimento;BCB/SICOR (MDCR)
3546009;2561514.54;547.11;2025;Custeio;BCB/SICOR (MDCR)
3546009;599524.52;38.61;2025;Investimento;BCB/SICOR (MDCR)
3546108;10012388.23;537.4499999999999;2025;Custeio;BCB/SICOR (MDCR)
3546108;4705265.67;90.03999999999999;2025;Investimento;BCB/SICOR (MDCR)
3546207;4097250.59;628.76;2025;Custeio;BCB/SICOR (MDCR)
3546207;1672836.31;43.11;2025;Investimento;BCB/SICOR (MDCR)
3546256;1233771.26;14.239999999999998;2025;Custeio;BCB/SICOR (MDCR)
3546256;581064.98;28.52;2025;Investimento;BCB/SICOR (MDCR)
3546306;20025989.79;1950.86;2025;Custeio;BCB/SICOR (MDCR)
3546306;1370755.73;40.06;2025;Investimento;BCB/SICOR (MDCR)
3546405;104452877.09;14431.19;2025;Custeio;BCB/SICOR (MDCR)
3546405;11338287.43;139.85;2025;Investimento;BCB/SICOR (MDCR)
3546504;1074405.62;191.85999999999999;2025;Custeio;BCB/SICOR (MDCR)
3546504;242600.0;10.53;2025;Investimento;BCB/SICOR (MDCR)
3546603;36812280.48;1077.33;2025;Custeio;BCB/SICOR (MDCR)
3546603;9007514.969999999;413.34000000000003;2025;Investimento;BCB/SICOR (MDCR)
3546702;1003694.36;160.72;2025;Custeio;BCB/SICOR (MDCR)
3546801;1913002.3;92.19;2025;Custeio;BCB/SICOR (MDCR)
3546801;9981558.52;8.12;2025;Investimento;BCB/SICOR (MDCR)
3546900;3367016.83;230.8;2025;Custeio;BCB/SICOR (MDCR)
3546900;668440.0;0.0;2025;Investimento;BCB/SICOR (MDCR)
3547007;7840071.03;1122.17;2025;Custeio;BCB/SICOR (MDCR)
3547007;1637490.0;112.23;2025;Investimento;BCB/SICOR (MDCR)
3547106;2444263.0500000003;261.61;2025;Custeio;BCB/SICOR (MDCR)
3547106;504290.0;28.61;2025;Investimento;BCB/SICOR (MDCR)
3547205;9340808.18;1058.08;2025;Custeio;BCB/SICOR (MDCR)
3547205;3500519.5;126.47;2025;Investimento;BCB/SICOR (MDCR)
3547403;5145059.109999999;739.37;2025;Custeio;BCB/SICOR (MDCR)
3547403;3202367.52;192.29;2025;Investimento;BCB/SICOR (MDCR)
3547502;10772999.44;1157.97;2025;Custeio;BCB/SICOR (MDCR)
3547502;9076585.31;110.28999999999999;2025;Investimento;BCB/SICOR (MDCR)
3547601;8908576.5;681.75;2025;Custeio;BCB/SICOR (MDCR)
3547601;2164358.7;14.83;2025;Investimento;BCB/SICOR (MDCR)
3547650;7479622.23;618.23;2025;Custeio;BCB/SICOR (MDCR)
3547650;4634120.0;76.52;2025;Investimento;BCB/SICOR (MDCR)
3547700;54234016.03;4769.78;2025;Custeio;BCB/SICOR (MDCR)
3547700;20954558.93;1022.02;2025;Investimento;BCB/SICOR (MDCR)
3547908;17797311.88;956.73;2025;Custeio;BCB/SICOR (MDCR)
3547908;8241625.45;232.92;2025;Investimento;BCB/SICOR (MDCR)
3548005;83515891.0;418.65;2025;Custeio;BCB/SICOR (MDCR)
3548005;5547845.85;0.16;2025;Investimento;BCB/SICOR (MDCR)
3548054;66236110.63;9182.29;2025;Custeio;BCB/SICOR (MDCR)
3548054;27274084.92;1355.8;2025;Investimento;BCB/SICOR (MDCR)
3548104;21629641.31;830.25;2025;Custeio;BCB/SICOR (MDCR)
3548104;10463054.66;9.2;2025;Investimento;BCB/SICOR (MDCR)
3548203;422264.05;8.379999999999999;2025;Custeio;BCB/SICOR (MDCR)
3548203;851974.23;5.109999999999999;2025;Investimento;BCB/SICOR (MDCR)
3548302;1892760.64;130.17;2025;Custeio;BCB/SICOR (MDCR)
3548302;1834208.57;189.74;2025;Investimento;BCB/SICOR (MDCR)
3548401;9381847.879999999;983.69;2025;Custeio;BCB/SICOR (MDCR)
3548401;315700.0;0.0;2025;Investimento;BCB/SICOR (MDCR)
3548500;1863200.6;0.0;2025;Custeio;BCB/SICOR (MDCR)
3548609;197115.28;6.48;2025;Custeio;BCB/SICOR (MDCR)
3548609;290976.0;0.02;2025;Investimento;BCB/SICOR (MDCR)
3548906;16403245.78;1866.77;2025;Custeio;BCB/SICOR (MDCR)
3548906;63713751.81;561.1;2025;Investimento;BCB/SICOR (MDCR)
3549003;10947004.32;891.85;2025;Custeio;BCB/SICOR (MDCR)
3549003;2486136.17;171.61;2025;Investimento;BCB/SICOR (MDCR)
3549102;22981756.39;1499.23;2025;Custeio;BCB/SICOR (MDCR)
3549102;10184039.63;131.95;2025;Investimento;BCB/SICOR (MDCR)
3549201;1835277.27;117.87;2025;Custeio;BCB/SICOR (MDCR)
3549201;1624947.49;70.39;2025;Investimento;BCB/SICOR (MDCR)
3549250;8618027.25;1173.54;2025;Custeio;BCB/SICOR (MDCR)
3549250;3367298.17;225.43;2025;Investimento;BCB/SICOR (MDCR)
3549300;752233.2;186.81;2025;Custeio;BCB/SICOR (MDCR)
3549300;5893258.38;41.05;2025;Investimento;BCB/SICOR (MDCR)
3549409;13228037.33;1715.9;2025;Custeio;BCB/SICOR (MDCR)
3549409;3144592.73;84.66;2025;Investimento;BCB/SICOR (MDCR)
3549508;22151775.2;1632.9;2025;Custeio;BCB/SICOR (MDCR)
3549508;2597178.03;66.53999999999999;2025;Investimento;BCB/SICOR (MDCR)
3549607;1032710.4500000001;144.12;2025;Custeio;BCB/SICOR (MDCR)
3549607;2223771.5;107.69;2025;Investimento;BCB/SICOR (MDCR)
3549706;27620626.95;1565.08;2025;Custeio;BCB/SICOR (MDCR)
3549706;8814008.16;516.6099999999999;2025;Investimento;BCB/SICOR (MDCR)
3549805;4085890.84;342.12;2025;Custeio;BCB/SICOR (MDCR)
3549805;4241027.84;176.66;2025;Investimento;BCB/SICOR (MDCR)
3549904;5907215.0200000005;339.52;2025;Custeio;BCB/SICOR (MDCR)
3549904;17586229.259999998;389.56;2025;Investimento;BCB/SICOR (MDCR)
3549953;207033.02;0.99;2025;Custeio;BCB/SICOR (MDCR)
3549953;600000.0;0.06;2025;Investimento;BCB/SICOR (MDCR)
3550001;4041054.4;436.97;2025;Custeio;BCB/SICOR (MDCR)
3550001;5369304.6;318.46999999999997;2025;Investimento;BCB/SICOR (MDCR)
3550100;23688160.39;1467.41;2025;Custeio;BCB/SICOR (MDCR)
3550100;4063794.1;109.13;2025;Investimento;BCB/SICOR (MDCR)
3550209;59549010.34;4909.59;2025;Custeio;BCB/SICOR (MDCR)
3550209;22970479.82;288.73;2025;Investimento;BCB/SICOR (MDCR)
3550308;3202023.1700000004;2.15;2025;Custeio;BCB/SICOR (MDCR)
3550308;866900.0;0.0;2025;Investimento;BCB/SICOR (MDCR)
3550407;14538840.4;2756.86;2025;Custeio;BCB/SICOR (MDCR)
3550407;4124426.58;249.15;2025;Investimento;BCB/SICOR (MDCR)
3550506;62254818.3;6264.43;2025;Custeio;BCB/SICOR (MDCR)
3550506;14939079.35;279.34999999999997;2025;Investimento;BCB/SICOR (MDCR)
3550605;263997.81;14.84;2025;Custeio;BCB/SICOR (MDCR)
3550605;599228.0;0.6;2025;Investimento;BCB/SICOR (MDCR)
3550704;60000.0;0.0;2025;Custeio;BCB/SICOR (MDCR)
3550803;18384564.0;919.37;2025;Custeio;BCB/SICOR (MDCR)
3550803;7624993.74;40.699999999999996;2025;Investimento;BCB/SICOR (MDCR)
3550902;7371381.02;780.9499999999999;2025;Custeio;BCB/SICOR (MDCR)
3550902;4092909.09;56.64;2025;Investimento;BCB/SICOR (MDCR)
3551009;133744.0;0.0;2025;Custeio;BCB/SICOR (MDCR)
3551009;8600.0;0.0;2025;Investimento;BCB/SICOR (MDCR)
3551108;11686739.64;1606.62;2025;Custeio;BCB/SICOR (MDCR)
3551108;3495076.9;9.51;2025;Investimento;BCB/SICOR (MDCR)
3551207;20757702.23;2536.9700000000003;2025;Custeio;BCB/SICOR (MDCR)
3551207;3697747.14;103.39;2025;Investimento;BCB/SICOR (MDCR)
3551306;6746326.12;524.12;2025;Custeio;BCB/SICOR (MDCR)
3551306;5640562.34;112.77;2025;Investimento;BCB/SICOR (MDCR)
3551405;4452882.12;625.5699999999999;2025;Custeio;BCB/SICOR (MDCR)
3551405;30000.0;2.0;2025;Investimento;BCB/SICOR (MDCR)
3551504;1237396.47;38.08;2025;Investimento;BCB/SICOR (MDCR)
3551603;8530684.51;534.64;2025;Custeio;BCB/SICOR (MDCR)
3551603;3185441.76;3.2600000000000002;2025;Investimento;BCB/SICOR (MDCR)
3551702;561905230.55;507.14000000000004;2025;Custeio;BCB/SICOR (MDCR)
3551702;37744885.38;57.760000000000005;2025;Investimento;BCB/SICOR (MDCR)
3551801;6530517.09;513.07;2025;Custeio;BCB/SICOR (MDCR)
3551801;3765421.9;126.77000000000001;2025;Investimento;BCB/SICOR (MDCR)
3551900;9353044.23;903.02;2025;Custeio;BCB/SICOR (MDCR)
3551900;1212721.76;57.269999999999996;2025;Investimento;BCB/SICOR (MDCR)
3552007;3643842.86;190.56;2025;Custeio;BCB/SICOR (MDCR)
3552007;1156120.0;107.03999999999999;2025;Investimento;BCB/SICOR (MDCR)
3552106;9011445.85;747.6;2025;Custeio;BCB/SICOR (MDCR)
3552106;20008233.59;198.0;2025;Investimento;BCB/SICOR (MDCR)
3552205;1556007.31;432.34000000000003;2025;Custeio;BCB/SICOR (MDCR)
3552205;819489.13;6.88;2025;Investimento;BCB/SICOR (MDCR)
3552304;63109920.879999995;3403.45;2025;Custeio;BCB/SICOR (MDCR)
3552304;5109139.68;309.36;2025;Investimento;BCB/SICOR (MDCR)
3552403;29593520.44;321.08;2025;Custeio;BCB/SICOR (MDCR)
3552403;736530.0;0.0;2025;Investimento;BCB/SICOR (MDCR)
3552502;2416874.31;4.779999999999999;2025;Custeio;BCB/SICOR (MDCR)
3552502;1995500.0;0.07;2025;Investimento;BCB/SICOR (MDCR)
3552551;13316776.18;2115.1;2025;Custeio;BCB/SICOR (MDCR)
3552551;25380716.92;339.27;2025;Investimento;BCB/SICOR (MDCR)
3552601;18209009.33;1916.45;2025;Custeio;BCB/SICOR (MDCR)
3552601;6952035.79;179.14;2025;Investimento;BCB/SICOR (MDCR)
3552700;22485591.43;1448.69;2025;Custeio;BCB/SICOR (MDCR)
3552700;7477192.29;288.86;2025;Investimento;BCB/SICOR (MDCR)
3552908;25105883.46;5564.35;2025;Custeio;BCB/SICOR (MDCR)
3552908;3057526.7399999998;275.23;2025;Investimento;BCB/SICOR (MDCR)
3553005;26346394.0;2583.89;2025;Custeio;BCB/SICOR (MDCR)
3553005;6292706.0;140.04999999999998;2025;Investimento;BCB/SICOR (MDCR)
3553104;9929042.23;636.3;2025;Custeio;BCB/SICOR (MDCR)
3553104;2524413.4;57.44;2025;Investimento;BCB/SICOR (MDCR)
3553203;8546016.370000001;767.52;2025;Custeio;BCB/SICOR (MDCR)
3553203;1449234.0;16.119999999999997;2025;Investimento;BCB/SICOR (MDCR)
3553302;32832692.68;2853.6;2025;Custeio;BCB/SICOR (MDCR)
3553302;12874409.25;703.12;2025;Investimento;BCB/SICOR (MDCR)
3553401;37591889.12;3570.94;2025;Custeio;BCB/SICOR (MDCR)
3553401;21173023.61;801.57;2025;Investimento;BCB/SICOR (MDCR)
3553500;1981896.08;39.660000000000004;2025;Custeio;BCB/SICOR (MDCR)
3553500;435750.0;0.0;2025;Investimento;BCB/SICOR (MDCR)
3553609;12349417.280000001;751.16;2025;Custeio;BCB/SICOR (MDCR)
3553609;4273823.3100000005;4.96;2025;Investimento;BCB/SICOR (MDCR)
3553658;3079533.08;333.19;2025;Custeio;BCB/SICOR (MDCR)
3553658;600000.0;0.0;2025;Investimento;BCB/SICOR (MDCR)
3553708;46630475.49;4667.6;2025;Custeio;BCB/SICOR (MDCR)
3553708;12337066.21;248.17000000000002;2025;Investimento;BCB/SICOR (MDCR)
3553807;86666321.53;12887.79;2025;Custeio;BCB/SICOR (MDCR)
3553807;24711027.31;85.24;2025;Investimento;BCB/SICOR (MDCR)
3553856;29953217.75;4818.28;2025;Custeio;BCB/SICOR (MDCR)
3553856;7253816.18;187.88;2025;Investimento;BCB/SICOR (MDCR)
3553906;4094954.58;1057.24;2025;Custeio;BCB/SICOR (MDCR)
3553906;775134.0;108.71;2025;Investimento;BCB/SICOR (MDCR)
3553955;16814807.59;2081.81;2025;Custeio;BCB/SICOR (MDCR)
3553955;36476871.5;120.17;2025;Investimento;BCB/SICOR (MDCR)
3554003;19638523.86;2611.69;2025;Custeio;BCB/SICOR (MDCR)
3554003;24281987.44;31.31;2025;Investimento;BCB/SICOR (MDCR)
3554102;3806028.54;625.94;2025;Custeio;BCB/SICOR (MDCR)
3554102;2129985.0;145.69;2025;Investimento;BCB/SICOR (MDCR)
3554201;43264551.13;4208.53;2025;Custeio;BCB/SICOR (MDCR)
3554201;7228648.27;357.37;2025;Investimento;BCB/SICOR (MDCR)
3554300;33332469.150000002;5581.08;2025;Custeio;BCB/SICOR (MDCR)
3554300;35111514.35;2269.66;2025;Investimento;BCB/SICOR (MDCR)
3554409;11046493.09;1031.71;2025;Custeio;BCB/SICOR (MDCR)
3554409;5384935.859999999;183.26;2025;Investimento;BCB/SICOR (MDCR)
3554508;12067940.1;1976.25;2025;Custeio;BCB/SICOR (MDCR)
3554508;8564857.2;133.34;2025;Investimento;BCB/SICOR (MDCR)
3554607;15887461.149999999;1336.17;2025;Custeio;BCB/SICOR (MDCR)
3554607;4673508.04;19.04;2025;Investimento;BCB/SICOR (MDCR)
3554656;3762205.72;88.74;2025;Custeio;BCB/SICOR (MDCR)
3554656;2557066.05;42.63;2025;Investimento;BCB/SICOR (MDCR)
3554706;20711041.17;994.47;2025;Custeio;BCB/SICOR (MDCR)
3554706;9159818.59;311.91999999999996;2025;Investimento;BCB/SICOR (MDCR)
3554755;5555997.8;245.02;2025;Custeio;BCB/SICOR (MDCR)
3554755;22000.0;0.0;2025;Investimento;BCB/SICOR (MDCR)
3554805;4167148.84;1102.1799999999998;2025;Custeio;BCB/SICOR (MDCR)
3554805;1751759.7;31.14;2025;Investimento;BCB/SICOR (MDCR)
3554904;4947030.0;352.53;2025;Custeio;BCB/SICOR (MDCR)
3554904;610500.0;104.7;2025;Investimento;BCB/SICOR (MDCR)
3554953;4537319.19;346.12;2025;Custeio;BCB/SICOR (MDCR)
3554953;8315222.989999999;12.01;2025;Investimento;BCB/SICOR (MDCR)
3555000;44795857.1;4947.32;2025;Custeio;BCB/SICOR (MDCR)
3555000;21108602.8;68.06;2025;Investimento;BCB/SICOR (MDCR)
3555109;10749777.73;749.11;2025;Custeio;BCB/SICOR (MDCR)
3555109;3977892.74;235.82999999999998;2025;Investimento;BCB/SICOR (MDCR)
3555208;9706135.3;1020.38;2025;Custeio;BCB/SICOR (MDCR)
3555208;9001860.25;800.26;2025;Investimento;BCB/SICOR (MDCR)
3555307;17011479.06;1097.94;2025;Custeio;BCB/SICOR (MDCR)
3555307;2981674.4;101.43;2025;Investimento;BCB/SICOR (MDCR)
3555356;5719725.6;51.75;2025;Custeio;BCB/SICOR (MDCR)
3555356;150000.0;0.0;2025;Investimento;BCB/SICOR (MDCR)
3555406;1129599.25;0.0;2025;Custeio;BCB/SICOR (MDCR)
3555406;1590695.0;0.0;2025;Investimento;BCB/SICOR (MDCR)
3555505;34188660.89;2582.03;2025;Custeio;BCB/SICOR (MDCR)
3555505;8184985.0200000005;293.86;2025;Investimento;BCB/SICOR (MDCR)
3555604;3626735.94;412.87;2025;Custeio;BCB/SICOR (MDCR)
3555604;1159924.1099999999;32.16;2025;Investimento;BCB/SICOR (MDCR)
3555703;11079499.7;1482.05;2025;Custeio;BCB/SICOR (MDCR)
3555703;2324403.66;218.88;2025;Investimento;BCB/SICOR (MDCR)
3555802;21342232.23;1334.39;2025;Custeio;BCB/SICOR (MDCR)
3555802;7369604.67;152.81;2025;Investimento;BCB/SICOR (MDCR)
3555901;7457548.95;928.1899999999999;2025;Custeio;BCB/SICOR (MDCR)
3555901;715566.28;28.78;2025;Investimento;BCB/SICOR (MDCR)
3556008;15538317.39;980.09;2025;Custeio;BCB/SICOR (MDCR)
3556008;8324042.35;185.87;2025;Investimento;BCB/SICOR (MDCR)
3556107;9667454.01;340.08;2025;Custeio;BCB/SICOR (MDCR)
3556107;4741936.65;184.95;2025;Investimento;BCB/SICOR (MDCR)
3556206;914184.0599999999;12.05;2025;Custeio;BCB/SICOR (MDCR)
3556206;3873075.5;2.36;2025;Investimento;BCB/SICOR (MDCR)
3556305;31255595.89;3389.19;2025;Custeio;BCB/SICOR (MDCR)
3556305;3477023.2800000003;393.73;2025;Investimento;BCB/SICOR (MDCR)
3556354;3977515.62;235.13;2025;Custeio;BCB/SICOR (MDCR)
3556354;3134761.14;133.7;2025;Investimento;BCB/SICOR (MDCR)
3556404;15361226.11;1276.37;2025;Custeio;BCB/SICOR (MDCR)
3556404;9544020.24;163.43;2025;Investimento;BCB/SICOR (MDCR)
3556602;14071599.64;1018.12;2025;Custeio;BCB/SICOR (MDCR)
3556602;3629215.94;174.94;2025;Investimento;BCB/SICOR (MDCR)
3556701;245150.0;3.58;2025;Custeio;BCB/SICOR (MDCR)
3556800;13621879.52;1838.96;2025;Custeio;BCB/SICOR (MDCR)
3556800;5722351.71;102.53;2025;Investimento;BCB/SICOR (MDCR)
3556909;10352882.21;486.18;2025;Custeio;BCB/SICOR (MDCR)
3556909;3758771.9;53.56;2025;Investimento;BCB/SICOR (MDCR)
3556958;2891300.52;147.21;2025;Custeio;BCB/SICOR (MDCR)
3556958;1734775.8199999998;36.120000000000005;2025;Investimento;BCB/SICOR (MDCR)
3557105;7445057.2700000005;858.63;2025;Custeio;BCB/SICOR (MDCR)
3557105;7546554.46;475.96;2025;Investimento;BCB/SICOR (MDCR)
3557154;8783035.75;902.97;2025;Custeio;BCB/SICOR (MDCR)
3557154;3406082.5;70.49;2025;Investimento;BCB/SICOR (MDCR)
3557204;2053639.7;356.71000000000004;2025;Custeio;BCB/SICOR (MDCR)
3557204;2368365.6;0.07;2025;Investimento;BCB/SICOR (MDCR)
3557303;3928307.63;379.41;2025;Custeio;BCB/SICOR (MDCR)
3557303;485491.4;2.35;2025;Investimento;BCB/SICOR (MDCR)
4100103;16640376.86;3186.81;2025;Custeio;BCB/SICOR (MDCR)
4100103;16755513.48;152.44;2025;Investimento;BCB/SICOR (MDCR)
4100202;2584606.44;576.46;2025;Custeio;BCB/SICOR (MDCR)
4100202;7284983.05;916.43;2025;Investimento;BCB/SICOR (MDCR)
4100301;3455967.77;441.51;2025;Custeio;BCB/SICOR (MDCR)
4100301;6693494.18;7.74;2025;Investimento;BCB/SICOR (MDCR)
4100400;371435.83;54.96;2025;Custeio;BCB/SICOR (MDCR)
4100400;1558652.52;7.65;2025;Investimento;BCB/SICOR (MDCR)
4100459;20613308.53;3957.39;2025;Custeio;BCB/SICOR (MDCR)
4100459;11184529.3;1233.1200000000001;2025;Investimento;BCB/SICOR (MDCR)
4100509;48432355.28;6407.28;2025;Custeio;BCB/SICOR (MDCR)
4100509;15283715.09;716.54;2025;Investimento;BCB/SICOR (MDCR)
4100608;45156301.44;3602.7599999999998;2025;Custeio;BCB/SICOR (MDCR)
4100608;33810253.16;579.39;2025;Investimento;BCB/SICOR (MDCR)
4100707;74335984.71000001;17691.15;2025;Custeio;BCB/SICOR (MDCR)
4100707;14207527.07;1572.48;2025;Investimento;BCB/SICOR (MDCR)
4100806;44340428.99;10416.35;2025;Custeio;BCB/SICOR (MDCR)
4100806;3654894.2199999997;21.98;2025;Investimento;BCB/SICOR (MDCR)
4100905;18820028.43;3823.54;2025;Custeio;BCB/SICOR (MDCR)
4100905;4450976.99;1024.8;2025;Investimento;BCB/SICOR (MDCR)
4101002;80427427.76;8573.83;2025;Custeio;BCB/SICOR (MDCR)
4101002;51425148.97;2422.55;2025;Investimento;BCB/SICOR (MDCR)
4101051;31866682.48;3978.22;2025;Custeio;BCB/SICOR (MDCR)
4101051;2635364.06;474.82;2025;Investimento;BCB/SICOR (MDCR)
4101101;23800608.7;4929.83;2025;Custeio;BCB/SICOR (MDCR)
4101101;3508518.62;38.980000000000004;2025;Investimento;BCB/SICOR (MDCR)
4101150;20348579.03;3762.23;2025;Custeio;BCB/SICOR (MDCR)
4101150;2906237.0;57.949999999999996;2025;Investimento;BCB/SICOR (MDCR)
4101200;99369.42;5.66;2025;Custeio;BCB/SICOR (MDCR)
4101200;40800.0;0.4;2025;Investimento;BCB/SICOR (MDCR)
4101309;26598412.89;4031.21;2025;Custeio;BCB/SICOR (MDCR)
4101309;14198950.28;255.60999999999999;2025;Investimento;BCB/SICOR (MDCR)
4101408;40083415.11;7085.02;2025;Custeio;BCB/SICOR (MDCR)
4101408;14221945.41;141.68;2025;Investimento;BCB/SICOR (MDCR)
4101507;25614448.87;5585.6;2025;Custeio;BCB/SICOR (MDCR)
4101507;7027023.68;69.13;2025;Investimento;BCB/SICOR (MDCR)
4101606;138627085.7;16334.4;2025;Custeio;BCB/SICOR (MDCR)
4101606;78254851.88;1139.8;2025;Investimento;BCB/SICOR (MDCR)
4101655;45338489.46;8272.5;2025;Custeio;BCB/SICOR (MDCR)
4101655;23824853.43;1039.6;2025;Investimento;BCB/SICOR (MDCR)
4101705;72730223.94;15790.34;2025;Custeio;BCB/SICOR (MDCR)
4101705;20769177.06;428.4;2025;Investimento;BCB/SICOR (MDCR)
4101804;20062529.23;1827.16;2025;Custeio;BCB/SICOR (MDCR)
4101804;14203415.24;52.23;2025;Investimento;BCB/SICOR (MDCR)
4101853;30548279.54;5819.39;2025;Custeio;BCB/SICOR (MDCR)
4101853;7138517.15;436.37;2025;Investimento;BCB/SICOR (MDCR)
4101903;31229749.580000002;6913.22;2025;Custeio;BCB/SICOR (MDCR)
4101903;5789725.43;19.39;2025;Investimento;BCB/SICOR (MDCR)
4102000;249634194.47;53960.71;2025;Custeio;BCB/SICOR (MDCR)
4102000;61164175.23;2484.32;2025;Investimento;BCB/SICOR (MDCR)
4102109;47302229.370000005;10002.78;2025;Custeio;BCB/SICOR (MDCR)
4102109;27242935.55;121.67;2025;Investimento;BCB/SICOR (MDCR)
4102208;34812021.73;4855.34;2025;Custeio;BCB/SICOR (MDCR)
4102208;9065453.2;63.980000000000004;2025;Investimento;BCB/SICOR (MDCR)
4102307;20051530.64;2643.69;2025;Custeio;BCB/SICOR (MDCR)
4102307;4443045.54;408.24999999999994;2025;Investimento;BCB/SICOR (MDCR)
4102406;20130892.7;4486.94;2025;Custeio;BCB/SICOR (MDCR)
4102406;17465003.71;972.9;2025;Investimento;BCB/SICOR (MDCR)
4102505;76101009.15;14291.47;2025;Custeio;BCB/SICOR (MDCR)
4102505;35132253.25;1003.5799999999999;2025;Investimento;BCB/SICOR (MDCR)
4102604;19993302.85;1931.58;2025;Custeio;BCB/SICOR (MDCR)
4102604;8422772.42;254.02;2025;Investimento;BCB/SICOR (MDCR)
4102703;11234332.72;2118.79;2025;Custeio;BCB/SICOR (MDCR)
4102703;5523228.32;52.23;2025;Investimento;BCB/SICOR (MDCR)
4102752;30677318.71;4338.13;2025;Custeio;BCB/SICOR (MDCR)
4102752;16127136.0;906.5;2025;Investimento;BCB/SICOR (MDCR)
4102802;23949148.08;5116.67;2025;Custeio;BCB/SICOR (MDCR)
4102802;7273282.38;0.0;2025;Investimento;BCB/SICOR (MDCR)
4102901;18285960.74;2287.08;2025;Custeio;BCB/SICOR (MDCR)
4102901;24978196.53;1341.7;2025;Investimento;BCB/SICOR (MDCR)
4103008;58634321.93;13611.24;2025;Custeio;BCB/SICOR (MDCR)
4103008;14107881.61;287.92;2025;Investimento;BCB/SICOR (MDCR)
4103024;43298979.52;5682.16;2025;Custeio;BCB/SICOR (MDCR)
4103024;38412318.56;1947.09;2025;Investimento;BCB/SICOR (MDCR)
4103040;84516348.42;12933.48;2025;Custeio;BCB/SICOR (MDCR)
4103040;128087649.64;1169.3;2025;Investimento;BCB/SICOR (MDCR)
4103057;26272677.95;4773.15;2025;Custeio;BCB/SICOR (MDCR)
4103057;13457718.91;639.4;2025;Investimento;BCB/SICOR (MDCR)
4103107;1526045.35;39.25;2025;Custeio;BCB/SICOR (MDCR)
4103107;2513766.94;53.53;2025;Investimento;BCB/SICOR (MDCR)
4103156;24108665.54;2148.24;2025;Custeio;BCB/SICOR (MDCR)
4103156;5827878.89;253.88;2025;Investimento;BCB/SICOR (MDCR)
4103206;37068348.47;6785.26;2025;Custeio;BCB/SICOR (MDCR)
4103206;8152374.5;158.87;2025;Investimento;BCB/SICOR (MDCR)
4103222;50658402.32;8313.49;2025;Custeio;BCB/SICOR (MDCR)
4103222;16398312.82;429.61;2025;Investimento;BCB/SICOR (MDCR)
4103305;55018601.56;12161.789999999999;2025;Custeio;BCB/SICOR (MDCR)
4103305;15971562.52;342.49;2025;Investimento;BCB/SICOR (MDCR)
4103354;36526474.36;7678.03;2025;Custeio;BCB/SICOR (MDCR)
4103354;15013218.82;1150.44;2025;Investimento;BCB/SICOR (MDCR)
4103370;66984309.09;16840.6;2025;Custeio;BCB/SICOR (MDCR)
4103370;72570567.44;571.19;2025;Investimento;BCB/SICOR (MDCR)
4103404;15284275.11;3132.31;2025;Custeio;BCB/SICOR (MDCR)
4103404;20645321.48;1106.47;2025;Investimento;BCB/SICOR (MDCR)
4103453;57271125.160000004;11314.07;2025;Custeio;BCB/SICOR (MDCR)
4103453;120046981.42;201.20000000000002;2025;Investimento;BCB/SICOR (MDCR)
4103479;34439774.03;6220.1;2025;Custeio;BCB/SICOR (MDCR)
4103479;16524745.51;795.8;2025;Investimento;BCB/SICOR (MDCR)
4103503;13866205.64;3151.33;2025;Custeio;BCB/SICOR (MDCR)
4103503;7066984.61;392.65;2025;Investimento;BCB/SICOR (MDCR)
4103602;36702143.33;7679.07;2025;Custeio;BCB/SICOR (MDCR)
4103602;13432708.63;643.75;2025;Investimento;BCB/SICOR (MDCR)
4103701;81177974.89;18757.94;2025;Custeio;BCB/SICOR (MDCR)
4103701;15620641.1;17.88;2025;Investimento;BCB/SICOR (MDCR)
4103800;17041650.41;3615.47;2025;Custeio;BCB/SICOR (MDCR)
4103800;5826884.96;72.6;2025;Investimento;BCB/SICOR (MDCR)
4103909;103095635.59;23067.94;2025;Custeio;BCB/SICOR (MDCR)
4103909;27819989.8;1012.79;2025;Investimento;BCB/SICOR (MDCR)
4103958;33436700.27;4973.87;2025;Custeio;BCB/SICOR (MDCR)
4103958;11873781.27;972.4499999999999;2025;Investimento;BCB/SICOR (MDCR)
4104006;645563.7;5.970000000000001;2025;Custeio;BCB/SICOR (MDCR)
4104006;283400.0;0.0;2025;Investimento;BCB/SICOR (MDCR)
4104055;43645775.6;9181.96;2025;Custeio;BCB/SICOR (MDCR)
4104055;43105321.879999995;619.03;2025;Investimento;BCB/SICOR (MDCR)
4104105;7737379.36;1224.38;2025;Custeio;BCB/SICOR (MDCR)
4104105;6758561.1;9.26;2025;Investimento;BCB/SICOR (MDCR)
4104204;11531015.24;1545.6000000000001;2025;Custeio;BCB/SICOR (MDCR)
4104204;11161804.1;43.56;2025;Investimento;BCB/SICOR (MDCR)
4104253;4137649.7;107.97;2025;Custeio;BCB/SICOR (MDCR)
4104253;2593886.2199999997;2.68;2025;Investimento;BCB/SICOR (MDCR)
4104303;127497839.78;29653.59;2025;Custeio;BCB/SICOR (MDCR)
4104303;164304751.22;702.61;2025;Investimento;BCB/SICOR (MDCR)
4104402;81176119.99;14835.26;2025;Custeio;BCB/SICOR (MDCR)
4104402;45807520.43;2667.07;2025;Investimento;BCB/SICOR (MDCR)
4104428;210822567.65;30328.24;2025;Custeio;BCB/SICOR (MDCR)
4104428;87689443.03;7382.18;2025;Investimento;BCB/SICOR (MDCR)
4104451;69560817.93;12174.81;2025;Custeio;BCB/SICOR (MDCR)
4104451;22672903.88;2663.79;2025;Investimento;BCB/SICOR (MDCR)
4104501;125606318.22;17026.13;2025;Custeio;BCB/SICOR (MDCR)
4104501;65343124.15;3853.24;2025;Investimento;BCB/SICOR (MDCR)
4104600;48339424.0;5948.87;2025;Custeio;BCB/SICOR (MDCR)
4104600;14756765.790000001;509.91999999999996;2025;Investimento;BCB/SICOR (MDCR)
4104659;200547921.17;14560.36;2025;Custeio;BCB/SICOR (MDCR)
4104659;59131024.58;530.89;2025;Investimento;BCB/SICOR (MDCR)
4104709;42962251.03;4471.14;2025;Custeio;BCB/SICOR (MDCR)
4104709;22599999.25;864.49;2025;Investimento;BCB/SICOR (MDCR)
4104808;898268601.68;57776.81;2025;Custeio;BCB/SICOR (MDCR)
4104808;193445771.08;3239.48;2025;Investimento;BCB/SICOR (MDCR)
4104907;821001815.6899999;30037.63;2025;Custeio;BCB/SICOR (MDCR)
4104907;124460014.7;1147.63;2025;Investimento;BCB/SICOR (MDCR)
4105003;68620975.11;13413.09;2025;Custeio;BCB/SICOR (MDCR)
4105003;34462840.81;616.94;2025;Investimento;BCB/SICOR (MDCR)
4105102;23917445.080000002;4884.48;2025;Custeio;BCB/SICOR (MDCR)
4105102;4602033.53;286.83;2025;Investimento;BCB/SICOR (MDCR)
4105201;23455863.08;2248.9900000000002;2025;Custeio;BCB/SICOR (MDCR)
4105201;36151508.09;1041.8899999999999;2025;Investimento;BCB/SICOR (MDCR)
4105300;85162525.24;15562.27;2025;Custeio;BCB/SICOR (MDCR)
4105300;16881630.5;862.5;2025;Investimento;BCB/SICOR (MDCR)
4105409;112890593.87;18329.29;2025;Custeio;BCB/SICOR (MDCR)
4105409;61191568.65;4142.91;2025;Investimento;BCB/SICOR (MDCR)
4105508;66372470.71;11778.58;2025;Custeio;BCB/SICOR (MDCR)
4105508;20628399.35;933.6800000000001;2025;Investimento;BCB/SICOR (MDCR)
4105607;24618955.54;4355.34;2025;Custeio;BCB/SICOR (MDCR)
4105607;10292780.459999999;296.26;2025;Investimento;BCB/SICOR (MDCR)
4105706;82019274.97;13863.47;2025;Custeio;BCB/SICOR (MDCR)
4105706;48484645.08;3093.2999999999997;2025;Investimento;BCB/SICOR (MDCR)
4105805;7480478.89;75.99;2025;Custeio;BCB/SICOR (MDCR)
4105805;5092892.45;5.13;2025;Investimento;BCB/SICOR (MDCR)
4105904;19302022.3;2751.42;2025;Custeio;BCB/SICOR (MDCR)
4105904;3077831.72;175.92;2025;Investimento;BCB/SICOR (MDCR)
4106001;30624756.79;6466.79;2025;Custeio;BCB/SICOR (MDCR)
4106001;8655623.06;304.81;2025;Investimento;BCB/SICOR (MDCR)
4106100;9479203.03;1402.49;2025;Custeio;BCB/SICOR (MDCR)
4106100;6688734.0;532.87;2025;Investimento;BCB/SICOR (MDCR)
4106209;33924248.08;1888.62;2025;Custeio;BCB/SICOR (MDCR)
4106209;12291727.67;13.690000000000001;2025;Investimento;BCB/SICOR (MDCR)
4106308;58334511.9;13267.74;2025;Custeio;BCB/SICOR (MDCR)
4106308;44872652.64;687.37;2025;Investimento;BCB/SICOR (MDCR)
4106407;38929875.38;9677.02;2025;Custeio;BCB/SICOR (MDCR)
4106407;6720174.3;158.4;2025;Investimento;BCB/SICOR (MDCR)
4106456;40896840.33;6247.65;2025;Custeio;BCB/SICOR (MDCR)
4106456;25894846.87;2064.18;2025;Investimento;BCB/SICOR (MDCR)
4106506;111744264.17;17917.67;2025;Custeio;BCB/SICOR (MDCR)
4106506;81298550.9;3845.54;2025;Investimento;BCB/SICOR (MDCR)
4106555;16092812.31;3291.06;2025;Custeio;BCB/SICOR (MDCR)
4106555;9019023.36;646.9899999999999;2025;Investimento;BCB/SICOR (MDCR)
4106571;47932921.43;6712.51;2025;Custeio;BCB/SICOR (MDCR)
4106571;22825309.59;1690.97;2025;Investimento;BCB/SICOR (MDCR)
4106605;51074541.61;7407.34;2025;Custeio;BCB/SICOR (MDCR)
4106605;14741231.94;1151.37;2025;Investimento;BCB/SICOR (MDCR)
4106704;28855496.58;4600.3099999999995;2025;Custeio;BCB/SICOR (MDCR)
4106704;16776178.04;834.85;2025;Investimento;BCB/SICOR (MDCR)
4106803;17957387.04;2528.41;2025;Custeio;BCB/SICOR (MDCR)
4106803;18643852.05;147.29999999999998;2025;Investimento;BCB/SICOR (MDCR)
4106852;48708405.6;10677.05;2025;Custeio;BCB/SICOR (MDCR)
4106852;7169589.92;546.09;2025;Investimento;BCB/SICOR (MDCR)
4106902;298131395.46;6.7;2025;Custeio;BCB/SICOR (MDCR)
4106902;5731987.6;0.02;2025;Investimento;BCB/SICOR (MDCR)
4107009;23075193.4;4405.19;2025;Custeio;BCB/SICOR (MDCR)
4107009;12510693.86;890.28;2025;Investimento;BCB/SICOR (MDCR)
4107108;24272163.06;3498.5099999999998;2025;Custeio;BCB/SICOR (MDCR)
4107108;3519429.41;114.2;2025;Investimento;BCB/SICOR (MDCR)
4107124;17567144.44;3407.5;2025;Custeio;BCB/SICOR (MDCR)
4107124;8155980.66;1258.4;2025;Investimento;BCB/SICOR (MDCR)
4107157;20697046.97;3502.41;2025;Custeio;BCB/SICOR (MDCR)
4107157;7770520.25;683.05;2025;Investimento;BCB/SICOR (MDCR)
4107207;106533460.98;11699.4;2025;Custeio;BCB/SICOR (MDCR)
4107207;121995601.83;4170.45;2025;Investimento;BCB/SICOR (MDCR)
4107256;26948270.03;3236.7400000000002;2025;Custeio;BCB/SICOR (MDCR)
4107256;13594282.59;164.29999999999998;2025;Investimento;BCB/SICOR (MDCR)
4107306;28050430.55;6701.84;2025;Custeio;BCB/SICOR (MDCR)
4107306;3698414.0;78.60000000000001;2025;Investimento;BCB/SICOR (MDCR)
4107405;52320923.339999996;3853.2599999999998;2025;Custeio;BCB/SICOR (MDCR)
4107405;49583397.59;1252.96;2025;Investimento;BCB/SICOR (MDCR)
4107504;105980520.39;24881.78;2025;Custeio;BCB/SICOR (MDCR)
4107504;30146286.76;328.46;2025;Investimento;BCB/SICOR (MDCR)
4107520;19722626.94;1935.8;2025;Custeio;BCB/SICOR (MDCR)
4107520;23548973.31;525.71;2025;Investimento;BCB/SICOR (MDCR)
4107538;22129327.35;4143.95;2025;Custeio;BCB/SICOR (MDCR)
4107538;17886011.83;275.05;2025;Investimento;BCB/SICOR (MDCR)
4107546;33431653.46;5659.71;2025;Custeio;BCB/SICOR (MDCR)
4107546;25579705.41;979.0;2025;Investimento;BCB/SICOR (MDCR)
4107553;61197716.89;14880.289999999999;2025;Custeio;BCB/SICOR (MDCR)
4107553;16242530.44;492.91;2025;Investimento;BCB/SICOR (MDCR)
4107603;103118995.93;18847.38;2025;Custeio;BCB/SICOR (MDCR)
4107603;26912363.12;2544.73;2025;Investimento;BCB/SICOR (MDCR)
4107652;508903.67;93.49000000000001;2025;Custeio;BCB/SICOR (MDCR)
4107652;1207000.0;0.0;2025;Investimento;BCB/SICOR (MDCR)
4107702;42985496.31;9584.02;2025;Custeio;BCB/SICOR (MDCR)
4107702;10873796.78;201.87;2025;Investimento;BCB/SICOR (MDCR)
4107736;41099844.94;6408.83;2025;Custeio;BCB/SICOR (MDCR)
4107736;9595839.83;27.02;2025;Investimento;BCB/SICOR (MDCR)
4107751;10549597.3;2154.02;2025;Custeio;BCB/SICOR (MDCR)
4107751;2596279.79;501.82;2025;Investimento;BCB/SICOR (MDCR)
4107801;36971005.82;8720.19;2025;Custeio;BCB/SICOR (MDCR)
4107801;1841559.49;10.46;2025;Investimento;BCB/SICOR (MDCR)
4107850;53806833.160000004;5000.47;2025;Custeio;BCB/SICOR (MDCR)
4107850;25531593.77;850.02;2025;Investimento;BCB/SICOR (MDCR)
4107900;33495668.24;7604.16;2025;Custeio;BCB/SICOR (MDCR)
4107900;8034321.4399999995;1.21;2025;Investimento;BCB/SICOR (MDCR)
4108007;15646562.6;3000.44;2025;Custeio;BCB/SICOR (MDCR)
4108007;8017446.5;36.38;2025;Investimento;BCB/SICOR (MDCR)
4108106;9893681.12;1799.54;2025;Custeio;BCB/SICOR (MDCR)
4108106;954800.0;130.28;2025;Investimento;BCB/SICOR (MDCR)
4108205;60333031.85;14815.03;2025;Custeio;BCB/SICOR (MDCR)
4108205;30683321.830000002;570.16;2025;Investimento;BCB/SICOR (MDCR)
4108304;17411831.509999998;3135.37;2025;Custeio;BCB/SICOR (MDCR)
4108304;10037317.96;271.54;2025;Investimento;BCB/SICOR (MDCR)
4108320;54651721.51;12414.76;2025;Custeio;BCB/SICOR (MDCR)
4108320;29929876.4;389.24;2025;Investimento;BCB/SICOR (MDCR)
4108403;152590862.38;15893.77;2025;Custeio;BCB/SICOR (MDCR)
4108403;97778685.92;3629.59;2025;Investimento;BCB/SICOR (MDCR)
4108452;38030835.37;6361.64;2025;Custeio;BCB/SICOR (MDCR)
4108452;12941994.91;2696.17;2025;Investimento;BCB/SICOR (MDCR)
4108502;11094573.4;1710.17;2025;Custeio;BCB/SICOR (MDCR)
4108502;4575352.05;449.47;2025;Investimento;BCB/SICOR (MDCR)
4108551;19492644.64;3931.53;2025;Custeio;BCB/SICOR (MDCR)
4108551;5988099.46;267.82;2025;Investimento;BCB/SICOR (MDCR)
4108601;86524959.3;18752.38;2025;Custeio;BCB/SICOR (MDCR)
4108601;41569557.260000005;605.52;2025;Investimento;BCB/SICOR (MDCR)
4108650;58250822.58;9716.56;2025;Custeio;BCB/SICOR (MDCR)
4108650;23758201.06;1633.03;2025;Investimento;BCB/SICOR (MDCR)
4108700;43975261.589999996;6953.42;2025;Custeio;BCB/SICOR (MDCR)
4108700;8056179.75;541.72;2025;Investimento;BCB/SICOR (MDCR)
4108809;78517640.12;18757.31;2025;Custeio;BCB/SICOR (MDCR)
4108809;16705599.14;690.08;2025;Investimento;BCB/SICOR (MDCR)
4108908;23544781.53;3203.96;2025;Custeio;BCB/SICOR (MDCR)
4108908;12744165.530000001;543.3;2025;Investimento;BCB/SICOR (MDCR)
4108957;21302390.76;3216.86;2025;Custeio;BCB/SICOR (MDCR)
4108957;17938479.01;376.27;2025;Investimento;BCB/SICOR (MDCR)
4109005;14558438.43;1865.53;2025;Custeio;BCB/SICOR (MDCR)
4109005;6617754.3;191.57;2025;Investimento;BCB/SICOR (MDCR)
4109104;5312158.32;832.5;2025;Custeio;BCB/SICOR (MDCR)
4109104;4790986.46;83.86;2025;Investimento;BCB/SICOR (MDCR)
4109203;13855764.719999999;1830.79;2025;Custeio;BCB/SICOR (MDCR)
4109203;4604890.67;245.69;2025;Investimento;BCB/SICOR (MDCR)
4109302;76898256.17;16038.19;2025;Custeio;BCB/SICOR (MDCR)
4109302;35378224.18;3252.14;2025;Investimento;BCB/SICOR (MDCR)
4109401;479819767.47;62312.6;2025;Custeio;BCB/SICOR (MDCR)
4109401;103884892.39;7829.89;2025;Investimento;BCB/SICOR (MDCR)
4109500;976536.47;200.66;2025;Custeio;BCB/SICOR (MDCR)
4109500;205000.0;1.21;2025;Investimento;BCB/SICOR (MDCR)
4109609;2284644.94;181.64000000000001;2025;Custeio;BCB/SICOR (MDCR)
4109609;5068042.3100000005;48.66;2025;Investimento;BCB/SICOR (MDCR)
4109658;96285208.07;12511.38;2025;Custeio;BCB/SICOR (MDCR)
4109658;37889831.23;3846.81;2025;Investimento;BCB/SICOR (MDCR)
4109708;53810316.83;9464.96;2025;Custeio;BCB/SICOR (MDCR)
4109708;48843075.21;1648.33;2025;Investimento;BCB/SICOR (MDCR)
4109757;19626814.15;4011.59;2025;Custeio;BCB/SICOR (MDCR)
4109757;9365573.26;152.34;2025;Investimento;BCB/SICOR (MDCR)
4109807;61744641.98;9694.91;2025;Custeio;BCB/SICOR (MDCR)
4109807;7375736.98;129.12;2025;Investimento;BCB/SICOR (MDCR)
4109906;74736334.62;7535.78;2025;Custeio;BCB/SICOR (MDCR)
4109906;20477988.73;1532.69;2025;Investimento;BCB/SICOR (MDCR)
4110003;10911025.34;2313.15;2025;Custeio;BCB/SICOR (MDCR)
4110003;4984868.0;402.66999999999996;2025;Investimento;BCB/SICOR (MDCR)
4110052;10827941.64;2325.38;2025;Custeio;BCB/SICOR (MDCR)
4110052;4507493.4;138.07;2025;Investimento;BCB/SICOR (MDCR)
4110078;6653553.69;1377.5;2025;Custeio;BCB/SICOR (MDCR)
4110078;2348055.96;133.67;2025;Investimento;BCB/SICOR (MDCR)
4110102;69051915.41;10339.73;2025;Custeio;BCB/SICOR (MDCR)
4110102;53313903.15;378.81;2025;Investimento;BCB/SICOR (MDCR)
4110201;2035904.04;466.11;2025;Custeio;BCB/SICOR (MDCR)
4110201;1318798.1600000001;101.46;2025;Investimento;BCB/SICOR (MDCR)
4110300;6625340.55;910.1;2025;Custeio;BCB/SICOR (MDCR)
4110300;295500.0;19.3;2025;Investimento;BCB/SICOR (MDCR)
4110409;6532652.66;1172.57;2025;Custeio;BCB/SICOR (MDCR)
4110409;2317996.08;122.91;2025;Investimento;BCB/SICOR (MDCR)
4110508;106989728.46;22133.24;2025;Custeio;BCB/SICOR (MDCR)
4110508;51141311.6;697.15;2025;Investimento;BCB/SICOR (MDCR)
4110607;85501506.16;18079.86;2025;Custeio;BCB/SICOR (MDCR)
4110607;24106405.59;866.14;2025;Investimento;BCB/SICOR (MDCR)
4110656;14019924.56;3531.65;2025;Custeio;BCB/SICOR (MDCR)
4110656;5632932.65;359.99999999999994;2025;Investimento;BCB/SICOR (MDCR)
4110706;83400377.64;13928.25;2025;Custeio;BCB/SICOR (MDCR)
4110706;61986095.57;488.01;2025;Investimento;BCB/SICOR (MDCR)
4110805;67584137.62;13973.28;2025;Custeio;BCB/SICOR (MDCR)
4110805;26042469.37;1286.1200000000001;2025;Investimento;BCB/SICOR (MDCR)
4110904;4194261.78;768.61;2025;Custeio;BCB/SICOR (MDCR)
4110904;1155960.0;73.46;2025;Investimento;BCB/SICOR (MDCR)
4110953;56989697.88;11302.789999999999;2025;Custeio;BCB/SICOR (MDCR)
4110953;25106286.65;195.1;2025;Investimento;BCB/SICOR (MDCR)
4111001;22678155.03;4992.68;2025;Custeio;BCB/SICOR (MDCR)
4111001;3539213.5300000003;78.01;2025;Investimento;BCB/SICOR (MDCR)
4111100;51685569.42;11567.390000000001;2025;Custeio;BCB/SICOR (MDCR)
4111100;15967571.36;691.16;2025;Investimento;BCB/SICOR (MDCR)
4111209;62904309.21;7992.97;2025;Custeio;BCB/SICOR (MDCR)
4111209;46906216.79;2762.37;2025;Investimento;BCB/SICOR (MDCR)
4111258;5073773.8;379.34;2025;Custeio;BCB/SICOR (MDCR)
4111258;5252777.6;547.59;2025;Investimento;BCB/SICOR (MDCR)
4111308;4490637.52;408.48;2025;Custeio;BCB/SICOR (MDCR)
4111308;686564.05;26.59;2025;Investimento;BCB/SICOR (MDCR)
4111407;55829747.58;12369.86;2025;Custeio;BCB/SICOR (MDCR)
4111407;30371943.38;668.89;2025;Investimento;BCB/SICOR (MDCR)
4111506;59584846.78;11415.84;2025;Custeio;BCB/SICOR (MDCR)
4111506;22496065.94;656.98;2025;Investimento;BCB/SICOR (MDCR)
4111555;25966566.59;2769.67;2025;Custeio;BCB/SICOR (MDCR)
4111555;10552886.8;2082.9900000000002;2025;Investimento;BCB/SICOR (MDCR)
4111605;34435569.32;7853.98;2025;Custeio;BCB/SICOR (MDCR)
4111605;2053336.3900000001;142.46;2025;Investimento;BCB/SICOR (MDCR)
4111704;13580908.0;1740.51;2025;Custeio;BCB/SICOR (MDCR)
4111704;11364550.93;405.21;2025;Investimento;BCB/SICOR (MDCR)
4111803;27374426.12;3748.0299999999997;2025;Custeio;BCB/SICOR (MDCR)
4111803;9862415.23;780.19;2025;Investimento;BCB/SICOR (MDCR)
4111902;37448077.37;8644.3;2025;Custeio;BCB/SICOR (MDCR)
4111902;30060761.3;556.53;2025;Investimento;BCB/SICOR (MDCR)
4112009;82030488.97;9564.68;2025;Custeio;BCB/SICOR (MDCR)
4112009;38242698.27;1063.62;2025;Investimento;BCB/SICOR (MDCR)
4112108;17473370.52;2424.08;2025;Custeio;BCB/SICOR (MDCR)
4112108;31479685.59;199.47;2025;Investimento;BCB/SICOR (MDCR)
4112207;71156548.58;16437.85;2025;Custeio;BCB/SICOR (MDCR)
4112207;9832883.77;580.48;2025;Investimento;BCB/SICOR (MDCR)
4112306;21947820.9;3137.23;2025;Custeio;BCB/SICOR (MDCR)
4112306;13849780.3;1780.7;2025;Investimento;BCB/SICOR (MDCR)
4112405;26128850.57;6546.47;2025;Custeio;BCB/SICOR (MDCR)
4112405;8043626.68;51.28;2025;Investimento;BCB/SICOR (MDCR)
4112504;33431180.44;6757.8099999999995;2025;Custeio;BCB/SICOR (MDCR)
4112504;44008034.07;741.25;2025;Investimento;BCB/SICOR (MDCR)
4112603;5062660.36;608.93;2025;Custeio;BCB/SICOR (MDCR)
4112603;816800.0;99.91;2025;Investimento;BCB/SICOR (MDCR)
4112702;6061584.44;1450.5;2025;Custeio;BCB/SICOR (MDCR)
4112702;2301824.09;8.96;2025;Investimento;BCB/SICOR (MDCR)
4112751;39595645.92;9593.460000000001;2025;Custeio;BCB/SICOR (MDCR)
4112751;149102892.19;213.18;2025;Investimento;BCB/SICOR (MDCR)
4112801;30415670.96;2062.42;2025;Custeio;BCB/SICOR (MDCR)
4112801;5670326.68;766.9;2025;Investimento;BCB/SICOR (MDCR)
4112900;21963176.11;4874.31;2025;Custeio;BCB/SICOR (MDCR)
4112900;5372964.75;915.5;2025;Investimento;BCB/SICOR (MDCR)
4112959;94853785.76;21839.45;2025;Custeio;BCB/SICOR (MDCR)
4112959;16456854.98;722.34;2025;Investimento;BCB/SICOR (MDCR)
4113007;22002130.29;5321.16;2025;Custeio;BCB/SICOR (MDCR)
4113007;31812927.169999998;35.22;2025;Investimento;BCB/SICOR (MDCR)
4113106;39890678.1;9779.23;2025;Custeio;BCB/SICOR (MDCR)
4113106;8697444.1;358.39;2025;Investimento;BCB/SICOR (MDCR)
4113205;157899550.61;24022.93;2025;Custeio;BCB/SICOR (MDCR)
4113205;69136214.42;662.41;2025;Investimento;BCB/SICOR (MDCR)
4113254;66503632.330000006;5903.09;2025;Custeio;BCB/SICOR (MDCR)
4113254;15670980.27;1671.56;2025;Investimento;BCB/SICOR (MDCR)
4113304;136352514.04;12348.35;2025;Custeio;BCB/SICOR (MDCR)
4113304;77923976.5;1500.56;2025;Investimento;BCB/SICOR (MDCR)
4113403;25835840.65;5501.91;2025;Custeio;BCB/SICOR (MDCR)
4113403;1469786.96;198.10999999999999;2025;Investimento;BCB/SICOR (MDCR)
4113429;22454433.98;5260.1;2025;Custeio;BCB/SICOR (MDCR)
4113429;6309513.43;271.37;2025;Investimento;BCB/SICOR (MDCR)
4113452;31885200.52;6705.38;2025;Custeio;BCB/SICOR (MDCR)
4113452;13668435.98;1597.18;2025;Investimento;BCB/SICOR (MDCR)
4113502;75263785.16;10215.83;2025;Custeio;BCB/SICOR (MDCR)
4113502;16598277.51;4042.83;2025;Investimento;BCB/SICOR (MDCR)
4113601;30435691.13;4643.76;2025;Custeio;BCB/SICOR (MDCR)
4113601;4799195.52;42.56;2025;Investimento;BCB/SICOR (MDCR)
4113700;144521383.25;20629.46;2025;Custeio;BCB/SICOR (MDCR)
4113700;86497898.98;859.17;2025;Investimento;BCB/SICOR (MDCR)
4113734;478822528.09999996;35868.1;2025;Custeio;BCB/SICOR (MDCR)
4113734;68458789.57;3893.2200000000003;2025;Investimento;BCB/SICOR (MDCR)
4113759;19282015.03;3729.9;2025;Custeio;BCB/SICOR (MDCR)
4113759;4715492.46;226.58;2025;Investimento;BCB/SICOR (MDCR)
4113809;5866426.5600000005;1136.78;2025;Custeio;BCB/SICOR (MDCR)
4113809;9939070.0;83.05;2025;Investimento;BCB/SICOR (MDCR)
4113908;25606364.669999998;4895.53;2025;Custeio;BCB/SICOR (MDCR)
4113908;42014246.83;217.78;2025;Investimento;BCB/SICOR (MDCR)
4114005;146094834.76;34279.54;2025;Custeio;BCB/SICOR (MDCR)
4114005;50295337.27;847.48;2025;Investimento;BCB/SICOR (MDCR)
4114104;39993679.04;8494.52;2025;Custeio;BCB/SICOR (MDCR)
4114104;3548285.04;113.13999999999999;2025;Investimento;BCB/SICOR (MDCR)
4114203;135196371.22;3897.88;2025;Custeio;BCB/SICOR (MDCR)
4114203;5239940.12;10.79;2025;Investimento;BCB/SICOR (MDCR)
4114302;6165095.96;397.46;2025;Custeio;BCB/SICOR (MDCR)
4114302;6586339.45;5.34;2025;Investimento;BCB/SICOR (MDCR)
4114351;48373568.4;1677.96;2025;Custeio;BCB/SICOR (MDCR)
4114351;32325292.939999998;1086.7;2025;Investimento;BCB/SICOR (MDCR)
4114401;256122544.93;26501.33;2025;Custeio;BCB/SICOR (MDCR)
4114401;76322661.21;4706.64;2025;Investimento;BCB/SICOR (MDCR)
4114500;72678691.79;15059.73;2025;Custeio;BCB/SICOR (MDCR)
4114500;41188478.78;1206.86;2025;Investimento;BCB/SICOR (MDCR)
4114609;317410658.09;29856.77;2025;Custeio;BCB/SICOR (MDCR)
4114609;120517157.71000001;1439.02;2025;Investimento;BCB/SICOR (MDCR)
4114708;22740439.25;2808.35;2025;Custeio;BCB/SICOR (MDCR)
4114708;17048911.39;370.94;2025;Investimento;BCB/SICOR (MDCR)
4114807;87520506.55;13676.25;2025;Custeio;BCB/SICOR (MDCR)
4114807;18362800.67;148.29;2025;Investimento;BCB/SICOR (MDCR)
4114906;54511465.24;10984.94;2025;Custeio;BCB/SICOR (MDCR)
4114906;26861013.82;1738.09;2025;Investimento;BCB/SICOR (MDCR)
4115002;16670636.5;1276.69;2025;Custeio;BCB/SICOR (MDCR)
4115002;5470219.99;472.6;2025;Investimento;BCB/SICOR (MDCR)
4115101;53352142.53;11218.23;2025;Custeio;BCB/SICOR (MDCR)
4115101;9299149.86;1293.79;2025;Investimento;BCB/SICOR (MDCR)
4115200;35007533.06;8320.89;2025;Custeio;BCB/SICOR (MDCR)
4115200;145067931.92;599.6700000000001;2025;Investimento;BCB/SICOR (MDCR)
4115309;43967521.0;5082.88;2025;Custeio;BCB/SICOR (MDCR)
4115309;13600967.31;318.58;2025;Investimento;BCB/SICOR (MDCR)
4115358;75383329.78;13672.17;2025;Custeio;BCB/SICOR (MDCR)
4115358;20808670.77;574.0;2025;Investimento;BCB/SICOR (MDCR)
4115408;98209167.11;9875.37;2025;Custeio;BCB/SICOR (MDCR)
4115408;48824424.61;2394.0;2025;Investimento;BCB/SICOR (MDCR)
4115457;30105380.3;5202.21;2025;Custeio;BCB/SICOR (MDCR)
4115457;20306922.09;2022.59;2025;Investimento;BCB/SICOR (MDCR)
4115507;19782453.7;4929.51;2025;Custeio;BCB/SICOR (MDCR)
4115507;10631948.35;339.59000000000003;2025;Investimento;BCB/SICOR (MDCR)
4115606;59128808.49;12016.61;2025;Custeio;BCB/SICOR (MDCR)
4115606;40993573.17;1333.96;2025;Investimento;BCB/SICOR (MDCR)
4115705;14280.0;0.0;2025;Custeio;BCB/SICOR (MDCR)
4115739;28521194.009999998;6561.11;2025;Custeio;BCB/SICOR (MDCR)
4115739;9373369.93;1147.77;2025;Investimento;BCB/SICOR (MDCR)
4115754;9361960.39;1273.08;2025;Custeio;BCB/SICOR (MDCR)
4115754;1761565.0;107.81;2025;Investimento;BCB/SICOR (MDCR)
4115804;69984144.84;13705.4;2025;Custeio;BCB/SICOR (MDCR)
4115804;90932297.09;1073.54;2025;Investimento;BCB/SICOR (MDCR)
4115853;50575255.21;9715.38;2025;Custeio;BCB/SICOR (MDCR)
4115853;24496825.88;340.55;2025;Investimento;BCB/SICOR (MDCR)
4115903;13094122.51;1923.21;2025;Custeio;BCB/SICOR (MDCR)
4115903;1645354.0;81.85000000000001;2025;Investimento;BCB/SICOR (MDCR)
4116000;1573435.73;290.28000000000003;2025;Custeio;BCB/SICOR (MDCR)
4116000;384490.0;2.47;2025;Investimento;BCB/SICOR (MDCR)
4116059;71809695.31;12969.6;2025;Custeio;BCB/SICOR (MDCR)
4116059;38370949.09;906.15;2025;Investimento;BCB/SICOR (MDCR)
4116109;41141430.46;8233.95;2025;Custeio;BCB/SICOR (MDCR)
4116109;17759750.69;346.79;2025;Investimento;BCB/SICOR (MDCR)
4116208;2370545.14;80.98;2025;Custeio;BCB/SICOR (MDCR)
4116208;1981223.48;5.11;2025;Investimento;BCB/SICOR (MDCR)
4116307;25150007.6;4317.74;2025;Custeio;BCB/SICOR (MDCR)
4116307;9370173.65;548.07;2025;Investimento;BCB/SICOR (MDCR)
4116406;9229895.16;1459.84;2025;Custeio;BCB/SICOR (MDCR)
4116406;8772200.29;188.4;2025;Investimento;BCB/SICOR (MDCR)
4116505;13688923.01;995.83;2025;Custeio;BCB/SICOR (MDCR)
4116505;2017201.75;126.56;2025;Investimento;BCB/SICOR (MDCR)
4116604;5039331.54;1179.63;2025;Custeio;BCB/SICOR (MDCR)
4116604;1416932.59;45.83;2025;Investimento;BCB/SICOR (MDCR)
4116703;126869497.17;26291.28;2025;Custeio;BCB/SICOR (MDCR)
4116703;86552404.23;681.26;2025;Investimento;BCB/SICOR (MDCR)
4116802;37540548.23;7965.7;2025;Custeio;BCB/SICOR (MDCR)
4116802;25999566.63;2422.69;2025;Investimento;BCB/SICOR (MDCR)
4116901;49123169.25;4693.23;2025;Custeio;BCB/SICOR (MDCR)
4116901;14636574.24;2254.73;2025;Investimento;BCB/SICOR (MDCR)
4116950;61833908.59;4550.47;2025;Custeio;BCB/SICOR (MDCR)
4116950;48783454.32;1855.92;2025;Investimento;BCB/SICOR (MDCR)
4117008;22057553.97;5328.86;2025;Custeio;BCB/SICOR (MDCR)
4117008;3065481.6;45.14;2025;Investimento;BCB/SICOR (MDCR)
4117057;70643509.11;11955.26;2025;Custeio;BCB/SICOR (MDCR)
4117057;52038619.89;2531.53;2025;Investimento;BCB/SICOR (MDCR)
4117107;9016656.08;1187.3;2025;Custeio;BCB/SICOR (MDCR)
4117107;1454504.92;306.39;2025;Investimento;BCB/SICOR (MDCR)
4117206;7340189.01;1048.46;2025;Custeio;BCB/SICOR (MDCR)
4117206;2813429.46;361.72;2025;Investimento;BCB/SICOR (MDCR)
4117214;4716169.86;1207.09;2025;Custeio;BCB/SICOR (MDCR)
4117214;1999875.29;50.47;2025;Investimento;BCB/SICOR (MDCR)
4117222;69128710.63;9734.03;2025;Custeio;BCB/SICOR (MDCR)
4117222;36798622.03;149.22;2025;Investimento;BCB/SICOR (MDCR)
4117255;103532069.25;11313.46;2025;Custeio;BCB/SICOR (MDCR)
4117255;54887310.019999996;3626.97;2025;Investimento;BCB/SICOR (MDCR)
4117271;49207388.089999996;7947.26;2025;Custeio;BCB/SICOR (MDCR)
4117271;25667282.18;1660.53;2025;Investimento;BCB/SICOR (MDCR)
4117297;19429477.12;3892.15;2025;Custeio;BCB/SICOR (MDCR)
4117297;13047534.09;324.68;2025;Investimento;BCB/SICOR (MDCR)
4117305;83205366.56;18893.44;2025;Custeio;BCB/SICOR (MDCR)
4117305;33878237.39;3159.07;2025;Investimento;BCB/SICOR (MDCR)
4117404;49329396.300000004;12356.67;2025;Custeio;BCB/SICOR (MDCR)
4117404;8845688.28;84.55;2025;Investimento;BCB/SICOR (MDCR)
4117453;41964890.73;8838.6;2025;Custeio;BCB/SICOR (MDCR)
4117453;32529600.92;285.72;2025;Investimento;BCB/SICOR (MDCR)
4117503;23203936.73;5770.89;2025;Custeio;BCB/SICOR (MDCR)
4117503;2764759.0;0.0;2025;Investimento;BCB/SICOR (MDCR)
4117602;82676140.35;10347.89;2025;Custeio;BCB/SICOR (MDCR)
4117602;38458245.4;1713.04;2025;Investimento;BCB/SICOR (MDCR)
4117701;157028176.98;26179.79;2025;Custeio;BCB/SICOR (MDCR)
4117701;63316773.93;380.98;2025;Investimento;BCB/SICOR (MDCR)
4117800;99125605.4;13439.02;2025;Custeio;BCB/SICOR (MDCR)
4117800;50119451.0;3957.47;2025;Investimento;BCB/SICOR (MDCR)
4117909;119357179.29;25282.97;2025;Custeio;BCB/SICOR (MDCR)
4117909;310332080.03;1101.84;2025;Investimento;BCB/SICOR (MDCR)
4118006;6095027.87;1277.54;2025;Custeio;BCB/SICOR (MDCR)
4118006;5836758.57;162.31;2025;Investimento;BCB/SICOR (MDCR)
4118105;13663114.08;2600.85;2025;Custeio;BCB/SICOR (MDCR)
4118105;9169234.92;201.46;2025;Investimento;BCB/SICOR (MDCR)
4118204;283697.01;18.44;2025;Custeio;BCB/SICOR (MDCR)
4118204;845000.0;2.99;2025;Investimento;BCB/SICOR (MDCR)
4118303;6417980.529999999;687.82;2025;Custeio;BCB/SICOR (MDCR)
4118402;84246957.21;5842.15;2025;Custeio;BCB/SICOR (MDCR)
4118402;38019332.25;1072.52;2025;Investimento;BCB/SICOR (MDCR)
4118451;30166913.59;3772.32;2025;Custeio;BCB/SICOR (MDCR)
4118451;15750583.34;191.57;2025;Investimento;BCB/SICOR (MDCR)
4118501;107119052.83;12995.98;2025;Custeio;BCB/SICOR (MDCR)
4118501;256186253.42;1723.54;2025;Investimento;BCB/SICOR (MDCR)
4118600;36058989.9;5077.84;2025;Custeio;BCB/SICOR (MDCR)
4118600;20308405.72;576.12;2025;Investimento;BCB/SICOR (MDCR)
4118709;33059509.14;5246.17;2025;Custeio;BCB/SICOR (MDCR)
4118709;19353083.27;210.91;2025;Investimento;BCB/SICOR (MDCR)
4118808;96264793.16;21819.73;2025;Custeio;BCB/SICOR (MDCR)
4118808;47046885.69;1314.37;2025;Investimento;BCB/SICOR (MDCR)
4118857;49885854.7;10178.82;2025;Custeio;BCB/SICOR (MDCR)
4118857;11254634.15;995.25;2025;Investimento;BCB/SICOR (MDCR)
4118907;16531328.31;2389.65;2025;Custeio;BCB/SICOR (MDCR)
4118907;9388070.0;478.27;2025;Investimento;BCB/SICOR (MDCR)
4119004;67747246.17999999;9724.79;2025;Custeio;BCB/SICOR (MDCR)
4119004;35013410.15;3016.42;2025;Investimento;BCB/SICOR (MDCR)
4119103;6400381.72;871.9;2025;Custeio;BCB/SICOR (MDCR)
4119103;11704214.52;1.3900000000000001;2025;Investimento;BCB/SICOR (MDCR)
4119202;13480667.07;1753.62;2025;Custeio;BCB/SICOR (MDCR)
4119202;10083283.75;494.99;2025;Investimento;BCB/SICOR (MDCR)
4119251;24581639.53;2963.89;2025;Custeio;BCB/SICOR (MDCR)
4119251;13844228.22;1325.19;2025;Investimento;BCB/SICOR (MDCR)
4119301;185946908.56;27774.1;2025;Custeio;BCB/SICOR (MDCR)
4119301;61326429.7;2409.3;2025;Investimento;BCB/SICOR (MDCR)
4119400;131957119.19;17238.16;2025;Custeio;BCB/SICOR (MDCR)
4119400;36840846.03;305.08000000000004;2025;Investimento;BCB/SICOR (MDCR)
4119509;1052468.92;221.53;2025;Custeio;BCB/SICOR (MDCR)
4119509;712400.0;0.14;2025;Investimento;BCB/SICOR (MDCR)
4119608;178278659.37;31761.57;2025;Custeio;BCB/SICOR (MDCR)
4119608;69684695.51;3294.02;2025;Investimento;BCB/SICOR (MDCR)
4119657;25754978.82;5966.96;2025;Custeio;BCB/SICOR (MDCR)
4119657;7197901.88;74.48;2025;Investimento;BCB/SICOR (MDCR)
4119707;35213097.65;5268.79;2025;Custeio;BCB/SICOR (MDCR)
4119707;2964266.01;269.65;2025;Investimento;BCB/SICOR (MDCR)
4119806;100933708.98;15650.42;2025;Custeio;BCB/SICOR (MDCR)
4119806;50106168.79;2434.82;2025;Investimento;BCB/SICOR (MDCR)
4119905;148801688.45;27024.260000000002;2025;Custeio;BCB/SICOR (MDCR)
4119905;205969145.19;1641.24;2025;Investimento;BCB/SICOR (MDCR)
4119954;185898.91999999998;30.17;2025;Custeio;BCB/SICOR (MDCR)
4119954;148713.18;0.0;2025;Investimento;BCB/SICOR (MDCR)
4120002;4126081.6399999997;917.9200000000001;2025;Custeio;BCB/SICOR (MDCR)
4120002;1432200.0;0.0;2025;Investimento;BCB/SICOR (MDCR)
4120101;21277740.2;2514.2799999999997;2025;Custeio;BCB/SICOR (MDCR)
4120101;1131160.0;0.99;2025;Investimento;BCB/SICOR (MDCR)
4120150;39641418.92;8356.87;2025;Custeio;BCB/SICOR (MDCR)
4120150;13060713.64;994.89;2025;Investimento;BCB/SICOR (MDCR)
4120200;8429602.74;793.41;2025;Custeio;BCB/SICOR (MDCR)
4120200;3963138.9;368.94;2025;Investimento;BCB/SICOR (MDCR)
4120309;6475566.06;442.56;2025;Custeio;BCB/SICOR (MDCR)
4120309;3480638.41;104.12;2025;Investimento;BCB/SICOR (MDCR)
4120333;12759197.26;2629.63;2025;Custeio;BCB/SICOR (MDCR)
4120333;5212926.07;117.12;2025;Investimento;BCB/SICOR (MDCR)
4120358;68292154.68;11511.72;2025;Custeio;BCB/SICOR (MDCR)
4120358;38206031.58;3368.84;2025;Investimento;BCB/SICOR (MDCR)
4120408;14104522.01;2680.53;2025;Custeio;BCB/SICOR (MDCR)
4120408;1492822.4;10.25;2025;Investimento;BCB/SICOR (MDCR)
4120507;58522079.67;13695.68;2025;Custeio;BCB/SICOR (MDCR)
4120507;16917796.95;79.1;2025;Investimento;BCB/SICOR (MDCR)
4120606;169906421.82;27045.36;2025;Custeio;BCB/SICOR (MDCR)
4120606;96444631.85;2818.8;2025;Investimento;BCB/SICOR (MDCR)
4120655;72167772.12;16047.32;2025;Custeio;BCB/SICOR (MDCR)
4120655;23853230.18;294.0;2025;Investimento;BCB/SICOR (MDCR)
4120705;8473356.5;841.52;2025;Custeio;BCB/SICOR (MDCR)
4120705;9669516.459999999;264.09;2025;Investimento;BCB/SICOR (MDCR)
4120804;254328.92;8.13;2025;Custeio;BCB/SICOR (MDCR)
4120853;86459815.74;6612.51;2025;Custeio;BCB/SICOR (MDCR)
4120853;31658073.81;434.94;2025;Investimento;BCB/SICOR (MDCR)
4120903;67913394.49;10310.69;2025;Custeio;BCB/SICOR (MDCR)
4120903;61606462.35;3290.47;2025;Investimento;BCB/SICOR (MDCR)
4121000;80459651.96;15116.97;2025;Custeio;BCB/SICOR (MDCR)
4121000;18241924.04;5067.05;2025;Investimento;BCB/SICOR (MDCR)
4121109;67712269.51;14110.04;2025;Custeio;BCB/SICOR (MDCR)
4121109;28635090.19;315.45;2025;Investimento;BCB/SICOR (MDCR)
4121208;12934867.74;1576.28;2025;Custeio;BCB/SICOR (MDCR)
4121208;20399434.2;31.13;2025;Investimento;BCB/SICOR (MDCR)
4121257;20735971.0;4240.84;2025;Custeio;BCB/SICOR (MDCR)
4121257;11589381.13;1000.22;2025;Investimento;BCB/SICOR (MDCR)
4121307;30011618.37;7744.71;2025;Custeio;BCB/SICOR (MDCR)
4121307;6120598.07;769.75;2025;Investimento;BCB/SICOR (MDCR)
4121356;45912219.21;10677.75;2025;Custeio;BCB/SICOR (MDCR)
4121356;4113293.77;442.33;2025;Investimento;BCB/SICOR (MDCR)
4121406;89800560.05;12435.09;2025;Custeio;BCB/SICOR (MDCR)
4121406;73755554.82;4821.52;2025;Investimento;BCB/SICOR (MDCR)
4121505;49525991.29;7533.74;2025;Custeio;BCB/SICOR (MDCR)
4121505;33974435.78;462.31;2025;Investimento;BCB/SICOR (MDCR)
4121604;91071570.03;16337.02;2025;Custeio;BCB/SICOR (MDCR)
4121604;34127694.26;3473.15;2025;Investimento;BCB/SICOR (MDCR)
4121703;93119875.33;12976.08;2025;Custeio;BCB/SICOR (MDCR)
4121703;37189111.78;1402.67;2025;Investimento;BCB/SICOR (MDCR)
4121752;78288071.02;9991.96;2025;Custeio;BCB/SICOR (MDCR)
4121752;19444422.18;632.02;2025;Investimento;BCB/SICOR (MDCR)
4121802;20926852.73;3100.05;2025;Custeio;BCB/SICOR (MDCR)
4121802;10196826.4;930.55;2025;Investimento;BCB/SICOR (MDCR)
4121901;25336346.61;4504.73;2025;Custeio;BCB/SICOR (MDCR)
4121901;11001543.78;398.12;2025;Investimento;BCB/SICOR (MDCR)
4122008;28004232.75;4105.58;2025;Custeio;BCB/SICOR (MDCR)
4122008;57626406.41;489.71999999999997;2025;Investimento;BCB/SICOR (MDCR)
4122107;20145542.43;4333.21;2025;Custeio;BCB/SICOR (MDCR)
4122107;9236748.94;163.86;2025;Investimento;BCB/SICOR (MDCR)
4122156;51008032.43;8841.94;2025;Custeio;BCB/SICOR (MDCR)
4122156;40333867.51;2662.27;2025;Investimento;BCB/SICOR (MDCR)
4122172;42537322.23;9893.58;2025;Custeio;BCB/SICOR (MDCR)
4122172;7115449.19;585.64;2025;Investimento;BCB/SICOR (MDCR)
4122206;9261252.25;1229.16;2025;Custeio;BCB/SICOR (MDCR)
4122206;16870836.93;2143.98;2025;Investimento;BCB/SICOR (MDCR)
4122305;20395116.06;3617.59;2025;Custeio;BCB/SICOR (MDCR)
4122305;18539490.66;165.89000000000001;2025;Investimento;BCB/SICOR (MDCR)
4122404;45214502.94;11320.67;2025;Custeio;BCB/SICOR (MDCR)
4122404;13476692.07;1.34;2025;Investimento;BCB/SICOR (MDCR)
4122503;72863778.3;16249.97;2025;Custeio;BCB/SICOR (MDCR)
4122503;34006660.77;1793.89;2025;Investimento;BCB/SICOR (MDCR)
4122602;15117752.95;1648.9;2025;Custeio;BCB/SICOR (MDCR)
4122602;29647359.13;286.32;2025;Investimento;BCB/SICOR (MDCR)
4122651;44995785.89;7317.77;2025;Custeio;BCB/SICOR (MDCR)
4122651;15758469.24;633.64;2025;Investimento;BCB/SICOR (MDCR)
4122701;16283292.05;3813.43;2025;Custeio;BCB/SICOR (MDCR)
4122701;10886150.18;178.23;2025;Investimento;BCB/SICOR (MDCR)
4122800;62589043.11;1356.73;2025;Custeio;BCB/SICOR (MDCR)
4122800;23849810.82;366.5;2025;Investimento;BCB/SICOR (MDCR)
4122909;11217589.7;1487.47;2025;Custeio;BCB/SICOR (MDCR)
4122909;3999885.0;179.48;2025;Investimento;BCB/SICOR (MDCR)
4123006;79468133.35;8978.52;2025;Custeio;BCB/SICOR (MDCR)
4123006;61809067.03;2821.0;2025;Investimento;BCB/SICOR (MDCR)
4123105;4472444.74;1081.27;2025;Custeio;BCB/SICOR (MDCR)
4123105;1913263.98;13.35;2025;Investimento;BCB/SICOR (MDCR)
4123204;10973580.01;2472.04;2025;Custeio;BCB/SICOR (MDCR)
4123204;3522593.1;47.75;2025;Investimento;BCB/SICOR (MDCR)
4123303;40141822.339999996;6825.63;2025;Custeio;BCB/SICOR (MDCR)
4123303;13821149.52;2043.06;2025;Investimento;BCB/SICOR (MDCR)
4123402;40585128.34;6414.7300000000005;2025;Custeio;BCB/SICOR (MDCR)
4123402;10252326.24;756.6;2025;Investimento;BCB/SICOR (MDCR)
4123501;121693792.12;21260.55;2025;Custeio;BCB/SICOR (MDCR)
4123501;95275337.36;1009.62;2025;Investimento;BCB/SICOR (MDCR)
4123600;3283129.08;680.83;2025;Custeio;BCB/SICOR (MDCR)
4123600;248000.0;7.0;2025;Investimento;BCB/SICOR (MDCR)
4123709;44892908.17;7048.48;2025;Custeio;BCB/SICOR (MDCR)
4123709;7649094.93;798.64;2025;Investimento;BCB/SICOR (MDCR)
4123808;107408659.52;14981.9;2025;Custeio;BCB/SICOR (MDCR)
4123808;66768261.35;4195.14;2025;Investimento;BCB/SICOR (MDCR)
4123824;18616948.98;3529.52;2025;Custeio;BCB/SICOR (MDCR)
4123824;10636148.12;767.04;2025;Investimento;BCB/SICOR (MDCR)
4123857;77145869.97;12904.9;2025;Custeio;BCB/SICOR (MDCR)
4123857;24502201.52;1616.38;2025;Investimento;BCB/SICOR (MDCR)
4123907;49140933.26;12151.55;2025;Custeio;BCB/SICOR (MDCR)
4123907;6541856.84;225.16000000000003;2025;Investimento;BCB/SICOR (MDCR)
4123956;26267172.21;4602.94;2025;Custeio;BCB/SICOR (MDCR)
4123956;3586733.0;213.34;2025;Investimento;BCB/SICOR (MDCR)
4124004;29762051.4;4796.07;2025;Custeio;BCB/SICOR (MDCR)
4124004;13362062.19;625.05;2025;Investimento;BCB/SICOR (MDCR)
4124020;70855675.22;9772.2;2025;Custeio;BCB/SICOR (MDCR)
4124020;8502266.22;744.3;2025;Investimento;BCB/SICOR (MDCR)
4124053;41292383.68;9893.75;2025;Custeio;BCB/SICOR (MDCR)
4124053;26366641.63;130.28;2025;Investimento;BCB/SICOR (MDCR)
4124103;61720468.75;9108.87;2025;Custeio;BCB/SICOR (MDCR)
4124103;24849047.13;835.36;2025;Investimento;BCB/SICOR (MDCR)
4124202;11656057.93;1426.24;2025;Custeio;BCB/SICOR (MDCR)
4124202;614600.0;0.0;2025;Investimento;BCB/SICOR (MDCR)
4124301;9876091.44;2510.01;2025;Custeio;BCB/SICOR (MDCR)
4124301;2288938.45;59.44;2025;Investimento;BCB/SICOR (MDCR)
4124400;66705609.72;10635.96;2025;Custeio;BCB/SICOR (MDCR)
4124400;41971048.38;2602.39;2025;Investimento;BCB/SICOR (MDCR)
4124509;9749253.72;2047.8799999999999;2025;Custeio;BCB/SICOR (MDCR)
4124509;6816099.39;449.2;2025;Investimento;BCB/SICOR (MDCR)
4124608;25774031.06;5345.25;2025;Custeio;BCB/SICOR (MDCR)
4124608;5677097.5;26.230000000000004;2025;Investimento;BCB/SICOR (MDCR)
4124707;28217116.23;6195.13;2025;Custeio;BCB/SICOR (MDCR)
4124707;12879681.28;525.8199999999999;2025;Investimento;BCB/SICOR (MDCR)
4124806;244914336.6;8761.16;2025;Custeio;BCB/SICOR (MDCR)
4124806;112487152.98;2335.32;2025;Investimento;BCB/SICOR (MDCR)
4124905;14382271.54;1479.15;2025;Custeio;BCB/SICOR (MDCR)
4124905;10247377.84;739.34;2025;Investimento;BCB/SICOR (MDCR)
4125001;69487540.2;17449.18;2025;Custeio;BCB/SICOR (MDCR)
4125001;25430304.53;101.30999999999999;2025;Investimento;BCB/SICOR (MDCR)
4125100;40023061.96;5658.22;2025;Custeio;BCB/SICOR (MDCR)
4125100;40095038.95;74.33;2025;Investimento;BCB/SICOR (MDCR)
4125209;106917287.31;11285.62;2025;Custeio;BCB/SICOR (MDCR)
4125209;62921812.64;5820.32;2025;Investimento;BCB/SICOR (MDCR)
4125308;49981462.17;12639.08;2025;Custeio;BCB/SICOR (MDCR)
4125308;10920442.18;296.02;2025;Investimento;BCB/SICOR (MDCR)
4125357;28877550.72;2249.92;2025;Custeio;BCB/SICOR (MDCR)
4125357;10936596.43;487.13;2025;Investimento;BCB/SICOR (MDCR)
4125407;35675427.01;5709.2300000000005;2025;Custeio;BCB/SICOR (MDCR)
4125407;21075211.35;1185.72;2025;Investimento;BCB/SICOR (MDCR)
4125456;11140346.94;2334.85;2025;Custeio;BCB/SICOR (MDCR)
4125456;5935655.35;180.15;2025;Investimento;BCB/SICOR (MDCR)
4125506;12430042.4;547.97;2025;Custeio;BCB/SICOR (MDCR)
4125506;27718182.31;68.56;2025;Investimento;BCB/SICOR (MDCR)
4125555;4389687.76;1044.01;2025;Custeio;BCB/SICOR (MDCR)
4125555;2198650.05;7.49;2025;Investimento;BCB/SICOR (MDCR)
4125605;108466992.3;14613.09;2025;Custeio;BCB/SICOR (MDCR)
4125605;49452863.92;775.97;2025;Investimento;BCB/SICOR (MDCR)
4125704;228321866.15;45316.99;2025;Custeio;BCB/SICOR (MDCR)
4125704;73598293.01;1568.61;2025;Investimento;BCB/SICOR (MDCR)
4125753;61153713.97;10907.26;2025;Custeio;BCB/SICOR (MDCR)
4125753;27938178.21;941.73;2025;Investimento;BCB/SICOR (MDCR)
4125803;53303802.24;14004.04;2025;Custeio;BCB/SICOR (MDCR)
4125803;11392592.879999999;89.44;2025;Investimento;BCB/SICOR (MDCR)
4125902;8007396.81;1098.33;2025;Custeio;BCB/SICOR (MDCR)
4125902;1697770.5;133.02;2025;Investimento;BCB/SICOR (MDCR)
4126009;38285671.69;7961.85;2025;Custeio;BCB/SICOR (MDCR)
4126009;4044329.36;37.14;2025;Investimento;BCB/SICOR (MDCR)
4126108;63430723.699999996;10958.099999999999;2025;Custeio;BCB/SICOR (MDCR)
4126108;5369060.859999999;93.22;2025;Investimento;BCB/SICOR (MDCR)
4126207;21066810.0;4902.34;2025;Custeio;BCB/SICOR (MDCR)
4126207;12111975.73;1252.08;2025;Investimento;BCB/SICOR (MDCR)
4126256;11063061.22;2634.01;2025;Custeio;BCB/SICOR (MDCR)
4126256;788685.23;1.93;2025;Investimento;BCB/SICOR (MDCR)
4126272;23437661.22;2499.6;2025;Custeio;BCB/SICOR (MDCR)
4126272;16150648.34;395.71;2025;Investimento;BCB/SICOR (MDCR)
4126306;47206997.79;9072.09;2025;Custeio;BCB/SICOR (MDCR)
4126306;13455086.98;1371.8999999999999;2025;Investimento;BCB/SICOR (MDCR)
4126355;63295256.5;11899.87;2025;Custeio;BCB/SICOR (MDCR)
4126355;36329203.62;484.51;2025;Investimento;BCB/SICOR (MDCR)
4126405;46148565.089999996;10210.12;2025;Custeio;BCB/SICOR (MDCR)
4126405;23150944.37;750.98;2025;Investimento;BCB/SICOR (MDCR)
4126504;42916122.24;8902.55;2025;Custeio;BCB/SICOR (MDCR)
4126504;15391541.64;56.37;2025;Investimento;BCB/SICOR (MDCR)
4126603;25944133.71;2221.8;2025;Custeio;BCB/SICOR (MDCR)
4126603;10017945.34;290.15999999999997;2025;Investimento;BCB/SICOR (MDCR)
4126652;28742550.5;2700.0;2025;Custeio;BCB/SICOR (MDCR)
4126652;27472114.16;482.63;2025;Investimento;BCB/SICOR (MDCR)
4126678;17214926.06;3159.19;2025;Custeio;BCB/SICOR (MDCR)
4126678;4895929.28;209.84;2025;Investimento;BCB/SICOR (MDCR)
4126702;7800469.850000001;791.96;2025;Custeio;BCB/SICOR (MDCR)
4126702;22235487.09;80.42999999999999;2025;Investimento;BCB/SICOR (MDCR)
4126801;14596873.25;2232.84;2025;Custeio;BCB/SICOR (MDCR)
4126801;12574634.3;196.16;2025;Investimento;BCB/SICOR (MDCR)
4126900;18622063.82;2218.48;2025;Custeio;BCB/SICOR (MDCR)
4126900;11928950.64;508.48;2025;Investimento;BCB/SICOR (MDCR)
4127007;70067414.5;11882.49;2025;Custeio;BCB/SICOR (MDCR)
4127007;29674315.71;25.12;2025;Investimento;BCB/SICOR (MDCR)
4127106;9945.0;0.6;2025;Custeio;BCB/SICOR (MDCR)
4127106;3876814.0;12.129999999999999;2025;Investimento;BCB/SICOR (MDCR)
4127205;32658221.990000002;7025.78;2025;Custeio;BCB/SICOR (MDCR)
4127205;4547885.35;144.91;2025;Investimento;BCB/SICOR (MDCR)
4127304;40679251.1;4377.8;2025;Custeio;BCB/SICOR (MDCR)
4127304;24802590.47;1534.2;2025;Investimento;BCB/SICOR (MDCR)
4127403;178742613.16;37652.13;2025;Custeio;BCB/SICOR (MDCR)
4127403;44270813.86;2455.35;2025;Investimento;BCB/SICOR (MDCR)
4127502;245700699.3;52430.87;2025;Custeio;BCB/SICOR (MDCR)
4127502;47976519.22;5198.41;2025;Investimento;BCB/SICOR (MDCR)
4127601;10385175.74;1417.18;2025;Custeio;BCB/SICOR (MDCR)
4127601;11380700.99;19.58;2025;Investimento;BCB/SICOR (MDCR)
4127700;289320027.53000003;48718.590000000004;2025;Custeio;BCB/SICOR (MDCR)
4127700;311520135.43;1536.9;2025;Investimento;BCB/SICOR (MDCR)
4127809;53768212.15;7101.4400000000005;2025;Custeio;BCB/SICOR (MDCR)
4127809;38773643.95;1811.84;2025;Investimento;BCB/SICOR (MDCR)
4127858;49595889.87;10019.54;2025;Custeio;BCB/SICOR (MDCR)
4127858;32936466.26;1375.96;2025;Investimento;BCB/SICOR (MDCR)
4127882;102843.0;12.91;2025;Custeio;BCB/SICOR (MDCR)
4127882;170544.0;6.06;2025;Investimento;BCB/SICOR (MDCR)
4127908;46163063.18;8944.81;2025;Custeio;BCB/SICOR (MDCR)
4127908;34908940.9;652.92;2025;Investimento;BCB/SICOR (MDCR)
4127957;79313047.63;17423.09;2025;Custeio;BCB/SICOR (MDCR)
4127957;20333926.72;522.56;2025;Investimento;BCB/SICOR (MDCR)
4127965;81408965.68;12851.18;2025;Custeio;BCB/SICOR (MDCR)
4127965;23307891.67;1610.94;2025;Investimento;BCB/SICOR (MDCR)
4128005;151077988.21;34649.22;2025;Custeio;BCB/SICOR (MDCR)
4128005;78917568.96000001;2192.77;2025;Investimento;BCB/SICOR (MDCR)
4128104;63392256.56;7545.01;2025;Custeio;BCB/SICOR (MDCR)
4128104;18939134.15;1615.46;2025;Investimento;BCB/SICOR (MDCR)
4128203;4308907.12;704.96;2025;Custeio;BCB/SICOR (MDCR)
4128203;6978573.609999999;78.89;2025;Investimento;BCB/SICOR (MDCR)
4128302;11975246.54;1935.8;2025;Custeio;BCB/SICOR (MDCR)
4128302;441600.0;22.2;2025;Investimento;BCB/SICOR (MDCR)
4128401;31960936.36;6607.42;2025;Custeio;BCB/SICOR (MDCR)
4128401;2329566.17;26.13;2025;Investimento;BCB/SICOR (MDCR)
4128500;37763231.06;6221.46;2025;Custeio;BCB/SICOR (MDCR)
4128500;31999695.72;382.63;2025;Investimento;BCB/SICOR (MDCR)
4128534;66392225.09;13381.54;2025;Custeio;BCB/SICOR (MDCR)
4128534;14787905.07;706.11;2025;Investimento;BCB/SICOR (MDCR)
4128559;68268580.31;13228.51;2025;Custeio;BCB/SICOR (MDCR)
4128559;51402004.7;2040.76;2025;Investimento;BCB/SICOR (MDCR)
4128609;101987290.17;12319.64;2025;Custeio;BCB/SICOR (MDCR)
4128609;115035233.27;6856.93;2025;Investimento;BCB/SICOR (MDCR)
4128625;45723068.48;5869.55;2025;Custeio;BCB/SICOR (MDCR)
4128625;7274091.38;1160.25;2025;Investimento;BCB/SICOR (MDCR)
4128633;4849987.38;564.89;2025;Custeio;BCB/SICOR (MDCR)
4128633;8742548.61;245.42;2025;Investimento;BCB/SICOR (MDCR)
4128658;31820262.87;5879.72;2025;Custeio;BCB/SICOR (MDCR)
4128658;9909481.74;294.23;2025;Investimento;BCB/SICOR (MDCR)
4128708;53393123.57;6983.77;2025;Custeio;BCB/SICOR (MDCR)
4128708;19707817.66;734.75;2025;Investimento;BCB/SICOR (MDCR)
4128807;23898504.61;2773.91;2025;Custeio;BCB/SICOR (MDCR)
4128807;15274422.969999999;610.7;2025;Investimento;BCB/SICOR (MDCR)
4200051;18391354.82;2555.8;2025;Custeio;BCB/SICOR (MDCR)
4200051;6439505.98;260.18;2025;Investimento;BCB/SICOR (MDCR)
4200101;101579235.71;14851.25;2025;Custeio;BCB/SICOR (MDCR)
4200101;36849645.84;1958.27;2025;Investimento;BCB/SICOR (MDCR)
4200200;25280035.52;1921.79;2025;Custeio;BCB/SICOR (MDCR)
4200200;11093354.22;55.95;2025;Investimento;BCB/SICOR (MDCR)
4200309;20600036.11;2538.31;2025;Custeio;BCB/SICOR (MDCR)
4200309;9120909.69;15.870000000000001;2025;Investimento;BCB/SICOR (MDCR)
4200408;120962638.38;9530.19;2025;Custeio;BCB/SICOR (MDCR)
4200408;37852594.73;1090.91;2025;Investimento;BCB/SICOR (MDCR)
4200507;56159950.04;2700.59;2025;Custeio;BCB/SICOR (MDCR)
4200507;38275256.19;414.76;2025;Investimento;BCB/SICOR (MDCR)
4200556;27543891.9;1474.94;2025;Custeio;BCB/SICOR (MDCR)
4200556;12928107.75;138.17;2025;Investimento;BCB/SICOR (MDCR)
4200606;6111876.04;100.58;2025;Custeio;BCB/SICOR (MDCR)
4200606;1895796.0;1.6;2025;Investimento;BCB/SICOR (MDCR)
4200705;164891671.61;5239.37;2025;Custeio;BCB/SICOR (MDCR)
4200705;43506119.7;254.10999999999999;2025;Investimento;BCB/SICOR (MDCR)
4200754;19197996.9;791.59;2025;Custeio;BCB/SICOR (MDCR)
4200754;7292098.47;18.009999999999998;2025;Investimento;BCB/SICOR (MDCR)
4200804;92202707.51;4895.55;2025;Custeio;BCB/SICOR (MDCR)
4200804;32790500.23;732.48;2025;Investimento;BCB/SICOR (MDCR)
4200903;38729384.11;1291.81;2025;Custeio;BCB/SICOR (MDCR)
4200903;14123798.69;13.35;2025;Investimento;BCB/SICOR (MDCR)
4201000;37134282.14;5507.42;2025;Custeio;BCB/SICOR (MDCR)
4201000;12763996.7;543.54;2025;Investimento;BCB/SICOR (MDCR)
4201109;8517272.3;494.43;2025;Custeio;BCB/SICOR (MDCR)
4201109;8704961.81;103.33;2025;Investimento;BCB/SICOR (MDCR)
4201208;6485562.74;181.22;2025;Custeio;BCB/SICOR (MDCR)
4201208;6986879.49;23.58;2025;Investimento;BCB/SICOR (MDCR)
4201257;19627310.93;519.59;2025;Custeio;BCB/SICOR (MDCR)
4201257;5968314.62;44.11;2025;Investimento;BCB/SICOR (MDCR)
4201273;23156934.18;424.90000000000003;2025;Custeio;BCB/SICOR (MDCR)
4201273;40598368.08;88.28;2025;Investimento;BCB/SICOR (MDCR)
4201307;10865229.58;785.68;2025;Custeio;BCB/SICOR (MDCR)
4201307;2771838.7;71.38;2025;Investimento;BCB/SICOR (MDCR)
4201406;25822729.63;2087.25;2025;Custeio;BCB/SICOR (MDCR)
4201406;17111365.86;15.58;2025;Investimento;BCB/SICOR (MDCR)
4201505;32096645.04;656.64;2025;Custeio;BCB/SICOR (MDCR)
4201505;11945668.34;130.9;2025;Investimento;BCB/SICOR (MDCR)
4201604;11104516.7;394.77;2025;Custeio;BCB/SICOR (MDCR)
4201604;7869840.08;20.68;2025;Investimento;BCB/SICOR (MDCR)
4201653;14691886.31;352.75;2025;Custeio;BCB/SICOR (MDCR)
4201653;5452889.7299999995;49.11;2025;Investimento;BCB/SICOR (MDCR)
4201703;7588197.8100000005;62.08;2025;Custeio;BCB/SICOR (MDCR)
4201703;1837711.0;0.0;2025;Investimento;BCB/SICOR (MDCR)
4201802;27274812.41;1721.42;2025;Custeio;BCB/SICOR (MDCR)
4201802;8621615.25;61.57;2025;Investimento;BCB/SICOR (MDCR)
4201901;55981118.76;2594.56;2025;Custeio;BCB/SICOR (MDCR)
4201901;14083830.89;65.69;2025;Investimento;BCB/SICOR (MDCR)
4201950;1735827.4;15.370000000000001;2025;Custeio;BCB/SICOR (MDCR)
4201950;276394.0;5.66;2025;Investimento;BCB/SICOR (MDCR)
4202008;299472.51;0.0;2025;Custeio;BCB/SICOR (MDCR)
4202008;85000.0;0.0;2025;Investimento;BCB/SICOR (MDCR)
4202057;333315.59;0.0;2025;Custeio;BCB/SICOR (MDCR)
4202057;206990.0;0.0;2025;Investimento;BCB/SICOR (MDCR)
4202073;4499104.41;82.39;2025;Custeio;BCB/SICOR (MDCR)
4202073;3223741.11;10.82;2025;Investimento;BCB/SICOR (MDCR)
4202081;31981204.6;1678.5;2025;Custeio;BCB/SICOR (MDCR)
4202081;34196312.24;172.29;2025;Investimento;BCB/SICOR (MDCR)
4202099;27140862.0;1327.72;2025;Custeio;BCB/SICOR (MDCR)
4202099;16621998.75;189.49;2025;Investimento;BCB/SICOR (MDCR)
4202107;10208590.89;515.0;2025;Custeio;BCB/SICOR (MDCR)
4202107;3442954.11;33.28;2025;Investimento;BCB/SICOR (MDCR)
4202131;45181304.79;5395.04;2025;Custeio;BCB/SICOR (MDCR)
4202131;39237630.12;321.9;2025;Investimento;BCB/SICOR (MDCR)
4202156;23886002.12;1881.06;2025;Custeio;BCB/SICOR (MDCR)
4202156;13758653.56;147.16;2025;Investimento;BCB/SICOR (MDCR)
4202206;3253594.26;267.95;2025;Custeio;BCB/SICOR (MDCR)
4202206;2171048.5;18.48;2025;Investimento;BCB/SICOR (MDCR)
4202305;8520199.53;343.01;2025;Custeio;BCB/SICOR (MDCR)
4202305;10883995.9;9.37;2025;Investimento;BCB/SICOR (MDCR)
4202404;64430578.8;33.7;2025;Custeio;BCB/SICOR (MDCR)
4202404;457875.83;1.2200000000000002;2025;Investimento;BCB/SICOR (MDCR)
4202438;16712687.75;2201.33;2025;Custeio;BCB/SICOR (MDCR)
4202438;3791568.5100000002;286.03;2025;Investimento;BCB/SICOR (MDCR)
4202453;6816260.9;0.0;2025;Custeio;BCB/SICOR (MDCR)
4202453;464861.6;0.0;2025;Investimento;BCB/SICOR (MDCR)
4202503;55040581.48;4152.7300000000005;2025;Custeio;BCB/SICOR (MDCR)
4202503;25077005.41;447.62;2025;Investimento;BCB/SICOR (MDCR)
4202537;14924104.85;1755.33;2025;Custeio;BCB/SICOR (MDCR)
4202537;7483951.84;220.29;2025;Investimento;BCB/SICOR (MDCR)
4202578;15722732.69;507.19;2025;Custeio;BCB/SICOR (MDCR)
4202578;14876289.379999999;161.08;2025;Investimento;BCB/SICOR (MDCR)
4202602;69424524.78;7047.0;2025;Custeio;BCB/SICOR (MDCR)
4202602;21484375.7;410.92999999999995;2025;Investimento;BCB/SICOR (MDCR)
4202701;2658900.0;12.09;2025;Investimento;BCB/SICOR (MDCR)
4202800;117288419.3;1256.65;2025;Custeio;BCB/SICOR (MDCR)
4202800;32850809.27;79.05;2025;Investimento;BCB/SICOR (MDCR)
4202859;7817256.33;708.89;2025;Custeio;BCB/SICOR (MDCR)
4202859;4384703.33;10.49;2025;Investimento;BCB/SICOR (MDCR)
4202875;40115286.94;5298.18;2025;Custeio;BCB/SICOR (MDCR)
4202875;4345922.18;395.75;2025;Investimento;BCB/SICOR (MDCR)
4202909;19780.95;11.25;2025;Custeio;BCB/SICOR (MDCR)
4202909;456846.0;0.0;2025;Investimento;BCB/SICOR (MDCR)
4203006;110143191.96;2006.89;2025;Custeio;BCB/SICOR (MDCR)
4203006;14502512.58;397.18;2025;Investimento;BCB/SICOR (MDCR)
4203105;67300176.74;2125.58;2025;Custeio;BCB/SICOR (MDCR)
4203105;21219621.32;332.03;2025;Investimento;BCB/SICOR (MDCR)
4203154;16453309.639999999;1567.52;2025;Custeio;BCB/SICOR (MDCR)
4203154;1787888.92;1.1600000000000001;2025;Investimento;BCB/SICOR (MDCR)
4203204;1458042.48;144.89;2025;Custeio;BCB/SICOR (MDCR)
4203204;153800.0;0.0;2025;Investimento;BCB/SICOR (MDCR)
4203253;26719854.91;5505.17;2025;Custeio;BCB/SICOR (MDCR)
4203253;4885915.0;315.88;2025;Investimento;BCB/SICOR (MDCR)
4203303;8407183.47;1045.56;2025;Custeio;BCB/SICOR (MDCR)
4203303;7505687.88;86.73;2025;Investimento;BCB/SICOR (MDCR)
4203402;53720613.6;8462.99;2025;Custeio;BCB/SICOR (MDCR)
4203402;17749073.63;1058.26;2025;Investimento;BCB/SICOR (MDCR)
4203501;120359876.0;12877.81;2025;Custeio;BCB/SICOR (MDCR)
4203501;42897684.92;876.27;2025;Investimento;BCB/SICOR (MDCR)
4203600;337066854.19;32487.82;2025;Custeio;BCB/SICOR (MDCR)
4203600;137317412.63;5271.4;2025;Investimento;BCB/SICOR (MDCR)
4203709;1568504.8;157.82;2025;Custeio;BCB/SICOR (MDCR)
4203709;1457320.0;49.44;2025;Investimento;BCB/SICOR (MDCR)
4203808;105292324.6;12117.4;2025;Custeio;BCB/SICOR (MDCR)
4203808;57831374.14;609.1;2025;Investimento;BCB/SICOR (MDCR)
4203907;28340500.07;2996.46;2025;Custeio;BCB/SICOR (MDCR)
4203907;15573724.4;1734.65;2025;Investimento;BCB/SICOR (MDCR)
4203956;717895.2;71.88;2025;Custeio;BCB/SICOR (MDCR)
4204004;19626243.04;909.71;2025;Custeio;BCB/SICOR (MDCR)
4204004;14640503.54;227.81;2025;Investimento;BCB/SICOR (MDCR)
4204103;42199309.89;3243.5099999999998;2025;Custeio;BCB/SICOR (MDCR)
4204103;34262728.94;261.69;2025;Investimento;BCB/SICOR (MDCR)
4204152;15557966.69;1956.24;2025;Custeio;BCB/SICOR (MDCR)
4204152;8777762.09;118.53999999999999;2025;Investimento;BCB/SICOR (MDCR)
4204178;17490540.06;2931.7200000000003;2025;Custeio;BCB/SICOR (MDCR)
4204178;8960429.5;543.66;2025;Investimento;BCB/SICOR (MDCR)
4204194;39160203.19;2127.95;2025;Custeio;BCB/SICOR (MDCR)
4204194;13233069.7;57.17;2025;Investimento;BCB/SICOR (MDCR)
4204202;91989274.02;6653.86;2025;Custeio;BCB/SICOR (MDCR)
4204202;250425664.19;373.25;2025;Investimento;BCB/SICOR (MDCR)
4204251;2526696.74;137.92;2025;Custeio;BCB/SICOR (MDCR)
4204251;1485958.0;42.01;2025;Investimento;BCB/SICOR (MDCR)
4204301;108495089.31;3136.9;2025;Custeio;BCB/SICOR (MDCR)
4204301;110358623.57;627.97;2025;Investimento;BCB/SICOR (MDCR)
4204350;19211523.39;526.99;2025;Custeio;BCB/SICOR (MDCR)
4204350;9928942.22;97.03;2025;Investimento;BCB/SICOR (MDCR)
4204400;82818758.73;2868.68;2025;Custeio;BCB/SICOR (MDCR)
4204400;85625668.03;698.99;2025;Investimento;BCB/SICOR (MDCR)
4204459;24432622.51;2090.96;2025;Custeio;BCB/SICOR (MDCR)
4204459;10227987.75;189.43;2025;Investimento;BCB/SICOR (MDCR)
4204509;14409481.85;614.11;2025;Custeio;BCB/SICOR (MDCR)
4204509;16448040.47;267.83;2025;Investimento;BCB/SICOR (MDCR)
4204558;45016258.63;3885.34;2025;Custeio;BCB/SICOR (MDCR)
4204558;14054646.57;472.6;2025;Investimento;BCB/SICOR (MDCR)
4204608;9000715.15;751.3;2025;Custeio;BCB/SICOR (MDCR)
4204608;3939690.73;1.11;2025;Investimento;BCB/SICOR (MDCR)
4204707;95208045.38;2964.38;2025;Custeio;BCB/SICOR (MDCR)
4204707;39153679.25;280.55;2025;Investimento;BCB/SICOR (MDCR)
4204756;40073792.9;838.64;2025;Custeio;BCB/SICOR (MDCR)
4204756;15160346.870000001;71.69;2025;Investimento;BCB/SICOR (MDCR)
4204806;84330387.66;11395.83;2025;Custeio;BCB/SICOR (MDCR)
4204806;18957420.51;707.72;2025;Investimento;BCB/SICOR (MDCR)
4204905;101991988.55;5329.11;2025;Custeio;BCB/SICOR (MDCR)
4204905;52747849.45;367.01;2025;Investimento;BCB/SICOR (MDCR)
4205001;118864438.58;4919.85;2025;Custeio;BCB/SICOR (MDCR)
4205001;36556634.72;633.13;2025;Investimento;BCB/SICOR (MDCR)
4205100;12356522.69;1176.53;2025;Custeio;BCB/SICOR (MDCR)
4205100;5006352.76;19.470000000000002;2025;Investimento;BCB/SICOR (MDCR)
4205159;4584752.24;516.84;2025;Custeio;BCB/SICOR (MDCR)
4205159;1655972.99;42.08;2025;Investimento;BCB/SICOR (MDCR)
4205175;11990036.43;348.39;2025;Custeio;BCB/SICOR (MDCR)
4205175;11048892.9;38.66;2025;Investimento;BCB/SICOR (MDCR)
4205191;17185124.0;1623.09;2025;Custeio;BCB/SICOR (MDCR)
4205191;10536937.45;12.25;2025;Investimento;BCB/SICOR (MDCR)
4205209;30263181.38;2122.37;2025;Custeio;BCB/SICOR (MDCR)
4205209;21548054.51;186.25;2025;Investimento;BCB/SICOR (MDCR)
4205308;40719637.74;3197.17;2025;Custeio;BCB/SICOR (MDCR)
4205308;29625534.34;703.19;2025;Investimento;BCB/SICOR (MDCR)
4205357;10182901.45;498.22;2025;Custeio;BCB/SICOR (MDCR)
4205357;9528249.5;94.67;2025;Investimento;BCB/SICOR (MDCR)
4205407;2967867.48;0.25;2025;Custeio;BCB/SICOR (MDCR)
4205407;383950.0;0.25;2025;Investimento;BCB/SICOR (MDCR)
4205431;32384338.54;1751.94;2025;Custeio;BCB/SICOR (MDCR)
4205431;15698878.12;235.32999999999998;2025;Investimento;BCB/SICOR (MDCR)
4205456;31066067.38;3275.42;2025;Custeio;BCB/SICOR (MDCR)
4205456;16543545.17;60.82;2025;Investimento;BCB/SICOR (MDCR)
4205506;79715946.6;4782.24;2025;Custeio;BCB/SICOR (MDCR)
4205506;22647356.37;997.34;2025;Investimento;BCB/SICOR (MDCR)
4205555;24127614.0;1768.4;2025;Custeio;BCB/SICOR (MDCR)
4205555;8238306.14;173.68;2025;Investimento;BCB/SICOR (MDCR)
4205605;47344049.0;3011.8;2025;Custeio;BCB/SICOR (MDCR)
4205605;22282859.34;524.33;2025;Investimento;BCB/SICOR (MDCR)
4205704;905355.93;78.28999999999999;2025;Custeio;BCB/SICOR (MDCR)
4205704;135998.02;1.27;2025;Investimento;BCB/SICOR (MDCR)
4205803;3343507.0100000002;209.06;2025;Custeio;BCB/SICOR (MDCR)
4205803;4108147.76;150.13;2025;Investimento;BCB/SICOR (MDCR)
4205902;8547126.65;641.25;2025;Custeio;BCB/SICOR (MDCR)
4205902;1513703.88;18.08;2025;Investimento;BCB/SICOR (MDCR)
4206009;633282.4600000001;9.91;2025;Custeio;BCB/SICOR (MDCR)
4206009;1237418.2;0.0;2025;Investimento;BCB/SICOR (MDCR)
4206108;68472453.16;1653.86;2025;Custeio;BCB/SICOR (MDCR)
4206108;22343708.98;210.94;2025;Investimento;BCB/SICOR (MDCR)
4206207;15684448.49;634.92;2025;Custeio;BCB/SICOR (MDCR)
4206207;3568090.0;41.08;2025;Investimento;BCB/SICOR (MDCR)
4206306;703000.5;3.9000000000000004;2025;Custeio;BCB/SICOR (MDCR)
4206306;848200.0;0.01;2025;Investimento;BCB/SICOR (MDCR)
4206405;219498592.09;8409.94;2025;Custeio;BCB/SICOR (MDCR)
4206405;94605627.46;348.59;2025;Investimento;BCB/SICOR (MDCR)
4206504;15818908.92;1306.04;2025;Custeio;BCB/SICOR (MDCR)
4206504;4301217.6;1.86;2025;Investimento;BCB/SICOR (MDCR)
4206603;35000496.95;1698.33;2025;Custeio;BCB/SICOR (MDCR)
4206603;17807296.63;120.3;2025;Investimento;BCB/SICOR (MDCR)
4206652;30158072.99;2299.74;2025;Custeio;BCB/SICOR (MDCR)
4206652;22576462.13;263.89;2025;Investimento;BCB/SICOR (MDCR)
4206702;21637101.77;1714.84;2025;Custeio;BCB/SICOR (MDCR)
4206702;21263189.08;141.9;2025;Investimento;BCB/SICOR (MDCR)
4206751;19740657.79;975.59;2025;Custeio;BCB/SICOR (MDCR)
4206751;17444075.0;119.94;2025;Investimento;BCB/SICOR (MDCR)
4206801;36146328.36;1040.51;2025;Custeio;BCB/SICOR (MDCR)
4206801;16272033.44;21.23;2025;Investimento;BCB/SICOR (MDCR)
4206900;4632042.68;214.42;2025;Custeio;BCB/SICOR (MDCR)
4206900;4134245.54;17.880000000000003;2025;Investimento;BCB/SICOR (MDCR)
4207007;25230132.22;2312.28;2025;Custeio;BCB/SICOR (MDCR)
4207007;18200507.12;67.17;2025;Investimento;BCB/SICOR (MDCR)
4207106;10031622.45;840.38;2025;Custeio;BCB/SICOR (MDCR)
4207106;3694093.2;43.09;2025;Investimento;BCB/SICOR (MDCR)
4207205;13470649.49;1369.15;2025;Custeio;BCB/SICOR (MDCR)
4207205;3767016.76;62.870000000000005;2025;Investimento;BCB/SICOR (MDCR)
4207304;3613201.69;409.24;2025;Custeio;BCB/SICOR (MDCR)
4207304;755281.51;0.01;2025;Investimento;BCB/SICOR (MDCR)
4207403;131354675.4;4125.14;2025;Custeio;BCB/SICOR (MDCR)
4207403;36727727.52;143.1;2025;Investimento;BCB/SICOR (MDCR)
4207502;9541845.040000001;165.59;2025;Custeio;BCB/SICOR (MDCR)
4207502;1434427.37;9.66;2025;Investimento;BCB/SICOR (MDCR)
4207577;30512482.77;730.41;2025;Custeio;BCB/SICOR (MDCR)
4207577;12914246.71;37.82;2025;Investimento;BCB/SICOR (MDCR)
4207601;23021181.99;1507.23;2025;Custeio;BCB/SICOR (MDCR)
4207601;8510841.5;180.28;2025;Investimento;BCB/SICOR (MDCR)
4207650;89544726.59;1789.08;2025;Custeio;BCB/SICOR (MDCR)
4207650;59421853.99;99.74;2025;Investimento;BCB/SICOR (MDCR)
4207684;35176310.68;2730.81;2025;Custeio;BCB/SICOR (MDCR)
4207684;19510112.29;104.17;2025;Investimento;BCB/SICOR (MDCR)
4207700;55009047.17;941.08;2025;Custeio;BCB/SICOR (MDCR)
4207700;36515950.39;167.35;2025;Investimento;BCB/SICOR (MDCR)
4207759;85245229.39;2189.82;2025;Custeio;BCB/SICOR (MDCR)
4207759;64618599.81;699.67;2025;Investimento;BCB/SICOR (MDCR)
4207809;35540052.74;1440.33;2025;Custeio;BCB/SICOR (MDCR)
4207809;17020846.53;142.33;2025;Investimento;BCB/SICOR (MDCR)
4207858;16483238.49;1168.61;2025;Custeio;BCB/SICOR (MDCR)
4207858;18791243.73;316.33;2025;Investimento;BCB/SICOR (MDCR)
4207908;72929532.56;9246.95;2025;Custeio;BCB/SICOR (MDCR)
4207908;51183262.03;291.21;2025;Investimento;BCB/SICOR (MDCR)
4208005;32911152.32;912.9499999999999;2025;Custeio;BCB/SICOR (MDCR)
4208005;84983699.95;145.05;2025;Investimento;BCB/SICOR (MDCR)
4208104;69569300.89;9411.63;2025;Custeio;BCB/SICOR (MDCR)
4208104;73529649.61;192.46;2025;Investimento;BCB/SICOR (MDCR)
4208203;613462691.84;312.64;2025;Custeio;BCB/SICOR (MDCR)
4208203;841692.86;0.0;2025;Investimento;BCB/SICOR (MDCR)
4208302;321023.74;0.0;2025;Custeio;BCB/SICOR (MDCR)
4208401;119278641.89;1911.02;2025;Custeio;BCB/SICOR (MDCR)
4208401;110472531.58;234.42000000000002;2025;Investimento;BCB/SICOR (MDCR)
4208450;450060.0;15.790000000000001;2025;Custeio;BCB/SICOR (MDCR)
4208450;505533.69999999995;0.22;2025;Investimento;BCB/SICOR (MDCR)
4208500;227296580.34;8740.41;2025;Custeio;BCB/SICOR (MDCR)
4208500;54574686.61;236.03;2025;Investimento;BCB/SICOR (MDCR)
4208609;36184675.019999996;1772.54;2025;Custeio;BCB/SICOR (MDCR)
4208609;17783704.53;185.24;2025;Investimento;BCB/SICOR (MDCR)
4208708;118666933.5;3047.37;2025;Custeio;BCB/SICOR (MDCR)
4208708;26497286.16;128.34;2025;Investimento;BCB/SICOR (MDCR)
4208807;26331226.25;2800.79;2025;Custeio;BCB/SICOR (MDCR)
4208807;15559172.59;57.230000000000004;2025;Investimento;BCB/SICOR (MDCR)
4208906;7282512.28;452.97;2025;Custeio;BCB/SICOR (MDCR)
4208906;5342568.5200000005;74.84;2025;Investimento;BCB/SICOR (MDCR)
4208955;20452867.6;610.54;2025;Custeio;BCB/SICOR (MDCR)
4208955;13074674.45;407.08;2025;Investimento;BCB/SICOR (MDCR)
4209003;30064245.2;1261.34;2025;Custeio;BCB/SICOR (MDCR)
4209003;12223896.71;27.689999999999998;2025;Investimento;BCB/SICOR (MDCR)
4209102;15138196.84;1014.87;2025;Custeio;BCB/SICOR (MDCR)
4209102;6062156.96;44.279999999999994;2025;Investimento;BCB/SICOR (MDCR)
4209151;8781574.57;533.46;2025;Custeio;BCB/SICOR (MDCR)
4209151;6789809.6;82.46;2025;Investimento;BCB/SICOR (MDCR)
4209177;37841738.58;1688.82;2025;Custeio;BCB/SICOR (MDCR)
4209177;14492795.7;185.79;2025;Investimento;BCB/SICOR (MDCR)
4209201;24976239.83;559.56;2025;Custeio;BCB/SICOR (MDCR)
4209201;5853727.95;51.21;2025;Investimento;BCB/SICOR (MDCR)
4209300;109001627.14;19113.99;2025;Custeio;BCB/SICOR (MDCR)
4209300;26181668.54;989.67;2025;Investimento;BCB/SICOR (MDCR)
4209409;5180855.42;341.57;2025;Custeio;BCB/SICOR (MDCR)
4209409;240516.19;0.0;2025;Investimento;BCB/SICOR (MDCR)
4209458;20875793.8;1104.71;2025;Custeio;BCB/SICOR (MDCR)
4209458;5474903.3;146.0;2025;Investimento;BCB/SICOR (MDCR)
4209508;12747915.47;799.08;2025;Custeio;BCB/SICOR (MDCR)
4209508;4316437.0;22.06;2025;Investimento;BCB/SICOR (MDCR)
4209607;15153476.22;649.39;2025;Custeio;BCB/SICOR (MDCR)
4209607;11530948.69;28.13;2025;Investimento;BCB/SICOR (MDCR)
4209706;48240551.73;3386.44;2025;Custeio;BCB/SICOR (MDCR)
4209706;19957219.29;580.05;2025;Investimento;BCB/SICOR (MDCR)
4209805;36501643.43;1267.54;2025;Custeio;BCB/SICOR (MDCR)
4209805;14864055.44;30.14;2025;Investimento;BCB/SICOR (MDCR)
4209854;49622519.41;683.01;2025;Custeio;BCB/SICOR (MDCR)
4209854;35349599.7;96.4;2025;Investimento;BCB/SICOR (MDCR)
4209904;11633077.91;814.38;2025;Custeio;BCB/SICOR (MDCR)
4209904;5833661.77;44.699999999999996;2025;Investimento;BCB/SICOR (MDCR)
4210001;28031732.51;1461.3600000000001;2025;Custeio;BCB/SICOR (MDCR)
4210001;19423487.19;163.06;2025;Investimento;BCB/SICOR (MDCR)
4210035;11010008.34;638.88;2025;Custeio;BCB/SICOR (MDCR)
4210035;16023730.99;47.38;2025;Investimento;BCB/SICOR (MDCR)
4210050;7430098.0200000005;487.65999999999997;2025;Custeio;BCB/SICOR (MDCR)
4210050;4866224.91;48.53;2025;Investimento;BCB/SICOR (MDCR)
4210100;143451430.93;18979.39;2025;Custeio;BCB/SICOR (MDCR)
4210100;74829532.91;615.8199999999999;2025;Investimento;BCB/SICOR (MDCR)
4210209;9860527.62;519.84;2025;Custeio;BCB/SICOR (MDCR)
4210209;5877309.99;5.529999999999999;2025;Investimento;BCB/SICOR (MDCR)
4210308;34876686.4;4913.46;2025;Custeio;BCB/SICOR (MDCR)
4210308;19805538.54;54.87;2025;Investimento;BCB/SICOR (MDCR)
4210407;10788650.8;735.3100000000001;2025;Custeio;BCB/SICOR (MDCR)
4210407;2392832.85;1.01;2025;Investimento;BCB/SICOR (MDCR)
4210506;38733573.45;1308.97;2025;Custeio;BCB/SICOR (MDCR)
4210506;46819408.2;449.38;2025;Investimento;BCB/SICOR (MDCR)
4210555;45583263.21;1838.74;2025;Custeio;BCB/SICOR (MDCR)
4210555;51293079.92;353.81;2025;Investimento;BCB/SICOR (MDCR)
4210605;66033926.29;2496.04;2025;Custeio;BCB/SICOR (MDCR)
4210605;20825712.59;122.95;2025;Investimento;BCB/SICOR (MDCR)
4210704;4380181.43;547.92;2025;Custeio;BCB/SICOR (MDCR)
4210704;1893640.3;109.63;2025;Investimento;BCB/SICOR (MDCR)
4210803;34248769.949999996;3621.36;2025;Custeio;BCB/SICOR (MDCR)
4210803;15541476.1;245.97;2025;Investimento;BCB/SICOR (MDCR)
4210852;21579817.37;1857.17;2025;Custeio;BCB/SICOR (MDCR)
4210852;5723479.21;138.63;2025;Investimento;BCB/SICOR (MDCR)
4210902;36890053.28;1045.23;2025;Custeio;BCB/SICOR (MDCR)
4210902;17062864.39;195.51;2025;Investimento;BCB/SICOR (MDCR)
4211009;64402270.89;1573.38;2025;Custeio;BCB/SICOR (MDCR)
4211009;35411783.17;213.77;2025;Investimento;BCB/SICOR (MDCR)
4211058;8830259.46;1123.37;2025;Custeio;BCB/SICOR (MDCR)
4211058;2838628.2;110.74;2025;Investimento;BCB/SICOR (MDCR)
4211108;21195295.56;2956.16;2025;Custeio;BCB/SICOR (MDCR)
4211108;13670636.77;666.5400000000001;2025;Investimento;BCB/SICOR (MDCR)
4211207;4999072.21;459.04;2025;Custeio;BCB/SICOR (MDCR)
4211207;1891594.18;5.71;2025;Investimento;BCB/SICOR (MDCR)
4211256;8936120.540000001;895.3000000000001;2025;Custeio;BCB/SICOR (MDCR)
4211256;5894346.1899999995;43.849999999999994;2025;Investimento;BCB/SICOR (MDCR)
4211306;17326060.09;981.76;2025;Custeio;BCB/SICOR (MDCR)
4211306;2754203.86;4.930000000000001;2025;Investimento;BCB/SICOR (MDCR)
4211405;41587889.73;1009.98;2025;Custeio;BCB/SICOR (MDCR)
4211405;40300482.01;411.57;2025;Investimento;BCB/SICOR (MDCR)
4211454;35385877.23;1871.1399999999999;2025;Custeio;BCB/SICOR (MDCR)
4211454;65223016.0;579.72;2025;Investimento;BCB/SICOR (MDCR)
4211504;2230037.02;158.93;2025;Custeio;BCB/SICOR (MDCR)
4211504;2422123.99;20.41;2025;Investimento;BCB/SICOR (MDCR)
4211603;28284086.55;3053.09;2025;Custeio;BCB/SICOR (MDCR)
4211603;10412943.0;30.21;2025;Investimento;BCB/SICOR (MDCR)
4211652;28280597.16;2529.2200000000003;2025;Custeio;BCB/SICOR (MDCR)
4211652;15792475.22;320.69;2025;Investimento;BCB/SICOR (MDCR)
4211702;40551054.13;1529.22;2025;Custeio;BCB/SICOR (MDCR)
4211702;32239318.02;166.19;2025;Investimento;BCB/SICOR (MDCR)
4211751;31782567.07;6000.33;2025;Custeio;BCB/SICOR (MDCR)
4211751;5776078.84;318.38;2025;Investimento;BCB/SICOR (MDCR)
4211801;43372628.88;1911.65;2025;Custeio;BCB/SICOR (MDCR)
4211801;34890465.1;205.52;2025;Investimento;BCB/SICOR (MDCR)
4211850;30356424.27;3822.7599999999998;2025;Custeio;BCB/SICOR (MDCR)
4211850;17861746.07;663.94;2025;Investimento;BCB/SICOR (MDCR)
4211876;7968788.83;376.33;2025;Custeio;BCB/SICOR (MDCR)
4211876;10427199.09;94.49;2025;Investimento;BCB/SICOR (MDCR)
4211892;22429594.07;2902.02;2025;Custeio;BCB/SICOR (MDCR)
4211892;7584180.65;310.12;2025;Investimento;BCB/SICOR (MDCR)
4211900;1606548.8900000001;179.10999999999999;2025;Custeio;BCB/SICOR (MDCR)
4211900;4853374.0;5.09;2025;Investimento;BCB/SICOR (MDCR)
4212007;77356990.92;3877.92;2025;Custeio;BCB/SICOR (MDCR)
4212007;17203207.38;440.43;2025;Investimento;BCB/SICOR (MDCR)
4212056;14513576.95;1652.39;2025;Custeio;BCB/SICOR (MDCR)
4212056;3971267.71;343.90999999999997;2025;Investimento;BCB/SICOR (MDCR)
4212106;197731957.91;5659.5199999999995;2025;Custeio;BCB/SICOR (MDCR)
4212106;98940032.79;692.42;2025;Investimento;BCB/SICOR (MDCR)
4212205;58747538.38;7434.03;2025;Custeio;BCB/SICOR (MDCR)
4212205;28986470.54;150.98;2025;Investimento;BCB/SICOR (MDCR)
4212239;44502055.8;3088.45;2025;Custeio;BCB/SICOR (MDCR)
4212239;20294219.26;210.46;2025;Investimento;BCB/SICOR (MDCR)
4212254;1384714.21;100.36;2025;Custeio;BCB/SICOR (MDCR)
4212254;1257624.5899999999;38.120000000000005;2025;Investimento;BCB/SICOR (MDCR)
4212270;47121293.35;2807.29;2025;Custeio;BCB/SICOR (MDCR)
4212270;23312446.96;533.23;2025;Investimento;BCB/SICOR (MDCR)
4212304;6283630.45;741.86;2025;Custeio;BCB/SICOR (MDCR)
4212304;639500.0;13.4;2025;Investimento;BCB/SICOR (MDCR)
4212403;9241329.66;296.12;2025;Custeio;BCB/SICOR (MDCR)
4212403;10670305.94;6.43;2025;Investimento;BCB/SICOR (MDCR)
4212502;2224947.48;1.17;2025;Custeio;BCB/SICOR (MDCR)
4212502;1452533.7;0.0;2025;Investimento;BCB/SICOR (MDCR)
4212601;24761231.64;733.65;2025;Custeio;BCB/SICOR (MDCR)
4212601;6006074.65;82.09;2025;Investimento;BCB/SICOR (MDCR)
4212650;879471.94;61.22;2025;Custeio;BCB/SICOR (MDCR)
4212650;122400.0;5.31;2025;Investimento;BCB/SICOR (MDCR)
4212700;61251750.46;4149.9;2025;Custeio;BCB/SICOR (MDCR)
4212700;26977795.88;104.29;2025;Investimento;BCB/SICOR (MDCR)
4212809;14803661.19;309.52;2025;Custeio;BCB/SICOR (MDCR)
4212809;1986711.3;14.43;2025;Investimento;BCB/SICOR (MDCR)
4212908;110335913.18;1294.58;2025;Custeio;BCB/SICOR (MDCR)
4212908;55801476.76;257.98;2025;Investimento;BCB/SICOR (MDCR)
4213005;15549911.49;677.23;2025;Custeio;BCB/SICOR (MDCR)
4213005;7065954.27;60.73;2025;Investimento;BCB/SICOR (MDCR)
4213104;20440126.43;1193.86;2025;Custeio;BCB/SICOR (MDCR)
4213104;15383549.63;306.47;2025;Investimento;BCB/SICOR (MDCR)
4213153;16201919.69;723.81;2025;Custeio;BCB/SICOR (MDCR)
4213153;13546610.42;84.41;2025;Investimento;BCB/SICOR (MDCR)
4213203;3605758.77;72.7;2025;Custeio;BCB/SICOR (MDCR)
4213203;414391.5;0.0;2025;Investimento;BCB/SICOR (MDCR)
4213302;29341862.27;2289.2400000000002;2025;Custeio;BCB/SICOR (MDCR)
4213302;6809800.26;251.8;2025;Investimento;BCB/SICOR (MDCR)
4213351;4013540.81;558.0;2025;Custeio;BCB/SICOR (MDCR)
4213351;1344196.97;112.47999999999999;2025;Investimento;BCB/SICOR (MDCR)
4213401;29417202.53;1882.33;2025;Custeio;BCB/SICOR (MDCR)
4213401;15621321.52;212.53;2025;Investimento;BCB/SICOR (MDCR)
4213500;7610797.63;100.33;2025;Custeio;BCB/SICOR (MDCR)
4213500;467176.0;0.03;2025;Investimento;BCB/SICOR (MDCR)
4213609;32052281.46;3085.32;2025;Custeio;BCB/SICOR (MDCR)
4213609;29466485.82;322.96;2025;Investimento;BCB/SICOR (MDCR)
4213708;53322267.96;3738.91;2025;Custeio;BCB/SICOR (MDCR)
4213708;29164325.990000002;149.79;2025;Investimento;BCB/SICOR (MDCR)
4213807;17045519.95;1615.51;2025;Custeio;BCB/SICOR (MDCR)
4213807;9882734.91;4.33;2025;Investimento;BCB/SICOR (MDCR)
4213906;10715688.63;496.05;2025;Custeio;BCB/SICOR (MDCR)
4213906;7055782.74;27.98;2025;Investimento;BCB/SICOR (MDCR)
4214003;38938504.37;1902.09;2025;Custeio;BCB/SICOR (MDCR)
4214003;22750243.42;246.10999999999999;2025;Investimento;BCB/SICOR (MDCR)
4214102;5858368.93;554.72;2025;Custeio;BCB/SICOR (MDCR)
4214102;6908410.57;46.73;2025;Investimento;BCB/SICOR (MDCR)
4214151;49802409.21;1976.99;2025;Custeio;BCB/SICOR (MDCR)
4214151;14193549.34;103.66;2025;Investimento;BCB/SICOR (MDCR)
4214201;93332026.15;6211.84;2025;Custeio;BCB/SICOR (MDCR)
4214201;37869938.05;513.87;2025;Investimento;BCB/SICOR (MDCR)
4214300;12371958.41;697.55;2025;Custeio;BCB/SICOR (MDCR)
4214300;4550167.79;35.04;2025;Investimento;BCB/SICOR (MDCR)
4214409;40068717.54;2196.37;2025;Custeio;BCB/SICOR (MDCR)
4214409;27134985.96;368.62;2025;Investimento;BCB/SICOR (MDCR)
4214508;63720360.11;4734.79;2025;Custeio;BCB/SICOR (MDCR)
4214508;23136558.22;468.29;2025;Investimento;BCB/SICOR (MDCR)
4214607;55411320.0;3002.35;2025;Custeio;BCB/SICOR (MDCR)
4214607;28160249.05;250.29000000000002;2025;Investimento;BCB/SICOR (MDCR)
4214706;7194655.79;377.33;2025;Custeio;BCB/SICOR (MDCR)
4214706;2527149.76;19.85;2025;Investimento;BCB/SICOR (MDCR)
4214805;13016965.15;886.91;2025;Custeio;BCB/SICOR (MDCR)
4214805;64311635.75;14.97;2025;Investimento;BCB/SICOR (MDCR)
4214904;50095041.68;1152.11;2025;Custeio;BCB/SICOR (MDCR)
4214904;20757367.27;62.08;2025;Investimento;BCB/SICOR (MDCR)
4215000;50286745.42;9388.49;2025;Custeio;BCB/SICOR (MDCR)
4215000;23458463.349999998;292.94;2025;Investimento;BCB/SICOR (MDCR)
4215059;15543398.209999999;848.82;2025;Custeio;BCB/SICOR (MDCR)
4215059;3366801.37;34.48;2025;Investimento;BCB/SICOR (MDCR)
4215075;48051559.33;2467.56;2025;Custeio;BCB/SICOR (MDCR)
4215075;32636347.44;571.51;2025;Investimento;BCB/SICOR (MDCR)
4215109;6938760.23;217.51;2025;Custeio;BCB/SICOR (MDCR)
4215109;1488296.4;6.43;2025;Investimento;BCB/SICOR (MDCR)
4215208;73190015.55;3418.13;2025;Custeio;BCB/SICOR (MDCR)
4215208;20197636.48;521.54;2025;Investimento;BCB/SICOR (MDCR)
4215307;34951258.62;1838.67;2025;Custeio;BCB/SICOR (MDCR)
4215307;15886490.0;176.79;2025;Investimento;BCB/SICOR (MDCR)
4215356;33382173.88;1867.64;2025;Custeio;BCB/SICOR (MDCR)
4215356;12697808.15;519.82;2025;Investimento;BCB/SICOR (MDCR)
4215406;17445077.71;485.8;2025;Custeio;BCB/SICOR (MDCR)
4215406;10527269.76;37.9;2025;Investimento;BCB/SICOR (MDCR)
4215455;4889871.51;525.09;2025;Custeio;BCB/SICOR (MDCR)
4215455;5170180.6;16.84;2025;Investimento;BCB/SICOR (MDCR)
4215505;22099106.36;4711.5;2025;Custeio;BCB/SICOR (MDCR)
4215505;4589192.76;586.79;2025;Investimento;BCB/SICOR (MDCR)
4215554;26421017.47;1438.1;2025;Custeio;BCB/SICOR (MDCR)
4215554;36684248.26;141.68;2025;Investimento;BCB/SICOR (MDCR)
4215604;8666161.17;261.37;2025;Custeio;BCB/SICOR (MDCR)
4215604;5496650.32;41.51;2025;Investimento;BCB/SICOR (MDCR)
4215653;12349728.86;812.52;2025;Custeio;BCB/SICOR (MDCR)
4215653;10775404.98;47.160000000000004;2025;Investimento;BCB/SICOR (MDCR)
4215679;21011187.3;2424.78;2025;Custeio;BCB/SICOR (MDCR)
4215679;28313504.93;91.56;2025;Investimento;BCB/SICOR (MDCR)
4215687;23995400.13;988.72;2025;Custeio;BCB/SICOR (MDCR)
4215687;10356099.1;201.82;2025;Investimento;BCB/SICOR (MDCR)
4215695;30304381.2;1245.2;2025;Custeio;BCB/SICOR (MDCR)
4215695;3479097.45;147.03;2025;Investimento;BCB/SICOR (MDCR)
4215703;5410783.9;102.60000000000001;2025;Custeio;BCB/SICOR (MDCR)
4215703;3713816.4;0.33;2025;Investimento;BCB/SICOR (MDCR)
4215752;58533447.13;2629.92;2025;Custeio;BCB/SICOR (MDCR)
4215752;94748558.28;342.25;2025;Investimento;BCB/SICOR (MDCR)
4215802;5738579.34;464.95;2025;Custeio;BCB/SICOR (MDCR)
4215802;4281417.56;28.330000000000002;2025;Investimento;BCB/SICOR (MDCR)
4215901;4977644.42;268.63;2025;Custeio;BCB/SICOR (MDCR)
4215901;4828047.19;84.97;2025;Investimento;BCB/SICOR (MDCR)
4216008;83626969.07000001;2129.08;2025;Custeio;BCB/SICOR (MDCR)
4216008;53087218.89;320.53;2025;Investimento;BCB/SICOR (MDCR)
4216057;4568994.75;384.85;2025;Custeio;BCB/SICOR (MDCR)
4216057;491950.93;23.77;2025;Investimento;BCB/SICOR (MDCR)
4216107;75901621.93;8673.72;2025;Custeio;BCB/SICOR (MDCR)
4216107;29336824.03;1025.31;2025;Investimento;BCB/SICOR (MDCR)
4216206;231720.76;34.51;2025;Custeio;BCB/SICOR (MDCR)
4216255;117774019.9;1321.24;2025;Custeio;BCB/SICOR (MDCR)
4216255;48279120.13;124.24000000000001;2025;Investimento;BCB/SICOR (MDCR)
4216305;1720532.97;84.98;2025;Custeio;BCB/SICOR (MDCR)
4216305;1713035.56;0.15;2025;Investimento;BCB/SICOR (MDCR)
4216354;16412430.97;1165.55;2025;Custeio;BCB/SICOR (MDCR)
4216354;6497394.71;72.11;2025;Investimento;BCB/SICOR (MDCR)
4216404;19752422.63;1521.85;2025;Custeio;BCB/SICOR (MDCR)
4216404;12651974.46;23.16;2025;Investimento;BCB/SICOR (MDCR)
4216503;234008968.85;10861.91;2025;Custeio;BCB/SICOR (MDCR)
4216503;67407005.67;627.55;2025;Investimento;BCB/SICOR (MDCR)
4216602;181771.9;24.66;2025;Custeio;BCB/SICOR (MDCR)
4216602;1230176.92;0.0;2025;Investimento;BCB/SICOR (MDCR)
4216701;115101105.17;5898.91;2025;Custeio;BCB/SICOR (MDCR)
4216701;61298536.45;342.89;2025;Investimento;BCB/SICOR (MDCR)
4216800;73595555.47;8597.289999999999;2025;Custeio;BCB/SICOR (MDCR)
4216800;19027998.1;1111.93;2025;Investimento;BCB/SICOR (MDCR)
4216909;73194074.65;5391.34;2025;Custeio;BCB/SICOR (MDCR)
4216909;28865051.69;490.51;2025;Investimento;BCB/SICOR (MDCR)
4217006;37271340.92;350.37;2025;Custeio;BCB/SICOR (MDCR)
4217006;20259800.95;26.6;2025;Investimento;BCB/SICOR (MDCR)
4217105;18402461.38;526.09;2025;Custeio;BCB/SICOR (MDCR)
4217105;9457544.95;115.99;2025;Investimento;BCB/SICOR (MDCR)
4217154;23947488.29;738.63;2025;Custeio;BCB/SICOR (MDCR)
4217154;7253814.04;70.71;2025;Investimento;BCB/SICOR (MDCR)
4217204;68360557.13;1787.94;2025;Custeio;BCB/SICOR (MDCR)
4217204;41946870.63;266.77;2025;Investimento;BCB/SICOR (MDCR)
4217253;2308367.4;28.59;2025;Custeio;BCB/SICOR (MDCR)
4217253;1761426.47;0.64;2025;Investimento;BCB/SICOR (MDCR)
4217303;101187103.7;2670.52;2025;Custeio;BCB/SICOR (MDCR)
4217303;39679710.660000004;382.36;2025;Investimento;BCB/SICOR (MDCR)
4217402;2889654.14;107.51;2025;Custeio;BCB/SICOR (MDCR)
4217402;2141966.57;6.859999999999999;2025;Investimento;BCB/SICOR (MDCR)
4217501;71388687.38;1976.55;2025;Custeio;BCB/SICOR (MDCR)
4217501;66541480.86;274.59000000000003;2025;Investimento;BCB/SICOR (MDCR)
4217550;28469010.330000002;1104.37;2025;Custeio;BCB/SICOR (MDCR)
4217550;13761065.59;326.88;2025;Investimento;BCB/SICOR (MDCR)
4217600;5909330.5600000005;398.81;2025;Custeio;BCB/SICOR (MDCR)
4217600;4098950.5100000002;6.68;2025;Investimento;BCB/SICOR (MDCR)
4217709;16110214.709999999;1155.25;2025;Custeio;BCB/SICOR (MDCR)
4217709;14468733.59;42.68;2025;Investimento;BCB/SICOR (MDCR)
4217758;31666368.66;818.73;2025;Custeio;BCB/SICOR (MDCR)
4217758;28098778.06;346.5;2025;Investimento;BCB/SICOR (MDCR)
4217808;47448131.64;3881.09;2025;Custeio;BCB/SICOR (MDCR)
4217808;17501699.74;227.72;2025;Investimento;BCB/SICOR (MDCR)
4217907;108276631.42999999;5000.23;2025;Custeio;BCB/SICOR (MDCR)
4217907;63308272.53;209.38;2025;Investimento;BCB/SICOR (MDCR)
4217956;15555832.81;987.35;2025;Custeio;BCB/SICOR (MDCR)
4217956;6132922.9399999995;69.81;2025;Investimento;BCB/SICOR (MDCR)
4218004;15796327.96;1039.66;2025;Custeio;BCB/SICOR (MDCR)
4218004;2809750.0;29.42;2025;Investimento;BCB/SICOR (MDCR)
4218103;16032556.89;1339.79;2025;Custeio;BCB/SICOR (MDCR)
4218103;11327994.51;41.1;2025;Investimento;BCB/SICOR (MDCR)
4218202;5221164.08;164.19;2025;Custeio;BCB/SICOR (MDCR)
4218202;2599135.61;0.97;2025;Investimento;BCB/SICOR (MDCR)
4218251;3880087.66;525.65;2025;Custeio;BCB/SICOR (MDCR)
4218251;1318360.0;35.54;2025;Investimento;BCB/SICOR (MDCR)
4218301;16007954.82;2486.84;2025;Custeio;BCB/SICOR (MDCR)
4218301;36969351.22;58.32;2025;Investimento;BCB/SICOR (MDCR)
4218350;9589913.84;370.05;2025;Custeio;BCB/SICOR (MDCR)
4218350;3238704.4699999997;60.480000000000004;2025;Investimento;BCB/SICOR (MDCR)
4218400;10571256.21;798.25;2025;Custeio;BCB/SICOR (MDCR)
4218400;10056635.49;16.91;2025;Investimento;BCB/SICOR (MDCR)
4218509;40814610.17;1047.08;2025;Custeio;BCB/SICOR (MDCR)
4218509;18572875.64;148.5;2025;Investimento;BCB/SICOR (MDCR)
4218608;11464295.45;1036.31;2025;Custeio;BCB/SICOR (MDCR)
4218608;3984301.67;36.39;2025;Investimento;BCB/SICOR (MDCR)
4218707;28463441.63;3250.08;2025;Custeio;BCB/SICOR (MDCR)
4218707;10037209.66;10.06;2025;Investimento;BCB/SICOR (MDCR)
4218756;101121387.73;1514.14;2025;Custeio;BCB/SICOR (MDCR)
4218756;39611387.94;200.22;2025;Investimento;BCB/SICOR (MDCR)
4218806;101018543.63;4300.25;2025;Custeio;BCB/SICOR (MDCR)
4218806;89873637.83;91.12;2025;Investimento;BCB/SICOR (MDCR)
4218855;37338677.37;1403.35;2025;Custeio;BCB/SICOR (MDCR)
4218855;19880803.669999998;274.76;2025;Investimento;BCB/SICOR (MDCR)
4218905;56717832.71;4485.87;2025;Custeio;BCB/SICOR (MDCR)
4218905;12194126.59;241.22;2025;Investimento;BCB/SICOR (MDCR)
4218954;30142683.22;2304.9900000000002;2025;Custeio;BCB/SICOR (MDCR)
4218954;8601993.3;261.49;2025;Investimento;BCB/SICOR (MDCR)
4219002;19365110.6;815.74;2025;Custeio;BCB/SICOR (MDCR)
4219002;13524876.34;51.830000000000005;2025;Investimento;BCB/SICOR (MDCR)
4219101;22134086.56;829.69;2025;Custeio;BCB/SICOR (MDCR)
4219101;26881365.330000002;474.88;2025;Investimento;BCB/SICOR (MDCR)
4219150;24593644.17;4382.72;2025;Custeio;BCB/SICOR (MDCR)
4219150;3544151.36;316.55;2025;Investimento;BCB/SICOR (MDCR)
4219176;22742420.39;850.6899999999999;2025;Custeio;BCB/SICOR (MDCR)
4219176;29049624.68;107.5;2025;Investimento;BCB/SICOR (MDCR)
4219200;59318330.74;2894.32;2025;Custeio;BCB/SICOR (MDCR)
4219200;22577468.71;118.61999999999999;2025;Investimento;BCB/SICOR (MDCR)
4219309;108150406.17999999;3272.4;2025;Custeio;BCB/SICOR (MDCR)
4219309;107371401.17999999;114.22;2025;Investimento;BCB/SICOR (MDCR)
4219358;22787910.57;1304.08;2025;Custeio;BCB/SICOR (MDCR)
4219358;12298850.72;60.559999999999995;2025;Investimento;BCB/SICOR (MDCR)
4219408;27187355.88;1022.01;2025;Custeio;BCB/SICOR (MDCR)
4219408;8604554.36;24.009999999999998;2025;Investimento;BCB/SICOR (MDCR)
4219507;89245624.0;5407.94;2025;Custeio;BCB/SICOR (MDCR)
4219507;36175601.67;2157.2000000000003;2025;Investimento;BCB/SICOR (MDCR)
4219606;87270309.24;1364.27;2025;Custeio;BCB/SICOR (MDCR)
4219606;64155661.12;400.85;2025;Investimento;BCB/SICOR (MDCR)
4219705;70774180.97;2480.31;2025;Custeio;BCB/SICOR (MDCR)
4219705;47435150.43;442.16;2025;Investimento;BCB/SICOR (MDCR)
4219853;12114491.44;1767.3799999999999;2025;Custeio;BCB/SICOR (MDCR)
4219853;6524553.18;76.21000000000001;2025;Investimento;BCB/SICOR (MDCR)
4220000;692539.46;44.28;2025;Custeio;BCB/SICOR (MDCR)
4220000;852326.9;0.26;2025;Investimento;BCB/SICOR (MDCR)
4300034;74017713.05;14191.78;2025;Custeio;BCB/SICOR (MDCR)
4300034;29197955.06;2161.6;2025;Investimento;BCB/SICOR (MDCR)
4300059;62128913.11;8935.89;2025;Custeio;BCB/SICOR (MDCR)
4300059;38301747.33;2105.48;2025;Investimento;BCB/SICOR (MDCR)
4300109;32866908.2;5895.93;2025;Custeio;BCB/SICOR (MDCR)
4300109;21323597.31;300.81;2025;Investimento;BCB/SICOR (MDCR)
4300208;80889580.59;14168.94;2025;Custeio;BCB/SICOR (MDCR)
4300208;26499122.6;1582.31;2025;Investimento;BCB/SICOR (MDCR)
4300307;40064180.96;4711.1;2025;Custeio;BCB/SICOR (MDCR)
4300307;9383871.1;485.46;2025;Investimento;BCB/SICOR (MDCR)
4300406;421042140.31;65184.3;2025;Custeio;BCB/SICOR (MDCR)
4300406;75247660.72;6657.32;2025;Investimento;BCB/SICOR (MDCR)
4300455;38886459.93;4415.02;2025;Custeio;BCB/SICOR (MDCR)
4300455;10227613.64;925.39;2025;Investimento;BCB/SICOR (MDCR)
4300471;46884244.78;9516.17;2025;Custeio;BCB/SICOR (MDCR)
4300471;14445869.69;1902.36;2025;Investimento;BCB/SICOR (MDCR)
4300505;50664467.61;3507.31;2025;Custeio;BCB/SICOR (MDCR)
4300505;20277758.57;303.22;2025;Investimento;BCB/SICOR (MDCR)
4300554;16705841.32;3751.52;2025;Custeio;BCB/SICOR (MDCR)
4300554;9282675.6;680.69;2025;Investimento;BCB/SICOR (MDCR)
4300570;11060183.799999999;231.74;2025;Custeio;BCB/SICOR (MDCR)
4300570;3987827.27;6.65;2025;Investimento;BCB/SICOR (MDCR)
4300604;90000.0;28.04;2025;Investimento;BCB/SICOR (MDCR)
4300638;13274001.62;2121.32;2025;Custeio;BCB/SICOR (MDCR)
4300638;5464015.0;45.08;2025;Investimento;BCB/SICOR (MDCR)
4300646;9730691.24;941.0600000000001;2025;Custeio;BCB/SICOR (MDCR)
4300646;5283505.75;69.95;2025;Investimento;BCB/SICOR (MDCR)
4300661;39742835.94;7278.889999999999;2025;Custeio;BCB/SICOR (MDCR)
4300661;12818346.49;898.13;2025;Investimento;BCB/SICOR (MDCR)
4300703;48875756.91;3664.59;2025;Custeio;BCB/SICOR (MDCR)
4300703;23212446.53;353.33;2025;Investimento;BCB/SICOR (MDCR)
4300802;72693700.27;2555.13;2025;Custeio;BCB/SICOR (MDCR)
4300802;66660271.03;332.23;2025;Investimento;BCB/SICOR (MDCR)
4300851;43216495.53;6703.2;2025;Custeio;BCB/SICOR (MDCR)
4300851;13293905.0;162.29;2025;Investimento;BCB/SICOR (MDCR)
4300877;1250000.0;18.310000000000002;2025;Custeio;BCB/SICOR (MDCR)
4300877;1092077.8;0.02;2025;Investimento;BCB/SICOR (MDCR)
4300901;59894391.6;4061.65;2025;Custeio;BCB/SICOR (MDCR)
4300901;48068635.5;232.84;2025;Investimento;BCB/SICOR (MDCR)
4301008;17126663.04;727.56;2025;Custeio;BCB/SICOR (MDCR)
4301008;14713934.63;87.86;2025;Investimento;BCB/SICOR (MDCR)
4301057;838612.21;73.67;2025;Custeio;BCB/SICOR (MDCR)
4301057;1968973.75;9.89;2025;Investimento;BCB/SICOR (MDCR)
4301073;2139490.41;464.5;2025;Custeio;BCB/SICOR (MDCR)
4301073;5810836.65;5.66;2025;Investimento;BCB/SICOR (MDCR)
4301107;11630113.56;2893.94;2025;Custeio;BCB/SICOR (MDCR)
4301107;891225.9;106.77;2025;Investimento;BCB/SICOR (MDCR)
4301206;37229181.41;8228.46;2025;Custeio;BCB/SICOR (MDCR)
4301206;25165354.830000002;510.46999999999997;2025;Investimento;BCB/SICOR (MDCR)
4301305;179571797.64;31264.53;2025;Custeio;BCB/SICOR (MDCR)
4301305;75758588.92;9471.58;2025;Investimento;BCB/SICOR (MDCR)
4301404;24340022.990000002;3003.75;2025;Custeio;BCB/SICOR (MDCR)
4301404;20542163.16;386.21;2025;Investimento;BCB/SICOR (MDCR)
4301503;59772819.65;11027.67;2025;Custeio;BCB/SICOR (MDCR)
4301503;13747066.06;238.0;2025;Investimento;BCB/SICOR (MDCR)
4301552;28528724.7;5153.62;2025;Custeio;BCB/SICOR (MDCR)
4301552;9820006.45;608.69;2025;Investimento;BCB/SICOR (MDCR)
4301602;171589001.3;34656.67;2025;Custeio;BCB/SICOR (MDCR)
4301602;61223584.18;7709.3099999999995;2025;Investimento;BCB/SICOR (MDCR)
4301636;2241821.63;486.5;2025;Custeio;BCB/SICOR (MDCR)
4301636;770000.0;0.27;2025;Investimento;BCB/SICOR (MDCR)
4301651;14670458.77;260.71;2025;Custeio;BCB/SICOR (MDCR)
4301651;13026883.52;76.8;2025;Investimento;BCB/SICOR (MDCR)
4301701;69420307.76;8287.56;2025;Custeio;BCB/SICOR (MDCR)
4301701;26348841.15;781.82;2025;Investimento;BCB/SICOR (MDCR)
4301750;6403026.01;1277.52;2025;Custeio;BCB/SICOR (MDCR)
4301750;11692786.69;21.61;2025;Investimento;BCB/SICOR (MDCR)
4301800;66459023.49;10951.93;2025;Custeio;BCB/SICOR (MDCR)
4301800;12360413.37;1331.29;2025;Investimento;BCB/SICOR (MDCR)
4301859;9010953.71;917.59;2025;Custeio;BCB/SICOR (MDCR)
4301859;2022000.0;47.22;2025;Investimento;BCB/SICOR (MDCR)
4301875;53539075.01;5734.85;2025;Custeio;BCB/SICOR (MDCR)
4301875;8546900.0;453.24;2025;Investimento;BCB/SICOR (MDCR)
4301909;44033557.85;6723.639999999999;2025;Custeio;BCB/SICOR (MDCR)
4301909;9243280.0;1241.1;2025;Investimento;BCB/SICOR (MDCR)
4301925;34820793.36;2090.64;2025;Custeio;BCB/SICOR (MDCR)
4301925;27000262.33;213.35;2025;Investimento;BCB/SICOR (MDCR)
4301958;15761023.63;2757.22;2025;Custeio;BCB/SICOR (MDCR)
4301958;7772497.140000001;240.9;2025;Investimento;BCB/SICOR (MDCR)
4302006;54182568.17;10330.63;2025;Custeio;BCB/SICOR (MDCR)
4302006;44050590.08;587.87;2025;Investimento;BCB/SICOR (MDCR)
4302055;14076824.87;1961.39;2025;Custeio;BCB/SICOR (MDCR)
4302055;9155641.72;335.0;2025;Investimento;BCB/SICOR (MDCR)
4302105;40019979.15;1295.51;2025;Custeio;BCB/SICOR (MDCR)
4302105;38873133.93;106.71000000000001;2025;Investimento;BCB/SICOR (MDCR)
4302154;47992095.6;9060.11;2025;Custeio;BCB/SICOR (MDCR)
4302154;17637833.58;1098.38;2025;Investimento;BCB/SICOR (MDCR)
4302204;43708531.7;3612.23;2025;Custeio;BCB/SICOR (MDCR)
4302204;12522432.19;86.18;2025;Investimento;BCB/SICOR (MDCR)
4302220;108896366.66;25122.51;2025;Custeio;BCB/SICOR (MDCR)
4302220;33486125.56;3475.3500000000004;2025;Investimento;BCB/SICOR (MDCR)
4302238;69615228.25;16816.29;2025;Custeio;BCB/SICOR (MDCR)
4302238;11320589.93;444.97;2025;Investimento;BCB/SICOR (MDCR)
4302253;14466578.47;145.76;2025;Custeio;BCB/SICOR (MDCR)
4302253;9028720.82;9.88;2025;Investimento;BCB/SICOR (MDCR)
4302303;184311830.06;25286.329999999998;2025;Custeio;BCB/SICOR (MDCR)
4302303;35347136.84;3133.03;2025;Investimento;BCB/SICOR (MDCR)
4302352;10689594.97;182.17;2025;Custeio;BCB/SICOR (MDCR)
4302352;5834101.83;6.84;2025;Investimento;BCB/SICOR (MDCR)
4302378;11869805.4;2353.71;2025;Custeio;BCB/SICOR (MDCR)
4302378;2634322.8;301.96000000000004;2025;Investimento;BCB/SICOR (MDCR)
4302402;9886037.64;473.62;2025;Custeio;BCB/SICOR (MDCR)
4302402;3438978.5;24.05;2025;Investimento;BCB/SICOR (MDCR)
4302451;10229511.11;1772.44;2025;Custeio;BCB/SICOR (MDCR)
4302451;12096720.11;123.09;2025;Investimento;BCB/SICOR (MDCR)
4302501;150113864.46;30709.33;2025;Custeio;BCB/SICOR (MDCR)
4302501;68896356.47;3961.54;2025;Investimento;BCB/SICOR (MDCR)
4302584;39868636.07;9616.51;2025;Custeio;BCB/SICOR (MDCR)
4302584;9469726.02;713.26;2025;Investimento;BCB/SICOR (MDCR)
4302600;24732142.28;5212.32;2025;Custeio;BCB/SICOR (MDCR)
4302600;7058898.13;467.18;2025;Investimento;BCB/SICOR (MDCR)
4302659;2996576.14;268.61;2025;Custeio;BCB/SICOR (MDCR)
4302659;7332354.18;89.82;2025;Investimento;BCB/SICOR (MDCR)
4302709;14473556.38;3681.44;2025;Custeio;BCB/SICOR (MDCR)
4302709;3787128.8;546.84;2025;Investimento;BCB/SICOR (MDCR)
4302808;127769640.26;31846.58;2025;Custeio;BCB/SICOR (MDCR)
4302808;111189253.87;5704.34;2025;Investimento;BCB/SICOR (MDCR)
4302907;107898575.07000001;22798.84;2025;Custeio;BCB/SICOR (MDCR)
4302907;15831170.47;1666.67;2025;Investimento;BCB/SICOR (MDCR)
4303004;220674368.37;47546.79;2025;Custeio;BCB/SICOR (MDCR)
4303004;58812535.49;3887.9599999999996;2025;Investimento;BCB/SICOR (MDCR)
4303202;40253932.33;6472.69;2025;Custeio;BCB/SICOR (MDCR)
4303202;25698584.37;992.14;2025;Investimento;BCB/SICOR (MDCR)
4303301;48909972.12;10218.1;2025;Custeio;BCB/SICOR (MDCR)
4303301;17572788.37;1782.58;2025;Investimento;BCB/SICOR (MDCR)
4303400;47853170.34;4475.26;2025;Custeio;BCB/SICOR (MDCR)
4303400;18682062.56;245.52;2025;Investimento;BCB/SICOR (MDCR)
4303509;154723819.05;22610.92;2025;Custeio;BCB/SICOR (MDCR)
4303509;89329188.67;2772.79;2025;Investimento;BCB/SICOR (MDCR)
4303558;32517427.490000002;4830.98;2025;Custeio;BCB/SICOR (MDCR)
4303558;21326198.27;212.3;2025;Investimento;BCB/SICOR (MDCR)
4303608;21159171.86;3236.25;2025;Custeio;BCB/SICOR (MDCR)
4303608;5886277.0;400.79;2025;Investimento;BCB/SICOR (MDCR)
4303673;52893242.82;4483.14;2025;Custeio;BCB/SICOR (MDCR)
4303673;25700241.21;2376.75;2025;Investimento;BCB/SICOR (MDCR)
4303707;59573241.18;4353.72;2025;Custeio;BCB/SICOR (MDCR)
4303707;31818594.73;299.33;2025;Investimento;BCB/SICOR (MDCR)
4303806;65704908.3;12088.82;2025;Custeio;BCB/SICOR (MDCR)
4303806;21136954.82;1580.78;2025;Investimento;BCB/SICOR (MDCR)
4303905;159427.2;40.9;2025;Custeio;BCB/SICOR (MDCR)
4303905;350750.0;0.0;2025;Investimento;BCB/SICOR (MDCR)
4304002;101858110.03999999;9292.84;2025;Custeio;BCB/SICOR (MDCR)
4304002;30182568.61;1475.1100000000001;2025;Investimento;BCB/SICOR (MDCR)
4304101;28175315.17;6374.91;2025;Custeio;BCB/SICOR (MDCR)
4304101;11007776.11;1042.5;2025;Investimento;BCB/SICOR (MDCR)
4304200;57165473.69;12584.28;2025;Custeio;BCB/SICOR (MDCR)
4304200;39816010.7;524.25;2025;Investimento;BCB/SICOR (MDCR)
4304309;64880116.78;6861.79;2025;Custeio;BCB/SICOR (MDCR)
4304309;39550348.78;835.28;2025;Investimento;BCB/SICOR (MDCR)
4304358;32271933.62;7208.28;2025;Custeio;BCB/SICOR (MDCR)
4304358;11085357.0;562.69;2025;Investimento;BCB/SICOR (MDCR)
4304408;750668.06;13.01;2025;Custeio;BCB/SICOR (MDCR)
4304408;1647729.9;1.76;2025;Investimento;BCB/SICOR (MDCR)
4304507;125735165.56;26124.29;2025;Custeio;BCB/SICOR (MDCR)
4304507;85262859.27;1212.73;2025;Investimento;BCB/SICOR (MDCR)
4304606;2404567.07;282.4;2025;Custeio;BCB/SICOR (MDCR)
4304614;1270073.05;96.58;2025;Custeio;BCB/SICOR (MDCR)
4304614;9565200.25;18.13;2025;Investimento;BCB/SICOR (MDCR)
4304622;81620497.51;15087.93;2025;Custeio;BCB/SICOR (MDCR)
4304622;15623012.65;489.64;2025;Investimento;BCB/SICOR (MDCR)
4304630;570201.6000000001;56.36;2025;Custeio;BCB/SICOR (MDCR)
4304630;18454.87;0.0;2025;Investimento;BCB/SICOR (MDCR)
4304655;95007653.67;23972.67;2025;Custeio;BCB/SICOR (MDCR)
4304655;49858441.11;5695.61;2025;Investimento;BCB/SICOR (MDCR)
4304663;52224303.28;8161.38;2025;Custeio;BCB/SICOR (MDCR)
4304663;23583941.43;1795.3899999999999;2025;Investimento;BCB/SICOR (MDCR)
4304671;52902898.01;6474.1;2025;Custeio;BCB/SICOR (MDCR)
4304671;10479663.0;1042.58;2025;Investimento;BCB/SICOR (MDCR)
4304689;7542596.09;817.87;2025;Custeio;BCB/SICOR (MDCR)
4304689;6932177.57;310.71999999999997;2025;Investimento;BCB/SICOR (MDCR)
4304697;3659731.4;294.31;2025;Custeio;BCB/SICOR (MDCR)
4304697;8199635.9;22.32;2025;Investimento;BCB/SICOR (MDCR)
4304705;91835975.12;19911.27;2025;Custeio;BCB/SICOR (MDCR)
4304705;26501097.68;1699.2;2025;Investimento;BCB/SICOR (MDCR)
4304713;1106738.43;131.48;2025;Custeio;BCB/SICOR (MDCR)
4304713;2125520.16;76.22000000000001;2025;Investimento;BCB/SICOR (MDCR)
4304804;34090719.17;347.83;2025;Custeio;BCB/SICOR (MDCR)
4304804;22317019.19;28.24;2025;Investimento;BCB/SICOR (MDCR)
4304853;12895265.71;1899.66;2025;Custeio;BCB/SICOR (MDCR)
4304853;4779411.13;165.32;2025;Investimento;BCB/SICOR (MDCR)
4304903;91969091.51;9095.25;2025;Custeio;BCB/SICOR (MDCR)
4304903;41825999.18;907.89;2025;Investimento;BCB/SICOR (MDCR)
4304952;36576825.62;5135.8;2025;Custeio;BCB/SICOR (MDCR)
4304952;17195402.0;693.17;2025;Investimento;BCB/SICOR (MDCR)
4305009;100084600.85;22562.59;2025;Custeio;BCB/SICOR (MDCR)
4305009;24454633.56;2640.56;2025;Investimento;BCB/SICOR (MDCR)
4305108;121638271.13;4581.63;2025;Custeio;BCB/SICOR (MDCR)
4305108;76333083.46000001;417.53;2025;Investimento;BCB/SICOR (MDCR)
4305116;22113973.94;3282.79;2025;Custeio;BCB/SICOR (MDCR)
4305116;11382188.58;207.12;2025;Investimento;BCB/SICOR (MDCR)
4305124;28655763.47;6490.81;2025;Custeio;BCB/SICOR (MDCR)
4305124;4243295.39;179.94;2025;Investimento;BCB/SICOR (MDCR)
4305132;4177162.51;1055.05;2025;Custeio;BCB/SICOR (MDCR)
4305132;5732716.9;55.93;2025;Investimento;BCB/SICOR (MDCR)
4305157;27373796.35;4573.89;2025;Custeio;BCB/SICOR (MDCR)
4305157;7847042.32;278.53;2025;Investimento;BCB/SICOR (MDCR)
4305173;3392637.16;570.21;2025;Custeio;BCB/SICOR (MDCR)
4305173;6627413.82;33.96;2025;Investimento;BCB/SICOR (MDCR)
4305207;32472487.5;4310.2;2025;Custeio;BCB/SICOR (MDCR)
4305207;20942868.04;365.79;2025;Investimento;BCB/SICOR (MDCR)
4305306;130520104.65;24035.66;2025;Custeio;BCB/SICOR (MDCR)
4305306;34334046.33;4424.96;2025;Investimento;BCB/SICOR (MDCR)
4305355;14277453.07;2346.18;2025;Custeio;BCB/SICOR (MDCR)
4305355;6481514.71;143.44;2025;Investimento;BCB/SICOR (MDCR)
4305371;36893713.98;4389.76;2025;Custeio;BCB/SICOR (MDCR)
4305371;12564632.459999999;1023.8399999999999;2025;Investimento;BCB/SICOR (MDCR)
4305405;67184968.4;13434.95;2025;Custeio;BCB/SICOR (MDCR)
4305405;23070856.38;633.33;2025;Investimento;BCB/SICOR (MDCR)
4305439;3395919.8499999996;640.22;2025;Custeio;BCB/SICOR (MDCR)
4305439;3362500.48;234.0;2025;Investimento;BCB/SICOR (MDCR)
4305447;5878926.12;1206.6599999999999;2025;Custeio;BCB/SICOR (MDCR)
4305447;14170281.629999999;17.07;2025;Investimento;BCB/SICOR (MDCR)
4305454;7545775.859999999;1168.01;2025;Custeio;BCB/SICOR (MDCR)
4305454;1829885.0;286.21000000000004;2025;Investimento;BCB/SICOR (MDCR)
4305504;44223383.48;7957.9800000000005;2025;Custeio;BCB/SICOR (MDCR)
4305504;12037050.68;830.39;2025;Investimento;BCB/SICOR (MDCR)
4305587;7769706.95;194.51999999999998;2025;Custeio;BCB/SICOR (MDCR)
4305587;2980949.75;16.52;2025;Investimento;BCB/SICOR (MDCR)
4305603;39156203.27;8363.02;2025;Custeio;BCB/SICOR (MDCR)
4305603;12586630.52;928.08;2025;Investimento;BCB/SICOR (MDCR)
4305702;60752066.44;13380.619999999999;2025;Custeio;BCB/SICOR (MDCR)
4305702;14054120.049999999;2732.25;2025;Investimento;BCB/SICOR (MDCR)
4305801;93018757.35;6934.74;2025;Custeio;BCB/SICOR (MDCR)
4305801;34657202.47;1233.17;2025;Investimento;BCB/SICOR (MDCR)
4305835;3751711.17;266.2;2025;Custeio;BCB/SICOR (MDCR)
4305835;3287543.5;7.77;2025;Investimento;BCB/SICOR (MDCR)
4305850;36436417.53;6779.46;2025;Custeio;BCB/SICOR (MDCR)
4305850;25480949.02;1176.43;2025;Investimento;BCB/SICOR (MDCR)
4305871;26242491.12;5794.59;2025;Custeio;BCB/SICOR (MDCR)
4305871;7036497.05;105.46;2025;Investimento;BCB/SICOR (MDCR)
4305900;102938959.1;23607.38;2025;Custeio;BCB/SICOR (MDCR)
4305900;31065741.06;2251.18;2025;Investimento;BCB/SICOR (MDCR)
4305934;11909151.86;414.18;2025;Custeio;BCB/SICOR (MDCR)
4305934;16493605.1;37.14;2025;Investimento;BCB/SICOR (MDCR)
4305959;34918172.77;1291.89;2025;Custeio;BCB/SICOR (MDCR)
4305959;22394647.29;119.64;2025;Investimento;BCB/SICOR (MDCR)
4305975;62958946.95;12763.66;2025;Custeio;BCB/SICOR (MDCR)
4305975;12216610.51;878.51;2025;Investimento;BCB/SICOR (MDCR)
4306007;78099957.5;10401.5;2025;Custeio;BCB/SICOR (MDCR)
4306007;20359897.87;328.95;2025;Investimento;BCB/SICOR (MDCR)
4306056;45359599.3;8894.62;2025;Custeio;BCB/SICOR (MDCR)
4306056;8608764.82;96.4;2025;Investimento;BCB/SICOR (MDCR)
4306072;26114235.21;3342.43;2025;Custeio;BCB/SICOR (MDCR)
4306072;20327491.59;329.15;2025;Investimento;BCB/SICOR (MDCR)
4306106;204807986.67;46958.13;2025;Custeio;BCB/SICOR (MDCR)
4306106;67366443.4;9174.36;2025;Investimento;BCB/SICOR (MDCR)
4306130;51060262.86;6962.83;2025;Custeio;BCB/SICOR (MDCR)
4306130;17201229.75;857.3;2025;Investimento;BCB/SICOR (MDCR)
4306205;12233527.98;634.43;2025;Custeio;BCB/SICOR (MDCR)
4306205;7319278.82;218.34;2025;Investimento;BCB/SICOR (MDCR)
4306304;40642695.55;4852.28;2025;Custeio;BCB/SICOR (MDCR)
4306304;19530171.24;1584.71;2025;Investimento;BCB/SICOR (MDCR)
4306320;46397668.61;5568.88;2025;Custeio;BCB/SICOR (MDCR)
4306320;13189078.19;594.33;2025;Investimento;BCB/SICOR (MDCR)
4306353;19063881.31;2778.0;2025;Custeio;BCB/SICOR (MDCR)
4306353;11905235.8;1584.64;2025;Investimento;BCB/SICOR (MDCR)
4306379;30836408.4;7290.91;2025;Custeio;BCB/SICOR (MDCR)
4306379;10140984.98;1793.23;2025;Investimento;BCB/SICOR (MDCR)
4306403;744167.5;17.93;2025;Custeio;BCB/SICOR (MDCR)
4306403;1033825.04;1.52;2025;Investimento;BCB/SICOR (MDCR)
4306429;33940123.31;5339.94;2025;Custeio;BCB/SICOR (MDCR)
4306429;11579640.48;826.01;2025;Investimento;BCB/SICOR (MDCR)
4306452;18118598.81;1525.97;2025;Custeio;BCB/SICOR (MDCR)
4306452;12802232.75;174.34;2025;Investimento;BCB/SICOR (MDCR)
4306502;20931011.84;4245.48;2025;Custeio;BCB/SICOR (MDCR)
4306502;27932880.87;527.52;2025;Investimento;BCB/SICOR (MDCR)
4306551;1408636.83;107.66;2025;Custeio;BCB/SICOR (MDCR)
4306551;2580027.36;4.86;2025;Investimento;BCB/SICOR (MDCR)
4306601;285711603.92;62099.97;2025;Custeio;BCB/SICOR (MDCR)
4306601;104306351.94;12107.7;2025;Investimento;BCB/SICOR (MDCR)
4306700;10658524.14;1816.97;2025;Custeio;BCB/SICOR (MDCR)
4306700;2913415.0;19.779999999999998;2025;Investimento;BCB/SICOR (MDCR)
4306734;52588503.839999996;10379.13;2025;Custeio;BCB/SICOR (MDCR)
4306734;15362687.17;1895.04;2025;Investimento;BCB/SICOR (MDCR)
4306759;5105765.9;871.53;2025;Custeio;BCB/SICOR (MDCR)
4306759;4639319.74;90.59;2025;Investimento;BCB/SICOR (MDCR)
4306767;46344873.93;6759.82;2025;Custeio;BCB/SICOR (MDCR)
4306767;13478011.13;601.94;2025;Investimento;BCB/SICOR (MDCR)
4306809;5155663.62;298.24;2025;Custeio;BCB/SICOR (MDCR)
4306809;122145695.89;19.23;2025;Investimento;BCB/SICOR (MDCR)
4306908;111036830.15;19358.93;2025;Custeio;BCB/SICOR (MDCR)
4306908;24971071.69;1485.78;2025;Investimento;BCB/SICOR (MDCR)
4306924;19560681.23;1217.11;2025;Custeio;BCB/SICOR (MDCR)
4306924;6072713.87;481.52000000000004;2025;Investimento;BCB/SICOR (MDCR)
4306932;78125507.38;17218.26;2025;Custeio;BCB/SICOR (MDCR)
4306932;29510865.259999998;768.8;2025;Investimento;BCB/SICOR (MDCR)
4306957;23070425.12;3786.12;2025;Custeio;BCB/SICOR (MDCR)
4306957;11140585.67;824.22;2025;Investimento;BCB/SICOR (MDCR)
4306973;33784037.7;6202.11;2025;Custeio;BCB/SICOR (MDCR)
4306973;11720597.0;248.12;2025;Investimento;BCB/SICOR (MDCR)
4307005;88079970.88;14071.4;2025;Custeio;BCB/SICOR (MDCR)
4307005;57088007.21;728.84;2025;Investimento;BCB/SICOR (MDCR)
4307054;41553193.71;7876.66;2025;Custeio;BCB/SICOR (MDCR)
4307054;12641960.27;1259.52;2025;Investimento;BCB/SICOR (MDCR)
4307104;50882818.02;12501.94;2025;Custeio;BCB/SICOR (MDCR)
4307104;12596875.32;2443.0;2025;Investimento;BCB/SICOR (MDCR)
4307203;30018494.11;2408.84;2025;Custeio;BCB/SICOR (MDCR)
4307203;18764787.75;283.69;2025;Investimento;BCB/SICOR (MDCR)
4307302;66807501.66;7346.37;2025;Custeio;BCB/SICOR (MDCR)
4307302;38893433.75;550.41;2025;Investimento;BCB/SICOR (MDCR)
4307401;55314732.31;10209.18;2025;Custeio;BCB/SICOR (MDCR)
4307401;17205000.82;1716.32;2025;Investimento;BCB/SICOR (MDCR)
4307450;26955832.61;4226.68;2025;Custeio;BCB/SICOR (MDCR)
4307450;8202050.5;132.06;2025;Investimento;BCB/SICOR (MDCR)
4307500;130148716.64;29590.2;2025;Custeio;BCB/SICOR (MDCR)
4307500;65150122.33;4979.23;2025;Investimento;BCB/SICOR (MDCR)
4307559;29528256.89;5065.17;2025;Custeio;BCB/SICOR (MDCR)
4307559;8691621.5;721.0799999999999;2025;Investimento;BCB/SICOR (MDCR)
4307609;20920.61;0.01;2025;Investimento;BCB/SICOR (MDCR)
4307807;32489350.81;869.36;2025;Custeio;BCB/SICOR (MDCR)
4307807;15017548.93;28.919999999999998;2025;Investimento;BCB/SICOR (MDCR)
4307815;28629306.43;7506.47;2025;Custeio;BCB/SICOR (MDCR)
4307815;8728227.8;264.7;2025;Investimento;BCB/SICOR (MDCR)
4307831;74034345.87;14576.07;2025;Custeio;BCB/SICOR (MDCR)
4307831;15794364.67;936.98;2025;Investimento;BCB/SICOR (MDCR)
4307864;36465697.67;2604.97;2025;Custeio;BCB/SICOR (MDCR)
4307864;19017241.8;253.36999999999998;2025;Investimento;BCB/SICOR (MDCR)
4307906;94654311.38;1929.61;2025;Custeio;BCB/SICOR (MDCR)
4307906;54846625.339999996;141.69;2025;Investimento;BCB/SICOR (MDCR)
4308003;9132757.15;1830.36;2025;Custeio;BCB/SICOR (MDCR)
4308003;3783573.11;27.330000000000002;2025;Investimento;BCB/SICOR (MDCR)
4308052;26063559.96;3715.52;2025;Custeio;BCB/SICOR (MDCR)
4308052;7473988.72;286.44;2025;Investimento;BCB/SICOR (MDCR)
4308078;6918956.0;398.15999999999997;2025;Custeio;BCB/SICOR (MDCR)
4308078;7383400.71;36.32;2025;Investimento;BCB/SICOR (MDCR)
4308102;14684291.17;161.55;2025;Custeio;BCB/SICOR (MDCR)
4308102;16440465.889999999;13.48;2025;Investimento;BCB/SICOR (MDCR)
4308201;109027487.05;2157.52;2025;Custeio;BCB/SICOR (MDCR)
4308201;89615789.53;90.22;2025;Investimento;BCB/SICOR (MDCR)
4308250;25354327.79;4489.06;2025;Custeio;BCB/SICOR (MDCR)
4308250;5028845.4;93.25;2025;Investimento;BCB/SICOR (MDCR)
4308300;21592626.93;3987.5;2025;Custeio;BCB/SICOR (MDCR)
4308300;23562945.68;65.21;2025;Investimento;BCB/SICOR (MDCR)
4308409;27984104.16;5683.98;2025;Custeio;BCB/SICOR (MDCR)
4308409;7181839.89;138.68;2025;Investimento;BCB/SICOR (MDCR)
4308433;2294983.5;93.28999999999999;2025;Custeio;BCB/SICOR (MDCR)
4308433;1264619.01;11.6;2025;Investimento;BCB/SICOR (MDCR)
4308458;84773578.77;19542.88;2025;Custeio;BCB/SICOR (MDCR)
4308458;13024885.78;1829.73;2025;Investimento;BCB/SICOR (MDCR)
4308508;111240633.74;6715.31;2025;Custeio;BCB/SICOR (MDCR)
4308508;51985078.87;437.38;2025;Investimento;BCB/SICOR (MDCR)
4308607;28102430.93;765.6800000000001;2025;Custeio;BCB/SICOR (MDCR)
4308607;37242941.52;47.01;2025;Investimento;BCB/SICOR (MDCR)
4308656;53538288.25;11355.7;2025;Custeio;BCB/SICOR (MDCR)
4308656;8070719.68;1518.46;2025;Investimento;BCB/SICOR (MDCR)
4308706;30978711.35;5070.65;2025;Custeio;BCB/SICOR (MDCR)
4308706;8526335.24;320.67;2025;Investimento;BCB/SICOR (MDCR)
4308805;26909601.08;4641.13;2025;Custeio;BCB/SICOR (MDCR)
4308805;7107690.5;585.85;2025;Investimento;BCB/SICOR (MDCR)
4308854;37297835.77;5535.58;2025;Custeio;BCB/SICOR (MDCR)
4308854;22880447.740000002;535.7099999999999;2025;Investimento;BCB/SICOR (MDCR)
4308904;67795228.02;12722.01;2025;Custeio;BCB/SICOR (MDCR)
4308904;17258159.98;554.71;2025;Investimento;BCB/SICOR (MDCR)
4309001;186180663.5;42642.43;2025;Custeio;BCB/SICOR (MDCR)
4309001;39648474.230000004;3966.43;2025;Investimento;BCB/SICOR (MDCR)
4309050;8767283.97;1400.56;2025;Custeio;BCB/SICOR (MDCR)
4309050;5705026.25;513.77;2025;Investimento;BCB/SICOR (MDCR)
4309100;3556695.55;27.63;2025;Custeio;BCB/SICOR (MDCR)
4309100;2634445.54;9.02;2025;Investimento;BCB/SICOR (MDCR)
4309126;14487706.55;2627.14;2025;Custeio;BCB/SICOR (MDCR)
4309126;9122909.46;484.17;2025;Investimento;BCB/SICOR (MDCR)
4309159;9944846.209999999;1824.4;2025;Custeio;BCB/SICOR (MDCR)
4309159;10149486.38;27.13;2025;Investimento;BCB/SICOR (MDCR)
4309209;13401990.24;1271.14;2025;Custeio;BCB/SICOR (MDCR)
4309209;2859528.32;445.17;2025;Investimento;BCB/SICOR (MDCR)
4309258;29546178.64;3838.97;2025;Custeio;BCB/SICOR (MDCR)
4309258;15494732.73;651.42;2025;Investimento;BCB/SICOR (MDCR)
4309308;8921636.559999999;1773.54;2025;Custeio;BCB/SICOR (MDCR)
4309308;4348029.0;15.0;2025;Investimento;BCB/SICOR (MDCR)
4309407;35240389.54;4205.86;2025;Custeio;BCB/SICOR (MDCR)
4309407;16578264.78;398.28;2025;Investimento;BCB/SICOR (MDCR)
4309506;38415717.76;7837.72;2025;Custeio;BCB/SICOR (MDCR)
4309506;17510861.03;806.03;2025;Investimento;BCB/SICOR (MDCR)
4309555;9850230.74;218.73;2025;Custeio;BCB/SICOR (MDCR)
4309555;11299120.030000001;44.11;2025;Investimento;BCB/SICOR (MDCR)
4309571;6007037.48;1158.02;2025;Custeio;BCB/SICOR (MDCR)
4309571;8705253.03;40.76;2025;Investimento;BCB/SICOR (MDCR)
4309605;60416815.42;8617.0;2025;Custeio;BCB/SICOR (MDCR)
4309605;24029385.45;716.37;2025;Investimento;BCB/SICOR (MDCR)
4309654;40307167.4;7680.18;2025;Custeio;BCB/SICOR (MDCR)
4309654;6915356.7;350.71999999999997;2025;Investimento;BCB/SICOR (MDCR)
4309704;52438899.4;6101.21;2025;Custeio;BCB/SICOR (MDCR)
4309704;16589867.42;454.27;2025;Investimento;BCB/SICOR (MDCR)
4309753;8282921.84;1799.46;2025;Custeio;BCB/SICOR (MDCR)
4309753;9032657.68;112.35;2025;Investimento;BCB/SICOR (MDCR)
4309803;60758067.55;11776.38;2025;Custeio;BCB/SICOR (MDCR)
4309803;23649094.15;1305.25;2025;Investimento;BCB/SICOR (MDCR)
4309902;47877196.76;6369.2699999999995;2025;Custeio;BCB/SICOR (MDCR)
4309902;24173772.92;474.81;2025;Investimento;BCB/SICOR (MDCR)
4309951;53682114.92;9465.21;2025;Custeio;BCB/SICOR (MDCR)
4309951;11554523.6;829.1;2025;Investimento;BCB/SICOR (MDCR)
4310009;133020843.72;16163.42;2025;Custeio;BCB/SICOR (MDCR)
4310009;31713966.02;1649.1;2025;Investimento;BCB/SICOR (MDCR)
4310108;509778.70999999996;31.64;2025;Custeio;BCB/SICOR (MDCR)
4310108;849566.71;26.880000000000003;2025;Investimento;BCB/SICOR (MDCR)
4310207;88581131.5;19759.920000000002;2025;Custeio;BCB/SICOR (MDCR)
4310207;20087623.04;1462.23;2025;Investimento;BCB/SICOR (MDCR)
4310306;19572726.21;2089.61;2025;Custeio;BCB/SICOR (MDCR)
4310306;11538751.21;152.97;2025;Investimento;BCB/SICOR (MDCR)
4310330;219000.0;0.0;2025;Investimento;BCB/SICOR (MDCR)
4310363;5060101.84;64.48;2025;Custeio;BCB/SICOR (MDCR)
4310363;4125243.88;5.569999999999999;2025;Investimento;BCB/SICOR (MDCR)
4310405;57629769.31;11643.49;2025;Custeio;BCB/SICOR (MDCR)
4310405;23519306.48;1550.09;2025;Investimento;BCB/SICOR (MDCR)
4310413;18242027.51;4039.93;2025;Custeio;BCB/SICOR (MDCR)
4310413;8197539.91;782.32;2025;Investimento;BCB/SICOR (MDCR)
4310439;90317246.48;8797.38;2025;Custeio;BCB/SICOR (MDCR)
4310439;35488899.0;2444.81;2025;Investimento;BCB/SICOR (MDCR)
4310462;35763790.31;7108.57;2025;Custeio;BCB/SICOR (MDCR)
4310462;11174070.87;1209.94;2025;Investimento;BCB/SICOR (MDCR)
4310504;53539125.82;6080.91;2025;Custeio;BCB/SICOR (MDCR)
4310504;19420814.15;388.28;2025;Investimento;BCB/SICOR (MDCR)
4310538;3337000.81;852.31;2025;Custeio;BCB/SICOR (MDCR)
4310538;958600.0;247.98999999999998;2025;Investimento;BCB/SICOR (MDCR)
4310553;64864062.68;13685.1;2025;Custeio;BCB/SICOR (MDCR)
4310553;12854155.67;1866.64;2025;Investimento;BCB/SICOR (MDCR)
4310579;22892152.0;4125.93;2025;Custeio;BCB/SICOR (MDCR)
4310579;17590662.27;607.35;2025;Investimento;BCB/SICOR (MDCR)
4310603;225323388.75;39472.03;2025;Custeio;BCB/SICOR (MDCR)
4310603;31659310.03;4092.83;2025;Investimento;BCB/SICOR (MDCR)
4310652;387246.43;25.7;2025;Custeio;BCB/SICOR (MDCR)
4310652;2558794.89;10.09;2025;Investimento;BCB/SICOR (MDCR)
4310702;25450774.6;2739.2;2025;Custeio;BCB/SICOR (MDCR)
4310702;13689373.31;410.7;2025;Investimento;BCB/SICOR (MDCR)
4310751;5555695.18;1314.71;2025;Custeio;BCB/SICOR (MDCR)
4310751;1899423.9;105.08;2025;Investimento;BCB/SICOR (MDCR)
4310801;1111662.53;73.16;2025;Custeio;BCB/SICOR (MDCR)
4310801;3255742.26;28.13;2025;Investimento;BCB/SICOR (MDCR)
4310850;44076285.75;8054.58;2025;Custeio;BCB/SICOR (MDCR)
4310850;21729120.23;1027.09;2025;Investimento;BCB/SICOR (MDCR)
4310876;44581083.67;9837.23;2025;Custeio;BCB/SICOR (MDCR)
4310876;6405499.73;754.85;2025;Investimento;BCB/SICOR (MDCR)
4310900;48205832.98;8323.47;2025;Custeio;BCB/SICOR (MDCR)
4310900;11221583.67;1341.74;2025;Investimento;BCB/SICOR (MDCR)
4311007;113178781.09;24920.81;2025;Custeio;BCB/SICOR (MDCR)
4311007;43594768.89;4268.99;2025;Investimento;BCB/SICOR (MDCR)
4311106;55670473.96;11302.11;2025;Custeio;BCB/SICOR (MDCR)
4311106;14577952.82;1166.07;2025;Investimento;BCB/SICOR (MDCR)
4311122;13785331.32;3088.95;2025;Custeio;BCB/SICOR (MDCR)
4311122;6257287.0;587.25;2025;Investimento;BCB/SICOR (MDCR)
4311130;87701934.56;20070.17;2025;Custeio;BCB/SICOR (MDCR)
4311130;30020518.740000002;3720.54;2025;Investimento;BCB/SICOR (MDCR)
4311155;146138748.47;33153.26;2025;Custeio;BCB/SICOR (MDCR)
4311155;56241861.65;4860.7;2025;Investimento;BCB/SICOR (MDCR)
4311205;209069104.44;46316.95;2025;Custeio;BCB/SICOR (MDCR)
4311205;60891102.0;7431.79;2025;Investimento;BCB/SICOR (MDCR)
4311239;6001309.36;1467.1499999999999;2025;Custeio;BCB/SICOR (MDCR)
4311239;4973632.9399999995;75.19;2025;Investimento;BCB/SICOR (MDCR)
4311254;26129185.74;6076.74;2025;Custeio;BCB/SICOR (MDCR)
4311254;9552838.53;478.65;2025;Investimento;BCB/SICOR (MDCR)
4311270;25129082.38;5445.34;2025;Custeio;BCB/SICOR (MDCR)
4311270;12141476.16;652.96;2025;Investimento;BCB/SICOR (MDCR)
4311304;152439881.69;28212.3;2025;Custeio;BCB/SICOR (MDCR)
4311304;36012917.480000004;1885.8999999999999;2025;Investimento;BCB/SICOR (MDCR)
4311403;5916987.48;48.14;2025;Custeio;BCB/SICOR (MDCR)
4311403;647083.2;0.6000000000000001;2025;Investimento;BCB/SICOR (MDCR)
4311429;18319661.56;3109.85;2025;Custeio;BCB/SICOR (MDCR)
4311429;4920001.07;244.44;2025;Investimento;BCB/SICOR (MDCR)
4311502;98092819.12;20804.61;2025;Custeio;BCB/SICOR (MDCR)
4311502;35491596.87;5096.15;2025;Investimento;BCB/SICOR (MDCR)
4311601;67027314.37;6809.77;2025;Custeio;BCB/SICOR (MDCR)
4311601;32443847.11;671.86;2025;Investimento;BCB/SICOR (MDCR)
4311627;733788.66;52.65;2025;Custeio;BCB/SICOR (MDCR)
4311627;1167299.19;0.0;2025;Investimento;BCB/SICOR (MDCR)
4311643;1873410.42;26.7;2025;Custeio;BCB/SICOR (MDCR)
4311643;2168791.48;0.24000000000000002;2025;Investimento;BCB/SICOR (MDCR)
4311700;68791639.24;10690.93;2025;Custeio;BCB/SICOR (MDCR)
4311700;19738666.34;1347.08;2025;Investimento;BCB/SICOR (MDCR)
4311718;93889574.4;16729.34;2025;Custeio;BCB/SICOR (MDCR)
4311718;19984797.98;3484.7299999999996;2025;Investimento;BCB/SICOR (MDCR)
4311734;4430895.1899999995;372.32;2025;Custeio;BCB/SICOR (MDCR)
4311734;4115417.2;8.41;2025;Investimento;BCB/SICOR (MDCR)
4311759;69775099.08;15036.28;2025;Custeio;BCB/SICOR (MDCR)
4311759;12717379.4;688.21;2025;Investimento;BCB/SICOR (MDCR)
4311775;3092694.2;181.58;2025;Custeio;BCB/SICOR (MDCR)
4311775;3309134.3;33.84;2025;Investimento;BCB/SICOR (MDCR)
4311791;4158823.7399999998;342.62;2025;Custeio;BCB/SICOR (MDCR)
4311791;9134992.27;28.470000000000002;2025;Investimento;BCB/SICOR (MDCR)
4311809;129554567.38;20702.25;2025;Custeio;BCB/SICOR (MDCR)
4311809;49884352.89;2306.35;2025;Investimento;BCB/SICOR (MDCR)
4311908;34543553.42;5293.1;2025;Custeio;BCB/SICOR (MDCR)
4311908;14282950.0;398.9;2025;Investimento;BCB/SICOR (MDCR)
4311981;2643931.6;491.28;2025;Custeio;BCB/SICOR (MDCR)
4311981;2803607.22;25.82;2025;Investimento;BCB/SICOR (MDCR)
4312005;23409994.6;1914.8;2025;Custeio;BCB/SICOR (MDCR)
4312005;9884227.03;223.21;2025;Investimento;BCB/SICOR (MDCR)
4312054;3602584.82;164.62;2025;Custeio;BCB/SICOR (MDCR)
4312054;4706288.9;13.309999999999999;2025;Investimento;BCB/SICOR (MDCR)
4312104;24687355.52;4644.09;2025;Custeio;BCB/SICOR (MDCR)
4312104;6414495.02;607.3299999999999;2025;Investimento;BCB/SICOR (MDCR)
4312138;33888269.99;6112.46;2025;Custeio;BCB/SICOR (MDCR)
4312138;8806942.379999999;979.18;2025;Investimento;BCB/SICOR (MDCR)
4312153;3586215.27;351.51;2025;Custeio;BCB/SICOR (MDCR)
4312153;2265326.19;1.02;2025;Investimento;BCB/SICOR (MDCR)
4312179;24243798.14;4488.14;2025;Custeio;BCB/SICOR (MDCR)
4312179;7406494.1;922.69;2025;Investimento;BCB/SICOR (MDCR)
4312203;44064654.14;6427.27;2025;Custeio;BCB/SICOR (MDCR)
4312203;9161956.4;589.78;2025;Investimento;BCB/SICOR (MDCR)
4312252;27667922.34;5773.33;2025;Custeio;BCB/SICOR (MDCR)
4312252;2368470.0;1521.31;2025;Investimento;BCB/SICOR (MDCR)
4312302;31898294.25;3595.2;2025;Custeio;BCB/SICOR (MDCR)
4312302;10942359.53;427.44;2025;Investimento;BCB/SICOR (MDCR)
4312351;42756873.08;3546.31;2025;Custeio;BCB/SICOR (MDCR)
4312351;13026733.86;437.81;2025;Investimento;BCB/SICOR (MDCR)
4312377;34892950.31;5090.24;2025;Custeio;BCB/SICOR (MDCR)
4312377;13965368.14;565.83;2025;Investimento;BCB/SICOR (MDCR)
4312385;15374362.520000001;541.66;2025;Custeio;BCB/SICOR (MDCR)
4312385;13598571.8;40.5;2025;Investimento;BCB/SICOR (MDCR)
4312401;18477055.24;1461.94;2025;Custeio;BCB/SICOR (MDCR)
4312401;25081944.57;219.28;2025;Investimento;BCB/SICOR (MDCR)
4312427;20158898.69;4963.62;2025;Custeio;BCB/SICOR (MDCR)
4312427;6885082.38;173.77;2025;Investimento;BCB/SICOR (MDCR)
4312443;6354136.39;1018.23;2025;Custeio;BCB/SICOR (MDCR)
4312443;1763244.13;0.45;2025;Investimento;BCB/SICOR (MDCR)
4312450;8903061.28;1734.46;2025;Custeio;BCB/SICOR (MDCR)
4312450;3583651.07;137.63;2025;Investimento;BCB/SICOR (MDCR)
4312476;7498210.029999999;57.17;2025;Custeio;BCB/SICOR (MDCR)
4312476;2793991.6;3.35;2025;Investimento;BCB/SICOR (MDCR)
4312500;157595976.6;19147.63;2025;Custeio;BCB/SICOR (MDCR)
4312500;65439426.46;10448.42;2025;Investimento;BCB/SICOR (MDCR)
4312609;3593733.4699999997;441.64;2025;Custeio;BCB/SICOR (MDCR)
4312609;2567870.0;0.66;2025;Investimento;BCB/SICOR (MDCR)
4312617;126870368.46;21037.34;2025;Custeio;BCB/SICOR (MDCR)
4312617;41160950.1;3452.72;2025;Investimento;BCB/SICOR (MDCR)
4312625;19156952.65;2704.47;2025;Custeio;BCB/SICOR (MDCR)
4312625;9563398.629999999;581.55;2025;Investimento;BCB/SICOR (MDCR)
4312658;608685899.02;16508.41;2025;Custeio;BCB/SICOR (MDCR)
4312658;25391569.959999997;1839.52;2025;Investimento;BCB/SICOR (MDCR)
4312674;36237913.980000004;5110.08;2025;Custeio;BCB/SICOR (MDCR)
4312674;11919082.21;608.62;2025;Investimento;BCB/SICOR (MDCR)
4312708;15445176.76;2765.81;2025;Custeio;BCB/SICOR (MDCR)
4312708;12870041.77;638.76;2025;Investimento;BCB/SICOR (MDCR)
4312757;21623328.57;3466.4300000000003;2025;Custeio;BCB/SICOR (MDCR)
4312757;10942653.64;192.68;2025;Investimento;BCB/SICOR (MDCR)
4312807;19589168.12;1106.26;2025;Custeio;BCB/SICOR (MDCR)
4312807;11907900.9;151.0;2025;Investimento;BCB/SICOR (MDCR)
4312906;54021545.32;3896.59;2025;Custeio;BCB/SICOR (MDCR)
4312906;42905142.69;159.65;2025;Investimento;BCB/SICOR (MDCR)
4312955;27279964.22;4530.7;2025;Custeio;BCB/SICOR (MDCR)
4312955;8456918.83;383.46;2025;Investimento;BCB/SICOR (MDCR)
4313003;5399678.46;332.57;2025;Custeio;BCB/SICOR (MDCR)
4313003;13404527.39;11.709999999999999;2025;Investimento;BCB/SICOR (MDCR)
4313011;59894238.88;3770.6;2025;Custeio;BCB/SICOR (MDCR)
4313011;17561838.91;119.85000000000001;2025;Investimento;BCB/SICOR (MDCR)
4313037;19657225.54;3960.36;2025;Custeio;BCB/SICOR (MDCR)
4313037;6154181.35;740.9499999999999;2025;Investimento;BCB/SICOR (MDCR)
4313060;342483.79;38.82;2025;Custeio;BCB/SICOR (MDCR)
4313060;515807.52;3.77;2025;Investimento;BCB/SICOR (MDCR)
4313086;27420969.84;792.84;2025;Custeio;BCB/SICOR (MDCR)
4313086;13548546.28;39.54;2025;Investimento;BCB/SICOR (MDCR)
4313102;27783451.88;6091.18;2025;Custeio;BCB/SICOR (MDCR)
4313102;4258572.5;83.38;2025;Investimento;BCB/SICOR (MDCR)
4313201;12862527.98;232.78;2025;Custeio;BCB/SICOR (MDCR)
4313201;8006001.6899999995;16.27;2025;Investimento;BCB/SICOR (MDCR)
4313300;42245916.28;4468.12;2025;Custeio;BCB/SICOR (MDCR)
4313300;18115511.84;228.86;2025;Investimento;BCB/SICOR (MDCR)
4313334;43719007.39;9881.16;2025;Custeio;BCB/SICOR (MDCR)
4313334;14515333.04;2174.55;2025;Investimento;BCB/SICOR (MDCR)
4313359;39937521.88;1235.71;2025;Custeio;BCB/SICOR (MDCR)
4313359;29487290.81;199.0;2025;Investimento;BCB/SICOR (MDCR)
4313375;19031880.96;2048.64;2025;Custeio;BCB/SICOR (MDCR)
4313375;9856295.74;299.40999999999997;2025;Investimento;BCB/SICOR (MDCR)
4313391;12232478.75;2729.18;2025;Custeio;BCB/SICOR (MDCR)
4313391;3657259.34;165.06;2025;Investimento;BCB/SICOR (MDCR)
4313409;3553894.03;122.94;2025;Custeio;BCB/SICOR (MDCR)
4313409;1985506.54;19.81;2025;Investimento;BCB/SICOR (MDCR)
4313425;42085312.4;8195.460000000001;2025;Custeio;BCB/SICOR (MDCR)
4313425;20816936.03;1445.31;2025;Investimento;BCB/SICOR (MDCR)
4313441;38211737.88;4312.62;2025;Custeio;BCB/SICOR (MDCR)
4313441;16748829.5;431.78;2025;Investimento;BCB/SICOR (MDCR)
4313466;39876605.21;3225.77;2025;Custeio;BCB/SICOR (MDCR)
4313466;11968448.34;229.22;2025;Investimento;BCB/SICOR (MDCR)
4313490;21029613.21;4239.46;2025;Custeio;BCB/SICOR (MDCR)
4313490;6691376.68;566.21;2025;Investimento;BCB/SICOR (MDCR)
4313508;13218134.81;1902.77;2025;Custeio;BCB/SICOR (MDCR)
4313508;2895995.02;10.41;2025;Investimento;BCB/SICOR (MDCR)
4313607;56496219.38;5203.47;2025;Custeio;BCB/SICOR (MDCR)
4313607;16495113.77;969.33;2025;Investimento;BCB/SICOR (MDCR)
4313656;51372577.61;7109.17;2025;Custeio;BCB/SICOR (MDCR)
4313656;21493911.81;1594.97;2025;Investimento;BCB/SICOR (MDCR)
4313706;164878173.79;36784.979999999996;2025;Custeio;BCB/SICOR (MDCR)
4313706;69170625.23;9299.16;2025;Investimento;BCB/SICOR (MDCR)
4313805;53442149.21;2168.2;2025;Custeio;BCB/SICOR (MDCR)
4313805;32002353.18;266.72;2025;Investimento;BCB/SICOR (MDCR)
4313904;63137302.04;9540.58;2025;Custeio;BCB/SICOR (MDCR)
4313904;30523271.32;847.04;2025;Investimento;BCB/SICOR (MDCR)
4313953;28258543.34;5548.76;2025;Custeio;BCB/SICOR (MDCR)
4313953;14492011.03;2455.71;2025;Investimento;BCB/SICOR (MDCR)
4314001;44073211.34;2319.05;2025;Custeio;BCB/SICOR (MDCR)
4314001;18718302.48;314.07;2025;Investimento;BCB/SICOR (MDCR)
4314027;15939844.6;3276.98;2025;Custeio;BCB/SICOR (MDCR)
4314027;6865161.77;125.88000000000001;2025;Investimento;BCB/SICOR (MDCR)
4314035;8746092.209999999;282.46999999999997;2025;Custeio;BCB/SICOR (MDCR)
4314035;12698149.97;6.87;2025;Investimento;BCB/SICOR (MDCR)
4314050;5472504.41;446.97;2025;Custeio;BCB/SICOR (MDCR)
4314050;1406412.25;51.629999999999995;2025;Investimento;BCB/SICOR (MDCR)
4314068;17678015.92;4285.32;2025;Custeio;BCB/SICOR (MDCR)
4314068;13834696.72;195.39;2025;Investimento;BCB/SICOR (MDCR)
4314076;34824320.48;5658.79;2025;Custeio;BCB/SICOR (MDCR)
4314076;11342308.69;231.96;2025;Investimento;BCB/SICOR (MDCR)
4314100;107679623.44;22612.31;2025;Custeio;BCB/SICOR (MDCR)
4314100;36086579.27;2641.49;2025;Investimento;BCB/SICOR (MDCR)
4314134;26809752.09;4228.12;2025;Custeio;BCB/SICOR (MDCR)
4314134;23217893.41;832.3100000000001;2025;Investimento;BCB/SICOR (MDCR)
4314159;8602190.36;327.78999999999996;2025;Custeio;BCB/SICOR (MDCR)
4314159;17353305.38;66.39;2025;Investimento;BCB/SICOR (MDCR)
4314175;58289315.71;12392.1;2025;Custeio;BCB/SICOR (MDCR)
4314175;19500814.12;1893.8;2025;Investimento;BCB/SICOR (MDCR)
4314209;49330878.7;9622.59;2025;Custeio;BCB/SICOR (MDCR)
4314209;12795215.06;479.1;2025;Investimento;BCB/SICOR (MDCR)
4314308;59800829.3;13156.19;2025;Custeio;BCB/SICOR (MDCR)
4314308;19416384.67;1354.44;2025;Investimento;BCB/SICOR (MDCR)
4314407;92503255.4;14166.23;2025;Custeio;BCB/SICOR (MDCR)
4314407;66979191.11;3852.0499999999997;2025;Investimento;BCB/SICOR (MDCR)
4314423;3384585.76;97.24;2025;Custeio;BCB/SICOR (MDCR)
4314423;4117570.2;4.66;2025;Investimento;BCB/SICOR (MDCR)
4314456;46134624.89;2833.47;2025;Custeio;BCB/SICOR (MDCR)
4314456;45076759.69;378.58;2025;Investimento;BCB/SICOR (MDCR)
4314464;31811748.28;5637.31;2025;Custeio;BCB/SICOR (MDCR)
4314464;10027125.93;801.91;2025;Investimento;BCB/SICOR (MDCR)
4314472;44948730.88;11211.33;2025;Custeio;BCB/SICOR (MDCR)
4314472;7663358.12;400.12;2025;Investimento;BCB/SICOR (MDCR)
4314498;55179523.59;2567.49;2025;Custeio;BCB/SICOR (MDCR)
4314498;40868074.62;126.97;2025;Investimento;BCB/SICOR (MDCR)
4314506;70557038.08;17982.89;2025;Custeio;BCB/SICOR (MDCR)
4314506;15187997.25;1432.68;2025;Investimento;BCB/SICOR (MDCR)
4314548;33655819.03;1003.73;2025;Custeio;BCB/SICOR (MDCR)
4314548;22853389.5;93.28999999999999;2025;Investimento;BCB/SICOR (MDCR)
4314555;23692275.06;3696.75;2025;Custeio;BCB/SICOR (MDCR)
4314555;5914319.58;444.0;2025;Investimento;BCB/SICOR (MDCR)
4314605;94495607.8;22409.29;2025;Custeio;BCB/SICOR (MDCR)
4314605;31300240.05;4566.1;2025;Investimento;BCB/SICOR (MDCR)
4314704;55104719.3;2227.93;2025;Custeio;BCB/SICOR (MDCR)
4314704;22855377.2;249.79;2025;Investimento;BCB/SICOR (MDCR)
4314753;2395793.29;140.35;2025;Custeio;BCB/SICOR (MDCR)
4314753;3639851.31;0.9;2025;Investimento;BCB/SICOR (MDCR)
4314779;81730924.16;16448.06;2025;Custeio;BCB/SICOR (MDCR)
4314779;26200467.14;3184.86;2025;Investimento;BCB/SICOR (MDCR)
4314787;33304661.78;3916.11;2025;Custeio;BCB/SICOR (MDCR)
4314787;18767274.57;244.57;2025;Investimento;BCB/SICOR (MDCR)
4314803;2535080.87;290.9;2025;Custeio;BCB/SICOR (MDCR)
4314803;1764593.65;65.4;2025;Investimento;BCB/SICOR (MDCR)
4314902;537066.48;150.85;2025;Custeio;BCB/SICOR (MDCR)
4314902;800046.46;0.67;2025;Investimento;BCB/SICOR (MDCR)
4315008;35439389.35;4734.26;2025;Custeio;BCB/SICOR (MDCR)
4315008;9167621.67;97.0;2025;Investimento;BCB/SICOR (MDCR)
4315057;22711298.32;3650.7599999999998;2025;Custeio;BCB/SICOR (MDCR)
4315057;5983430.62;311.4;2025;Investimento;BCB/SICOR (MDCR)
4315073;11479535.32;1509.89;2025;Custeio;BCB/SICOR (MDCR)
4315073;11383931.16;260.48;2025;Investimento;BCB/SICOR (MDCR)
4315107;37141777.77;3764.84;2025;Custeio;BCB/SICOR (MDCR)
4315107;13810668.98;247.33;2025;Investimento;BCB/SICOR (MDCR)
4315131;2776707.14;260.22;2025;Custeio;BCB/SICOR (MDCR)
4315131;1830683.7;69.84;2025;Investimento;BCB/SICOR (MDCR)
4315149;1285756.5;65.55;2025;Custeio;BCB/SICOR (MDCR)
4315149;3714618.55;12.17;2025;Investimento;BCB/SICOR (MDCR)
4315156;5321448.21;797.49;2025;Custeio;BCB/SICOR (MDCR)
4315156;7700576.15;11.39;2025;Investimento;BCB/SICOR (MDCR)
4315172;24973892.22;2604.76;2025;Custeio;BCB/SICOR (MDCR)
4315172;11116446.620000001;97.81;2025;Investimento;BCB/SICOR (MDCR)
4315206;21275590.669999998;1977.23;2025;Custeio;BCB/SICOR (MDCR)
4315206;10587064.86;129.85999999999999;2025;Investimento;BCB/SICOR (MDCR)
4315305;132480720.78999999;23487.21;2025;Custeio;BCB/SICOR (MDCR)
4315305;18500245.27;992.07;2025;Investimento;BCB/SICOR (MDCR)
4315313;55799337.15;10622.37;2025;Custeio;BCB/SICOR (MDCR)
4315313;21247020.54;1052.36;2025;Investimento;BCB/SICOR (MDCR)
4315321;40899785.61;9831.2;2025;Custeio;BCB/SICOR (MDCR)
4315321;12460274.879999999;3120.99;2025;Investimento;BCB/SICOR (MDCR)
4315354;31624329.73;4872.14;2025;Custeio;BCB/SICOR (MDCR)
4315354;12639582.18;546.0;2025;Investimento;BCB/SICOR (MDCR)
4315404;34400875.93;7647.49;2025;Custeio;BCB/SICOR (MDCR)
4315404;9429243.48;535.4300000000001;2025;Investimento;BCB/SICOR (MDCR)
4315453;7262304.58;744.33;2025;Custeio;BCB/SICOR (MDCR)
4315453;6426338.75;59.48;2025;Investimento;BCB/SICOR (MDCR)
4315503;85451164.89;18336.65;2025;Custeio;BCB/SICOR (MDCR)
4315503;18550930.26;1282.03;2025;Investimento;BCB/SICOR (MDCR)
4315552;22996003.38;3769.07;2025;Custeio;BCB/SICOR (MDCR)
4315552;10542136.31;485.48;2025;Investimento;BCB/SICOR (MDCR)
4315602;89489566.78;16857.07;2025;Custeio;BCB/SICOR (MDCR)
4315602;39180790.07;5207.85;2025;Investimento;BCB/SICOR (MDCR)
4315701;143041617.01;29840.61;2025;Custeio;BCB/SICOR (MDCR)
4315701;74298221.31;884.27;2025;Investimento;BCB/SICOR (MDCR)
4315750;804219.86;183.77;2025;Custeio;BCB/SICOR (MDCR)
4315750;1726391.51;1.55;2025;Investimento;BCB/SICOR (MDCR)
4315800;14945463.03;970.24;2025;Custeio;BCB/SICOR (MDCR)
4315800;14858632.28;17.81;2025;Investimento;BCB/SICOR (MDCR)
4315909;35616354.03;2800.0;2025;Custeio;BCB/SICOR (MDCR)
4315909;103199577.69;334.81;2025;Investimento;BCB/SICOR (MDCR)
4315958;44720158.01;10160.22;2025;Custeio;BCB/SICOR (MDCR)
4315958;28068060.26;726.48;2025;Investimento;BCB/SICOR (MDCR)
4316006;2109669.59;419.48;2025;Custeio;BCB/SICOR (MDCR)
4316006;3496157.4699999997;47.31;2025;Investimento;BCB/SICOR (MDCR)
4316105;90066213.49;13501.54;2025;Custeio;BCB/SICOR (MDCR)
4316105;35020193.97;1672.08;2025;Investimento;BCB/SICOR (MDCR)
4316204;98112696.4;10007.77;2025;Custeio;BCB/SICOR (MDCR)
4316204;36868762.55;610.97;2025;Investimento;BCB/SICOR (MDCR)
4316303;45115719.71;6140.51;2025;Custeio;BCB/SICOR (MDCR)
4316303;19672413.45;836.24;2025;Investimento;BCB/SICOR (MDCR)
4316402;209908688.04;40080.06;2025;Custeio;BCB/SICOR (MDCR)
4316402;57691720.05;6124.03;2025;Investimento;BCB/SICOR (MDCR)
4316428;19093463.13;3081.85;2025;Custeio;BCB/SICOR (MDCR)
4316428;9413812.38;462.09;2025;Investimento;BCB/SICOR (MDCR)
4316436;38639357.99;8259.93;2025;Custeio;BCB/SICOR (MDCR)
4316436;5463510.54;860.0400000000001;2025;Investimento;BCB/SICOR (MDCR)
4316451;62286112.15;15142.28;2025;Custeio;BCB/SICOR (MDCR)
4316451;15727170.4;3639.5199999999995;2025;Investimento;BCB/SICOR (MDCR)
4316477;25543020.38;3059.9300000000003;2025;Custeio;BCB/SICOR (MDCR)
4316477;27874336.38;312.05;2025;Investimento;BCB/SICOR (MDCR)
4316501;12017322.26;219.7;2025;Custeio;BCB/SICOR (MDCR)
4316501;23508027.5;24.74;2025;Investimento;BCB/SICOR (MDCR)
4316600;104106392.03;16536.670000000002;2025;Custeio;BCB/SICOR (MDCR)
4316600;51569378.69;2000.43;2025;Investimento;BCB/SICOR (MDCR)
4316709;131605116.81;29244.7;2025;Custeio;BCB/SICOR (MDCR)
4316709;48304525.42;6036.24;2025;Investimento;BCB/SICOR (MDCR)
4316733;31926490.84;5469.4800000000005;2025;Custeio;BCB/SICOR (MDCR)
4316733;9127726.61;524.87;2025;Investimento;BCB/SICOR (MDCR)
4316758;6309992.41;204.2;2025;Custeio;BCB/SICOR (MDCR)
4316758;1118726.05;7.45;2025;Investimento;BCB/SICOR (MDCR)
4316808;25083972.2;3930.73;2025;Custeio;BCB/SICOR (MDCR)
4316808;23191588.36;438.27;2025;Investimento;BCB/SICOR (MDCR)
4316907;91759733.74;20786.11;2025;Custeio;BCB/SICOR (MDCR)
4316907;22364040.03;2316.08;2025;Investimento;BCB/SICOR (MDCR)
4316956;5861199.92;162.41;2025;Custeio;BCB/SICOR (MDCR)
4316956;5830818.2;4.88;2025;Investimento;BCB/SICOR (MDCR)
4316972;44361267.74;8862.94;2025;Custeio;BCB/SICOR (MDCR)
4316972;20465356.43;3675.33;2025;Investimento;BCB/SICOR (MDCR)
4317004;32608660.14;7631.07;2025;Custeio;BCB/SICOR (MDCR)
4317004;8668248.82;1639.66;2025;Investimento;BCB/SICOR (MDCR)
4317103;317649326.42;66993.42;2025;Custeio;BCB/SICOR (MDCR)
4317103;33632568.07;3892.96;2025;Investimento;BCB/SICOR (MDCR)
4317202;149323242.46;14741.07;2025;Custeio;BCB/SICOR (MDCR)
4317202;67462437.11;2092.63;2025;Investimento;BCB/SICOR (MDCR)
4317251;6002271.27;235.23;2025;Custeio;BCB/SICOR (MDCR)
4317251;5032155.26;20.5;2025;Investimento;BCB/SICOR (MDCR)
4317301;235907164.83;30923.36;2025;Custeio;BCB/SICOR (MDCR)
4317301;94548585.22;6540.51;2025;Investimento;BCB/SICOR (MDCR)
4317400;173317478.26;37896.47;2025;Custeio;BCB/SICOR (MDCR)
4317400;46564328.96;5665.8;2025;Investimento;BCB/SICOR (MDCR)
4317509;102624037.46;22793.86;2025;Custeio;BCB/SICOR (MDCR)
4317509;26597623.56;1286.59;2025;Investimento;BCB/SICOR (MDCR)
4317558;32104199.0;4304.09;2025;Custeio;BCB/SICOR (MDCR)
4317558;25204894.23;768.27;2025;Investimento;BCB/SICOR (MDCR)
4317608;53925288.37;6571.54;2025;Custeio;BCB/SICOR (MDCR)
4317608;24341522.44;2525.94;2025;Investimento;BCB/SICOR (MDCR)
4317707;170340260.55;35901.4;2025;Custeio;BCB/SICOR (MDCR)
4317707;40350855.47;4458.360000000001;2025;Investimento;BCB/SICOR (MDCR)
4317756;24917302.37;5036.2300000000005;2025;Custeio;BCB/SICOR (MDCR)
4317756;6786865.0;935.22;2025;Investimento;BCB/SICOR (MDCR)
4317806;89888207.1;18063.34;2025;Custeio;BCB/SICOR (MDCR)
4317806;33089096.01;933.91;2025;Investimento;BCB/SICOR (MDCR)
4317905;158815611.02;9420.01;2025;Custeio;BCB/SICOR (MDCR)
4317905;44416016.47;451.14;2025;Investimento;BCB/SICOR (MDCR)
4317954;26457266.59;4274.7;2025;Custeio;BCB/SICOR (MDCR)
4317954;8219123.29;612.83;2025;Investimento;BCB/SICOR (MDCR)
4318002;378012702.77;74162.77;2025;Custeio;BCB/SICOR (MDCR)
4318002;116297715.49000001;9501.880000000001;2025;Investimento;BCB/SICOR (MDCR)
4318051;23864067.18;2353.31;2025;Custeio;BCB/SICOR (MDCR)
4318051;14814662.379999999;380.64;2025;Investimento;BCB/SICOR (MDCR)
4318101;190192113.54;38305.090000000004;2025;Custeio;BCB/SICOR (MDCR)
4318101;61414821.81;5379.71;2025;Investimento;BCB/SICOR (MDCR)
4318200;150590751.04;13128.19;2025;Custeio;BCB/SICOR (MDCR)
4318200;54808268.46;3766.08;2025;Investimento;BCB/SICOR (MDCR)
4318309;238946226.42;52521.43;2025;Custeio;BCB/SICOR (MDCR)
4318309;102372050.41;16592.96;2025;Investimento;BCB/SICOR (MDCR)
4318408;22988612.38;4012.02;2025;Custeio;BCB/SICOR (MDCR)
4318408;10457187.59;228.11;2025;Investimento;BCB/SICOR (MDCR)
4318424;50996294.51;5432.11;2025;Custeio;BCB/SICOR (MDCR)
4318424;18516123.68;597.75;2025;Investimento;BCB/SICOR (MDCR)
4318432;5633747.7;988.64;2025;Custeio;BCB/SICOR (MDCR)
4318432;1768320.23;1.35;2025;Investimento;BCB/SICOR (MDCR)
4318440;29230118.17;2544.99;2025;Custeio;BCB/SICOR (MDCR)
4318440;15901766.01;389.69;2025;Investimento;BCB/SICOR (MDCR)
4318457;19796158.81;3220.57;2025;Custeio;BCB/SICOR (MDCR)
4318457;4734520.69;135.38;2025;Investimento;BCB/SICOR (MDCR)
4318465;2461495.66;476.45;2025;Custeio;BCB/SICOR (MDCR)
4318465;5030618.8;42.06;2025;Investimento;BCB/SICOR (MDCR)
4318481;4695018.5;128.67000000000002;2025;Custeio;BCB/SICOR (MDCR)
4318481;22051424.65;25.72;2025;Investimento;BCB/SICOR (MDCR)
4318499;19346258.67;1882.33;2025;Custeio;BCB/SICOR (MDCR)
4318499;8289021.4399999995;48.02;2025;Investimento;BCB/SICOR (MDCR)
4318507;30854889.82;3048.84;2025;Custeio;BCB/SICOR (MDCR)
4318507;9910202.37;388.02;2025;Investimento;BCB/SICOR (MDCR)
4318606;65529330.660000004;10983.710000000001;2025;Custeio;BCB/SICOR (MDCR)
4318606;23868056.14;1172.35;2025;Investimento;BCB/SICOR (MDCR)
4318614;5962845.55;139.72;2025;Custeio;BCB/SICOR (MDCR)
4318614;5925374.3;11.91;2025;Investimento;BCB/SICOR (MDCR)
4318622;93147816.21;7544.57;2025;Custeio;BCB/SICOR (MDCR)
4318622;15675890.53;430.03;2025;Investimento;BCB/SICOR (MDCR)
4318705;142630.0;1.17;2025;Custeio;BCB/SICOR (MDCR)
4318705;432790.48;7.92;2025;Investimento;BCB/SICOR (MDCR)
4318804;173601656.18;31172.65;2025;Custeio;BCB/SICOR (MDCR)
4318804;90828678.98;1584.64;2025;Investimento;BCB/SICOR (MDCR)
4318903;212725331.43;38690.28;2025;Custeio;BCB/SICOR (MDCR)
4318903;87907843.98;5872.13;2025;Investimento;BCB/SICOR (MDCR)
4319000;23302722.31;919.48;2025;Custeio;BCB/SICOR (MDCR)
4319000;19895488.02;48.91;2025;Investimento;BCB/SICOR (MDCR)
4319109;51626270.47;8675.09;2025;Custeio;BCB/SICOR (MDCR)
4319109;30454169.12;1122.29;2025;Investimento;BCB/SICOR (MDCR)
4319125;38334271.59;9627.369999999999;2025;Custeio;BCB/SICOR (MDCR)
4319125;5798978.9399999995;549.83;2025;Investimento;BCB/SICOR (MDCR)
4319158;183191523.66;40892.98;2025;Custeio;BCB/SICOR (MDCR)
4319158;61118459.63;6658.97;2025;Investimento;BCB/SICOR (MDCR)
4319208;48408934.93;9965.7;2025;Custeio;BCB/SICOR (MDCR)
4319208;19807364.78;1238.11;2025;Investimento;BCB/SICOR (MDCR)
4319307;34370918.84;4013.26;2025;Custeio;BCB/SICOR (MDCR)
4319307;16748772.57;248.0;2025;Investimento;BCB/SICOR (MDCR)
4319356;7015428.85;274.06;2025;Custeio;BCB/SICOR (MDCR)
4319356;2146670.0;12.77;2025;Investimento;BCB/SICOR (MDCR)
4319364;19357248.29;3323.37;2025;Custeio;BCB/SICOR (MDCR)
4319364;5634145.37;160.29999999999998;2025;Investimento;BCB/SICOR (MDCR)
4319372;30941995.78;3508.5;2025;Custeio;BCB/SICOR (MDCR)
4319372;19589165.31;342.21;2025;Investimento;BCB/SICOR (MDCR)
4319406;43924323.589999996;10221.66;2025;Custeio;BCB/SICOR (MDCR)
4319406;12452548.27;714.89;2025;Investimento;BCB/SICOR (MDCR)
4319505;9231315.870000001;464.52000000000004;2025;Custeio;BCB/SICOR (MDCR)
4319505;7896703.22;73.42;2025;Investimento;BCB/SICOR (MDCR)
4319604;147688614.36;32625.12;2025;Custeio;BCB/SICOR (MDCR)
4319604;38322069.67;4586.0;2025;Investimento;BCB/SICOR (MDCR)
4319703;32912680.19;4010.58;2025;Custeio;BCB/SICOR (MDCR)
4319703;15914744.41;411.68;2025;Investimento;BCB/SICOR (MDCR)
4319711;11203302.17;542.58;2025;Custeio;BCB/SICOR (MDCR)
4319711;16733909.1;23.04;2025;Investimento;BCB/SICOR (MDCR)
4319737;17060524.78;3439.57;2025;Custeio;BCB/SICOR (MDCR)
4319737;4887928.6;484.55;2025;Investimento;BCB/SICOR (MDCR)
4319752;2405217.98;52.480000000000004;2025;Custeio;BCB/SICOR (MDCR)
4319752;796558.36;8.01;2025;Investimento;BCB/SICOR (MDCR)
4319802;90699447.95;18683.71;2025;Custeio;BCB/SICOR (MDCR)
4319802;20987927.439999998;2139.03;2025;Investimento;BCB/SICOR (MDCR)
4319901;1192345.48;90.87;2025;Custeio;BCB/SICOR (MDCR)
4319901;648650.0;11.23;2025;Investimento;BCB/SICOR (MDCR)
4320008;250822.83;54.95;2025;Custeio;BCB/SICOR (MDCR)
4320008;64344.16;0.04;2025;Investimento;BCB/SICOR (MDCR)
4320107;74158077.37;13696.43;2025;Custeio;BCB/SICOR (MDCR)
4320107;25333492.47;1692.95;2025;Investimento;BCB/SICOR (MDCR)
4320206;65966232.29;9316.51;2025;Custeio;BCB/SICOR (MDCR)
4320206;39804242.63;1194.51;2025;Investimento;BCB/SICOR (MDCR)
4320230;34083276.37;5360.08;2025;Custeio;BCB/SICOR (MDCR)
4320230;12566787.09;473.24;2025;Investimento;BCB/SICOR (MDCR)
4320263;29540841.060000002;6675.45;2025;Custeio;BCB/SICOR (MDCR)
4320263;16575086.46;302.65999999999997;2025;Investimento;BCB/SICOR (MDCR)
4320305;45296424.78;5672.5;2025;Custeio;BCB/SICOR (MDCR)
4320305;11186839.99;694.34;2025;Investimento;BCB/SICOR (MDCR)
4320321;25127352.63;4734.18;2025;Custeio;BCB/SICOR (MDCR)
4320321;13192467.54;871.04;2025;Investimento;BCB/SICOR (MDCR)
4320354;9465223.66;1823.1399999999999;2025;Custeio;BCB/SICOR (MDCR)
4320354;4591611.42;128.63;2025;Investimento;BCB/SICOR (MDCR)
4320404;62847864.23;4542.61;2025;Custeio;BCB/SICOR (MDCR)
4320404;68700529.52;898.09;2025;Investimento;BCB/SICOR (MDCR)
4320453;1023160.38;57.44;2025;Custeio;BCB/SICOR (MDCR)
4320453;6651738.89;5.83;2025;Investimento;BCB/SICOR (MDCR)
4320503;90952399.09;17021.87;2025;Custeio;BCB/SICOR (MDCR)
4320503;29430501.62;2305.32;2025;Investimento;BCB/SICOR (MDCR)
4320552;3477770.9899999998;475.42;2025;Custeio;BCB/SICOR (MDCR)
4320552;5719164.28;16.01;2025;Investimento;BCB/SICOR (MDCR)
4320578;19281576.13;4141.68;2025;Custeio;BCB/SICOR (MDCR)
4320578;6865658.01;432.49;2025;Investimento;BCB/SICOR (MDCR)
4320602;26084519.76;2696.77;2025;Custeio;BCB/SICOR (MDCR)
4320602;16236445.33;140.3;2025;Investimento;BCB/SICOR (MDCR)
4320651;3931962.73;729.39;2025;Custeio;BCB/SICOR (MDCR)
4320651;549177.0;7.090000000000001;2025;Investimento;BCB/SICOR (MDCR)
4320677;10910756.69;2548.85;2025;Custeio;BCB/SICOR (MDCR)
4320677;18590866.17;278.68;2025;Investimento;BCB/SICOR (MDCR)
4320701;12251306.53;2775.95;2025;Custeio;BCB/SICOR (MDCR)
4320701;8393330.87;316.15000000000003;2025;Investimento;BCB/SICOR (MDCR)
4320800;216592340.37;39244.7;2025;Custeio;BCB/SICOR (MDCR)
4320800;55417120.76;3811.16;2025;Investimento;BCB/SICOR (MDCR)
4320859;1435293.65;121.81;2025;Custeio;BCB/SICOR (MDCR)
4320859;28334532.049999997;68.48;2025;Investimento;BCB/SICOR (MDCR)
4320909;46493240.36;7691.11;2025;Custeio;BCB/SICOR (MDCR)
4320909;43840183.85;971.08;2025;Investimento;BCB/SICOR (MDCR)
4321006;31354874.29;6505.93;2025;Custeio;BCB/SICOR (MDCR)
4321006;18197102.02;1126.37;2025;Investimento;BCB/SICOR (MDCR)
4321105;100068564.67999999;15137.69;2025;Custeio;BCB/SICOR (MDCR)
4321105;17792771.31;165.59;2025;Investimento;BCB/SICOR (MDCR)
4321204;9463758.45;1230.32;2025;Custeio;BCB/SICOR (MDCR)
4321204;4807559.91;216.94;2025;Investimento;BCB/SICOR (MDCR)
4321303;22406093.669999998;2944.81;2025;Custeio;BCB/SICOR (MDCR)
4321303;13252887.24;365.97;2025;Investimento;BCB/SICOR (MDCR)
4321329;50369656.04;2465.75;2025;Custeio;BCB/SICOR (MDCR)
4321329;15776239.540000001;410.95;2025;Investimento;BCB/SICOR (MDCR)
4321352;11555569.56;1398.77;2025;Custeio;BCB/SICOR (MDCR)
4321352;5892536.9;510.14;2025;Investimento;BCB/SICOR (MDCR)
4321402;69021867.65;8009.45;2025;Custeio;BCB/SICOR (MDCR)
4321402;16824740.55;1052.17;2025;Investimento;BCB/SICOR (MDCR)
4321436;4950720.83;430.52;2025;Custeio;BCB/SICOR (MDCR)
4321436;2472703.5;35.06;2025;Investimento;BCB/SICOR (MDCR)
4321451;41302862.43;389.27;2025;Custeio;BCB/SICOR (MDCR)
4321451;37676676.58;40.62;2025;Investimento;BCB/SICOR (MDCR)
4321469;13735241.9;3036.66;2025;Custeio;BCB/SICOR (MDCR)
4321469;8027080.97;291.53999999999996;2025;Investimento;BCB/SICOR (MDCR)
4321477;43601880.59;6014.2699999999995;2025;Custeio;BCB/SICOR (MDCR)
4321477;11130458.73;75.48;2025;Investimento;BCB/SICOR (MDCR)
4321493;7736357.13;1895.65;2025;Custeio;BCB/SICOR (MDCR)
4321493;5351556.25;314.39;2025;Investimento;BCB/SICOR (MDCR)
4321501;8571559.83;1021.3199999999999;2025;Custeio;BCB/SICOR (MDCR)
4321501;12069889.530000001;3.25;2025;Investimento;BCB/SICOR (MDCR)
4321600;3964198.55;258.82;2025;Custeio;BCB/SICOR (MDCR)
4321600;1265499.95;16.669999999999998;2025;Investimento;BCB/SICOR (MDCR)
4321626;4136801.48;260.16;2025;Custeio;BCB/SICOR (MDCR)
4321626;15547203.08;40.92;2025;Investimento;BCB/SICOR (MDCR)
4321634;28212430.96;3147.17;2025;Custeio;BCB/SICOR (MDCR)
4321634;14156811.29;82.87;2025;Investimento;BCB/SICOR (MDCR)
4321667;4820890.91;297.89;2025;Custeio;BCB/SICOR (MDCR)
4321667;4612919.58;62.26;2025;Investimento;BCB/SICOR (MDCR)
4321709;311361.64;19.85;2025;Custeio;BCB/SICOR (MDCR)
4321709;1731353.0;73.69999999999999;2025;Investimento;BCB/SICOR (MDCR)
4321808;80061358.53;15417.47;2025;Custeio;BCB/SICOR (MDCR)
4321808;25236313.57;2142.62;2025;Investimento;BCB/SICOR (MDCR)
4321832;427774.99;48.03;2025;Custeio;BCB/SICOR (MDCR)
4321832;4825025.31;105.22;2025;Investimento;BCB/SICOR (MDCR)
4321857;41645520.55;3940.51;2025;Custeio;BCB/SICOR (MDCR)
4321857;10600094.89;383.43;2025;Investimento;BCB/SICOR (MDCR)
4321907;75309039.4;6081.25;2025;Custeio;BCB/SICOR (MDCR)
4321907;23304163.77;122.02;2025;Investimento;BCB/SICOR (MDCR)
4321956;39152226.02;5817.91;2025;Custeio;BCB/SICOR (MDCR)
4321956;26962644.53;816.61;2025;Investimento;BCB/SICOR (MDCR)
4322004;45900964.87;4886.83;2025;Custeio;BCB/SICOR (MDCR)
4322004;22796944.71;615.57;2025;Investimento;BCB/SICOR (MDCR)
4322103;40125198.01;7098.13;2025;Custeio;BCB/SICOR (MDCR)
4322103;19039959.27;1202.16;2025;Investimento;BCB/SICOR (MDCR)
4322152;22824340.42;5360.74;2025;Custeio;BCB/SICOR (MDCR)
4322152;6179002.64;152.09;2025;Investimento;BCB/SICOR (MDCR)
4322186;23500877.18;4468.9;2025;Custeio;BCB/SICOR (MDCR)
4322186;7698391.3;483.46;2025;Investimento;BCB/SICOR (MDCR)
4322202;228573960.55;53377.4;2025;Custeio;BCB/SICOR (MDCR)
4322202;155616751.41;10926.58;2025;Investimento;BCB/SICOR (MDCR)
4322251;12211927.98;116.06;2025;Custeio;BCB/SICOR (MDCR)
4322251;10764008.9;17.55;2025;Investimento;BCB/SICOR (MDCR)
4322301;79148105.37;11847.89;2025;Custeio;BCB/SICOR (MDCR)
4322301;29384240.13;2230.49;2025;Investimento;BCB/SICOR (MDCR)
4322327;21844045.65;4176.36;2025;Custeio;BCB/SICOR (MDCR)
4322327;19105766.18;278.2;2025;Investimento;BCB/SICOR (MDCR)
4322343;27611252.9;3799.7;2025;Custeio;BCB/SICOR (MDCR)
4322343;11862812.95;490.33;2025;Investimento;BCB/SICOR (MDCR)
4322350;26191697.57;3146.25;2025;Custeio;BCB/SICOR (MDCR)
4322350;15576985.59;380.48;2025;Investimento;BCB/SICOR (MDCR)
4322376;36128980.36;9289.61;2025;Custeio;BCB/SICOR (MDCR)
4322376;11313568.25;1203.25;2025;Investimento;BCB/SICOR (MDCR)
4322400;302316488.5;45086.25;2025;Custeio;BCB/SICOR (MDCR)
4322400;90967210.53;9067.36;2025;Investimento;BCB/SICOR (MDCR)
4322509;294032474.11;26113.37;2025;Custeio;BCB/SICOR (MDCR)
4322509;103391091.52000001;3621.06;2025;Investimento;BCB/SICOR (MDCR)
4322525;34246594.7;6741.77;2025;Custeio;BCB/SICOR (MDCR)
4322525;16290611.52;170.05;2025;Investimento;BCB/SICOR (MDCR)
4322533;17299303.24;2890.19;2025;Custeio;BCB/SICOR (MDCR)
4322533;21655836.72;73.38;2025;Investimento;BCB/SICOR (MDCR)
4322541;2028795.8900000001;76.89;2025;Custeio;BCB/SICOR (MDCR)
4322541;1732242.23;5.26;2025;Investimento;BCB/SICOR (MDCR)
4322558;17861493.96;1902.23;2025;Custeio;BCB/SICOR (MDCR)
4322558;4913085.29;355.09;2025;Investimento;BCB/SICOR (MDCR)
4322608;44936346.23;6729.67;2025;Custeio;BCB/SICOR (MDCR)
4322608;52494770.5;399.68;2025;Investimento;BCB/SICOR (MDCR)
4322707;14661669.24;2480.03;2025;Custeio;BCB/SICOR (MDCR)
4322707;14757012.98;289.06;2025;Investimento;BCB/SICOR (MDCR)
4322806;27321435.75;1687.75;2025;Custeio;BCB/SICOR (MDCR)
4322806;23293645.42;121.54;2025;Investimento;BCB/SICOR (MDCR)
4322855;17190839.29;1842.72;2025;Custeio;BCB/SICOR (MDCR)
4322855;8658867.08;25.709999999999997;2025;Investimento;BCB/SICOR (MDCR)
4322905;41393410.3;7153.79;2025;Custeio;BCB/SICOR (MDCR)
4322905;17562899.18;855.96;2025;Investimento;BCB/SICOR (MDCR)
4323002;81141169.76;10772.43;2025;Custeio;BCB/SICOR (MDCR)
4323002;19097477.43;1144.53;2025;Investimento;BCB/SICOR (MDCR)
4323101;43433534.82;5501.47;2025;Custeio;BCB/SICOR (MDCR)
4323101;10641229.18;462.45;2025;Investimento;BCB/SICOR (MDCR)
4323200;49445937.37;10075.95;2025;Custeio;BCB/SICOR (MDCR)
4323200;16817512.6;1733.6399999999999;2025;Investimento;BCB/SICOR (MDCR)
4323309;22854718.06;1573.93;2025;Custeio;BCB/SICOR (MDCR)
4323309;11976432.43;25.68;2025;Investimento;BCB/SICOR (MDCR)
4323358;39278809.11;6998.12;2025;Custeio;BCB/SICOR (MDCR)
4323358;16193244.73;1604.98;2025;Investimento;BCB/SICOR (MDCR)
4323408;47411671.68;7080.26;2025;Custeio;BCB/SICOR (MDCR)
4323408;25226063.42;785.68;2025;Investimento;BCB/SICOR (MDCR)
4323457;32284945.25;6635.83;2025;Custeio;BCB/SICOR (MDCR)
4323457;4364919.65;495.03;2025;Investimento;BCB/SICOR (MDCR)
4323507;58661208.87;2202.98;2025;Custeio;BCB/SICOR (MDCR)
4323507;17271338.58;148.98;2025;Investimento;BCB/SICOR (MDCR)
4323606;10995719.3;1661.46;2025;Custeio;BCB/SICOR (MDCR)
4323606;10100297.66;109.69;2025;Investimento;BCB/SICOR (MDCR)
4323705;20021936.09;2230.2;2025;Custeio;BCB/SICOR (MDCR)
4323705;29428467.17;300.07;2025;Investimento;BCB/SICOR (MDCR)
4323754;38267199.79;7630.63;2025;Custeio;BCB/SICOR (MDCR)
4323754;9306005.77;756.67;2025;Investimento;BCB/SICOR (MDCR)
4323770;17668685.16;114.67;2025;Custeio;BCB/SICOR (MDCR)
4323770;12132593.08;5.81;2025;Investimento;BCB/SICOR (MDCR)
4323804;475000.0;64.93;2025;Custeio;BCB/SICOR (MDCR)
5000203;161000950.29;63471.229999999996;2025;Custeio;BCB/SICOR (MDCR)
5000203;35173271.56;5329.58;2025;Investimento;BCB/SICOR (MDCR)
5000252;70476356.57;26767.489999999998;2025;Custeio;BCB/SICOR (MDCR)
5000252;51942212.76;13890.300000000001;2025;Investimento;BCB/SICOR (MDCR)
5000609;271427681.91;78399.61;2025;Custeio;BCB/SICOR (MDCR)
5000609;117042033.19;10154.779999999999;2025;Investimento;BCB/SICOR (MDCR)
5000708;44500975.39;14648.13;2025;Custeio;BCB/SICOR (MDCR)
5000708;21170632.240000002;7638.150000000001;2025;Investimento;BCB/SICOR (MDCR)
5000807;94411952.75;22282.09;2025;Custeio;BCB/SICOR (MDCR)
5000807;36397348.04;8054.29;2025;Investimento;BCB/SICOR (MDCR)
5000856;26730160.41;4953.41;2025;Custeio;BCB/SICOR (MDCR)
5000856;66006925.31;1427.49;2025;Investimento;BCB/SICOR (MDCR)
5000906;78393873.11;18116.5;2025;Custeio;BCB/SICOR (MDCR)
5000906;8370206.06;513.77;2025;Investimento;BCB/SICOR (MDCR)
5001003;40915197.55;8902.83;2025;Custeio;BCB/SICOR (MDCR)
5001003;62617214.79;4944.92;2025;Investimento;BCB/SICOR (MDCR)
5001102;152088643.72;73332.58;2025;Custeio;BCB/SICOR (MDCR)
5001102;58381515.28;27808.23;2025;Investimento;BCB/SICOR (MDCR)
5001243;193121279.78;48121.62;2025;Custeio;BCB/SICOR (MDCR)
5001243;34376126.51;2477.93;2025;Investimento;BCB/SICOR (MDCR)
5001508;163673372.04;43609.83;2025;Custeio;BCB/SICOR (MDCR)
5001508;37994457.63;4078.54;2025;Investimento;BCB/SICOR (MDCR)
5001904;66767873.18;17327.44;2025;Custeio;BCB/SICOR (MDCR)
5001904;129537336.03;12852.61;2025;Investimento;BCB/SICOR (MDCR)
5002001;64766581.53;14254.13;2025;Custeio;BCB/SICOR (MDCR)
5002001;77102439.17;5411.09;2025;Investimento;BCB/SICOR (MDCR)
5002100;112195438.84;40519.6;2025;Custeio;BCB/SICOR (MDCR)
5002100;34304839.18;10176.07;2025;Investimento;BCB/SICOR (MDCR)
5002159;36767980.54;11598.19;2025;Custeio;BCB/SICOR (MDCR)
5002159;12412054.54;2685.66;2025;Investimento;BCB/SICOR (MDCR)
5002209;147812853.89;38831.85;2025;Custeio;BCB/SICOR (MDCR)
5002209;34128608.73;7377.85;2025;Investimento;BCB/SICOR (MDCR)
5002308;289160221.16;55753.9;2025;Custeio;BCB/SICOR (MDCR)
5002308;30969249.91;7000.610000000001;2025;Investimento;BCB/SICOR (MDCR)
5002407;154166626.32;43493.03;2025;Custeio;BCB/SICOR (MDCR)
5002407;53027182.42;6560.61;2025;Investimento;BCB/SICOR (MDCR)
5002605;304864650.6;75539.27;2025;Custeio;BCB/SICOR (MDCR)
5002605;89532644.02;20009.37;2025;Investimento;BCB/SICOR (MDCR)
5002704;370847393.02;88670.77;2025;Custeio;BCB/SICOR (MDCR)
5002704;106349922.13;15217.51;2025;Investimento;BCB/SICOR (MDCR)
5002803;32031963.21;15693.34;2025;Custeio;BCB/SICOR (MDCR)
5002803;14939728.95;4513.31;2025;Investimento;BCB/SICOR (MDCR)
5002902;122065693.97;25653.829999999998;2025;Custeio;BCB/SICOR (MDCR)
5002902;76859238.68;9155.86;2025;Investimento;BCB/SICOR (MDCR)
5002951;161263574.75;37524.17;2025;Custeio;BCB/SICOR (MDCR)
5002951;90034884.36;12154.93;2025;Investimento;BCB/SICOR (MDCR)
5003108;34978438.06;16246.720000000001;2025;Custeio;BCB/SICOR (MDCR)
5003108;12326934.86;3100.81;2025;Investimento;BCB/SICOR (MDCR)
5003157;52063011.94;17005.62;2025;Custeio;BCB/SICOR (MDCR)
5003157;17305656.37;7257.7;2025;Investimento;BCB/SICOR (MDCR)
5003207;379471001.76;637429.33;2025;Custeio;BCB/SICOR (MDCR)
5003207;129768641.12;162430.09;2025;Investimento;BCB/SICOR (MDCR)
5003256;129563434.29;26163.15;2025;Custeio;BCB/SICOR (MDCR)
5003256;87686932.1;11323.97;2025;Investimento;BCB/SICOR (MDCR)
5003306;175638271.56;58862.700000000004;2025;Custeio;BCB/SICOR (MDCR)
5003306;61806691.97;19384.32;2025;Investimento;BCB/SICOR (MDCR)
5003454;50357838.339999996;11216.27;2025;Custeio;BCB/SICOR (MDCR)
5003454;34415519.81;1543.12;2025;Investimento;BCB/SICOR (MDCR)
5003488;66607841.76;21601.97;2025;Custeio;BCB/SICOR (MDCR)
5003488;25283286.48;3850.61;2025;Investimento;BCB/SICOR (MDCR)
5003504;9957802.37;2499.91;2025;Custeio;BCB/SICOR (MDCR)
5003504;3278895.06;462.23;2025;Investimento;BCB/SICOR (MDCR)
5003702;419877735.72;101399.26;2025;Custeio;BCB/SICOR (MDCR)
5003702;196616512.6;9557.65;2025;Investimento;BCB/SICOR (MDCR)
5003751;81317279.64;14286.61;2025;Custeio;BCB/SICOR (MDCR)
5003751;8539321.15;1267.54;2025;Investimento;BCB/SICOR (MDCR)
5003801;18126928.56;4312.58;2025;Custeio;BCB/SICOR (MDCR)
5003801;5089095.0;143.55999999999997;2025;Investimento;BCB/SICOR (MDCR)
5003900;85635920.4;35992.94;2025;Custeio;BCB/SICOR (MDCR)
5003900;37757540.91;13667.82;2025;Investimento;BCB/SICOR (MDCR)
5004007;44366842.589999996;5061.69;2025;Custeio;BCB/SICOR (MDCR)
5004007;56369439.50000001;843.1;2025;Investimento;BCB/SICOR (MDCR)
5004106;49749181.58;14485.93;2025;Custeio;BCB/SICOR (MDCR)
5004106;16825554.35;3168.37;2025;Investimento;BCB/SICOR (MDCR)
5004304;90789332.83;22856.85;2025;Custeio;BCB/SICOR (MDCR)
5004304;81398494.34;11204.0;2025;Investimento;BCB/SICOR (MDCR)
5004403;109968177.83;29843.93;2025;Custeio;BCB/SICOR (MDCR)
5004403;37126804.980000004;8634.41;2025;Investimento;BCB/SICOR (MDCR)
5004502;207033859.19;51927.07;2025;Custeio;BCB/SICOR (MDCR)
5004502;43160051.09;1997.27;2025;Investimento;BCB/SICOR (MDCR)
5004601;87471634.41;17810.08;2025;Custeio;BCB/SICOR (MDCR)
5004601;91696431.17;18761.47;2025;Investimento;BCB/SICOR (MDCR)
5004700;76030090.57;14912.65;2025;Custeio;BCB/SICOR (MDCR)
5004700;24868913.55;1531.47;2025;Investimento;BCB/SICOR (MDCR)
5004809;8695381.32;1909.52;2025;Custeio;BCB/SICOR (MDCR)
5004809;14172225.85;1652.43;2025;Investimento;BCB/SICOR (MDCR)
5004908;99795251.0;22553.84;2025;Custeio;BCB/SICOR (MDCR)
5004908;55744152.839999996;5453.6;2025;Investimento;BCB/SICOR (MDCR)
5005004;41892655.12;10284.25;2025;Custeio;BCB/SICOR (MDCR)
5005004;20231707.6;4435.33;2025;Investimento;BCB/SICOR (MDCR)
5005103;43446489.79;9684.13;2025;Custeio;BCB/SICOR (MDCR)
5005103;14249819.22;2080.73;2025;Investimento;BCB/SICOR (MDCR)
5005152;51430371.73;12421.66;2025;Custeio;BCB/SICOR (MDCR)
5005152;10880058.05;2633.91;2025;Investimento;BCB/SICOR (MDCR)
5005202;644073.74;76.82;2025;Custeio;BCB/SICOR (MDCR)
5005202;1152984.1;738.24;2025;Investimento;BCB/SICOR (MDCR)
5005251;246846381.81;62644.97;2025;Custeio;BCB/SICOR (MDCR)
5005251;40229143.68;6596.910000000001;2025;Investimento;BCB/SICOR (MDCR)
5005400;452590775.85;113137.98;2025;Custeio;BCB/SICOR (MDCR)
5005400;160721806.35;14150.220000000001;2025;Investimento;BCB/SICOR (MDCR)
5005608;58227238.63;29619.98;2025;Custeio;BCB/SICOR (MDCR)
5005608;13401715.37;3551.52;2025;Investimento;BCB/SICOR (MDCR)
5005681;18119923.75;2465.18;2025;Custeio;BCB/SICOR (MDCR)
5005681;30394957.22;442.09;2025;Investimento;BCB/SICOR (MDCR)
5005707;368351989.71999997;27525.05;2025;Custeio;BCB/SICOR (MDCR)
5005707;52621819.43;5935.7300000000005;2025;Investimento;BCB/SICOR (MDCR)
5005806;84608405.2;35882.94;2025;Custeio;BCB/SICOR (MDCR)
5005806;61214771.05;21245.68;2025;Investimento;BCB/SICOR (MDCR)
5006002;171686732.07;44574.33;2025;Custeio;BCB/SICOR (MDCR)
5006002;36300230.15;5635.79;2025;Investimento;BCB/SICOR (MDCR)
5006200;102323626.9;31110.93;2025;Custeio;BCB/SICOR (MDCR)
5006200;102149466.67;18927.89;2025;Investimento;BCB/SICOR (MDCR)
5006259;22533429.86;4515.96;2025;Custeio;BCB/SICOR (MDCR)
5006259;6721115.78;1267.2;2025;Investimento;BCB/SICOR (MDCR)
5006275;200079880.82;48687.29;2025;Custeio;BCB/SICOR (MDCR)
5006275;106607062.96;12524.56;2025;Investimento;BCB/SICOR (MDCR)
5006309;101289774.17999999;22700.87;2025;Custeio;BCB/SICOR (MDCR)
5006309;155043645.02;13447.06;2025;Investimento;BCB/SICOR (MDCR)
5006358;14616099.72;8825.42;2025;Custeio;BCB/SICOR (MDCR)
5006358;7940502.34;1810.54;2025;Investimento;BCB/SICOR (MDCR)
5006408;101062506.82;39423.47;2025;Custeio;BCB/SICOR (MDCR)
5006408;58005165.07;13609.45;2025;Investimento;BCB/SICOR (MDCR)
5006606;379134684.1;95478.73;2025;Custeio;BCB/SICOR (MDCR)
5006606;121026877.46;17811.55;2025;Investimento;BCB/SICOR (MDCR)
5006903;164634052.72;105989.8;2025;Custeio;BCB/SICOR (MDCR)
5006903;46119798.230000004;8245.93;2025;Investimento;BCB/SICOR (MDCR)
5007109;278068781.85;79979.55;2025;Custeio;BCB/SICOR (MDCR)
5007109;108027142.4;22754.67;2025;Investimento;BCB/SICOR (MDCR)
5007208;221341058.39000002;56032.14;2025;Custeio;BCB/SICOR (MDCR)
5007208;59370815.01;3341.27;2025;Investimento;BCB/SICOR (MDCR)
5007307;49065564.29;13146.38;2025;Custeio;BCB/SICOR (MDCR)
5007307;14199394.290000001;1054.34;2025;Investimento;BCB/SICOR (MDCR)
5007406;198720217.6;78870.70999999999;2025;Custeio;BCB/SICOR (MDCR)
5007406;57921067.64;15756.26;2025;Investimento;BCB/SICOR (MDCR)
5007505;25811630.98;7349.37;2025;Custeio;BCB/SICOR (MDCR)
5007505;7848708.63;3407.4;2025;Investimento;BCB/SICOR (MDCR)
5007554;81017730.67999999;24374.57;2025;Custeio;BCB/SICOR (MDCR)
5007554;34966210.25;8888.949999999999;2025;Investimento;BCB/SICOR (MDCR)
5007695;234644242.41;54761.39;2025;Custeio;BCB/SICOR (MDCR)
5007695;108888978.34;5866.66;2025;Investimento;BCB/SICOR (MDCR)
5007703;40456939.86;10206.04;2025;Custeio;BCB/SICOR (MDCR)
5007703;17146696.96;1696.8100000000002;2025;Investimento;BCB/SICOR (MDCR)
5007802;63564138.18;37848.27;2025;Custeio;BCB/SICOR (MDCR)
5007802;13098796.17;2935.42;2025;Investimento;BCB/SICOR (MDCR)
5007901;382225571.59;97953.73;2025;Custeio;BCB/SICOR (MDCR)
5007901;177843309.33;14933.369999999999;2025;Investimento;BCB/SICOR (MDCR)
5007935;89808578.21;23760.77;2025;Custeio;BCB/SICOR (MDCR)
5007935;85904334.02;13146.56;2025;Investimento;BCB/SICOR (MDCR)
5007950;86812167.16;20558.71;2025;Custeio;BCB/SICOR (MDCR)
5007950;26301470.75;4810.59;2025;Investimento;BCB/SICOR (MDCR)
5007976;32341899.93;5222.02;2025;Custeio;BCB/SICOR (MDCR)
5007976;12840486.29;1625.35;2025;Investimento;BCB/SICOR (MDCR)
5008008;76436867.37;17911.66;2025;Custeio;BCB/SICOR (MDCR)
5008008;34240612.87;6207.45;2025;Investimento;BCB/SICOR (MDCR)
5008305;122092435.09;39004.159999999996;2025;Custeio;BCB/SICOR (MDCR)
5008305;59184098.58;8483.14;2025;Investimento;BCB/SICOR (MDCR)
5008404;17456745.44;4018.48;2025;Custeio;BCB/SICOR (MDCR)
5008404;5801801.05;300.0;2025;Investimento;BCB/SICOR (MDCR)
5100102;5919126.54;1267.33;2025;Custeio;BCB/SICOR (MDCR)
5100102;10731919.42;830.29;2025;Investimento;BCB/SICOR (MDCR)
5100201;314852279.38;65123.31;2025;Custeio;BCB/SICOR (MDCR)
5100201;122488275.64;16676.79;2025;Investimento;BCB/SICOR (MDCR)
5100250;215636320.12;39788.8;2025;Custeio;BCB/SICOR (MDCR)
5100250;173394687.31;14651.21;2025;Investimento;BCB/SICOR (MDCR)
5100300;80257501.5;17981.58;2025;Custeio;BCB/SICOR (MDCR)
5100300;22791447.91;2255.4700000000003;2025;Investimento;BCB/SICOR (MDCR)
5100359;55422947.68;13287.84;2025;Custeio;BCB/SICOR (MDCR)
5100359;5996020.0;318.08000000000004;2025;Investimento;BCB/SICOR (MDCR)
5100409;60583463.95;12933.1;2025;Custeio;BCB/SICOR (MDCR)
5100409;23210286.37;1085.9;2025;Investimento;BCB/SICOR (MDCR)
5100508;39433897.85;17021.170000000002;2025;Custeio;BCB/SICOR (MDCR)
5100508;17911643.7;2847.45;2025;Investimento;BCB/SICOR (MDCR)
5100607;62205740.17;13321.96;2025;Custeio;BCB/SICOR (MDCR)
5100607;30871442.68;1108.73;2025;Investimento;BCB/SICOR (MDCR)
5100805;42179895.8;9025.79;2025;Custeio;BCB/SICOR (MDCR)
5100805;27788973.32;4234.43;2025;Investimento;BCB/SICOR (MDCR)
5101001;59181196.97;15896.66;2025;Custeio;BCB/SICOR (MDCR)
5101001;42270319.54;8340.1;2025;Investimento;BCB/SICOR (MDCR)
5101209;15497570.06;4692.29;2025;Custeio;BCB/SICOR (MDCR)
5101209;10472293.53;2169.62;2025;Investimento;BCB/SICOR (MDCR)
5101258;28016058.78;4298.4;2025;Custeio;BCB/SICOR (MDCR)
5101258;29748785.31;4118.82;2025;Investimento;BCB/SICOR (MDCR)
5101308;10122718.72;1512.46;2025;Custeio;BCB/SICOR (MDCR)
5101308;11484567.1;911.11;2025;Investimento;BCB/SICOR (MDCR)
5101407;85577809.33;18966.47;2025;Custeio;BCB/SICOR (MDCR)
5101407;86919382.64;10318.05;2025;Investimento;BCB/SICOR (MDCR)
5101605;7375730.34;4103.12;2025;Custeio;BCB/SICOR (MDCR)
5101605;7115382.46;211.78;2025;Investimento;BCB/SICOR (MDCR)
5101704;48957134.86;9643.04;2025;Custeio;BCB/SICOR (MDCR)
5101704;84090919.61;8532.32;2025;Investimento;BCB/SICOR (MDCR)
5101803;124926427.37;28955.84;2025;Custeio;BCB/SICOR (MDCR)
5101803;47301805.65;8100.21;2025;Investimento;BCB/SICOR (MDCR)
5101837;84028520.91;19301.079999999998;2025;Custeio;BCB/SICOR (MDCR)
5101837;62011847.17;9335.12;2025;Investimento;BCB/SICOR (MDCR)
5101852;37720523.230000004;7528.09;2025;Custeio;BCB/SICOR (MDCR)
5101852;72703697.24;3082.96;2025;Investimento;BCB/SICOR (MDCR)
5101902;211475012.97;50626.38;2025;Custeio;BCB/SICOR (MDCR)
5101902;171309317.06;18555.14;2025;Investimento;BCB/SICOR (MDCR)
5102504;224598530.43;51942.53;2025;Custeio;BCB/SICOR (MDCR)
5102504;196705849.45;30660.14;2025;Investimento;BCB/SICOR (MDCR)
5102603;147610226.89;27865.45;2025;Custeio;BCB/SICOR (MDCR)
5102603;58322574.62;7796.59;2025;Investimento;BCB/SICOR (MDCR)
5102637;220145454.97;45338.82;2025;Custeio;BCB/SICOR (MDCR)
5102637;260982289.06;30139.15;2025;Investimento;BCB/SICOR (MDCR)
5102678;602297860.67;72552.25;2025;Custeio;BCB/SICOR (MDCR)
5102678;183173407.06;18552.35;2025;Investimento;BCB/SICOR (MDCR)
5102686;255322134.89;44468.369999999995;2025;Custeio;BCB/SICOR (MDCR)
5102686;127863671.09;18293.59;2025;Investimento;BCB/SICOR (MDCR)
5102694;36325490.22;9062.29;2025;Custeio;BCB/SICOR (MDCR)
5102694;40906560.63;3499.24;2025;Investimento;BCB/SICOR (MDCR)
5102702;534696854.11;121622.2;2025;Custeio;BCB/SICOR (MDCR)
5102702;186327543.38;25628.19;2025;Investimento;BCB/SICOR (MDCR)
5102793;84676419.59;15606.86;2025;Custeio;BCB/SICOR (MDCR)
5102793;79818566.67;5475.21;2025;Investimento;BCB/SICOR (MDCR)
5102850;88145205.89;27897.4;2025;Custeio;BCB/SICOR (MDCR)
5102850;81197004.26;12198.83;2025;Investimento;BCB/SICOR (MDCR)
5103007;47908338.08;9865.31;2025;Custeio;BCB/SICOR (MDCR)
5103007;47488349.92;3465.01;2025;Investimento;BCB/SICOR (MDCR)
5103056;169184398.44;39148.54;2025;Custeio;BCB/SICOR (MDCR)
5103056;74131619.58;6519.39;2025;Investimento;BCB/SICOR (MDCR)
5103106;87836750.28;19462.52;2025;Custeio;BCB/SICOR (MDCR)
5103106;50762680.04;12501.52;2025;Investimento;BCB/SICOR (MDCR)
5103205;132334983.96;19054.7;2025;Custeio;BCB/SICOR (MDCR)
5103205;74088382.82;5890.95;2025;Investimento;BCB/SICOR (MDCR)
5103254;53558052.43;12773.02;2025;Custeio;BCB/SICOR (MDCR)
5103254;77315472.6;11711.619999999999;2025;Investimento;BCB/SICOR (MDCR)
5103304;149643205.27;35135.54;2025;Custeio;BCB/SICOR (MDCR)
5103304;77025914.29;8170.36;2025;Investimento;BCB/SICOR (MDCR)
5103353;146486555.85;39719.42;2025;Custeio;BCB/SICOR (MDCR)
5103353;42042094.68;8447.12;2025;Investimento;BCB/SICOR (MDCR)
5103361;18413829.77;2988.75;2025;Custeio;BCB/SICOR (MDCR)
5103361;18135364.81;2344.9300000000003;2025;Investimento;BCB/SICOR (MDCR)
5103379;72400200.68;15287.01;2025;Custeio;BCB/SICOR (MDCR)
5103379;58906372.38;7106.42;2025;Investimento;BCB/SICOR (MDCR)
5103403;29771119.990000002;6217.3;2025;Custeio;BCB/SICOR (MDCR)
5103403;8698897.4;1533.26;2025;Investimento;BCB/SICOR (MDCR)
5103437;13275352.35;2308.96;2025;Custeio;BCB/SICOR (MDCR)
5103437;6618638.5;645.21;2025;Investimento;BCB/SICOR (MDCR)
5103452;49029359.58;7657.3;2025;Custeio;BCB/SICOR (MDCR)
5103452;103022736.58999999;4711.17;2025;Investimento;BCB/SICOR (MDCR)
5103502;968517508.77;104583.15;2025;Custeio;BCB/SICOR (MDCR)
5103502;250812216.86;18441.12;2025;Investimento;BCB/SICOR (MDCR)
5103601;138772393.56;26346.16;2025;Custeio;BCB/SICOR (MDCR)
5103601;29453660.67;4062.57;2025;Investimento;BCB/SICOR (MDCR)
5103700;122819613.02;29339.15;2025;Custeio;BCB/SICOR (MDCR)
5103700;96316345.23;12380.05;2025;Investimento;BCB/SICOR (MDCR)
5103809;29586057.11;2601.7400000000002;2025;Custeio;BCB/SICOR (MDCR)
5103809;21121245.62;1844.1499999999999;2025;Investimento;BCB/SICOR (MDCR)
5103858;164561121.34;39842.57;2025;Custeio;BCB/SICOR (MDCR)
5103858;108106958.97;9204.94;2025;Investimento;BCB/SICOR (MDCR)
5103908;101028772.15;21580.19;2025;Custeio;BCB/SICOR (MDCR)
5103908;18777515.12;1882.55;2025;Investimento;BCB/SICOR (MDCR)
5103957;21917299.68;2226.68;2025;Custeio;BCB/SICOR (MDCR)
5103957;14252293.77;2970.8;2025;Investimento;BCB/SICOR (MDCR)
5104104;66048753.26;10595.46;2025;Custeio;BCB/SICOR (MDCR)
5104104;59585995.3;5295.32;2025;Investimento;BCB/SICOR (MDCR)
5104203;69144323.81;14240.13;2025;Custeio;BCB/SICOR (MDCR)
5104203;24717689.4;4980.26;2025;Investimento;BCB/SICOR (MDCR)
5104500;43579602.44;5859.55;2025;Custeio;BCB/SICOR (MDCR)
5104500;7538804.35;1100.4;2025;Investimento;BCB/SICOR (MDCR)
5104526;333540384.25;67658.04;2025;Custeio;BCB/SICOR (MDCR)
5104526;214498444.51999998;10214.58;2025;Investimento;BCB/SICOR (MDCR)
5104542;42400081.41;9480.78;2025;Custeio;BCB/SICOR (MDCR)
5104542;41803840.32;3108.5699999999997;2025;Investimento;BCB/SICOR (MDCR)
5104559;60880940.9;12947.57;2025;Custeio;BCB/SICOR (MDCR)
5104559;59849475.35;2681.59;2025;Investimento;BCB/SICOR (MDCR)
5104609;284308951.93;61981.36;2025;Custeio;BCB/SICOR (MDCR)
5104609;115238757.69;13707.259999999998;2025;Investimento;BCB/SICOR (MDCR)
5104807;110097390.44;20395.829999999998;2025;Custeio;BCB/SICOR (MDCR)
5104807;55054860.28;3454.87;2025;Investimento;BCB/SICOR (MDCR)
5104906;17421936.99;2272.64;2025;Custeio;BCB/SICOR (MDCR)
5104906;13111594.129999999;1521.39;2025;Investimento;BCB/SICOR (MDCR)
5105002;40123492.8;4989.26;2025;Custeio;BCB/SICOR (MDCR)
5105002;24619178.87;2474.71;2025;Investimento;BCB/SICOR (MDCR)
5105101;229366343.98;38114.4;2025;Custeio;BCB/SICOR (MDCR)
5105101;160162288.59;17547.97;2025;Investimento;BCB/SICOR (MDCR)
5105150;146743714.85;36819.26;2025;Custeio;BCB/SICOR (MDCR)
5105150;107176770.36;18024.79;2025;Investimento;BCB/SICOR (MDCR)
5105176;56320979.45;11228.9;2025;Custeio;BCB/SICOR (MDCR)
5105176;48444796.07;7478.14;2025;Investimento;BCB/SICOR (MDCR)
5105200;69980403.63;11529.94;2025;Custeio;BCB/SICOR (MDCR)
5105200;52658788.410000004;4680.63;2025;Investimento;BCB/SICOR (MDCR)
5105234;24103105.5;3772.12;2025;Custeio;BCB/SICOR (MDCR)
5105234;21066287.54;1889.41;2025;Investimento;BCB/SICOR (MDCR)
5105259;335840046.05;55687.340000000004;2025;Custeio;BCB/SICOR (MDCR)
5105259;260744086.11;7611.33;2025;Investimento;BCB/SICOR (MDCR)
5105309;5323407.68;1060.84;2025;Custeio;BCB/SICOR (MDCR)
5105309;1974000.0;671.95;2025;Investimento;BCB/SICOR (MDCR)
5105507;267800897.76;54831.770000000004;2025;Custeio;BCB/SICOR (MDCR)
5105507;145459080.26;22270.77;2025;Investimento;BCB/SICOR (MDCR)
5105580;110864098.06;27515.67;2025;Custeio;BCB/SICOR (MDCR)
5105580;52082898.68;5307.76;2025;Investimento;BCB/SICOR (MDCR)
5105606;40630978.59;4681.89;2025;Custeio;BCB/SICOR (MDCR)
5105606;20264246.07;1067.05;2025;Investimento;BCB/SICOR (MDCR)
5105622;44046937.059999995;3248.56;2025;Custeio;BCB/SICOR (MDCR)
5105622;31569665.0;1950.82;2025;Investimento;BCB/SICOR (MDCR)
5105903;63350558.66;14702.39;2025;Custeio;BCB/SICOR (MDCR)
5105903;58594777.24;2463.13;2025;Investimento;BCB/SICOR (MDCR)
5106000;180231722.79;20111.59;2025;Custeio;BCB/SICOR (MDCR)
5106000;10449154.74;895.26;2025;Investimento;BCB/SICOR (MDCR)
5106109;34332983.85;5024.56;2025;Custeio;BCB/SICOR (MDCR)
5106109;21194842.8;1580.92;2025;Investimento;BCB/SICOR (MDCR)
5106158;54891078.699999996;12867.289999999999;2025;Custeio;BCB/SICOR (MDCR)
5106158;42948491.49;5225.93;2025;Investimento;BCB/SICOR (MDCR)
5106174;45986384.22;12674.33;2025;Custeio;BCB/SICOR (MDCR)
5106174;13020450.0;3194.6;2025;Investimento;BCB/SICOR (MDCR)
5106182;119774085.53;20090.47;2025;Custeio;BCB/SICOR (MDCR)
5106182;38545294.16;5385.85;2025;Investimento;BCB/SICOR (MDCR)
5106190;75081413.35;17500.28;2025;Custeio;BCB/SICOR (MDCR)
5106190;53202518.89;4871.74;2025;Investimento;BCB/SICOR (MDCR)
5106208;61100256.85;13311.68;2025;Custeio;BCB/SICOR (MDCR)
5106208;9548844.24;1625.86;2025;Investimento;BCB/SICOR (MDCR)
5106216;103934322.02;21379.31;2025;Custeio;BCB/SICOR (MDCR)
5106216;116056689.61;7826.25;2025;Investimento;BCB/SICOR (MDCR)
5106224;583134315.29;120812.26;2025;Custeio;BCB/SICOR (MDCR)
5106224;309774843.48;14069.08;2025;Investimento;BCB/SICOR (MDCR)
5106232;17403696.58;3195.82;2025;Custeio;BCB/SICOR (MDCR)
5106232;98053164.87;3662.69;2025;Investimento;BCB/SICOR (MDCR)
5106240;380826106.66;79026.33;2025;Custeio;BCB/SICOR (MDCR)
5106240;185313670.93;24744.35;2025;Investimento;BCB/SICOR (MDCR)
5106257;185457903.96;32493.48;2025;Custeio;BCB/SICOR (MDCR)
5106257;92298582.55;10931.23;2025;Investimento;BCB/SICOR (MDCR)
5106265;48266790.06;9276.35;2025;Custeio;BCB/SICOR (MDCR)
5106265;62892214.68;3400.47;2025;Investimento;BCB/SICOR (MDCR)
5106273;17188750.92;2530.33;2025;Custeio;BCB/SICOR (MDCR)
5106273;13137051.64;1538.36;2025;Investimento;BCB/SICOR (MDCR)
5106281;177564590.56;36294.2;2025;Custeio;BCB/SICOR (MDCR)
5106281;44447452.47;7692.85;2025;Investimento;BCB/SICOR (MDCR)
5106299;109372115.92999999;19046.41;2025;Custeio;BCB/SICOR (MDCR)
5106299;91176555.33;8020.27;2025;Investimento;BCB/SICOR (MDCR)
5106307;354535343.29;77130.95;2025;Custeio;BCB/SICOR (MDCR)
5106307;144338096.54;20550.35;2025;Investimento;BCB/SICOR (MDCR)
5106315;2762537.84;682.11;2025;Custeio;BCB/SICOR (MDCR)
5106315;6364607.5;1163.67;2025;Investimento;BCB/SICOR (MDCR)
5106372;177576384.53;30478.07;2025;Custeio;BCB/SICOR (MDCR)
5106372;69916830.81;3810.71;2025;Investimento;BCB/SICOR (MDCR)
5106422;82217361.05;17283.68;2025;Custeio;BCB/SICOR (MDCR)
5106422;39033628.48;3875.19;2025;Investimento;BCB/SICOR (MDCR)
5106455;41133130.65;8556.47;2025;Custeio;BCB/SICOR (MDCR)
5106455;12989450.63;730.3199999999999;2025;Investimento;BCB/SICOR (MDCR)
5106505;97179894.68;27097.87;2025;Custeio;BCB/SICOR (MDCR)
5106505;63954960.01;15472.039999999999;2025;Investimento;BCB/SICOR (MDCR)
5106653;42574190.75;6160.01;2025;Custeio;BCB/SICOR (MDCR)
5106653;13183255.2;2793.21;2025;Investimento;BCB/SICOR (MDCR)
5106703;2292574.51;401.65;2025;Custeio;BCB/SICOR (MDCR)
5106703;1820302.12;148.75;2025;Investimento;BCB/SICOR (MDCR)
5106752;182269204.58;30147.78;2025;Custeio;BCB/SICOR (MDCR)
5106752;98142309.26;10137.85;2025;Investimento;BCB/SICOR (MDCR)
5106778;44002297.96;9961.51;2025;Custeio;BCB/SICOR (MDCR)
5106778;19317478.86;2122.84;2025;Investimento;BCB/SICOR (MDCR)
5106802;177714105.46;41593.770000000004;2025;Custeio;BCB/SICOR (MDCR)
5106802;88406418.86;9858.13;2025;Investimento;BCB/SICOR (MDCR)
5106828;100723293.37;23763.5;2025;Custeio;BCB/SICOR (MDCR)
5106828;69931365.42;12824.98;2025;Investimento;BCB/SICOR (MDCR)
5106851;27849389.36;11742.08;2025;Custeio;BCB/SICOR (MDCR)
5106851;9038421.42;1855.15;2025;Investimento;BCB/SICOR (MDCR)
5107008;171939849.37;32919.07;2025;Custeio;BCB/SICOR (MDCR)
5107008;90024922.51;12295.52;2025;Investimento;BCB/SICOR (MDCR)
5107040;378549761.21999997;85038.7;2025;Custeio;BCB/SICOR (MDCR)
5107040;198431337.42000002;19606.54;2025;Investimento;BCB/SICOR (MDCR)
5107065;299129749.79;57662.05;2025;Custeio;BCB/SICOR (MDCR)
5107065;260648696.57;22176.64;2025;Investimento;BCB/SICOR (MDCR)
5107107;35074304.54;5534.8;2025;Custeio;BCB/SICOR (MDCR)
5107107;43229099.1;5938.13;2025;Investimento;BCB/SICOR (MDCR)
5107156;21583878.02;2090.77;2025;Custeio;BCB/SICOR (MDCR)
5107156;9082962.66;1031.8700000000001;2025;Investimento;BCB/SICOR (MDCR)
5107180;55061514.46;18272.56;2025;Custeio;BCB/SICOR (MDCR)
5107180;51845178.8;6851.48;2025;Investimento;BCB/SICOR (MDCR)
5107198;27416988.88;6131.66;2025;Custeio;BCB/SICOR (MDCR)
5107198;9132337.12;1167.3500000000001;2025;Investimento;BCB/SICOR (MDCR)
5107206;7127188.84;1140.13;2025;Custeio;BCB/SICOR (MDCR)
5107206;8763467.92;1298.38;2025;Investimento;BCB/SICOR (MDCR)
5107248;92798568.26;23565.45;2025;Custeio;BCB/SICOR (MDCR)
5107248;101380534.71000001;4767.12;2025;Investimento;BCB/SICOR (MDCR)
5107263;78519514.85;9765.52;2025;Custeio;BCB/SICOR (MDCR)
5107263;38308630.19;5533.52;2025;Investimento;BCB/SICOR (MDCR)
5107297;28967137.38;3448.55;2025;Custeio;BCB/SICOR (MDCR)
5107297;6794818.34;1095.38;2025;Investimento;BCB/SICOR (MDCR)
5107305;528503127.21999997;45297.75;2025;Custeio;BCB/SICOR (MDCR)
5107305;71364283.11;8450.05;2025;Investimento;BCB/SICOR (MDCR)
5107354;93432742.62;21314.079999999998;2025;Custeio;BCB/SICOR (MDCR)
5107354;133485570.72999999;2662.67;2025;Investimento;BCB/SICOR (MDCR)
5107404;8832522.3;965.01;2025;Custeio;BCB/SICOR (MDCR)
5107404;2848990.0;395.68;2025;Investimento;BCB/SICOR (MDCR)
5107578;11493897.4;3707.61;2025;Custeio;BCB/SICOR (MDCR)
5107578;15873864.91;2515.7400000000002;2025;Investimento;BCB/SICOR (MDCR)
5107602;190747313.0;30107.15;2025;Custeio;BCB/SICOR (MDCR)
5107602;69306187.61;3515.4;2025;Investimento;BCB/SICOR (MDCR)
5107701;65934607.28;13714.22;2025;Custeio;BCB/SICOR (MDCR)
5107701;38583584.37;4883.14;2025;Investimento;BCB/SICOR (MDCR)
5107743;52505307.17;10012.28;2025;Custeio;BCB/SICOR (MDCR)
5107743;11493036.99;885.83;2025;Investimento;BCB/SICOR (MDCR)
5107750;50407601.46;7324.6900000000005;2025;Custeio;BCB/SICOR (MDCR)
5107750;28414048.53;3018.71;2025;Investimento;BCB/SICOR (MDCR)
5107768;158804295.28;36957.71;2025;Custeio;BCB/SICOR (MDCR)
5107768;79731035.17;2644.3;2025;Investimento;BCB/SICOR (MDCR)
5107776;80229326.12;15069.69;2025;Custeio;BCB/SICOR (MDCR)
5107776;71620575.64;9352.98;2025;Investimento;BCB/SICOR (MDCR)
5107792;137116148.51;27489.87;2025;Custeio;BCB/SICOR (MDCR)
5107792;70252259.3;9670.99;2025;Investimento;BCB/SICOR (MDCR)
5107800;57491755.15;12369.56;2025;Custeio;BCB/SICOR (MDCR)
5107800;24865446.009999998;4042.08;2025;Investimento;BCB/SICOR (MDCR)
5107859;301728121.55;63436.55;2025;Custeio;BCB/SICOR (MDCR)
5107859;151806293.29;24223.9;2025;Investimento;BCB/SICOR (MDCR)
5107875;323041083.84;43849.42;2025;Custeio;BCB/SICOR (MDCR)
5107875;109892507.18;20180.52;2025;Investimento;BCB/SICOR (MDCR)
5107883;19817447.0;3563.12;2025;Custeio;BCB/SICOR (MDCR)
5107883;12714841.0;2765.18;2025;Investimento;BCB/SICOR (MDCR)
5107909;192368647.54;39830.11;2025;Custeio;BCB/SICOR (MDCR)
5107909;111406784.79;7329.83;2025;Investimento;BCB/SICOR (MDCR)
5107925;851153377.57;143933.63999999998;2025;Custeio;BCB/SICOR (MDCR)
5107925;533748100.06;46675.89;2025;Investimento;BCB/SICOR (MDCR)
5107941;419440392.36;82703.47;2025;Custeio;BCB/SICOR (MDCR)
5107941;173373146.31;14746.05;2025;Investimento;BCB/SICOR (MDCR)
5107958;202733807.24;33807.28;2025;Custeio;BCB/SICOR (MDCR)
5107958;154227917.77;10280.06;2025;Investimento;BCB/SICOR (MDCR)
5108006;503863485.45;68171.35;2025;Custeio;BCB/SICOR (MDCR)
5108006;137944623.2;7787.39;2025;Investimento;BCB/SICOR (MDCR)
5108055;51745329.21;9489.64;2025;Custeio;BCB/SICOR (MDCR)
5108055;53578401.99;2541.49;2025;Investimento;BCB/SICOR (MDCR)
5108105;48818347.19;10028.69;2025;Custeio;BCB/SICOR (MDCR)
5108105;63473306.54;15040.18;2025;Investimento;BCB/SICOR (MDCR)
5108204;47603901.97;9239.47;2025;Custeio;BCB/SICOR (MDCR)
5108204;8776195.45;1488.17;2025;Investimento;BCB/SICOR (MDCR)
5108303;60264933.69;14205.91;2025;Custeio;BCB/SICOR (MDCR)
5108303;40263713.31;1690.99;2025;Investimento;BCB/SICOR (MDCR)
5108352;33540665.21;2644.02;2025;Custeio;BCB/SICOR (MDCR)
5108352;12735717.0;1418.04;2025;Investimento;BCB/SICOR (MDCR)
5108402;1010350.0;198.98000000000002;2025;Custeio;BCB/SICOR (MDCR)
5108402;862000.0;8.04;2025;Investimento;BCB/SICOR (MDCR)
5108501;263168810.88;60084.72;2025;Custeio;BCB/SICOR (MDCR)
5108501;160303438.06;22140.62;2025;Investimento;BCB/SICOR (MDCR)
5108600;178086728.72;34229.27;2025;Custeio;BCB/SICOR (MDCR)
5108600;59140711.45;7125.67;2025;Investimento;BCB/SICOR (MDCR)
5108808;57087225.839999996;10223.24;2025;Custeio;BCB/SICOR (MDCR)
5108808;46436371.66;3041.25;2025;Investimento;BCB/SICOR (MDCR)
5108857;82412219.95;11768.68;2025;Custeio;BCB/SICOR (MDCR)
5108857;44009741.7;6974.89;2025;Investimento;BCB/SICOR (MDCR)
5108907;230630641.83;52745.35;2025;Custeio;BCB/SICOR (MDCR)
5108907;168188061.99;20006.9;2025;Investimento;BCB/SICOR (MDCR)
5108956;61433549.67;13860.61;2025;Custeio;BCB/SICOR (MDCR)
5108956;41237990.12;7082.1;2025;Investimento;BCB/SICOR (MDCR)
5200050;3239828.14;206.70999999999998;2025;Custeio;BCB/SICOR (MDCR)
5200050;317122.17;0.13;2025;Investimento;BCB/SICOR (MDCR)
5200100;36694427.99;7031.05;2025;Custeio;BCB/SICOR (MDCR)
5200100;22091850.27;484.03;2025;Investimento;BCB/SICOR (MDCR)
5200134;74077382.97;15602.03;2025;Custeio;BCB/SICOR (MDCR)
5200134;126801668.77999999;1158.34;2025;Investimento;BCB/SICOR (MDCR)
5200159;13060314.49;1874.02;2025;Custeio;BCB/SICOR (MDCR)
5200159;3452126.83;586.8;2025;Investimento;BCB/SICOR (MDCR)
5200175;98811121.14999999;21140.5;2025;Custeio;BCB/SICOR (MDCR)
5200175;37133621.21;1313.83;2025;Investimento;BCB/SICOR (MDCR)
5200209;22060089.41;3949.63;2025;Custeio;BCB/SICOR (MDCR)
5200209;6913958.0;845.13;2025;Investimento;BCB/SICOR (MDCR)
5200258;1574560.02;252.60999999999999;2025;Custeio;BCB/SICOR (MDCR)
5200258;27000.0;0.0;2025;Investimento;BCB/SICOR (MDCR)
5200308;38865486.3;6135.28;2025;Custeio;BCB/SICOR (MDCR)
5200308;3988160.0;271.01;2025;Investimento;BCB/SICOR (MDCR)
5200506;9383100.98;1720.02;2025;Custeio;BCB/SICOR (MDCR)
5200506;2387460.0;145.98;2025;Investimento;BCB/SICOR (MDCR)
5200555;13068264.62;4083.05;2025;Custeio;BCB/SICOR (MDCR)
5200555;3349750.0;956.07;2025;Investimento;BCB/SICOR (MDCR)
5200605;20016861.22;5173.99;2025;Custeio;BCB/SICOR (MDCR)
5200605;7726125.0;660.4;2025;Investimento;BCB/SICOR (MDCR)
5200803;13911797.48;5256.4400000000005;2025;Custeio;BCB/SICOR (MDCR)
5200803;13237238.75;3759.6;2025;Investimento;BCB/SICOR (MDCR)
5200829;69351139.69;19304.18;2025;Custeio;BCB/SICOR (MDCR)
5200829;25178134.59;5061.01;2025;Investimento;BCB/SICOR (MDCR)
5200852;11079749.31;1052.07;2025;Custeio;BCB/SICOR (MDCR)
5200852;3702354.8;68.36;2025;Investimento;BCB/SICOR (MDCR)
5200902;51216915.16;7391.29;2025;Custeio;BCB/SICOR (MDCR)
5200902;6596345.17;1094.42;2025;Investimento;BCB/SICOR (MDCR)
5201108;30390150.27;5151.4;2025;Custeio;BCB/SICOR (MDCR)
5201108;11165948.43;515.8399999999999;2025;Investimento;BCB/SICOR (MDCR)
5201207;2013725.94;206.48999999999998;2025;Custeio;BCB/SICOR (MDCR)
5201207;795000.0;59.3;2025;Investimento;BCB/SICOR (MDCR)
5201306;83304531.32000001;12545.67;2025;Custeio;BCB/SICOR (MDCR)
5201306;31023447.83;1858.75;2025;Investimento;BCB/SICOR (MDCR)
5201405;1100000.0;129.35;2025;Custeio;BCB/SICOR (MDCR)
5201405;84239.68;0.68;2025;Investimento;BCB/SICOR (MDCR)
5201454;50645828.88;6521.89;2025;Custeio;BCB/SICOR (MDCR)
5201454;3724512.0700000003;827.75;2025;Investimento;BCB/SICOR (MDCR)
5201504;76666939.36;21755.69;2025;Custeio;BCB/SICOR (MDCR)
5201504;29664327.36;12269.9;2025;Investimento;BCB/SICOR (MDCR)
5201603;6501446.2700000005;1389.18;2025;Custeio;BCB/SICOR (MDCR)
5201603;2654390.0;393.45;2025;Investimento;BCB/SICOR (MDCR)
5201702;9604969.63;1630.91;2025;Custeio;BCB/SICOR (MDCR)
5201702;7846385.24;2181.7;2025;Investimento;BCB/SICOR (MDCR)
5201801;11965370.17;1169.98;2025;Custeio;BCB/SICOR (MDCR)
5201801;3201538.5;291.3;2025;Investimento;BCB/SICOR (MDCR)
5202155;99494896.12;21348.45;2025;Custeio;BCB/SICOR (MDCR)
5202155;55165027.69;13888.029999999999;2025;Investimento;BCB/SICOR (MDCR)
5202353;105843289.51;18306.489999999998;2025;Custeio;BCB/SICOR (MDCR)
5202353;22455256.21;3354.09;2025;Investimento;BCB/SICOR (MDCR)
5202502;355111074.98999995;17103.87;2025;Custeio;BCB/SICOR (MDCR)
5202502;31725872.07;7193.27;2025;Investimento;BCB/SICOR (MDCR)
5202601;43892386.74;6386.73;2025;Custeio;BCB/SICOR (MDCR)
5202601;13699652.71;2969.46;2025;Investimento;BCB/SICOR (MDCR)
5202809;13237277.82;2225.79;2025;Custeio;BCB/SICOR (MDCR)
5202809;4247720.54;118.65;2025;Investimento;BCB/SICOR (MDCR)
5203104;31558793.73;7966.64;2025;Custeio;BCB/SICOR (MDCR)
5203104;27343007.15;5043.49;2025;Investimento;BCB/SICOR (MDCR)
5203203;22562390.6;3874.87;2025;Custeio;BCB/SICOR (MDCR)
5203203;10872225.11;1068.5;2025;Investimento;BCB/SICOR (MDCR)
5203302;110774168.02;16892.44;2025;Custeio;BCB/SICOR (MDCR)
5203302;45557229.01;1559.56;2025;Investimento;BCB/SICOR (MDCR)
5203401;57786198.7;13684.52;2025;Custeio;BCB/SICOR (MDCR)
5203401;29111439.9;5467.82;2025;Investimento;BCB/SICOR (MDCR)
5203500;96180251.0;20203.65;2025;Custeio;BCB/SICOR (MDCR)
5203500;51900931.19;2674.3199999999997;2025;Investimento;BCB/SICOR (MDCR)
5203559;1169606.1099999999;137.39;2025;Custeio;BCB/SICOR (MDCR)
5203575;158191131.16;25578.58;2025;Custeio;BCB/SICOR (MDCR)
5203575;21328708.28;6385.09;2025;Investimento;BCB/SICOR (MDCR)
5203609;7725799.49;828.45;2025;Custeio;BCB/SICOR (MDCR)
5203609;1034000.0;112.56;2025;Investimento;BCB/SICOR (MDCR)
5203807;45747908.77;11653.3;2025;Custeio;BCB/SICOR (MDCR)
5203807;14784966.81;2259.1099999999997;2025;Investimento;BCB/SICOR (MDCR)
5203906;57511138.95;9186.06;2025;Custeio;BCB/SICOR (MDCR)
5203906;37898479.95;2655.02;2025;Investimento;BCB/SICOR (MDCR)
5203939;16397395.870000001;4922.68;2025;Custeio;BCB/SICOR (MDCR)
5203939;9295523.83;1599.96;2025;Investimento;BCB/SICOR (MDCR)
5203962;2536517.64;463.06;2025;Custeio;BCB/SICOR (MDCR)
5203962;3599562.59;273.29;2025;Investimento;BCB/SICOR (MDCR)
5204003;35425325.04;7835.9;2025;Custeio;BCB/SICOR (MDCR)
5204003;24459583.37;1724.07;2025;Investimento;BCB/SICOR (MDCR)
5204102;145961298.87;14517.33;2025;Custeio;BCB/SICOR (MDCR)
5204102;39098287.88;4477.84;2025;Investimento;BCB/SICOR (MDCR)
5204201;7691957.81;2117.16;2025;Custeio;BCB/SICOR (MDCR)
5204201;3108248.86;411.35;2025;Investimento;BCB/SICOR (MDCR)
5204250;21093195.09;4058.66;2025;Custeio;BCB/SICOR (MDCR)
5204250;8115379.84;109.24;2025;Investimento;BCB/SICOR (MDCR)
5204300;70105515.76;14391.94;2025;Custeio;BCB/SICOR (MDCR)
5204300;27161178.42;4374.33;2025;Investimento;BCB/SICOR (MDCR)
5204409;369996235.19;88955.59;2025;Custeio;BCB/SICOR (MDCR)
5204409;129281835.18;19519.92;2025;Investimento;BCB/SICOR (MDCR)
5204508;103112243.75999999;19086.579999999998;2025;Custeio;BCB/SICOR (MDCR)
5204508;27162542.0;1965.08;2025;Investimento;BCB/SICOR (MDCR)
5204557;12427817.58;1796.38;2025;Custeio;BCB/SICOR (MDCR)
5204557;2126762.8;245.82999999999998;2025;Investimento;BCB/SICOR (MDCR)
5204607;7960100.18;2151.6800000000003;2025;Custeio;BCB/SICOR (MDCR)
5204607;834687.91;117.81;2025;Investimento;BCB/SICOR (MDCR)
5204656;52804370.55;13308.77;2025;Custeio;BCB/SICOR (MDCR)
5204656;21540692.06;3257.7799999999997;2025;Investimento;BCB/SICOR (MDCR)
5204706;56874704.36;12468.4;2025;Custeio;BCB/SICOR (MDCR)
5204706;10354284.65;1402.84;2025;Investimento;BCB/SICOR (MDCR)
5204805;214555871.81;32377.0;2025;Custeio;BCB/SICOR (MDCR)
5204805;36076162.08;2034.13;2025;Investimento;BCB/SICOR (MDCR)
5204854;3138227.76;360.45;2025;Custeio;BCB/SICOR (MDCR)
5204854;1089842.5;110.78;2025;Investimento;BCB/SICOR (MDCR)
5204904;8304604.180000001;2052.33;2025;Custeio;BCB/SICOR (MDCR)
5204904;4460044.0;691.77;2025;Investimento;BCB/SICOR (MDCR)
5204953;15952863.24;2182.2599999999998;2025;Custeio;BCB/SICOR (MDCR)
5204953;6845632.71;613.05;2025;Investimento;BCB/SICOR (MDCR)
5205000;13834375.68;1543.65;2025;Custeio;BCB/SICOR (MDCR)
5205000;9146852.7;767.72;2025;Investimento;BCB/SICOR (MDCR)
5205059;34298635.81;4587.75;2025;Custeio;BCB/SICOR (MDCR)
5205059;2118000.0;200.65;2025;Investimento;BCB/SICOR (MDCR)
5205109;414573756.06;82205.81;2025;Custeio;BCB/SICOR (MDCR)
5205109;98193602.1;6802.54;2025;Investimento;BCB/SICOR (MDCR)
5205208;12960283.26;2265.17;2025;Custeio;BCB/SICOR (MDCR)
5205208;2015716.6;107.32;2025;Investimento;BCB/SICOR (MDCR)
5205307;13564387.64;7972.969999999999;2025;Custeio;BCB/SICOR (MDCR)
5205307;15014093.91;9328.26;2025;Investimento;BCB/SICOR (MDCR)
5205406;8136627.68;833.77;2025;Custeio;BCB/SICOR (MDCR)
5205406;5141394.22;371.86;2025;Investimento;BCB/SICOR (MDCR)
5205455;26151613.57;5732.47;2025;Custeio;BCB/SICOR (MDCR)
5205455;8661663.72;704.86;2025;Investimento;BCB/SICOR (MDCR)
5205471;277018475.49;49619.52;2025;Custeio;BCB/SICOR (MDCR)
5205471;53748311.9;1325.44;2025;Investimento;BCB/SICOR (MDCR)
5205497;4825158.81;987.06;2025;Custeio;BCB/SICOR (MDCR)
5205497;1620260.62;182.06;2025;Investimento;BCB/SICOR (MDCR)
5205513;35056963.43;8871.29;2025;Custeio;BCB/SICOR (MDCR)
5205513;35388564.89;4408.22;2025;Investimento;BCB/SICOR (MDCR)
5205521;12851549.14;3064.99;2025;Custeio;BCB/SICOR (MDCR)
5205521;6860124.96;2118.32;2025;Investimento;BCB/SICOR (MDCR)
5205703;28115601.2;7915.58;2025;Custeio;BCB/SICOR (MDCR)
5205703;17843949.99;2976.45;2025;Investimento;BCB/SICOR (MDCR)
5205802;27359380.439999998;5687.0199999999995;2025;Custeio;BCB/SICOR (MDCR)
5205802;24208688.63;761.23;2025;Investimento;BCB/SICOR (MDCR)
5205901;119019475.7;27495.97;2025;Custeio;BCB/SICOR (MDCR)
5205901;29265790.62;4970.88;2025;Investimento;BCB/SICOR (MDCR)
5206206;362014453.33;63126.93;2025;Custeio;BCB/SICOR (MDCR)
5206206;207355446.09;8485.26;2025;Investimento;BCB/SICOR (MDCR)
5206305;7532124.12;1553.09;2025;Custeio;BCB/SICOR (MDCR)
5206305;6534950.0;491.34;2025;Investimento;BCB/SICOR (MDCR)
5206404;149670156.60999998;30384.66;2025;Custeio;BCB/SICOR (MDCR)
5206404;88940356.43;13951.27;2025;Investimento;BCB/SICOR (MDCR)
5206503;21413230.59;3368.24;2025;Custeio;BCB/SICOR (MDCR)
5206503;5800945.99;483.86;2025;Investimento;BCB/SICOR (MDCR)
5206602;51106351.79;5932.91;2025;Custeio;BCB/SICOR (MDCR)
5206602;16039964.06;1656.3500000000001;2025;Investimento;BCB/SICOR (MDCR)
5206701;3821540.38;640.87;2025;Custeio;BCB/SICOR (MDCR)
5206701;2266368.0300000003;302.24;2025;Investimento;BCB/SICOR (MDCR)
5206800;1701389.3900000001;377.9;2025;Custeio;BCB/SICOR (MDCR)
5206800;2438150.7;231.16;2025;Investimento;BCB/SICOR (MDCR)
5206909;13447806.53;2675.1;2025;Custeio;BCB/SICOR (MDCR)
5206909;12776327.5;1822.78;2025;Investimento;BCB/SICOR (MDCR)
5207105;30223664.77;5722.12;2025;Custeio;BCB/SICOR (MDCR)
5207105;11591817.89;1580.8300000000002;2025;Investimento;BCB/SICOR (MDCR)
5207253;314699386.17;40051.909999999996;2025;Custeio;BCB/SICOR (MDCR)
5207253;45971707.07;6102.42;2025;Investimento;BCB/SICOR (MDCR)
5207352;81662498.65;17370.95;2025;Custeio;BCB/SICOR (MDCR)
5207352;30311457.48;1877.18;2025;Investimento;BCB/SICOR (MDCR)
5207402;157742214.07;32178.64;2025;Custeio;BCB/SICOR (MDCR)
5207402;21701584.0;561.33;2025;Investimento;BCB/SICOR (MDCR)
5207501;32046607.2;6433.76;2025;Custeio;BCB/SICOR (MDCR)
5207501;9035038.8;1150.99;2025;Investimento;BCB/SICOR (MDCR)
5207535;100764154.60000001;24137.4;2025;Custeio;BCB/SICOR (MDCR)
5207535;61857718.55;12045.2;2025;Investimento;BCB/SICOR (MDCR)
5207600;65538910.18;16754.26;2025;Custeio;BCB/SICOR (MDCR)
5207600;32951393.66;6035.13;2025;Investimento;BCB/SICOR (MDCR)
5207808;39546999.78;8753.45;2025;Custeio;BCB/SICOR (MDCR)
5207808;20343172.05;1337.27;2025;Investimento;BCB/SICOR (MDCR)
5207907;64500571.35;17383.27;2025;Custeio;BCB/SICOR (MDCR)
5207907;55384132.589999996;17680.170000000002;2025;Investimento;BCB/SICOR (MDCR)
5208004;124508986.21;20008.56;2025;Custeio;BCB/SICOR (MDCR)
5208004;72204609.02;18818.2;2025;Investimento;BCB/SICOR (MDCR)
5208103;32404134.88;6345.89;2025;Custeio;BCB/SICOR (MDCR)
5208103;16170292.1;2335.39;2025;Investimento;BCB/SICOR (MDCR)
5208152;59378758.71;11490.38;2025;Custeio;BCB/SICOR (MDCR)
5208152;24204982.07;1091.29;2025;Investimento;BCB/SICOR (MDCR)
5208301;9337427.18;3719.61;2025;Custeio;BCB/SICOR (MDCR)
5208301;16686350.98;5499.18;2025;Investimento;BCB/SICOR (MDCR)
5208400;11539613.56;1402.8600000000001;2025;Custeio;BCB/SICOR (MDCR)
5208400;2472200.0;30.22;2025;Investimento;BCB/SICOR (MDCR)
5208509;38644881.03;5044.86;2025;Custeio;BCB/SICOR (MDCR)
5208509;13134155.52;1251.84;2025;Investimento;BCB/SICOR (MDCR)
5208608;73373479.25999999;4611.33;2025;Custeio;BCB/SICOR (MDCR)
5208608;49669051.31;3989.2999999999997;2025;Investimento;BCB/SICOR (MDCR)
5208707;10362572.59;1242.26;2025;Custeio;BCB/SICOR (MDCR)
5208707;2616143.3200000003;0.04;2025;Investimento;BCB/SICOR (MDCR)
5208806;5025808.88;1177.11;2025;Custeio;BCB/SICOR (MDCR)
5208905;145810187.96;23001.76;2025;Custeio;BCB/SICOR (MDCR)
5208905;77500871.39;10066.24;2025;Investimento;BCB/SICOR (MDCR)
5209101;225324831.02;44789.46;2025;Custeio;BCB/SICOR (MDCR)
5209101;110022600.59;4160.86;2025;Investimento;BCB/SICOR (MDCR)
5209150;40081884.98;8139.09;2025;Custeio;BCB/SICOR (MDCR)
5209150;9481886.29;653.6;2025;Investimento;BCB/SICOR (MDCR)
5209200;29015052.79;4181.39;2025;Custeio;BCB/SICOR (MDCR)
5209200;4494950.94;850.41;2025;Investimento;BCB/SICOR (MDCR)
5209291;7132752.350000001;1464.99;2025;Custeio;BCB/SICOR (MDCR)
5209291;7664737.69;496.40999999999997;2025;Investimento;BCB/SICOR (MDCR)
5209408;27474056.21;3484.66;2025;Custeio;BCB/SICOR (MDCR)
5209408;12161817.05;1939.48;2025;Investimento;BCB/SICOR (MDCR)
5209457;13391582.96;2765.06;2025;Custeio;BCB/SICOR (MDCR)
5209457;9832020.11;829.72;2025;Investimento;BCB/SICOR (MDCR)
5209606;9878565.04;1550.51;2025;Custeio;BCB/SICOR (MDCR)
5209606;10406126.53;757.85;2025;Investimento;BCB/SICOR (MDCR)
5209705;49415378.230000004;8023.030000000001;2025;Custeio;BCB/SICOR (MDCR)
5209705;6647803.8;769.36;2025;Investimento;BCB/SICOR (MDCR)
5209804;24894384.24;5240.79;2025;Custeio;BCB/SICOR (MDCR)
5209804;9184525.25;1814.91;2025;Investimento;BCB/SICOR (MDCR)
5209903;62804362.78;8670.48;2025;Custeio;BCB/SICOR (MDCR)
5209903;18307045.48;2599.8;2025;Investimento;BCB/SICOR (MDCR)
5209937;45579814.97;8482.05;2025;Custeio;BCB/SICOR (MDCR)
5209937;22207969.67;1135.06;2025;Investimento;BCB/SICOR (MDCR)
5209952;75696520.15;15115.75;2025;Custeio;BCB/SICOR (MDCR)
5209952;10968457.83;1515.25;2025;Investimento;BCB/SICOR (MDCR)
5210000;47333110.57;4594.33;2025;Custeio;BCB/SICOR (MDCR)
5210000;19397715.77;2018.8899999999999;2025;Investimento;BCB/SICOR (MDCR)
5210109;304478720.03000003;54922.85;2025;Custeio;BCB/SICOR (MDCR)
5210109;90677403.17;9468.56;2025;Investimento;BCB/SICOR (MDCR)
5210158;6221061.85;611.14;2025;Custeio;BCB/SICOR (MDCR)
5210158;7091124.62;266.36;2025;Investimento;BCB/SICOR (MDCR)
5210208;39118667.04;8423.57;2025;Custeio;BCB/SICOR (MDCR)
5210208;13625566.46;1815.44;2025;Investimento;BCB/SICOR (MDCR)
5210307;12628290.72;2717.67;2025;Custeio;BCB/SICOR (MDCR)
5210307;5237887.8;1126.89;2025;Investimento;BCB/SICOR (MDCR)
5210406;98261123.66;17231.09;2025;Custeio;BCB/SICOR (MDCR)
5210406;42023724.28;1674.6;2025;Investimento;BCB/SICOR (MDCR)
5210562;10096715.6;2133.96;2025;Custeio;BCB/SICOR (MDCR)
5210562;3473570.0700000003;257.81;2025;Investimento;BCB/SICOR (MDCR)
5210604;16593315.44;2143.57;2025;Custeio;BCB/SICOR (MDCR)
5210604;15911682.5;504.89;2025;Investimento;BCB/SICOR (MDCR)
5210802;86491278.16;18262.27;2025;Custeio;BCB/SICOR (MDCR)
5210802;32186908.84;6071.28;2025;Investimento;BCB/SICOR (MDCR)
5210901;26628325.9;3809.13;2025;Custeio;BCB/SICOR (MDCR)
5210901;17333004.1;1812.17;2025;Investimento;BCB/SICOR (MDCR)
5211008;62782981.21;25944.43;2025;Custeio;BCB/SICOR (MDCR)
5211008;46052840.15;14879.98;2025;Investimento;BCB/SICOR (MDCR)
5211206;89702995.85;12586.49;2025;Custeio;BCB/SICOR (MDCR)
5211206;56157810.66;4789.69;2025;Investimento;BCB/SICOR (MDCR)
5211305;150096553.98;29723.89;2025;Custeio;BCB/SICOR (MDCR)
5211305;57481516.04;9269.92;2025;Investimento;BCB/SICOR (MDCR)
5211404;21375418.12;2687.95;2025;Custeio;BCB/SICOR (MDCR)
5211404;6575959.59;711.85;2025;Investimento;BCB/SICOR (MDCR)
5211503;114088698.3;22328.98;2025;Custeio;BCB/SICOR (MDCR)
5211503;26068719.94;730.15;2025;Investimento;BCB/SICOR (MDCR)
5211602;39261138.09;8685.9;2025;Custeio;BCB/SICOR (MDCR)
5211602;22506281.27;3322.54;2025;Investimento;BCB/SICOR (MDCR)
5211701;46004227.86;8130.39;2025;Custeio;BCB/SICOR (MDCR)
5211701;14005990.96;1583.55;2025;Investimento;BCB/SICOR (MDCR)
5211800;75363873.64;11132.12;2025;Custeio;BCB/SICOR (MDCR)
5211800;31719892.12;2843.68;2025;Investimento;BCB/SICOR (MDCR)
5211909;721639096.28;142565.8;2025;Custeio;BCB/SICOR (MDCR)
5211909;236612620.46;20971.25;2025;Investimento;BCB/SICOR (MDCR)
5212006;18298875.09;6321.68;2025;Custeio;BCB/SICOR (MDCR)
5212006;5140163.65;732.13;2025;Investimento;BCB/SICOR (MDCR)
5212055;5483064.22;740.98;2025;Custeio;BCB/SICOR (MDCR)
5212055;1810720.0;253.47;2025;Investimento;BCB/SICOR (MDCR)
5212105;48769556.230000004;10207.93;2025;Custeio;BCB/SICOR (MDCR)
5212105;16479669.83;1366.4;2025;Investimento;BCB/SICOR (MDCR)
5212204;249103384.26;46911.07;2025;Custeio;BCB/SICOR (MDCR)
5212204;82998846.55;18069.57;2025;Investimento;BCB/SICOR (MDCR)
5212253;10833217.379999999;4398.6;2025;Custeio;BCB/SICOR (MDCR)
5212253;2308444.8;297.34000000000003;2025;Investimento;BCB/SICOR (MDCR)
5212303;11319612.0;2391.2;2025;Custeio;BCB/SICOR (MDCR)
5212303;17163457.95;192.38;2025;Investimento;BCB/SICOR (MDCR)
5212501;205987358.95;19514.15;2025;Custeio;BCB/SICOR (MDCR)
5212501;76113920.14;3807.85;2025;Investimento;BCB/SICOR (MDCR)
5212600;26385920.3;5192.06;2025;Custeio;BCB/SICOR (MDCR)
5212600;9643969.96;579.33;2025;Investimento;BCB/SICOR (MDCR)
5212709;1285160.82;323.45;2025;Custeio;BCB/SICOR (MDCR)
5212709;4380173.44;931.02;2025;Investimento;BCB/SICOR (MDCR)
5212808;94664442.58;22044.83;2025;Custeio;BCB/SICOR (MDCR)
5212808;39223666.65;6337.91;2025;Investimento;BCB/SICOR (MDCR)
5212907;5472293.33;723.73;2025;Custeio;BCB/SICOR (MDCR)
5212907;1516271.28;212.06;2025;Investimento;BCB/SICOR (MDCR)
5212956;67799637.5;20449.64;2025;Custeio;BCB/SICOR (MDCR)
5212956;29037177.21;4743.2;2025;Investimento;BCB/SICOR (MDCR)
5213004;13330638.52;2603.32;2025;Custeio;BCB/SICOR (MDCR)
5213004;6000516.529999999;569.4;2025;Investimento;BCB/SICOR (MDCR)
5213053;15523989.82;4171.849999999999;2025;Custeio;BCB/SICOR (MDCR)
5213053;24468319.8;3499.88;2025;Investimento;BCB/SICOR (MDCR)
5213087;85934180.45;14359.26;2025;Custeio;BCB/SICOR (MDCR)
5213087;29509577.94;5961.76;2025;Investimento;BCB/SICOR (MDCR)
5213103;316187583.54;57999.3;2025;Custeio;BCB/SICOR (MDCR)
5213103;134258681.52;11421.94;2025;Investimento;BCB/SICOR (MDCR)
5213400;36553056.53;7984.51;2025;Custeio;BCB/SICOR (MDCR)
5213400;12043447.44;2133.5299999999997;2025;Investimento;BCB/SICOR (MDCR)
5213509;52911882.06;10902.14;2025;Custeio;BCB/SICOR (MDCR)
5213509;36575994.13;6828.73;2025;Investimento;BCB/SICOR (MDCR)
5213707;135963348.2;32230.31;2025;Custeio;BCB/SICOR (MDCR)
5213707;46469051.11;10229.86;2025;Investimento;BCB/SICOR (MDCR)
5213756;206260940.62;36153.729999999996;2025;Custeio;BCB/SICOR (MDCR)
5213756;65941424.87;5823.04;2025;Investimento;BCB/SICOR (MDCR)
5213772;54548431.01;10649.18;2025;Custeio;BCB/SICOR (MDCR)
5213772;32683672.57;6493.17;2025;Investimento;BCB/SICOR (MDCR)
5213806;187333458.59;30994.95;2025;Custeio;BCB/SICOR (MDCR)
5213806;45527387.82;4899.91;2025;Investimento;BCB/SICOR (MDCR)
5213855;17077779.57;1821.51;2025;Custeio;BCB/SICOR (MDCR)
5213855;9039053.2;535.85;2025;Investimento;BCB/SICOR (MDCR)
5213905;40906839.660000004;13050.11;2025;Custeio;BCB/SICOR (MDCR)
5213905;19638674.65;2723.62;2025;Investimento;BCB/SICOR (MDCR)
5214002;89765176.66;14114.15;2025;Custeio;BCB/SICOR (MDCR)
5214002;35227604.97;5864.179999999999;2025;Investimento;BCB/SICOR (MDCR)
5214051;99978868.71000001;14523.65;2025;Custeio;BCB/SICOR (MDCR)
5214051;37947619.06;9585.02;2025;Investimento;BCB/SICOR (MDCR)
5214101;53991675.99;15072.97;2025;Custeio;BCB/SICOR (MDCR)
5214101;18789141.11;4199.32;2025;Investimento;BCB/SICOR (MDCR)
5214408;13938558.8;3234.82;2025;Custeio;BCB/SICOR (MDCR)
5214408;732140.0;13.160000000000002;2025;Investimento;BCB/SICOR (MDCR)
5214507;5154046.2700000005;703.35;2025;Custeio;BCB/SICOR (MDCR)
5214507;1198500.0;73.9;2025;Investimento;BCB/SICOR (MDCR)
5214606;199984365.85999998;37946.81;2025;Custeio;BCB/SICOR (MDCR)
5214606;80307475.32;13848.5;2025;Investimento;BCB/SICOR (MDCR)
5214705;6307493.68;749.93;2025;Custeio;BCB/SICOR (MDCR)
5214705;7877550.1;451.91;2025;Investimento;BCB/SICOR (MDCR)
5214804;15525437.26;3780.32;2025;Custeio;BCB/SICOR (MDCR)
5214804;8666354.0;1078.59;2025;Investimento;BCB/SICOR (MDCR)
5214838;463102791.21;73603.52;2025;Custeio;BCB/SICOR (MDCR)
5214838;78406674.42;13215.02;2025;Investimento;BCB/SICOR (MDCR)
5214861;11403276.97;1280.42;2025;Custeio;BCB/SICOR (MDCR)
5214861;3857895.6799999997;147.79;2025;Investimento;BCB/SICOR (MDCR)
5214879;21785414.24;4449.18;2025;Custeio;BCB/SICOR (MDCR)
5214879;4792173.9;636.12;2025;Investimento;BCB/SICOR (MDCR)
5214903;21766418.33;5103.21;2025;Custeio;BCB/SICOR (MDCR)
5214903;9733603.75;1246.59;2025;Investimento;BCB/SICOR (MDCR)
5215009;4463081.56;617.97;2025;Custeio;BCB/SICOR (MDCR)
5215009;898500.0;122.63;2025;Investimento;BCB/SICOR (MDCR)
5215207;39325385.18;11624.24;2025;Custeio;BCB/SICOR (MDCR)
5215207;26590991.23;3893.21;2025;Investimento;BCB/SICOR (MDCR)
5215231;800000.0;518.88;2025;Custeio;BCB/SICOR (MDCR)
5215231;6357000.0;42.04;2025;Investimento;BCB/SICOR (MDCR)
5215256;47157755.79;8212.77;2025;Custeio;BCB/SICOR (MDCR)
5215256;30613087.64;6934.89;2025;Investimento;BCB/SICOR (MDCR)
5215306;153741248.54;27756.07;2025;Custeio;BCB/SICOR (MDCR)
5215306;87350933.27;7661.51;2025;Investimento;BCB/SICOR (MDCR)
5215405;11014336.13;2051.4700000000003;2025;Custeio;BCB/SICOR (MDCR)
5215405;2729520.0;248.56;2025;Investimento;BCB/SICOR (MDCR)
5215504;55005238.42;7599.889999999999;2025;Custeio;BCB/SICOR (MDCR)
5215504;11782200.35;666.44;2025;Investimento;BCB/SICOR (MDCR)
5215603;107418464.62;24223.94;2025;Custeio;BCB/SICOR (MDCR)
5215603;35536415.41;3609.0699999999997;2025;Investimento;BCB/SICOR (MDCR)
5215652;65988402.24;12875.1;2025;Custeio;BCB/SICOR (MDCR)
5215652;24373945.169999998;3680.79;2025;Investimento;BCB/SICOR (MDCR)
5215702;161345744.17000002;34898.47;2025;Custeio;BCB/SICOR (MDCR)
5215702;271054212.18;4590.27;2025;Investimento;BCB/SICOR (MDCR)
5215801;4229920.04;662.8100000000001;2025;Custeio;BCB/SICOR (MDCR)
5215801;3112942.0;266.96000000000004;2025;Investimento;BCB/SICOR (MDCR)
5215900;38969792.17;6789.36;2025;Custeio;BCB/SICOR (MDCR)
5215900;11361076.18;500.38;2025;Investimento;BCB/SICOR (MDCR)
5216007;20128371.44;4507.45;2025;Custeio;BCB/SICOR (MDCR)
5216007;3853537.33;235.61;2025;Investimento;BCB/SICOR (MDCR)
5216304;33864253.57;4873.84;2025;Custeio;BCB/SICOR (MDCR)
5216304;16013913.35;1953.1;2025;Investimento;BCB/SICOR (MDCR)
5216403;264250877.32;52577.36;2025;Custeio;BCB/SICOR (MDCR)
5216403;41446615.49;2625.09;2025;Investimento;BCB/SICOR (MDCR)
5216452;102143364.65;19943.49;2025;Custeio;BCB/SICOR (MDCR)
5216452;19134657.44;1291.02;2025;Investimento;BCB/SICOR (MDCR)
5216809;31458177.87;4097.33;2025;Custeio;BCB/SICOR (MDCR)
5216809;13849105.54;1560.49;2025;Investimento;BCB/SICOR (MDCR)
5216908;33908159.8;6227.7;2025;Custeio;BCB/SICOR (MDCR)
5216908;24951446.89;3342.23;2025;Investimento;BCB/SICOR (MDCR)
5217104;222660467.63;40601.590000000004;2025;Custeio;BCB/SICOR (MDCR)
5217104;72881150.33;3760.86;2025;Investimento;BCB/SICOR (MDCR)
5217203;142859444.01;28287.14;2025;Custeio;BCB/SICOR (MDCR)
5217203;69644350.88;11535.51;2025;Investimento;BCB/SICOR (MDCR)
5217302;49101164.87;7030.42;2025;Custeio;BCB/SICOR (MDCR)
5217302;26028833.21;2849.01;2025;Investimento;BCB/SICOR (MDCR)
5217401;71130168.63;14474.12;2025;Custeio;BCB/SICOR (MDCR)
5217401;27784005.87;3991.08;2025;Investimento;BCB/SICOR (MDCR)
5217609;44928209.44;8166.240000000001;2025;Custeio;BCB/SICOR (MDCR)
5217609;21251425.19;1383.6;2025;Investimento;BCB/SICOR (MDCR)
5217708;152761858.2;30997.35;2025;Custeio;BCB/SICOR (MDCR)
5217708;55787730.76;4853.33;2025;Investimento;BCB/SICOR (MDCR)
5218003;245942150.8;59353.4;2025;Custeio;BCB/SICOR (MDCR)
5218003;122707380.08;19667.62;2025;Investimento;BCB/SICOR (MDCR)
5218052;54040647.1;10144.7;2025;Custeio;BCB/SICOR (MDCR)
5218052;10960457.79;482.55;2025;Investimento;BCB/SICOR (MDCR)
5218102;29171543.4;5680.75;2025;Custeio;BCB/SICOR (MDCR)
5218102;13151790.43;696.06;2025;Investimento;BCB/SICOR (MDCR)
5218300;47875135.11;5978.19;2025;Custeio;BCB/SICOR (MDCR)
5218300;18593610.62;3456.28;2025;Investimento;BCB/SICOR (MDCR)
5218391;11561499.24;2219.41;2025;Custeio;BCB/SICOR (MDCR)
5218391;4500186.5;686.53;2025;Investimento;BCB/SICOR (MDCR)
5218508;174281040.72;32532.24;2025;Custeio;BCB/SICOR (MDCR)
5218508;73754491.72;5843.64;2025;Investimento;BCB/SICOR (MDCR)
5218607;15274999.69;1982.06;2025;Custeio;BCB/SICOR (MDCR)
5218607;6662721.67;798.92;2025;Investimento;BCB/SICOR (MDCR)
5218706;7163723.42;1059.26;2025;Custeio;BCB/SICOR (MDCR)
5218706;5306517.4;699.1899999999999;2025;Investimento;BCB/SICOR (MDCR)
5218789;14803591.63;2897.3;2025;Custeio;BCB/SICOR (MDCR)
5218789;5017439.33;384.69;2025;Investimento;BCB/SICOR (MDCR)
5218805;917446853.4;159771.15;2025;Custeio;BCB/SICOR (MDCR)
5218805;279692279.7;17909.96;2025;Investimento;BCB/SICOR (MDCR)
5218904;41381482.73;5031.28;2025;Custeio;BCB/SICOR (MDCR)
5218904;31800199.490000002;1781.2;2025;Investimento;BCB/SICOR (MDCR)
5219001;33289243.64;11387.57;2025;Custeio;BCB/SICOR (MDCR)
5219001;30610355.33;5216.79;2025;Investimento;BCB/SICOR (MDCR)
5219100;422422.29;110.07;2025;Custeio;BCB/SICOR (MDCR)
5219100;726681.62;45.0;2025;Investimento;BCB/SICOR (MDCR)
5219209;83896486.88;16912.9;2025;Custeio;BCB/SICOR (MDCR)
5219209;41794345.7;3551.2000000000003;2025;Investimento;BCB/SICOR (MDCR)
5219258;37719319.74;6624.14;2025;Custeio;BCB/SICOR (MDCR)
5219258;14609191.84;2040.48;2025;Investimento;BCB/SICOR (MDCR)
5219308;139866588.14;23195.31;2025;Custeio;BCB/SICOR (MDCR)
5219308;121151305.57000001;1595.8600000000001;2025;Investimento;BCB/SICOR (MDCR)
5219357;32012904.419999998;5851.56;2025;Custeio;BCB/SICOR (MDCR)
5219357;17009683.24;2195.3;2025;Investimento;BCB/SICOR (MDCR)
5219407;31933173.7;8143.19;2025;Custeio;BCB/SICOR (MDCR)
5219407;10844658.94;429.79999999999995;2025;Investimento;BCB/SICOR (MDCR)
5219456;29978138.84;6487.59;2025;Custeio;BCB/SICOR (MDCR)
5219456;21267643.84;2495.2;2025;Investimento;BCB/SICOR (MDCR)
5219506;7282612.69;1350.24;2025;Custeio;BCB/SICOR (MDCR)
5219506;3817090.34;267.96999999999997;2025;Investimento;BCB/SICOR (MDCR)
5219605;28764229.0;7713.0;2025;Custeio;BCB/SICOR (MDCR)
5219605;5517865.0;1365.87;2025;Investimento;BCB/SICOR (MDCR)
5219704;56567447.67;8033.78;2025;Custeio;BCB/SICOR (MDCR)
5219704;28271328.4;3465.04;2025;Investimento;BCB/SICOR (MDCR)
5219712;29205530.86;5957.81;2025;Custeio;BCB/SICOR (MDCR)
5219712;6452325.58;534.63;2025;Investimento;BCB/SICOR (MDCR)
5219738;8748594.62;1163.46;2025;Custeio;BCB/SICOR (MDCR)
5219738;2155000.0;330.5;2025;Investimento;BCB/SICOR (MDCR)
5219753;12300663.51;2503.1099999999997;2025;Custeio;BCB/SICOR (MDCR)
5219753;18753063.92;293.27;2025;Investimento;BCB/SICOR (MDCR)
5219803;60420907.38;14966.15;2025;Custeio;BCB/SICOR (MDCR)
5219803;27101241.66;6297.6900000000005;2025;Investimento;BCB/SICOR (MDCR)
5219902;13862087.309999999;1919.0;2025;Custeio;BCB/SICOR (MDCR)
5219902;4244476.06;558.69;2025;Investimento;BCB/SICOR (MDCR)
5220009;91404165.58;23063.96;2025;Custeio;BCB/SICOR (MDCR)
5220009;41394040.42;3801.32;2025;Investimento;BCB/SICOR (MDCR)
5220058;34284003.09;7840.16;2025;Custeio;BCB/SICOR (MDCR)
5220058;5623817.87;224.53;2025;Investimento;BCB/SICOR (MDCR)
5220108;79897401.32000001;12456.78;2025;Custeio;BCB/SICOR (MDCR)
5220108;34309829.86;7428.43;2025;Investimento;BCB/SICOR (MDCR)
5220157;5343647.78;1221.06;2025;Custeio;BCB/SICOR (MDCR)
5220157;1490799.0;415.61;2025;Investimento;BCB/SICOR (MDCR)
5220207;259500734.76999998;27481.28;2025;Custeio;BCB/SICOR (MDCR)
5220207;57791601.31;10694.84;2025;Investimento;BCB/SICOR (MDCR)
5220264;41135167.38;7277.96;2025;Custeio;BCB/SICOR (MDCR)
5220264;9244383.83;654.95;2025;Investimento;BCB/SICOR (MDCR)
5220280;11406235.93;954.17;2025;Custeio;BCB/SICOR (MDCR)
5220280;5479318.4;328.45;2025;Investimento;BCB/SICOR (MDCR)
5220405;13194751.33;2944.46;2025;Custeio;BCB/SICOR (MDCR)
5220405;7355113.08;1232.08;2025;Investimento;BCB/SICOR (MDCR)
5220454;2807800.45;530.22;2025;Custeio;BCB/SICOR (MDCR)
5220454;872426.33;239.77;2025;Investimento;BCB/SICOR (MDCR)
5220504;200858390.47;43506.95;2025;Custeio;BCB/SICOR (MDCR)
5220504;84685724.87;15397.52;2025;Investimento;BCB/SICOR (MDCR)
5220603;184298439.25;36585.31;2025;Custeio;BCB/SICOR (MDCR)
5220603;62778855.25;3236.63;2025;Investimento;BCB/SICOR (MDCR)
5220686;18728577.4;3568.29;2025;Custeio;BCB/SICOR (MDCR)
5220686;8449999.45;661.0;2025;Investimento;BCB/SICOR (MDCR)
5220702;35482815.24;7968.91;2025;Custeio;BCB/SICOR (MDCR)
5220702;20692782.83;2664.43;2025;Investimento;BCB/SICOR (MDCR)
5221007;16211027.629999999;1937.24;2025;Custeio;BCB/SICOR (MDCR)
5221007;3947620.0;451.04999999999995;2025;Investimento;BCB/SICOR (MDCR)
5221080;982043.64;58.550000000000004;2025;Custeio;BCB/SICOR (MDCR)
5221080;804500.0;222.6;2025;Investimento;BCB/SICOR (MDCR)
5221197;3904017.81;666.38;2025;Custeio;BCB/SICOR (MDCR)
5221197;262920.0;65.46;2025;Investimento;BCB/SICOR (MDCR)
5221304;8127872.91;1576.14;2025;Custeio;BCB/SICOR (MDCR)
5221304;5544020.0;723.26;2025;Investimento;BCB/SICOR (MDCR)
5221403;24013955.25;4494.04;2025;Custeio;BCB/SICOR (MDCR)
5221403;3978432.96;688.46;2025;Investimento;BCB/SICOR (MDCR)
5221452;29903456.19;6310.97;2025;Custeio;BCB/SICOR (MDCR)
5221452;24525890.91;3360.33;2025;Investimento;BCB/SICOR (MDCR)
5221502;27596952.27;5016.02;2025;Custeio;BCB/SICOR (MDCR)
5221502;9952151.25;1081.71;2025;Investimento;BCB/SICOR (MDCR)
5221551;100495549.3;20421.02;2025;Custeio;BCB/SICOR (MDCR)
5221551;36379205.81;634.36;2025;Investimento;BCB/SICOR (MDCR)
5221577;39957694.1;6061.69;2025;Custeio;BCB/SICOR (MDCR)
5221577;16339535.98;1685.3600000000001;2025;Investimento;BCB/SICOR (MDCR)
5221601;82286327.2;16810.01;2025;Custeio;BCB/SICOR (MDCR)
5221601;22818436.0;2850.42;2025;Investimento;BCB/SICOR (MDCR)
5221700;26457813.15;3309.13;2025;Custeio;BCB/SICOR (MDCR)
5221700;16672070.49;1591.46;2025;Investimento;BCB/SICOR (MDCR)
5221809;17861729.16;4778.31;2025;Custeio;BCB/SICOR (MDCR)
5221809;14262687.65;2590.4900000000002;2025;Investimento;BCB/SICOR (MDCR)
5221858;15000.0;0.0;2025;Investimento;BCB/SICOR (MDCR)
5221908;31063620.25;4660.11;2025;Custeio;BCB/SICOR (MDCR)
5221908;8110105.45;831.9300000000001;2025;Investimento;BCB/SICOR (MDCR)
5222005;103054098.98;20182.82;2025;Custeio;BCB/SICOR (MDCR)
5222005;43703059.93;2824.65;2025;Investimento;BCB/SICOR (MDCR)
5222054;63590442.160000004;14782.699999999999;2025;Custeio;BCB/SICOR (MDCR)
5222054;21480083.6;783.63;2025;Investimento;BCB/SICOR (MDCR)
5222203;10757579.48;2360.3;2025;Custeio;BCB/SICOR (MDCR)
5222203;11119589.99;2607.53;2025;Investimento;BCB/SICOR (MDCR)
5222302;89389222.29;17080.25;2025;Custeio;BCB/SICOR (MDCR)
5222302;35606056.99;5283.07;2025;Investimento;BCB/SICOR (MDCR)
5300108;122207024.69;20166.64;2025;Custeio;BCB/SICOR (MDCR)
5300108;64808853.73;856.4300000000001;2025;Investimento;BCB/SICOR (MDCR)
