cod_ibge;ano_ref;fonte;receita_total;receita_corrente;receita_tributaria_propria;transferencias_correntes;resultado_orcamentario
1100015;2023;STN/SICONFI;34488924.21;34488924.21;1813187.98;31332748.9;
1100023;2023;STN/SICONFI;539844222.53;523424843.37;103506344.69;330930494.5;
1100031;2023;STN/SICONFI;48627228.14;44641250.25;2764856.06;39352260.16;
1100049;2023;STN/SICONFI;400470224.6;367351248.79;86608838.56;238633436.32;
1100056;2023;STN/SICONFI;119336366.65;96998804.03;14532718.7;77988525.11;
1100064;2023;STN/SICONFI;103636927.25;88245377.31;10196480.18;73354790.3;
1100072;2023;STN/SICONFI;76541292.6;72226958.07;10624531.24;56845402.76;
1100080;2023;STN/SICONFI;81601676.21;69450574.7;4185368.57;63238835.61;
1100098;2023;STN/SICONFI;146477583.28;133930486.32;14964068.28;105148608.56;
1100106;2023;STN/SICONFI;180392533.24;177594818.05;16014993.35;135538009.57;
1100114;2023;STN/SICONFI;271817817.2;257343617.58;37494874.73;169170366.91;
1100122;2023;STN/SICONFI;571278191.28;535005195.74;97575033.4;353580582.79;
1100130;2023;STN/SICONFI;180971837.45;161540658.55;17360899.79;122458375.02;
1100148;2023;STN/SICONFI;114036465.41;113636466.41;9724756.47;89782101.87;
1100155;2023;STN/SICONFI;206371966.44;196880736.14;21476261.99;142284269.08;
1100189;2023;STN/SICONFI;208000613.4;195719090.13;33219760.81;151378964.19;
1100205;2023;STN/SICONFI;2466501221.83;2377936955.06;465288405.78;1515321858.3;
1100254;2023;STN/SICONFI;105025151.75;90466917.03;9736992.66;76461971.31;
1100262;2023;STN/SICONFI;44146064.4;39958441.95;2395554.35;36420565.41;
1100288;2023;STN/SICONFI;292614665.0;255624878.09;47445359.15;168363184.07;
1100296;2023;STN/SICONFI;65635483.27;51442765.99;4528711.83;43336618.3;
1100304;2023;STN/SICONFI;592981688.59;564190727.57;112271607.49;334227127.54;
1100320;2023;STN/SICONFI;123936628.89;123876628.89;9213402.88;96572242.87;
1100338;2023;STN/SICONFI;189463774.76;150128320.89;9754191.06;121113557.31;
1100346;2023;STN/SICONFI;82737296.29;78536331.38;5261084.74;56830886.55;
1100379;2023;STN/SICONFI;80920756.95;72751714.79;5112421.28;61119561.55;
1100403;2023;STN/SICONFI;94133259.07;88153000.03;8367495.84;77069046.86;
1100452;2023;STN/SICONFI;165406323.81;148172907.08;15681829.38;109550963.67;
1100502;2023;STN/SICONFI;58906052.16;50812490.98;3876418.49;37817066.29;
1100601;2023;STN/SICONFI;52768490.79;45128746.98;3045389.7;34999388.47;
1100700;2023;STN/SICONFI;87957661.51;82286219.35;5130464.96;64316726.54;
1100809;2023;STN/SICONFI;110649703.1;103006338.6;9569178.85;90598938.32;
1100908;2023;STN/SICONFI;39136518.26;35845283.94;1316498.24;29901100.04;
1100924;2023;STN/SICONFI;94267265.67;89401202.77;11386821.19;74667020.21;
1100940;2023;STN/SICONFI;120743954.14;104449970.61;6507714.14;84971097.95;
1101005;2023;STN/SICONFI;61750050.49;57734404.62;3033438.58;47224060.11;
1101104;2023;STN/SICONFI;77063030.53;61825592.55;6777718.25;50963025.41;
1101203;2023;STN/SICONFI;50778063.54;47331425.46;2046347.55;43112787.49;
1101302;2023;STN/SICONFI;64423021.18;55377733.97;3904559.03;44111785.84;
1101401;2023;STN/SICONFI;98224609.15;88145689.45;6591411.88;69966264.12;
1101435;2023;STN/SICONFI;55899481.91;45616332.72;2275794.03;35770491.44;
1101450;2023;STN/SICONFI;43361106.87;38487474.38;1990360.82;34592287.47;
1101468;2023;STN/SICONFI;43366698.19;41106275.6;2646844.89;37274767.02;
1101476;2023;STN/SICONFI;38725195.96;32081645.99;1772014.89;28755347.24;
1101484;2023;STN/SICONFI;56704453.93;38076014.05;2360995.09;33992170.18;
1101492;2023;STN/SICONFI;126617942.68;118331924.29;7476513.46;92046348.12;
1101500;2023;STN/SICONFI;78159845.67;71402699.09;4472797.07;57541901.58;
1101559;2023;STN/SICONFI;38338336.69;35024248.51;2130319.15;30042769.88;
1101609;2023;STN/SICONFI;69617298.8;56699456.5;3284351.06;49671971.24;
1101708;2023;STN/SICONFI;83703828.86;78664266.86;5974886.39;68028271.34;
1101757;2023;STN/SICONFI;58221125.31;53047638.0;2888123.69;42179050.16;
1101807;2023;STN/SICONFI;47093752.83;45503249.8;3287479.47;36491248.99;
1200013;2023;STN/SICONFI;80504656.29;72873108.25;1764088.56;65566507.94;
1200054;2023;STN/SICONFI;55106661.66;54197758.66;2415133.63;50580905.62;
1200104;2023;STN/SICONFI;126738422.93;117746572.3;7777591.76;107677098.2;
1200138;2023;STN/SICONFI;53986967.25;47238796.47;2808515.29;41747256.58;
1200179;2023;STN/SICONFI;60754544.97;55128378.12;2571491.78;50778451.07;
1200203;2023;STN/SICONFI;370660270.54;324713421.09;30322595.21;277822643.29;
1200252;2023;STN/SICONFI;87724504.71;75724109.15;5274246.61;68759374.01;
1200302;2023;STN/SICONFI;108581371.61;107012703.61;9214962.71;93841977.21;
1200328;2023;STN/SICONFI;56861737.85;50847477.82;1030510.62;48014387.46;
1200336;2023;STN/SICONFI;86319443.46;80337804.15;3617982.04;72461221.21;
1200344;2023;STN/SICONFI;57975653.77;51948029.05;3165346.71;46945745.39;
1200351;2023;STN/SICONFI;89556541.54;82988003.1;2197880.63;79303381.92;
1200385;2023;STN/SICONFI;78011962.38;70038648.25;3702817.31;64767376.9;
1200393;2023;STN/SICONFI;74267470.53;63432259.31;1626438.25;60039144.9;
1200401;2023;STN/SICONFI;1906891077.11;1861143363.78;272836058.31;1222729233.64;
1200427;2023;STN/SICONFI;106180812.2;88402176.52;2776643.84;83692683.9;
1200435;2023;STN/SICONFI;48423126.39;46200285.39;686449.63;43885847.24;
1200450;2023;STN/SICONFI;96251990.78;78421151.51;7258966.21;68916583.69;
1200500;2023;STN/SICONFI;182768374.35;168169522.16;9251303.35;155654820.57;
1200609;2023;STN/SICONFI;168557808.73;147492297.81;14462946.17;129304065.15;
1200708;2023;STN/SICONFI;70007752.9;69396752.9;3796498.72;64120659.94;
1200807;2023;STN/SICONFI;71075605.31;67367375.31;2333221.49;62362587.42;
1300029;2023;STN/SICONFI;126092009.24;115589261.96;2505675.26;111122186.61;
1300060;2023;STN/SICONFI;67775575.93;64837855.08;1383272.49;62151117.27;
1300086;2023;STN/SICONFI;70502744.3;69176699.28;1055903.8;67189702.67;
1300102;2023;STN/SICONFI;104265369.45;96592163.13;2386935.0;91829573.61;
1300144;2023;STN/SICONFI;97176804.46;83937977.41;4528974.18;75774653.1;
1300201;2023;STN/SICONFI;100213161.44;97305458.3;2609791.13;93878286.0;
1300300;2023;STN/SICONFI;246188080.9;214270636.37;3806516.85;205960553.2;
1300409;2023;STN/SICONFI;121046291.32;113360541.58;4546411.47;106230114.02;
1300508;2023;STN/SICONFI;172600903.88;162606193.84;5234480.21;150005338.31;
1300607;2023;STN/SICONFI;213308092.27;190408745.56;7879939.14;175776444.61;
1300631;2023;STN/SICONFI;113897313.08;107078815.1;3974827.0;99352258.59;
1300680;2023;STN/SICONFI;104183199.34;90608072.86;2365367.05;86619481.48;
1300706;2023;STN/SICONFI;141575307.83;136010488.38;4915964.51;129754647.45;
1300805;2023;STN/SICONFI;165266027.57;163603311.36;4870828.55;144991359.69;
1300839;2023;STN/SICONFI;92762308.12;87003514.79;2099925.95;82708570.69;
1300904;2023;STN/SICONFI;84482895.91;75375296.67;2606144.91;70299295.31;
1301001;2023;STN/SICONFI;151467139.31;136177641.21;5791383.31;124864561.76;
1301100;2023;STN/SICONFI;252444615.3;197550172.72;6035979.55;188584547.4;
1301159;2023;STN/SICONFI;111850731.14;99852669.93;3014679.04;95794156.2;
1301209;2023;STN/SICONFI;555708569.02;461118712.36;45851624.07;405190728.73;
1301308;2023;STN/SICONFI;122067584.8;107628830.41;2708748.78;101826585.62;
1301407;2023;STN/SICONFI;191901238.95;159796839.92;5888775.56;152497226.07;
1301506;2023;STN/SICONFI;94870971.82;91721908.82;1829299.58;87536193.0;
1301605;2023;STN/SICONFI;145519370.27;137803155.56;3617636.9;132432302.72;
1301654;2023;STN/SICONFI;81274607.76;75131750.95;1030918.88;72248214.04;
1301704;2023;STN/SICONFI;246143878.23;242259212.59;17345371.46;209327104.12;
1301803;2023;STN/SICONFI;120744349.13;110204941.39;1753677.18;107255249.67;
1301852;2023;STN/SICONFI;256973291.93;252386982.29;24248649.38;197650350.56;
1301902;2023;STN/SICONFI;450752552.64;405490363.63;44799362.59;331525163.05;
1301951;2023;STN/SICONFI;92212191.73;80416121.14;1421331.02;77894750.06;
1302009;2023;STN/SICONFI;75137384.49;66046558.81;2250107.95;56276684.83;
1302108;2023;STN/SICONFI;79061824.97;76382492.17;1273714.36;74391934.86;
1302207;2023;STN/SICONFI;96826549.4;82163383.06;1642507.29;77485465.26;
1302306;2023;STN/SICONFI;146512991.01;141875807.21;2665241.14;137239344.2;
1302405;2023;STN/SICONFI;209105946.96;195863737.62;7084850.08;184409967.04;
1302504;2023;STN/SICONFI;561953084.91;496850963.92;22848826.77;457289652.8;
1302553;2023;STN/SICONFI;113784767.27;104665881.39;2049552.55;99743270.27;
1302603;2023;STN/SICONFI;9970713804.33;9120857166.63;2151842755.33;5751342499.7;
1302702;2023;STN/SICONFI;274776400.14;260064497.0;17785862.61;234117333.14;
1302801;2023;STN/SICONFI;103449526.71;98476821.77;2574020.02;94308613.85;
1302900;2023;STN/SICONFI;346646738.28;294889511.26;12438991.27;268434211.02;
1303007;2023;STN/SICONFI;139910105.18;127615215.41;2880737.89;121830772.77;
1303106;2023;STN/SICONFI;162003536.9;152592154.23;3273129.0;145614311.98;
1303205;2023;STN/SICONFI;107046071.16;91373217.47;4648216.09;85792436.72;
1303304;2023;STN/SICONFI;104892289.1;94869080.95;2731576.91;90013508.62;
1303403;2023;STN/SICONFI;468682249.5;449603655.14;23994350.59;407868065.96;
1303502;2023;STN/SICONFI;105447567.66;96260663.9;2496260.7;92233609.43;
1303536;2023;STN/SICONFI;341169351.89;329916105.22;27185327.09;286769197.1;
1303569;2023;STN/SICONFI;160769360.31;141755678.94;7917882.96;131126605.24;
1303601;2023;STN/SICONFI;115019656.8;101317175.2;2091448.28;98545196.49;
1303700;2023;STN/SICONFI;160968002.79;153781056.43;2937073.52;148747130.08;
1303809;2023;STN/SICONFI;199666844.46;194494850.11;4728642.53;188819091.58;
1303908;2023;STN/SICONFI;189777624.18;172456172.82;4689504.69;166147940.78;
1303957;2023;STN/SICONFI;73954084.33;64661382.23;1654881.54;61619075.29;
1304005;2023;STN/SICONFI;74898829.18;68857798.08;7465477.19;59383007.92;
1304062;2023;STN/SICONFI;330683385.47;311749401.63;14519448.39;284964408.33;
1304104;2023;STN/SICONFI;141411047.77;127452696.76;5598432.13;120784938.06;
1304203;2023;STN/SICONFI;340091826.59;327890022.65;16745080.19;309213096.67;
1304237;2023;STN/SICONFI;127333421.29;109833671.65;1938019.37;106987563.17;
1304260;2023;STN/SICONFI;88722986.75;84465238.72;1488498.46;81834451.53;
1304302;2023;STN/SICONFI;91945841.9;87491123.4;2193884.53;80670801.71;
1304401;2023;STN/SICONFI;103181439.19;99812718.77;3474786.36;95766385.07;
1400027;2023;STN/SICONFI;54216985.06;45806333.5;3002006.66;40931094.97;
1400050;2023;STN/SICONFI;111846968.01;74888933.51;7122470.6;66111033.75;
1400100;2023;STN/SICONFI;2451931489.81;2385875892.62;300826013.14;1731255987.15;
1400159;2023;STN/SICONFI;139925364.46;90320261.99;7833255.83;79724475.78;
1400175;2023;STN/SICONFI;97704969.61;78786419.14;9186188.44;66405242.6;
1400209;2023;STN/SICONFI;112744880.29;112335500.29;3118458.21;108329968.04;
1400233;2023;STN/SICONFI;72091968.64;49799045.67;2354448.22;46339563.67;
1400282;2023;STN/SICONFI;122796132.17;45120292.95;2770137.36;41354680.13;
1400308;2023;STN/SICONFI;126833752.73;88859102.69;6582079.11;80518131.61;
1400407;2023;STN/SICONFI;84789393.27;69003201.52;2899544.9;64327060.57;
1400456;2023;STN/SICONFI;99967417.01;89421046.39;5082601.27;81953283.11;
1400472;2023;STN/SICONFI;137553958.05;110714621.4;9172376.7;98366573.41;
1400506;2023;STN/SICONFI;74838929.86;49064853.66;4292745.63;43495818.37;
1400605;2023;STN/SICONFI;118249430.5;41312835.97;2243002.93;36626219.24;
1400704;2023;STN/SICONFI;70323587.25;54033756.27;7380367.52;44861860.25;
1500107;2023;STN/SICONFI;539686175.28;525054362.0;31496571.22;445238852.18;
1500131;2023;STN/SICONFI;36930546.7;35818138.81;1658993.92;33497052.3;
1500206;2023;STN/SICONFI;281475647.67;281475647.67;22965887.49;254547166.27;
1500305;2023;STN/SICONFI;214275354.32;205149056.37;8826864.17;177123986.91;
1500347;2023;STN/SICONFI;115214101.61;108042021.07;12372737.22;94587387.49;
1500404;2023;STN/SICONFI;200153075.07;200153075.07;12019266.57;184121413.43;
1500503;2023;STN/SICONFI;202173805.64;186182908.51;10297131.81;173300784.65;
1500602;2023;STN/SICONFI;604073937.62;595207556.86;58153405.35;474628880.7;
1500701;2023;STN/SICONFI;154184770.86;153163458.74;6887073.02;145137541.51;
1500800;2023;STN/SICONFI;1490564531.6;1303449869.69;172829731.9;913712862.99;
1500859;2023;STN/SICONFI;154248691.61;153585653.41;16329829.92;134154852.39;
1500909;2023;STN/SICONFI;207502977.81;207502977.81;10098114.48;191703064.86;
1500958;2023;STN/SICONFI;118241924.93;104675700.84;4102845.93;98701627.91;
1501006;2023;STN/SICONFI;78146643.09;76521158.95;1766941.19;74303313.82;
1501105;2023;STN/SICONFI;129890031.99;120426643.42;2664832.48;113332533.79;
1501204;2023;STN/SICONFI;158720435.08;157919705.56;6751086.95;140216621.01;
1501253;2023;STN/SICONFI;42997266.79;34143664.91;1573621.52;32230174.78;
1501303;2023;STN/SICONFI;852467794.24;847654391.21;324412066.1;481483896.13;
1501402;2023;STN/SICONFI;5152533966.41;4669792895.17;1352418457.07;2710549284.38;
1501451;2023;STN/SICONFI;93519155.32;89796026.11;5845965.95;80731880.16;
1501501;2023;STN/SICONFI;264286094.55;253628048.88;22396590.75;218793743.87;
1501576;2023;STN/SICONFI;94244962.19;94022517.07;10451138.91;82475458.34;
1501600;2023;STN/SICONFI;61103339.09;58577589.13;2344592.91;53999454.39;
1501709;2023;STN/SICONFI;387550887.14;359993865.44;26888298.58;325456681.79;
1501725;2023;STN/SICONFI;103691636.53;103447500.49;6455526.84;96233186.02;
1501758;2023;STN/SICONFI;50646367.36;45867579.57;2613363.32;42925937.76;
1501782;2023;STN/SICONFI;219403678.93;204429726.12;23610579.43;177871631.97;
1501808;2023;STN/SICONFI;588581499.38;571595714.63;34864874.67;498871771.05;
1501907;2023;STN/SICONFI;132166973.97;126987308.35;6015249.43;117932920.51;
1501956;2023;STN/SICONFI;108921509.27;107904427.35;2734407.23;97357604.81;
1502004;2023;STN/SICONFI;96731727.83;90312012.62;1208685.66;79929782.13;
1502103;2023;STN/SICONFI;495496356.11;488821542.36;46333832.62;416498540.36;
1502152;2023;STN/SICONFI;1969905080.42;1968647258.58;249501118.2;1610863298.15;
1502202;2023;STN/SICONFI;222371900.19;221564175.87;21046534.35;185396635.65;
1502301;2023;STN/SICONFI;177470821.01;168176729.55;4730927.6;159559758.94;
1502400;2023;STN/SICONFI;727027195.11;716915875.15;89247810.01;588207701.45;
1502509;2023;STN/SICONFI;124932300.18;118634686.79;5277665.68;111929711.4;
1502608;2023;STN/SICONFI;52717435.16;51989425.38;1956397.07;49625767.02;
1502707;2023;STN/SICONFI;222645538.24;204199626.65;57077905.39;140161338.53;
1502756;2023;STN/SICONFI;153434301.33;150701978.63;8973046.45;138407138.87;
1502764;2023;STN/SICONFI;96820640.69;83608304.77;6471008.59;74761457.0;
1502772;2023;STN/SICONFI;213097755.07;184243738.81;1714883.11;176145915.44;
1502806;2023;STN/SICONFI;186243709.47;176153924.33;11766020.62;153726632.81;
1502855;2023;STN/SICONFI;58575896.13;58537244.73;1696489.67;56395529.0;
1502905;2023;STN/SICONFI;177106350.22;167403393.11;8554937.51;153616060.32;
1502939;2023;STN/SICONFI;217547986.17;213883372.0;17314215.86;179902553.28;
1502954;2023;STN/SICONFI;148314684.74;136221077.05;7410501.57;125711494.65;
1503002;2023;STN/SICONFI;55877548.43;55877548.43;2489086.81;53161921.91;
1503044;2023;STN/SICONFI;109631268.68;109631268.68;9100832.32;98080595.48;
1503077;2023;STN/SICONFI;135787348.1;132345200.78;5779263.42;125814642.21;
1503093;2023;STN/SICONFI;161683554.96;149530209.91;9676059.77;137558180.45;
1503101;2023;STN/SICONFI;208686223.33;206435637.61;12369832.45;193129738.96;
1503200;2023;STN/SICONFI;127075710.48;114246607.49;6138692.26;104454702.94;
1503309;2023;STN/SICONFI;265605461.09;252324700.64;15266634.38;232488052.89;
1503408;2023;STN/SICONFI;61481069.07;50428463.09;1567728.84;47951633.12;
1503457;2023;STN/SICONFI;214798214.59;212100046.53;12719803.28;194706780.2;
1503507;2023;STN/SICONFI;99558209.13;91258485.36;3388819.2;86391142.97;
1503606;2023;STN/SICONFI;609796702.96;585670266.57;76234146.13;471789014.48;
1503705;2023;STN/SICONFI;199903230.57;189679018.47;11044210.35;174005742.45;
1503754;2023;STN/SICONFI;184660406.3;182654788.6;10122652.79;170158340.31;
1503804;2023;STN/SICONFI;185375290.45;180827887.56;13004141.16;161920094.76;
1503903;2023;STN/SICONFI;305164286.46;302392705.95;56432896.14;240394012.1;
1504000;2023;STN/SICONFI;120434029.51;117318015.27;3887837.41;112239868.12;
1504059;2023;STN/SICONFI;136675833.44;130600376.47;9958000.54;117381262.6;
1504109;2023;STN/SICONFI;44894791.15;43213340.75;732775.58;41800917.92;
1504208;2023;STN/SICONFI;1623130418.06;1595074499.55;283084830.42;1020910308.84;
1504307;2023;STN/SICONFI;116353609.02;113664916.48;3173014.43;109285147.05;
1504406;2023;STN/SICONFI;100393142.71;98307668.76;3807842.19;90611224.09;
1504422;2023;STN/SICONFI;464352111.46;464339094.46;55368434.37;402699651.81;
1504455;2023;STN/SICONFI;126571982.09;122990589.5;5350480.05;116774793.55;
1504505;2023;STN/SICONFI;140344011.19;140241594.43;7124368.09;131725413.55;
1504604;2023;STN/SICONFI;137667403.47;130655287.39;6595429.52;121195902.86;
1504703;2023;STN/SICONFI;324957553.77;313180357.09;18365394.5;283437495.31;
1504752;2023;STN/SICONFI;91185073.22;88151050.23;4145050.32;80934391.32;
1504802;2023;STN/SICONFI;257173101.91;257163576.9;24751007.1;210361346.44;
1504901;2023;STN/SICONFI;174927135.16;174777135.16;7944512.59;158652129.74;
1504950;2023;STN/SICONFI;103956784.24;103409417.43;1338361.67;99745363.18;
1504976;2023;STN/SICONFI;76740185.42;70916317.88;4100288.18;65498858.4;
1505007;2023;STN/SICONFI;62065926.62;62065926.62;1671334.89;59310925.83;
1505031;2023;STN/SICONFI;206045076.11;188225085.01;24094033.49;154956609.5;
1505064;2023;STN/SICONFI;312150969.67;308037759.39;26922841.36;275603848.78;
1505106;2023;STN/SICONFI;199491753.22;195151244.65;11259338.39;178145318.17;
1505205;2023;STN/SICONFI;168952193.73;168610258.61;11510557.11;145630019.73;
1505304;2023;STN/SICONFI;339306999.94;339284411.8;48047358.16;287179879.5;
1505403;2023;STN/SICONFI;77998891.12;74410547.17;4806157.73;69172294.29;
1505437;2023;STN/SICONFI;193479777.69;193479777.69;40962378.63;143510242.19;
1505486;2023;STN/SICONFI;212961931.42;212961931.42;16720631.38;194828143.75;
1505494;2023;STN/SICONFI;40284566.07;38318257.04;664955.8;36626775.58;
1505502;2023;STN/SICONFI;638826359.06;626561393.87;103917819.98;405739173.96;
1505536;2023;STN/SICONFI;2863852086.66;2794673090.41;416664242.17;2282455778.61;
1505551;2023;STN/SICONFI;48907586.13;46838385.47;3337507.66;43117896.16;
1505601;2023;STN/SICONFI;58125228.0;50321389.33;2250597.54;46794221.15;
1505635;2023;STN/SICONFI;91473852.4;85849627.11;4285936.19;81213191.51;
1505650;2023;STN/SICONFI;137488952.1;137488952.1;7011373.49;129278726.36;
1505700;2023;STN/SICONFI;106244297.17;104825132.16;3932666.0;99227250.32;
1505809;2023;STN/SICONFI;356788490.08;355875192.08;26316055.92;308371309.14;
1505908;2023;STN/SICONFI;235098432.17;235098432.17;8077896.44;224255830.5;
1506005;2023;STN/SICONFI;;;;;
1506104;2023;STN/SICONFI;61389406.9;58806244.33;8661080.01;49265695.94;
1506112;2023;STN/SICONFI;;;;;
1506138;2023;STN/SICONFI;382925345.08;367925660.92;76818924.55;271573197.56;
1506161;2023;STN/SICONFI;99065555.6;88185403.0;8279347.45;75873358.91;
1506187;2023;STN/SICONFI;171706381.95;166016302.51;15425022.62;141554523.48;
1506195;2023;STN/SICONFI;139754559.47;134558346.06;7562534.59;118457722.88;
1506203;2023;STN/SICONFI;155710211.75;147871400.99;23105352.47;117288038.75;
1506302;2023;STN/SICONFI;81320750.78;80807125.78;2413208.66;77871838.84;
1506351;2023;STN/SICONFI;81065690.84;80208428.44;2416930.81;74746645.78;
1506401;2023;STN/SICONFI;50257243.18;49871014.45;958699.45;45308341.78;
1506500;2023;STN/SICONFI;278338980.3;251368088.78;24419265.86;218477094.73;
1506559;2023;STN/SICONFI;90272354.59;88295058.87;2863563.86;84303790.73;
1506583;2023;STN/SICONFI;119067102.15;118662578.3;16914905.53;99697844.61;
1506609;2023;STN/SICONFI;90866630.73;87627808.86;2996338.03;82428538.05;
1506708;2023;STN/SICONFI;309663568.94;299227405.44;31537670.79;244453327.79;
1506807;2023;STN/SICONFI;1347817717.75;1299159016.88;167856584.2;1057057024.52;
1506906;2023;STN/SICONFI;41762175.23;38223770.93;1840946.67;35599789.54;
1507003;2023;STN/SICONFI;114288017.75;112915683.97;6141661.62;102070998.39;
1507102;2023;STN/SICONFI;82277826.36;78895629.48;3739543.41;73867125.08;
1507151;2023;STN/SICONFI;108971352.22;98831891.98;5046013.36;91925807.48;
1507201;2023;STN/SICONFI;152163003.13;152163003.13;6839419.22;142119874.11;
1507300;2023;STN/SICONFI;407534540.33;367292262.27;43921447.7;314899375.03;
1507409;2023;STN/SICONFI;65786975.6;65561975.6;2930985.8;61484094.05;
1507458;2023;STN/SICONFI;123143138.27;117845443.24;7170023.47;106514974.24;
1507466;2023;STN/SICONFI;34419046.39;34419046.39;988043.12;32644363.71;
1507474;2023;STN/SICONFI;96182437.54;82645234.34;2173621.78;78064660.91;
1507508;2023;STN/SICONFI;70088990.87;68537766.07;3114755.18;64947638.8;
1507607;2023;STN/SICONFI;246382758.02;246382758.02;10927200.88;230351815.89;
1507706;2023;STN/SICONFI;127995980.87;125345980.87;6240001.81;112025387.43;
1507755;2023;STN/SICONFI;54293123.48;48631228.13;1950059.55;45747772.56;
1507805;2023;STN/SICONFI;111449232.27;98204761.63;4852301.08;92094815.47;
1507904;2023;STN/SICONFI;100564707.04;99410242.04;4388894.2;89351552.51;
1507953;2023;STN/SICONFI;297319706.15;286995627.89;24011368.97;255424251.27;
1507961;2023;STN/SICONFI;46562805.81;46197729.67;2003957.56;43524583.43;
1507979;2023;STN/SICONFI;114685266.59;112066755.65;6829723.02;103678820.82;
1508001;2023;STN/SICONFI;376997380.46;352983505.28;33832250.8;268219013.59;
1508035;2023;STN/SICONFI;115208681.26;110856882.18;1457092.03;108538468.88;
1508050;2023;STN/SICONFI;89436087.43;84051846.89;5802587.24;76713017.96;
1508084;2023;STN/SICONFI;214386556.57;204102229.85;34436447.12;142783667.2;
1508100;2023;STN/SICONFI;534434100.1;532099119.89;56815299.83;441042473.22;
1508126;2023;STN/SICONFI;175319334.87;171159846.29;11335028.85;156448373.65;
1508159;2023;STN/SICONFI;227421971.72;208971935.36;18159724.58;187082664.67;
1508209;2023;STN/SICONFI;168519734.0;154247692.22;7555683.24;143639554.71;
1508308;2023;STN/SICONFI;274328263.51;246644164.58;12607744.68;232113711.09;
1508357;2023;STN/SICONFI;286939462.44;283834172.39;31290312.11;249874580.23;
1508407;2023;STN/SICONFI;256774503.21;226551245.56;23879257.94;192043139.56;
1600055;2023;STN/SICONFI;35539983.12;28146060.12;1880381.02;26077258.23;
1600105;2023;STN/SICONFI;;;;;
1600154;2023;STN/SICONFI;214049999.78;209528105.83;9333658.16;194791119.48;
1600204;2023;STN/SICONFI;;;;;
1600212;2023;STN/SICONFI;;;;;
1600238;2023;STN/SICONFI;81529046.01;78727532.01;3476192.15;73188366.53;
1600253;2023;STN/SICONFI;72310849.58;36331017.1;2312001.34;32367019.66;
1600279;2023;STN/SICONFI;206415386.16;173012697.76;10603762.49;155777787.29;
1600303;2023;STN/SICONFI;1924531819.5;1694065423.42;236152634.95;1308193133.19;
1600402;2023;STN/SICONFI;150073474.75;133607753.43;6110908.88;118603405.14;
1600501;2023;STN/SICONFI;113920934.82;89130329.56;8477181.07;74166588.57;
1600535;2023;STN/SICONFI;100099127.32;85609988.32;5724021.64;73624256.86;
1600550;2023;STN/SICONFI;40176770.27;28658567.64;902833.65;25028539.99;
1600600;2023;STN/SICONFI;407030505.97;368787667.28;54282120.17;268927719.83;
1600709;2023;STN/SICONFI;133909492.31;86497707.71;3193575.85;79759430.64;
1600808;2023;STN/SICONFI;97905119.56;69450563.81;1612033.78;65558131.57;
1700251;2023;STN/SICONFI;31931931.79;29108336.95;1931989.67;25572786.44;
1700301;2023;STN/SICONFI;38772658.72;35694938.71;920535.87;34504088.23;
1700350;2023;STN/SICONFI;33324344.39;32596540.96;3496710.05;28771026.23;
1700400;2023;STN/SICONFI;46516334.97;44533019.11;6696539.17;36619884.05;
1700707;2023;STN/SICONFI;55912639.07;55250039.48;5985110.13;46971673.24;
1701002;2023;STN/SICONFI;51835611.33;46152660.48;2244253.9;41516974.78;
1701051;2023;STN/SICONFI;26919155.31;23571954.2;506151.88;22747625.17;
1701101;2023;STN/SICONFI;36638938.0;33742317.99;2089432.74;30372968.2;
1701309;2023;STN/SICONFI;29028615.92;28985415.92;877989.55;27986260.62;
1701903;2023;STN/SICONFI;47490091.52;43447335.74;3065584.23;39739770.27;
1702000;2023;STN/SICONFI;48660771.2;47289380.08;3663693.2;42529492.45;
1702109;2023;STN/SICONFI;975719169.95;882423389.15;207635197.24;575648584.03;
1702158;2023;STN/SICONFI;35004185.85;34257176.89;2093994.88;29704510.19;
1702208;2023;STN/SICONFI;136215765.97;126205084.23;7314791.73;100905438.91;
1702307;2023;STN/SICONFI;40097545.17;34108816.4;3254798.6;29854740.41;
1702406;2023;STN/SICONFI;53922790.63;52961969.61;4202421.01;44884211.25;
1702554;2023;STN/SICONFI;76259047.06;69163052.36;3817885.06;64144249.1;
1702703;2023;STN/SICONFI;24374650.1;23796462.04;542697.87;22841915.73;
1702901;2023;STN/SICONFI;53734417.17;53317342.58;2707516.34;49634890.57;
1703008;2023;STN/SICONFI;50112996.79;45062005.75;3443511.31;39715942.75;
1703057;2023;STN/SICONFI;44210293.88;40442603.62;3758140.36;35767510.7;
1703073;2023;STN/SICONFI;31117421.38;27858086.64;2151264.66;25398609.52;
1703107;2023;STN/SICONFI;33399224.09;30593655.74;1984348.15;27832808.26;
1703206;2023;STN/SICONFI;32714823.84;27956157.17;1080560.08;26344255.91;
1703305;2023;STN/SICONFI;32377048.01;27627448.01;1861484.19;25422273.61;
1703602;2023;STN/SICONFI;24145747.19;22574311.43;2262907.96;19684207.85;
1703701;2023;STN/SICONFI;38901218.37;34916907.88;5858280.32;28098070.24;
1703800;2023;STN/SICONFI;51482967.68;44236700.04;1318034.38;42156133.92;
1703826;2023;STN/SICONFI;25601015.36;22775748.66;368917.64;22133077.31;
1703842;2023;STN/SICONFI;69534296.98;62207618.52;3872739.53;57475451.98;
1703867;2023;STN/SICONFI;31046494.7;26198372.7;4236192.69;18814729.05;
1703883;2023;STN/SICONFI;24696338.92;24654121.65;941354.47;23330533.22;
1703891;2023;STN/SICONFI;29511445.8;26796731.8;343059.85;26257626.48;
1703909;2023;STN/SICONFI;45018311.44;43927198.98;4842176.48;38716750.19;
1704105;2023;STN/SICONFI;22244846.43;21824443.43;997157.73;20364034.69;
1704600;2023;STN/SICONFI;21936312.5;20712319.5;525468.57;19886944.35;
1705102;2023;STN/SICONFI;27419997.59;27419997.59;1708427.69;25603720.19;
1705508;2023;STN/SICONFI;208401408.34;189834785.16;17183374.93;135522955.13;
1705557;2023;STN/SICONFI;25728954.18;25095602.18;1145014.98;23742481.57;
1705607;2023;STN/SICONFI;34140984.52;31877164.83;1907769.54;29362247.88;
1706001;2023;STN/SICONFI;38792900.7;36617006.24;1735335.28;32697768.86;
1706100;2023;STN/SICONFI;41427632.58;38335031.65;2926288.83;34389363.59;
1706258;2023;STN/SICONFI;24604922.71;23277668.05;2139606.99;20957375.0;
1706506;2023;STN/SICONFI;31292456.51;30625789.85;1695155.93;28216232.5;
1707009;2023;STN/SICONFI;120244114.89;105966039.08;8979572.28;78773863.0;
1707108;2023;STN/SICONFI;47772487.04;42649675.51;3550896.23;37974801.19;
1707207;2023;STN/SICONFI;83078887.57;79984885.23;3877631.19;70604075.75;
1707306;2023;STN/SICONFI;37484058.81;33861716.93;3403578.61;29858012.15;
1707405;2023;STN/SICONFI;44767437.36;41949533.1;1134468.87;40691588.3;
1707553;2023;STN/SICONFI;27488746.16;26082940.16;1534007.29;23932301.29;
1707652;2023;STN/SICONFI;39803886.3;38529414.14;3870547.83;32772660.65;
1707702;2023;STN/SICONFI;42481246.89;39663326.99;2542962.79;37011450.9;
1708205;2023;STN/SICONFI;106729031.99;106729031.99;13071544.79;82119944.67;
1708254;2023;STN/SICONFI;32595431.63;30664565.49;1858153.16;28434439.74;
1708304;2023;STN/SICONFI;54143796.0;48721886.23;2515986.77;37899102.24;
1709005;2023;STN/SICONFI;69206967.29;65833550.63;6258885.03;58571389.43;
1709302;2023;STN/SICONFI;137259094.8;133216826.53;15552756.98;106580810.14;
1709500;2023;STN/SICONFI;527287793.22;508937642.29;69732302.18;274869382.41;
1709807;2023;STN/SICONFI;21512332.59;21004886.85;1033008.41;19725037.65;
1710508;2023;STN/SICONFI;46734969.09;39295727.62;2283640.75;35114685.98;
1710706;2023;STN/SICONFI;33151616.12;32208266.12;1860135.63;30218650.7;
1710904;2023;STN/SICONFI;31903875.84;27998978.49;1018696.59;26303792.84;
1711100;2023;STN/SICONFI;25674435.26;23392764.05;1537244.04;21580020.66;
1711506;2023;STN/SICONFI;34117864.67;29556955.44;2139242.91;25872024.51;
1711803;2023;STN/SICONFI;23557642.64;23255986.39;684145.74;22330577.42;
1711902;2023;STN/SICONFI;84692567.93;83624696.39;8479824.84;73737643.61;
1711951;2023;STN/SICONFI;27455104.65;26330571.3;1716084.47;24239074.4;
1712009;2023;STN/SICONFI;51434627.69;46744046.69;1451079.82;44614950.27;
1712157;2023;STN/SICONFI;24255750.58;21006633.92;423706.97;20483262.2;
1712405;2023;STN/SICONFI;25163485.27;24080297.13;2021596.18;21592642.18;
1712454;2023;STN/SICONFI;24114701.5;20097368.16;254849.27;19300957.82;
1712504;2023;STN/SICONFI;50862387.95;45159990.7;7680102.36;35006216.61;
1712702;2023;STN/SICONFI;31037508.55;29797841.89;1870181.65;27394039.42;
1712801;2023;STN/SICONFI;38153976.54;31535070.73;581535.14;30621728.72;
1713205;2023;STN/SICONFI;95562371.06;91679502.85;6797704.85;84258198.26;
1713304;2023;STN/SICONFI;70390729.35;68074913.71;5021700.7;55131054.46;
1713601;2023;STN/SICONFI;47373460.72;44126145.65;3318616.86;36934890.96;
1713700;2023;STN/SICONFI;28943338.25;23574401.11;808215.73;21496651.35;
1713809;2023;STN/SICONFI;47831400.46;43144987.76;1689109.3;40857479.61;
1713957;2023;STN/SICONFI;;;;;
1714203;2023;STN/SICONFI;46616204.95;44478638.29;2798163.65;40846505.14;
1714302;2023;STN/SICONFI;29138932.72;24313075.88;923996.4;23112516.61;
1714880;2023;STN/SICONFI;62764425.66;60412189.3;4197105.02;53179640.18;
1715002;2023;STN/SICONFI;27408255.76;25861438.75;1865632.24;23049948.62;
1715101;2023;STN/SICONFI;33252569.38;29580604.73;2393223.82;26522631.59;
1715150;2023;STN/SICONFI;24502815.16;18781128.16;334570.46;18148544.57;
1715259;2023;STN/SICONFI;21519600.76;19680996.76;610700.83;18896103.14;
1715507;2023;STN/SICONFI;21553726.02;20903948.6;311382.03;18684500.99;
1715705;2023;STN/SICONFI;54523496.07;49904882.2;7900058.13;41491242.62;
1715754;2023;STN/SICONFI;52045302.89;47143594.02;2876614.26;40839936.19;
1716109;2023;STN/SICONFI;261430075.27;230743077.61;27860665.95;177851840.51;
1716208;2023;STN/SICONFI;72080402.95;64608190.5;8302452.95;54749220.28;
1716307;2023;STN/SICONFI;26951299.42;25959896.17;1374869.46;24135756.13;
1716505;2023;STN/SICONFI;85747706.98;77722220.61;10402411.76;60449779.73;
1716604;2023;STN/SICONFI;68487563.45;66123789.46;6343308.72;58891385.88;
1716653;2023;STN/SICONFI;38925342.95;35327003.79;1254631.09;33731167.84;
1716703;2023;STN/SICONFI;37396649.49;35622364.03;4018482.62;31045145.53;
1717008;2023;STN/SICONFI;44189272.42;34258940.48;981324.37;32666884.22;
1717206;2023;STN/SICONFI;26281003.82;24491274.41;1063574.16;22874170.05;
1717503;2023;STN/SICONFI;44731543.22;43544198.94;4476119.74;35617437.15;
1717800;2023;STN/SICONFI;31018296.33;26151027.0;3810367.05;22180384.42;
1717909;2023;STN/SICONFI;41773906.78;39862764.75;3434491.79;31986795.45;
1718006;2023;STN/SICONFI;24330862.54;22032426.37;560513.78;21212098.19;
1718204;2023;STN/SICONFI;461612414.12;436850679.28;98205090.94;275615689.77;
1718303;2023;STN/SICONFI;43147610.98;39930306.45;1080830.44;38526700.65;
1718402;2023;STN/SICONFI;27777552.33;24057248.99;1616254.64;21843691.62;
1718451;2023;STN/SICONFI;25308735.85;21345682.52;958085.12;19960255.22;
1718501;2023;STN/SICONFI;26511418.34;25861418.34;718595.92;24702461.2;
1718550;2023;STN/SICONFI;32227238.19;31422692.51;661145.26;30424719.73;
1718659;2023;STN/SICONFI;26045561.45;23419390.8;440342.32;22339352.46;
1718709;2023;STN/SICONFI;28699204.72;26179992.06;1624973.25;24229417.05;
1718758;2023;STN/SICONFI;48910042.38;44643523.21;5148411.74;39220602.34;
1718808;2023;STN/SICONFI;33519277.54;26798396.54;472885.76;25735700.82;
1718840;2023;STN/SICONFI;33620102.24;29121666.66;1913625.78;26770018.02;
1718865;2023;STN/SICONFI;41402286.76;35315050.6;1712058.96;32258895.44;
1718881;2023;STN/SICONFI;25914037.13;24975562.13;1336467.11;23114725.77;
1718899;2023;STN/SICONFI;36042187.61;29637428.42;4299892.92;24181654.4;
1718907;2023;STN/SICONFI;42237274.68;38413426.02;3753817.38;34227392.34;
1719004;2023;STN/SICONFI;24456101.57;22096101.57;292571.79;21669093.58;
1720002;2023;STN/SICONFI;23101454.75;21839246.75;281898.39;21207733.69;
1720101;2023;STN/SICONFI;41852233.76;33902785.18;1110488.16;30874264.9;
1720150;2023;STN/SICONFI;21061560.37;20734910.37;607215.36;19964650.02;
1720200;2023;STN/SICONFI;64085879.83;57609842.49;1953260.28;55074768.18;
1720259;2023;STN/SICONFI;31177915.17;27384983.41;1345672.23;25859504.33;
1720309;2023;STN/SICONFI;31846767.07;27787650.63;256470.08;27223040.49;
1720499;2023;STN/SICONFI;33091846.92;28793797.04;2443632.29;26098376.81;
1720655;2023;STN/SICONFI;40008094.44;36924112.01;2311018.21;30641650.83;
1720804;2023;STN/SICONFI;66740786.26;57338502.55;1593680.45;53466380.37;
1720853;2023;STN/SICONFI;25462047.29;24295431.29;2445050.9;21226585.26;
1720903;2023;STN/SICONFI;70566996.84;65268716.55;3839898.01;54432834.86;
1720937;2023;STN/SICONFI;26294582.7;24511869.31;650726.22;23260769.26;
1720978;2023;STN/SICONFI;35027319.22;30146915.22;2692293.65;27147190.42;
1721000;2023;STN/SICONFI;2233618279.26;2201770750.58;545112842.74;1269092152.25;
1721109;2023;STN/SICONFI;43706532.59;40711712.35;2142450.79;38130847.82;
1721208;2023;STN/SICONFI;107109650.19;97371972.45;5502743.73;90006914.74;
1721257;2023;STN/SICONFI;24009411.97;22139246.56;824783.14;21070427.39;
1721307;2023;STN/SICONFI;25603389.6;22425897.9;1942225.23;20165451.81;
1722081;2023;STN/SICONFI;51188451.64;47914604.89;3358196.71;43514769.21;
1722107;2023;STN/SICONFI;61088723.86;61088723.86;5668881.99;53836783.99;
2100055;2023;STN/SICONFI;542919732.04;538733193.19;69535211.41;400879983.46;
2100105;2023;STN/SICONFI;58588415.9;58588415.9;414822.32;56101136.62;
2100154;2023;STN/SICONFI;62265245.26;62265245.26;2096799.73;56122811.3;
2100204;2023;STN/SICONFI;75533677.59;75416718.8;2704860.94;71142256.35;
2100303;2023;STN/SICONFI;139830910.77;137524405.87;4565902.23;121740172.65;
2100402;2023;STN/SICONFI;42596945.86;42092092.07;1438322.6;40371389.91;
2100436;2023;STN/SICONFI;102320979.34;102203895.34;3064014.28;97265131.52;
2100477;2023;STN/SICONFI;172801155.26;160774415.75;11477897.7;146968730.17;
2100501;2023;STN/SICONFI;63711620.5;62899537.55;6301471.15;56056939.04;
2100550;2023;STN/SICONFI;52254801.99;49085625.66;1388391.57;46654967.74;
2100600;2023;STN/SICONFI;159172886.84;158210390.98;3729549.68;142404047.55;
2100709;2023;STN/SICONFI;133864457.51;131977127.94;4620432.08;97429556.78;
2100808;2023;STN/SICONFI;85109726.78;84922345.81;1894549.22;75549766.47;
2100832;2023;STN/SICONFI;77249892.17;76452384.52;3452089.06;70539658.35;
2100873;2023;STN/SICONFI;75837510.47;74629958.99;2098934.38;71833192.5;
2100907;2023;STN/SICONFI;156804560.58;156804560.58;2048759.85;147041991.19;
2100956;2023;STN/SICONFI;110440925.7;110279404.35;2860036.51;106221741.3;
2101004;2023;STN/SICONFI;144305268.81;144305268.81;1979780.02;132161117.16;
2101103;2023;STN/SICONFI;53502187.85;51715143.25;1212847.93;49503195.83;
2101202;2023;STN/SICONFI;423184160.39;422524160.39;43048905.47;361824985.37;
2101251;2023;STN/SICONFI;98981862.2;98981862.2;8305485.6;88864066.27;
2101301;2023;STN/SICONFI;81725751.17;81725751.17;405079.16;80400266.61;
2101350;2023;STN/SICONFI;32209289.2;32207186.57;543492.17;31214050.28;
2101400;2023;STN/SICONFI;510170334.44;489792191.74;84113635.74;371824757.06;
2101509;2023;STN/SICONFI;80722695.5;80722695.5;2376643.1;71735009.15;
2101608;2023;STN/SICONFI;320073079.82;317332409.9;21251971.76;283684984.14;
2101707;2023;STN/SICONFI;278161826.08;277240968.15;24119390.27;214356900.58;
2101731;2023;STN/SICONFI;69741076.77;66374052.17;852947.67;64826517.22;
2101772;2023;STN/SICONFI;80177673.14;80161293.38;2849450.08;76918061.18;
2101806;2023;STN/SICONFI;31306851.17;31122914.67;1164372.0;29654638.34;
2101905;2023;STN/SICONFI;74252383.02;73943468.16;1511358.88;71804181.03;
2101939;2023;STN/SICONFI;49702941.5;48225441.5;3130828.21;44194661.92;
2101970;2023;STN/SICONFI;49476963.1;49311104.89;1653933.67;46269929.14;
2102002;2023;STN/SICONFI;182924252.22;182924252.22;8826876.93;161628641.23;
2102036;2023;STN/SICONFI;151163457.67;150415628.67;12889494.15;131978743.72;
2102077;2023;STN/SICONFI;71785455.07;71785455.07;2619496.36;67871112.37;
2102101;2023;STN/SICONFI;155399320.25;155057289.31;6926931.42;144784023.98;
2102150;2023;STN/SICONFI;40148032.58;40148032.58;1479334.72;37826334.55;
2102200;2023;STN/SICONFI;128296398.07;127135357.64;5524607.39;117099567.74;
2102309;2023;STN/SICONFI;98743041.11;97580336.08;3005744.18;93252769.41;
2102325;2023;STN/SICONFI;311300131.76;296528615.33;23379969.94;237706586.63;
2102358;2023;STN/SICONFI;64555981.0;63779922.23;1961995.26;60372075.84;
2102374;2023;STN/SICONFI;51268667.99;51263574.74;366214.3;50602776.7;
2102408;2023;STN/SICONFI;43836177.98;43836177.98;1199186.57;42098536.06;
2102507;2023;STN/SICONFI;83426575.65;83426575.65;1835883.8;76845029.08;
2102556;2023;STN/SICONFI;67419551.9;61059956.62;2471408.42;55824461.09;
2102606;2023;STN/SICONFI;121677023.1;115677023.1;2975332.84;111172116.03;
2102705;2023;STN/SICONFI;116610465.43;109812029.66;4777863.34;95065797.6;
2102754;2023;STN/SICONFI;66252252.89;66252252.89;2992933.26;62834816.49;
2102804;2023;STN/SICONFI;132022003.97;131715928.2;2951907.27;107773329.01;
2102903;2023;STN/SICONFI;98954262.21;97924748.71;3785012.89;92643611.28;
2103000;2023;STN/SICONFI;682385144.26;670488034.35;34532616.18;566057567.25;
2103109;2023;STN/SICONFI;46837871.64;46094384.77;2117100.62;43757106.06;
2103125;2023;STN/SICONFI;42545047.56;42258547.56;3470163.89;38102182.23;
2103158;2023;STN/SICONFI;95558522.9;95536990.17;3553179.03;90616556.25;
2103174;2023;STN/SICONFI;104434015.48;104226836.64;3536449.04;99654599.51;
2103208;2023;STN/SICONFI;347440477.48;343391494.11;18860691.75;282333482.7;
2103257;2023;STN/SICONFI;85528385.76;83756004.84;5284687.77;77317837.97;
2103307;2023;STN/SICONFI;408151193.89;403757476.1;23811460.92;350777196.6;
2103406;2023;STN/SICONFI;210650180.34;208137476.34;8281135.7;189861065.32;
2103505;2023;STN/SICONFI;174567167.7;174560633.77;8797272.29;162106135.59;
2103554;2023;STN/SICONFI;76256818.8;76256818.8;1721142.5;73261975.31;
2103604;2023;STN/SICONFI;217641223.67;217641223.67;13694409.06;201814286.75;
2103703;2023;STN/SICONFI;117888600.62;116877989.18;5528641.59;107447805.31;
2103752;2023;STN/SICONFI;83432526.6;80254187.28;2016449.9;77639796.34;
2103802;2023;STN/SICONFI;80271085.56;78867123.93;2959890.01;73273268.32;
2103901;2023;STN/SICONFI;74448844.36;64583844.36;1735827.78;57944056.16;
2104008;2023;STN/SICONFI;89778147.94;83811210.43;2129517.57;80386127.07;
2104057;2023;STN/SICONFI;197807217.34;165270295.16;9174099.8;145572195.02;
2104073;2023;STN/SICONFI;42428385.8;42342265.49;1104787.76;40833485.04;
2104081;2023;STN/SICONFI;65079146.0;54236046.0;1803876.61;51916175.77;
2104099;2023;STN/SICONFI;92677923.17;89469472.13;2389043.03;82868088.01;
2104107;2023;STN/SICONFI;57493638.54;56893626.54;2716551.01;53470096.0;
2104206;2023;STN/SICONFI;94470961.45;89918907.11;4238631.58;84572307.56;
2104305;2023;STN/SICONFI;111960372.32;111960372.32;24749937.94;82864083.51;
2104404;2023;STN/SICONFI;75848486.01;71523849.01;2433052.6;68407814.06;
2104503;2023;STN/SICONFI;51346889.58;49234432.75;1865916.12;46742811.55;
2104552;2023;STN/SICONFI;85735171.93;83576509.83;3034865.33;79377290.98;
2104602;2023;STN/SICONFI;69628044.34;69628044.34;4177564.15;64827025.48;
2104628;2023;STN/SICONFI;38994280.03;38450772.12;1009904.44;36344916.3;
2104651;2023;STN/SICONFI;59553451.39;58539051.74;1832872.47;55983570.7;
2104677;2023;STN/SICONFI;131184125.66;131184125.66;6785816.43;123715899.04;
2104701;2023;STN/SICONFI;32531532.96;31887653.9;1165584.34;30568600.83;
2104800;2023;STN/SICONFI;330313026.99;323447691.92;20518878.79;290393234.34;
2104909;2023;STN/SICONFI;50175545.21;49757023.58;2666326.37;46075240.71;
2105005;2023;STN/SICONFI;130287259.07;130287259.07;1598265.32;124639214.01;
2105104;2023;STN/SICONFI;110158551.75;110134439.86;3473717.62;105737616.19;
2105153;2023;STN/SICONFI;104096939.53;103233807.49;5806080.99;91107750.27;
2105203;2023;STN/SICONFI;64475605.75;59595071.72;2372436.66;51989183.68;
2105302;2023;STN/SICONFI;1105937009.48;1097869158.4;179351228.16;877490052.33;
2105351;2023;STN/SICONFI;73037106.97;71946947.97;802608.91;60468619.27;
2105401;2023;STN/SICONFI;242810207.88;241631544.69;16790389.89;216667965.09;
2105427;2023;STN/SICONFI;117056807.3;116881949.42;5390321.56;107454778.31;
2105450;2023;STN/SICONFI;44328055.15;44328055.15;974052.79;42721853.75;
2105476;2023;STN/SICONFI;79854157.81;77247186.38;938865.35;75258022.02;
2105500;2023;STN/SICONFI;111687692.13;108287072.43;3415515.6;102977866.82;
2105609;2023;STN/SICONFI;60830197.7;60448197.7;1642898.93;57229708.81;
2105658;2023;STN/SICONFI;32121710.92;32002432.92;13845.68;31847435.06;
2105708;2023;STN/SICONFI;186323554.9;180540524.51;6389890.69;170865608.53;
2105807;2023;STN/SICONFI;53517013.26;52024867.66;1266045.99;49514660.17;
2105906;2023;STN/SICONFI;70822975.19;70752146.12;3095909.92;66962322.87;
2105922;2023;STN/SICONFI;51152362.91;49839769.44;538679.89;48328596.55;
2105948;2023;STN/SICONFI;43778652.8;43391361.06;1159330.19;40705738.65;
2105963;2023;STN/SICONFI;55857961.36;55380461.36;1939000.67;51848164.76;
2105989;2023;STN/SICONFI;40432803.35;39932803.35;1356132.52;37562116.33;
2106003;2023;STN/SICONFI;83154143.09;79468311.37;6134627.48;71369646.79;
2106102;2023;STN/SICONFI;60168761.93;59660384.39;2507715.29;56248293.14;
2106201;2023;STN/SICONFI;40979379.65;40979379.65;1065745.74;39676720.57;
2106300;2023;STN/SICONFI;116494716.33;114433673.97;2218594.08;110973714.64;
2106326;2023;STN/SICONFI;107847405.79;107847405.79;5898950.17;100980976.2;
2106359;2023;STN/SICONFI;41891260.84;39891260.84;987387.3;38111748.59;
2106375;2023;STN/SICONFI;98217944.29;98217944.29;3107109.42;93202240.8;
2106409;2023;STN/SICONFI;86227723.13;85587708.18;6047343.3;69593876.67;
2106508;2023;STN/SICONFI;94143742.49;89388781.17;2957428.39;84626505.06;
2106607;2023;STN/SICONFI;147175372.11;147089420.55;5279407.25;138470238.63;
2106631;2023;STN/SICONFI;72971557.89;72951648.04;1828032.77;69891923.71;
2106672;2023;STN/SICONFI;51903011.72;50585511.72;1902390.62;48459699.64;
2106706;2023;STN/SICONFI;92544153.79;88930011.82;4354568.44;83369588.26;
2106755;2023;STN/SICONFI;136915280.56;134880665.9;5038361.35;128494838.48;
2106805;2023;STN/SICONFI;56389822.28;56287780.47;456587.47;54659329.39;
2106904;2023;STN/SICONFI;130349926.39;129281590.42;3339963.69;116776431.18;
2107001;2023;STN/SICONFI;42667093.43;42094093.43;1921224.98;39408779.01;
2107100;2023;STN/SICONFI;88859658.15;88609109.38;2837235.67;84671231.07;
2107209;2023;STN/SICONFI;62352539.69;62252539.69;2010303.04;59507442.1;
2107258;2023;STN/SICONFI;37802224.12;37173550.25;1132615.36;35352903.13;
2107308;2023;STN/SICONFI;30590620.4;30509477.54;530137.38;29822137.94;
2107357;2023;STN/SICONFI;84809511.27;83854511.27;1998041.83;81162330.48;
2107407;2023;STN/SICONFI;123557994.23;122742953.54;3953784.09;91432962.17;
2107456;2023;STN/SICONFI;67039722.15;65885322.15;1588978.36;63766721.47;
2107506;2023;STN/SICONFI;458910368.83;458910368.83;45526639.53;382638078.44;
2107605;2023;STN/SICONFI;79103836.34;78729071.96;791226.23;76827945.92;
2107704;2023;STN/SICONFI;84274895.84;83172911.84;3047697.51;78512847.53;
2107803;2023;STN/SICONFI;175569946.81;175554834.52;5141763.03;150623702.57;
2107902;2023;STN/SICONFI;89724781.03;75022805.79;916780.3;71771645.1;
2108009;2023;STN/SICONFI;115887141.85;114194002.64;4813678.44;106839387.98;
2108058;2023;STN/SICONFI;96504754.45;92904483.74;3113689.33;88872294.85;
2108108;2023;STN/SICONFI;106755492.65;105241635.12;3748325.32;100359966.53;
2108207;2023;STN/SICONFI;180644776.07;178132901.07;7252032.75;158810667.01;
2108256;2023;STN/SICONFI;134625683.04;130407114.17;3860352.13;126233548.58;
2108306;2023;STN/SICONFI;144385859.52;143351691.52;6117832.05;135210090.14;
2108405;2023;STN/SICONFI;54771493.11;54239378.51;411124.79;53112071.21;
2108454;2023;STN/SICONFI;113398722.27;105586930.46;2819018.87;100114671.2;
2108504;2023;STN/SICONFI;176931792.05;176931792.05;5396716.65;162564145.6;
2108603;2023;STN/SICONFI;406662638.2;402850995.49;22015291.58;370129408.07;
2108702;2023;STN/SICONFI;136618430.72;136537430.72;3884899.37;123243941.21;
2108801;2023;STN/SICONFI;89070047.23;89070047.23;4171717.11;83503987.54;
2108900;2023;STN/SICONFI;89899417.94;85088821.65;3397300.46;79874771.79;
2109007;2023;STN/SICONFI;167407956.88;166452573.7;5684545.94;143455596.13;
2109056;2023;STN/SICONFI;38440998.35;36997357.35;1065434.58;35389858.12;
2109106;2023;STN/SICONFI;180577816.27;179622816.27;17906333.62;150498527.93;
2109205;2023;STN/SICONFI;54622132.94;54622132.94;1451132.25;52620847.45;
2109239;2023;STN/SICONFI;37980101.77;37980101.77;672127.53;36759102.35;
2109270;2023;STN/SICONFI;98845317.13;98345317.13;821362.98;94775441.76;
2109304;2023;STN/SICONFI;72794268.53;69662181.68;2478029.99;62578890.35;
2109403;2023;STN/SICONFI;87331635.17;86649789.4;2352879.18;80244557.83;
2109452;2023;STN/SICONFI;144001846.34;144001846.34;7171177.87;130311333.9;
2109502;2023;STN/SICONFI;105751419.03;103798610.23;6472665.77;94088162.18;
2109551;2023;STN/SICONFI;39374666.77;39299666.77;1723463.49;33488995.95;
2109601;2023;STN/SICONFI;165024317.97;157454940.46;12079443.51;143084330.66;
2109700;2023;STN/SICONFI;45543129.83;43229867.83;2769759.04;39783388.53;
2109759;2023;STN/SICONFI;38537056.87;37368921.12;536016.26;36465170.77;
2109809;2023;STN/SICONFI;176766548.3;176766548.3;6591780.57;166764683.3;
2109908;2023;STN/SICONFI;320680570.76;316901551.47;29880104.94;277112388.54;
2110005;2023;STN/SICONFI;265947280.96;263647137.25;11950181.51;237807468.5;
2110039;2023;STN/SICONFI;111378766.17;110070000.17;4214383.57;96759698.25;
2110104;2023;STN/SICONFI;199934512.83;199073476.77;4053234.92;192373147.31;
2110203;2023;STN/SICONFI;154168300.59;147067711.13;2393494.09;141774039.13;
2110237;2023;STN/SICONFI;60113406.82;60079238.82;1282207.4;58314136.78;
2110278;2023;STN/SICONFI;72571271.54;72228546.66;3009109.79;68327578.98;
2110302;2023;STN/SICONFI;162568487.99;162568487.99;20919479.95;138558748.7;
2110401;2023;STN/SICONFI;104651300.06;101623430.05;2733801.91;97933097.07;
2110500;2023;STN/SICONFI;151812127.13;151812127.13;6284082.82;142410843.91;
2110609;2023;STN/SICONFI;187151009.41;187151009.41;5408979.28;179308338.64;
2110658;2023;STN/SICONFI;46372662.51;46250038.17;1964551.26;43794233.1;
2110708;2023;STN/SICONFI;150914879.37;143575743.07;7216886.31;134398028.22;
2110807;2023;STN/SICONFI;32030895.25;28972246.1;1553509.68;26902679.4;
2110856;2023;STN/SICONFI;55346375.55;54758708.55;1272359.9;52872091.75;
2110906;2023;STN/SICONFI;66550248.06;63406649.46;3341760.18;59135396.33;
2111003;2023;STN/SICONFI;76775523.83;76638084.83;2078285.79;72559816.42;
2111029;2023;STN/SICONFI;71582577.6;71298124.11;1941977.76;68383893.31;
2111052;2023;STN/SICONFI;60751581.59;60751581.59;2574229.05;54481045.56;
2111078;2023;STN/SICONFI;86895955.34;86895955.34;4285790.11;80877851.82;
2111102;2023;STN/SICONFI;112284129.92;111295102.95;5782252.21;103120091.8;
2111201;2023;STN/SICONFI;825613346.16;781689272.71;97859056.8;652537359.73;
2111250;2023;STN/SICONFI;40707096.36;40707096.36;1190582.67;39290913.37;
2111300;2023;STN/SICONFI;5515241951.1;5509643185.48;1312827541.24;3602380728.89;
2111409;2023;STN/SICONFI;100962533.68;99724293.4;3302600.31;90585090.34;
2111508;2023;STN/SICONFI;166185462.89;164752962.89;11098072.31;141357663.53;
2111532;2023;STN/SICONFI;66907008.83;66907008.83;3907989.2;62228269.94;
2111573;2023;STN/SICONFI;33845825.33;33845825.33;1174323.01;29814215.39;
2111607;2023;STN/SICONFI;94097289.32;92044628.67;7284605.95;83565854.92;
2111631;2023;STN/SICONFI;34150879.71;33081197.71;520635.26;31565335.41;
2111672;2023;STN/SICONFI;38342845.66;37192728.14;913530.47;35858923.23;
2111706;2023;STN/SICONFI;81308868.39;81308868.39;1913172.03;77946017.7;
2111722;2023;STN/SICONFI;66608980.98;66501847.88;1451499.3;64295170.42;
2111748;2023;STN/SICONFI;53364292.52;53199095.51;711928.09;51718601.8;
2111763;2023;STN/SICONFI;73301479.69;73301479.69;781847.22;71537928.97;
2111789;2023;STN/SICONFI;86646561.22;86196939.08;2814018.69;82837352.15;
2111805;2023;STN/SICONFI;85480245.91;82172479.71;2366267.33;76781833.46;
2111904;2023;STN/SICONFI;52313995.54;52129562.81;2167796.59;49449914.24;
2111953;2023;STN/SICONFI;30258461.12;30164387.11;879784.4;29078589.45;
2112001;2023;STN/SICONFI;75363846.06;74479248.25;8188532.94;65453813.73;
2112100;2023;STN/SICONFI;111700111.33;110737654.79;2585350.71;102488001.02;
2112209;2023;STN/SICONFI;623545728.38;615671558.5;52186149.39;521516250.58;
2112233;2023;STN/SICONFI;122158063.54;119927377.11;4727312.18;107453360.3;
2112274;2023;STN/SICONFI;39263613.79;39263613.79;928247.04;38245847.44;
2112308;2023;STN/SICONFI;178150475.3;170885295.04;9225936.44;160774406.96;
2112407;2023;STN/SICONFI;164385150.77;164375392.01;6878902.76;156462422.75;
2112456;2023;STN/SICONFI;130492092.32;115492092.32;2864289.11;111165244.33;
2112506;2023;STN/SICONFI;234966123.57;234398810.17;8032875.88;201499080.63;
2112605;2023;STN/SICONFI;143441670.97;133171170.99;2774477.12;127514107.6;
2112704;2023;STN/SICONFI;229018325.59;228497259.59;10312588.9;206960064.61;
2112803;2023;STN/SICONFI;201354961.15;196844421.87;9561679.93;179169373.69;
2112852;2023;STN/SICONFI;79309965.56;79309963.47;4442995.49;73989305.37;
2112902;2023;STN/SICONFI;132965024.36;132965024.36;4455878.54;120599881.09;
2113009;2023;STN/SICONFI;148611749.68;140391477.53;6832607.68;129959900.69;
2114007;2023;STN/SICONFI;282679572.34;265474263.59;11527607.91;246985090.48;
2200053;2023;STN/SICONFI;33330246.57;32535495.58;1169046.41;31011594.03;
2200103;2023;STN/SICONFI;30357957.49;30070757.49;1415622.59;26270172.42;
2200202;2023;STN/SICONFI;90822942.89;90720889.51;4966128.59;81104598.69;
2200251;2023;STN/SICONFI;28547125.9;28455715.27;459884.6;27714076.64;
2200277;2023;STN/SICONFI;27751140.33;27751140.33;550513.38;26120099.72;
2200301;2023;STN/SICONFI;57275729.79;54644182.21;1060893.78;52712178.68;
2200400;2023;STN/SICONFI;198875498.83;193531235.66;14474072.41;167013749.15;
2200459;2023;STN/SICONFI;33952702.53;33318496.33;1453688.61;31669532.12;
2200509;2023;STN/SICONFI;89347165.76;85280165.04;4634681.58;79392641.41;
2200608;2023;STN/SICONFI;37491158.4;35447729.76;1293645.13;30701371.55;
2200707;2023;STN/SICONFI;52343533.57;46445434.66;1626584.26;43376616.03;
2200806;2023;STN/SICONFI;36082634.25;33608950.54;1637488.17;29806277.42;
2200905;2023;STN/SICONFI;38930299.03;37419999.03;1081898.45;34302681.91;
2200954;2023;STN/SICONFI;23347731.11;22659000.22;245648.69;22199866.32;
2201002;2023;STN/SICONFI;36865124.46;34380350.0;827175.69;33069010.83;
2201051;2023;STN/SICONFI;44574781.75;42962537.02;456800.02;41611416.44;
2201101;2023;STN/SICONFI;57831866.88;54916719.77;2878331.54;50904289.47;
2201150;2023;STN/SICONFI;148712832.2;147335204.2;11255869.44;134840576.55;
2201176;2023;STN/SICONFI;35981020.45;26194984.21;568809.29;25057174.04;
2201200;2023;STN/SICONFI;214662144.45;211466816.45;8757569.64;198866037.99;
2201309;2023;STN/SICONFI;29613000.61;29597551.91;874938.87;28478683.74;
2201408;2023;STN/SICONFI;41668869.44;39414629.44;1940056.77;33959706.85;
2201507;2023;STN/SICONFI;105928097.17;104521723.25;3622664.7;99769427.34;
2201556;2023;STN/SICONFI;25756960.42;25064460.42;731521.1;23973912.09;
2201572;2023;STN/SICONFI;35658014.96;33037108.34;969497.16;30824614.05;
2201606;2023;STN/SICONFI;53256736.68;53174136.68;1065665.85;51276528.62;
2201705;2023;STN/SICONFI;33250204.6;31776424.0;1309977.57;28330851.98;
2201739;2023;STN/SICONFI;40808032.08;36751702.49;2858450.53;33209141.03;
2201770;2023;STN/SICONFI;34313591.58;33995288.58;1030255.83;32792252.72;
2201804;2023;STN/SICONFI;28811053.99;28160623.99;585991.33;26871468.5;
2201903;2023;STN/SICONFI;205235556.39;187450237.59;15798504.75;156409200.54;
2201919;2023;STN/SICONFI;35732436.58;35732436.58;562689.68;33235554.86;
2201929;2023;STN/SICONFI;31487800.74;30806058.89;641668.6;29749256.19;
2201945;2023;STN/SICONFI;33808499.76;33777904.72;1355779.57;30387221.93;
2201960;2023;STN/SICONFI;53061364.47;51827397.79;7520000.12;40654783.06;
2201988;2023;STN/SICONFI;37148164.33;31971631.2;1360599.07;30172761.45;
2202000;2023;STN/SICONFI;113117459.08;106031861.71;4908931.66;93257876.48;
2202026;2023;STN/SICONFI;51527796.33;50606306.59;1795376.65;48377009.16;
2202059;2023;STN/SICONFI;47187714.3;46767606.1;802377.45;44632861.37;
2202075;2023;STN/SICONFI;34010725.46;34010725.46;335506.82;32160794.23;
2202083;2023;STN/SICONFI;52895475.75;52745907.53;7125913.46;41791422.11;
2202091;2023;STN/SICONFI;48696624.51;48296624.51;3961939.2;43857842.64;
2202109;2023;STN/SICONFI;38456966.93;38296849.85;945602.01;37084393.32;
2202117;2023;STN/SICONFI;28047792.58;28047792.58;898682.62;26845154.89;
2202133;2023;STN/SICONFI;29160858.89;29114970.39;701713.08;27808506.6;
2202174;2023;STN/SICONFI;45380000.58;42969571.41;1852446.5;40277787.77;
2202208;2023;STN/SICONFI;236300756.66;228246365.79;19039258.6;174834484.78;
2202251;2023;STN/SICONFI;26858727.17;26540179.97;623606.86;25717539.53;
2202307;2023;STN/SICONFI;92783668.89;92194198.89;3585079.77;87195653.01;
2202406;2023;STN/SICONFI;68305904.8;66411701.32;2122691.32;58233200.67;
2202455;2023;STN/SICONFI;2457383.94;2457383.94;;2455092.79;
2202505;2023;STN/SICONFI;62356155.35;60438729.76;2896589.75;55796176.71;
2202539;2023;STN/SICONFI;34483901.17;32026861.72;1457380.72;30238555.83;
2202554;2023;STN/SICONFI;79676552.29;79676552.29;1509224.01;78031085.44;
2202604;2023;STN/SICONFI;104151618.59;95785626.6;4323306.99;83090830.62;
2202653;2023;STN/SICONFI;34695114.94;32057276.94;1201428.67;27892281.45;
2202703;2023;STN/SICONFI;109838778.24;104138844.24;6745730.45;95087679.3;
2202711;2023;STN/SICONFI;32329998.49;32329998.49;1331928.83;30547736.11;
2202729;2023;STN/SICONFI;30722108.05;29559891.03;892175.77;28294297.18;
2202737;2023;STN/SICONFI;28130953.69;26868953.13;671536.75;23254765.34;
2202752;2023;STN/SICONFI;35387189.4;34770289.39;1604398.77;29899101.63;
2202778;2023;STN/SICONFI;32946213.17;32892505.41;852915.73;31650968.12;
2202802;2023;STN/SICONFI;29825183.96;29684189.96;1163292.31;28051624.25;
2202851;2023;STN/SICONFI;30445058.56;27017129.61;646651.77;26093889.99;
2202901;2023;STN/SICONFI;127938303.94;125922638.22;8923251.44;106901826.07;
2203008;2023;STN/SICONFI;45609479.91;43665079.91;1619117.88;39805810.93;
2203107;2023;STN/SICONFI;66366922.83;66175922.83;1934415.39;63952057.09;
2203206;2023;STN/SICONFI;53672756.54;51069326.45;3176295.58;46795938.44;
2203230;2023;STN/SICONFI;49919639.1;47043191.1;3276138.82;43466840.68;
2203255;2023;STN/SICONFI;35525110.9;34005110.9;1104928.08;31038894.03;
2203271;2023;STN/SICONFI;50637142.93;49680490.57;7503322.08;40965214.22;
2203305;2023;STN/SICONFI;94056218.14;88521823.44;5647894.42;77438139.66;
2203354;2023;STN/SICONFI;40673054.88;39032284.78;838341.61;38027021.51;
2203404;2023;STN/SICONFI;32123283.56;30051634.16;1051776.55;27437082.99;
2203420;2023;STN/SICONFI;33074336.9;31459124.42;1170970.3;30191760.28;
2203453;2023;STN/SICONFI;57267404.3;56688904.3;18167555.26;38221140.94;
2203503;2023;STN/SICONFI;53169575.25;50005575.25;2208394.65;46963778.03;
2203602;2023;STN/SICONFI;29247957.75;29048074.75;1453695.36;24769073.9;
2203701;2023;STN/SICONFI;184449131.06;177101512.79;9861302.65;149584567.75;
2203750;2023;STN/SICONFI;39479153.56;38289623.56;1325870.36;36783209.34;
2203800;2023;STN/SICONFI;28662473.52;28162473.52;663246.86;27025128.38;
2203859;2023;STN/SICONFI;35070017.31;34411848.06;700688.28;33347908.17;
2203909;2023;STN/SICONFI;310557287.13;287726879.92;27129296.84;221571115.33;
2204006;2023;STN/SICONFI;33442505.03;30692731.43;1064120.63;28273537.17;
2204105;2023;STN/SICONFI;31955708.3;30776878.3;797064.22;29771946.39;
2204154;2023;STN/SICONFI;27956597.3;25794788.21;740978.66;24511359.72;
2204204;2023;STN/SICONFI;35827511.06;34774306.4;1198077.5;30761368.08;
2204303;2023;STN/SICONFI;57162555.65;56838555.65;1553961.26;50008728.17;
2204352;2023;STN/SICONFI;29087362.14;28009609.76;914938.28;26773415.64;
2204402;2023;STN/SICONFI;73100179.93;70211655.98;3607943.49;65565550.67;
2204501;2023;STN/SICONFI;69853438.74;69692638.74;2888817.47;64812895.36;
2204550;2023;STN/SICONFI;33090574.9;32606974.9;1236427.28;31116191.78;
2204600;2023;STN/SICONFI;27336702.89;27262702.89;736163.84;25393199.8;
2204659;2023;STN/SICONFI;44084398.53;43731928.43;2140452.49;40740409.56;
2204709;2023;STN/SICONFI;59123091.73;58390914.83;2425997.5;54611505.3;
2204808;2023;STN/SICONFI;38466424.81;37854012.81;1812550.06;35573204.63;
2204907;2023;STN/SICONFI;37719986.87;37337986.87;746838.21;35988059.38;
2205003;2023;STN/SICONFI;53997215.96;53686660.76;1920057.14;47572616.12;
2205102;2023;STN/SICONFI;49043707.69;46524218.69;1263520.61;44321635.56;
2205151;2023;STN/SICONFI;52984954.46;40239708.52;566763.56;38850270.08;
2205201;2023;STN/SICONFI;79671503.43;75365410.98;3322464.13;67473516.16;
2205250;2023;STN/SICONFI;29743343.68;27638547.55;948993.16;26397593.02;
2205276;2023;STN/SICONFI;29818121.88;29511044.97;1057657.77;28097605.43;
2205300;2023;STN/SICONFI;28433716.86;28433716.86;1024979.59;26724886.11;
2205359;2023;STN/SICONFI;29490286.23;25780352.53;785477.78;24401226.01;
2205409;2023;STN/SICONFI;70285959.62;68963118.02;2034890.81;61294048.36;
2205458;2023;STN/SICONFI;30809377.02;29858477.02;891023.25;28486185.7;
2205508;2023;STN/SICONFI;164488734.5;157282889.32;8287016.4;134990245.37;
2205516;2023;STN/SICONFI;36190946.9;35462344.74;806283.15;32314586.23;
2205524;2023;STN/SICONFI;44426519.82;39070855.26;2068549.39;36616194.78;
2205532;2023;STN/SICONFI;35786398.54;30346885.14;1341232.35;26999580.54;
2205540;2023;STN/SICONFI;20311885.01;20311885.01;147654.86;19969436.26;
2205557;2023;STN/SICONFI;51193920.62;50811449.42;2361858.84;45337135.2;
2205565;2023;STN/SICONFI;71915173.67;71540989.69;8334311.22;62231675.3;
2205573;2023;STN/SICONFI;51471443.5;48217597.14;1165183.68;43014665.02;
2205581;2023;STN/SICONFI;30190187.26;30190187.26;1060034.16;28590005.74;
2205599;2023;STN/SICONFI;33035801.72;28635245.64;936635.29;27347925.55;
2205607;2023;STN/SICONFI;44448044.76;41809310.3;771736.77;37982150.23;
2205706;2023;STN/SICONFI;126716755.86;126065087.04;12666006.11;103237917.8;
2205805;2023;STN/SICONFI;118759882.38;115598158.62;5261961.65;108459463.72;
2205854;2023;STN/SICONFI;43968196.79;43190696.79;1235871.33;41588146.95;
2205904;2023;STN/SICONFI;28836905.44;28783817.97;373357.19;28118244.02;
2205953;2023;STN/SICONFI;58448477.42;55730984.49;4008963.84;51052689.21;
2206001;2023;STN/SICONFI;28272481.67;27712666.78;670388.66;26826014.66;
2206050;2023;STN/SICONFI;34328776.04;30802440.96;521162.48;29669669.85;
2206100;2023;STN/SICONFI;52709392.61;50507300.18;772753.65;46460222.29;
2206209;2023;STN/SICONFI;156477214.74;151561025.74;9024676.7;139904445.32;
2206308;2023;STN/SICONFI;21047808.1;21047808.1;252180.55;20488831.87;
2206357;2023;STN/SICONFI;31902827.1;29927287.06;926407.24;28600801.06;
2206407;2023;STN/SICONFI;48135612.71;47635612.71;2148010.34;44730218.85;
2206506;2023;STN/SICONFI;41048584.24;39165732.5;1364953.6;36708945.4;
2206605;2023;STN/SICONFI;68064723.22;65309511.98;3699340.54;61143111.21;
2206654;2023;STN/SICONFI;42484826.75;38814352.35;881731.65;37095657.14;
2206670;2023;STN/SICONFI;34108918.98;33400418.98;1011232.31;31687129.48;
2206696;2023;STN/SICONFI;44947622.01;43554817.01;2014129.16;37110487.19;
2206704;2023;STN/SICONFI;31829760.18;31795860.18;1226211.19;30400595.5;
2206720;2023;STN/SICONFI;46111315.9;45851214.55;921299.46;42779595.62;
2206753;2023;STN/SICONFI;43216775.56;41180114.27;1534581.49;38899740.02;
2206803;2023;STN/SICONFI;67678999.18;65085618.99;1383815.37;62954192.51;
2206902;2023;STN/SICONFI;30699362.36;30030862.36;998594.49;27163818.35;
2206951;2023;STN/SICONFI;28086134.47;25722474.91;873421.61;24524773.82;
2207009;2023;STN/SICONFI;164283499.11;154562295.24;9290372.98;133101418.94;
2207108;2023;STN/SICONFI;23363224.73;23363224.73;312418.69;22996041.53;
2207207;2023;STN/SICONFI;40577373.77;39453753.92;1567414.25;35598354.87;
2207306;2023;STN/SICONFI;30668647.02;28887387.02;942630.5;27603166.04;
2207355;2023;STN/SICONFI;29534799.9;25433144.55;737978.07;24210990.51;
2207405;2023;STN/SICONFI;31953898.7;31533178.76;1822678.12;28972040.15;
2207504;2023;STN/SICONFI;74577328.32;72519676.88;3191523.46;68666514.38;
2207553;2023;STN/SICONFI;36419122.96;33631122.96;431872.06;32806716.65;
2207603;2023;STN/SICONFI;49746581.07;49040740.07;2447174.65;46302112.58;
2207702;2023;STN/SICONFI;652196819.03;618320124.89;71641839.89;487717571.84;
2207751;2023;STN/SICONFI;35479070.94;34544619.45;834940.78;32393698.56;
2207777;2023;STN/SICONFI;29642314.02;28992289.42;730399.44;27851642.5;
2207793;2023;STN/SICONFI;27378622.74;25303722.74;128949.95;24818512.77;
2207801;2023;STN/SICONFI;103121772.14;102049549.22;5397741.74;89912334.06;
2207850;2023;STN/SICONFI;24996431.76;24820553.76;263988.78;24005841.54;
2207900;2023;STN/SICONFI;152227004.61;149084584.65;7229381.44;124584355.06;
2207934;2023;STN/SICONFI;24097431.11;23070817.88;401045.63;22462921.72;
2207959;2023;STN/SICONFI;25803602.21;24519702.21;591788.07;23630542.08;
2208007;2023;STN/SICONFI;331577383.93;321349012.91;32062475.05;257712690.88;
2208106;2023;STN/SICONFI;57586618.87;45833991.63;561244.4;42360295.36;
2208205;2023;STN/SICONFI;74130688.24;71864793.82;2575862.2;67812014.98;
2208304;2023;STN/SICONFI;108152368.33;108112368.33;8138840.2;97260601.15;
2208403;2023;STN/SICONFI;269406875.01;264862352.56;15298729.48;217095717.31;
2208502;2023;STN/SICONFI;65613948.73;64291548.73;2463137.42;60811730.43;
2208551;2023;STN/SICONFI;28899507.73;23287335.73;631584.36;22057438.61;
2208601;2023;STN/SICONFI;24807496.75;24325096.75;819020.95;23271231.88;
2208650;2023;STN/SICONFI;47265539.36;43652846.18;2592693.92;40289389.49;
2208700;2023;STN/SICONFI;52809362.21;51341536.21;2181106.67;44193947.55;
2208809;2023;STN/SICONFI;86569629.06;84470619.72;4147302.6;74379884.3;
2208858;2023;STN/SICONFI;40252431.95;38522383.15;1581403.78;36597024.48;
2208874;2023;STN/SICONFI;39206637.7;39206637.7;2642160.05;35970174.99;
2208908;2023;STN/SICONFI;74851881.86;72784474.74;6573923.54;65722556.69;
2209005;2023;STN/SICONFI;33911667.61;33185248.63;1959895.35;30661577.27;
2209104;2023;STN/SICONFI;35086727.2;31564376.29;640198.43;30528976.22;
2209153;2023;STN/SICONFI;27911555.95;27625055.95;808774.26;26479663.95;
2209203;2023;STN/SICONFI;54160962.58;52855716.2;2906111.33;48341761.29;
2209302;2023;STN/SICONFI;31011532.25;30911212.25;950837.37;29695245.6;
2209351;2023;STN/SICONFI;29409190.0;27327220.0;774043.82;25593571.27;
2209377;2023;STN/SICONFI;31656344.42;28656344.42;913150.78;27097146.39;
2209401;2023;STN/SICONFI;34313624.06;31886746.31;455892.01;31020815.25;
2209450;2023;STN/SICONFI;24277591.39;24038735.39;673243.19;22599174.17;
2209500;2023;STN/SICONFI;27723192.09;27661118.1;705178.56;24637151.96;
2209559;2023;STN/SICONFI;30733646.11;29074609.14;996445.33;26066284.45;
2209609;2023;STN/SICONFI;29287637.53;26178049.3;329263.46;25741212.95;
2209658;2023;STN/SICONFI;27876336.87;27576336.87;170018.12;27406241.37;
2209708;2023;STN/SICONFI;36533660.14;36533660.14;1311538.12;31396292.22;
2209757;2023;STN/SICONFI;40933891.63;39211663.1;7023823.7;31678458.92;
2209807;2023;STN/SICONFI;29406737.69;28706737.69;979862.62;26214768.92;
2209856;2023;STN/SICONFI;33517355.38;32579360.91;1011846.47;31081493.22;
2209872;2023;STN/SICONFI;31613948.11;30810692.84;712470.61;29612024.48;
2209906;2023;STN/SICONFI;29587436.5;29373436.5;1481740.13;27442112.91;
2209955;2023;STN/SICONFI;30019852.34;25589786.98;600423.91;24423063.54;
2209971;2023;STN/SICONFI;54636920.71;54141179.31;1841892.48;51298698.38;
2210003;2023;STN/SICONFI;110561342.71;98764124.47;8184545.74;82645548.87;
2210052;2023;STN/SICONFI;30927471.11;28593385.89;895698.64;27057727.3;
2210102;2023;STN/SICONFI;25791371.06;25654465.33;858123.57;24412396.79;
2210201;2023;STN/SICONFI;31323858.7;29700747.87;552557.13;27584699.63;
2210300;2023;STN/SICONFI;29211502.93;28329102.93;529947.3;26147197.68;
2210359;2023;STN/SICONFI;29121102.54;28471176.82;452495.99;27833202.41;
2210375;2023;STN/SICONFI;22662362.51;20682375.0;451379.96;20072922.36;
2210383;2023;STN/SICONFI;20023836.58;19823836.58;263760.15;19335921.08;
2210391;2023;STN/SICONFI;24494955.55;24469955.55;1180150.04;22971926.75;
2210409;2023;STN/SICONFI;92354733.77;87603819.97;3021579.26;83243933.96;
2210508;2023;STN/SICONFI;70203161.78;67868952.33;3105472.33;62915017.89;
2210607;2023;STN/SICONFI;163787841.41;162725544.0;8675812.99;148504457.92;
2210623;2023;STN/SICONFI;32601608.48;30335872.53;1225341.11;27347948.24;
2210631;2023;STN/SICONFI;43002744.15;42206967.59;3487735.11;37770808.7;
2210656;2023;STN/SICONFI;40599222.29;38763415.18;2332975.85;33603825.74;
2210706;2023;STN/SICONFI;94726946.05;94276946.05;17218471.4;76326033.34;
2210805;2023;STN/SICONFI;71832196.63;66672231.63;3307631.96;60960071.31;
2210904;2023;STN/SICONFI;34980984.89;31748795.79;1177899.55;30145857.46;
2210938;2023;STN/SICONFI;32969026.36;30643199.41;490546.4;29569725.92;
2210953;2023;STN/SICONFI;27371029.57;24999420.85;686503.66;23731452.88;
2210979;2023;STN/SICONFI;26972670.05;23371698.13;789783.01;22075269.22;
2211001;2023;STN/SICONFI;4686028824.68;4439708157.72;891997174.87;2942714540.19;
2211100;2023;STN/SICONFI;215368268.71;211244858.28;12905957.7;182940925.31;
2211209;2023;STN/SICONFI;233155824.38;219944074.39;16461869.35;194872353.63;
2211308;2023;STN/SICONFI;94035352.88;91180968.51;6311334.43;72881672.83;
2211357;2023;STN/SICONFI;33156846.76;31912300.76;1036636.79;30563754.7;
2211407;2023;STN/SICONFI;29766984.07;26481620.05;635736.69;25495365.25;
2211506;2023;STN/SICONFI;26193916.96;25737141.96;788797.52;23001480.92;
2211605;2023;STN/SICONFI;27039949.91;25299034.11;763417.1;21382983.55;
2211704;2023;STN/SICONFI;47281107.13;38981149.08;1502586.86;36813096.42;
2300101;2023;STN/SICONFI;59768531.11;57335837.53;6581013.33;50067202.39;
2300150;2023;STN/SICONFI;71665247.15;71412951.74;3824601.41;64351297.18;
2300200;2023;STN/SICONFI;315118554.15;279733302.1;21250735.33;255999506.1;
2300309;2023;STN/SICONFI;190923127.56;190114712.6;8832363.86;157005655.32;
2300408;2023;STN/SICONFI;83290889.96;80533073.79;3277256.11;69772525.65;
2300507;2023;STN/SICONFI;61226904.05;57925332.17;1554612.03;55772916.34;
2300606;2023;STN/SICONFI;51295134.13;49926855.08;2072422.94;46737281.67;
2300705;2023;STN/SICONFI;88684025.22;86509713.22;2828918.54;79543568.06;
2300754;2023;STN/SICONFI;216663029.68;207904718.33;13046110.66;171776087.84;
2300804;2023;STN/SICONFI;48518444.83;47659224.65;610749.47;44123684.43;
2300903;2023;STN/SICONFI;63217066.72;62685560.82;2068867.42;60007326.45;
2301000;2023;STN/SICONFI;474620527.45;460185105.63;128083942.92;309660834.65;
2301109;2023;STN/SICONFI;356146820.29;344161334.46;39802466.32;273616449.56;
2301208;2023;STN/SICONFI;154393497.68;152346060.82;6777622.94;136237271.48;
2301257;2023;STN/SICONFI;74501593.65;73654337.41;1787336.66;69713495.87;
2301307;2023;STN/SICONFI;113855494.96;111159152.88;4156103.64;95426240.53;
2301406;2023;STN/SICONFI;71961433.53;66029007.53;1561200.65;61495599.16;
2301505;2023;STN/SICONFI;43490555.85;41384360.64;864174.45;38906698.38;
2301604;2023;STN/SICONFI;127001198.25;100959877.81;4357917.87;94275759.71;
2301703;2023;STN/SICONFI;93646799.29;92834703.29;3696232.74;87466786.97;
2301802;2023;STN/SICONFI;38992650.64;37939900.64;1132132.78;36360782.24;
2301851;2023;STN/SICONFI;106404075.78;99256909.39;4944661.47;89772384.44;
2301901;2023;STN/SICONFI;467607661.69;450199034.55;25070093.35;403917826.44;
2301950;2023;STN/SICONFI;100875197.45;98950197.45;3346534.67;94852131.29;
2302008;2023;STN/SICONFI;78913510.19;78832392.89;3965322.49;72846402.37;
2302057;2023;STN/SICONFI;79538798.31;76599351.72;2720753.57;72212431.17;
2302107;2023;STN/SICONFI;173038242.64;171820753.23;11094094.32;151987679.11;
2302206;2023;STN/SICONFI;226860613.06;222471711.45;20699678.23;179678178.33;
2302305;2023;STN/SICONFI;121269558.67;119145255.74;4702324.4;113529792.56;
2302404;2023;STN/SICONFI;307842133.33;256935988.55;12063331.64;212318948.37;
2302503;2023;STN/SICONFI;291536146.51;283875447.71;18632474.14;257781135.33;
2302602;2023;STN/SICONFI;248331971.44;241580713.22;12936706.07;214004065.35;
2302701;2023;STN/SICONFI;105241967.82;103976130.86;4654473.63;98866874.09;
2302800;2023;STN/SICONFI;352471914.81;349312271.86;22062390.37;286228158.42;
2302909;2023;STN/SICONFI;86469972.68;86270160.68;3066994.86;73348524.31;
2303006;2023;STN/SICONFI;111754603.95;110325836.1;5037664.51;99384764.48;
2303105;2023;STN/SICONFI;113508015.1;98525962.22;3014543.46;93402430.31;
2303204;2023;STN/SICONFI;134850572.61;128974147.61;3792625.17;107037453.52;
2303303;2023;STN/SICONFI;89177762.83;83669810.21;2750906.29;76157170.58;
2303402;2023;STN/SICONFI;88170891.25;86313985.04;3246252.04;82064237.65;
2303501;2023;STN/SICONFI;331518637.01;326294122.21;20266031.79;267019280.57;
2303600;2023;STN/SICONFI;69477458.24;69057458.24;2493344.06;64848969.76;
2303659;2023;STN/SICONFI;67472151.88;65954402.23;3004457.0;62626010.58;
2303709;2023;STN/SICONFI;1398090524.33;1317783088.96;197544134.64;1013588892.47;
2303808;2023;STN/SICONFI;103360315.55;101831273.55;5863419.73;92361666.27;
2303907;2023;STN/SICONFI;63723402.2;61880140.25;1940220.64;59032721.77;
2303931;2023;STN/SICONFI;79643630.16;76047560.47;2569080.75;70310224.34;
2303956;2023;STN/SICONFI;120349351.12;105108409.54;5699629.82;90017117.41;
2304004;2023;STN/SICONFI;120570448.9;115070028.93;2783885.45;110540582.0;
2304103;2023;STN/SICONFI;317400053.3;307872516.64;25977113.82;267772990.86;
2304202;2023;STN/SICONFI;555840172.18;525527620.33;56298489.69;424853868.28;
2304236;2023;STN/SICONFI;104754008.38;96800563.38;2591437.02;92191847.23;
2304251;2023;STN/SICONFI;156113493.55;146810379.05;11457321.51;122998142.44;
2304269;2023;STN/SICONFI;57505144.94;52436799.79;1416510.42;48900212.52;
2304277;2023;STN/SICONFI;42094100.14;41670509.34;541445.34;40328724.08;
2304285;2023;STN/SICONFI;622870587.9;578053757.64;190244407.51;319803540.74;
2304301;2023;STN/SICONFI;101013369.22;97355484.42;4174547.34;90737166.2;
2304350;2023;STN/SICONFI;115705676.78;110579246.06;3312972.01;105063215.39;
2304400;2023;STN/SICONFI;12673913825.45;11199005000.95;3263911392.63;6548902321.79;
2304459;2023;STN/SICONFI;102287350.51;96077688.61;12156268.36;73380191.57;
2304509;2023;STN/SICONFI;88314692.44;87114344.44;2559744.42;82738255.96;
2304608;2023;STN/SICONFI;57059712.43;53509605.33;1587101.97;49700062.1;
2304657;2023;STN/SICONFI;83152733.1;81992714.1;2973435.29;77442837.0;
2304707;2023;STN/SICONFI;266622515.71;221907762.69;9652173.37;201679390.66;
2304806;2023;STN/SICONFI;42570249.58;39794736.46;762960.6;38151852.72;
2304905;2023;STN/SICONFI;70162292.44;60488717.03;2846350.37;56548537.39;
2304954;2023;STN/SICONFI;111652508.0;107447578.13;5710674.23;97647343.18;
2305001;2023;STN/SICONFI;185589111.54;172151975.92;8948324.55;156109520.45;
2305100;2023;STN/SICONFI;55132640.03;50873045.31;5670437.43;39314024.24;
2305209;2023;STN/SICONFI;86042817.79;81823654.58;2414925.84;77833040.85;
2305233;2023;STN/SICONFI;437392229.05;386259953.46;48586711.61;281841166.36;
2305266;2023;STN/SICONFI;67272937.29;67222937.29;2562542.65;63861393.85;
2305308;2023;STN/SICONFI;121491923.44;118289674.1;5037470.51;109827678.87;
2305332;2023;STN/SICONFI;89464410.6;75719084.27;1930661.85;67646865.29;
2305357;2023;STN/SICONFI;140570820.8;133800332.98;11721993.42;107802821.4;
2305407;2023;STN/SICONFI;278334036.49;267638640.88;13561470.13;235312353.93;
2305506;2023;STN/SICONFI;441099828.79;410177145.0;52573474.77;322665584.92;
2305605;2023;STN/SICONFI;101250414.12;99014233.03;3964041.62;92956069.65;
2305654;2023;STN/SICONFI;65002441.51;64563441.01;1013220.95;62427762.97;
2305704;2023;STN/SICONFI;59362381.56;59163831.56;2478677.01;55751877.21;
2305803;2023;STN/SICONFI;200779083.0;195189405.0;5257120.0;175368149.0;
2305902;2023;STN/SICONFI;167866879.48;167269790.43;4771986.0;145347651.84;
2306009;2023;STN/SICONFI;78137298.38;75807576.29;3708458.79;69861372.65;
2306108;2023;STN/SICONFI;136756770.98;128408774.59;5702079.89;105974673.79;
2306207;2023;STN/SICONFI;43255779.26;43213858.14;1389635.45;40714843.98;
2306256;2023;STN/SICONFI;281428167.13;276201414.56;38752041.59;206865575.98;
2306306;2023;STN/SICONFI;205110765.57;201803525.02;9160438.41;166355744.87;
2306405;2023;STN/SICONFI;698085995.2;645546591.67;41777573.73;515554081.2;
2306504;2023;STN/SICONFI;91449241.3;89404389.3;3519984.25;80691729.06;
2306553;2023;STN/SICONFI;244170338.47;207580125.36;13402609.94;158308838.46;
2306603;2023;STN/SICONFI;149709334.02;148218902.5;5500925.13;140340042.53;
2306702;2023;STN/SICONFI;106991917.16;100630000.05;14341210.84;83900190.56;
2306801;2023;STN/SICONFI;74383604.63;69771133.27;2613791.46;65300797.78;
2306900;2023;STN/SICONFI;206180658.69;201102798.96;13740184.27;166702965.91;
2307007;2023;STN/SICONFI;140913845.9;137484404.06;6959268.75;122162035.19;
2307106;2023;STN/SICONFI;114595490.62;111626712.82;4768191.79;103621256.63;
2307205;2023;STN/SICONFI;46701543.84;46447896.68;1981128.66;43536536.57;
2307254;2023;STN/SICONFI;183857097.84;167564779.41;45972875.84;117603993.3;
2307304;2023;STN/SICONFI;976313944.48;960305959.61;160515698.93;650329469.66;
2307403;2023;STN/SICONFI;129279391.09;117680444.37;6350709.24;105996969.38;
2307502;2023;STN/SICONFI;124375825.67;121135316.37;4814181.11;113221687.22;
2307601;2023;STN/SICONFI;241056891.87;236730868.3;16872818.01;198205232.42;
2307635;2023;STN/SICONFI;94578780.38;90489491.93;4067398.36;84792087.09;
2307650;2023;STN/SICONFI;1380361382.71;1241212206.19;158930893.01;960903020.96;
2307700;2023;STN/SICONFI;399756588.17;391223300.99;32819415.46;322385977.78;
2307809;2023;STN/SICONFI;141656471.6;139308706.46;8553860.46;128574245.82;
2307908;2023;STN/SICONFI;69922008.62;63646958.64;1536409.95;59256161.14;
2308005;2023;STN/SICONFI;172814083.43;165003650.55;5035900.63;157264336.98;
2308104;2023;STN/SICONFI;189850547.82;187035031.12;11159138.65;172150219.4;
2308203;2023;STN/SICONFI;89332707.21;87603178.13;3120984.95;75955424.52;
2308302;2023;STN/SICONFI;131034496.47;129520842.52;4383959.2;104179805.97;
2308351;2023;STN/SICONFI;79597032.69;73440609.52;2925857.76;67908904.87;
2308377;2023;STN/SICONFI;70279402.12;65234455.86;1376791.71;62877962.06;
2308401;2023;STN/SICONFI;148483348.31;147907909.41;7181039.79;137013442.52;
2308500;2023;STN/SICONFI;181894412.72;178565604.79;6629837.46;157574443.39;
2308609;2023;STN/SICONFI;110826486.35;110796492.35;3487262.21;105830875.85;
2308708;2023;STN/SICONFI;271904432.36;269116749.61;15221745.06;218948618.27;
2308807;2023;STN/SICONFI;49355921.98;44520429.22;1168308.47;41856650.79;
2308906;2023;STN/SICONFI;97571599.71;95560920.69;2452487.08;90266847.98;
2309003;2023;STN/SICONFI;82028663.62;79723509.1;2256731.57;75343720.21;
2309102;2023;STN/SICONFI;59584845.28;56712233.94;1976284.73;52132735.53;
2309201;2023;STN/SICONFI;85304063.17;83632641.02;2773697.51;68744447.22;
2309300;2023;STN/SICONFI;201398812.37;164158468.43;7359012.72;145082433.07;
2309409;2023;STN/SICONFI;178948964.73;132765448.53;3706983.17;124506961.42;
2309458;2023;STN/SICONFI;119041248.55;116632026.67;4261286.22;98051302.66;
2309508;2023;STN/SICONFI;100547347.64;95700139.57;6358296.33;87614372.98;
2309607;2023;STN/SICONFI;271337890.05;264634645.73;25610122.7;220321754.4;
2309706;2023;STN/SICONFI;294691906.75;292224624.08;27526628.98;249011977.63;
2309805;2023;STN/SICONFI;67652712.28;67116452.0;2587603.92;56422187.03;
2309904;2023;STN/SICONFI;52624329.52;50846832.52;1340772.22;48531588.23;
2310001;2023;STN/SICONFI;51130882.97;47822410.69;2043876.57;43202535.62;
2310100;2023;STN/SICONFI;62495019.02;61887930.52;2627282.85;52698682.98;
2310209;2023;STN/SICONFI;169499750.73;167423810.71;12458655.58;150341245.74;
2310258;2023;STN/SICONFI;184231233.22;158999558.68;10995420.02;132178133.87;
2310308;2023;STN/SICONFI;158282562.47;129024896.1;3691586.05;116715262.49;
2310407;2023;STN/SICONFI;57232127.86;56644922.54;1308868.3;53666533.01;
2310506;2023;STN/SICONFI;188919397.3;170389278.51;5958448.22;155691577.1;
2310605;2023;STN/SICONFI;50105031.12;48849122.12;2537721.15;45701907.64;
2310704;2023;STN/SICONFI;172534928.76;163285246.73;6999723.71;152491329.38;
2310803;2023;STN/SICONFI;98518865.08;93798444.74;4097268.95;85705640.14;
2310852;2023;STN/SICONFI;105261129.07;102247631.49;4998809.67;94462691.06;
2310902;2023;STN/SICONFI;87581370.82;81655926.03;2636635.43;77338085.46;
2310951;2023;STN/SICONFI;55804044.57;53471185.16;972695.27;51883956.69;
2311009;2023;STN/SICONFI;66869889.98;65350762.98;376572.83;57971952.99;
2311108;2023;STN/SICONFI;90837627.22;83856258.68;3949894.2;77375311.62;
2311207;2023;STN/SICONFI;47605580.63;46580012.46;1069282.4;45134455.61;
2311231;2023;STN/SICONFI;49537743.3;47179707.85;965270.07;45868479.16;
2311264;2023;STN/SICONFI;151641468.44;128396100.22;4480883.95;105685297.67;
2311306;2023;STN/SICONFI;344064928.86;339881658.35;28385602.27;284408479.73;
2311355;2023;STN/SICONFI;97221452.61;83480273.52;3141057.83;77127578.68;
2311405;2023;STN/SICONFI;345917798.02;338875266.75;20103440.25;286565733.98;
2311504;2023;STN/SICONFI;111481580.26;108575379.58;8325074.88;96840488.66;
2311603;2023;STN/SICONFI;138299718.6;136545902.91;7118185.93;119547971.25;
2311702;2023;STN/SICONFI;98902637.66;95117991.85;4649554.09;88662115.74;
2311801;2023;STN/SICONFI;322448638.86;309181812.31;21434469.71;270074128.55;
2311900;2023;STN/SICONFI;86738575.19;80705614.82;2364591.79;71795866.82;
2311959;2023;STN/SICONFI;87840144.33;86672387.3;2522129.67;83154241.44;
2312007;2023;STN/SICONFI;119878692.31;111865014.59;2675030.38;105796217.32;
2312106;2023;STN/SICONFI;85168059.63;83404273.63;3117951.24;72577656.45;
2312205;2023;STN/SICONFI;186800790.07;181112532.99;7750998.73;152541960.45;
2312304;2023;STN/SICONFI;198286227.8;187398622.43;7228887.09;173781868.37;
2312403;2023;STN/SICONFI;630691922.67;577747120.09;132564201.63;402322179.89;
2312502;2023;STN/SICONFI;40645982.97;40347991.04;1290490.37;37389155.85;
2312601;2023;STN/SICONFI;51783886.98;50302426.98;1615153.57;47038242.85;
2312700;2023;STN/SICONFI;113346378.89;108351410.7;4740811.46;98437249.15;
2312809;2023;STN/SICONFI;53144987.82;52694987.82;966302.11;50060349.34;
2312908;2023;STN/SICONFI;1193613886.2;1118717028.09;135686184.2;868545241.34;
2313005;2023;STN/SICONFI;134053434.71;124288971.85;3969454.68;104678563.51;
2313104;2023;STN/SICONFI;129280488.73;120194848.97;7305500.32;109416877.69;
2313203;2023;STN/SICONFI;141922121.13;123973851.25;5410457.55;115485015.28;
2313252;2023;STN/SICONFI;42358029.33;41960773.33;317430.06;41379828.07;
2313302;2023;STN/SICONFI;426678399.96;319263345.6;22923398.6;267675600.7;
2313351;2023;STN/SICONFI;118160184.92;117001698.14;3634202.82;97996102.93;
2313401;2023;STN/SICONFI;369604561.75;348445716.05;24567419.83;311745119.46;
2313500;2023;STN/SICONFI;256908426.49;251758532.74;24916147.95;221698943.67;
2313559;2023;STN/SICONFI;72333510.86;72148065.86;1782978.96;69764609.48;
2313609;2023;STN/SICONFI;165361110.71;156611110.71;7179922.33;144982886.63;
2313708;2023;STN/SICONFI;41881185.88;41301007.17;1783965.11;37840995.23;
2313757;2023;STN/SICONFI;83712966.14;83443406.63;2719308.35;79605100.16;
2313807;2023;STN/SICONFI;105758531.74;103223252.19;2904082.76;96801000.73;
2313906;2023;STN/SICONFI;98768102.62;85546599.34;3019689.33;80254276.71;
2313955;2023;STN/SICONFI;116191277.3;115066146.84;3613895.93;109333311.73;
2314003;2023;STN/SICONFI;162255520.03;153698361.98;6803673.33;141357946.35;
2314102;2023;STN/SICONFI;267190391.28;262369715.67;10612074.39;208673851.97;
2400109;2023;STN/SICONFI;78138809.83;49398898.39;2181013.9;44202291.74;
2400208;2023;STN/SICONFI;267023956.5;241214911.51;37908094.37;194877642.77;
2400307;2023;STN/SICONFI;60614798.9;56147658.87;1752689.65;53764148.58;
2400406;2023;STN/SICONFI;26929326.24;26317908.23;322727.05;25799902.47;
2400505;2023;STN/SICONFI;87307786.07;85991053.82;4541339.12;70384469.31;
2400604;2023;STN/SICONFI;41541538.66;38406170.24;825106.34;37182488.05;
2400703;2023;STN/SICONFI;131805234.63;128359611.16;12738888.59;112429934.58;
2400802;2023;STN/SICONFI;57399892.99;56525788.05;5503514.1;49561791.12;
2400901;2023;STN/SICONFI;31319225.28;31319225.28;505790.4;30740764.64;
2401008;2023;STN/SICONFI;139562530.38;136535593.56;8086616.07;123944345.02;
2401107;2023;STN/SICONFI;152453337.44;151325073.2;15532103.44;129682942.29;
2401206;2023;STN/SICONFI;74253707.61;73596210.47;2721044.31;68674186.12;
2401305;2023;STN/SICONFI;39566073.09;37082802.8;1515412.7;34940154.24;
2401404;2023;STN/SICONFI;48296142.1;46927233.15;2288583.41;43325834.61;
2401453;2023;STN/SICONFI;143789006.13;143089006.13;9947658.67;129067256.77;
2401503;2023;STN/SICONFI;31273589.77;29752509.26;570130.09;28873240.86;
2401602;2023;STN/SICONFI;33324143.16;31200331.16;489022.56;30104107.64;
2401651;2023;STN/SICONFI;36206737.23;36206737.23;3005672.02;33024687.4;
2401701;2023;STN/SICONFI;54466403.72;51354642.62;2943191.21;45913300.4;
2401800;2023;STN/SICONFI;51834307.2;49747536.96;1921035.35;46791980.22;
2401859;2023;STN/SICONFI;33795712.84;32431697.77;1554835.27;29793165.36;
2401909;2023;STN/SICONFI;31829475.55;30842065.55;3287455.91;26875356.06;
2402006;2023;STN/SICONFI;234960908.29;221289180.3;37704937.75;179322814.17;
2402105;2023;STN/SICONFI;56009447.35;55125265.67;788282.83;49250128.41;
2402204;2023;STN/SICONFI;147443788.07;145489642.51;7067923.67;117903780.35;
2402303;2023;STN/SICONFI;111493664.2;101291401.17;5614611.86;93476804.13;
2402402;2023;STN/SICONFI;40570878.42;37472022.42;1545452.66;34897461.23;
2402501;2023;STN/SICONFI;72215697.63;65170405.25;2457015.95;61732838.88;
2402600;2023;STN/SICONFI;298450458.61;294059205.03;26230892.06;220099645.16;
2402709;2023;STN/SICONFI;52236826.6;50466459.67;3677107.07;46066443.29;
2402808;2023;STN/SICONFI;30910734.01;30910734.01;774708.82;29718606.78;
2402907;2023;STN/SICONFI;33622828.02;32764613.27;1021270.39;29634649.33;
2403004;2023;STN/SICONFI;48973481.63;48863967.98;1795293.74;41798490.33;
2403103;2023;STN/SICONFI;158226108.47;158007179.15;14929953.75;136332151.73;
2403202;2023;STN/SICONFI;52171014.63;49641957.2;1464985.33;37652740.48;
2403251;2023;STN/SICONFI;906843634.21;836969380.61;207486215.04;583077365.18;
2403301;2023;STN/SICONFI;36541675.41;36517120.27;437801.03;32349760.94;
2403400;2023;STN/SICONFI;35307022.47;33611449.65;1254629.23;31829237.58;
2403509;2023;STN/SICONFI;47932461.69;47514750.4;2908772.49;42483398.71;
2403608;2023;STN/SICONFI;199939978.99;192917127.54;29132758.41;134032711.45;
2403707;2023;STN/SICONFI;57596787.22;56420840.86;2576926.2;52897785.85;
2403756;2023;STN/SICONFI;33118827.32;32218719.58;7584653.6;24431385.62;
2403806;2023;STN/SICONFI;40155472.65;38897602.11;1195577.69;37228450.73;
2403905;2023;STN/SICONFI;24363351.84;23086484.62;135648.2;22760576.49;
2404002;2023;STN/SICONFI;27802507.75;27705804.79;580709.53;27125095.26;
2404101;2023;STN/SICONFI;45051203.93;43874783.57;1959295.63;41708596.75;
2404200;2023;STN/SICONFI;152024500.74;147171531.14;11839024.96;123155787.94;
2404309;2023;STN/SICONFI;80269495.62;78952326.0;3243561.86;74732710.62;
2404408;2023;STN/SICONFI;62107565.87;61363360.87;1646720.23;58334615.13;
2404507;2023;STN/SICONFI;287112207.04;286674611.04;41313788.81;239505884.36;
2404606;2023;STN/SICONFI;70133438.94;69715045.75;1695329.14;67385355.94;
2404705;2023;STN/SICONFI;64380855.59;64380855.59;2605091.87;60763337.72;
2404804;2023;STN/SICONFI;26262732.02;24975661.65;756289.94;23789548.31;
2404853;2023;STN/SICONFI;48143827.38;38383779.41;1778221.71;35801373.49;
2404903;2023;STN/SICONFI;35541608.91;34364451.16;1245830.03;29612331.84;
2405009;2023;STN/SICONFI;36367490.93;36022708.8;722111.88;34809859.2;
2405108;2023;STN/SICONFI;55621257.33;55476373.02;9293425.34;44834233.3;
2405207;2023;STN/SICONFI;33866813.67;33071113.67;695552.42;31658500.32;
2405306;2023;STN/SICONFI;48829467.94;47235775.15;1622316.08;42819113.91;
2405405;2023;STN/SICONFI;31554767.86;30594016.51;672117.62;29681848.08;
2405504;2023;STN/SICONFI;28651165.23;27732319.25;922100.59;26502988.69;
2405603;2023;STN/SICONFI;67027424.4;66827424.4;2953966.26;62556072.16;
2405702;2023;STN/SICONFI;50895573.01;49002423.76;2154646.44;41594494.45;
2405801;2023;STN/SICONFI;161266730.53;161028942.53;15947112.24;139652074.72;
2405900;2023;STN/SICONFI;23471197.91;23445820.8;196408.72;22814220.19;
2406007;2023;STN/SICONFI;36094453.86;35664434.12;1017141.91;33033209.75;
2406106;2023;STN/SICONFI;86357471.79;85307878.67;5478815.95;69536279.7;
2406155;2023;STN/SICONFI;29214281.88;27729973.36;836539.16;26597692.88;
2406205;2023;STN/SICONFI;36050854.71;33903832.26;989951.85;32175867.11;
2406304;2023;STN/SICONFI;36208460.52;35633848.52;1410059.92;33450014.52;
2406403;2023;STN/SICONFI;30792330.61;28847018.91;425008.52;27793981.03;
2406502;2023;STN/SICONFI;79392603.05;77195696.07;6421641.89;69513168.21;
2406601;2023;STN/SICONFI;40283668.86;40283668.86;1609312.18;38039840.08;
2406700;2023;STN/SICONFI;80764518.07;78027778.61;28115751.22;46177883.46;
2406809;2023;STN/SICONFI;38745038.67;38334251.04;1754952.96;35046669.72;
2406908;2023;STN/SICONFI;28575234.81;27225087.87;846691.21;25841094.0;
2407005;2023;STN/SICONFI;48641134.71;47746192.94;2089212.32;44298637.78;
2407104;2023;STN/SICONFI;351960323.31;333197212.51;41306380.11;233833969.01;
2407203;2023;STN/SICONFI;165140181.36;164740181.36;17872225.6;138496785.63;
2407252;2023;STN/SICONFI;32961234.61;32354034.61;1225737.45;30596178.49;
2407302;2023;STN/SICONFI;33720855.81;32653514.81;895724.96;31104043.37;
2407401;2023;STN/SICONFI;40968833.67;37658069.23;2095396.6;34021110.45;
2407500;2023;STN/SICONFI;58624881.24;54297781.7;2842769.49;47021488.31;
2407609;2023;STN/SICONFI;33931481.39;30269072.64;970635.83;26956744.6;
2407708;2023;STN/SICONFI;49929122.48;48806619.99;1680365.12;46029370.18;
2407807;2023;STN/SICONFI;112646623.76;111812401.11;4988393.43;97933531.18;
2407906;2023;STN/SICONFI;24743909.05;24562509.05;1332089.56;23226651.74;
2408003;2023;STN/SICONFI;1161427984.97;1116527961.06;242280267.4;767869166.23;
2408102;2023;STN/SICONFI;3975590995.2;3873244166.68;1154639474.36;2285275930.94;
2408201;2023;STN/SICONFI;136855021.2;135703360.3;15961293.89;114961667.85;
2408300;2023;STN/SICONFI;135232949.46;131662700.85;9329578.1;117636897.21;
2408409;2023;STN/SICONFI;30481853.83;30478964.01;978349.12;27147239.75;
2408508;2023;STN/SICONFI;33371472.51;33125752.51;1176289.91;27869317.34;
2408607;2023;STN/SICONFI;28977049.18;27976745.18;1004777.68;26685944.74;
2408706;2023;STN/SICONFI;26800984.36;26357106.36;710078.14;25334620.05;
2408805;2023;STN/SICONFI;64350692.15;61209365.77;5357556.6;53950875.88;
2408904;2023;STN/SICONFI;91896131.93;84629415.97;10821039.02;71567747.78;
2408953;2023;STN/SICONFI;65505354.15;63733750.15;4805585.19;56111480.72;
2409100;2023;STN/SICONFI;64884897.0;62570862.27;1909255.88;54467783.53;
2409209;2023;STN/SICONFI;28861544.44;28622688.44;924676.92;27340118.28;
2409308;2023;STN/SICONFI;54909634.81;52350853.39;2355462.41;46868182.59;
2409332;2023;STN/SICONFI;32470974.11;30983507.13;946047.15;29290966.56;
2409407;2023;STN/SICONFI;133719953.49;130807443.97;14696079.94;112743271.54;
2409506;2023;STN/SICONFI;55453131.13;50290356.42;3351703.78;45467246.38;
2409605;2023;STN/SICONFI;29331542.7;28367185.9;1813400.39;26302222.57;
2409704;2023;STN/SICONFI;42560848.33;40886885.23;7815693.07;32343365.17;
2409803;2023;STN/SICONFI;68705956.0;68657336.88;1376307.4;66455739.87;
2409902;2023;STN/SICONFI;71667023.41;71567023.41;3806558.86;66916484.27;
2410009;2023;STN/SICONFI;25585683.49;25425038.72;554258.73;24460881.1;
2410108;2023;STN/SICONFI;56947586.22;53988441.22;1703080.1;51430025.73;
2410207;2023;STN/SICONFI;45178431.25;41973444.96;1848513.91;34898285.45;
2410256;2023;STN/SICONFI;;;;;
2410306;2023;STN/SICONFI;64203539.37;62646233.37;3206024.2;52894045.76;
2410405;2023;STN/SICONFI;43058579.99;42508727.99;1668428.64;40028013.55;
2410504;2023;STN/SICONFI;22487913.54;22487913.54;1842433.1;20638016.64;
2410603;2023;STN/SICONFI;30050026.2;29986639.74;806108.46;28988285.68;
2410702;2023;STN/SICONFI;32219066.64;31086476.95;992196.59;29813351.8;
2410801;2023;STN/SICONFI;27990345.27;27383345.27;527413.32;26627346.33;
2410900;2023;STN/SICONFI;45240423.22;44190423.22;2252400.72;37826228.01;
2411007;2023;STN/SICONFI;31610465.05;31390108.32;931080.06;28571949.98;
2411056;2023;STN/SICONFI;79114036.7;68614036.7;4983372.84;61647469.08;
2411106;2023;STN/SICONFI;31114422.77;29520450.09;991128.71;27847002.31;
2411205;2023;STN/SICONFI;141662842.62;137155545.91;9836502.58;115239972.63;
2411403;2023;STN/SICONFI;57889252.06;57223940.03;8102665.84;48073548.81;
2411429;2023;STN/SICONFI;27847965.37;26877980.7;1308557.5;24889434.36;
2411502;2023;STN/SICONFI;88882971.27;85948518.59;4748862.13;78941123.52;
2411601;2023;STN/SICONFI;56388981.85;56388981.85;5030136.03;51008095.12;
2411700;2023;STN/SICONFI;27934576.68;27319430.83;771886.66;26387589.01;
2411809;2023;STN/SICONFI;30615677.97;27780807.78;868118.01;26414918.34;
2411908;2023;STN/SICONFI;32019723.07;31830277.7;907277.49;29733128.25;
2412005;2023;STN/SICONFI;506883769.89;464596660.99;52384162.94;287713977.33;
2412104;2023;STN/SICONFI;33277846.15;31389033.47;1222698.84;29238925.06;
2412203;2023;STN/SICONFI;211866046.63;205757821.74;13799969.52;187533180.46;
2412302;2023;STN/SICONFI;64290686.83;64079711.55;3650792.82;59463460.54;
2412401;2023;STN/SICONFI;35395449.59;35245449.59;858103.28;30340641.44;
2412500;2023;STN/SICONFI;111836348.07;109684070.07;6708382.6;87816688.14;
2412559;2023;STN/SICONFI;84125452.13;80368606.53;12790862.75;65402079.89;
2412609;2023;STN/SICONFI;84865476.93;81208962.79;4113926.17;72874827.86;
2412708;2023;STN/SICONFI;32255673.09;32071157.85;707713.57;31218270.37;
2412807;2023;STN/SICONFI;35590641.22;33796177.43;1055218.36;32072413.76;
2412906;2023;STN/SICONFI;62581989.64;61555173.64;4778656.86;53241188.96;
2413003;2023;STN/SICONFI;40715575.64;40715575.64;2688203.06;31711352.0;
2413102;2023;STN/SICONFI;34447231.69;33846747.84;1652915.79;31840864.85;
2413201;2023;STN/SICONFI;32362202.04;31292012.24;2310989.51;28523137.39;
2413300;2023;STN/SICONFI;28987780.38;28962883.9;2470537.95;26363902.76;
2413359;2023;STN/SICONFI;120765612.67;118719853.85;15868433.82;100139578.08;
2413409;2023;STN/SICONFI;47983649.59;40781281.71;1836649.39;36679952.03;
2413508;2023;STN/SICONFI;36975262.74;36412465.61;1364007.95;34129699.94;
2413557;2023;STN/SICONFI;31329088.16;30651838.91;379191.99;30015901.83;
2413607;2023;STN/SICONFI;33960305.74;31796581.91;1431645.4;29721341.59;
2413706;2023;STN/SICONFI;34474182.51;32916754.06;1002810.31;31367415.67;
2413805;2023;STN/SICONFI;26360220.04;24986956.63;649773.68;23884920.74;
2413904;2023;STN/SICONFI;49164726.19;49084615.19;783849.34;46583455.91;
2414001;2023;STN/SICONFI;64017948.46;64007772.67;2913335.68;56539604.45;
2414100;2023;STN/SICONFI;57244519.99;54290355.78;1185281.79;49419432.67;
2414159;2023;STN/SICONFI;38192390.68;38041075.76;1581939.41;35926878.03;
2414209;2023;STN/SICONFI;95771862.1;91690912.5;23417147.63;65083266.53;
2414308;2023;STN/SICONFI;28446912.15;24951158.27;486020.29;23799336.12;
2414407;2023;STN/SICONFI;153918166.58;144303630.26;12330105.19;124302787.13;
2414456;2023;STN/SICONFI;28493640.34;27753578.47;235490.15;27137079.49;
2414506;2023;STN/SICONFI;42726527.06;42522247.21;1778098.6;40295642.49;
2414605;2023;STN/SICONFI;79464464.91;76156246.23;3902570.41;71032112.63;
2414704;2023;STN/SICONFI;29513232.93;29224558.18;196265.55;26955464.14;
2414753;2023;STN/SICONFI;31752580.76;30287565.9;662902.57;29233506.63;
2414803;2023;STN/SICONFI;65611931.24;62419245.74;3456660.38;53354929.43;
2414902;2023;STN/SICONFI;25425302.99;24638074.58;437394.36;23951617.94;
2415008;2023;STN/SICONFI;28522113.66;27115607.69;1207375.47;25495198.97;
2500106;2023;STN/SICONFI;56905656.59;55637622.65;1720645.3;50645334.41;
2500205;2023;STN/SICONFI;36726274.15;32900344.48;745280.35;31424355.01;
2500304;2023;STN/SICONFI;105519857.79;104031713.35;2863301.58;97362013.0;
2500403;2023;STN/SICONFI;105240492.25;98767306.75;3612230.65;89963545.8;
2500502;2023;STN/SICONFI;66977185.8;66778335.8;1156961.07;58639419.78;
2500536;2023;STN/SICONFI;40979518.29;35932170.77;1104542.45;34280625.25;
2500577;2023;STN/SICONFI;31040436.57;29962706.57;629725.66;25138380.21;
2500601;2023;STN/SICONFI;206696602.23;202966241.51;10185462.24;184632528.02;
2500700;2023;STN/SICONFI;111676060.81;102486622.5;5262090.16;94271410.41;
2500734;2023;STN/SICONFI;26901649.01;25168605.01;528772.79;24105826.81;
2500775;2023;STN/SICONFI;40696996.86;39111193.27;1235094.58;37514871.97;
2500809;2023;STN/SICONFI;79336523.25;77991057.39;2214069.53;74168497.8;
2500908;2023;STN/SICONFI;60818083.81;60818083.81;1745606.69;56152110.56;
2501005;2023;STN/SICONFI;87669712.74;87402312.74;3120143.31;82101140.18;
2501104;2023;STN/SICONFI;99666190.98;97090679.1;5440372.56;88392796.47;
2501153;2023;STN/SICONFI;26351822.32;25601822.32;611180.52;24401226.48;
2501203;2023;STN/SICONFI;36930328.42;36643022.42;2228396.48;33133522.37;
2501302;2023;STN/SICONFI;92802761.51;85921500.02;2727515.06;82316182.35;
2501351;2023;STN/SICONFI;35754082.21;33204281.55;2220038.79;30248914.03;
2501401;2023;STN/SICONFI;51579050.41;48649212.25;1370708.65;44648228.65;
2501500;2023;STN/SICONFI;103576066.42;97761551.74;8058018.14;83032877.05;
2501534;2023;STN/SICONFI;35204293.84;31795647.82;845375.51;30054691.37;
2501575;2023;STN/SICONFI;45018080.67;40137839.17;1367614.85;37885779.12;
2501609;2023;STN/SICONFI;71931645.78;68685106.89;3605379.21;59852873.95;
2501708;2023;STN/SICONFI;47519494.68;46042183.79;1149919.55;44216322.27;
2501807;2023;STN/SICONFI;288135992.9;285390345.62;30912646.1;232825171.3;
2501906;2023;STN/SICONFI;78484406.04;73571921.16;2006968.43;65703794.68;
2502003;2023;STN/SICONFI;42473190.48;38415854.09;1980311.52;34746021.96;
2502052;2023;STN/SICONFI;40462464.06;39829760.88;1310496.71;37690917.49;
2502102;2023;STN/SICONFI;32671337.87;30995996.14;618522.01;29847563.73;
2502151;2023;STN/SICONFI;55898399.98;54948600.98;1931432.8;45575321.92;
2502201;2023;STN/SICONFI;34897127.48;31782994.77;1152045.86;28940005.18;
2502300;2023;STN/SICONFI;37472715.92;32126855.92;999905.63;30332077.51;
2502409;2023;STN/SICONFI;54924626.09;52346920.32;1426642.15;47516939.48;
2502508;2023;STN/SICONFI;81320390.72;80085728.93;2771467.82;75529183.9;
2502607;2023;STN/SICONFI;34526018.15;31472048.75;811866.88;29729953.05;
2502706;2023;STN/SICONFI;29808938.35;29181086.66;728518.74;27984046.65;
2502805;2023;STN/SICONFI;86763470.13;81302879.38;4260300.85;69119790.11;
2502904;2023;STN/SICONFI;36499219.6;32804700.15;993647.8;31178319.87;
2503001;2023;STN/SICONFI;120798917.01;116980430.4;4662898.42;94416661.72;
2503100;2023;STN/SICONFI;45242686.84;40722729.34;2798183.43;35890609.82;
2503209;2023;STN/SICONFI;597061826.09;582783062.09;134297172.89;341454354.42;
2503308;2023;STN/SICONFI;52521883.52;51771663.5;6163740.68;42764365.19;
2503407;2023;STN/SICONFI;29661701.88;26600370.84;716886.04;25675699.6;
2503506;2023;STN/SICONFI;70690030.03;67762528.77;2442515.01;63263632.6;
2503555;2023;STN/SICONFI;54666944.88;46926718.53;1086463.89;39547557.19;
2503605;2023;STN/SICONFI;37403389.85;35891940.07;944778.72;34419585.08;
2503704;2023;STN/SICONFI;257622852.17;253351015.12;35147916.17;201962858.21;
2503753;2023;STN/SICONFI;30000108.41;28252918.68;897511.05;26864081.71;
2503803;2023;STN/SICONFI;47666398.88;45970333.8;1056794.02;41816581.69;
2503902;2023;STN/SICONFI;35270939.1;33976904.39;920146.01;32432050.12;
2504009;2023;STN/SICONFI;1621633904.18;1582480171.4;277942183.71;1154017753.04;
2504033;2023;STN/SICONFI;44690818.21;38961647.9;1115036.78;36212566.54;
2504074;2023;STN/SICONFI;28422916.92;27724505.66;827389.75;26087910.08;
2504108;2023;STN/SICONFI;29182279.77;28573316.01;949349.06;27431084.15;
2504157;2023;STN/SICONFI;36893889.99;35975261.32;1082618.77;34401774.13;
2504207;2023;STN/SICONFI;36388394.06;33163144.75;1123047.81;31321942.91;
2504306;2023;STN/SICONFI;122356970.05;118567112.25;9533036.85;105144255.6;
2504355;2023;STN/SICONFI;35259908.41;34366789.41;1153130.29;32638523.08;
2504405;2023;STN/SICONFI;83543891.49;81495657.83;3142580.75;76615321.05;
2504504;2023;STN/SICONFI;38997534.81;36712315.01;1054672.75;34576656.35;
2504603;2023;STN/SICONFI;198829229.48;193852941.4;25566222.59;151788405.99;
2504702;2023;STN/SICONFI;38222325.01;33992918.78;1018055.56;31863497.27;
2504801;2023;STN/SICONFI;63599633.49;61486371.81;2113108.08;57309542.58;
2504850;2023;STN/SICONFI;25812092.11;23565256.05;561869.74;22266827.07;
2504900;2023;STN/SICONFI;83005806.29;80950682.48;2631765.87;77767175.32;
2505006;2023;STN/SICONFI;43007927.36;39447589.12;1613175.07;37403066.37;
2505105;2023;STN/SICONFI;103592662.42;86353832.46;3778761.87;76395623.69;
2505204;2023;STN/SICONFI;43334709.48;42413632.48;1139916.65;37977741.53;
2505238;2023;STN/SICONFI;44189007.99;39247024.2;1926152.63;36446269.12;
2505279;2023;STN/SICONFI;45268148.79;43517099.93;2013889.33;40681350.14;
2505303;2023;STN/SICONFI;32647910.45;26388124.43;312378.3;25374271.71;
2505352;2023;STN/SICONFI;31766614.69;31020507.51;831456.21;29557191.9;
2505402;2023;STN/SICONFI;46619315.94;44550124.86;1508625.04;40481947.4;
2505501;2023;STN/SICONFI;31422944.16;27861083.89;831696.66;26438509.53;
2505600;2023;STN/SICONFI;35202706.15;32219131.79;739847.67;28853066.4;
2505709;2023;STN/SICONFI;66468140.31;62042093.59;3460032.54;53429920.43;
2505808;2023;STN/SICONFI;30515130.49;29255944.06;655573.29;27664957.11;
2505907;2023;STN/SICONFI;27995051.81;25774148.15;603893.76;24767526.96;
2506004;2023;STN/SICONFI;144665209.7;141259100.25;6848194.33;126697975.9;
2506103;2023;STN/SICONFI;47834237.91;46603955.53;1730576.06;44105664.37;
2506202;2023;STN/SICONFI;28531964.47;25985096.72;494195.91;23636518.82;
2506251;2023;STN/SICONFI;42168973.35;40912241.47;1144182.82;38942884.05;
2506301;2023;STN/SICONFI;219266252.62;215246799.45;20260621.31;164022948.54;
2506400;2023;STN/SICONFI;85928394.73;75307292.56;3218260.47;70076833.97;
2506509;2023;STN/SICONFI;29602159.17;28022999.43;716197.81;26893910.8;
2506608;2023;STN/SICONFI;30463100.0;29093415.21;961826.35;27555507.18;
2506707;2023;STN/SICONFI;50174825.12;48892789.45;2401708.82;45682448.17;
2506806;2023;STN/SICONFI;102718407.55;98988772.87;2547938.12;94360666.65;
2506905;2023;STN/SICONFI;86401148.18;84485194.98;4430388.79;77846537.4;
2507002;2023;STN/SICONFI;100600755.35;92396562.03;5214902.84;78364802.82;
2507101;2023;STN/SICONFI;82444607.22;79921134.04;2595834.68;75599821.28;
2507200;2023;STN/SICONFI;52254465.43;49684235.97;1697634.28;46551037.93;
2507309;2023;STN/SICONFI;95830739.01;88566995.64;2949051.99;77383306.95;
2507408;2023;STN/SICONFI;43154796.98;38568127.72;1488065.72;36603232.38;
2507507;2023;STN/SICONFI;4149388339.12;3968667605.06;1001913238.03;2311423192.15;
2507606;2023;STN/SICONFI;38302417.28;38201923.26;822911.93;36515158.73;
2507705;2023;STN/SICONFI;88260918.47;86496758.14;3963488.36;76265643.66;
2507804;2023;STN/SICONFI;51271560.08;50441544.69;14804634.13;35003892.59;
2507903;2023;STN/SICONFI;63456762.86;61758379.19;1479315.16;59104748.97;
2508000;2023;STN/SICONFI;44712586.53;43107969.19;1425854.51;39221287.13;
2508109;2023;STN/SICONFI;32629035.5;29444433.94;669881.45;28206768.81;
2508208;2023;STN/SICONFI;44055507.27;40872845.78;1602256.14;38868934.75;
2508307;2023;STN/SICONFI;120522284.06;112667102.34;6923366.47;96818722.14;
2508406;2023;STN/SICONFI;28356634.72;28276882.4;566313.45;27419402.73;
2508505;2023;STN/SICONFI;38606046.37;35972269.15;1480796.62;33784431.86;
2508554;2023;STN/SICONFI;34612976.1;32049747.22;668459.22;30724145.62;
2508604;2023;STN/SICONFI;70044705.56;67438376.69;4555209.1;58734921.28;
2508703;2023;STN/SICONFI;28756189.58;28134241.43;658438.36;27038302.8;
2508802;2023;STN/SICONFI;36585733.12;34578070.82;1162187.86;32272785.17;
2508901;2023;STN/SICONFI;175565809.46;169499613.95;8805247.84;156976752.53;
2509008;2023;STN/SICONFI;50165197.37;44474262.36;1273141.43;42553290.21;
2509057;2023;STN/SICONFI;49872138.43;47152166.53;1154098.77;45372653.24;
2509107;2023;STN/SICONFI;95099322.18;93723329.53;3561463.21;85006736.07;
2509156;2023;STN/SICONFI;47433321.14;46179450.65;1113052.81;40383817.79;
2509206;2023;STN/SICONFI;60111544.47;58745039.47;2395941.24;55644925.21;
2509305;2023;STN/SICONFI;64977390.13;62439251.13;3040270.91;57610474.03;
2509339;2023;STN/SICONFI;33505829.39;31728149.39;614944.27;29722318.19;
2509370;2023;STN/SICONFI;;;;;
2509396;2023;STN/SICONFI;36400829.96;34637351.59;1077821.1;32787274.85;
2509404;2023;STN/SICONFI;68026972.93;65865404.16;2130258.81;63064418.05;
2509503;2023;STN/SICONFI;35005564.0;32288887.38;939753.65;29819923.03;
2509602;2023;STN/SICONFI;35163477.21;34514077.21;1513706.8;32065411.65;
2509701;2023;STN/SICONFI;148836495.29;141451448.46;9828574.48;126144388.22;
2509800;2023;STN/SICONFI;44644543.48;40848277.92;1071129.56;38772481.87;
2509909;2023;STN/SICONFI;54627313.19;51039412.14;1572476.35;48563930.49;
2510006;2023;STN/SICONFI;39601739.35;38698328.88;1546993.1;33375167.0;
2510105;2023;STN/SICONFI;46320690.84;44554968.92;1582211.74;41281926.89;
2510204;2023;STN/SICONFI;38366701.74;36810571.03;1176141.63;35086640.11;
2510303;2023;STN/SICONFI;31285145.16;30150554.03;1031297.43;27518317.7;
2510402;2023;STN/SICONFI;36727295.72;35341861.86;916614.14;33852801.42;
2510501;2023;STN/SICONFI;30720766.32;27865038.47;775671.41;26852099.91;
2510600;2023;STN/SICONFI;34335531.25;28537782.02;1098098.11;26452203.39;
2510659;2023;STN/SICONFI;28088446.33;22989663.51;451187.53;21766196.73;
2510709;2023;STN/SICONFI;26390329.32;26390329.32;504415.16;25580028.79;
2510808;2023;STN/SICONFI;399128973.94;381242016.54;46098366.85;290319107.85;
2510907;2023;STN/SICONFI;69025595.56;68074677.45;2279203.97;61723557.77;
2511004;2023;STN/SICONFI;34093410.96;31174485.2;713563.26;29790923.41;
2511103;2023;STN/SICONFI;50289801.25;47936646.97;2179813.7;41177408.72;
2511202;2023;STN/SICONFI;169300524.78;157201382.81;10126555.55;132127160.19;
2511301;2023;STN/SICONFI;84727956.85;80745743.02;2554126.98;74695844.28;
2511400;2023;STN/SICONFI;97159647.05;90920490.05;5030894.83;75062938.12;
2511509;2023;STN/SICONFI;56551365.98;55782955.98;1469716.97;52784517.72;
2511608;2023;STN/SICONFI;40373804.24;38293154.29;1109934.67;34360991.77;
2511707;2023;STN/SICONFI;36002391.54;31352810.7;858427.54;28919870.24;
2511806;2023;STN/SICONFI;49633040.6;45692340.6;1883570.46;36564315.19;
2511905;2023;STN/SICONFI;112689564.74;109402557.21;6097297.31;98924384.19;
2512002;2023;STN/SICONFI;91831060.17;80940287.2;4258359.04;74175028.64;
2512036;2023;STN/SICONFI;45490514.62;42455784.62;1414487.03;36880216.72;
2512077;2023;STN/SICONFI;48257913.66;47449481.16;1329090.98;39142265.44;
2512101;2023;STN/SICONFI;145716329.91;137137859.47;8780787.11;123576859.94;
2512200;2023;STN/SICONFI;34204091.32;31070997.48;748905.53;29752560.89;
2512309;2023;STN/SICONFI;110565737.26;102659855.3;4506831.45;89356677.48;
2512408;2023;STN/SICONFI;71075211.59;68722529.59;1776612.12;65595172.07;
2512507;2023;STN/SICONFI;201203527.11;196144172.82;10224651.0;164104684.94;
2512606;2023;STN/SICONFI;25815430.19;24787541.95;722003.58;23761387.47;
2512705;2023;STN/SICONFI;86181605.09;84125139.29;3987667.31;71295780.16;
2512721;2023;STN/SICONFI;34724686.2;32654414.71;643641.46;31364466.79;
2512747;2023;STN/SICONFI;33584258.69;31831332.6;2518741.34;26899196.66;
2512754;2023;STN/SICONFI;45911864.33;37541297.29;825145.39;35401581.02;
2512762;2023;STN/SICONFI;36482202.58;32250039.52;1606620.31;30266799.09;
2512788;2023;STN/SICONFI;30587705.46;26980379.76;549005.55;25681287.89;
2512804;2023;STN/SICONFI;44743884.42;43503834.57;1649367.46;40575987.68;
2512903;2023;STN/SICONFI;104303367.63;101199783.02;6157380.78;92076089.95;
2513000;2023;STN/SICONFI;32336029.75;30091952.77;1743519.55;27541264.64;
2513109;2023;STN/SICONFI;56950344.95;54589618.85;1621053.77;51776307.63;
2513158;2023;STN/SICONFI;39783894.81;37245035.75;906495.71;35104145.37;
2513208;2023;STN/SICONFI;36216972.39;33667472.72;1139156.55;30883797.84;
2513307;2023;STN/SICONFI;45752275.92;44122275.92;6161988.45;35766963.99;
2513356;2023;STN/SICONFI;27529202.26;25565689.76;449715.67;24946900.73;
2513406;2023;STN/SICONFI;80264655.23;69433545.47;8539576.98;54549067.81;
2513505;2023;STN/SICONFI;34208062.74;32221262.74;980583.6;30455696.06;
2513604;2023;STN/SICONFI;38195123.19;36094516.69;782979.36;34766102.56;
2513653;2023;STN/SICONFI;35115205.73;33996007.74;1334579.61;32264107.93;
2513703;2023;STN/SICONFI;474030452.32;472902910.11;34229928.67;389470953.31;
2513802;2023;STN/SICONFI;32108099.91;30561573.88;1259043.58;28727217.43;
2513851;2023;STN/SICONFI;27428200.22;25178598.18;432967.49;24385489.69;
2513901;2023;STN/SICONFI;157258394.67;150485508.53;10406771.65;130337511.17;
2513927;2023;STN/SICONFI;30221297.79;28792772.98;604261.55;27250341.99;
2513943;2023;STN/SICONFI;30082431.86;27143198.86;750321.94;25420722.53;
2513968;2023;STN/SICONFI;26156690.29;25374690.29;580034.02;24494558.75;
2513984;2023;STN/SICONFI;28697485.79;27023192.96;742126.97;25772842.54;
2514008;2023;STN/SICONFI;32287184.83;31047083.97;700394.22;29961191.52;
2514107;2023;STN/SICONFI;33091662.32;30643370.65;952791.01;29197152.5;
2514206;2023;STN/SICONFI;45769423.65;42008903.2;1641253.79;37224621.23;
2514305;2023;STN/SICONFI;37041491.32;36511087.32;1527411.3;34678406.91;
2514404;2023;STN/SICONFI;33494077.68;30125007.72;1185242.21;28104925.49;
2514453;2023;STN/SICONFI;43221243.92;40825158.32;1024214.8;37322063.35;
2514503;2023;STN/SICONFI;101119375.68;94163083.61;7624441.06;84913989.67;
2514552;2023;STN/SICONFI;26104740.05;25263511.55;264384.13;24422936.63;
2514602;2023;STN/SICONFI;27929966.37;27782355.64;856783.34;26004214.05;
2514651;2023;STN/SICONFI;28426634.22;26969814.47;516223.86;26121721.26;
2514701;2023;STN/SICONFI;46259472.66;36488516.99;2347074.83;33428159.25;
2514800;2023;STN/SICONFI;29492465.17;26710742.68;1219178.23;24983406.82;
2514909;2023;STN/SICONFI;50439040.55;48634310.13;1180517.54;44448040.92;
2515005;2023;STN/SICONFI;49541505.35;47677499.68;1763346.95;45058281.44;
2515104;2023;STN/SICONFI;52767185.47;48477188.23;1974450.94;41706112.88;
2515203;2023;STN/SICONFI;28439121.82;27284299.5;570478.98;26497326.18;
2515302;2023;STN/SICONFI;195780765.52;191756072.42;11863512.39;165204584.36;
2515401;2023;STN/SICONFI;49657979.85;48272580.08;1471356.58;46296415.15;
2515500;2023;STN/SICONFI;61608220.52;59055953.31;2004924.66;51984776.42;
2515609;2023;STN/SICONFI;32697208.98;29468285.19;443298.28;28199169.35;
2515708;2023;STN/SICONFI;29461976.0;28085595.71;912474.05;26569878.23;
2515807;2023;STN/SICONFI;33577467.62;31033363.28;1049603.57;29561738.82;
2515906;2023;STN/SICONFI;31439349.5;29496166.89;899375.32;28137367.36;
2515930;2023;STN/SICONFI;40772798.3;39644994.4;885214.4;33614618.12;
2515971;2023;STN/SICONFI;43291595.06;39609018.24;1273922.37;37521135.8;
2516003;2023;STN/SICONFI;91242063.73;89500560.57;4570479.85;82828070.74;
2516102;2023;STN/SICONFI;83136197.87;80836400.02;3034446.86;64054770.81;
2516151;2023;STN/SICONFI;29102951.54;28335008.8;555383.58;27197713.51;
2516201;2023;STN/SICONFI;241920523.91;234342133.26;21599988.9;196723266.05;
2516300;2023;STN/SICONFI;88431026.26;84502057.14;4101380.7;74906184.02;
2516409;2023;STN/SICONFI;47888400.93;45250298.34;1221689.23;43121420.46;
2516508;2023;STN/SICONFI;72018096.35;66058939.21;1945674.21;57459484.52;
2516607;2023;STN/SICONFI;68008736.49;61057779.46;2245862.35;57543657.24;
2516706;2023;STN/SICONFI;71921567.4;70582315.16;2334791.21;66801139.45;
2516755;2023;STN/SICONFI;30460564.26;28069262.05;428269.15;27116908.07;
2516805;2023;STN/SICONFI;68002746.61;56627101.83;6288250.0;49806613.98;
2516904;2023;STN/SICONFI;94894850.97;91130867.3;4034058.84;84172956.48;
2517001;2023;STN/SICONFI;57055635.68;53959983.19;1592899.5;51598972.07;
2517100;2023;STN/SICONFI;25936405.26;24783638.82;653721.9;23747124.63;
2517209;2023;STN/SICONFI;33322705.28;31000536.37;562308.24;29822122.53;
2517407;2023;STN/SICONFI;31937463.31;25186338.31;633469.09;24316506.42;
2600054;2023;STN/SICONFI;267763170.66;264554876.42;18104016.97;225395465.43;
2600104;2023;STN/SICONFI;164164192.79;160530704.35;13460053.1;134747322.38;
2600203;2023;STN/SICONFI;95963172.34;88269689.66;3336843.46;74899370.08;
2600302;2023;STN/SICONFI;118865783.55;118562157.15;5565256.41;96712274.73;
2600401;2023;STN/SICONFI;117545957.71;116908643.52;2744014.69;104642204.78;
2600500;2023;STN/SICONFI;162358716.51;155814826.28;9584867.73;135176791.15;
2600609;2023;STN/SICONFI;71644680.42;67838748.42;2002366.91;62733566.47;
2600708;2023;STN/SICONFI;143528052.08;143015905.08;4332106.93;122300115.84;
2600807;2023;STN/SICONFI;80178994.99;79899691.26;3245387.09;69373448.27;
2600906;2023;STN/SICONFI;85805594.05;84862949.6;3192028.18;73009706.2;
2601003;2023;STN/SICONFI;57643358.93;54534365.87;2226647.58;49674454.38;
2601052;2023;STN/SICONFI;94053246.48;90897953.36;1516713.21;79876571.94;
2601102;2023;STN/SICONFI;327535972.07;292594759.03;23037429.83;242880007.36;
2601201;2023;STN/SICONFI;270843964.91;264142367.85;29430463.83;199385225.86;
2601300;2023;STN/SICONFI;66903026.02;66069098.49;991099.66;62447645.78;
2601409;2023;STN/SICONFI;170525898.1;170525898.1;9029290.86;150353143.92;
2601508;2023;STN/SICONFI;61193170.63;57712066.63;750424.02;56600296.07;
2601607;2023;STN/SICONFI;89199469.97;83382311.67;3311189.77;73795574.68;
2601706;2023;STN/SICONFI;301528911.57;300549529.36;24526486.36;235608701.94;
2601805;2023;STN/SICONFI;68421519.73;63759073.01;2084729.16;56528366.44;
2601904;2023;STN/SICONFI;200820366.71;199670574.88;13276572.3;171527457.11;
2602001;2023;STN/SICONFI;148384639.65;142619571.62;6406773.5;121624131.96;
2602100;2023;STN/SICONFI;169946443.92;165242018.52;5710460.44;151749864.85;
2602209;2023;STN/SICONFI;155688776.64;135934918.61;6573776.39;121027749.38;
2602308;2023;STN/SICONFI;140745004.83;139521037.73;5913927.25;127000610.01;
2602407;2023;STN/SICONFI;67251919.85;57711110.5;1966944.49;51825132.28;
2602506;2023;STN/SICONFI;71202445.35;50393956.44;1650256.57;45646666.49;
2602605;2023;STN/SICONFI;181588678.28;178165597.48;11236493.27;151439788.11;
2602704;2023;STN/SICONFI;62574062.92;61436238.76;1575144.11;52865537.23;
2602803;2023;STN/SICONFI;183461147.46;178996416.46;7865684.88;161765287.96;
2602902;2023;STN/SICONFI;1236226269.66;1191704869.66;223833979.15;845240346.95;
2603009;2023;STN/SICONFI;145789647.51;137722905.22;8050676.43;119534602.43;
2603108;2023;STN/SICONFI;84827671.31;81091592.2;3148763.1;68344835.23;
2603207;2023;STN/SICONFI;119020435.04;113732494.05;4431528.99;102977253.41;
2603306;2023;STN/SICONFI;56252038.14;55326166.42;2021715.1;50190331.55;
2603405;2023;STN/SICONFI;43142033.73;41924929.53;1339243.54;38507218.93;
2603454;2023;STN/SICONFI;530107919.58;526789638.14;69975011.45;364396464.17;
2603504;2023;STN/SICONFI;72463701.09;70864199.08;2213983.44;67408240.2;
2603603;2023;STN/SICONFI;51077831.01;51077831.01;2641218.02;44902742.02;
2603702;2023;STN/SICONFI;114284895.0;111031806.86;4225874.57;94880060.84;
2603801;2023;STN/SICONFI;96819190.88;93945577.71;3023060.13;84793180.62;
2603900;2023;STN/SICONFI;102631788.32;100433588.32;4365406.76;89251187.13;
2603926;2023;STN/SICONFI;53462344.78;53017157.92;3037187.71;47417062.5;
2604007;2023;STN/SICONFI;298111099.9;295556917.96;30516690.21;210347972.42;
2604106;2023;STN/SICONFI;1355576829.6;1277697289.06;255601499.68;895458515.47;
2604155;2023;STN/SICONFI;84595317.3;76948100.13;1889734.37;65988054.74;
2604205;2023;STN/SICONFI;122088356.43;121488356.43;4098687.88;112055035.25;
2604304;2023;STN/SICONFI;51713325.54;50905171.46;1659415.47;46776467.21;
2604403;2023;STN/SICONFI;64936216.89;61655072.59;2080616.21;58102007.52;
2604502;2023;STN/SICONFI;118094931.21;114021675.56;5846220.4;101415596.21;
2604601;2023;STN/SICONFI;107320415.29;102190822.79;5539509.0;87439440.17;
2604700;2023;STN/SICONFI;78788707.43;77066891.43;1360469.32;70455813.84;
2604809;2023;STN/SICONFI;68902150.78;67890445.42;2756314.89;60323556.66;
2604908;2023;STN/SICONFI;81507601.88;79715920.58;3032522.77;70754951.1;
2605004;2023;STN/SICONFI;114607211.23;109507439.33;5108829.84;102398826.19;
2605103;2023;STN/SICONFI;209203084.64;199949034.4;7730940.08;178211542.94;
2605152;2023;STN/SICONFI;99430414.32;92659332.92;4016382.82;78185531.09;
2605202;2023;STN/SICONFI;275144425.82;273238600.63;15169558.83;242525181.34;
2605301;2023;STN/SICONFI;149147137.11;145735043.37;7056976.13;128073342.4;
2605400;2023;STN/SICONFI;100531811.97;90760679.21;3073893.47;79182146.09;
2605509;2023;STN/SICONFI;61146416.72;58327049.62;3067367.23;51710533.93;
2605608;2023;STN/SICONFI;99018657.62;88586421.71;5874429.3;77570691.81;
2605707;2023;STN/SICONFI;140954607.08;138272808.13;10099304.94;119731849.74;
2605806;2023;STN/SICONFI;58926718.1;58740509.23;1881191.81;55709748.03;
2605905;2023;STN/SICONFI;95008673.3;94354707.3;1994541.49;89896100.82;
2606002;2023;STN/SICONFI;529312125.06;497813103.7;63351518.49;367704223.37;
2606101;2023;STN/SICONFI;126586639.06;123431884.24;5188114.91;115711184.15;
2606200;2023;STN/SICONFI;767850710.89;766450132.95;71785078.18;590618163.32;
2606309;2023;STN/SICONFI;48971876.82;44906776.82;1187684.84;41527586.7;
2606408;2023;STN/SICONFI;310722200.6;306965157.11;66861906.19;203992154.75;
2606507;2023;STN/SICONFI;95200733.3;93431349.7;1823317.98;84538943.08;
2606606;2023;STN/SICONFI;109745800.96;106719635.19;5927158.19;93737566.14;
2606705;2023;STN/SICONFI;47718958.44;44368965.94;649120.59;41309943.82;
2606804;2023;STN/SICONFI;409732834.36;403243351.79;38709874.79;326951996.16;
2606903;2023;STN/SICONFI;62944874.65;59413249.65;1929019.12;52599648.31;
2607000;2023;STN/SICONFI;116759722.62;112390222.62;3622541.88;100227662.22;
2607109;2023;STN/SICONFI;40851280.23;39797111.99;710991.64;37822812.11;
2607208;2023;STN/SICONFI;1659279430.4;1628088634.25;374306272.93;1105918554.79;
2607307;2023;STN/SICONFI;153495294.55;152265294.55;3427773.58;129764722.88;
2607406;2023;STN/SICONFI;45187514.53;44975146.55;1099227.92;38796634.27;
2607505;2023;STN/SICONFI;120631595.72;112936901.8;4521234.71;102376824.51;
2607604;2023;STN/SICONFI;95828577.94;95295193.26;6718882.46;81328012.04;
2607653;2023;STN/SICONFI;119149580.19;117968964.02;3435030.3;106375520.15;
2607703;2023;STN/SICONFI;74882859.44;69634430.69;2188301.21;64270138.46;
2607752;2023;STN/SICONFI;182431566.57;181045357.15;17431114.04;152081776.21;
2607802;2023;STN/SICONFI;82095075.78;81969096.78;2627070.63;64946050.06;
2607901;2023;STN/SICONFI;2156550320.38;2086143898.32;482099559.08;1347842617.79;
2607950;2023;STN/SICONFI;64133782.39;61255491.3;757611.83;60292096.39;
2608008;2023;STN/SICONFI;85660619.79;85213493.39;2995244.51;75569406.25;
2608057;2023;STN/SICONFI;70500440.84;66441486.52;1626653.34;63469472.41;
2608107;2023;STN/SICONFI;128080094.61;121352631.27;3448221.01;104776811.76;
2608206;2023;STN/SICONFI;67651596.49;66014235.48;2148698.59;60730487.96;
2608255;2023;STN/SICONFI;67873077.84;62411049.56;1536070.78;59068613.74;
2608305;2023;STN/SICONFI;102428681.25;84935730.46;3245452.13;76453787.64;
2608404;2023;STN/SICONFI;67821456.62;65619347.75;1887419.86;61026038.32;
2608453;2023;STN/SICONFI;96226575.03;94437443.49;3714397.16;77839623.96;
2608503;2023;STN/SICONFI;102179125.83;100746316.58;3032231.36;94563297.87;
2608602;2023;STN/SICONFI;70629782.01;64574079.88;1396787.85;60054071.59;
2608701;2023;STN/SICONFI;67618533.28;65611360.61;3035021.85;61512022.06;
2608750;2023;STN/SICONFI;135070953.22;130029035.27;5840600.31;110795725.47;
2608800;2023;STN/SICONFI;198891509.35;183913890.03;11239299.96;163070527.93;
2608909;2023;STN/SICONFI;220179700.27;214375202.59;14024538.44;160944835.09;
2609006;2023;STN/SICONFI;109630275.2;107956278.23;4991490.89;93995494.87;
2609105;2023;STN/SICONFI;78334012.38;74465643.76;1980635.87;69254883.2;
2609154;2023;STN/SICONFI;82214017.52;81038263.23;3094537.38;74721596.99;
2609204;2023;STN/SICONFI;50770779.15;49655779.15;1287675.4;47887248.15;
2609303;2023;STN/SICONFI;68974226.31;67142324.31;2096155.03;61517509.31;
2609402;2023;STN/SICONFI;195372346.42;194914419.99;23069567.51;159558474.88;
2609501;2023;STN/SICONFI;101941543.14;98507281.63;4795945.68;90913954.33;
2609600;2023;STN/SICONFI;1036061448.1;1009964172.36;248856786.71;640767510.59;
2609709;2023;STN/SICONFI;123925123.57;113113807.33;4205870.22;97849116.89;
2609808;2023;STN/SICONFI;74022709.55;73416953.68;1760164.21;63119597.21;
2609907;2023;STN/SICONFI;240157059.46;238622553.29;13969466.91;215706306.14;
2610004;2023;STN/SICONFI;232239580.55;225938186.28;12560891.01;184709182.26;
2610103;2023;STN/SICONFI;42144995.65;42097010.49;1445704.02;37131311.18;
2610202;2023;STN/SICONFI;135222433.73;133830831.03;4096414.66;113880035.39;
2610301;2023;STN/SICONFI;69730076.29;68890380.53;3627837.13;63262279.95;
2610400;2023;STN/SICONFI;92835659.54;88057215.81;3540669.08;79829166.78;
2610509;2023;STN/SICONFI;122374217.53;119945540.01;5068872.38;94543557.75;
2610608;2023;STN/SICONFI;238646879.86;210933685.55;14011957.4;188107333.2;
2610707;2023;STN/SICONFI;825487436.22;800858079.25;162382870.86;529015298.28;
2610806;2023;STN/SICONFI;90989660.78;88830989.81;2026763.93;75740330.43;
2610905;2023;STN/SICONFI;231690759.75;228785957.39;13292716.88;197602032.72;
2611002;2023;STN/SICONFI;183190673.45;174041492.26;8551454.72;161005606.92;
2611101;2023;STN/SICONFI;1555768387.86;1441300564.2;283199811.36;965665795.31;
2611200;2023;STN/SICONFI;52427526.14;51968426.14;1973815.61;49010614.65;
2611309;2023;STN/SICONFI;105309408.14;104628650.7;5842566.16;90559142.89;
2611408;2023;STN/SICONFI;64172017.73;63046724.63;1272097.78;60569030.99;
2611507;2023;STN/SICONFI;88179919.42;87201316.12;1815636.05;81740050.56;
2611533;2023;STN/SICONFI;51477669.67;50916565.67;1752874.07;45044715.98;
2611606;2023;STN/SICONFI;8255113251.47;7490258534.58;2966160204.71;3681232774.5;
2611705;2023;STN/SICONFI;104044790.97;102161371.36;4288102.87;86565513.91;
2611804;2023;STN/SICONFI;148703008.97;147931113.97;9067153.52;118659150.29;
2611903;2023;STN/SICONFI;107626018.48;105082581.48;4087079.41;98873553.44;
2612000;2023;STN/SICONFI;55736427.08;53417568.7;2306042.4;46741736.79;
2612109;2023;STN/SICONFI;48695104.21;48189372.76;1240798.95;43292181.64;
2612208;2023;STN/SICONFI;236629840.22;233980413.45;26950614.34;179039628.2;
2612307;2023;STN/SICONFI;80537279.36;76878544.62;4423486.92;68945930.98;
2612406;2023;STN/SICONFI;101914909.18;91836780.51;3662320.78;85803498.59;
2612455;2023;STN/SICONFI;84706287.4;80528035.76;2073028.51;68831441.16;
2612471;2023;STN/SICONFI;63583024.05;60720758.15;2127970.15;52565813.57;
2612505;2023;STN/SICONFI;375375267.22;368566693.67;53485903.19;264784421.52;
2612554;2023;STN/SICONFI;65583901.59;65025305.26;1884581.55;58089841.58;
2612604;2023;STN/SICONFI;180125301.01;178935857.83;9090201.0;151715268.7;
2612703;2023;STN/SICONFI;64923881.71;62379170.41;2571944.37;58923013.38;
2612802;2023;STN/SICONFI;59074233.2;58106564.96;2670168.73;51330342.68;
2612901;2023;STN/SICONFI;60847924.84;59928457.94;1693335.74;53444115.79;
2613008;2023;STN/SICONFI;192896116.51;190157554.3;9425326.26;161926625.2;
2613107;2023;STN/SICONFI;141003297.03;125140042.87;5920626.46;111131393.54;
2613206;2023;STN/SICONFI;106972025.78;105891647.78;4845987.36;95134818.52;
2613305;2023;STN/SICONFI;99502219.77;96050403.95;4339201.13;88796493.68;
2613404;2023;STN/SICONFI;101988283.43;100926910.75;6289904.31;82948462.56;
2613503;2023;STN/SICONFI;149805867.59;142741826.59;23250014.07;107179033.54;
2613602;2023;STN/SICONFI;140065553.15;131387580.08;6630305.17;117019592.97;
2613701;2023;STN/SICONFI;323294088.15;315884157.48;20644037.12;263111731.7;
2613800;2023;STN/SICONFI;97003642.18;85755010.63;2018523.74;76091314.26;
2613909;2023;STN/SICONFI;328562093.58;311331931.61;30081752.29;258308038.53;
2614006;2023;STN/SICONFI;113030543.87;108658377.47;2269418.89;101102993.18;
2614105;2023;STN/SICONFI;125172754.01;120360202.32;5320158.35;105177375.27;
2614204;2023;STN/SICONFI;163743745.83;162629103.33;6852109.29;153167692.48;
2614303;2023;STN/SICONFI;54775934.99;51550847.2;1641370.49;47221148.94;
2614402;2023;STN/SICONFI;46879852.68;43808887.74;1300828.66;40143847.1;
2614501;2023;STN/SICONFI;206511404.85;193982458.49;13730621.82;169864340.88;
2614600;2023;STN/SICONFI;105635451.63;104099030.17;5671880.22;95997388.17;
2614709;2023;STN/SICONFI;67353775.09;61871169.58;1949475.54;58725838.17;
2614808;2023;STN/SICONFI;101546682.89;97987146.75;3624477.04;90791745.89;
2614857;2023;STN/SICONFI;135958092.43;133815168.02;30166419.24;96348634.52;
2615003;2023;STN/SICONFI;95091824.75;94094714.36;5205337.3;86475328.8;
2615102;2023;STN/SICONFI;47187505.43;44357220.43;1055932.84;42202851.67;
2615201;2023;STN/SICONFI;50119942.84;50119942.84;1712615.27;44835062.44;
2615300;2023;STN/SICONFI;222363002.99;221143728.06;11631478.74;192540787.56;
2615409;2023;STN/SICONFI;173347775.85;170955144.45;18190954.67;145084948.19;
2615508;2023;STN/SICONFI;62626840.37;61125125.58;2152194.19;52365510.97;
2615607;2023;STN/SICONFI;129300647.92;126907087.13;6542091.36;108976947.84;
2615706;2023;STN/SICONFI;81570647.84;79295265.28;4809884.99;68088065.59;
2615805;2023;STN/SICONFI;106533097.7;105229833.26;3297137.5;95820473.27;
2615904;2023;STN/SICONFI;50530273.37;46334897.16;1697930.5;42724170.7;
2616001;2023;STN/SICONFI;82045117.4;81195124.9;3854125.72;72864271.67;
2616100;2023;STN/SICONFI;56142458.96;52297390.31;1298977.33;45802546.5;
2616183;2023;STN/SICONFI;58033527.94;57360601.89;1372098.58;50750565.28;
2616209;2023;STN/SICONFI;88564031.34;82110340.23;2923542.6;76495712.69;
2616308;2023;STN/SICONFI;123005495.65;121710517.27;5932783.3;101479141.25;
2616407;2023;STN/SICONFI;554802825.68;527054115.68;84005463.35;394081329.58;
2616506;2023;STN/SICONFI;75466358.56;72537825.32;2516495.03;68639659.84;
2700102;2023;STN/SICONFI;112148272.59;107832092.59;4794421.8;98027478.18;
2700201;2023;STN/SICONFI;84245233.8;83140133.8;2354573.62;77974728.83;
2700300;2023;STN/SICONFI;1025070037.12;1003948566.93;127307593.1;776608371.04;
2700409;2023;STN/SICONFI;230590055.4;230590055.4;12558890.08;203102626.87;
2700508;2023;STN/SICONFI;97332920.99;95377869.99;8159172.97;81954552.26;
2700607;2023;STN/SICONFI;83853905.94;80100721.29;19923349.58;53750280.23;
2700706;2023;STN/SICONFI;121154953.38;121154953.38;9163662.79;101346361.92;
2700805;2023;STN/SICONFI;48524303.78;45962287.58;734867.94;42428876.54;
2700904;2023;STN/SICONFI;58630718.82;56329554.5;1323084.04;49641158.42;
2701001;2023;STN/SICONFI;168692478.38;165515922.34;7059780.63;149278310.43;
2701100;2023;STN/SICONFI;80241913.31;80129662.31;1225213.78;74279181.29;
2701209;2023;STN/SICONFI;89173428.65;87420512.79;3779294.85;74430610.59;
2701308;2023;STN/SICONFI;107172031.64;106924329.59;2248377.9;96661898.63;
2701357;2023;STN/SICONFI;42437562.76;40473072.39;398022.93;38872131.15;
2701407;2023;STN/SICONFI;240404381.63;238107122.56;10713114.96;214663033.98;
2701506;2023;STN/SICONFI;65965616.13;65965616.13;1912269.27;62612336.31;
2701605;2023;STN/SICONFI;134297153.93;133819653.93;4963178.71;120643313.3;
2701704;2023;STN/SICONFI;96178316.72;95414010.72;4087172.16;87751408.07;
2701803;2023;STN/SICONFI;58729709.59;54749013.1;2119241.61;49981185.25;
2701902;2023;STN/SICONFI;50070556.67;45678175.78;1208971.43;40621117.81;
2702009;2023;STN/SICONFI;71278289.46;69416341.32;2199475.1;61943734.42;
2702108;2023;STN/SICONFI;94741139.69;94246157.19;3689445.56;84370526.69;
2702207;2023;STN/SICONFI;53874059.21;53372202.07;797159.71;51114962.2;
2702306;2023;STN/SICONFI;392704631.71;385372214.23;22407030.34;291763993.28;
2702355;2023;STN/SICONFI;176321979.39;173464113.13;12851491.44;144774860.32;
2702405;2023;STN/SICONFI;318952600.1;282017420.59;20354623.16;240784476.08;
2702504;2023;STN/SICONFI;;;;;
2702553;2023;STN/SICONFI;86679914.55;86181862.68;2315779.47;78455394.63;
2702603;2023;STN/SICONFI;99483362.98;98230967.16;2572744.31;92266052.97;
2702702;2023;STN/SICONFI;51299688.45;48153154.02;706241.15;46262661.68;
2702801;2023;STN/SICONFI;88672795.33;84711127.41;1196559.11;73118661.05;
2702900;2023;STN/SICONFI;279117678.35;274182463.72;6453217.04;254864755.2;
2703007;2023;STN/SICONFI;86779049.03;80453830.91;2087667.11;73826655.78;
2703106;2023;STN/SICONFI;118898336.93;117612026.66;3651641.8;105065867.85;
2703205;2023;STN/SICONFI;128668295.31;127537629.83;3640095.72;116418581.75;
2703304;2023;STN/SICONFI;125145273.07;122395089.95;3970380.32;106433044.31;
2703403;2023;STN/SICONFI;41537733.78;41346733.78;791733.5;39277940.64;
2703502;2023;STN/SICONFI;61731061.98;57379378.98;969631.01;54637631.24;
2703601;2023;STN/SICONFI;60829844.63;57289185.47;10513747.92;43654546.57;
2703700;2023;STN/SICONFI;42232320.15;41960470.55;714836.45;36432740.55;
2703759;2023;STN/SICONFI;94366775.13;90795193.39;1324661.72;79364409.62;
2703809;2023;STN/SICONFI;93521743.59;93521729.0;2149953.2;90071032.47;
2703908;2023;STN/SICONFI;64318638.28;54507421.13;890562.77;48916896.75;
2704005;2023;STN/SICONFI;197427373.49;196167373.49;9716762.52;177663793.64;
2704104;2023;STN/SICONFI;131306151.83;129356273.12;2606649.74;120600110.53;
2704203;2023;STN/SICONFI;165858531.72;164816941.15;6009250.74;153283643.03;
2704302;2023;STN/SICONFI;4787760835.1;4631301473.38;1087623101.1;2335185668.24;
2704401;2023;STN/SICONFI;131399501.57;131399501.57;4702519.6;111270653.63;
2704500;2023;STN/SICONFI;209245203.57;202997098.18;36304131.12;151630881.32;
2704609;2023;STN/SICONFI;82774473.35;82531525.95;2082115.02;75102889.25;
2704708;2023;STN/SICONFI;459076007.07;436538598.13;78460491.96;314137464.3;
2704807;2023;STN/SICONFI;79589309.27;79281857.79;2137228.6;71271456.79;
2704906;2023;STN/SICONFI;33575775.83;30589123.3;1701773.78;28106948.3;
2705002;2023;STN/SICONFI;130644822.51;129744822.51;4239641.5;116731974.4;
2705101;2023;STN/SICONFI;138360934.92;129273389.07;5600020.29;116601590.35;
2705200;2023;STN/SICONFI;101270441.39;100692427.64;3948701.42;89855801.68;
2705309;2023;STN/SICONFI;47106815.03;45349965.03;1085579.81;42459200.98;
2705408;2023;STN/SICONFI;53749488.0;50745839.8;831982.58;46462293.65;
2705507;2023;STN/SICONFI;171633086.66;168961650.51;8724705.61;152281085.51;
2705606;2023;STN/SICONFI;87903471.27;86733700.03;2115528.97;79764652.19;
2705705;2023;STN/SICONFI;127419043.62;126823311.19;4730667.39;105312098.3;
2705804;2023;STN/SICONFI;59086376.61;53608722.98;1222863.37;50835806.04;
2705903;2023;STN/SICONFI;44723202.81;44623661.81;620211.56;36476068.5;
2706000;2023;STN/SICONFI;65252308.66;64859108.66;1474309.63;58593988.9;
2706109;2023;STN/SICONFI;77019104.35;73966890.35;3135186.78;65645283.52;
2706208;2023;STN/SICONFI;37399537.65;36951389.36;322119.42;34248493.19;
2706307;2023;STN/SICONFI;340560669.76;340280669.76;30669815.47;279843542.78;
2706406;2023;STN/SICONFI;154795823.82;154030302.03;4157729.89;136643674.12;
2706422;2023;STN/SICONFI;63208010.88;61952930.67;1706132.56;54256487.96;
2706448;2023;STN/SICONFI;80392629.42;77780353.03;7250005.56;68946375.14;
2706505;2023;STN/SICONFI;68068762.44;66660225.0;4450610.13;59056024.03;
2706604;2023;STN/SICONFI;49544303.49;44094108.5;1206945.07;40737436.68;
2706703;2023;STN/SICONFI;301745037.59;298625048.18;26477554.01;242877675.62;
2706802;2023;STN/SICONFI;99549126.57;97259405.48;3359995.43;93449638.88;
2706901;2023;STN/SICONFI;341914179.24;339024306.03;21040400.99;303598644.02;
2707008;2023;STN/SICONFI;38619413.03;35397413.03;844283.1;32270464.31;
2707107;2023;STN/SICONFI;159263967.02;154412382.29;3785250.63;131689166.87;
2707206;2023;STN/SICONFI;88720699.08;86961593.49;3923641.93;78129168.8;
2707305;2023;STN/SICONFI;144005532.86;143654533.77;2243032.95;130633990.92;
2707404;2023;STN/SICONFI;79772911.47;78284381.67;9275918.06;65909459.39;
2707503;2023;STN/SICONFI;92164135.26;89389701.48;4384786.07;80837683.84;
2707602;2023;STN/SICONFI;87321741.93;85712848.93;2945049.46;75931635.41;
2707701;2023;STN/SICONFI;384590384.19;378353673.42;43024145.42;307937818.0;
2707800;2023;STN/SICONFI;50173522.56;49463642.56;580890.91;47657512.93;
2707909;2023;STN/SICONFI;57480968.09;55542200.79;2062682.46;50558470.63;
2708006;2023;STN/SICONFI;266754031.88;255334762.88;13226757.05;229944423.25;
2708105;2023;STN/SICONFI;83184309.08;82431814.28;1032545.53;77561043.3;
2708204;2023;STN/SICONFI;49619809.64;48660846.06;2197652.26;43864040.47;
2708303;2023;STN/SICONFI;137618820.6;123611968.88;3465269.65;111727124.69;
2708402;2023;STN/SICONFI;158274134.75;155617634.75;5314869.08;136467546.41;
2708501;2023;STN/SICONFI;163411854.39;156336561.31;6103112.04;134205552.22;
2708600;2023;STN/SICONFI;317541100.02;314525398.61;23067164.51;272617579.98;
2708709;2023;STN/SICONFI;70766316.5;70766316.5;6706940.2;57691538.99;
2708808;2023;STN/SICONFI;173357669.77;171903165.45;5890015.48;155732170.71;
2708907;2023;STN/SICONFI;102331080.19;101831080.19;5650940.51;90225515.06;
2708956;2023;STN/SICONFI;87275812.01;82238512.82;2224398.52;69952580.94;
2709004;2023;STN/SICONFI;52022671.19;51883781.19;2376002.79;47013805.02;
2709103;2023;STN/SICONFI;127625304.97;126953090.25;5514803.11;111844020.76;
2709152;2023;STN/SICONFI;285772514.93;284684478.16;15025157.09;242447476.18;
2709202;2023;STN/SICONFI;142065953.93;138204318.73;4635201.94;127482721.71;
2709301;2023;STN/SICONFI;265854142.42;251259275.37;9510182.01;235366234.14;
2709400;2023;STN/SICONFI;124803237.75;122414915.69;5518436.7;104051648.33;
2800100;2023;STN/SICONFI;28461504.91;27211504.91;739162.69;26047737.88;
2800209;2023;STN/SICONFI;93794800.02;93227300.02;2096410.95;89856807.01;
2800308;2023;STN/SICONFI;3049480298.97;2843899069.55;960184160.03;1643654593.2;
2800407;2023;STN/SICONFI;62034031.37;55273741.37;3533908.48;50961311.21;
2800506;2023;STN/SICONFI;98314475.71;98009845.98;7765764.36;88670148.25;
2800605;2023;STN/SICONFI;257415794.39;244621374.39;66764257.95;167831195.22;
2800670;2023;STN/SICONFI;92291668.63;90686707.33;7281992.14;81861912.47;
2800704;2023;STN/SICONFI;51412735.71;51412735.71;2062425.63;47715353.1;
2801009;2023;STN/SICONFI;76686863.32;71634893.47;5772532.04;62080898.79;
2801108;2023;STN/SICONFI;32735965.95;32374100.95;1094602.54;30045251.88;
2801207;2023;STN/SICONFI;238714608.72;237179755.97;15362979.03;217823477.23;
2801306;2023;STN/SICONFI;188919007.76;181938174.04;10425014.58;145743756.83;
2801405;2023;STN/SICONFI;94694831.48;92674836.57;5743715.23;82837031.18;
2801504;2023;STN/SICONFI;95826781.11;94413413.88;21952204.13;71197886.43;
2801603;2023;STN/SICONFI;44392421.71;39262421.71;1448826.21;36870292.61;
2801702;2023;STN/SICONFI;101595393.11;98476612.81;6296137.65;86881152.33;
2801900;2023;STN/SICONFI;31814021.1;30469387.0;1574843.15;28412082.74;
2802007;2023;STN/SICONFI;52569000.51;49314457.51;2714144.25;46092817.36;
2802106;2023;STN/SICONFI;297206256.99;290005616.59;36813131.88;230284417.88;
2802205;2023;STN/SICONFI;41314178.66;35657475.51;1984565.63;32016660.89;
2802304;2023;STN/SICONFI;69859672.39;69258539.06;4571679.47;63628878.64;
2802403;2023;STN/SICONFI;51821306.11;49454223.61;2841335.85;45093595.29;
2802502;2023;STN/SICONFI;38908495.6;37908193.6;1581309.3;36158023.94;
2802601;2023;STN/SICONFI;36394676.71;36114694.2;1406727.38;32142202.65;
2802700;2023;STN/SICONFI;53941328.17;53620268.23;1708701.44;47454324.14;
2802809;2023;STN/SICONFI;91579171.09;90396975.98;7081333.67;82333217.48;
2802908;2023;STN/SICONFI;361696908.56;349381278.96;50628973.2;283201321.23;
2803005;2023;STN/SICONFI;157693169.82;157003489.82;11270701.16;139021402.76;
2803104;2023;STN/SICONFI;32086960.72;30903223.72;1282784.25;29224116.08;
2803203;2023;STN/SICONFI;160397331.11;160140152.67;15877322.59;135661088.38;
2803302;2023;STN/SICONFI;90766874.89;88408250.0;12025641.95;75573986.23;
2803401;2023;STN/SICONFI;76115256.67;74621328.67;6094444.27;67260957.06;
2803500;2023;STN/SICONFI;355181354.07;344141149.27;44760241.88;290597285.17;
2803609;2023;STN/SICONFI;205296125.47;195452413.59;17229203.01;166196836.37;
2803708;2023;STN/SICONFI;41056509.38;38373360.65;2080670.57;35689166.75;
2803807;2023;STN/SICONFI;40128611.55;37242611.55;997881.22;35454800.14;
2803906;2023;STN/SICONFI;60623824.05;60336518.05;3449164.94;55458534.14;
2804003;2023;STN/SICONFI;100712771.08;91450566.08;7297571.52;80980958.7;
2804102;2023;STN/SICONFI;64133155.28;59803794.42;3965298.72;54127908.36;
2804201;2023;STN/SICONFI;71422282.97;66262568.77;5491389.32;59340514.17;
2804300;2023;STN/SICONFI;43030333.48;40945974.02;2957392.33;37329394.78;
2804409;2023;STN/SICONFI;80870115.58;76054494.37;2635840.69;72614784.27;
2804458;2023;STN/SICONFI;45114905.36;40546704.11;1949536.88;37575324.18;
2804508;2023;STN/SICONFI;177924294.88;176241590.88;18956560.39;149718889.67;
2804607;2023;STN/SICONFI;123578051.37;121133587.09;8626821.28;100991245.54;
2804706;2023;STN/SICONFI;33685535.52;33485535.52;1053386.85;31708155.44;
2804805;2023;STN/SICONFI;606096038.41;605722099.97;74637260.77;486492846.7;
2804904;2023;STN/SICONFI;186278469.04;185775261.04;6258889.45;86827643.97;
2805000;2023;STN/SICONFI;30916795.8;28776754.8;1025711.18;27517249.83;
2805109;2023;STN/SICONFI;52509154.31;49925249.65;2539133.05;46019064.77;
2805208;2023;STN/SICONFI;36806845.26;36456845.26;1986306.35;34208717.0;
2805307;2023;STN/SICONFI;88897177.38;87889545.3;3739790.58;82532051.84;
2805406;2023;STN/SICONFI;124816489.66;124816489.66;9545265.62;111054383.31;
2805505;2023;STN/SICONFI;85278256.83;83565155.1;7913023.73;74228283.51;
2805604;2023;STN/SICONFI;105948348.23;105107189.23;8311087.68;94022876.12;
2805703;2023;STN/SICONFI;94037744.69;92701056.19;8317627.81;81495551.85;
2805802;2023;STN/SICONFI;85561239.95;82159383.84;6106552.19;74540202.95;
2805901;2023;STN/SICONFI;71339005.45;65744699.45;3789025.2;60873227.42;
2806008;2023;STN/SICONFI;85519466.95;84561030.85;4578128.45;75988005.16;
2806107;2023;STN/SICONFI;106389920.74;105131995.74;15013042.44;89275495.0;
2806206;2023;STN/SICONFI;86587736.87;81328513.87;4351033.34;73657296.93;
2806305;2023;STN/SICONFI;92273229.92;91651148.16;4820112.34;85194613.85;
2806404;2023;STN/SICONFI;62280472.37;55262007.43;2485855.52;47447454.02;
2806503;2023;STN/SICONFI;33946695.68;33520372.23;1809286.56;31500704.45;
2806602;2023;STN/SICONFI;63809460.36;62794689.16;4483699.12;55418340.77;
2806701;2023;STN/SICONFI;304916496.62;302726795.26;31627653.05;254215497.11;
2806800;2023;STN/SICONFI;50376351.51;50376351.51;2533389.32;47090097.47;
2806909;2023;STN/SICONFI;32970632.19;31370282.19;1059526.57;29172704.83;
2807006;2023;STN/SICONFI;32569938.68;31849053.06;1409763.83;29532543.48;
2807105;2023;STN/SICONFI;150437806.68;146635373.92;14656818.69;127013774.06;
2807204;2023;STN/SICONFI;51083072.37;50315968.37;3283486.1;45785351.41;
2807303;2023;STN/SICONFI;31101534.66;29891468.66;848846.33;28155656.71;
2807402;2023;STN/SICONFI;183633408.69;172401046.84;16254236.74;153172279.3;
2807501;2023;STN/SICONFI;57665798.56;55559779.87;3620953.6;49947180.78;
2807600;2023;STN/SICONFI;103918606.98;101950493.66;7429005.31;91411243.02;
2900108;2023;STN/SICONFI;32237641.59;31616891.59;1278882.92;30020994.15;
2900207;2023;STN/SICONFI;87563602.75;84942498.75;5909865.55;78407758.52;
2900306;2023;STN/SICONFI;83405745.46;78136873.93;4597407.13;72891004.33;
2900355;2023;STN/SICONFI;78434504.29;76660877.58;3930866.49;71591724.23;
2900405;2023;STN/SICONFI;84664460.1;82835024.97;4492658.2;77169392.38;
2900504;2023;STN/SICONFI;53133336.7;50988340.82;541805.44;48650693.94;
2900603;2023;STN/SICONFI;45623931.03;45232025.03;1581682.28;43359267.37;
2900702;2023;STN/SICONFI;664260801.24;643508948.78;99421639.71;472089471.24;
2900801;2023;STN/SICONFI;135266438.23;129021517.14;12319542.89;114895172.28;
2900900;2023;STN/SICONFI;32229647.81;31997588.75;1295012.28;30470149.13;
2901007;2023;STN/SICONFI;190276474.67;160088349.04;16779695.51;133686398.8;
2901106;2023;STN/SICONFI;108377590.27;102053609.22;9442109.26;90873247.63;
2901155;2023;STN/SICONFI;79102581.84;78237282.01;4294987.97;73536009.2;
2901205;2023;STN/SICONFI;86891843.4;86087043.4;3014055.01;82768932.99;
2901304;2023;STN/SICONFI;74092334.41;67227032.61;4191303.26;59897228.91;
2901353;2023;STN/SICONFI;108057843.61;105861564.26;7045578.85;96993168.51;
2901403;2023;STN/SICONFI;66509756.58;65959756.58;2517568.98;61687689.66;
2901502;2023;STN/SICONFI;58873240.51;51910729.32;2384220.7;48502806.69;
2901601;2023;STN/SICONFI;96411774.67;90455602.67;4177778.65;85631237.44;
2901700;2023;STN/SICONFI;54328608.34;54328608.34;2827897.03;50727038.27;
2901809;2023;STN/SICONFI;60949081.57;59472188.59;2269132.51;53061152.89;
2901908;2023;STN/SICONFI;79635652.5;79253350.12;2491263.32;74912670.25;
2901957;2023;STN/SICONFI;37849353.32;37848777.28;2253303.96;35274085.5;
2902005;2023;STN/SICONFI;70530574.93;66907996.52;1911680.22;63862797.81;
2902054;2023;STN/SICONFI;80586573.78;79329442.53;6685975.53;69213315.02;
2902104;2023;STN/SICONFI;253502295.71;249715928.65;15125657.57;215130595.31;
2902203;2023;STN/SICONFI;51526836.06;48450873.39;2655761.48;44722460.25;
2902252;2023;STN/SICONFI;61145526.8;58750949.66;4554007.42;52562142.79;
2902302;2023;STN/SICONFI;47294402.32;46594083.12;1965953.53;44121648.23;
2902401;2023;STN/SICONFI;70869725.32;70246263.85;2381349.41;66575654.44;
2902500;2023;STN/SICONFI;79980048.36;79015597.39;7636072.71;70743992.88;
2902609;2023;STN/SICONFI;82668628.92;76099745.9;4884955.57;69128109.97;
2902658;2023;STN/SICONFI;93084901.05;85266795.5;3447742.31;79893819.7;
2902708;2023;STN/SICONFI;190704876.3;190694876.3;11152547.74;173633017.96;
2902807;2023;STN/SICONFI;102037728.35;98213889.79;6256779.76;90555063.95;
2902906;2023;STN/SICONFI;163664432.65;162861813.65;11481885.87;144610672.58;
2903003;2023;STN/SICONFI;57221921.89;56559148.02;2472369.02;53672658.22;
2903102;2023;STN/SICONFI;52572707.45;46611878.16;1396401.94;44417031.17;
2903201;2023;STN/SICONFI;897856861.63;814735182.17;134245403.77;650681469.27;
2903235;2023;STN/SICONFI;64282569.7;63462865.17;1746601.9;61405757.7;
2903276;2023;STN/SICONFI;92697750.63;90531109.22;5645616.61;81611658.4;
2903300;2023;STN/SICONFI;48592594.66;48492351.15;2514906.3;45246927.24;
2903409;2023;STN/SICONFI;99326272.03;95899306.59;6496641.01;88885793.25;
2903508;2023;STN/SICONFI;94007044.42;84645647.04;4968380.75;77914788.58;
2903607;2023;STN/SICONFI;101053376.72;93495506.8;3295505.88;89757877.65;
2903706;2023;STN/SICONFI;64676862.84;64530064.38;2501123.44;61657802.09;
2903805;2023;STN/SICONFI;83459655.03;79076407.42;3082096.88;75494224.73;
2903904;2023;STN/SICONFI;309215945.22;304312304.22;22072983.95;261073641.65;
2903953;2023;STN/SICONFI;43754276.35;42330393.5;2586982.0;39352841.29;
2904001;2023;STN/SICONFI;65602591.09;63985507.09;4285927.43;59094026.85;
2904050;2023;STN/SICONFI;92308969.34;90306720.84;4301306.8;79633075.65;
2904100;2023;STN/SICONFI;85175016.21;81255201.41;4336473.49;74801632.37;
2904209;2023;STN/SICONFI;57729344.19;57729344.19;1748704.99;55682396.15;
2904308;2023;STN/SICONFI;70153287.58;69926142.5;4437530.28;64853027.9;
2904407;2023;STN/SICONFI;49363601.79;41677282.44;1020436.38;39867635.12;
2904506;2023;STN/SICONFI;61124813.39;60453281.68;5308069.29;53817984.01;
2904605;2023;STN/SICONFI;326221018.66;297438259.49;44967441.47;245845216.73;
2904704;2023;STN/SICONFI;69987669.82;69937669.82;3832446.74;64942020.22;
2904753;2023;STN/SICONFI;94655424.59;91224417.01;3319017.75;87411622.18;
2904803;2023;STN/SICONFI;41847529.14;41830445.14;1696734.38;39701437.62;
2904852;2023;STN/SICONFI;90183029.52;83807757.31;4670021.4;78230499.49;
2904902;2023;STN/SICONFI;122870366.9;121391232.22;6712149.9;114018951.81;
2905008;2023;STN/SICONFI;105392294.26;101490959.97;5642784.53;94046325.77;
2905107;2023;STN/SICONFI;61221442.98;56014257.86;4431264.34;50606425.02;
2905156;2023;STN/SICONFI;59499260.16;58285635.16;2746329.46;55273207.86;
2905206;2023;STN/SICONFI;;;;;
2905305;2023;STN/SICONFI;92893458.38;89525158.1;8504447.91;80000700.52;
2905404;2023;STN/SICONFI;147007765.46;141871582.22;19989352.85;112392899.11;
2905503;2023;STN/SICONFI;78135316.82;77406269.98;839613.57;75015561.9;
2905602;2023;STN/SICONFI;122789114.88;122071138.67;8868370.46;111197828.98;
2905701;2023;STN/SICONFI;2270716271.54;2125731585.15;713796753.32;1190923434.95;
2905800;2023;STN/SICONFI;134742949.58;134605381.54;6152221.12;127588482.84;
2905909;2023;STN/SICONFI;154877399.32;153047860.95;10452604.78;140893522.3;
2906006;2023;STN/SICONFI;421739339.6;351035629.6;30475752.25;290355837.88;
2906105;2023;STN/SICONFI;45952175.51;45952175.51;1385014.4;44007538.92;
2906204;2023;STN/SICONFI;118990817.04;113420384.36;5160103.83;107879182.8;
2906303;2023;STN/SICONFI;126539225.56;124868600.56;8608336.52;114429009.2;
2906402;2023;STN/SICONFI;34829067.28;34052852.82;1112032.05;32579795.18;
2906501;2023;STN/SICONFI;629703381.39;607660045.02;145358621.64;420514372.77;
2906600;2023;STN/SICONFI;59531011.69;58852849.34;3765088.54;53669829.33;
2906709;2023;STN/SICONFI;102701787.36;102669412.46;6670085.53;95039144.67;
2906808;2023;STN/SICONFI;229983896.29;226438490.29;8057553.77;211064340.56;
2906824;2023;STN/SICONFI;92895404.8;89930435.8;4652481.16;84495498.14;
2906857;2023;STN/SICONFI;67156745.42;62805532.72;1821161.64;52534653.0;
2906873;2023;STN/SICONFI;139824667.59;134869688.04;10844817.4;120328715.08;
2906899;2023;STN/SICONFI;54851834.63;54259752.6;1714373.15;50580784.77;
2906907;2023;STN/SICONFI;129500640.75;120003962.39;12084145.13;106869564.88;
2907004;2023;STN/SICONFI;62080706.93;59804159.38;3582084.77;55384621.15;
2907103;2023;STN/SICONFI;160250153.87;159545309.77;7072475.68;142446789.74;
2907202;2023;STN/SICONFI;257226412.69;256371858.97;15742210.26;232556458.19;
2907301;2023;STN/SICONFI;146074559.93;125904333.03;7253231.78;116935871.02;
2907400;2023;STN/SICONFI;29154887.86;28297053.86;1140905.28;26773366.51;
2907509;2023;STN/SICONFI;230828411.58;219729102.28;43166683.43;159473738.83;
2907558;2023;STN/SICONFI;43069267.44;43069267.44;1346733.52;41203551.86;
2907608;2023;STN/SICONFI;66751208.92;65403793.98;3696096.92;61425275.89;
2907707;2023;STN/SICONFI;64071992.6;61437372.19;4177274.98;56430250.3;
2907806;2023;STN/SICONFI;165297492.63;155139932.99;9036142.79;145329580.76;
2907905;2023;STN/SICONFI;109405618.33;98231860.67;6027629.46;91491272.05;
2908002;2023;STN/SICONFI;81376233.81;78929218.9;4048995.7;73466208.98;
2908101;2023;STN/SICONFI;120171828.15;115392165.67;10117557.55;103468403.64;
2908200;2023;STN/SICONFI;104322568.27;98076756.83;5344795.17;92025459.5;
2908309;2023;STN/SICONFI;77073578.17;72768864.0;2965071.74;69034735.01;
2908408;2023;STN/SICONFI;244193723.89;243923253.31;13870744.09;218698720.24;
2908507;2023;STN/SICONFI;166544424.18;155048437.42;20987881.51;133762131.35;
2908606;2023;STN/SICONFI;118571266.69;112106708.18;9880677.06;99585940.56;
2908705;2023;STN/SICONFI;79525182.09;79525182.09;3807299.53;75341945.11;
2908804;2023;STN/SICONFI;29954585.34;29221636.82;1510986.52;27345350.48;
2908903;2023;STN/SICONFI;129711375.53;120332583.83;6235588.33;107235086.82;
2909000;2023;STN/SICONFI;42231841.18;42221341.18;1521656.6;39749972.29;
2909109;2023;STN/SICONFI;80554552.47;79807152.82;3274954.82;73665274.52;
2909208;2023;STN/SICONFI;122249722.65;118418009.43;4266413.37;105402539.73;
2909307;2023;STN/SICONFI;304616484.88;301041664.56;43896175.0;232009921.95;
2909406;2023;STN/SICONFI;66169040.0;58160940.0;1593500.0;55664300.0;
2909505;2023;STN/SICONFI;38026746.41;35893447.46;1396435.96;33771196.92;
2909604;2023;STN/SICONFI;108974463.07;104737074.17;6099568.4;97765384.88;
2909703;2023;STN/SICONFI;65694519.37;62981484.11;2871834.95;57484409.9;
2909802;2023;STN/SICONFI;224844754.88;210215414.33;25367287.58;179474330.24;
2909901;2023;STN/SICONFI;159247575.49;155536800.62;10212880.26;139756265.09;
2910008;2023;STN/SICONFI;66029944.52;65303744.52;3253954.32;60691242.01;
2910057;2023;STN/SICONFI;355448617.44;352361446.9;74915695.25;265111972.49;
2910107;2023;STN/SICONFI;65806890.09;62502031.01;3117542.32;57204638.28;
2910206;2023;STN/SICONFI;33028176.48;29867279.77;721099.7;28385162.18;
2910305;2023;STN/SICONFI;43320892.67;42418195.56;1300395.87;40592783.73;
2910404;2023;STN/SICONFI;80558900.34;79598205.24;3845034.01;75644212.01;
2910503;2023;STN/SICONFI;174030092.05;171374190.95;21441867.71;146379157.93;
2910602;2023;STN/SICONFI;162729852.8;162229852.8;17446733.14;141172123.51;
2910701;2023;STN/SICONFI;290966233.82;275073926.22;22883255.18;244801391.52;
2910727;2023;STN/SICONFI;479753302.93;473184788.4;94004501.77;370377883.44;
2910750;2023;STN/SICONFI;95934427.54;95509361.67;4275960.03;90264474.63;
2910776;2023;STN/SICONFI;36592654.93;35711799.4;2142698.03;32764835.74;
2910800;2023;STN/SICONFI;2036599098.73;2022608730.27;461026302.14;1223153660.5;
2910859;2023;STN/SICONFI;111909295.67;111909295.67;5474183.87;95322420.73;
2910909;2023;STN/SICONFI;41376066.66;41302941.66;1285792.9;39793570.89;
2911006;2023;STN/SICONFI;46834895.51;46566895.51;1523681.73;43762915.73;
2911105;2023;STN/SICONFI;307728848.88;307137870.33;28585686.15;273935830.08;
2911204;2023;STN/SICONFI;154817857.81;134169655.36;6984472.28;122011261.91;
2911253;2023;STN/SICONFI;31241660.76;30946660.76;1027121.44;29191623.62;
2911303;2023;STN/SICONFI;84456107.48;83339685.87;28209788.49;53146073.93;
2911402;2023;STN/SICONFI;82042263.8;81447263.73;2516991.15;78200549.5;
2911501;2023;STN/SICONFI;50850748.4;50796938.4;1224392.26;49387230.23;
2911600;2023;STN/SICONFI;92184387.69;90339008.64;4747022.0;84304448.12;
2911659;2023;STN/SICONFI;40660128.28;40660128.28;913722.74;39331515.13;
2911709;2023;STN/SICONFI;364894280.58;331335005.82;57612579.28;261314019.67;
2911808;2023;STN/SICONFI;85438973.34;81734132.6;4820861.13;75960635.85;
2911857;2023;STN/SICONFI;66345410.49;64864601.3;3444858.81;61022534.37;
2911907;2023;STN/SICONFI;123304840.59;113749417.0;3115806.82;109977008.74;
2912004;2023;STN/SICONFI;49173110.46;47926591.46;2078322.03;45408430.29;
2912103;2023;STN/SICONFI;96788133.85;89984810.52;2508412.25;82383848.13;
2912202;2023;STN/SICONFI;123617923.54;122393044.1;5242094.43;102417388.25;
2912301;2023;STN/SICONFI;66157365.1;66157365.1;4270711.84;60041371.85;
2912400;2023;STN/SICONFI;66418680.47;64117394.79;3701647.07;59980365.05;
2912509;2023;STN/SICONFI;71365083.73;67686467.11;3139353.73;62833900.73;
2912608;2023;STN/SICONFI;29871951.72;29231451.72;735494.92;28213004.77;
2912707;2023;STN/SICONFI;108594309.7;105360776.47;5364710.51;98247348.92;
2912806;2023;STN/SICONFI;68107631.9;66388131.9;5365004.48;60150502.41;
2912905;2023;STN/SICONFI;91103257.45;88903316.45;3357943.42;84529704.22;
2913002;2023;STN/SICONFI;70996160.18;65612969.24;10704438.72;53718305.15;
2913101;2023;STN/SICONFI;72445684.76;70269006.5;2337415.3;67436703.23;
2913200;2023;STN/SICONFI;154102236.64;142547093.01;20087469.46;119876653.4;
2913309;2023;STN/SICONFI;39435621.74;37202329.88;1243920.21;35460972.11;
2913408;2023;STN/SICONFI;74887537.61;74029410.26;5395674.33;66053493.1;
2913457;2023;STN/SICONFI;73340949.24;71782797.57;1487101.06;69223784.44;
2913507;2023;STN/SICONFI;89696860.02;89696860.02;3460896.12;85954833.03;
2913606;2023;STN/SICONFI;773766422.15;767426897.54;149797745.82;550104977.87;
2913705;2023;STN/SICONFI;174075158.25;173883857.02;11325658.07;159343550.13;
2913804;2023;STN/SICONFI;90367887.3;87317543.49;1687409.2;82050276.51;
2913903;2023;STN/SICONFI;177467128.02;171414757.98;19539143.58;144371287.97;
2914000;2023;STN/SICONFI;214942956.84;211088252.94;14310651.87;189333590.62;
2914109;2023;STN/SICONFI;42793321.2;40057309.7;1764660.34;37976245.19;
2914208;2023;STN/SICONFI;45024937.14;41915293.49;2364973.62;37093423.24;
2914307;2023;STN/SICONFI;50998760.2;49959062.33;2392840.34;46373916.88;
2914406;2023;STN/SICONFI;121514303.58;110534277.9;5847237.76;102672491.94;
2914505;2023;STN/SICONFI;131956829.31;123946691.55;9921431.28;109965100.78;
2914604;2023;STN/SICONFI;315310903.88;285743899.34;48202158.51;228806167.0;
2914653;2023;STN/SICONFI;140689126.07;140689126.07;11650337.4;123078207.73;
2914703;2023;STN/SICONFI;260259306.31;259298694.95;27178487.02;225493830.51;
2914802;2023;STN/SICONFI;980625545.43;855674772.6;137657262.63;674979284.32;
2914901;2023;STN/SICONFI;139625550.26;136291113.79;25455799.81;107807214.93;
2915007;2023;STN/SICONFI;68987053.38;67626861.76;2984881.9;63801529.68;
2915106;2023;STN/SICONFI;70431578.67;68807761.1;3602637.59;64682585.64;
2915205;2023;STN/SICONFI;143870179.6;142194983.39;37252016.29;102822248.67;
2915304;2023;STN/SICONFI;49797887.39;46644527.44;3439129.48;41394554.0;
2915353;2023;STN/SICONFI;120819177.89;74494124.42;7887251.05;65262204.56;
2915403;2023;STN/SICONFI;37441076.24;37441076.24;1309664.5;35721264.07;
2915502;2023;STN/SICONFI;91329341.7;91306941.7;3455776.07;83832390.75;
2915601;2023;STN/SICONFI;267498673.41;247042635.32;19070332.72;221724312.87;
2915700;2023;STN/SICONFI;35429746.93;34730102.69;1304477.33;32947140.38;
2915809;2023;STN/SICONFI;115766411.23;108973091.55;6255160.46;100932954.02;
2915908;2023;STN/SICONFI;50583877.67;50296571.67;2326144.57;47828732.72;
2916005;2023;STN/SICONFI;80736780.83;80731183.67;1896883.63;78406721.59;
2916104;2023;STN/SICONFI;108736946.84;106936749.84;10160749.43;95387881.82;
2916203;2023;STN/SICONFI;48097114.32;47715114.32;2181384.66;44939681.02;
2916302;2023;STN/SICONFI;66420628.83;65369688.71;2012299.47;61947610.77;
2916401;2023;STN/SICONFI;264894013.73;263473498.89;22448371.06;223373165.39;
2916500;2023;STN/SICONFI;174963924.47;171879385.07;8286105.16;161703387.33;
2916609;2023;STN/SICONFI;53284436.55;52297088.55;1940523.23;50209906.63;
2916708;2023;STN/SICONFI;37594382.65;36926082.65;1324948.25;35349405.13;
2916807;2023;STN/SICONFI;93680589.09;89489852.42;3693957.87;77649254.13;
2916856;2023;STN/SICONFI;98608209.51;89527447.86;6449945.35;82074090.96;
2916906;2023;STN/SICONFI;8012886.48;8012886.48;180279.92;7711429.22;
2917003;2023;STN/SICONFI;160732715.6;160732715.6;9290809.54;150503147.12;
2917102;2023;STN/SICONFI;77628601.19;77377964.75;4869242.21;67114273.25;
2917201;2023;STN/SICONFI;90509955.28;84732805.8;3536432.79;80560697.02;
2917300;2023;STN/SICONFI;109972944.49;108866595.1;6192191.46;101149086.63;
2917334;2023;STN/SICONFI;58703695.27;57083906.32;2591965.57;52248151.39;
2917359;2023;STN/SICONFI;112302833.5;110552734.0;13722064.92;92470407.64;
2917409;2023;STN/SICONFI;64360197.73;61148354.87;2639438.21;55886067.56;
2917508;2023;STN/SICONFI;417675694.34;404314573.58;48419500.91;324034995.91;
2917607;2023;STN/SICONFI;186984697.86;181252461.56;13663628.63;163912574.43;
2917706;2023;STN/SICONFI;210232755.5;196794807.65;26396028.84;168039890.95;
2917805;2023;STN/SICONFI;99341826.02;98315735.74;9930561.99;84608996.54;
2917904;2023;STN/SICONFI;64466495.92;58171191.99;3136725.23;54646077.18;
2918001;2023;STN/SICONFI;701486186.67;674043732.69;96113060.32;524993447.66;
2918100;2023;STN/SICONFI;168691998.47;166817918.0;14405327.08;151520821.31;
2918209;2023;STN/SICONFI;84426353.59;82597805.59;2145922.37;79642905.45;
2918308;2023;STN/SICONFI;91023442.34;87028180.52;5034781.1;80639383.25;
2918357;2023;STN/SICONFI;110141998.19;108333101.96;7023648.37;98730264.71;
2918407;2023;STN/SICONFI;1095717280.4;1094629941.67;124327743.07;790994503.95;
2918456;2023;STN/SICONFI;47846156.59;47705095.58;878316.43;46075076.35;
2918506;2023;STN/SICONFI;77595233.62;69729053.62;3163211.85;64454537.16;
2918555;2023;STN/SICONFI;43271451.08;43208712.09;1346658.67;40640538.38;
2918605;2023;STN/SICONFI;37880030.31;37436819.14;1638066.03;35502780.86;
2918704;2023;STN/SICONFI;36216167.7;35297188.2;1546750.04;33329526.87;
2918753;2023;STN/SICONFI;58366000.92;55784248.42;1478315.49;54094858.87;
2918803;2023;STN/SICONFI;116484213.43;115413848.25;5087363.59;109770047.17;
2918902;2023;STN/SICONFI;32463371.53;31985385.23;1045222.47;30553070.71;
2919009;2023;STN/SICONFI;32395621.75;28977952.85;1556151.72;26878025.93;
2919058;2023;STN/SICONFI;49488505.86;46459202.87;1287380.61;44049317.5;
2919108;2023;STN/SICONFI;43852739.17;42696919.28;1168025.04;41049639.8;
2919157;2023;STN/SICONFI;147721817.67;125722265.75;7370032.41;115907823.53;
2919207;2023;STN/SICONFI;1005185594.81;983728050.58;314785800.05;580035608.67;
2919306;2023;STN/SICONFI;66700974.35;62905069.16;5688962.14;56241030.95;
2919405;2023;STN/SICONFI;51387419.37;50189391.66;3785906.96;45407887.02;
2919504;2023;STN/SICONFI;172041983.03;161236979.53;9911921.57;145685435.83;
2919553;2023;STN/SICONFI;852748423.41;769596169.71;185665713.96;561024197.72;
2919603;2023;STN/SICONFI;65722700.28;62354996.4;5431060.03;54882902.03;
2919702;2023;STN/SICONFI;80088117.72;76690769.73;3615647.01;68819733.07;
2919801;2023;STN/SICONFI;179375887.26;173904515.32;7506609.72;154080334.7;
2919900;2023;STN/SICONFI;45630191.4;44059277.77;1275530.24;42328391.88;
2919926;2023;STN/SICONFI;292950796.5;292950796.5;53547004.28;229475392.38;
2919959;2023;STN/SICONFI;34790601.46;33746335.34;1101750.07;31424621.51;
2920007;2023;STN/SICONFI;45758867.12;45730420.01;885192.3;44491682.04;
2920106;2023;STN/SICONFI;76493957.63;73696183.86;4587688.43;67009379.63;
2920205;2023;STN/SICONFI;79538280.01;78255986.5;3811612.83;73629252.85;
2920304;2023;STN/SICONFI;56091725.36;56091725.36;2414247.93;53011918.32;
2920403;2023;STN/SICONFI;57506268.18;56729757.77;3888577.6;52124427.04;
2920452;2023;STN/SICONFI;60118726.81;56991278.29;1757791.19;54670838.61;
2920502;2023;STN/SICONFI;130548464.46;129977705.49;22214135.16;105681888.42;
2920601;2023;STN/SICONFI;144061478.84;144061337.09;9152700.0;133567137.09;
2920700;2023;STN/SICONFI;115920150.83;115075897.07;22652921.06;91026509.19;
2920809;2023;STN/SICONFI;64034476.68;57311030.66;4523315.8;52508282.1;
2920908;2023;STN/SICONFI;70404985.36;69849013.06;3068368.4;66446607.62;
2921005;2023;STN/SICONFI;412722182.89;411579930.82;200130533.91;185050763.05;
2921054;2023;STN/SICONFI;58690017.74;58690017.74;3948110.74;53467970.93;
2921104;2023;STN/SICONFI;122252267.41;112722622.19;7910569.09;103741338.46;
2921203;2023;STN/SICONFI;127656349.94;125100367.05;5744032.65;114608973.79;
2921302;2023;STN/SICONFI;62720870.65;55940103.23;2690102.98;52244738.58;
2921401;2023;STN/SICONFI;89684784.38;82046987.65;3916368.61;77613326.05;
2921450;2023;STN/SICONFI;47486409.72;45049735.97;2016422.87;41983084.47;
2921500;2023;STN/SICONFI;254528872.04;243898845.18;13067956.09;224410029.44;
2921609;2023;STN/SICONFI;44191452.84;41752602.67;1458016.6;39631427.0;
2921708;2023;STN/SICONFI;213086970.81;192830897.14;38125373.5;143605149.1;
2921807;2023;STN/SICONFI;56063194.9;54473931.22;1741914.47;51055210.81;
2921906;2023;STN/SICONFI;84296776.79;83438324.42;8878911.13;72345878.52;
2922003;2023;STN/SICONFI;264738916.23;260511796.03;30539737.48;228356655.85;
2922052;2023;STN/SICONFI;70263568.86;68980225.5;3868464.12;64251038.37;
2922102;2023;STN/SICONFI;99431108.69;95607928.21;5873331.29;88753407.05;
2922201;2023;STN/SICONFI;45429018.47;44042140.1;1257276.37;42277668.83;
2922250;2023;STN/SICONFI;68698395.71;66633994.48;3881247.95;61931690.58;
2922300;2023;STN/SICONFI;158069548.06;156690987.56;7819167.99;143976835.83;
2922409;2023;STN/SICONFI;90835244.71;89377969.88;6573155.18;81793857.45;
2922508;2023;STN/SICONFI;188711858.22;171579820.09;11457617.52;158707973.59;
2922607;2023;STN/SICONFI;89339049.11;86139028.51;3093691.37;79446545.91;
2922656;2023;STN/SICONFI;83044393.48;78284639.8;4911450.54;71761864.03;
2922706;2023;STN/SICONFI;78354443.49;77938132.49;1832624.4;75084159.82;
2922730;2023;STN/SICONFI;40267035.02;40266979.02;1318866.78;38514851.93;
2922755;2023;STN/SICONFI;42022282.61;41880400.78;1682264.61;39754268.99;
2922805;2023;STN/SICONFI;59343927.32;46491529.8;2555103.4;43666449.38;
2922854;2023;STN/SICONFI;37782635.84;36283526.82;791711.34;35449544.69;
2922904;2023;STN/SICONFI;112527932.9;107931296.18;5256321.74;101542360.9;
2923001;2023;STN/SICONFI;179857354.15;177589945.2;14091426.97;162895640.79;
2923035;2023;STN/SICONFI;65185860.27;60266524.5;10082300.68;49690632.94;
2923050;2023;STN/SICONFI;80538511.66;75286147.47;3645089.42;71239318.28;
2923100;2023;STN/SICONFI;109451593.65;102114016.83;7849436.36;93248763.09;
2923209;2023;STN/SICONFI;99343064.02;97277659.5;9899172.0;81810697.96;
2923308;2023;STN/SICONFI;53337487.02;52130551.02;2928440.42;47626248.73;
2923357;2023;STN/SICONFI;111198796.81;102105313.18;19282509.91;76125903.59;
2923407;2023;STN/SICONFI;86693022.52;86615422.52;2920940.9;83065338.39;
2923506;2023;STN/SICONFI;46984146.53;46767610.17;3129368.58;42953851.38;
2923605;2023;STN/SICONFI;92554137.28;89064824.9;8041770.03;80475807.74;
2923704;2023;STN/SICONFI;132384088.48;128836461.52;5580097.52;120249056.74;
2923803;2023;STN/SICONFI;117990169.55;111114587.65;8287828.36;99436607.35;
2923902;2023;STN/SICONFI;43458501.89;43142501.89;573147.03;42065916.72;
2924009;2023;STN/SICONFI;474306494.04;447554759.64;55019918.39;379557012.49;
2924058;2023;STN/SICONFI;68454720.38;63453707.72;3419301.41;59514872.87;
2924108;2023;STN/SICONFI;39412585.74;37746727.65;1047862.09;36023886.71;
2924207;2023;STN/SICONFI;77775932.09;74792076.28;908839.99;73129464.16;
2924306;2023;STN/SICONFI;113041529.56;104639763.44;5942748.45;97895201.28;
2924405;2023;STN/SICONFI;148847468.9;148413818.9;6686115.69;140500241.69;
2924504;2023;STN/SICONFI;75263724.95;74352517.57;4870851.23;68740346.05;
2924603;2023;STN/SICONFI;114111381.55;112458411.97;5308121.19;103459019.37;
2924652;2023;STN/SICONFI;48069890.74;47540554.05;2424163.65;44878373.22;
2924678;2023;STN/SICONFI;45479391.1;44826172.81;461494.83;44281443.68;
2924702;2023;STN/SICONFI;50665068.87;50537569.36;1291199.67;48411009.16;
2924801;2023;STN/SICONFI;81507793.05;78588967.85;1726035.95;76086389.15;
2924900;2023;STN/SICONFI;44407893.16;38582647.63;1726482.78;36301967.97;
2925006;2023;STN/SICONFI;97066456.82;96115766.2;4307007.44;90879590.97;
2925105;2023;STN/SICONFI;175787225.37;173638937.6;14283246.29;155879724.94;
2925204;2023;STN/SICONFI;278825144.4;240533392.89;37816124.47;194279606.13;
2925253;2023;STN/SICONFI;101461532.04;98453417.15;4881074.82;89232609.92;
2925303;2023;STN/SICONFI;866773784.94;819673349.3;253662596.55;511060700.02;
2925402;2023;STN/SICONFI;44262736.13;43568778.94;1637401.08;41818340.67;
2925501;2023;STN/SICONFI;169880060.21;161422406.03;16124992.05;140876979.67;
2925600;2023;STN/SICONFI;69454041.7;68162428.17;2580820.96;65024826.84;
2925709;2023;STN/SICONFI;58369939.57;55245191.93;1160289.03;53348454.82;
2925758;2023;STN/SICONFI;129614633.37;124939746.41;6706402.69;116490655.92;
2925808;2023;STN/SICONFI;109906114.09;107975425.37;6582376.41;100195877.19;
2925907;2023;STN/SICONFI;132423548.76;129105686.8;7537752.74;120681614.31;
2925931;2023;STN/SICONFI;70251374.37;66371074.5;1715469.61;62069980.69;
2925956;2023;STN/SICONFI;97711291.8;93630911.52;5344409.6;85734058.67;
2926004;2023;STN/SICONFI;166188480.79;161658995.11;6332120.69;148562839.41;
2926103;2023;STN/SICONFI;68142134.79;66153771.46;2762798.92;62032061.87;
2926202;2023;STN/SICONFI;155144152.45;155001359.38;15889014.82;137503468.37;
2926301;2023;STN/SICONFI;115851805.54;113796020.82;8706809.19;101920900.66;
2926400;2023;STN/SICONFI;118169474.43;116889374.43;5447089.82;109763685.33;
2926509;2023;STN/SICONFI;75151986.15;75151986.15;2740450.63;71648949.71;
2926608;2023;STN/SICONFI;220207324.24;212948094.4;15057609.74;191751958.81;
2926657;2023;STN/SICONFI;53079191.46;50939232.24;734390.05;46175999.05;
2926707;2023;STN/SICONFI;54080189.14;53487728.1;2222012.77;50656261.55;
2926806;2023;STN/SICONFI;65742450.39;63742450.39;3579741.83;57434522.4;
2926905;2023;STN/SICONFI;47782220.55;45861734.59;2024341.02;43296081.78;
2927002;2023;STN/SICONFI;151795763.7;150971193.12;9641280.35;132131859.96;
2927101;2023;STN/SICONFI;58480017.15;54104271.83;591032.58;53328884.38;
2927200;2023;STN/SICONFI;124183701.86;118811643.73;6624428.89;105308557.19;
2927309;2023;STN/SICONFI;95275418.77;92940556.91;5031749.46;84525052.06;
2927408;2023;STN/SICONFI;11001277475.87;10327641319.66;4221750970.79;4862072458.89;
2927507;2023;STN/SICONFI;91787637.78;89926877.81;3212514.04;85757452.35;
2927606;2023;STN/SICONFI;73471050.16;73471050.16;2291540.72;69594514.74;
2927705;2023;STN/SICONFI;160096213.94;159287987.32;28142417.43;128354356.01;
2927804;2023;STN/SICONFI;36019427.12;35374268.47;1335653.76;33578847.87;
2927903;2023;STN/SICONFI;73199391.6;62376712.75;2497508.84;58540802.89;
2928000;2023;STN/SICONFI;184767317.15;184767317.15;25311069.05;152826905.59;
2928059;2023;STN/SICONFI;63384472.29;62391640.59;3094365.66;58380962.65;
2928109;2023;STN/SICONFI;180853356.36;180733356.36;13128115.6;139582619.83;
2928208;2023;STN/SICONFI;116397506.06;115083370.11;3462831.22;110090592.37;
2928307;2023;STN/SICONFI;49767184.18;42057344.64;1784527.42;39644040.34;
2928406;2023;STN/SICONFI;118990367.4;117617780.5;6948866.2;105779464.2;
2928505;2023;STN/SICONFI;59311085.38;53858928.76;3091112.74;49798842.54;
2928604;2023;STN/SICONFI;226044373.37;225646010.28;16254323.98;205336791.97;
2928703;2023;STN/SICONFI;392009750.31;371860713.02;68049207.03;285863054.54;
2928802;2023;STN/SICONFI;259280324.44;239851456.01;15247546.27;219139356.16;
2928901;2023;STN/SICONFI;421391480.66;420864453.82;68717502.4;344629609.3;
2928950;2023;STN/SICONFI;47773797.23;43097705.22;1567278.72;40760460.21;
2929008;2023;STN/SICONFI;71731828.43;69877756.04;2448192.95;66762710.01;
2929057;2023;STN/SICONFI;83141399.61;83141399.61;4691480.9;70473403.06;
2929107;2023;STN/SICONFI;113481452.29;109412545.88;4810233.66;103418520.78;
2929206;2023;STN/SICONFI;922705674.03;920812764.33;138736538.44;697266558.12;
2929255;2023;STN/SICONFI;84227693.83;79535153.98;1944593.0;75773611.1;
2929305;2023;STN/SICONFI;145067031.23;144168697.57;13556232.89;126070017.66;
2929354;2023;STN/SICONFI;30797508.54;30797508.54;289822.96;30424032.3;
2929370;2023;STN/SICONFI;58686885.21;57188284.62;3190391.52;50747677.03;
2929404;2023;STN/SICONFI;49909698.19;49060361.95;2038710.63;46424404.08;
2929503;2023;STN/SICONFI;222362844.41;210565649.81;28877252.78;174891622.55;
2929602;2023;STN/SICONFI;131605465.19;126482099.94;4443741.92;120144979.14;
2929701;2023;STN/SICONFI;146505762.89;126996000.81;8088121.94;112425329.55;
2929750;2023;STN/SICONFI;64902429.09;64759648.73;1850247.52;61685894.56;
2929800;2023;STN/SICONFI;59157172.3;52898209.93;1827520.95;50716318.42;
2929909;2023;STN/SICONFI;170569608.01;168822922.13;21690345.44;143888526.24;
2930006;2023;STN/SICONFI;52540413.7;50272886.67;1590830.86;47981025.23;
2930105;2023;STN/SICONFI;283612132.95;277987839.66;24082305.9;245401788.4;
2930154;2023;STN/SICONFI;167284154.37;166264256.55;9426827.22;137890862.08;
2930204;2023;STN/SICONFI;223214248.59;218069043.66;19424573.52;193201939.95;
2930303;2023;STN/SICONFI;79268057.29;78830377.77;2592013.38;71226246.51;
2930402;2023;STN/SICONFI;74894356.14;69858870.23;2948187.17;65911206.63;
2930501;2023;STN/SICONFI;326669759.28;325934523.17;25021839.65;293762333.73;
2930600;2023;STN/SICONFI;71296480.93;64370310.82;3039191.69;60279053.95;
2930709;2023;STN/SICONFI;648334139.77;626209187.8;115475176.79;488537357.78;
2930758;2023;STN/SICONFI;78719366.98;75959239.78;1084480.84;72801949.34;
2930766;2023;STN/SICONFI;65535355.72;63473516.01;4509618.15;58542999.87;
2930774;2023;STN/SICONFI;133372318.23;129900907.46;9343573.88;113207912.0;
2930808;2023;STN/SICONFI;79885785.92;79199846.96;4095601.93;73270430.61;
2930907;2023;STN/SICONFI;69896832.09;67335601.92;9535753.55;57247702.37;
2931004;2023;STN/SICONFI;77222354.93;74418311.17;2657143.86;71097294.42;
2931053;2023;STN/SICONFI;104792780.6;102545380.06;5112210.21;95918923.92;
2931103;2023;STN/SICONFI;38440376.36;36425071.39;1767156.65;34109651.57;
2931202;2023;STN/SICONFI;100493254.64;99848659.06;4374867.24;91711481.23;
2931301;2023;STN/SICONFI;83118520.97;76477386.38;3236817.38;66720692.33;
2931350;2023;STN/SICONFI;658578912.77;586422054.52;95440016.81;475995590.89;
2931400;2023;STN/SICONFI;40525551.47;40441551.47;1392428.11;38590878.91;
2931509;2023;STN/SICONFI;101348108.57;94725926.28;4995067.51;88145381.23;
2931608;2023;STN/SICONFI;83417325.49;82470501.26;5636079.0;75298147.27;
2931707;2023;STN/SICONFI;57255724.1;52938195.1;3123098.69;49512899.47;
2931806;2023;STN/SICONFI;75448723.88;74018969.7;3418286.11;70209383.76;
2931905;2023;STN/SICONFI;213377908.23;206011765.27;15850406.26;184514571.18;
2932002;2023;STN/SICONFI;131640385.57;126507789.3;7147022.93;117764845.66;
2932101;2023;STN/SICONFI;89763123.54;86747352.0;4207706.76;79386318.22;
2932200;2023;STN/SICONFI;90723003.37;88888223.15;3918440.63;83842365.03;
2932309;2023;STN/SICONFI;86989219.45;84103663.0;3732291.51;79522336.66;
2932408;2023;STN/SICONFI;57934752.85;56998770.85;3315530.73;53050059.7;
2932457;2023;STN/SICONFI;74794288.64;74564641.77;2213376.89;66805782.18;
2932507;2023;STN/SICONFI;107889281.77;107310013.01;19086175.92;87277245.71;
2932606;2023;STN/SICONFI;82299806.68;79144884.63;10135512.62;68670336.8;
2932705;2023;STN/SICONFI;98114266.25;90076134.4;6406543.88;80459365.89;
2932804;2023;STN/SICONFI;89628028.31;72968380.79;4082283.62;66552523.22;
2932903;2023;STN/SICONFI;339720936.97;338740399.27;34706915.44;263404331.88;
2933000;2023;STN/SICONFI;122869573.08;121027280.02;4347223.99;115502089.21;
2933059;2023;STN/SICONFI;70676067.21;66311590.62;2632403.21;63213148.28;
2933109;2023;STN/SICONFI;42413924.88;38560048.82;1984909.96;35452768.68;
2933158;2023;STN/SICONFI;65530438.74;65471906.58;5970083.59;54674159.06;
2933174;2023;STN/SICONFI;50611998.83;42632629.32;1479979.05;40406571.32;
2933208;2023;STN/SICONFI;185156130.06;184743045.78;24235902.05;157631708.72;
2933257;2023;STN/SICONFI;44155845.16;39799669.47;1199307.37;37826491.52;
2933307;2023;STN/SICONFI;1308911124.11;1263953392.37;264982539.2;910306604.16;
2933406;2023;STN/SICONFI;40029225.13;40029225.13;2164586.19;37198125.17;
2933455;2023;STN/SICONFI;47142850.79;44336850.79;2054410.0;42235440.79;
2933505;2023;STN/SICONFI;119317455.05;109304906.57;3522585.02;103438743.98;
2933604;2023;STN/SICONFI;218529967.44;216351915.86;21773372.44;189606818.52;
3100104;2023;STN/SICONFI;44202945.98;40034629.04;1724551.67;36839329.76;
3100203;2023;STN/SICONFI;113929765.5;96580178.62;9523126.02;81314954.63;
3100302;2023;STN/SICONFI;68370646.27;65031977.75;4556473.04;54756519.94;
3100401;2023;STN/SICONFI;29827818.55;28537584.85;885689.52;26637779.63;
3100500;2023;STN/SICONFI;43297064.77;37958617.8;1835316.06;34634900.36;
3100609;2023;STN/SICONFI;61260422.88;56248621.02;2006492.74;52067211.62;
3100708;2023;STN/SICONFI;41473621.63;40615185.46;4976909.28;33315301.69;
3100807;2023;STN/SICONFI;36324373.19;33914479.21;1160142.22;30853609.56;
3100906;2023;STN/SICONFI;85627230.51;84792208.5;5569088.65;75988782.09;
3101003;2023;STN/SICONFI;70885447.15;66405696.45;2087392.68;62127761.82;
3101102;2023;STN/SICONFI;128036194.15;127811594.15;11594074.51;98609729.63;
3101201;2023;STN/SICONFI;39947536.55;37517365.55;2045459.43;34335512.01;
3101300;2023;STN/SICONFI;30584326.47;29382840.64;1078644.0;25869036.32;
3101409;2023;STN/SICONFI;35984799.93;33967135.62;1680158.48;29763898.87;
3101508;2023;STN/SICONFI;141184543.24;134283536.41;15052898.45;108789149.44;
3101607;2023;STN/SICONFI;495065667.81;492527985.49;83832217.33;391420624.12;
3101631;2023;STN/SICONFI;44369849.99;43290480.37;1942617.15;39318215.02;
3101706;2023;STN/SICONFI;174767140.67;164242797.0;14154659.53;145510422.24;
3101805;2023;STN/SICONFI;50428693.3;47633538.3;2770525.8;42750671.19;
3101904;2023;STN/SICONFI;87968768.01;86391414.92;8303816.49;73826735.55;
3102001;2023;STN/SICONFI;70724610.45;66581717.04;4311504.97;58780577.62;
3102050;2023;STN/SICONFI;36337487.68;34571058.37;2071576.45;30817636.77;
3102100;2023;STN/SICONFI;55703632.44;45645413.08;2270794.13;41627927.99;
3102209;2023;STN/SICONFI;33184023.39;30333397.4;861157.76;28678265.77;
3102308;2023;STN/SICONFI;69578558.67;65513499.75;3731765.61;57813549.34;
3102407;2023;STN/SICONFI;126952509.41;119918446.6;4623195.57;110842582.23;
3102506;2023;STN/SICONFI;29866370.59;28917578.4;607985.77;26491378.68;
3102605;2023;STN/SICONFI;194322452.88;179180542.81;27854129.86;130644039.98;
3102704;2023;STN/SICONFI;42418211.07;40876488.27;1346054.66;37673231.04;
3102803;2023;STN/SICONFI;70335839.79;68142387.44;4785147.02;58044783.36;
3102852;2023;STN/SICONFI;44683208.45;40783966.86;1642105.35;37637759.56;
3102902;2023;STN/SICONFI;50385896.9;49048839.15;2083799.33;45589707.0;
3103009;2023;STN/SICONFI;92725768.91;88045675.41;13953277.94;71507794.92;
3103108;2023;STN/SICONFI;24975715.35;24786815.35;457760.87;23596333.13;
3103207;2023;STN/SICONFI;26406154.77;26061504.4;1288906.0;24040751.69;
3103306;2023;STN/SICONFI;25491937.41;24287706.44;669149.6;22615688.74;
3103405;2023;STN/SICONFI;151048606.97;144587844.35;16676835.96;121767826.81;
3103504;2023;STN/SICONFI;695932286.64;675160872.65;112120873.83;487722312.58;
3103603;2023;STN/SICONFI;30517554.03;28913736.4;793961.35;26964261.56;
3103702;2023;STN/SICONFI;45078903.47;37165043.98;1221618.96;32971682.21;
3103751;2023;STN/SICONFI;108278751.7;108051838.5;10758233.53;92221265.57;
3103801;2023;STN/SICONFI;30620038.72;30370038.72;1039410.32;27473087.91;
3103900;2023;STN/SICONFI;45790841.33;43621520.83;2848097.98;37834995.52;
3104007;2023;STN/SICONFI;742366050.03;733119128.76;122241788.98;536299261.43;
3104106;2023;STN/SICONFI;61073222.33;57684582.34;3585913.44;46858203.28;
3104205;2023;STN/SICONFI;214501746.04;207385689.77;31119945.78;162008501.67;
3104304;2023;STN/SICONFI;69054346.95;64177259.75;5448316.16;56129632.89;
3104403;2023;STN/SICONFI;37257121.69;30070897.76;2942143.21;26385063.38;
3104452;2023;STN/SICONFI;41134139.12;32226208.99;777236.2;29915490.85;
3104502;2023;STN/SICONFI;107987979.14;99275847.34;20340996.26;75821865.28;
3104601;2023;STN/SICONFI;64799273.82;60719333.13;2934904.92;54261265.17;
3104700;2023;STN/SICONFI;67350932.04;58930485.49;2451553.19;54584034.87;
3104809;2023;STN/SICONFI;43943292.48;40030248.03;6013090.97;31741579.91;
3104908;2023;STN/SICONFI;106604984.35;102598765.8;5241126.84;86279338.94;
3105004;2023;STN/SICONFI;40882378.17;39098493.17;1566394.3;36077058.88;
3105103;2023;STN/SICONFI;135282242.43;112445093.48;13921730.65;87656230.76;
3105202;2023;STN/SICONFI;36041445.92;31657320.27;590641.74;29990688.93;
3105301;2023;STN/SICONFI;36537866.76;34539532.3;2066197.92;29723211.62;
3105400;2023;STN/SICONFI;273129379.7;258988686.0;70056681.45;180704298.37;
3105509;2023;STN/SICONFI;38328009.22;32887766.86;834121.75;31277183.64;
3105608;2023;STN/SICONFI;624393667.47;610289360.46;96458867.82;409970076.2;
3105707;2023;STN/SICONFI;48688853.35;43657138.12;3303090.21;38540161.35;
3105905;2023;STN/SICONFI;98713775.79;94256407.19;8794342.63;80794256.49;
3106002;2023;STN/SICONFI;72438333.74;71594377.74;7093620.58;58684578.47;
3106101;2023;STN/SICONFI;41073330.22;40526930.56;1623828.82;36484629.38;
3106200;2023;STN/SICONFI;17280019621.58;16684210984.26;6310486730.12;8371240336.14;
3106309;2023;STN/SICONFI;203799899.11;190404648.8;30419635.77;154953702.36;
3106408;2023;STN/SICONFI;177149256.26;173841097.14;15306080.93;142934746.72;
3106507;2023;STN/SICONFI;47465224.9;44418446.93;1872056.99;40661056.78;
3106606;2023;STN/SICONFI;31288336.7;30898744.66;496977.09;30013244.46;
3106655;2023;STN/SICONFI;34010466.32;30849503.67;579617.46;29316544.62;
3106705;2023;STN/SICONFI;2814050431.89;2753214349.04;438018943.73;1824968011.23;
3106804;2023;STN/SICONFI;29847928.08;26706928.08;380684.84;24843235.08;
3106903;2023;STN/SICONFI;87501556.88;62710761.86;4995849.95;54628421.08;
3107000;2023;STN/SICONFI;35378388.15;27911279.95;1099032.96;25408341.4;
3107109;2023;STN/SICONFI;214643544.75;199813419.89;23873038.83;141297391.49;
3107208;2023;STN/SICONFI;34326826.09;30927736.09;1478900.19;28133299.67;
3107307;2023;STN/SICONFI;198741499.5;192473058.35;19765699.11;143640973.29;
3107406;2023;STN/SICONFI;296232104.96;286744855.89;46985500.11;192199994.71;
3107505;2023;STN/SICONFI;40819746.33;39166805.66;2248756.13;34475226.14;
3107604;2023;STN/SICONFI;41037633.72;39503406.59;2088596.15;32322559.88;
3107703;2023;STN/SICONFI;35473535.73;34349920.95;1543353.26;30484036.49;
3107802;2023;STN/SICONFI;66378839.94;55743817.92;2983475.89;50280481.91;
3107901;2023;STN/SICONFI;67773617.3;56888327.89;3343028.26;51777570.44;
3108008;2023;STN/SICONFI;83502982.37;78397312.11;7733187.15;66614036.86;
3108107;2023;STN/SICONFI;40007559.92;37361709.93;3423364.46;31746427.06;
3108206;2023;STN/SICONFI;54750337.58;50951219.25;3103688.07;46017060.42;
3108255;2023;STN/SICONFI;56564521.42;52683524.8;2193407.78;49005629.75;
3108305;2023;STN/SICONFI;82062780.82;79688650.96;7777725.27;65969904.91;
3108404;2023;STN/SICONFI;69066055.01;68526742.81;7401602.09;56714592.84;
3108503;2023;STN/SICONFI;37307263.98;36309263.98;3229159.25;31684573.55;
3108552;2023;STN/SICONFI;73873557.32;72049678.82;6494590.77;62845029.56;
3108602;2023;STN/SICONFI;152836537.83;146038397.83;6465493.28;125987895.34;
3108701;2023;STN/SICONFI;31163602.26;29110673.67;637260.97;27314041.18;
3108800;2023;STN/SICONFI;35870004.66;32740215.56;1571227.68;30003700.37;
3108909;2023;STN/SICONFI;68374342.85;61292238.79;3382128.5;53168437.22;
3109006;2023;STN/SICONFI;1360131599.59;803529166.79;167161969.64;571686252.32;
3109105;2023;STN/SICONFI;61340035.64;52064297.45;4681155.2;45138126.56;
3109204;2023;STN/SICONFI;54110161.77;51813386.95;5615717.88;44242973.62;
3109253;2023;STN/SICONFI;38250803.14;30373918.15;961715.76;28547130.47;
3109303;2023;STN/SICONFI;177772665.59;167952244.79;18093854.69;132259917.58;
3109402;2023;STN/SICONFI;143959108.14;140701887.34;21037052.83;101862348.83;
3109451;2023;STN/SICONFI;73431868.71;70149112.14;3034331.19;57508407.25;
3109501;2023;STN/SICONFI;65984624.73;61590549.43;4164393.3;55247686.09;
3109600;2023;STN/SICONFI;32631422.69;30161905.67;1148897.24;27909727.79;
3109709;2023;STN/SICONFI;60895416.85;56730217.73;3696309.2;49808557.84;
3109808;2023;STN/SICONFI;59754118.67;57222672.39;3408269.16;46658832.61;
3109907;2023;STN/SICONFI;56272083.46;55256797.46;4324654.54;48278106.02;
3110004;2023;STN/SICONFI;188767019.09;181400436.13;18657915.01;142782434.21;
3110103;2023;STN/SICONFI;33625322.78;33625322.78;743962.68;29495148.49;
3110202;2023;STN/SICONFI;34373864.47;32309473.24;879077.45;30432256.82;
3110301;2023;STN/SICONFI;74834016.23;72936666.22;8726712.12;61132168.7;
3110400;2023;STN/SICONFI;27988887.26;27591971.26;607508.17;26077059.3;
3110509;2023;STN/SICONFI;147378813.05;126943516.54;24810763.15;93177879.0;
3110608;2023;STN/SICONFI;157826890.39;154214967.14;20130140.99;114023209.92;
3110707;2023;STN/SICONFI;57505699.9;54715858.28;3919532.19;47797550.55;
3110806;2023;STN/SICONFI;33211566.76;29816302.73;536626.39;27680617.89;
3110905;2023;STN/SICONFI;86359531.61;82281968.85;9040994.34;63123151.57;
3111002;2023;STN/SICONFI;96375957.93;93165037.52;7249914.53;82984545.69;
3111101;2023;STN/SICONFI;103130466.39;100018771.47;17895400.63;78335728.55;
3111150;2023;STN/SICONFI;31568498.65;30717948.65;683673.52;29126512.37;
3111200;2023;STN/SICONFI;272301318.79;258323060.13;32104371.25;194048587.36;
3111309;2023;STN/SICONFI;63127681.49;58834489.65;3770943.39;48736704.04;
3111408;2023;STN/SICONFI;77810717.18;76562118.22;13944384.66;60821863.1;
3111507;2023;STN/SICONFI;88818259.79;85602471.69;7415819.1;66278271.87;
3111606;2023;STN/SICONFI;133430168.3;127842001.75;12002161.37;110463706.32;
3111705;2023;STN/SICONFI;33959544.03;30806995.25;929883.01;29171706.55;
3111804;2023;STN/SICONFI;70970238.64;68165606.22;6904184.88;58425770.4;
3111903;2023;STN/SICONFI;40588383.56;35975804.82;884612.98;33888395.18;
3112000;2023;STN/SICONFI;71681682.52;67632501.11;3830479.47;60116648.18;
3112059;2023;STN/SICONFI;36443916.0;36107252.16;1148710.32;34339674.22;
3112109;2023;STN/SICONFI;37061878.61;33339913.53;924777.26;31373589.0;
3112208;2023;STN/SICONFI;27591918.47;26145988.47;565320.0;24981920.27;
3112307;2023;STN/SICONFI;162588805.33;155698239.54;15318624.91;133117306.83;
3112406;2023;STN/SICONFI;40759094.4;37314797.56;3119870.06;32411056.09;
3112505;2023;STN/SICONFI;51257967.2;50552214.87;2997265.78;41168093.44;
3112604;2023;STN/SICONFI;106893736.49;95758413.82;11275689.09;75540717.13;
3112653;2023;STN/SICONFI;33216915.63;32866240.85;1355412.36;29521516.34;
3112703;2023;STN/SICONFI;91182056.12;72160519.48;2999454.04;63400057.22;
3112802;2023;STN/SICONFI;77450573.06;74205747.64;20614329.54;49327073.8;
3112901;2023;STN/SICONFI;47124549.07;44436134.07;1243490.28;39134170.08;
3113008;2023;STN/SICONFI;84687931.33;81988082.38;2319849.41;78178668.18;
3113107;2023;STN/SICONFI;29018331.49;28558731.49;503549.81;27004307.77;
3113206;2023;STN/SICONFI;123603467.6;121581186.06;11199436.8;99394148.4;
3113305;2023;STN/SICONFI;137162898.82;133560148.56;14448385.04;99796874.87;
3113404;2023;STN/SICONFI;422885713.92;418633053.37;81036554.53;306516436.05;
3113503;2023;STN/SICONFI;48713947.62;43721399.38;2288522.49;40092066.74;
3113602;2023;STN/SICONFI;42793720.4;38444255.68;2971472.09;34524766.32;
3113701;2023;STN/SICONFI;103222230.55;99877560.58;10035167.71;79618629.0;
3113800;2023;STN/SICONFI;38655496.92;33658521.3;717623.63;28736330.12;
3113909;2023;STN/SICONFI;62433653.96;58092367.29;5281644.61;49795796.74;
3114006;2023;STN/SICONFI;60925889.64;58150838.11;2657957.49;48479027.76;
3114105;2023;STN/SICONFI;69897908.55;67225483.06;4548200.53;56469196.79;
3114204;2023;STN/SICONFI;113887868.14;106571883.05;14230775.02;78110930.06;
3114303;2023;STN/SICONFI;172664470.59;167001458.5;18977731.77;123052832.32;
3114402;2023;STN/SICONFI;107746564.88;103678492.47;7640075.59;91601570.54;
3114501;2023;STN/SICONFI;98473954.1;95823700.33;10097210.02;73002409.22;
3114550;2023;STN/SICONFI;80942164.19;74977980.76;8497598.63;63360982.01;
3114600;2023;STN/SICONFI;39492670.75;35032266.1;2255335.66;30176704.34;
3114709;2023;STN/SICONFI;31898545.25;29888599.77;1697324.27;27041963.43;
3114808;2023;STN/SICONFI;30881913.05;28408994.06;1067365.62;26519984.96;
3114907;2023;STN/SICONFI;28319632.91;25724719.87;712615.34;24281022.65;
3115003;2023;STN/SICONFI;35489936.67;34911333.59;1242784.87;32693032.4;
3115102;2023;STN/SICONFI;92660936.23;86153073.58;11419695.11;70171507.56;
3115201;2023;STN/SICONFI;29970488.37;28528377.99;816992.79;25905350.19;
3115300;2023;STN/SICONFI;266442851.07;262592693.6;45567661.59;202963897.43;
3115359;2023;STN/SICONFI;90831936.05;87947711.05;11446739.62;63760152.85;
3115409;2023;STN/SICONFI;27588379.11;25718562.42;585127.15;24108351.79;
3115458;2023;STN/SICONFI;46144112.67;42497091.11;1706448.27;39460220.67;
3115474;2023;STN/SICONFI;34668017.2;32572560.37;554665.86;30158776.53;
3115508;2023;STN/SICONFI;96500933.6;94156597.93;14015248.19;67886435.86;
3115607;2023;STN/SICONFI;25791372.52;25052939.52;419791.28;22891831.2;
3115706;2023;STN/SICONFI;42250173.45;34473720.58;1072197.53;30118842.77;
3115805;2023;STN/SICONFI;60650660.8;54775319.74;3813701.0;48271730.5;
3115904;2023;STN/SICONFI;37089880.72;29029786.49;1098879.95;27032765.5;
3116001;2023;STN/SICONFI;40003356.59;34936947.21;932487.22;32724960.95;
3116100;2023;STN/SICONFI;64054309.23;57494220.21;1544383.17;52958081.19;
3116159;2023;STN/SICONFI;77250868.71;73807961.45;3247659.51;67242467.56;
3116209;2023;STN/SICONFI;35865683.9;34499529.66;1318928.29;31998846.35;
3116308;2023;STN/SICONFI;30300242.39;28707017.73;808078.98;26802035.09;
3116407;2023;STN/SICONFI;37506415.49;36180555.49;1227014.02;33389302.36;
3116506;2023;STN/SICONFI;39041894.68;35979516.08;1057663.05;33859062.76;
3116605;2023;STN/SICONFI;145766904.9;136134274.04;19526376.23;109321424.18;
3116704;2023;STN/SICONFI;43628439.64;40585746.8;2059792.37;33867464.58;
3116803;2023;STN/SICONFI;39030457.41;37273299.69;1396579.25;33975294.97;
3116902;2023;STN/SICONFI;40453780.9;39693556.3;4007012.24;32223594.91;
3117009;2023;STN/SICONFI;41367508.0;38284215.74;800595.29;36398776.0;
3117108;2023;STN/SICONFI;58110514.9;52631229.3;3494429.8;47407195.68;
3117207;2023;STN/SICONFI;27824392.69;25742310.59;785333.74;23891058.8;
3117306;2023;STN/SICONFI;191558474.48;187253407.26;23728892.57;137258387.51;
3117405;2023;STN/SICONFI;37856684.97;30925935.1;951051.3;28923348.07;
3117504;2023;STN/SICONFI;689067539.51;687905217.21;74170248.99;547673506.19;
3117603;2023;STN/SICONFI;53779385.41;49625007.52;4353077.1;39392128.11;
3117702;2023;STN/SICONFI;65950788.17;64788754.47;3940843.64;56852044.45;
3117801;2023;STN/SICONFI;57411613.8;51552013.88;3424159.23;45839335.26;
3117836;2023;STN/SICONFI;37521536.09;35053256.37;744104.96;33065254.02;
3117876;2023;STN/SICONFI;78601840.49;71837840.49;22317054.44;47191021.46;
3117900;2023;STN/SICONFI;51868351.82;51386230.82;4454837.33;44005395.65;
3118007;2023;STN/SICONFI;988986269.51;980351111.02;138754714.75;721568240.26;
3118106;2023;STN/SICONFI;31074169.15;29573373.56;1113070.82;26942811.17;
3118205;2023;STN/SICONFI;60558532.21;57311706.8;6787166.33;48555185.92;
3118304;2023;STN/SICONFI;491230963.43;487792988.2;88589879.88;355045249.74;
3118403;2023;STN/SICONFI;102882970.16;97568760.45;10407226.81;78794084.13;
3118502;2023;STN/SICONFI;26426131.92;24727717.92;1717734.87;22102290.15;
3118601;2023;STN/SICONFI;3410816606.64;3149137281.77;1005649957.68;1731678815.29;
3118700;2023;STN/SICONFI;52386997.43;47115596.17;3357440.45;38870020.84;
3118809;2023;STN/SICONFI;103342317.85;99046064.8;4974765.0;88316435.83;
3118908;2023;STN/SICONFI;37596029.56;36925193.56;2816364.58;30892011.65;
3119005;2023;STN/SICONFI;27083563.5;26831544.5;874715.71;25070119.24;
3119104;2023;STN/SICONFI;126296661.19;114319864.21;14691071.72;92005195.4;
3119203;2023;STN/SICONFI;58592030.07;54367460.02;1899272.59;50337163.27;
3119302;2023;STN/SICONFI;179615170.08;164279778.68;19002289.01;137889000.26;
3119401;2023;STN/SICONFI;453414494.6;439129391.71;69071244.05;310547308.55;
3119500;2023;STN/SICONFI;41117065.83;40737009.71;1380358.43;38385717.36;
3119609;2023;STN/SICONFI;32039656.67;27138575.6;1070758.29;24988187.43;
3119708;2023;STN/SICONFI;32153092.07;30522684.14;1857848.97;27476176.0;
3119807;2023;STN/SICONFI;32268347.16;29304987.47;1643820.64;26873337.41;
3119906;2023;STN/SICONFI;30841068.81;29033246.81;1800363.24;25715787.03;
3119955;2023;STN/SICONFI;47123672.29;46006910.85;2717938.82;39377239.03;
3120003;2023;STN/SICONFI;34837593.09;28782188.11;898207.6;26277777.85;
3120102;2023;STN/SICONFI;35404534.47;31751164.13;1395449.84;29349478.3;
3120151;2023;STN/SICONFI;41008902.82;40489529.82;1213222.11;38343934.72;
3120201;2023;STN/SICONFI;71975845.39;66906158.0;5807459.02;58385958.93;
3120300;2023;STN/SICONFI;38827149.74;35229572.23;894374.38;31686635.12;
3120409;2023;STN/SICONFI;35944805.09;32461322.52;1718239.45;29297834.29;
3120508;2023;STN/SICONFI;48385138.27;46184757.57;2272619.88;42297160.89;
3120607;2023;STN/SICONFI;36739625.49;30516080.26;1637415.66;27367297.95;
3120706;2023;STN/SICONFI;45606728.32;41748037.2;2663516.77;36143060.0;
3120805;2023;STN/SICONFI;71418255.58;70211063.42;6019492.93;60655925.34;
3120839;2023;STN/SICONFI;44049642.33;31767034.71;749049.62;30047295.79;
3120870;2023;STN/SICONFI;44177814.95;38454542.24;874406.11;35442549.47;
3120904;2023;STN/SICONFI;405791168.63;371552743.76;66831640.28;271114764.03;
3121001;2023;STN/SICONFI;36404877.34;34071543.22;930521.17;32078717.96;
3121100;2023;STN/SICONFI;39440577.83;36781991.37;1861556.75;32862519.1;
3121209;2023;STN/SICONFI;61074993.55;59259454.75;5249612.01;47609283.21;
3121258;2023;STN/SICONFI;69006569.9;68887986.66;5429995.26;60356608.02;
3121308;2023;STN/SICONFI;35508797.31;33223344.31;1552591.96;28242292.67;
3121407;2023;STN/SICONFI;57898890.79;52020514.32;4948124.01;43126551.06;
3121506;2023;STN/SICONFI;30028689.37;27572716.75;908357.82;25745201.79;
3121605;2023;STN/SICONFI;311467325.8;305974355.5;29446995.19;243830146.25;
3121704;2023;STN/SICONFI;34412830.97;28708942.13;1481460.52;26245215.59;
3121803;2023;STN/SICONFI;37617672.02;32946694.41;2154121.36;29195222.73;
3121902;2023;STN/SICONFI;33777076.8;31278932.11;1575115.29;29092809.54;
3122009;2023;STN/SICONFI;84801465.85;80525306.92;5450367.1;67853328.68;
3122108;2023;STN/SICONFI;32395852.69;28866608.5;695529.13;27129602.82;
3122207;2023;STN/SICONFI;33630735.13;31722335.13;1419980.73;29018462.5;
3122306;2023;STN/SICONFI;1071126736.46;1044036845.45;236417637.15;701789854.46;
3122355;2023;STN/SICONFI;38573711.02;37651135.77;1565005.87;34438645.54;
3122405;2023;STN/SICONFI;37752781.22;34846427.82;1914722.69;31512928.9;
3122454;2023;STN/SICONFI;46306771.23;43184817.12;1445775.54;40648890.93;
3122470;2023;STN/SICONFI;33519879.2;30621427.09;1370335.05;28116584.12;
3122504;2023;STN/SICONFI;34179014.74;30825153.72;1364543.07;28180798.73;
3122603;2023;STN/SICONFI;48760270.66;45540986.61;1713089.85;41800474.59;
3122702;2023;STN/SICONFI;33416743.51;31309781.28;1875784.58;28046426.22;
3122801;2023;STN/SICONFI;27357298.25;26463001.36;803143.38;24681375.71;
3122900;2023;STN/SICONFI;36188889.67;33300794.32;2270326.81;29531557.52;
3123007;2023;STN/SICONFI;52556469.03;46099497.32;1820051.26;41840602.53;
3123106;2023;STN/SICONFI;39479393.77;36788716.11;1267940.21;32889968.85;
3123205;2023;STN/SICONFI;80373805.48;69189005.15;6284781.05;55625928.67;
3123304;2023;STN/SICONFI;31416251.32;30895889.48;1015960.18;28769246.34;
3123403;2023;STN/SICONFI;27930451.4;26518658.31;955819.68;25045243.77;
3123502;2023;STN/SICONFI;28097368.29;27273667.28;609899.6;25973822.33;
3123528;2023;STN/SICONFI;38590748.46;37184169.99;1510289.03;34730130.91;
3123601;2023;STN/SICONFI;117392268.16;113688890.52;12004350.51;91070867.35;
3123700;2023;STN/SICONFI;68505177.54;58653955.84;5045044.44;48890041.62;
3123809;2023;STN/SICONFI;45158381.52;37591830.62;2997354.52;33221225.75;
3123858;2023;STN/SICONFI;39462741.63;30123563.86;966460.88;28482763.35;
3123908;2023;STN/SICONFI;72948367.42;67060436.82;4400965.63;60119471.1;
3124005;2023;STN/SICONFI;91764215.48;87165290.45;4815540.24;79114231.15;
3124104;2023;STN/SICONFI;318706319.25;261281199.08;40210789.62;197686786.31;
3124203;2023;STN/SICONFI;109311602.49;100348902.8;7512359.58;81585559.84;
3124302;2023;STN/SICONFI;129801186.07;122072449.75;6116477.15;109643583.65;
3124401;2023;STN/SICONFI;39762614.28;35317889.83;1710330.82;32653768.0;
3124500;2023;STN/SICONFI;58534977.08;54008191.39;5063603.98;46709105.38;
3124609;2023;STN/SICONFI;28646559.24;24164712.24;412864.67;23064317.7;
3124708;2023;STN/SICONFI;26348052.49;25148052.49;857436.65;22207264.67;
3124807;2023;STN/SICONFI;51548365.33;50434826.33;7489225.82;40795513.91;
3124906;2023;STN/SICONFI;52194601.7;45822267.88;1547091.7;43331607.86;
3125002;2023;STN/SICONFI;40253191.75;38820291.15;2328636.15;34869421.86;
3125101;2023;STN/SICONFI;637856015.46;633144677.63;114834488.43;485889503.98;
3125200;2023;STN/SICONFI;27951134.13;27863384.13;1872406.1;24889613.96;
3125309;2023;STN/SICONFI;30736284.19;27061147.99;1314210.44;23939312.38;
3125408;2023;STN/SICONFI;37392703.88;33893713.04;1191725.96;31546947.72;
3125507;2023;STN/SICONFI;32026652.57;28788605.06;712192.04;27143664.37;
3125606;2023;STN/SICONFI;41712097.78;39470209.13;1206200.99;34559612.9;
3125705;2023;STN/SICONFI;114887650.15;81342975.38;10072164.31;62579239.84;
3125804;2023;STN/SICONFI;33549302.89;28940097.12;441001.99;27205961.97;
3125903;2023;STN/SICONFI;47969907.03;46100519.01;1810805.7;42257350.25;
3125952;2023;STN/SICONFI;58862266.21;57785165.17;2274366.27;51859273.63;
3126000;2023;STN/SICONFI;45637478.82;43896590.23;3902145.25;33078547.64;
3126109;2023;STN/SICONFI;370783010.05;357896009.74;56113232.45;250007465.6;
3126208;2023;STN/SICONFI;54622551.43;51531908.85;3767825.04;45324381.79;
3126307;2023;STN/SICONFI;31265411.61;28957040.45;1317943.95;26024382.87;
3126406;2023;STN/SICONFI;83072575.88;32756883.85;1725351.72;28963393.3;
3126505;2023;STN/SICONFI;42574986.6;39978525.48;896230.48;37666405.05;
3126604;2023;STN/SICONFI;40392121.91;36761585.14;2915149.9;32273787.98;
3126703;2023;STN/SICONFI;126031654.75;116846560.93;7075122.18;94030322.19;
3126752;2023;STN/SICONFI;43646957.83;34127563.39;949870.13;32136166.04;
3126802;2023;STN/SICONFI;48926314.12;41598281.91;782592.21;39200678.95;
3126901;2023;STN/SICONFI;45410270.61;41947725.75;1861530.03;39024936.33;
3126950;2023;STN/SICONFI;31452163.77;27680277.75;378286.71;26191168.21;
3127008;2023;STN/SICONFI;119513622.5;110153040.35;12326860.11;94123915.33;
3127057;2023;STN/SICONFI;30315247.74;28812427.42;632897.87;26871365.52;
3127073;2023;STN/SICONFI;33097970.61;31119289.31;750659.75;29284090.67;
3127107;2023;STN/SICONFI;304179236.74;298961554.7;50701171.83;234024804.34;
3127206;2023;STN/SICONFI;35152392.78;32811950.6;3436703.93;27911225.2;
3127305;2023;STN/SICONFI;40472488.26;36866244.79;2269899.92;32217305.22;
3127339;2023;STN/SICONFI;39595346.5;34056279.8;543290.76;32102224.34;
3127354;2023;STN/SICONFI;27556340.5;25641003.35;564480.77;24546089.18;
3127370;2023;STN/SICONFI;32018879.59;28263926.59;676517.18;26753067.55;
3127388;2023;STN/SICONFI;33481220.83;29910009.89;2071536.24;26654673.9;
3127404;2023;STN/SICONFI;40515798.34;36068403.34;3918221.07;28100461.15;
3127503;2023;STN/SICONFI;37409459.72;36263859.5;936173.21;33382226.17;
3127602;2023;STN/SICONFI;61762702.3;56500183.32;2473608.28;51648124.34;
3127701;2023;STN/SICONFI;1445399490.93;1399142599.93;307525582.48;840670485.24;
3127800;2023;STN/SICONFI;96383676.05;95710903.12;4066147.82;88224937.93;
3127909;2023;STN/SICONFI;31413454.98;28886949.52;411287.28;27973179.99;
3128006;2023;STN/SICONFI;163258052.47;159584618.18;23211611.14;127997969.1;
3128105;2023;STN/SICONFI;86024272.42;83339586.4;6831261.78;68266098.24;
3128204;2023;STN/SICONFI;45019170.28;43383149.0;1604636.16;37978807.9;
3128253;2023;STN/SICONFI;35757598.65;30878379.66;1020274.91;28486038.79;
3128303;2023;STN/SICONFI;92567604.86;85666204.24;9565115.14;71807241.01;
3128402;2023;STN/SICONFI;43288236.55;41920795.42;2983601.21;35830160.53;
3128501;2023;STN/SICONFI;31325693.14;29424775.97;1074548.94;27362213.18;
3128600;2023;STN/SICONFI;77424208.42;70274259.29;5752490.3;62197259.97;
3128709;2023;STN/SICONFI;270577155.89;258564953.02;50124633.38;186991474.89;
3128808;2023;STN/SICONFI;38261070.83;34413078.37;1573149.7;31410478.13;
3128907;2023;STN/SICONFI;52294718.25;50055413.02;3964327.98;42723025.21;
3129004;2023;STN/SICONFI;41830732.01;39577123.67;2813688.99;33624146.27;
3129103;2023;STN/SICONFI;48961644.06;46292318.73;3977220.69;38687281.49;
3129202;2023;STN/SICONFI;38820157.94;35409836.95;2166624.79;31275980.77;
3129301;2023;STN/SICONFI;59104068.21;49296391.34;2976542.04;43854395.98;
3129400;2023;STN/SICONFI;39421096.84;37168601.15;1390517.31;33467426.35;
3129509;2023;STN/SICONFI;152793453.27;151680836.44;17369946.07;117881137.25;
3129608;2023;STN/SICONFI;38498206.61;36856920.88;1436971.06;34127128.43;
3129657;2023;STN/SICONFI;34928316.22;33579570.39;561410.12;32205513.08;
3129707;2023;STN/SICONFI;89263529.16;85320961.11;8193369.43;74775550.13;
3129806;2023;STN/SICONFI;665672531.14;622026601.59;77251370.57;493054238.99;
3129905;2023;STN/SICONFI;27954251.45;26684021.07;939592.66;24987294.66;
3130002;2023;STN/SICONFI;29530696.56;27902127.98;1140235.8;25003475.27;
3130051;2023;STN/SICONFI;51352351.26;46629692.0;1060561.24;43749048.41;
3130101;2023;STN/SICONFI;444773627.37;293536065.18;41711152.23;218200876.77;
3130200;2023;STN/SICONFI;79013277.66;67446229.1;5695048.76;51539720.78;
3130309;2023;STN/SICONFI;52373611.93;49204221.9;3215815.64;43878382.35;
3130408;2023;STN/SICONFI;53048406.77;51960315.25;7952445.77;41426583.78;
3130507;2023;STN/SICONFI;60845972.82;56331351.42;3756449.36;50174482.54;
3130556;2023;STN/SICONFI;38724698.27;34323514.25;902474.52;32436407.48;
3130606;2023;STN/SICONFI;40907381.74;36887310.61;3149687.56;31562352.74;
3130655;2023;STN/SICONFI;40737218.6;38497116.32;912606.4;35747839.19;
3130705;2023;STN/SICONFI;83696304.14;81804977.15;18814942.3;59079064.85;
3130804;2023;STN/SICONFI;29286126.33;27908547.11;990471.5;25897275.51;
3130903;2023;STN/SICONFI;105736969.32;99616027.67;9069070.03;85554776.15;
3131000;2023;STN/SICONFI;41323534.1;38010800.28;3542541.45;32850065.27;
3131109;2023;STN/SICONFI;38054222.44;33799861.33;1416883.48;30754448.71;
3131158;2023;STN/SICONFI;93891684.52;75268733.79;3359527.23;68153778.35;
3131208;2023;STN/SICONFI;102159803.85;93636805.78;6286427.45;79285045.64;
3131307;2023;STN/SICONFI;1411758993.23;1379456337.05;361471035.62;937929225.45;
3131406;2023;STN/SICONFI;47533154.71;41880374.71;1102409.32;37949679.9;
3131505;2023;STN/SICONFI;45961283.44;42441457.94;3537929.87;37468421.43;
3131604;2023;STN/SICONFI;50391301.02;46046692.69;3331712.5;40901878.22;
3131703;2023;STN/SICONFI;1174518939.47;1159132556.0;169312715.43;795549320.39;
3131802;2023;STN/SICONFI;92576662.35;54966387.42;2002988.38;50293541.37;
3131901;2023;STN/SICONFI;856107460.33;852584046.94;118117883.62;630401202.77;
3132008;2023;STN/SICONFI;34944830.34;31129902.22;1480006.59;28916769.12;
3132107;2023;STN/SICONFI;93708580.63;87717692.43;4488252.99;76309003.0;
3132206;2023;STN/SICONFI;;;;;
3132305;2023;STN/SICONFI;57562348.91;53740504.86;2044462.18;49997232.97;
3132404;2023;STN/SICONFI;442264156.12;435388450.48;80560818.22;331352384.28;
3132503;2023;STN/SICONFI;225436327.36;206404297.78;13947042.04;123621413.11;
3132602;2023;STN/SICONFI;31306876.01;29521222.68;1072405.84;27444940.65;
3132701;2023;STN/SICONFI;103417872.56;95640071.2;3547716.27;88595471.04;
3132800;2023;STN/SICONFI;38545404.74;37979643.74;817133.49;35272915.73;
3132909;2023;STN/SICONFI;56912749.57;54819786.57;5002062.82;48236097.93;
3133006;2023;STN/SICONFI;78767840.34;77052971.59;5512355.22;67261361.1;
3133105;2023;STN/SICONFI;105007680.03;101228563.05;7024790.78;86363360.04;
3133204;2023;STN/SICONFI;59213690.9;51736829.8;3393760.96;47237234.79;
3133303;2023;STN/SICONFI;112371589.51;105215827.42;5765454.95;95131561.13;
3133402;2023;STN/SICONFI;102379615.57;92206603.2;13483391.4;71117763.24;
3133501;2023;STN/SICONFI;83439821.49;77991058.94;10189383.84;64387474.46;
3133600;2023;STN/SICONFI;82233941.89;76998344.75;10427559.67;61332012.45;
3133709;2023;STN/SICONFI;339857803.92;338026105.05;67377544.14;242420869.21;
3133758;2023;STN/SICONFI;89301637.25;84658803.75;11070652.7;71041357.99;
3133808;2023;STN/SICONFI;516405142.74;487647651.59;76631969.97;310000347.12;
3133907;2023;STN/SICONFI;32266789.86;29271516.3;950810.81;27166943.88;
3134004;2023;STN/SICONFI;82695760.3;81051367.3;14646765.54;63150567.15;
3134103;2023;STN/SICONFI;47777280.55;40763131.82;1871336.81;37617313.5;
3134202;2023;STN/SICONFI;550392541.5;523554633.72;96752388.19;336648122.57;
3134301;2023;STN/SICONFI;34884130.58;33042552.58;858165.37;30430011.77;
3134400;2023;STN/SICONFI;244552722.25;219000270.51;35173711.36;178102680.89;
3134509;2023;STN/SICONFI;37030737.81;34536927.74;1641835.84;30926919.1;
3134608;2023;STN/SICONFI;96255907.57;93784163.35;16801439.16;69569512.61;
3134707;2023;STN/SICONFI;61559851.98;60104987.18;3046251.74;55735691.52;
3134806;2023;STN/SICONFI;42205975.76;39634561.51;3706963.96;34024979.98;
3134905;2023;STN/SICONFI;170329765.3;157629298.48;24476745.24;118247250.78;
3135001;2023;STN/SICONFI;33178381.1;31105199.28;1251134.68;27958994.79;
3135050;2023;STN/SICONFI;163362489.59;157547881.76;29207274.28;119434425.58;
3135076;2023;STN/SICONFI;32457562.21;31037938.35;966437.42;29299992.39;
3135100;2023;STN/SICONFI;351709824.6;336237354.04;49730598.6;255704061.72;
3135209;2023;STN/SICONFI;245004832.59;226935564.7;14048974.52;183383294.97;
3135308;2023;STN/SICONFI;39685906.93;35659887.14;1271401.71;30064295.89;
3135357;2023;STN/SICONFI;49837855.09;40700961.12;625873.23;37069694.03;
3135407;2023;STN/SICONFI;89380218.95;86894237.42;21125725.11;62983737.34;
3135456;2023;STN/SICONFI;38152481.02;35565814.16;3158359.09;30328575.21;
3135506;2023;STN/SICONFI;65439695.53;57854454.17;3207500.95;51371178.7;
3135605;2023;STN/SICONFI;40870862.53;37937916.71;1709675.62;34036452.91;
3135704;2023;STN/SICONFI;45865787.48;39452526.9;2858586.99;34556553.12;
3135803;2023;STN/SICONFI;111938372.53;105160089.39;6147210.46;95689000.17;
3135902;2023;STN/SICONFI;32508539.54;30454339.54;1308169.51;27954931.37;
3136009;2023;STN/SICONFI;67967032.18;65778529.51;2765789.54;61121558.41;
3136108;2023;STN/SICONFI;36463407.24;30065109.89;726943.77;28187671.73;
3136207;2023;STN/SICONFI;457065157.67;417498875.72;69611243.39;293071843.22;
3136306;2023;STN/SICONFI;264961372.61;254093581.66;49022466.09;177898743.36;
3136405;2023;STN/SICONFI;45758823.2;37429580.55;4338783.21;31643568.14;
3136504;2023;STN/SICONFI;45672826.51;41563085.68;1206352.28;39074964.18;
3136520;2023;STN/SICONFI;32511933.07;31488977.54;720654.79;30018756.2;
3136553;2023;STN/SICONFI;30812041.66;29683225.66;643502.55;28067604.24;
3136579;2023;STN/SICONFI;34277081.82;29777645.05;1456912.54;27684938.35;
3136603;2023;STN/SICONFI;36581984.32;35248364.15;1481947.76;31831318.26;
3136652;2023;STN/SICONFI;212199102.78;167685052.21;20976556.83;139260935.08;
3136702;2023;STN/SICONFI;2710191297.92;2647551081.65;783980053.34;1501521751.29;
3136801;2023;STN/SICONFI;29725034.97;29042870.23;778919.35;27114981.15;
3136900;2023;STN/SICONFI;61979508.85;56435203.35;3714805.11;50766591.89;
3136959;2023;STN/SICONFI;37701396.95;34444475.09;591131.22;32342404.21;
3137007;2023;STN/SICONFI;74320317.39;66837198.89;1922753.61;62260432.59;
3137106;2023;STN/SICONFI;43607177.09;41515164.42;3361610.3;36742318.0;
3137205;2023;STN/SICONFI;216535991.29;212521512.69;26555061.85;150032973.37;
3137304;2023;STN/SICONFI;31341775.25;29095472.04;1150677.46;26962335.56;
3137403;2023;STN/SICONFI;73485306.88;68290410.77;4892860.55;60309077.75;
3137502;2023;STN/SICONFI;120835069.9;110235318.14;13414151.01;83698390.43;
3137536;2023;STN/SICONFI;59763851.22;53471614.85;4473709.35;46287873.51;
3137601;2023;STN/SICONFI;470561455.91;429471233.92;134104447.44;237625617.91;
3137700;2023;STN/SICONFI;97931774.39;89223326.95;10737075.04;74938606.28;
3137809;2023;STN/SICONFI;93942725.94;92334903.57;9222874.31;71102587.26;
3137908;2023;STN/SICONFI;30209407.37;26059173.24;611256.52;24640521.33;
3138005;2023;STN/SICONFI;41921904.19;36914295.83;3407433.89;31522013.97;
3138104;2023;STN/SICONFI;49452238.57;48354530.75;6806960.52;38470353.49;
3138203;2023;STN/SICONFI;457855799.17;451219156.72;81618767.63;319975972.59;
3138302;2023;STN/SICONFI;32107618.23;30240979.2;1574930.17;25107900.23;
3138351;2023;STN/SICONFI;35578263.22;33587923.17;755069.25;30313853.67;
3138401;2023;STN/SICONFI;198329576.1;192989987.4;29027220.35;150633327.78;
3138500;2023;STN/SICONFI;32538083.41;31570332.42;1498739.35;28038276.4;
3138609;2023;STN/SICONFI;82729793.84;76833247.73;5659895.81;62633677.27;
3138625;2023;STN/SICONFI;72837066.63;67688760.25;9607800.27;56154821.42;
3138658;2023;STN/SICONFI;42828937.2;42514693.79;568587.13;40454602.45;
3138674;2023;STN/SICONFI;40673919.13;35624115.81;1221632.56;32579168.11;
3138682;2023;STN/SICONFI;33342827.68;31109179.03;665910.08;29436076.08;
3138708;2023;STN/SICONFI;36063278.34;33954601.64;1812604.11;30746706.27;
3138807;2023;STN/SICONFI;94801329.63;92581067.26;12076947.01;73611992.05;
3138906;2023;STN/SICONFI;43175406.18;40914613.18;1477500.55;38532180.56;
3139003;2023;STN/SICONFI;203979940.77;198359589.03;24327868.04;144659670.16;
3139102;2023;STN/SICONFI;43697983.34;41690944.03;1786261.75;37321882.27;
3139201;2023;STN/SICONFI;88187519.35;81450381.34;4446892.55;71281977.51;
3139250;2023;STN/SICONFI;37334670.44;35371330.44;492147.64;33641378.44;
3139300;2023;STN/SICONFI;94295822.6;89766897.6;3703689.63;82798355.5;
3139409;2023;STN/SICONFI;388221870.51;372188014.98;47861799.17;302334528.78;
3139508;2023;STN/SICONFI;109165783.97;106961784.78;6569486.42;93306491.28;
3139607;2023;STN/SICONFI;134928163.72;127957548.41;9758865.61;97917849.8;
3139706;2023;STN/SICONFI;108712338.48;99881291.1;1991299.39;95420706.26;
3139805;2023;STN/SICONFI;55617201.36;52110461.87;5082216.51;42436851.06;
3139904;2023;STN/SICONFI;72367908.53;65864328.62;4568088.05;59314143.91;
3140001;2023;STN/SICONFI;767190569.17;737311527.52;152844235.73;545169465.26;
3140100;2023;STN/SICONFI;49063507.39;37414642.56;1150386.84;34131282.74;
3140159;2023;STN/SICONFI;71105555.45;70668500.31;5071851.2;59463181.91;
3140209;2023;STN/SICONFI;35256267.06;31541182.13;1299694.05;27669538.05;
3140308;2023;STN/SICONFI;40209263.64;34618447.32;1637238.77;31280227.82;
3140407;2023;STN/SICONFI;28152571.39;25173471.39;791621.89;23255174.58;
3140506;2023;STN/SICONFI;72501150.71;70914846.07;7129046.14;60288557.22;
3140530;2023;STN/SICONFI;43539046.71;42593975.95;1900514.21;39393473.17;
3140555;2023;STN/SICONFI;37652858.57;35276975.42;1048410.3;33403141.74;
3140605;2023;STN/SICONFI;34463118.42;30983207.95;824432.07;28679631.36;
3140704;2023;STN/SICONFI;305438425.64;187263374.48;20652315.73;148784595.34;
3140803;2023;STN/SICONFI;81729351.34;80518914.34;9653677.77;67948163.69;
3140852;2023;STN/SICONFI;56752837.31;54749692.0;2323087.07;50727003.39;
3140902;2023;STN/SICONFI;87543527.69;79355704.99;7106489.37;68843222.45;
3141009;2023;STN/SICONFI;53885528.18;49953258.4;2242663.82;45747077.39;
3141108;2023;STN/SICONFI;157439710.18;156974863.33;21897525.88;124329278.8;
3141207;2023;STN/SICONFI;33670228.44;30489526.03;1393456.85;27579887.71;
3141306;2023;STN/SICONFI;40410834.55;38747094.77;2078584.46;35008133.11;
3141405;2023;STN/SICONFI;89925121.41;82840956.94;3535548.07;75686577.54;
3141504;2023;STN/SICONFI;38188907.08;33075243.77;921171.07;30796823.88;
3141603;2023;STN/SICONFI;53792033.54;47911817.16;2277329.32;42213621.25;
3141702;2023;STN/SICONFI;34455004.77;31151400.76;965681.38;28632255.52;
3141801;2023;STN/SICONFI;152494070.19;122845085.31;5324177.14;109043149.95;
3141900;2023;STN/SICONFI;37375899.93;34077838.19;1866730.96;28775736.88;
3142007;2023;STN/SICONFI;68269586.22;62178272.44;3160696.77;56943873.09;
3142106;2023;STN/SICONFI;51302644.13;47664247.61;3970750.02;41590316.93;
3142205;2023;STN/SICONFI;67593963.09;64158361.13;4448972.92;54085390.99;
3142254;2023;STN/SICONFI;33030558.09;30378802.43;507984.7;28444783.95;
3142304;2023;STN/SICONFI;40465973.1;33730183.25;2038290.66;30205731.93;
3142403;2023;STN/SICONFI;44270128.62;42443673.46;2395569.96;33603099.54;
3142502;2023;STN/SICONFI;28303610.46;27473976.7;606283.0;25206129.54;
3142601;2023;STN/SICONFI;49738689.24;45912177.23;4320802.4;39512813.23;
3142700;2023;STN/SICONFI;62483218.55;59453250.03;2000440.14;54281801.84;
3142809;2023;STN/SICONFI;148761074.91;142817668.8;30415606.11;95582642.93;
3142908;2023;STN/SICONFI;91909079.17;87530578.31;3262174.79;81057120.83;
3143005;2023;STN/SICONFI;68914177.26;65364816.26;7434259.96;51605853.2;
3143104;2023;STN/SICONFI;233512026.9;216826808.98;26897936.6;158657188.01;
3143153;2023;STN/SICONFI;36841867.48;33624381.86;525679.94;32169970.57;
3143203;2023;STN/SICONFI;100576401.75;91080771.15;8366055.38;78835669.14;
3143302;2023;STN/SICONFI;1758950771.13;1741028024.34;314577875.32;1233751754.1;
3143401;2023;STN/SICONFI;124712629.51;114900818.77;23767610.71;80923640.59;
3143450;2023;STN/SICONFI;41361083.69;39765986.01;1056862.34;35269959.74;
3143500;2023;STN/SICONFI;88368337.55;72198334.2;4850983.88;54857607.6;
3143609;2023;STN/SICONFI;35835003.06;30054453.05;1010959.55;27720087.86;
3143708;2023;STN/SICONFI;50425313.63;47197572.17;1285207.92;43154026.94;
3143807;2023;STN/SICONFI;39389706.9;37502565.31;2155833.19;32711442.02;
3143906;2023;STN/SICONFI;531330618.44;510386348.77;95721666.71;289799530.87;
3144003;2023;STN/SICONFI;109088503.03;101649357.78;7214457.52;88027719.5;
3144102;2023;STN/SICONFI;105580140.43;100876009.95;11462666.29;73154333.36;
3144201;2023;STN/SICONFI;26764949.73;24602883.07;427616.83;23582607.35;
3144300;2023;STN/SICONFI;143874465.54;133147004.14;10001245.84;114682429.5;
3144359;2023;STN/SICONFI;48641996.44;39648667.96;1439251.08;35379285.08;
3144375;2023;STN/SICONFI;31731187.47;30817898.26;1422423.35;28064948.03;
3144409;2023;STN/SICONFI;35091599.54;30306352.89;1395592.4;27887150.17;
3144508;2023;STN/SICONFI;89902913.96;86303476.34;10765970.73;69763419.67;
3144607;2023;STN/SICONFI;121211247.41;111074104.89;11505406.46;87496418.93;
3144656;2023;STN/SICONFI;53877730.38;48240192.88;2068814.36;44852331.5;
3144672;2023;STN/SICONFI;46202438.71;35215939.25;530407.1;32703673.52;
3144706;2023;STN/SICONFI;137284647.12;99760395.79;13764155.82;73676219.04;
3144805;2023;STN/SICONFI;1367361400.31;1365492544.52;518914217.81;702596464.96;
3144904;2023;STN/SICONFI;44756159.65;31534675.17;1004034.14;29832600.73;
3145000;2023;STN/SICONFI;127255006.5;120498994.2;10603953.34;95649960.88;
3145059;2023;STN/SICONFI;35946234.63;35823594.63;1259765.38;32809740.96;
3145109;2023;STN/SICONFI;94305298.35;85500850.34;6277000.84;66777694.93;
3145208;2023;STN/SICONFI;499778446.07;468157042.7;59451366.25;353021928.6;
3145307;2023;STN/SICONFI;112455189.86;108739559.65;5649326.61;100769374.84;
3145356;2023;STN/SICONFI;48334387.96;45072319.82;1438529.62;42443774.5;
3145372;2023;STN/SICONFI;38274655.14;32633327.2;652169.97;30730486.99;
3145406;2023;STN/SICONFI;31241030.86;28144577.8;618296.35;24722736.34;
3145455;2023;STN/SICONFI;40657341.24;39084792.74;2704250.13;35398981.32;
3145505;2023;STN/SICONFI;31123574.0;30040838.47;783912.9;25550663.54;
3145604;2023;STN/SICONFI;233340200.05;231340645.74;24075169.48;151391187.15;
3145703;2023;STN/SICONFI;26250544.7;24344733.7;666499.92;22502277.6;
3145802;2023;STN/SICONFI;32409601.57;32162151.57;1288815.52;27329127.92;
3145851;2023;STN/SICONFI;38048256.62;34504483.34;1042794.49;31359153.02;
3145877;2023;STN/SICONFI;40227769.25;37890291.39;1469765.38;35043420.39;
3145901;2023;STN/SICONFI;310588022.73;286465189.75;71978412.43;204794000.04;
3146008;2023;STN/SICONFI;139800822.55;135873582.62;18550606.69;97042714.57;
3146107;2023;STN/SICONFI;713137648.6;710863855.94;194434674.95;492077881.42;
3146206;2023;STN/SICONFI;49315878.64;34672297.14;688328.63;33156962.18;
3146255;2023;STN/SICONFI;34818432.74;32412520.22;505536.28;30753524.66;
3146305;2023;STN/SICONFI;88194824.83;82503744.41;3705067.53;76045783.9;
3146404;2023;STN/SICONFI;84308292.32;32968609.55;1427938.35;27636756.67;
3146503;2023;STN/SICONFI;68925998.32;64718790.34;6194134.32;54876253.96;
3146552;2023;STN/SICONFI;35421334.71;34490480.68;555876.1;32522816.56;
3146602;2023;STN/SICONFI;30689119.01;24218681.67;575683.87;22766653.77;
3146701;2023;STN/SICONFI;49695270.6;36028191.35;1483912.38;32484100.1;
3146750;2023;STN/SICONFI;36673915.13;33143975.72;775737.54;31299659.68;
3146909;2023;STN/SICONFI;112912723.1;72810913.54;5209758.49;60898245.71;
3147006;2023;STN/SICONFI;723801111.11;697557096.06;150101461.72;477545720.73;
3147105;2023;STN/SICONFI;521500227.07;466927199.18;87150778.39;332395728.41;
3147204;2023;STN/SICONFI;99686581.23;97592103.22;9406830.29;79585400.89;
3147303;2023;STN/SICONFI;91324903.06;88418107.33;8251614.38;69603783.15;
3147402;2023;STN/SICONFI;195556384.2;114888464.25;14517975.48;83955588.2;
3147501;2023;STN/SICONFI;29348297.94;28645930.58;515799.53;27097698.72;
3147600;2023;STN/SICONFI;75217177.15;72832863.84;8611867.01;57737313.06;
3147709;2023;STN/SICONFI;57276989.17;54007351.56;3331281.69;45635199.25;
3147808;2023;STN/SICONFI;32502399.9;31023865.9;1019429.48;29369256.0;
3147907;2023;STN/SICONFI;489316884.7;465001914.8;97635174.64;302851387.59;
3147956;2023;STN/SICONFI;40122976.76;34753218.64;660812.06;32473034.72;
3148004;2023;STN/SICONFI;824429698.19;811655648.52;165425637.05;554687847.64;
3148103;2023;STN/SICONFI;667876715.78;626497457.44;70343313.19;443545227.62;
3148202;2023;STN/SICONFI;32370897.67;30652723.54;1015551.34;28653741.77;
3148301;2023;STN/SICONFI;38144687.51;36791696.19;1854508.26;33761696.14;
3148400;2023;STN/SICONFI;31453398.85;30482986.32;598323.84;29234217.4;
3148509;2023;STN/SICONFI;40737993.75;36498973.94;1773480.99;33250723.12;
3148608;2023;STN/SICONFI;96840101.73;89134847.61;3760947.97;81876102.39;
3148707;2023;STN/SICONFI;108367903.05;103091813.13;5239318.74;93419140.01;
3148756;2023;STN/SICONFI;41197225.03;38812677.34;1292806.78;36243869.8;
3148806;2023;STN/SICONFI;32081314.2;28625749.34;1016676.63;26589632.13;
3148905;2023;STN/SICONFI;35515476.67;34656065.17;2774220.79;30582537.05;
3149002;2023;STN/SICONFI;31140080.77;28141485.77;562985.21;26493687.18;
3149101;2023;STN/SICONFI;47818722.5;45428752.74;2146530.74;41957766.31;
3149150;2023;STN/SICONFI;52019334.28;50677846.0;3425611.66;44213018.42;
3149200;2023;STN/SICONFI;47581203.21;42975009.44;1645813.02;37238419.22;
3149309;2023;STN/SICONFI;288778075.88;275422365.6;62817111.45;191626474.46;
3149408;2023;STN/SICONFI;29872679.47;24634920.09;484266.86;23066651.22;
3149507;2023;STN/SICONFI;31821944.09;30175310.09;1222830.33;28219502.22;
3149606;2023;STN/SICONFI;90568849.46;41208187.28;1368355.02;36162877.79;
3149705;2023;STN/SICONFI;69262350.63;63393321.89;4818034.57;48615424.98;
3149804;2023;STN/SICONFI;146609638.66;135709400.69;14210989.98;110926382.58;
3149903;2023;STN/SICONFI;114455902.9;107713433.12;10575148.2;80442384.63;
3149952;2023;STN/SICONFI;64103408.23;53391901.03;1814689.65;48228195.76;
3150000;2023;STN/SICONFI;31166505.54;27137506.24;731431.34;25030236.93;
3150109;2023;STN/SICONFI;28052771.6;26678771.6;744876.09;24083825.89;
3150158;2023;STN/SICONFI;45816197.39;39935231.3;2242912.22;36301404.97;
3150208;2023;STN/SICONFI;34743484.27;32268180.47;772910.92;30388951.78;
3150307;2023;STN/SICONFI;33889820.21;30486995.0;1264455.93;27745919.93;
3150406;2023;STN/SICONFI;36755657.76;31718798.57;1567051.87;29074637.01;
3150505;2023;STN/SICONFI;59515312.23;52306920.16;7606186.38;41399684.99;
3150539;2023;STN/SICONFI;41921576.06;31928315.16;772344.16;29615407.29;
3150570;2023;STN/SICONFI;49016602.01;43141123.46;517655.79;35451356.55;
3150604;2023;STN/SICONFI;52219406.2;50686222.48;2270717.94;43661260.89;
3150703;2023;STN/SICONFI;56207203.56;52911774.93;6379290.84;43364900.81;
3150802;2023;STN/SICONFI;76856523.51;72989918.94;4113589.03;64894091.42;
3150901;2023;STN/SICONFI;35134445.91;31753377.15;1855132.31;28106729.24;
3151008;2023;STN/SICONFI;45155128.44;42009955.81;4005176.75;34241251.11;
3151107;2023;STN/SICONFI;66373701.24;59667028.99;4711862.97;53665312.19;
3151206;2023;STN/SICONFI;352661033.81;340529482.61;56460879.23;217193194.16;
3151305;2023;STN/SICONFI;53141664.47;50189390.54;3776680.94;43388199.66;
3151404;2023;STN/SICONFI;115929639.64;104116179.67;11380273.59;82043812.01;
3151503;2023;STN/SICONFI;180762099.47;172744288.12;32011979.62;127056555.01;
3151602;2023;STN/SICONFI;79297837.92;75795377.16;7041075.19;65983510.11;
3151701;2023;STN/SICONFI;96126250.17;90595154.91;6218802.8;79117382.3;
3151800;2023;STN/SICONFI;1165893953.29;1147394624.73;234990741.55;684010168.82;
3151909;2023;STN/SICONFI;40014596.88;35802925.44;2513799.09;31210668.47;
3152006;2023;STN/SICONFI;207597931.79;154403462.12;21542694.0;118484207.39;
3152105;2023;STN/SICONFI;376225596.32;359801274.6;48373030.47;268261538.57;
3152131;2023;STN/SICONFI;33136475.14;30569340.14;966741.43;28799933.52;
3152170;2023;STN/SICONFI;60596553.24;55488069.93;1639626.29;51779436.28;
3152204;2023;STN/SICONFI;149140919.93;142098886.4;8666438.78;126413900.65;
3152303;2023;STN/SICONFI;45360528.45;40830668.45;1616473.05;37606176.38;
3152402;2023;STN/SICONFI;73485195.0;68222753.11;2078486.48;61419617.83;
3152501;2023;STN/SICONFI;1177540950.51;1166356364.46;176135547.25;842493189.44;
3152600;2023;STN/SICONFI;40585173.96;39184921.96;3276682.23;34504635.04;
3152709;2023;STN/SICONFI;43504851.03;41242268.88;1880465.58;36848190.54;
3152808;2023;STN/SICONFI;167445416.93;156674932.85;33372346.28;115941398.68;
3152907;2023;STN/SICONFI;47348061.56;43549047.39;5155100.78;36811629.57;
3153004;2023;STN/SICONFI;41126195.08;36860550.44;3849711.23;30390580.08;
3153103;2023;STN/SICONFI;31868277.31;30303017.02;767895.68;28214582.42;
3153202;2023;STN/SICONFI;32163406.38;30088614.3;1778555.93;27019682.21;
3153301;2023;STN/SICONFI;30110840.94;28725011.87;713804.34;26890089.03;
3153400;2023;STN/SICONFI;108665236.92;106387674.93;9350713.1;88468355.55;
3153509;2023;STN/SICONFI;41862427.43;38293311.55;1967038.28;34297851.13;
3153608;2023;STN/SICONFI;56614904.45;53161558.31;3496365.29;46801359.66;
3153707;2023;STN/SICONFI;39364750.31;33412705.46;1558140.64;27908161.4;
3153806;2023;STN/SICONFI;36256072.7;33866213.21;1298005.61;30620041.79;
3153905;2023;STN/SICONFI;66991560.15;63458094.87;4618058.91;55715472.55;
3154002;2023;STN/SICONFI;108347067.15;99903761.3;7886814.57;82133321.53;
3154101;2023;STN/SICONFI;48974738.19;45419302.67;1651678.97;40219591.42;
3154150;2023;STN/SICONFI;39072546.26;38028881.21;1109929.13;34895080.18;
3154200;2023;STN/SICONFI;61389121.01;56075425.66;3558484.37;47537651.88;
3154309;2023;STN/SICONFI;95930149.23;90160355.72;8698935.72;74635522.53;
3154408;2023;STN/SICONFI;44911715.71;43799276.78;1941227.83;39827344.56;
3154457;2023;STN/SICONFI;45937800.17;42799712.07;2187486.28;35746486.22;
3154507;2023;STN/SICONFI;59217852.71;57799128.18;4610795.88;51417655.88;
3154606;2023;STN/SICONFI;991557548.11;965739758.94;146309648.3;746844929.55;
3154705;2023;STN/SICONFI;30127544.49;28486548.84;1272402.43;25759819.58;
3154804;2023;STN/SICONFI;104029733.51;103126335.58;10571064.43;86234346.25;
3154903;2023;STN/SICONFI;78918807.42;74880345.01;5005557.42;60012984.81;
3155009;2023;STN/SICONFI;58099438.83;40488059.34;11061021.04;25978919.75;
3155108;2023;STN/SICONFI;34857628.51;32382206.32;958479.08;29541014.31;
3155207;2023;STN/SICONFI;31926908.74;28654977.79;682893.75;26089071.1;
3155306;2023;STN/SICONFI;38074656.73;32269211.31;1911464.69;28391770.5;
3155405;2023;STN/SICONFI;44140096.65;38727728.19;2190898.36;34304301.81;
3155504;2023;STN/SICONFI;132070575.49;113293762.74;10284038.86;91388391.06;
3155603;2023;STN/SICONFI;125758133.66;114262230.4;5393990.8;104551230.7;
3155702;2023;STN/SICONFI;102975509.28;99187010.14;14481276.47;80071809.61;
3155801;2023;STN/SICONFI;81662818.03;78777452.13;7558488.9;65893177.57;
3155900;2023;STN/SICONFI;32293926.78;30614909.09;1274105.8;28503320.12;
3156007;2023;STN/SICONFI;55162790.88;50764125.04;2184398.66;46483563.8;
3156106;2023;STN/SICONFI;33127154.1;30701041.91;1236112.7;27518274.79;
3156205;2023;STN/SICONFI;30315156.59;28384022.05;428548.96;25747328.05;
3156304;2023;STN/SICONFI;45416939.21;44408753.11;3922884.82;37528322.61;
3156403;2023;STN/SICONFI;39335974.18;36891068.42;2155818.67;32709745.03;
3156452;2023;STN/SICONFI;34226979.57;32775574.43;968284.02;30642607.16;
3156502;2023;STN/SICONFI;38099002.52;34724164.89;946708.77;33111634.2;
3156601;2023;STN/SICONFI;54076612.8;50093986.94;1347611.59;47291833.74;
3156700;2023;STN/SICONFI;595471581.72;528450703.21;74095169.87;376967343.48;
3156809;2023;STN/SICONFI;78484326.01;75158770.15;5104837.06;62059400.27;
3156908;2023;STN/SICONFI;243111758.71;230403644.41;31591090.82;180427563.12;
3157005;2023;STN/SICONFI;211064185.08;177480002.11;16197215.9;148804816.45;
3157104;2023;STN/SICONFI;43400050.63;39862008.01;1983918.86;36416312.65;
3157203;2023;STN/SICONFI;220765515.3;218401538.36;37329156.82;165788389.65;
3157252;2023;STN/SICONFI;40863146.63;40563146.63;2296644.32;36634088.48;
3157278;2023;STN/SICONFI;31129350.57;28150643.69;803305.86;26549472.37;
3157302;2023;STN/SICONFI;34797320.72;30581084.55;480507.07;29296886.64;
3157336;2023;STN/SICONFI;36317761.34;34834655.99;2075150.74;30832839.73;
3157377;2023;STN/SICONFI;32692672.5;30313955.66;673386.06;28866780.42;
3157401;2023;STN/SICONFI;44354442.24;35527198.71;4477684.08;29096692.61;
3157500;2023;STN/SICONFI;30500315.71;28253914.07;620764.82;27043927.85;
3157609;2023;STN/SICONFI;35140679.95;32964256.07;1175752.65;30678960.06;
3157658;2023;STN/SICONFI;35608241.35;32369880.4;759632.47;30459979.79;
3157708;2023;STN/SICONFI;111013525.08;93420353.77;12764759.02;75028670.7;
3157807;2023;STN/SICONFI;803866758.34;780609069.94;114771952.81;556023150.55;
3157906;2023;STN/SICONFI;83133510.59;77301145.91;3439615.14;70084825.07;
3158003;2023;STN/SICONFI;56130834.24;54332874.33;3329421.75;48886573.29;
3158102;2023;STN/SICONFI;32745654.36;30747389.54;595408.0;29429761.76;
3158201;2023;STN/SICONFI;67334123.93;65500373.54;2047283.05;61775896.97;
3158300;2023;STN/SICONFI;38294600.96;37144696.83;3211298.19;31722356.34;
3158409;2023;STN/SICONFI;30245054.49;28669800.49;932002.5;25991017.99;
3158508;2023;STN/SICONFI;36694997.03;36694997.03;1033108.62;34306453.56;
3158607;2023;STN/SICONFI;36511889.98;29071117.63;1001963.33;27218201.51;
3158706;2023;STN/SICONFI;26586013.44;26348275.81;978655.78;23904307.28;
3158805;2023;STN/SICONFI;33638706.71;29127749.38;1034652.4;27078532.48;
3158904;2023;STN/SICONFI;48074935.89;40915321.49;1502205.33;38007616.08;
3158953;2023;STN/SICONFI;183909677.29;160610076.43;19693232.89;125558107.01;
3159001;2023;STN/SICONFI;42681537.16;38994832.16;4714478.37;32138069.69;
3159100;2023;STN/SICONFI;29900530.99;27601073.44;789004.75;25846538.48;
3159209;2023;STN/SICONFI;42710704.87;42068761.84;2947767.13;36454496.08;
3159308;2023;STN/SICONFI;38769136.37;36644344.9;1553619.9;33610256.34;
3159357;2023;STN/SICONFI;41613857.35;37956191.81;2370476.99;34310928.34;
3159407;2023;STN/SICONFI;32576539.29;29143541.77;1502486.25;26848333.09;
3159506;2023;STN/SICONFI;44265020.87;35200670.27;989057.57;33012132.97;
3159605;2023;STN/SICONFI;188808955.91;182714620.48;29741391.42;144566069.48;
3159704;2023;STN/SICONFI;36951177.62;33061679.69;830832.36;31328469.98;
3159803;2023;STN/SICONFI;226074614.89;216917382.33;21277119.86;160618743.88;
3159902;2023;STN/SICONFI;99768798.44;92083723.94;7362648.8;81974725.79;
3160009;2023;STN/SICONFI;31611903.65;27815815.04;907927.28;26418647.91;
3160108;2023;STN/SICONFI;39929254.29;33640187.1;3277053.13;29081070.82;
3160207;2023;STN/SICONFI;34342382.44;29673374.7;756573.02;27786056.33;
3160306;2023;STN/SICONFI;50210924.45;47119833.82;1398888.92;44220434.84;
3160405;2023;STN/SICONFI;172671146.07;154000700.49;15308008.45;113434863.46;
3160454;2023;STN/SICONFI;41705627.42;37384939.24;498869.23;36019995.59;
3160504;2023;STN/SICONFI;29006881.36;26190244.7;575505.89;24453346.67;
3160603;2023;STN/SICONFI;33855986.44;27997598.93;723562.95;26385658.94;
3160702;2023;STN/SICONFI;170038155.69;167540939.66;16624165.65;143439012.31;
3160801;2023;STN/SICONFI;37480177.67;33507810.1;1894180.86;29579385.39;
3160900;2023;STN/SICONFI;50674816.01;47627787.89;4888837.59;40024229.9;
3160959;2023;STN/SICONFI;37075009.39;35043901.43;721140.06;33224737.93;
3161007;2023;STN/SICONFI;94545177.77;78902902.5;5606170.82;69020498.97;
3161056;2023;STN/SICONFI;38108509.09;35631785.47;944378.64;33045242.59;
3161106;2023;STN/SICONFI;239779546.22;210521501.87;13511705.09;158360880.42;
3161205;2023;STN/SICONFI;36755144.46;35145135.29;1141940.91;32433412.33;
3161304;2023;STN/SICONFI;53868698.68;50171166.69;6330682.49;42057992.07;
3161403;2023;STN/SICONFI;39473916.65;37065320.17;2591346.99;30528479.1;
3161502;2023;STN/SICONFI;53138175.96;48193109.06;2968187.84;42695455.55;
3161601;2023;STN/SICONFI;34531088.28;29978729.46;553488.12;28474869.05;
3161650;2023;STN/SICONFI;32268945.34;27526532.56;799141.34;25495117.27;
3161700;2023;STN/SICONFI;106285076.15;61014559.11;7859378.21;48378138.78;
3161809;2023;STN/SICONFI;56337093.75;54936271.77;4062743.58;48227707.87;
3161908;2023;STN/SICONFI;475397651.08;475197651.08;57988626.62;364483107.39;
3162005;2023;STN/SICONFI;109494992.83;106007443.91;12707009.95;89225049.1;
3162104;2023;STN/SICONFI;176504581.94;171082823.21;22564919.36;138796783.57;
3162203;2023;STN/SICONFI;66993680.47;62589399.43;4758043.17;53204548.63;
3162252;2023;STN/SICONFI;34517965.3;33219465.3;872151.82;30462653.05;
3162302;2023;STN/SICONFI;28122627.56;25918175.39;610274.21;24565332.34;
3162401;2023;STN/SICONFI;134874095.45;131150432.8;3751227.75;118243431.31;
3162450;2023;STN/SICONFI;56631866.69;55251866.69;1281156.2;49702821.64;
3162500;2023;STN/SICONFI;435521096.3;424660152.35;70193625.86;302709903.7;
3162559;2023;STN/SICONFI;63676536.77;61183790.05;3188400.1;52076083.36;
3162575;2023;STN/SICONFI;39195164.22;35058535.22;1157747.76;32228053.68;
3162609;2023;STN/SICONFI;39801728.22;35759076.63;1230140.89;33061094.72;
3162658;2023;STN/SICONFI;35334845.82;34486834.88;360457.81;33133826.6;
3162708;2023;STN/SICONFI;113275985.7;91841122.27;3697672.17;84896137.81;
3162807;2023;STN/SICONFI;80600324.97;70870297.58;4350819.69;63297996.19;
3162906;2023;STN/SICONFI;;;;;
3162922;2023;STN/SICONFI;307675558.36;170502551.45;20033194.09;136569017.77;
3162948;2023;STN/SICONFI;60531639.98;58602123.77;5336870.63;51274498.19;
3162955;2023;STN/SICONFI;158377980.81;137452909.89;15495953.47;111178771.4;
3163003;2023;STN/SICONFI;30086830.6;27467900.01;538157.73;26263237.47;
3163102;2023;STN/SICONFI;46569846.8;36989642.6;1513569.06;34139379.44;
3163201;2023;STN/SICONFI;31246864.92;28360218.12;1172079.06;26002372.55;
3163300;2023;STN/SICONFI;39392237.54;32483717.18;1144938.07;29909565.72;
3163409;2023;STN/SICONFI;36524164.45;31378769.35;1843885.85;28519697.15;
3163508;2023;STN/SICONFI;46541473.0;39349616.29;564515.71;37444212.27;
3163607;2023;STN/SICONFI;28957705.88;26699123.9;560264.32;25508817.12;
3163706;2023;STN/SICONFI;296734183.25;288545603.9;59039489.11;189959504.22;
3163805;2023;STN/SICONFI;38602147.67;34169588.77;1261153.79;31876835.55;
3163904;2023;STN/SICONFI;38627722.1;35786738.1;1851915.41;32281372.24;
3164001;2023;STN/SICONFI;35204656.34;33638216.82;1959499.24;30608287.02;
3164100;2023;STN/SICONFI;35246853.1;31350139.88;1034769.53;29056391.43;
3164209;2023;STN/SICONFI;51729163.03;51467361.98;2201294.08;43999374.9;
3164308;2023;STN/SICONFI;50617978.48;48321832.96;4382893.87;41190265.91;
3164407;2023;STN/SICONFI;45971666.57;40796895.22;2990856.79;36178458.41;
3164431;2023;STN/SICONFI;32409982.62;30736113.69;858708.41;28208199.57;
3164472;2023;STN/SICONFI;40561951.39;36778069.06;826398.98;34864934.5;
3164506;2023;STN/SICONFI;48940745.14;43871586.02;1091029.45;41337184.64;
3164605;2023;STN/SICONFI;64347908.11;62308474.82;5651859.06;47169975.07;
3164704;2023;STN/SICONFI;389358240.71;383348165.65;58530938.2;294615519.16;
3164803;2023;STN/SICONFI;28624264.23;28227151.41;509555.41;26537371.36;
3164902;2023;STN/SICONFI;26988761.22;26069024.22;840578.01;24399600.13;
3165008;2023;STN/SICONFI;55368747.58;49972481.8;4340683.7;42667436.48;
3165107;2023;STN/SICONFI;44156176.97;41949284.41;3229869.7;37593320.87;
3165206;2023;STN/SICONFI;41623280.19;37476947.71;2290383.2;33187904.12;
3165305;2023;STN/SICONFI;46260954.73;41061375.13;2653145.31;35975888.46;
3165404;2023;STN/SICONFI;40578138.81;36391369.35;4686014.78;30317806.37;
3165503;2023;STN/SICONFI;37304781.76;34534974.91;860135.55;31872634.65;
3165537;2023;STN/SICONFI;285589734.32;245751616.3;38184366.3;177472221.68;
3165552;2023;STN/SICONFI;50455272.78;46184117.64;1133900.41;43720839.45;
3165560;2023;STN/SICONFI;40364540.62;28289103.05;1253658.69;25547298.78;
3165578;2023;STN/SICONFI;40149565.63;34152801.24;1310641.13;31330094.58;
3165602;2023;STN/SICONFI;29198242.04;26652308.68;568888.29;25101722.94;
3165701;2023;STN/SICONFI;43747718.37;41127626.0;1655840.13;35685682.41;
3165800;2023;STN/SICONFI;26335123.6;24609543.66;478841.71;23364150.69;
3165909;2023;STN/SICONFI;35512043.48;33037138.3;927492.88;30983215.61;
3166006;2023;STN/SICONFI;34324343.32;32118753.32;734498.1;29510678.43;
3166105;2023;STN/SICONFI;29491238.76;27816913.98;562932.26;25618366.15;
3166204;2023;STN/SICONFI;42773364.62;39675016.12;1358632.03;36438604.07;
3166303;2023;STN/SICONFI;39686484.95;34153010.84;1134002.58;32464931.14;
3166402;2023;STN/SICONFI;25449855.42;24614798.47;581034.03;22885758.53;
3166501;2023;STN/SICONFI;30146797.68;28974404.68;695028.71;27253889.26;
3166600;2023;STN/SICONFI;24987515.23;24671522.08;483385.64;23107951.78;
3166709;2023;STN/SICONFI;35120333.15;34034066.92;1108531.8;32243963.27;
3166808;2023;STN/SICONFI;155275163.99;147944128.45;53679418.21;82231301.31;
3166907;2023;STN/SICONFI;44058642.04;36971726.25;2734405.31;33476774.75;
3166956;2023;STN/SICONFI;36545506.57;33859083.63;852544.57;32245239.99;
3167004;2023;STN/SICONFI;28135694.84;25743397.15;732067.75;23747842.58;
3167103;2023;STN/SICONFI;99385833.51;95666772.96;7700996.76;82392740.56;
3167202;2023;STN/SICONFI;1298571781.99;1226119703.48;248153950.2;776690610.26;
3167301;2023;STN/SICONFI;26848759.6;26768759.6;512234.93;25460574.92;
3167400;2023;STN/SICONFI;38202512.06;34296292.22;2726736.97;30610613.77;
3167509;2023;STN/SICONFI;46345518.91;31397801.12;2894105.93;27377374.91;
3167608;2023;STN/SICONFI;103739538.81;83698371.61;2357763.51;75942660.1;
3167707;2023;STN/SICONFI;43525330.67;38966538.34;1013495.02;29173816.95;
3167806;2023;STN/SICONFI;35013532.23;32154222.35;2205811.87;28045053.45;
3167905;2023;STN/SICONFI;31162092.93;28860051.93;1224261.1;26631996.97;
3168002;2023;STN/SICONFI;184430056.47;175195886.61;10727334.46;157044927.74;
3168051;2023;STN/SICONFI;33513865.28;28338055.49;1052811.48;26365331.58;
3168101;2023;STN/SICONFI;75458897.83;71640612.66;11342693.56;58063690.29;
3168200;2023;STN/SICONFI;28250638.13;26843278.19;715767.64;24828670.75;
3168309;2023;STN/SICONFI;36741775.46;33725860.23;3385340.07;29293751.58;
3168408;2023;STN/SICONFI;65146822.61;60212129.02;3421125.58;55618820.69;
3168507;2023;STN/SICONFI;55780662.06;51532354.77;2451376.09;47763626.89;
3168606;2023;STN/SICONFI;708612306.45;663965679.24;62989503.21;543027417.15;
3168705;2023;STN/SICONFI;413798592.99;409536794.45;86703643.55;304101456.45;
3168804;2023;STN/SICONFI;46967745.17;44145266.34;8303833.47;33287816.67;
3168903;2023;STN/SICONFI;53201578.65;48632214.91;3617229.73;43193059.34;
3169000;2023;STN/SICONFI;78159353.0;71501953.11;7347495.84;55779862.26;
3169059;2023;STN/SICONFI;33848441.6;30195045.19;925473.36;27592016.51;
3169109;2023;STN/SICONFI;40907427.03;37186463.67;1979440.4;33525859.83;
3169208;2023;STN/SICONFI;43971465.95;41950909.0;2548601.5;35752173.6;
3169307;2023;STN/SICONFI;337529418.74;326173872.72;50803482.64;246524243.91;
3169356;2023;STN/SICONFI;261234247.64;215775623.37;32745711.9;154196818.38;
3169406;2023;STN/SICONFI;292072055.8;285854486.24;34101279.75;198726886.14;
3169505;2023;STN/SICONFI;48282054.55;40016205.64;1758346.97;36945903.57;
3169604;2023;STN/SICONFI;164375217.01;152738593.06;16845939.65;123015655.46;
3169703;2023;STN/SICONFI;95271798.03;86138145.05;7744968.19;71975280.7;
3169802;2023;STN/SICONFI;41356775.5;34752015.51;1929892.55;31448558.36;
3169901;2023;STN/SICONFI;418908113.81;401552892.59;75941931.53;246336316.36;
3170008;2023;STN/SICONFI;52943345.57;50076598.04;1417609.55;46723533.77;
3170057;2023;STN/SICONFI;68007959.28;53072392.21;3220862.35;47680316.25;
3170107;2023;STN/SICONFI;2154032161.57;2075045934.56;368990783.87;1164239022.93;
3170206;2023;STN/SICONFI;4082927209.23;3890902678.24;985202055.81;2186014983.5;
3170305;2023;STN/SICONFI;32769322.73;30308724.53;1435883.3;28201587.41;
3170404;2023;STN/SICONFI;511105736.61;489595389.47;96235853.51;310225790.79;
3170438;2023;STN/SICONFI;38635016.44;36366758.44;4669697.52;30905680.84;
3170479;2023;STN/SICONFI;37708738.71;33149566.47;1318515.79;30733006.12;
3170503;2023;STN/SICONFI;53536322.8;50825021.61;1928117.37;48136395.71;
3170529;2023;STN/SICONFI;81062581.09;77363041.59;3209006.97;65330418.22;
3170578;2023;STN/SICONFI;40096397.94;33893586.39;1700255.44;30953343.09;
3170602;2023;STN/SICONFI;32270029.82;28819084.86;1250737.07;26726184.34;
3170651;2023;STN/SICONFI;38127989.16;32477231.27;678295.76;30789853.67;
3170701;2023;STN/SICONFI;12714627854.34;12523918986.02;2654395791.86;9012102649.99;
3170750;2023;STN/SICONFI;44574906.53;42279003.34;2822432.89;37668616.52;
3170800;2023;STN/SICONFI;160344286.88;155113090.14;15335401.83;120052273.96;
3170909;2023;STN/SICONFI;85925950.98;78427899.57;2026849.43;73543522.97;
3171006;2023;STN/SICONFI;129414759.85;121367359.22;17560300.39;94571114.02;
3171030;2023;STN/SICONFI;44821986.36;43133951.52;1390769.49;39559795.02;
3171071;2023;STN/SICONFI;38653057.31;35293376.22;1754332.07;31463928.09;
3171105;2023;STN/SICONFI;35581723.39;34088964.85;3697443.25;29538867.11;
3171154;2023;STN/SICONFI;33613217.89;32394541.01;1110381.81;29816870.2;
3171204;2023;STN/SICONFI;552564846.44;506599857.04;100849858.89;349923569.09;
3171303;2023;STN/SICONFI;397699109.35;382462402.62;62148026.51;235615257.2;
3171402;2023;STN/SICONFI;36875646.04;30305818.39;713816.64;28717930.21;
3171501;2023;STN/SICONFI;49086099.88;33826784.75;976121.69;31763919.36;
3171600;2023;STN/SICONFI;70294534.3;59620191.03;1933221.7;55096951.71;
3171709;2023;STN/SICONFI;44540047.23;41218234.69;5115995.01;34421665.38;
3171808;2023;STN/SICONFI;59301321.46;58799150.16;3137554.67;50963822.52;
3171907;2023;STN/SICONFI;35370187.12;32259160.75;834891.52;30520245.32;
3172004;2023;STN/SICONFI;175376590.94;172737009.61;21371224.45;136434023.19;
3172103;2023;STN/SICONFI;35926989.41;34696657.62;1699751.2;31973611.61;
3172202;2023;STN/SICONFI;25754561.14;24132129.48;790035.51;22520511.21;
3200102;2023;STN/SICONFI;158094455.48;153122950.72;10863454.05;134037190.58;
3200136;2023;STN/SICONFI;110092063.13;71047956.93;3540001.35;57279761.92;
3200169;2023;STN/SICONFI;73615538.74;65853863.63;3755543.01;59909341.82;
3200201;2023;STN/SICONFI;185493857.32;155438464.56;15642505.1;114115910.59;
3200300;2023;STN/SICONFI;105916932.69;99103223.51;13612778.95;77205063.1;
3200359;2023;STN/SICONFI;45800228.47;43709418.41;1186124.78;41372541.73;
3200409;2023;STN/SICONFI;392591116.25;380359204.8;62666168.44;294153766.72;
3200508;2023;STN/SICONFI;50432749.35;45569055.25;2796344.47;40967739.94;
3200607;2023;STN/SICONFI;844090103.93;787614043.45;171905418.61;445491751.44;
3200706;2023;STN/SICONFI;77993618.85;70858067.64;4048617.63;62999411.41;
3200805;2023;STN/SICONFI;195605783.41;170369608.34;19571057.89;128211383.66;
3200904;2023;STN/SICONFI;228528282.52;217504777.03;21681431.7;180611825.17;
3201001;2023;STN/SICONFI;100892192.89;92505225.12;4594255.59;75971991.06;
3201100;2023;STN/SICONFI;70287926.92;56141930.4;3319976.06;50680055.35;
3201159;2023;STN/SICONFI;80073919.35;74632945.04;4078082.29;68368291.54;
3201209;2023;STN/SICONFI;933910899.19;851004484.79;172032374.06;557017359.49;
3201308;2023;STN/SICONFI;1531036396.24;1413927095.55;236170652.19;998478373.66;
3201407;2023;STN/SICONFI;187129852.87;183837526.71;17803756.62;154929082.02;
3201506;2023;STN/SICONFI;775176683.91;716092190.74;78711989.58;536376786.98;
3201605;2023;STN/SICONFI;185805525.14;183898102.5;12715060.08;151238394.8;
3201704;2023;STN/SICONFI;80556691.6;74341433.73;4481710.14;66690890.55;
3201803;2023;STN/SICONFI;45454165.11;38369560.9;1680922.77;35435279.28;
3201902;2023;STN/SICONFI;239680115.43;228183396.3;24532599.39;174157382.5;
3202009;2023;STN/SICONFI;69292542.94;58846355.67;2886720.85;49144510.03;
3202108;2023;STN/SICONFI;129538882.11;121950262.52;7753793.39;107872948.19;
3202207;2023;STN/SICONFI;127972917.18;114942346.56;15555383.29;85440935.66;
3202256;2023;STN/SICONFI;85168917.54;71892422.52;2178156.24;65730341.8;
3202306;2023;STN/SICONFI;172186874.5;160638076.58;12974960.76;128318026.81;
3202405;2023;STN/SICONFI;569585945.77;559222806.07;154743697.25;331863071.42;
3202454;2023;STN/SICONFI;129825688.99;119904065.35;8481007.65;106116732.84;
3202504;2023;STN/SICONFI;80056051.2;76394483.62;6123515.44;56461072.0;
3202553;2023;STN/SICONFI;68399996.95;57493189.07;3724266.37;50689571.7;
3202603;2023;STN/SICONFI;99716697.93;85083816.05;7493895.87;67526185.68;
3202652;2023;STN/SICONFI;79710612.61;73137326.89;3357124.36;68169742.39;
3202702;2023;STN/SICONFI;88127073.01;79718362.27;3708655.77;69486805.8;
3202801;2023;STN/SICONFI;462495939.58;461960179.58;24131210.55;392521740.14;
3202900;2023;STN/SICONFI;71286149.23;66636545.96;4996409.97;56522494.11;
3203007;2023;STN/SICONFI;142842057.04;125213192.33;10809102.1;110950187.47;
3203056;2023;STN/SICONFI;208002594.69;187890285.72;12904989.7;161690372.7;
3203106;2023;STN/SICONFI;77620928.63;64266604.98;3999059.42;52929220.66;
3203130;2023;STN/SICONFI;124824427.99;117151113.67;13559868.82;80710712.08;
3203163;2023;STN/SICONFI;73384674.69;65330410.33;3419282.63;59362744.4;
3203205;2023;STN/SICONFI;1098118993.28;1077464904.22;166190347.85;787816652.54;
3203304;2023;STN/SICONFI;76618057.13;75673057.13;3861250.09;68412606.32;
3203320;2023;STN/SICONFI;407322122.36;385528368.04;34671707.12;332213626.2;
3203346;2023;STN/SICONFI;119977820.61;106988000.01;8910371.65;92464322.18;
3203353;2023;STN/SICONFI;95182069.78;75952848.82;4027262.01;67237717.15;
3203403;2023;STN/SICONFI;155175560.99;146622841.51;8051665.43;122036677.57;
3203502;2023;STN/SICONFI;131323370.63;108872393.06;7859060.36;97536557.25;
3203601;2023;STN/SICONFI;50114628.81;46864315.9;2422265.98;42150764.37;
3203700;2023;STN/SICONFI;123034156.54;106763921.18;9132262.26;92719071.97;
3203809;2023;STN/SICONFI;76002389.6;69985001.86;4081555.87;63324367.6;
3203908;2023;STN/SICONFI;299151445.79;263816469.42;19501436.84;230422692.39;
3204005;2023;STN/SICONFI;107382634.07;98837616.17;7053540.91;89868102.14;
3204054;2023;STN/SICONFI;157001096.87;137239398.62;10115242.91;105244460.8;
3204104;2023;STN/SICONFI;143542950.09;131890163.47;13522303.99;115509069.23;
3204203;2023;STN/SICONFI;138867081.07;135691842.56;18421081.94;111395502.04;
3204252;2023;STN/SICONFI;59235648.22;45716862.66;2145334.45;41972887.1;
3204302;2023;STN/SICONFI;479485649.66;479405972.12;25445752.55;262016845.48;
3204351;2023;STN/SICONFI;162476902.25;157095493.55;11413303.33;111023568.03;
3204401;2023;STN/SICONFI;71301697.16;71301697.16;5028514.19;60912874.0;
3204500;2023;STN/SICONFI;87694792.96;83393946.26;5664214.25;72220341.72;
3204559;2023;STN/SICONFI;280789557.48;271552499.99;19408157.81;223323448.29;
3204609;2023;STN/SICONFI;154843097.0;143122438.12;10921895.2;124229410.27;
3204658;2023;STN/SICONFI;75201820.04;63574194.75;2937183.59;57271963.63;
3204708;2023;STN/SICONFI;189107712.64;176495300.2;13902910.79;142948399.19;
3204807;2023;STN/SICONFI;81866815.38;80085896.29;3596546.44;67302589.03;
3204906;2023;STN/SICONFI;594573987.39;533523422.61;87270000.56;391623158.03;
3204955;2023;STN/SICONFI;88031456.91;65005851.99;4025702.38;58338072.84;
3205002;2023;STN/SICONFI;2719174054.22;2434018887.91;626397017.44;1534880726.68;
3205010;2023;STN/SICONFI;178599190.56;169534799.04;8249827.13;152666208.77;
3205036;2023;STN/SICONFI;128113351.39;114126036.92;7683884.66;94843479.38;
3205069;2023;STN/SICONFI;162409822.36;157090732.18;18370672.56;131083862.49;
3205101;2023;STN/SICONFI;497476687.13;479405490.85;65087210.06;364304563.37;
3205150;2023;STN/SICONFI;70548884.07;56929252.8;2287312.93;51699794.71;
3205176;2023;STN/SICONFI;100378837.64;96019704.83;5195435.51;88833422.33;
3205200;2023;STN/SICONFI;2062816146.96;1994249407.2;684330194.51;1023541771.55;
3205309;2023;STN/SICONFI;3344932215.71;3229035314.74;1139234359.22;1553231806.61;
3300100;2023;STN/SICONFI;2642047486.15;2627424541.46;397700089.31;1722174486.32;
3300159;2023;STN/SICONFI;105849117.44;97423056.16;4267453.88;84900943.46;
3300209;2023;STN/SICONFI;1023913542.98;1023913542.98;129129924.09;808452243.96;
3300225;2023;STN/SICONFI;154233467.49;154228467.49;17744405.56;114564731.81;
3300233;2023;STN/SICONFI;564286088.41;563097485.32;137726882.2;330128469.03;
3300258;2023;STN/SICONFI;674868698.99;674834530.99;40819451.05;581202596.88;
3300308;2023;STN/SICONFI;427979498.29;393991166.1;56649229.0;304022023.82;
3300407;2023;STN/SICONFI;909605715.39;897857009.24;139232073.65;571722419.65;
3300456;2023;STN/SICONFI;1250210287.53;1243205790.32;125744609.68;1033185612.69;
3300506;2023;STN/SICONFI;165896135.34;164589095.34;18580847.1;127196250.1;
3300605;2023;STN/SICONFI;239620161.13;236452294.07;28435983.63;201237010.77;
3300704;2023;STN/SICONFI;1511318949.52;1494397149.95;236555501.89;1075624435.16;
3300803;2023;STN/SICONFI;438779551.78;433686574.78;39218861.09;354692522.92;
3300902;2023;STN/SICONFI;125534982.42;124619584.97;5631558.82;100191894.32;
3300936;2023;STN/SICONFI;115899930.47;115899930.47;8928771.42;96570311.83;
3300951;2023;STN/SICONFI;96134613.2;96134613.2;8194438.17;82970939.7;
3301009;2023;STN/SICONFI;2984807494.62;2980047474.09;480097778.61;2193165237.11;
3301108;2023;STN/SICONFI;167688796.46;164384339.62;13944443.45;132818474.19;
3301157;2023;STN/SICONFI;86234114.48;84104420.94;5145537.95;76287037.9;
3301207;2023;STN/SICONFI;132836629.15;132517480.6;8068577.88;114853722.63;
3301306;2023;STN/SICONFI;575946749.7;568308435.1;45745178.17;428999216.7;
3301405;2023;STN/SICONFI;141024484.36;139918549.7;10015159.24;117939641.58;
3301504;2023;STN/SICONFI;154181401.65;152591534.05;17196225.55;113176277.36;
3301603;2023;STN/SICONFI;99456150.6;99340713.59;4442650.77;88835322.8;
3301702;2023;STN/SICONFI;4432566332.3;4414961270.07;857073653.85;3346555860.33;
3301801;2023;STN/SICONFI;112646012.8;112646012.8;6799140.93;102463728.74;
3301850;2023;STN/SICONFI;465794299.63;442429595.24;47874060.16;353202863.91;
3301876;2023;STN/SICONFI;376682339.57;364895542.57;35235489.59;306248681.52;
3301900;2023;STN/SICONFI;956759955.81;904430049.24;183989153.17;620714102.46;
3302007;2023;STN/SICONFI;1016989898.14;1016301126.13;336106122.45;568658094.02;
3302056;2023;STN/SICONFI;132105213.67;132105213.67;6270465.75;112028569.48;
3302106;2023;STN/SICONFI;143001885.7;142878729.29;11784354.32;119539575.88;
3302205;2023;STN/SICONFI;547118068.98;547118068.98;74288473.82;431964289.14;
3302254;2023;STN/SICONFI;386526955.08;377526955.08;59816664.44;290888655.05;
3302270;2023;STN/SICONFI;366761094.69;366261287.69;29214452.03;305228010.16;
3302304;2023;STN/SICONFI;90663674.75;90663674.75;1745330.04;72902750.24;
3302403;2023;STN/SICONFI;4245194439.12;4245194439.12;1172370144.97;2261854677.52;
3302452;2023;STN/SICONFI;81968414.08;80018942.03;4118979.43;71968367.98;
3302502;2023;STN/SICONFI;1103813726.65;1103813726.65;84874256.73;921176646.12;
3302601;2023;STN/SICONFI;585167526.78;585167526.78;125426488.18;417255215.98;
3302700;2023;STN/SICONFI;6351689731.97;6348389367.66;377170577.09;5322873580.5;
3302809;2023;STN/SICONFI;145804298.04;144898752.96;8768120.95;120654127.57;
3302858;2023;STN/SICONFI;605572509.0;582523879.77;70391761.02;450044772.29;
3302908;2023;STN/SICONFI;300543321.93;267345484.13;25750967.78;193279487.05;
3303005;2023;STN/SICONFI;172920274.13;168931017.79;15443186.94;143605507.56;
3303104;2023;STN/SICONFI;95854782.07;95854782.07;6665026.0;82596410.89;
3303203;2023;STN/SICONFI;508927755.14;504778138.46;76033774.46;379593564.64;
3303302;2023;STN/SICONFI;6015119139.84;6003976794.51;1501761771.24;3731014551.02;
3303401;2023;STN/SICONFI;839506632.38;835660376.96;209902817.45;533377240.71;
3303500;2023;STN/SICONFI;2511471372.96;2345594604.39;476530242.18;1667912915.44;
3303609;2023;STN/SICONFI;161861521.11;161712081.11;6267334.99;150339851.28;
3303708;2023;STN/SICONFI;272108096.76;267137533.08;28062372.78;223542097.78;
3303807;2023;STN/SICONFI;511496088.99;494667362.83;82631499.87;385524560.1;
3303856;2023;STN/SICONFI;221931738.98;212413459.75;20022619.65;148950856.02;
3303906;2023;STN/SICONFI;1987575168.93;1933629232.17;450456741.9;1345182412.41;
3303955;2023;STN/SICONFI;179781401.51;177408100.61;11926473.61;140509915.35;
3304003;2023;STN/SICONFI;343948140.38;341679184.66;38112629.84;238723205.69;
3304102;2023;STN/SICONFI;146108554.43;144444986.9;13850813.58;111536994.29;
3304110;2023;STN/SICONFI;250199089.1;245408114.9;36051612.21;203934110.31;
3304128;2023;STN/SICONFI;138283821.27;134965163.26;8983509.21;104055899.77;
3304144;2023;STN/SICONFI;518297051.99;516297051.99;64411767.7;389837647.23;
3304151;2023;STN/SICONFI;500754054.99;499495622.67;23945353.81;441458286.48;
3304201;2023;STN/SICONFI;982774300.53;952453710.67;200167607.34;636166571.85;
3304300;2023;STN/SICONFI;371746538.18;368211075.32;61032131.56;285094563.72;
3304409;2023;STN/SICONFI;219871058.51;219546058.51;12924249.64;174426896.86;
3304508;2023;STN/SICONFI;105582372.35;101902170.85;5884780.32;94071285.47;
3304524;2023;STN/SICONFI;1114526723.48;1108390775.41;306212643.14;642654182.7;
3304557;2023;STN/SICONFI;37784146486.58;35569354929.46;16928033445.74;12954135808.32;
3304607;2023;STN/SICONFI;110222049.8;109118049.8;5615549.76;100112158.96;
3304706;2023;STN/SICONFI;248618422.02;243238890.02;27972875.83;194829881.85;
3304755;2023;STN/SICONFI;299114324.06;298116121.16;12291363.52;276438213.66;
3304805;2023;STN/SICONFI;217898052.7;217798168.7;13789846.57;186130538.25;
3304904;2023;STN/SICONFI;2076376440.09;2061142092.08;482091384.06;1340626527.45;
3305000;2023;STN/SICONFI;865275576.14;865175711.14;218566956.81;554450731.76;
3305109;2023;STN/SICONFI;365920523088.0;915209048.0;156681708.0;678457550.0;
3305133;2023;STN/SICONFI;65326877.9;63900367.45;2663084.01;57470172.82;
3305158;2023;STN/SICONFI;142810536.08;142810536.08;12542131.7;124568140.19;
3305208;2023;STN/SICONFI;492596849.86;462816293.26;79041090.34;326321647.22;
3305307;2023;STN/SICONFI;93621217.67;92619267.67;6560429.39;81019106.94;
3305406;2023;STN/SICONFI;180998065.93;177389330.49;14029111.53;150285297.16;
3305505;2023;STN/SICONFI;2763662267.45;2763662267.45;152108210.29;2328402662.14;
3305554;2023;STN/SICONFI;452825681.13;441040202.13;67063617.46;341503498.98;
3305604;2023;STN/SICONFI;340554452.92;323652229.06;24543935.61;256897168.48;
3305703;2023;STN/SICONFI;125411464.93;123683572.2;9700360.14;103840770.0;
3305752;2023;STN/SICONFI;189343793.73;186789462.59;15087638.81;165836227.05;
3305802;2023;STN/SICONFI;931293167.51;931293167.51;190886701.29;552172456.77;
3305901;2023;STN/SICONFI;107166200.93;107166200.93;5940849.21;94497666.73;
3306008;2023;STN/SICONFI;539925194.02;532108295.76;80115290.34;387180523.77;
3306107;2023;STN/SICONFI;405135583.75;397785496.75;39844011.81;312701358.9;
3306156;2023;STN/SICONFI;108727341.41;104888527.83;4940650.86;80231407.34;
3306206;2023;STN/SICONFI;278952170.81;276444424.66;25244887.18;215321491.82;
3306305;2023;STN/SICONFI;1787995317.31;1776985006.05;375702149.03;1111616079.43;
3500105;2023;STN/SICONFI;286080113.63;280254258.42;44798911.59;137629883.44;
3500204;2023;STN/SICONFI;46693392.52;41659123.84;5071145.35;35626493.17;
3500303;2023;STN/SICONFI;171102182.66;159861187.81;21503713.8;131685616.31;
3500402;2023;STN/SICONFI;52442167.71;50105275.45;7679488.96;34156751.39;
3500501;2023;STN/SICONFI;147244937.01;143220615.31;44803638.31;73525208.47;
3500550;2023;STN/SICONFI;63890742.73;61664979.88;20761953.84;39198141.4;
3500600;2023;STN/SICONFI;55032678.85;48426365.18;12469119.79;31142224.96;
3500709;2023;STN/SICONFI;235647258.59;217442887.46;24229678.83;188355708.7;
3500758;2023;STN/SICONFI;42092575.62;40665222.71;6118685.98;33446787.69;
3500808;2023;STN/SICONFI;36036979.4;33663686.66;4291260.75;28787997.36;
3500907;2023;STN/SICONFI;38144937.48;37743161.38;3352399.08;33756776.73;
3501004;2023;STN/SICONFI;108861525.74;107633106.22;14055354.62;86076169.81;
3501103;2023;STN/SICONFI;41467364.95;37647220.25;3471866.63;32579239.53;
3501152;2023;STN/SICONFI;165607002.73;165282627.73;25755578.01;134799091.29;
3501202;2023;STN/SICONFI;38507057.27;37094716.27;3652269.21;32920958.18;
3501301;2023;STN/SICONFI;121660915.06;114364740.49;15392348.2;94741741.23;
3501400;2023;STN/SICONFI;30127725.32;28710891.39;1045764.96;26208273.12;
3501509;2023;STN/SICONFI;29793502.93;28156579.48;1699097.34;25512222.52;
3501608;2023;STN/SICONFI;1310295459.85;1279292443.12;402978515.96;647310962.86;
3501707;2023;STN/SICONFI;176163207.94;170818808.78;24040779.14;137790493.87;
3501806;2023;STN/SICONFI;44216495.23;42416995.23;4682811.03;36068112.72;
3501905;2023;STN/SICONFI;487747723.05;467882361.9;92359513.56;315873065.31;
3502002;2023;STN/SICONFI;53032684.32;49602664.27;6409014.1;41450605.04;
3502101;2023;STN/SICONFI;289283614.41;283663848.77;56973936.57;214482613.98;
3502200;2023;STN/SICONFI;155271492.32;148495740.12;14010644.05;132003344.76;
3502309;2023;STN/SICONFI;55836417.23;54559244.16;5762951.4;48282690.82;
3502408;2023;STN/SICONFI;40830605.04;37740126.22;4331649.42;32515998.18;
3502507;2023;STN/SICONFI;204394077.66;201771649.7;55288618.02;117618490.32;
3502606;2023;STN/SICONFI;37925299.92;36438294.84;3453850.21;30184791.24;
3502705;2023;STN/SICONFI;131510593.29;124433029.6;13394560.65;107115258.57;
3502754;2023;STN/SICONFI;221444693.06;202318321.82;45611878.08;144125043.97;
3502804;2023;STN/SICONFI;979569762.43;965034284.54;285255762.13;603181805.43;
3502903;2023;STN/SICONFI;204561588.95;196743427.44;51063579.48;131233686.97;
3503000;2023;STN/SICONFI;40486505.88;39647505.88;4779819.39;32957139.34;
3503109;2023;STN/SICONFI;53197142.55;52237500.7;8125379.45;40901660.81;
3503158;2023;STN/SICONFI;37002710.98;36290710.98;1435538.4;33705230.63;
3503208;2023;STN/SICONFI;1536427548.64;1470525214.83;365063675.68;861012958.66;
3503307;2023;STN/SICONFI;855202935.89;809681303.73;187122615.92;467986415.8;
3503356;2023;STN/SICONFI;30366963.62;28876456.55;1388974.7;26638475.49;
3503406;2023;STN/SICONFI;54103645.98;52759561.43;4244179.67;45527616.54;
3503505;2023;STN/SICONFI;48672873.97;41860476.93;2532893.77;38497519.28;
3503604;2023;STN/SICONFI;58475463.02;52843673.66;4297377.52;47061207.86;
3503703;2023;STN/SICONFI;69870850.02;65704014.04;5763071.15;57909687.82;
3503802;2023;STN/SICONFI;273541873.55;269560188.6;46847635.9;167098187.63;
3503901;2023;STN/SICONFI;575898129.67;556808263.46;156544489.86;366683448.07;
3503950;2023;STN/SICONFI;27343253.6;27118461.93;828095.09;24715630.98;
3504008;2023;STN/SICONFI;555176557.99;550686597.18;127648692.79;323460773.33;
3504107;2023;STN/SICONFI;1142297729.42;1088314865.84;369666875.91;540543851.98;
3504206;2023;STN/SICONFI;82442704.54;78568730.28;8561936.23;64716062.35;
3504305;2023;STN/SICONFI;44804157.35;44572319.21;7130563.06;36274598.81;
3504404;2023;STN/SICONFI;72988974.26;71115758.26;8479362.26;57230663.52;
3504503;2023;STN/SICONFI;482858670.24;469742124.29;110066863.94;310201576.25;
3504602;2023;STN/SICONFI;141577918.4;140333393.27;31231678.03;93397371.55;
3504701;2023;STN/SICONFI;26368867.21;25918995.21;854604.51;24746768.55;
3504800;2023;STN/SICONFI;56998822.71;52563840.99;8625317.05;40156352.19;
3504909;2023;STN/SICONFI;68894590.63;58537094.81;5933107.96;50755568.55;
3505005;2023;STN/SICONFI;34365777.25;31730777.25;1667441.25;28726540.98;
3505104;2023;STN/SICONFI;45266244.09;40443462.73;3351487.88;35816797.24;
3505203;2023;STN/SICONFI;173279240.85;169949412.17;26379613.66;130459373.14;
3505302;2023;STN/SICONFI;215057439.13;208557940.01;37202332.5;140067946.09;
3505351;2023;STN/SICONFI;42610971.46;38837971.46;727853.3;37531988.49;
3505401;2023;STN/SICONFI;60345082.74;57006266.13;6845724.06;47635598.98;
3505500;2023;STN/SICONFI;979994224.94;934691057.53;191224445.19;542273398.73;
3505609;2023;STN/SICONFI;149991558.27;144532012.57;14397265.39;121815612.47;
3505708;2023;STN/SICONFI;4950967905.41;4942648765.0;2675448027.71;1827219123.26;
3505807;2023;STN/SICONFI;128154189.95;124029417.47;11079643.17;108026129.9;
3505906;2023;STN/SICONFI;317917378.44;306142074.93;49716036.04;231264787.05;
3506003;2023;STN/SICONFI;1807245548.35;1788621468.78;553493225.38;846291848.79;
3506102;2023;STN/SICONFI;456948769.84;449445078.48;89420027.77;285707086.66;
3506201;2023;STN/SICONFI;37969973.56;37868523.56;2617439.04;34401341.04;
3506300;2023;STN/SICONFI;68194050.75;64058822.56;7408704.38;54869901.93;
3506359;2023;STN/SICONFI;1001472338.04;882747842.83;396999684.34;295829588.25;
3506409;2023;STN/SICONFI;57746217.7;56263793.94;5637995.12;42171168.32;
3506508;2023;STN/SICONFI;589614160.07;584063897.89;124029271.77;348340614.69;
3506607;2023;STN/SICONFI;150175560.12;132785359.91;13974993.41;105658122.86;
3506706;2023;STN/SICONFI;90356347.45;88130935.56;8274739.03;75636567.29;
3506805;2023;STN/SICONFI;75234075.38;71283086.15;10011893.56;59041053.12;
3506904;2023;STN/SICONFI;72485560.2;70667874.55;11394891.72;54244550.31;
3507001;2023;STN/SICONFI;391042085.94;363459405.32;98607056.34;257878607.76;
3507100;2023;STN/SICONFI;154698254.68;153297094.68;30894079.43;99126694.83;
3507159;2023;STN/SICONFI;30642885.01;29842885.01;1609818.14;27899083.27;
3507209;2023;STN/SICONFI;23356682.86;22712994.74;658307.24;21678919.65;
3507308;2023;STN/SICONFI;43000908.85;38782990.88;2205373.27;35412150.01;
3507407;2023;STN/SICONFI;99657452.41;96471517.69;12448154.15;73598590.62;
3507456;2023;STN/SICONFI;40350448.19;40163898.96;1481844.21;37521994.48;
3507506;2023;STN/SICONFI;715906667.34;695664040.12;151457867.44;470513898.03;
3507605;2023;STN/SICONFI;938185050.24;932660014.69;305983706.21;556531023.31;
3507704;2023;STN/SICONFI;39729493.95;38659156.88;3584150.36;32268962.79;
3507753;2023;STN/SICONFI;29485261.76;28727797.5;1558064.0;26202796.33;
3507803;2023;STN/SICONFI;177614502.33;175493939.26;21249838.56;104844851.11;
3507902;2023;STN/SICONFI;185787227.99;180673030.45;41300853.11;119158117.2;
3508009;2023;STN/SICONFI;131675256.47;131675256.47;11887286.8;112819515.1;
3508108;2023;STN/SICONFI;123607995.07;122163668.51;31560231.92;71117972.68;
3508207;2023;STN/SICONFI;54174760.57;53624760.57;4976662.63;47039994.98;
3508306;2023;STN/SICONFI;35667925.32;34916723.32;3840439.44;30439596.23;
3508405;2023;STN/SICONFI;384962152.98;370867747.69;58017394.22;285729857.14;
3508504;2023;STN/SICONFI;448548594.67;438811030.57;89306689.86;322990225.99;
3508603;2023;STN/SICONFI;140232378.29;135833217.16;28255831.56;101288687.65;
3508702;2023;STN/SICONFI;97208679.17;90280482.03;10282024.27;74924181.32;
3508801;2023;STN/SICONFI;109637831.73;105762895.76;10878767.9;87876251.74;
3508900;2023;STN/SICONFI;35560834.51;30180376.19;2814902.3;25947484.33;
3509007;2023;STN/SICONFI;502542465.23;483915429.87;121593859.72;315905337.3;
3509106;2023;STN/SICONFI;47853699.04;45244306.84;3943987.22;36851456.07;
3509205;2023;STN/SICONFI;1102752938.07;989136513.95;286983923.58;600546696.47;
3509254;2023;STN/SICONFI;206663628.93;200094841.98;37014475.49;152665960.21;
3509304;2023;STN/SICONFI;59154197.9;55583439.96;3898804.74;47621664.11;
3509403;2023;STN/SICONFI;122748289.38;120369969.55;12822232.6;103855105.8;
3509452;2023;STN/SICONFI;43566386.43;39902061.47;3603682.81;35322868.68;
3509502;2023;STN/SICONFI;8041627842.1;7880085670.31;3974014619.8;2885533930.19;
3509601;2023;STN/SICONFI;412894684.53;371121808.53;86791986.26;267253821.21;
3509700;2023;STN/SICONFI;366428674.66;354096761.34;132195672.62;191304850.2;
3509809;2023;STN/SICONFI;49978294.09;47071268.12;4416144.62;40838193.8;
3509908;2023;STN/SICONFI;88207890.39;85886049.26;11584482.92;71637617.16;
3509957;2023;STN/SICONFI;37264951.21;35239970.17;3346806.65;30907752.36;
3510005;2023;STN/SICONFI;185592486.13;178376168.88;23753458.47;131132433.68;
3510104;2023;STN/SICONFI;34436545.59;33199227.99;1980228.22;29859650.19;
3510153;2023;STN/SICONFI;40902412.61;37641185.78;2210027.46;33796373.23;
3510203;2023;STN/SICONFI;281809503.85;266111118.38;56607953.1;195715502.59;
3510302;2023;STN/SICONFI;118559526.74;113103049.29;15129973.45;91382907.29;
3510401;2023;STN/SICONFI;366480523.66;339007877.7;59569244.11;222253043.46;
3510500;2023;STN/SICONFI;1158998987.06;1072498111.28;276765468.41;689952746.49;
3510609;2023;STN/SICONFI;1007656158.52;866989140.71;217723156.8;589578589.23;
3510708;2023;STN/SICONFI;81487255.73;78505468.56;8459375.17;64525453.18;
3510807;2023;STN/SICONFI;175021831.97;169503103.45;30549853.61;132199514.88;
3510906;2023;STN/SICONFI;32157272.55;29833332.77;1910640.34;26816163.55;
3511003;2023;STN/SICONFI;165558581.98;162140811.53;12555968.27;143961390.38;
3511102;2023;STN/SICONFI;709798842.43;690155170.25;172091452.95;371973214.9;
3511201;2023;STN/SICONFI;41004467.54;38922709.92;4428302.86;33486590.71;
3511300;2023;STN/SICONFI;86622056.16;84094776.13;15677894.81;61173475.34;
3511409;2023;STN/SICONFI;128565620.32;122271285.42;15816225.48;94005456.21;
3511508;2023;STN/SICONFI;271813901.0;262121292.55;41937803.23;175420446.43;
3511607;2023;STN/SICONFI;108539953.49;104874772.15;14961718.56;86231788.35;
3511706;2023;STN/SICONFI;89943405.43;88644743.74;12922639.81;69691895.81;
3511904;2023;STN/SICONFI;46812597.12;46189597.12;5283694.66;37535087.62;
3512001;2023;STN/SICONFI;155459986.7;151110387.53;16470090.24;120793829.67;
3512100;2023;STN/SICONFI;82671746.94;80806378.45;5839393.18;73956968.84;
3512209;2023;STN/SICONFI;191732743.52;178950149.49;34944261.89;116021508.84;
3512308;2023;STN/SICONFI;97450424.1;96176303.93;14114354.31;78401693.91;
3512407;2023;STN/SICONFI;305022894.54;275010495.01;40208049.93;212669406.49;
3512506;2023;STN/SICONFI;43261304.46;41020400.46;4149363.93;35239142.76;
3512605;2023;STN/SICONFI;45652756.36;43685766.45;3646629.83;37036318.37;
3512704;2023;STN/SICONFI;45770087.96;44224185.81;7253092.71;35330508.58;
3512803;2023;STN/SICONFI;318051685.34;301218754.84;46621606.71;227571235.0;
3512902;2023;STN/SICONFI;63899691.72;55098446.32;6907379.01;44587501.33;
3513009;2023;STN/SICONFI;1595488305.43;1549119796.99;545751446.49;903696964.35;
3513108;2023;STN/SICONFI;239771749.45;226055465.65;44231986.86;144530183.86;
3513207;2023;STN/SICONFI;59444293.68;54585187.79;4174842.32;48078284.63;
3513306;2023;STN/SICONFI;34584095.08;31256287.32;2178771.87;28461363.45;
3513405;2023;STN/SICONFI;353062672.81;335024502.55;59859136.68;248640988.25;
3513504;2023;STN/SICONFI;1682937465.34;1678012536.57;454689118.82;1018080326.39;
3513603;2023;STN/SICONFI;114835575.16;110984955.12;9307290.17;94930873.86;
3513702;2023;STN/SICONFI;202047067.47;197908757.34;29930138.94;155340124.13;
3513801;2023;STN/SICONFI;1862803199.59;1802512041.31;523604932.3;1075708420.27;
3513850;2023;STN/SICONFI;28282006.28;26068437.93;1331677.49;22577839.5;
3513900;2023;STN/SICONFI;69817331.43;68575547.73;7144469.37;51971769.54;
3514007;2023;STN/SICONFI;42125194.46;40673103.79;3853589.09;33639933.69;
3514106;2023;STN/SICONFI;156306567.25;147933595.97;16717585.59;112707661.95;
3514205;2023;STN/SICONFI;29281135.94;25906573.02;1437979.05;24044355.29;
3514304;2023;STN/SICONFI;61644676.71;60344179.71;8588131.04;50938169.06;
3514403;2023;STN/SICONFI;227943931.38;223649356.99;49251834.48;167248860.23;
3514502;2023;STN/SICONFI;72260402.85;68485194.78;9922520.96;56048183.85;
3514601;2023;STN/SICONFI;64881045.79;59959175.27;10304703.31;47287000.35;
3514700;2023;STN/SICONFI;53580027.27;51098567.2;5573002.25;43143109.94;
3514809;2023;STN/SICONFI;86486907.64;82727097.8;4702388.76;74607311.17;
3514908;2023;STN/SICONFI;121073719.81;116399082.2;20245811.84;93676449.93;
3514924;2023;STN/SICONFI;33851327.33;31175489.88;2806706.21;26715467.83;
3514957;2023;STN/SICONFI;30995304.56;29278215.52;1477465.52;26759529.85;
3515004;2023;STN/SICONFI;1209013638.38;1191749243.95;234821077.25;867998118.41;
3515103;2023;STN/SICONFI;258742075.08;253686442.88;49696004.01;190263553.12;
3515129;2023;STN/SICONFI;28927524.09;28743571.09;1255808.78;27074975.59;
3515152;2023;STN/SICONFI;106987857.23;102744977.79;16338434.41;77539939.01;
3515186;2023;STN/SICONFI;198622102.23;190974450.69;39871142.21;144402938.98;
3515194;2023;STN/SICONFI;42756724.8;37296892.02;3507726.87;32597624.72;
3515202;2023;STN/SICONFI;82259540.14;76291773.75;7061741.02;58308924.16;
3515301;2023;STN/SICONFI;30576736.78;28816571.76;1302483.5;26783476.57;
3515350;2023;STN/SICONFI;54903742.78;49821916.11;3322386.69;45927184.7;
3515400;2023;STN/SICONFI;106437244.58;92776351.96;10451969.16;79482486.61;
3515509;2023;STN/SICONFI;363856498.8;356132558.35;88632358.36;228770661.86;
3515608;2023;STN/SICONFI;43691795.56;42056198.8;3736481.61;37472952.47;
3515657;2023;STN/SICONFI;27673890.05;26947810.21;1337751.64;23098249.75;
3515707;2023;STN/SICONFI;705995095.51;616011933.19;107544001.47;439039238.45;
3515806;2023;STN/SICONFI;27071177.26;25996699.28;873598.41;23985823.41;
3515905;2023;STN/SICONFI;34910911.86;32666860.12;2109746.57;28205461.86;
3516002;2023;STN/SICONFI;63065985.1;61360187.61;5684745.62;54201551.64;
3516101;2023;STN/SICONFI;43863760.84;40503502.89;5682282.83;34378272.06;
3516200;2023;STN/SICONFI;1284757050.72;1268937480.67;374420590.46;744294562.56;
3516309;2023;STN/SICONFI;575162758.11;543375235.26;81605943.4;416637905.08;
3516408;2023;STN/SICONFI;660356746.41;623718478.02;136390987.42;426872727.49;
3516507;2023;STN/SICONFI;31085162.45;28971055.45;1827799.54;26671856.13;
3516606;2023;STN/SICONFI;43057001.42;40327995.83;4369163.21;35196224.77;
3516705;2023;STN/SICONFI;262331089.11;240606284.4;34320909.94;162826074.76;
3516804;2023;STN/SICONFI;31392687.06;30592744.66;1982170.73;26999769.37;
3516853;2023;STN/SICONFI;93203956.04;92950986.04;12587806.07;75644795.14;
3516903;2023;STN/SICONFI;74031772.4;72434276.46;7834345.14;55382987.93;
3517000;2023;STN/SICONFI;64416445.79;58161185.39;5967110.72;50246067.73;
3517109;2023;STN/SICONFI;43076228.93;40622451.67;4421680.82;34444380.86;
3517208;2023;STN/SICONFI;63600550.7;61842914.92;7921863.7;51007513.07;
3517307;2023;STN/SICONFI;47132643.75;44956922.59;3333284.76;35531781.13;
3517406;2023;STN/SICONFI;317651072.53;313602498.38;41752095.59;237006103.51;
3517505;2023;STN/SICONFI;132102781.7;129137444.64;15072730.96;99540311.43;
3517604;2023;STN/SICONFI;92905385.97;89455380.4;4668962.98;82016455.97;
3517703;2023;STN/SICONFI;131219382.27;131194584.27;14186977.32;101378546.93;
3517802;2023;STN/SICONFI;56256827.15;53732029.86;5205044.06;43327217.61;
3517901;2023;STN/SICONFI;103633630.89;100782598.04;8240991.15;79662719.94;
3518008;2023;STN/SICONFI;28009112.74;27477512.74;1144352.57;25280069.63;
3518107;2023;STN/SICONFI;46004903.95;44639939.8;4932627.65;37447282.47;
3518206;2023;STN/SICONFI;181191209.6;178112111.71;25027278.22;139586015.33;
3518305;2023;STN/SICONFI;369419295.86;340452952.29;66501660.47;248931745.58;
3518404;2023;STN/SICONFI;558496302.72;535544664.64;121588239.89;387389202.3;
3518503;2023;STN/SICONFI;81760145.41;78961309.83;5930420.93;71348860.97;
3518602;2023;STN/SICONFI;202632008.75;197705801.65;25941384.99;161841765.23;
3518701;2023;STN/SICONFI;2290901865.89;2215542627.66;1175898480.47;784237593.61;
3518800;2023;STN/SICONFI;6350141743.77;6098717695.78;2033814030.05;3471226453.18;
3518859;2023;STN/SICONFI;57466379.86;55120354.71;6644881.91;47075231.37;
3518909;2023;STN/SICONFI;34440253.63;33655140.94;2176990.28;30584138.03;
3519006;2023;STN/SICONFI;61614779.43;56032706.79;4300397.81;49091385.99;
3519055;2023;STN/SICONFI;156106509.23;142326052.55;29172001.02;99784924.5;
3519071;2023;STN/SICONFI;1462747556.15;1417340876.72;380788216.02;866894146.06;
3519105;2023;STN/SICONFI;87325425.73;81165143.72;7494255.55;67627995.04;
3519204;2023;STN/SICONFI;43529601.47;41172772.36;4129077.65;34748763.13;
3519253;2023;STN/SICONFI;56643355.03;47478018.63;5822785.71;40490978.1;
3519303;2023;STN/SICONFI;158461829.88;156234121.97;24495919.56;121424545.89;
3519402;2023;STN/SICONFI;76086490.14;67598670.97;8732901.9;54329734.6;
3519501;2023;STN/SICONFI;52942811.87;50025413.8;6563438.35;40502790.0;
3519600;2023;STN/SICONFI;296217419.56;295324879.56;38874626.43;210553785.12;
3519709;2023;STN/SICONFI;355568430.46;343369835.59;76038880.53;253705259.9;
3519808;2023;STN/SICONFI;74886856.26;71353859.08;7137265.66;62659472.56;
3519907;2023;STN/SICONFI;67916937.29;65359966.9;6235672.18;55548483.62;
3520004;2023;STN/SICONFI;120561345.59;118041613.98;12708918.81;76863861.85;
3520103;2023;STN/SICONFI;189673267.89;178372989.59;18752124.03;134439098.5;
3520202;2023;STN/SICONFI;85714352.75;81630148.11;20180446.48;59572813.75;
3520301;2023;STN/SICONFI;191922775.89;173283207.03;21042069.76;145173909.47;
3520400;2023;STN/SICONFI;1023355528.0;1021231705.24;120913161.5;658532252.99;
3520426;2023;STN/SICONFI;137235098.99;131155872.42;35452365.65;91844213.05;
3520442;2023;STN/SICONFI;214708229.18;210995445.67;17426345.5;164800505.29;
3520509;2023;STN/SICONFI;2118789984.03;2095989370.36;602481835.66;942499620.21;
3520608;2023;STN/SICONFI;32438918.09;30850030.3;2671077.53;27720650.38;
3520707;2023;STN/SICONFI;40203615.54;37729068.99;2698869.38;34097049.29;
3520806;2023;STN/SICONFI;30773113.98;29210307.87;1859101.55;26100313.02;
3520905;2023;STN/SICONFI;93594215.4;87154792.74;7627287.11;75094752.94;
3521002;2023;STN/SICONFI;186198985.31;174980683.87;39225498.57;129009541.27;
3521101;2023;STN/SICONFI;58619551.92;55504207.93;8953463.01;41758905.01;
3521150;2023;STN/SICONFI;40309165.71;39776599.13;3912207.43;32722260.55;
3521200;2023;STN/SICONFI;41515232.72;38527774.19;1552843.62;35516956.98;
3521309;2023;STN/SICONFI;110045312.41;102319239.86;11192101.94;77723241.85;
3521408;2023;STN/SICONFI;155021322.6;146176903.33;33741160.5;101972885.16;
3521507;2023;STN/SICONFI;43377132.62;42517132.62;3090314.65;38487491.79;
3521606;2023;STN/SICONFI;40449186.17;36444269.81;3068228.16;31100974.88;
3521705;2023;STN/SICONFI;120897594.3;118084592.08;11008940.1;102913697.22;
3521804;2023;STN/SICONFI;189763899.53;183382425.39;30605724.88;134581571.82;
3521903;2023;STN/SICONFI;122637086.57;116081547.18;14433950.18;91697326.73;
3522000;2023;STN/SICONFI;36798892.43;36014264.43;2306221.02;31224154.03;
3522109;2023;STN/SICONFI;627091641.05;605268497.53;224982447.6;327802737.74;
3522158;2023;STN/SICONFI;54443473.55;30324143.8;1934867.6;26167103.76;
3522208;2023;STN/SICONFI;693626474.1;677242342.81;140843651.47;462747160.79;
3522307;2023;STN/SICONFI;771380104.21;738528086.27;145765577.23;541049881.03;
3522406;2023;STN/SICONFI;541684449.19;535028915.75;82825128.27;412335245.4;
3522505;2023;STN/SICONFI;1167174075.46;1064204787.42;217582788.76;753010192.71;
3522604;2023;STN/SICONFI;480978323.75;459520669.97;85677784.45;307922840.92;
3522653;2023;STN/SICONFI;33850947.29;32409280.84;2305489.21;29190930.29;
3522703;2023;STN/SICONFI;224584854.52;223598069.31;38730668.68;161094715.91;
3522802;2023;STN/SICONFI;86360134.57;77765981.87;7183854.95;68787554.71;
3522901;2023;STN/SICONFI;90428133.42;86803643.53;10081712.43;71888333.97;
3523008;2023;STN/SICONFI;46447967.03;43041862.71;2487336.14;37179804.34;
3523107;2023;STN/SICONFI;1164585173.06;1118740861.6;225282074.68;727224335.13;
3523206;2023;STN/SICONFI;229298859.1;209890719.62;33599328.17;163184587.23;
3523305;2023;STN/SICONFI;81856420.09;78460429.97;9060868.87;66394133.27;
3523404;2023;STN/SICONFI;748367169.93;695504896.95;224005054.07;438433926.29;
3523503;2023;STN/SICONFI;120736892.12;118179385.74;18967409.86;90481905.69;
3523602;2023;STN/SICONFI;138479187.98;136036282.97;23786248.56;94820641.03;
3523701;2023;STN/SICONFI;36321203.02;34557646.14;2435691.31;31336581.6;
3523800;2023;STN/SICONFI;35749694.56;35449541.73;2617336.03;31241114.45;
3523909;2023;STN/SICONFI;1359074977.57;1251582464.88;373207443.16;668588012.83;
3524006;2023;STN/SICONFI;598792690.18;548794864.77;182669796.78;332676709.8;
3524105;2023;STN/SICONFI;260788053.47;249478524.46;36235635.58;181533788.64;
3524204;2023;STN/SICONFI;56181069.51;53826760.26;5108833.85;45040455.02;
3524303;2023;STN/SICONFI;477586939.32;467613535.25;112484442.74;278560646.35;
3524402;2023;STN/SICONFI;1414823412.52;1339949678.65;279859077.01;788355453.64;
3524501;2023;STN/SICONFI;53646639.73;51586110.73;4853350.13;44419877.59;
3524600;2023;STN/SICONFI;104229603.58;98426958.63;11143943.55;80796980.92;
3524709;2023;STN/SICONFI;685942950.75;681699076.09;136718649.43;488718120.77;
3524808;2023;STN/SICONFI;273795662.18;244204482.91;53680536.25;164370807.2;
3524907;2023;STN/SICONFI;62841358.64;56925734.4;10473660.43;42827854.77;
3525003;2023;STN/SICONFI;500164611.45;490641279.48;118376782.48;310008411.39;
3525102;2023;STN/SICONFI;255382527.65;253864219.74;36663800.71;186320421.88;
3525201;2023;STN/SICONFI;231962801.92;230962517.23;65559303.76;159446305.28;
3525300;2023;STN/SICONFI;649374970.04;637343735.18;160069965.2;440175224.52;
3525409;2023;STN/SICONFI;37567208.4;33778810.0;1996135.66;31231802.51;
3525508;2023;STN/SICONFI;76755649.69;74478883.03;15124703.72;57010815.82;
3525607;2023;STN/SICONFI;43056966.15;38608687.55;1998449.77;34016291.9;
3525706;2023;STN/SICONFI;193097468.77;187971775.25;34832858.9;140656050.76;
3525805;2023;STN/SICONFI;32954115.42;31734808.05;3191877.36;28306666.61;
3525854;2023;STN/SICONFI;40486608.92;37640680.44;3717979.39;29742750.33;
3525904;2023;STN/SICONFI;3476557893.01;3422499778.89;1153449516.95;1737892224.28;
3526001;2023;STN/SICONFI;122212861.81;117228449.91;15222612.22;94240379.29;
3526100;2023;STN/SICONFI;97268828.47;92859175.42;8456741.31;80779249.72;
3526209;2023;STN/SICONFI;146037197.77;140561179.41;23223235.53;113306825.52;
3526308;2023;STN/SICONFI;41674138.75;38265796.32;3547839.95;31962547.91;
3526407;2023;STN/SICONFI;172127126.46;163113654.53;28765668.83;128444657.72;
3526506;2023;STN/SICONFI;60386988.32;59992048.04;4318003.42;45939787.47;
3526605;2023;STN/SICONFI;43985071.64;40676823.92;4634587.51;35522844.54;
3526704;2023;STN/SICONFI;562660274.98;553966466.33;135280180.9;330085718.96;
3526803;2023;STN/SICONFI;482704619.48;473675497.7;80286295.96;293191824.56;
3526902;2023;STN/SICONFI;1738527698.71;1589125311.42;454635101.95;909361093.17;
3527009;2023;STN/SICONFI;61686301.95;61322840.6;10180243.96;47144681.05;
3527108;2023;STN/SICONFI;375836761.06;362140913.88;70327758.23;274298360.32;
3527207;2023;STN/SICONFI;383647462.89;362248431.38;86773556.06;256221612.3;
3527256;2023;STN/SICONFI;29312120.95;27160740.83;1714536.04;24821613.9;
3527306;2023;STN/SICONFI;680192719.06;634461970.51;109531950.02;458036845.22;
3527405;2023;STN/SICONFI;102326100.77;92841550.02;11142172.94;79130787.71;
3527504;2023;STN/SICONFI;29823895.49;27918315.49;1212285.77;25765019.22;
3527603;2023;STN/SICONFI;123949651.36;121402211.02;14144360.54;104271763.06;
3527702;2023;STN/SICONFI;35799899.02;34421090.78;1769690.66;32278118.48;
3527801;2023;STN/SICONFI;34060289.01;31872116.16;2365526.7;28260813.11;
3527900;2023;STN/SICONFI;35270088.0;34168623.55;1088907.88;32128327.79;
3528007;2023;STN/SICONFI;128156917.26;126576597.31;12800453.59;92479734.71;
3528106;2023;STN/SICONFI;49028491.63;48415107.0;6157029.12;36163451.4;
3528205;2023;STN/SICONFI;37885116.6;35815723.08;2231074.87;32948037.77;
3528304;2023;STN/SICONFI;39632169.17;37356357.37;2449844.86;30347606.24;
3528403;2023;STN/SICONFI;252377603.77;249156658.23;53203902.61;184870566.62;
3528502;2023;STN/SICONFI;528198255.86;484893237.36;144635157.73;293352434.34;
3528601;2023;STN/SICONFI;58302631.53;53423591.86;5809004.57;42897927.62;
3528700;2023;STN/SICONFI;42846010.66;41410786.66;3629079.2;36788172.05;
3528809;2023;STN/SICONFI;93300506.7;90108637.67;8172342.67;79352222.48;
3528858;2023;STN/SICONFI;38927661.04;38811546.04;3532841.84;33999004.97;
3528908;2023;STN/SICONFI;28957810.34;27993091.53;976111.12;25941519.27;
3529005;2023;STN/SICONFI;1383250370.06;1372478202.02;372308873.73;743957255.27;
3529104;2023;STN/SICONFI;25892999.77;25254513.84;1239837.96;22443901.4;
3529203;2023;STN/SICONFI;140480861.88;138366720.46;17696384.63;112850555.2;
3529302;2023;STN/SICONFI;460572218.59;429289655.92;82999931.48;327492930.97;
3529401;2023;STN/SICONFI;1661556493.82;1586484403.22;378160708.15;1105324070.41;
3529500;2023;STN/SICONFI;58152806.31;52333915.48;5387087.0;44592696.11;
3529609;2023;STN/SICONFI;51832624.27;49860195.09;3691759.76;42894646.96;
3529658;2023;STN/SICONFI;31045188.85;31045188.85;1141839.84;28370882.97;
3529708;2023;STN/SICONFI;143290398.3;136952407.45;15535358.24;114125267.07;
3529807;2023;STN/SICONFI;59581392.75;56020447.56;6892544.96;46933457.13;
3529906;2023;STN/SICONFI;120815226.4;107376966.34;14719604.13;88488764.8;
3530003;2023;STN/SICONFI;40784904.97;38852729.96;2731561.75;33101418.75;
3530102;2023;STN/SICONFI;129364664.26;127669862.15;18304161.21;98742447.98;
3530201;2023;STN/SICONFI;117587447.14;114751800.72;9200380.89;100045545.76;
3530300;2023;STN/SICONFI;326992903.47;325134847.51;109617907.57;191628599.21;
3530409;2023;STN/SICONFI;37708102.18;36922577.65;1713694.19;34280103.11;
3530508;2023;STN/SICONFI;310766549.88;306497465.79;64370994.98;233170092.53;
3530607;2023;STN/SICONFI;2178329538.51;2106951967.54;683835045.48;1020271565.05;
3530706;2023;STN/SICONFI;846831199.81;809031927.04;135402004.76;545276602.23;
3530805;2023;STN/SICONFI;668722600.54;644095305.12;167122953.25;367598816.82;
3530904;2023;STN/SICONFI;36085959.47;35285959.47;3087183.72;31389493.31;
3531001;2023;STN/SICONFI;35544568.23;34438464.23;3157589.07;26751028.58;
3531100;2023;STN/SICONFI;396556630.81;379406938.18;137639156.63;211664242.38;
3531209;2023;STN/SICONFI;52932743.15;51272124.47;11625565.77;37408010.09;
3531308;2023;STN/SICONFI;262044565.27;256376814.87;54752891.34;189283894.34;
3531407;2023;STN/SICONFI;125857998.74;123543560.34;18956835.03;100662356.62;
3531506;2023;STN/SICONFI;144774305.48;120926027.03;18502583.41;90689977.12;
3531605;2023;STN/SICONFI;37047554.03;36032069.44;2715901.03;30028153.45;
3531704;2023;STN/SICONFI;42026146.67;36800441.03;6315022.09;28216513.4;
3531803;2023;STN/SICONFI;389299341.14;378331215.73;73223277.83;250103049.63;
3531902;2023;STN/SICONFI;237163419.9;233129712.15;29239229.58;181133520.82;
3532009;2023;STN/SICONFI;96349444.19;83595718.31;10482654.18;70825247.81;
3532058;2023;STN/SICONFI;37202146.31;36381269.47;2162254.26;32505609.3;
3532108;2023;STN/SICONFI;36005567.99;35505567.99;2369180.37;32126647.51;
3532157;2023;STN/SICONFI;38196293.29;35811276.1;1972745.38;32121997.83;
3532207;2023;STN/SICONFI;63650411.29;61539992.06;4852527.97;56118958.73;
3532306;2023;STN/SICONFI;48461260.82;46865087.82;2075219.45;43490519.57;
3532405;2023;STN/SICONFI;107016540.07;103211071.36;24712374.89;73733406.14;
3532504;2023;STN/SICONFI;54006533.23;53315489.35;6414641.62;40160714.43;
3532603;2023;STN/SICONFI;68527393.45;62821006.81;9874368.91;50803745.39;
3532702;2023;STN/SICONFI;33254643.71;32354798.94;2734900.85;28801024.13;
3532801;2023;STN/SICONFI;50466864.55;48747264.55;3665728.35;43314317.45;
3532827;2023;STN/SICONFI;64328086.75;62586969.75;9025121.09;51681449.69;
3532843;2023;STN/SICONFI;28157361.03;26045208.7;1386276.22;23362418.18;
3532868;2023;STN/SICONFI;32510589.03;30997849.47;2978268.0;24229928.51;
3532900;2023;STN/SICONFI;75298021.84;72305777.18;5376613.21;61660497.56;
3533007;2023;STN/SICONFI;96982195.07;95628900.85;9629883.23;83919812.86;
3533106;2023;STN/SICONFI;25962536.36;25338417.59;836922.93;22815853.58;
3533205;2023;STN/SICONFI;53175198.73;50548676.02;3549404.79;45967167.27;
3533254;2023;STN/SICONFI;38539861.87;36018861.87;2573204.37;31912514.75;
3533304;2023;STN/SICONFI;29619864.66;28929981.03;2584356.17;24726005.69;
3533403;2023;STN/SICONFI;339645243.33;336252623.42;99238841.94;227890484.53;
3533502;2023;STN/SICONFI;241698441.73;226967906.64;30848354.27;184682202.82;
3533601;2023;STN/SICONFI;69181871.03;63958938.48;7958665.59;50948399.42;
3533700;2023;STN/SICONFI;39305320.17;37174999.44;3453521.54;32434386.95;
3533809;2023;STN/SICONFI;32013559.85;29250475.4;1468650.61;26837234.32;
3533908;2023;STN/SICONFI;489356679.77;458293836.84;97987412.65;220823377.93;
3534005;2023;STN/SICONFI;47547555.85;46847853.59;4498761.25;37448178.93;
3534104;2023;STN/SICONFI;41698666.46;39423262.84;4135932.46;34704656.88;
3534203;2023;STN/SICONFI;61929222.06;59578500.58;7521021.24;47505488.22;
3534302;2023;STN/SICONFI;290751556.25;287976577.72;56806081.79;176544246.11;
3534401;2023;STN/SICONFI;4501945152.97;4452903498.69;2475210700.05;1562043867.57;
3534500;2023;STN/SICONFI;31068213.97;30263213.97;1446368.25;28269261.01;
3534609;2023;STN/SICONFI;141173813.68;136841695.53;22064769.46;109247005.32;
3534708;2023;STN/SICONFI;670871894.18;619359770.55;147215094.84;378156529.95;
3534757;2023;STN/SICONFI;105007650.55;103436704.63;11599938.83;79890145.29;
3534807;2023;STN/SICONFI;46457700.94;44921578.04;2582441.01;40185625.42;
3534906;2023;STN/SICONFI;72597792.52;67891821.67;6552524.9;56986329.6;
3535002;2023;STN/SICONFI;86250817.29;84750817.29;12032820.12;71657934.38;
3535101;2023;STN/SICONFI;51295023.68;49901468.29;2462288.06;45370876.87;
3535200;2023;STN/SICONFI;49586633.61;46144058.48;5103693.24;38639600.05;
3535309;2023;STN/SICONFI;150202078.17;145036963.13;25937520.32;108229524.1;
3535408;2023;STN/SICONFI;82519652.39;77712650.27;6959922.91;62189550.22;
3535507;2023;STN/SICONFI;293516970.2;286609346.98;45237160.06;194874289.24;
3535606;2023;STN/SICONFI;134714226.47;130862985.39;28083634.53;88895891.33;
3535705;2023;STN/SICONFI;57600244.69;55749299.71;4601692.69;46979432.92;
3535804;2023;STN/SICONFI;173369657.53;160853720.58;25739437.69;123133930.99;
3535903;2023;STN/SICONFI;33553865.87;32627703.87;1835852.92;29568501.95;
3536000;2023;STN/SICONFI;70001826.91;64239870.19;9371597.6;52960764.87;
3536109;2023;STN/SICONFI;59269415.25;58141980.65;12363043.6;43187415.25;
3536208;2023;STN/SICONFI;94140402.31;88176191.02;12185386.39;71538338.16;
3536257;2023;STN/SICONFI;32416119.5;30054213.34;1498653.73;25473349.35;
3536307;2023;STN/SICONFI;103023807.95;98241811.8;13846023.41;76761813.44;
3536406;2023;STN/SICONFI;63677195.04;58299781.57;9315558.83;46435486.82;
3536505;2023;STN/SICONFI;2517045984.38;2515561801.03;466160669.31;1782993584.83;
3536570;2023;STN/SICONFI;31453436.24;30070213.46;3748166.14;25473706.14;
3536604;2023;STN/SICONFI;66393852.47;64086355.49;7166120.01;53732046.05;
3536703;2023;STN/SICONFI;244403053.92;239919962.25;32243224.69;193404609.43;
3536802;2023;STN/SICONFI;40403448.62;37960195.38;2847478.28;33220241.4;
3536901;2023;STN/SICONFI;34773157.67;31886168.01;2161313.61;29131274.07;
3537008;2023;STN/SICONFI;105676905.69;102005008.51;8445334.69;90806720.65;
3537107;2023;STN/SICONFI;269791203.36;250980513.95;52080169.18;164612829.68;
3537156;2023;STN/SICONFI;40527685.12;36159183.77;2421186.49;32556590.21;
3537206;2023;STN/SICONFI;67571621.04;64049547.75;6610828.54;56969767.25;
3537305;2023;STN/SICONFI;354968484.26;348344929.91;62412902.17;228914359.03;
3537404;2023;STN/SICONFI;180314054.7;159790521.55;19353707.06;127561386.23;
3537503;2023;STN/SICONFI;48978628.86;46726514.18;5270131.59;40295631.64;
3537602;2023;STN/SICONFI;445757399.91;409079877.47;157104137.0;205476096.69;
3537701;2023;STN/SICONFI;40102173.49;38476863.73;3261553.05;33717183.51;
3537800;2023;STN/SICONFI;224456214.77;217490149.47;31712147.62;178673506.69;
3537909;2023;STN/SICONFI;145621457.21;140236967.4;18460386.34;115864372.06;
3538006;2023;STN/SICONFI;979027600.42;953897182.27;189767470.06;671796030.17;
3538105;2023;STN/SICONFI;93632680.84;90207505.49;13113043.73;69222267.99;
3538204;2023;STN/SICONFI;78014422.6;75815847.6;12063929.06;60758961.19;
3538303;2023;STN/SICONFI;38384106.44;36017523.63;3375315.3;31869975.16;
3538501;2023;STN/SICONFI;69050678.2;57776321.31;5289679.44;48518269.35;
3538600;2023;STN/SICONFI;148818584.56;147054868.41;36278270.74;98799251.73;
3538709;2023;STN/SICONFI;2785829145.97;2768659655.29;795442294.16;1427577831.74;
3538808;2023;STN/SICONFI;157530308.02;148874699.92;27447841.58;116488791.83;
3538907;2023;STN/SICONFI;120271853.63;117695083.01;15024828.54;91169419.37;
3539004;2023;STN/SICONFI;62931977.31;61534262.33;7834268.69;49294262.2;
3539103;2023;STN/SICONFI;121404957.57;116975421.93;14389040.68;94231594.95;
3539202;2023;STN/SICONFI;131488203.13;127671461.83;18925984.14;105106345.1;
3539301;2023;STN/SICONFI;403538126.28;394651431.82;76630941.09;264476222.44;
3539400;2023;STN/SICONFI;84175823.73;82825645.38;19066627.68;57161707.91;
3539509;2023;STN/SICONFI;206681291.24;200975924.51;31174329.59;152491137.41;
3539608;2023;STN/SICONFI;51184011.62;50716906.56;3456716.85;46398146.63;
3539707;2023;STN/SICONFI;41819238.79;41034508.52;2969593.2;36685381.71;
3539806;2023;STN/SICONFI;469115441.1;450179913.24;112448036.1;305202845.79;
3539905;2023;STN/SICONFI;25025588.62;24336384.53;3529130.41;19212178.86;
3540002;2023;STN/SICONFI;174599217.03;168301967.09;19891690.5;136143413.99;
3540101;2023;STN/SICONFI;35049114.03;33130836.07;2488631.28;30058171.19;
3540200;2023;STN/SICONFI;209446351.65;207590185.1;22584855.33;169690820.57;
3540259;2023;STN/SICONFI;50488233.44;46954635.02;1241656.09;28747003.26;
3540309;2023;STN/SICONFI;40571564.66;40010869.66;3678275.99;33851197.06;
3540408;2023;STN/SICONFI;37287453.27;37258512.76;2185419.06;33487674.58;
3540507;2023;STN/SICONFI;63298528.62;59415669.12;10676584.39;46007917.39;
3540606;2023;STN/SICONFI;483196972.72;480246675.97;151704706.73;253596145.87;
3540705;2023;STN/SICONFI;348951161.29;337648663.09;66922851.3;206814062.92;
3540754;2023;STN/SICONFI;94451109.28;89616840.61;4909140.68;78696392.61;
3540804;2023;STN/SICONFI;124353648.75;121832590.95;14387599.96;92580769.68;
3540853;2023;STN/SICONFI;24157828.9;23098040.39;926311.87;21804075.75;
3540903;2023;STN/SICONFI;142818280.23;138267898.69;15102992.29;116412583.33;
3541000;2023;STN/SICONFI;2328741536.67;2311936376.35;1068983793.26;962006672.25;
3541059;2023;STN/SICONFI;38438618.09;36874474.38;2460611.52;33692732.88;
3541109;2023;STN/SICONFI;31014175.57;30474418.2;2125285.5;27233542.43;
3541208;2023;STN/SICONFI;81784742.36;80204496.72;14899303.87;63613199.75;
3541307;2023;STN/SICONFI;203917724.08;188530769.41;25896064.93;149585100.45;
3541406;2023;STN/SICONFI;1132633063.16;1111383490.1;345761882.66;591101094.96;
3541505;2023;STN/SICONFI;189255867.8;180388908.46;26257885.44;129057599.84;
3541604;2023;STN/SICONFI;196564683.88;189857429.34;22497879.51;147847002.33;
3541653;2023;STN/SICONFI;38248156.14;36243750.74;4549240.1;30671291.71;
3541703;2023;STN/SICONFI;101753262.35;93281926.85;8889812.93;76214282.64;
3541802;2023;STN/SICONFI;54835856.93;50513835.21;3184650.6;45347925.97;
3541901;2023;STN/SICONFI;73783922.22;68977165.69;7664091.17;59518838.82;
3542008;2023;STN/SICONFI;49558618.7;48439242.34;3156773.44;44768857.06;
3542107;2023;STN/SICONFI;61032059.1;61032059.1;8626141.76;45956483.12;
3542206;2023;STN/SICONFI;180459583.82;176824021.98;19595468.32;142009318.32;
3542305;2023;STN/SICONFI;36572005.91;33701554.91;1696695.54;31002137.42;
3542404;2023;STN/SICONFI;126211923.97;123960937.07;32926949.47;88132638.51;
3542503;2023;STN/SICONFI;52960271.29;50065279.25;4557247.49;42414641.78;
3542602;2023;STN/SICONFI;304653775.17;295324619.17;67047236.56;202907395.13;
3542701;2023;STN/SICONFI;49456781.66;48159019.46;5580684.62;42244490.23;
3542800;2023;STN/SICONFI;34764402.41;31673041.26;1316424.48;29737366.47;
3542909;2023;STN/SICONFI;65596176.07;63349865.93;6513703.43;52011061.14;
3543006;2023;STN/SICONFI;87186273.53;80634743.05;6414147.54;73063054.68;
3543105;2023;STN/SICONFI;46819918.23;40791790.24;2754037.41;35800367.4;
3543204;2023;STN/SICONFI;38751426.84;37325400.46;2252876.96;33724553.05;
3543238;2023;STN/SICONFI;29258133.37;28021911.98;1164426.32;25221954.25;
3543253;2023;STN/SICONFI;49246992.49;45050038.96;4457480.9;37469930.91;
3543303;2023;STN/SICONFI;545843625.02;485972950.79;142134614.79;304125121.97;
3543402;2023;STN/SICONFI;4209742708.41;4068950317.81;1453334283.15;1747442510.95;
3543501;2023;STN/SICONFI;43969085.53;39577544.68;3133612.47;35019312.49;
3543600;2023;STN/SICONFI;57841696.32;55321315.51;11867393.49;41323558.1;
3543709;2023;STN/SICONFI;59724887.16;58156873.75;4254576.18;49069168.01;
3543808;2023;STN/SICONFI;55514866.27;53326094.12;5406383.4;42718826.4;
3543907;2023;STN/SICONFI;1354725671.37;1254197228.39;284292794.07;748362197.58;
3544004;2023;STN/SICONFI;202587103.0;193221617.89;35871205.08;141126361.25;
3544103;2023;STN/SICONFI;158315631.53;154422403.52;22031280.37;109038067.96;
3544202;2023;STN/SICONFI;80339373.39;75859186.43;5431160.62;68756777.86;
3544251;2023;STN/SICONFI;137035826.53;130499023.54;14282813.61;111688884.79;
3544301;2023;STN/SICONFI;71083148.49;68601405.88;7054376.81;57887134.74;
3544400;2023;STN/SICONFI;32393181.02;31981899.02;1682876.88;28839422.27;
3544509;2023;STN/SICONFI;42538623.15;40681086.17;6018916.6;33712328.69;
3544608;2023;STN/SICONFI;52275820.27;49582459.66;4682747.08;42619454.24;
3544707;2023;STN/SICONFI;27455746.73;25862244.61;910316.65;24206350.08;
3544806;2023;STN/SICONFI;60652265.88;56732735.59;6787486.2;44291931.01;
3544905;2023;STN/SICONFI;78458597.26;75974746.02;12989234.87;54859334.49;
3545001;2023;STN/SICONFI;106155725.73;99014505.2;6918357.36;84462570.39;
3545100;2023;STN/SICONFI;32744327.14;31444327.14;1254991.37;29739410.13;
3545159;2023;STN/SICONFI;55699979.2;54644979.2;9737667.79;42318310.13;
3545209;2023;STN/SICONFI;663406583.94;647124327.88;168032933.98;414018539.92;
3545308;2023;STN/SICONFI;255301721.73;238019741.15;39545980.29;176820445.38;
3545407;2023;STN/SICONFI;62516358.0;56654112.14;7671124.02;44295188.56;
3545506;2023;STN/SICONFI;60669366.91;58916314.85;6777940.1;50572708.27;
3545605;2023;STN/SICONFI;84457761.84;82725381.72;12181304.33;64993041.67;
3545704;2023;STN/SICONFI;51469926.0;50102187.68;4140305.46;42115938.97;
3545803;2023;STN/SICONFI;868742227.54;847545302.25;219245960.73;505826645.69;
3546009;2023;STN/SICONFI;89034166.37;83787742.12;11853305.74;67061964.53;
3546108;2023;STN/SICONFI;39492119.15;36615986.44;2652051.71;32330859.13;
3546207;2023;STN/SICONFI;43312491.23;41142083.37;6806176.7;30420931.51;
3546256;2023;STN/SICONFI;30377214.46;28427214.46;662076.17;26868208.57;
3546306;2023;STN/SICONFI;134608174.41;133719237.96;20124802.7;100248502.45;
3546405;2023;STN/SICONFI;292864094.54;287083996.9;52526443.95;223837046.24;
3546504;2023;STN/SICONFI;37686736.1;34668119.59;2523340.49;30698213.01;
3546603;2023;STN/SICONFI;318634406.3;302750504.49;73498623.56;130636793.56;
3546702;2023;STN/SICONFI;247034652.17;245795047.41;35640668.36;202111235.93;
3546801;2023;STN/SICONFI;263343627.83;255098821.52;49405048.1;194597770.5;
3546900;2023;STN/SICONFI;42525451.98;38250285.33;2748270.54;33027244.98;
3547007;2023;STN/SICONFI;45581643.65;42323331.21;4404514.25;36715721.92;
3547106;2023;STN/SICONFI;34680181.52;31071203.35;2004871.62;28045528.92;
3547205;2023;STN/SICONFI;29712226.62;26819355.62;1030599.45;24157500.6;
3547304;2023;STN/SICONFI;1669059966.0;1662748866.0;744366866.44;688763279.72;
3547403;2023;STN/SICONFI;32433668.62;29831989.42;2198010.75;26386527.55;
3547502;2023;STN/SICONFI;152654397.45;146802018.93;30131926.84;99434413.8;
3547601;2023;STN/SICONFI;128764427.69;119633793.77;22147278.75;93455057.9;
3547650;2023;STN/SICONFI;25175295.87;23593896.21;1025072.48;21536362.71;
3547700;2023;STN/SICONFI;91406771.49;89550875.13;13155512.99;73317394.37;
3547809;2023;STN/SICONFI;3772410695.71;3629712957.91;1579059836.85;1559951490.86;
3547908;2023;STN/SICONFI;48568322.04;46415543.68;3839737.17;40137226.46;
3548005;2023;STN/SICONFI;174791356.94;169290085.94;28009994.96;121704338.84;
3548054;2023;STN/SICONFI;83836705.15;81636364.0;7358705.53;72283656.72;
3548104;2023;STN/SICONFI;38509816.16;37346998.6;4288236.71;31533545.47;
3548203;2023;STN/SICONFI;55054801.67;49669171.2;9121454.2;36916172.02;
3548302;2023;STN/SICONFI;26446313.6;26366777.6;1028600.05;24209379.63;
3548401;2023;STN/SICONFI;36722740.91;33550596.89;1964077.6;29876922.0;
3548500;2023;STN/SICONFI;4328935144.45;4169069742.99;2221266176.34;1552493210.6;
3548609;2023;STN/SICONFI;66448190.38;62675334.19;10147367.41;47376247.93;
3548708;2023;STN/SICONFI;6047597531.7;5574260197.89;2034755606.44;2807207819.15;
3548807;2023;STN/SICONFI;2344581626.89;2261281934.39;768878989.93;910356527.54;
3548906;2023;STN/SICONFI;1420191642.03;1372499101.7;445905015.04;699629055.29;
3549003;2023;STN/SICONFI;27943826.16;27287750.25;1442802.81;23713839.26;
3549102;2023;STN/SICONFI;561130548.83;555078053.62;114360244.2;322657744.7;
3549201;2023;STN/SICONFI;29161009.52;27258372.67;1084026.57;24006205.8;
3549250;2023;STN/SICONFI;30974994.26;29591409.96;1123206.04;26372348.38;
3549300;2023;STN/SICONFI;28592321.45;27651155.67;1232631.18;25554422.33;
3549409;2023;STN/SICONFI;273572985.77;268179792.98;46583236.81;195499999.84;
3549508;2023;STN/SICONFI;48006983.65;45553116.84;4176951.64;39927440.52;
3549607;2023;STN/SICONFI;46891898.17;42874820.32;2431555.15;38821872.19;
3549706;2023;STN/SICONFI;302410494.68;291476365.02;47899066.85;192664216.08;
3549805;2023;STN/SICONFI;2890331804.01;2722207577.07;868803313.49;1220012592.46;
3549904;2023;STN/SICONFI;4265105527.41;4221601149.12;1224966861.33;2451242701.07;
3549953;2023;STN/SICONFI;86006490.43;75800699.93;14114672.08;59839747.47;
3550001;2023;STN/SICONFI;65146020.04;61708931.78;5975903.41;54099517.58;
3550100;2023;STN/SICONFI;202947806.94;194693384.68;31559256.24;147771306.9;
3550209;2023;STN/SICONFI;154362441.84;146972008.6;16837881.38;125054645.4;
3550308;2023;STN/SICONFI;93231985324.05;89678434970.7;52281689827.25;25187610429.94;
3550407;2023;STN/SICONFI;224020058.12;218373503.68;46758438.34;143907089.67;
3550506;2023;STN/SICONFI;61693894.35;60439388.27;6256871.7;50463106.71;
3550605;2023;STN/SICONFI;541012648.09;524247953.42;146275015.26;296258712.37;
3550704;2023;STN/SICONFI;2361066697.62;2307550268.53;508450497.79;649376790.08;
3550803;2023;STN/SICONFI;58429251.66;55889573.91;6803716.19;47013944.93;
3550902;2023;STN/SICONFI;97180688.66;93263249.09;18197358.46;69818178.84;
3551009;2023;STN/SICONFI;1490770864.27;1454750352.17;511096471.08;773088698.99;
3551108;2023;STN/SICONFI;60878859.6;58183169.5;6952617.12;49215092.14;
3551207;2023;STN/SICONFI;35472666.08;29818048.01;2725633.43;26317953.73;
3551306;2023;STN/SICONFI;57856181.81;53281506.28;3194818.64;47132450.3;
3551405;2023;STN/SICONFI;60517051.35;59448809.42;3835794.09;53697755.14;
3551504;2023;STN/SICONFI;230098765.61;223815359.67;30608622.19;156169397.52;
3551603;2023;STN/SICONFI;192470714.54;171615523.28;62397076.85;97136611.0;
3551702;2023;STN/SICONFI;816627628.22;805792657.89;195156736.06;448746328.27;
3551801;2023;STN/SICONFI;76356319.74;70489685.55;4299046.76;65246831.32;
3551900;2023;STN/SICONFI;98209959.56;94103153.56;6697391.27;74720905.66;
3552007;2023;STN/SICONFI;48894283.01;47222577.78;4729292.16;41696682.73;
3552106;2023;STN/SICONFI;199139714.12;189184155.78;45244148.29;135038109.32;
3552205;2023;STN/SICONFI;4538071956.92;4315295234.41;1450790948.51;1798924135.78;
3552304;2023;STN/SICONFI;68589425.87;64244940.62;4490671.37;58474848.04;
3552403;2023;STN/SICONFI;1213907374.92;1171978348.14;324543480.11;766012303.52;
3552502;2023;STN/SICONFI;1387161046.37;1321066784.45;333613750.96;841883015.98;
3552551;2023;STN/SICONFI;46943476.4;45722012.18;3323658.26;37818160.24;
3552601;2023;STN/SICONFI;77975921.35;70159418.42;7713968.49;57692335.21;
3552700;2023;STN/SICONFI;86234448.09;81416570.9;7034159.87;67102002.29;
3552809;2023;STN/SICONFI;1162079892.47;1090175045.59;333334919.62;641391957.07;
3552908;2023;STN/SICONFI;62290820.32;59319806.15;5134473.72;52631779.81;
3553005;2023;STN/SICONFI;80098788.22;70547175.22;6732272.8;61688897.01;
3553104;2023;STN/SICONFI;39684789.73;39284789.73;3787631.6;31425390.43;
3553203;2023;STN/SICONFI;39404549.65;39112564.65;3853762.42;33298113.43;
3553302;2023;STN/SICONFI;133140083.3;126481067.22;18592806.59;88707591.48;
3553401;2023;STN/SICONFI;146416719.23;144403074.46;20046896.56;112538585.39;
3553500;2023;STN/SICONFI;52744580.64;49705589.02;5296988.37;42178224.11;
3553609;2023;STN/SICONFI;72545053.44;71249994.8;5693539.59;54853837.33;
3553658;2023;STN/SICONFI;28260287.2;27515480.2;1602628.88;24527030.62;
3553708;2023;STN/SICONFI;292431117.48;291235466.87;56193902.25;185294583.21;
3553807;2023;STN/SICONFI;152635840.43;151426650.8;19456355.06;117206177.7;
3553856;2023;STN/SICONFI;52262739.86;50637213.51;4341472.62;45344867.98;
3553906;2023;STN/SICONFI;47204715.33;44553724.2;6642814.46;37353989.75;
3553955;2023;STN/SICONFI;123435718.53;118239252.64;15904417.57;91199768.49;
3554003;2023;STN/SICONFI;579242876.67;567489357.47;129637296.81;396184783.41;
3554102;2023;STN/SICONFI;1893074412.51;1881744484.72;445355171.88;989682543.72;
3554201;2023;STN/SICONFI;39281961.67;38432068.67;3498087.7;33713227.65;
3554300;2023;STN/SICONFI;131593656.79;127655115.56;10863836.49;112405896.2;
3554409;2023;STN/SICONFI;51538577.32;49308143.12;2881643.7;43970020.2;
3554508;2023;STN/SICONFI;244271457.42;241514386.58;43492523.79;170796809.27;
3554607;2023;STN/SICONFI;33158222.79;32351101.86;1388861.79;30444226.65;
3554656;2023;STN/SICONFI;27548000.75;25253051.54;939176.18;23586801.55;
3554706;2023;STN/SICONFI;57864033.92;55180328.71;7471433.0;45538996.06;
3554755;2023;STN/SICONFI;25439857.65;24164723.05;1062675.77;22341273.79;
3554805;2023;STN/SICONFI;228221598.67;219461851.97;67297336.63;141306893.07;
3554904;2023;STN/SICONFI;39218686.96;36606577.13;4308213.74;31086793.88;
3554953;2023;STN/SICONFI;36584291.15;35677727.09;2362346.38;32452248.04;
3555000;2023;STN/SICONFI;304668577.03;292564966.64;73220582.85;202904306.97;
3555109;2023;STN/SICONFI;83827383.75;81121003.46;11338757.11;62098987.58;
3555208;2023;STN/SICONFI;33265753.3;32184153.56;1827193.16;29813285.76;
3555307;2023;STN/SICONFI;30345247.37;30345247.37;1451920.32;27394280.85;
3555356;2023;STN/SICONFI;52454184.2;49958496.21;3858078.34;42793991.3;
3555406;2023;STN/SICONFI;662585496.51;628407418.22;244398027.47;295238919.67;
3555505;2023;STN/SICONFI;37207576.7;36807609.7;2781860.33;33713562.12;
3555604;2023;STN/SICONFI;70409269.24;66085919.47;8260873.8;52654404.38;
3555703;2023;STN/SICONFI;28772978.13;27322978.13;1458049.64;24899534.15;
3555802;2023;STN/SICONFI;43983529.37;43272770.37;4613959.83;36695266.91;
3555901;2023;STN/SICONFI;28263799.1;26321194.0;916362.17;24901549.03;
3556008;2023;STN/SICONFI;91094946.94;88854705.47;11173313.28;69732981.66;
3556107;2023;STN/SICONFI;78374985.54;72306887.63;9420725.5;57875265.25;
3556206;2023;STN/SICONFI;1017742943.31;1003276692.68;349479822.51;436279913.29;
3556305;2023;STN/SICONFI;165044886.16;160826309.96;22187260.81;126630473.28;
3556354;2023;STN/SICONFI;53980520.38;53630557.38;6530066.31;45231083.34;
3556404;2023;STN/SICONFI;205333833.97;196300638.92;37549927.39;136069283.77;
3556453;2023;STN/SICONFI;305049741.12;297775314.42;95426018.13;189894838.65;
3556503;2023;STN/SICONFI;469574174.09;441373887.88;91251719.28;308806544.16;
3556602;2023;STN/SICONFI;59211460.88;56873078.05;7202052.0;45262676.05;
3556701;2023;STN/SICONFI;873081884.2;816875803.53;222518858.82;504730924.44;
3556800;2023;STN/SICONFI;111367231.42;104779111.33;15636301.91;77582959.41;
3556909;2023;STN/SICONFI;61446127.49;60111162.49;5618998.93;50011290.24;
3556958;2023;STN/SICONFI;24589607.12;23986230.59;1173787.91;22141669.92;
3557006;2023;STN/SICONFI;591225865.31;585703232.03;187243266.88;336758695.9;
3557105;2023;STN/SICONFI;581132723.45;526664553.67;112226796.85;303682516.43;
3557154;2023;STN/SICONFI;45559837.13;43762550.85;3320740.39;33659030.24;
3557204;2023;STN/SICONFI;68861543.65;68696588.48;6763592.89;52497996.5;
3557303;2023;STN/SICONFI;77692260.01;74008046.23;14330141.59;57007831.51;
4100103;2023;STN/SICONFI;47733587.01;40973098.0;3136149.61;33750182.47;
4100202;2023;STN/SICONFI;67490304.03;64646233.71;3042000.23;52392240.86;
4100301;2023;STN/SICONFI;56439846.05;51490415.51;4056969.13;45179687.99;
4100400;2023;STN/SICONFI;422273302.05;383722530.38;66402368.08;251787494.01;
4100459;2023;STN/SICONFI;39337787.13;35300868.12;1290618.09;31237006.05;
4100509;2023;STN/SICONFI;102531584.0;98808119.8;10581510.27;78995121.4;
4100608;2023;STN/SICONFI;88937859.66;81477036.68;7503984.38;60930621.35;
4100707;2023;STN/SICONFI;64484961.27;58206166.55;4572253.7;51888925.03;
4100806;2023;STN/SICONFI;100435694.04;75924222.15;13337870.93;55399181.68;
4100905;2023;STN/SICONFI;48799577.83;45803150.81;2140338.51;34640594.21;
4101002;2023;STN/SICONFI;121709989.45;111100048.68;13523483.68;82919441.43;
4101051;2023;STN/SICONFI;35959309.48;31273854.44;1448277.49;28852044.12;
4101101;2023;STN/SICONFI;143168119.0;129739598.85;15607073.05;86022314.77;
4101150;2023;STN/SICONFI;48203982.04;37574464.65;2248604.03;28626000.73;
4101200;2023;STN/SICONFI;132839332.3;116433012.43;23395848.37;77094931.73;
4101309;2023;STN/SICONFI;44936514.59;41554186.82;2015476.67;38126548.72;
4101408;2023;STN/SICONFI;601344879.13;591937587.89;124985478.48;435548720.53;
4101507;2023;STN/SICONFI;673729889.87;630735166.74;135946899.76;346372404.09;
4101606;2023;STN/SICONFI;196137764.4;186784583.03;22591765.22;127787409.05;
4101655;2023;STN/SICONFI;38679814.57;33894982.69;1242863.97;31395341.44;
4101705;2023;STN/SICONFI;87394811.75;81908610.6;9502273.26;70051416.43;
4101804;2023;STN/SICONFI;1953563420.6;1834943798.68;230161149.67;1248460307.93;
4101853;2023;STN/SICONFI;36936098.57;30470350.29;1270373.48;28241976.5;
4101903;2023;STN/SICONFI;91334656.07;80764754.61;10830294.52;64341628.09;
4102000;2023;STN/SICONFI;216579291.66;201754063.82;32778934.22;157981147.64;
4102109;2023;STN/SICONFI;157424552.33;148353318.54;19066803.76;108475763.26;
4102208;2023;STN/SICONFI;47041193.33;42140339.69;2819438.28;32708630.1;
4102307;2023;STN/SICONFI;95995781.3;89990008.98;12662991.34;72672501.2;
4102406;2023;STN/SICONFI;159561521.94;137198895.87;16908623.34;102832905.3;
4102505;2023;STN/SICONFI;68857516.39;62641361.33;7117867.54;53167366.64;
4102604;2023;STN/SICONFI;67490002.53;63099112.09;5638800.2;47137015.07;
4102703;2023;STN/SICONFI;36139452.38;31300231.08;1245063.95;28815583.85;
4102752;2023;STN/SICONFI;33368063.84;30229379.4;1452120.77;27723530.84;
4102802;2023;STN/SICONFI;107287796.28;99415399.2;9982204.33;72073177.4;
4102901;2023;STN/SICONFI;170732792.54;126596785.83;6962473.47;112349770.25;
4103008;2023;STN/SICONFI;55334271.81;52904994.41;4286661.04;38997255.11;
4103024;2023;STN/SICONFI;39560681.89;34511834.52;1145584.52;31861477.98;
4103040;2023;STN/SICONFI;72276502.66;63288721.18;2901531.22;48244326.14;
4103057;2023;STN/SICONFI;69015033.59;52942891.6;5350113.04;45750000.7;
4103107;2023;STN/SICONFI;69965663.43;63058452.98;4960789.54;55934363.08;
4103156;2023;STN/SICONFI;43439792.02;35013134.04;1522271.21;32582458.83;
4103206;2023;STN/SICONFI;54036265.93;45976650.38;2488092.31;40937388.43;
4103222;2023;STN/SICONFI;47339237.11;39565414.39;2805803.45;35614154.53;
4103305;2023;STN/SICONFI;50125118.8;43744525.47;3797672.38;38412718.12;
4103354;2023;STN/SICONFI;44478531.18;40581032.94;2927954.86;35514588.47;
4103370;2023;STN/SICONFI;44896009.2;40541750.19;1803355.95;38152441.0;
4103404;2023;STN/SICONFI;35295969.05;32299521.67;1895381.58;26548072.55;
4103453;2023;STN/SICONFI;153557010.27;148337096.22;16601597.7;110660802.64;
4103479;2023;STN/SICONFI;46802973.03;36565263.98;2655362.86;32974777.29;
4103503;2023;STN/SICONFI;50020795.13;42905447.03;3068569.14;38452838.63;
4103602;2023;STN/SICONFI;136733523.33;129775847.96;14218025.57;92176130.21;
4103701;2023;STN/SICONFI;521656680.79;505202649.43;110498829.86;315281062.95;
4103800;2023;STN/SICONFI;55553853.38;50593598.5;3554108.87;44871557.16;
4103909;2023;STN/SICONFI;96487130.54;87822383.11;6922302.22;75993589.72;
4103958;2023;STN/SICONFI;54626976.84;47195228.17;1824423.57;40009549.25;
4104006;2023;STN/SICONFI;292971859.96;279217113.6;52406589.16;171732899.31;
4104055;2023;STN/SICONFI;47412888.26;42890079.25;1570230.87;35286963.57;
4104105;2023;STN/SICONFI;61370453.04;61127251.21;4197156.71;44828603.82;
4104204;2023;STN/SICONFI;681362213.46;639338393.88;151465243.84;370517658.65;
4104253;2023;STN/SICONFI;145918254.12;141941468.43;15677465.93;117539445.02;
4104303;2023;STN/SICONFI;662254919.75;625039380.52;143895576.94;387488271.1;
4104402;2023;STN/SICONFI;89140622.47;82747520.17;6430924.28;72830753.39;
4104428;2023;STN/SICONFI;122170161.84;111799777.52;10049991.04;96591880.44;
4104451;2023;STN/SICONFI;78817558.52;67389347.53;4748737.04;52786989.75;
4104501;2023;STN/SICONFI;125500812.09;116636283.08;13089782.75;98344223.57;
4104600;2023;STN/SICONFI;105551938.17;93452899.51;8325612.38;81493046.8;
4104659;2023;STN/SICONFI;181002531.27;166608124.54;18587157.03;140226054.47;
4104709;2023;STN/SICONFI;96088748.3;79821916.06;9051844.16;64903341.79;
4104808;2023;STN/SICONFI;1922352184.05;1739640971.39;543835934.49;871237686.32;
4104907;2023;STN/SICONFI;431920688.18;422510052.91;71088501.06;329479064.55;
4105003;2023;STN/SICONFI;73796918.29;65444779.29;6800574.05;51665346.93;
4105102;2023;STN/SICONFI;66057148.03;60911771.79;5660896.2;53364507.98;
4105201;2023;STN/SICONFI;93257518.67;86723239.14;4620440.01;70763511.08;
4105300;2023;STN/SICONFI;89916060.33;81506254.66;7882107.4;68941873.49;
4105409;2023;STN/SICONFI;169803221.32;154028887.2;16318498.67;117895696.64;
4105508;2023;STN/SICONFI;501252665.51;482711685.85;112794706.36;302452506.66;
4105607;2023;STN/SICONFI;67921632.5;65654457.25;7462242.16;55206060.41;
4105706;2023;STN/SICONFI;100997068.03;94305590.93;10381644.92;81564973.63;
4105805;2023;STN/SICONFI;948393386.35;918507826.75;185155347.15;526119023.34;
4105904;2023;STN/SICONFI;168514753.08;163112990.5;15520066.76;123257187.14;
4106001;2023;STN/SICONFI;64112326.97;59812137.94;4172325.13;44093713.28;
4106100;2023;STN/SICONFI;33204438.82;30743633.06;1524465.18;28143396.66;
4106209;2023;STN/SICONFI;111328961.46;98064832.24;9239557.07;76679634.28;
4106308;2023;STN/SICONFI;129470433.75;122880389.06;13941650.8;95583140.93;
4106407;2023;STN/SICONFI;257496617.96;238675577.08;57027837.01;152215658.98;
4106456;2023;STN/SICONFI;67942738.08;59069033.43;3882781.68;53284690.53;
4106506;2023;STN/SICONFI;146983069.66;133746384.56;18913574.18;108065929.57;
4106555;2023;STN/SICONFI;39128607.4;31535474.9;1675919.4;28665759.96;
4106571;2023;STN/SICONFI;44508741.22;41791846.81;2892633.63;37113365.85;
4106605;2023;STN/SICONFI;132333433.29;122405613.08;13294039.0;94103356.26;
4106704;2023;STN/SICONFI;42945801.68;38245570.55;2083562.4;31289278.72;
4106803;2023;STN/SICONFI;105426204.8;99050006.57;6129075.97;88795779.5;
4106852;2023;STN/SICONFI;38014025.27;34500671.74;1164124.35;31216117.02;
4106902;2023;STN/SICONFI;11977392150.13;11657679236.01;4650772857.47;4877125498.3;
4107009;2023;STN/SICONFI;85320027.37;74638593.83;9325432.98;58709715.83;
4107108;2023;STN/SICONFI;50428234.27;45987842.21;2700988.35;35787234.62;
4107124;2023;STN/SICONFI;32418940.53;28883967.53;968447.31;27202733.84;
4107157;2023;STN/SICONFI;45451350.18;44565048.41;2655408.47;37503476.74;
4107207;2023;STN/SICONFI;310584036.45;258306640.52;40675006.28;198712936.01;
4107256;2023;STN/SICONFI;59935519.7;53655244.7;6987278.4;44650859.84;
4107306;2023;STN/SICONFI;41521065.32;37324585.65;3114680.93;31637175.86;
4107405;2023;STN/SICONFI;60435573.83;48250989.08;4274417.9;42818353.28;
4107504;2023;STN/SICONFI;79759845.66;74905121.28;6782082.73;65468581.19;
4107520;2023;STN/SICONFI;37654684.86;34269918.06;1391174.41;28300811.12;
4107538;2023;STN/SICONFI;79488428.27;73742501.02;5091180.95;41330958.03;
4107546;2023;STN/SICONFI;51473378.64;41235719.87;1810495.06;37416454.69;
4107553;2023;STN/SICONFI;43072815.59;39026679.87;2186051.57;35225235.99;
4107603;2023;STN/SICONFI;99935970.47;92274744.72;13959610.48;74860676.65;
4107652;2023;STN/SICONFI;626603491.28;602415985.61;159996338.93;333468553.73;
4107702;2023;STN/SICONFI;45387187.0;40240449.82;2554605.58;35941344.36;
4107736;2023;STN/SICONFI;62893656.95;54561561.22;2702086.58;43424814.65;
4107751;2023;STN/SICONFI;44269066.9;37685871.87;4163678.46;32563428.02;
4107801;2023;STN/SICONFI;44846671.18;39483840.39;2638023.27;35211515.85;
4107850;2023;STN/SICONFI;58109932.93;48999680.91;1988128.45;40494145.12;
4107900;2023;STN/SICONFI;74756781.75;66179695.69;8361158.26;50265756.62;
4108007;2023;STN/SICONFI;66378647.28;56622371.28;4989604.59;49923190.59;
4108106;2023;STN/SICONFI;39175340.42;32188831.25;2095967.86;25391527.18;
4108205;2023;STN/SICONFI;61340897.86;53908515.21;3955793.21;46389329.92;
4108304;2023;STN/SICONFI;1820823657.41;1781598639.09;534644443.55;827650012.94;
4108320;2023;STN/SICONFI;55979446.03;49293742.93;3282189.1;43329184.32;
4108403;2023;STN/SICONFI;570243307.56;519596552.21;105928400.25;345546442.13;
4108452;2023;STN/SICONFI;52380047.81;44959639.17;2059073.97;36095937.46;
4108502;2023;STN/SICONFI;74423860.19;68405800.03;5475684.57;61197257.25;
4108551;2023;STN/SICONFI;39212171.69;32592788.49;1080937.59;26440490.83;
4108601;2023;STN/SICONFI;164111797.17;152597355.14;23731472.47;119098310.33;
4108650;2023;STN/SICONFI;53703330.22;44577410.3;2434772.53;40985085.29;
4108700;2023;STN/SICONFI;42115932.56;37357743.06;1667183.74;33855586.02;
4108809;2023;STN/SICONFI;247348091.96;229338780.67;31177747.3;126059820.83;
4108908;2023;STN/SICONFI;52696128.49;49412994.3;3704196.1;41708550.06;
4108957;2023;STN/SICONFI;60308625.16;50259827.34;1830913.93;40626412.98;
4109005;2023;STN/SICONFI;38843098.81;35675458.45;1999049.6;32712020.52;
4109104;2023;STN/SICONFI;33679918.61;28633208.6;1296470.58;26536766.72;
4109203;2023;STN/SICONFI;50479346.03;47151668.05;3055898.48;35711384.84;
4109302;2023;STN/SICONFI;108967245.1;102890409.76;7582866.98;75328348.66;
4109401;2023;STN/SICONFI;967823992.22;931143411.03;187138741.51;573047170.97;
4109500;2023;STN/SICONFI;48937280.34;45997210.47;1569415.39;42456996.64;
4109609;2023;STN/SICONFI;27619576.89;27619576.89;;;
4109658;2023;STN/SICONFI;54294521.43;51324457.46;3702937.87;46095727.27;
4109708;2023;STN/SICONFI;168632000.37;153357122.86;15499627.71;114680627.93;
4109757;2023;STN/SICONFI;40902205.67;37280052.4;3730359.81;31879279.13;
4109807;2023;STN/SICONFI;406930706.07;380044677.68;71247851.2;228966141.89;
4109906;2023;STN/SICONFI;54257778.26;43260895.19;6972529.8;33662684.04;
4110003;2023;STN/SICONFI;50134798.22;46159594.52;7884886.18;35500500.36;
4110052;2023;STN/SICONFI;32940751.96;28370229.75;1054422.42;26252564.4;
4110078;2023;STN/SICONFI;66278296.35;59798185.08;7456735.1;50629362.97;
4110102;2023;STN/SICONFI;179665119.57;167545759.38;12997441.51;128519429.58;
4110201;2023;STN/SICONFI;85295464.92;74028289.13;5305840.49;53312165.49;
4110300;2023;STN/SICONFI;28784036.08;28105821.09;546601.95;24700824.0;
4110409;2023;STN/SICONFI;56131928.83;47003863.44;2026096.81;38555806.47;
4110508;2023;STN/SICONFI;108329646.97;92780074.52;7720819.46;76243391.73;
4110607;2023;STN/SICONFI;101356408.36;95932358.62;11162418.46;73995568.08;
4110656;2023;STN/SICONFI;32224557.76;29354180.45;947749.28;27640502.32;
4110706;2023;STN/SICONFI;333931997.42;300419083.04;53989761.72;190179600.06;
4110805;2023;STN/SICONFI;85479519.82;72607476.72;9467066.26;53488869.3;
4110904;2023;STN/SICONFI;46969322.8;39379128.43;2705012.74;31341947.1;
4110953;2023;STN/SICONFI;223940856.06;221912388.98;13318234.71;69183732.7;
4111001;2023;STN/SICONFI;86044425.34;77100734.82;3889237.38;68810836.38;
4111100;2023;STN/SICONFI;43404449.37;41302780.32;3750996.17;35363842.88;
4111209;2023;STN/SICONFI;86792436.16;76135387.37;6678233.04;66169577.45;
4111258;2023;STN/SICONFI;125877834.08;117487156.87;12281268.2;101037756.49;
4111308;2023;STN/SICONFI;37573159.77;33875611.52;1349984.55;27132770.56;
4111407;2023;STN/SICONFI;79745999.55;71305519.92;4264811.14;64379116.29;
4111506;2023;STN/SICONFI;182585047.86;153969182.88;31252162.19;110785588.0;
4111555;2023;STN/SICONFI;51075405.2;42862700.4;4068431.35;37370897.1;
4111605;2023;STN/SICONFI;39641936.0;35393093.2;2075208.9;26288840.94;
4111704;2023;STN/SICONFI;45599248.68;36937409.69;1875139.99;30514086.71;
4111803;2023;STN/SICONFI;201000883.63;186241167.89;32225858.83;146082725.17;
4111902;2023;STN/SICONFI;110034292.52;103246794.91;10562789.74;83183965.25;
4112009;2023;STN/SICONFI;254397542.87;225597595.7;31586850.02;145172696.68;
4112108;2023;STN/SICONFI;108626716.94;100762717.26;21297983.77;62078328.33;
4112207;2023;STN/SICONFI;52317271.59;46199652.06;4918591.22;36803925.13;
4112306;2023;STN/SICONFI;38903463.71;35018367.89;1770702.1;32086528.92;
4112405;2023;STN/SICONFI;69982817.53;60454540.97;6174891.06;41927907.85;
4112504;2023;STN/SICONFI;76417632.98;66463547.35;6077218.43;57224170.37;
4112603;2023;STN/SICONFI;36469363.48;31360143.9;941239.7;25265703.68;
4112702;2023;STN/SICONFI;62525248.19;58903471.81;5638372.76;39810009.87;
4112751;2023;STN/SICONFI;67877200.13;59324815.75;5398017.87;51525235.55;
4112801;2023;STN/SICONFI;78778832.57;77528165.32;6347591.82;67845003.77;
4112900;2023;STN/SICONFI;34965258.95;31557558.95;2292441.55;27175845.12;
4112959;2023;STN/SICONFI;59324744.33;50518213.42;3276337.41;44569611.73;
4113007;2023;STN/SICONFI;71283225.84;64441043.42;4808899.62;51473273.67;
4113106;2023;STN/SICONFI;82869722.22;72878766.72;4991976.62;62876792.8;
4113205;2023;STN/SICONFI;295153709.64;274436169.91;32325133.79;181834165.09;
4113254;2023;STN/SICONFI;50310139.08;41357225.33;2581245.06;33058854.76;
4113304;2023;STN/SICONFI;181321800.04;166538772.58;23784770.09;123327799.05;
4113403;2023;STN/SICONFI;42229330.68;37555145.94;1957747.47;34349291.73;
4113429;2023;STN/SICONFI;36806063.33;31445592.82;1802221.36;28364402.39;
4113452;2023;STN/SICONFI;45092886.22;40059733.36;2522730.45;36202875.19;
4113502;2023;STN/SICONFI;145524383.51;126356645.16;21558430.21;86513816.19;
4113601;2023;STN/SICONFI;46171242.55;42081679.78;3146231.81;33222753.04;
4113700;2023;STN/SICONFI;3210822530.55;3126026873.09;1255468089.53;1446860923.86;
4113734;2023;STN/SICONFI;77019022.29;74540181.9;3296766.73;56322438.6;
4113759;2023;STN/SICONFI;43324975.5;38013306.33;1982952.09;34920012.44;
4113809;2023;STN/SICONFI;38140857.21;37128852.53;1862016.58;34145865.71;
4113908;2023;STN/SICONFI;85159562.77;81925279.82;7807053.04;70633808.11;
4114005;2023;STN/SICONFI;102387617.24;96582013.34;9753588.25;82391339.49;
4114104;2023;STN/SICONFI;139344006.74;137475411.82;22975077.76;96645603.02;
4114203;2023;STN/SICONFI;196759117.7;186738528.68;31145144.99;136834648.35;
4114302;2023;STN/SICONFI;147861739.32;129103183.09;13707426.66;102515223.15;
4114351;2023;STN/SICONFI;38058674.85;28611476.15;1268475.03;26630174.27;
4114401;2023;STN/SICONFI;161490952.14;150057950.43;11450297.47;131960535.23;
4114500;2023;STN/SICONFI;94903319.38;84732651.45;6697277.95;74202834.03;
4114609;2023;STN/SICONFI;394042306.83;379917011.95;67261424.7;257789664.4;
4114708;2023;STN/SICONFI;47581666.51;40120599.53;2946910.0;33556389.72;
4114807;2023;STN/SICONFI;260163408.37;251441320.49;39601097.36;149291266.85;
4114906;2023;STN/SICONFI;58134735.56;55390159.59;4699903.1;49386663.81;
4115002;2023;STN/SICONFI;58535781.74;50202198.18;4973323.23;37180763.08;
4115101;2023;STN/SICONFI;64787637.64;62207275.55;4868582.15;48197321.45;
4115200;2023;STN/SICONFI;2843955756.26;2706109552.7;981817841.21;1227663635.84;
4115309;2023;STN/SICONFI;75970046.17;56603232.45;4801790.22;44775230.92;
4115358;2023;STN/SICONFI;68467791.36;61731719.07;6008000.48;52308079.56;
4115408;2023;STN/SICONFI;100109921.39;94855877.99;11207218.96;75917007.43;
4115457;2023;STN/SICONFI;49280360.36;45599291.97;1989821.53;36050838.27;
4115507;2023;STN/SICONFI;39174829.92;34490165.04;1928208.4;30400607.31;
4115606;2023;STN/SICONFI;158057878.67;152820738.37;14380115.52;113424324.86;
4115705;2023;STN/SICONFI;286569568.1;284969448.1;90451656.7;112810553.81;
4115739;2023;STN/SICONFI;46102665.39;42471491.32;1307550.4;40347252.67;
4115754;2023;STN/SICONFI;68842639.93;63900158.69;6155807.2;53411608.87;
4115804;2023;STN/SICONFI;315921963.1;306251020.03;67533811.2;195901246.69;
4115853;2023;STN/SICONFI;71895349.09;65755685.78;4573502.07;42790527.07;
4115903;2023;STN/SICONFI;39378225.73;30632795.66;1425624.47;28523108.56;
4116000;2023;STN/SICONFI;1255153.37;1255153.37;1171096.34;;
4116059;2023;STN/SICONFI;128008689.83;108761685.2;10528271.7;68590953.69;
4116109;2023;STN/SICONFI;83648459.44;73532423.87;5930647.05;53831294.53;
4116208;2023;STN/SICONFI;100183205.97;95771701.55;13439290.57;77871200.59;
4116307;2023;STN/SICONFI;48807300.55;44048515.46;2833742.54;34509718.3;
4116406;2023;STN/SICONFI;37306095.8;30902291.52;1047013.9;27512916.51;
4116505;2023;STN/SICONFI;26755178.68;23745823.01;653969.59;22399191.95;
4116604;2023;STN/SICONFI;35798394.31;35798394.31;1906311.02;27254035.6;
4116703;2023;STN/SICONFI;112235474.74;105099372.65;8713649.48;84310647.13;
4116802;2023;STN/SICONFI;55533856.16;53588784.61;2503740.36;45031232.08;
4116901;2023;STN/SICONFI;152879434.61;136403073.16;22244939.55;95653705.68;
4116950;2023;STN/SICONFI;52346892.85;43332638.66;3603871.4;38072510.23;
4117008;2023;STN/SICONFI;50505885.35;47263492.21;4920450.36;39097666.82;
4117057;2023;STN/SICONFI;74186178.12;64098031.11;4888937.79;56873029.13;
4117107;2023;STN/SICONFI;91436146.97;84123771.6;10695274.31;62641125.09;
4117206;2023;STN/SICONFI;52151727.65;42139448.22;2406495.55;34016549.27;
4117214;2023;STN/SICONFI;37185779.69;32311746.37;1938894.46;27517849.34;
4117222;2023;STN/SICONFI;74256863.59;66436473.76;7058272.95;57296438.48;
4117255;2023;STN/SICONFI;91914343.58;83223191.19;8661358.95;62619952.29;
4117271;2023;STN/SICONFI;62427416.11;51915529.77;4173778.93;44838342.87;
4117297;2023;STN/SICONFI;41050543.05;37012008.39;1312186.19;29418234.86;
4117305;2023;STN/SICONFI;262115586.92;256298011.36;56398311.86;186926673.85;
4117404;2023;STN/SICONFI;42406345.88;37603904.72;2304420.51;28741118.26;
4117453;2023;STN/SICONFI;55295248.2;54839348.2;3951109.39;47419017.26;
4117503;2023;STN/SICONFI;168361580.77;159985776.71;22362722.89;131208949.98;
4117602;2023;STN/SICONFI;225427460.98;220818259.88;30328785.02;181855412.17;
4117701;2023;STN/SICONFI;224628428.17;215063337.7;30754543.58;154144774.85;
4117800;2023;STN/SICONFI;88199847.03;82744245.16;6029434.63;67554608.56;
4117909;2023;STN/SICONFI;315104501.46;300664898.43;62065640.72;195629378.62;
4118006;2023;STN/SICONFI;91288838.16;78045534.7;8519042.39;64072187.27;
4118105;2023;STN/SICONFI;68000277.64;64764816.28;6181264.68;50748958.12;
4118204;2023;STN/SICONFI;1192568300.27;1155479319.21;487285454.07;484683003.69;
4118303;2023;STN/SICONFI;33895815.91;33263229.82;992255.25;28607298.85;
4118402;2023;STN/SICONFI;496642673.71;460753935.21;101572858.97;272159714.88;
4118451;2023;STN/SICONFI;86972419.76;81935824.97;5048854.2;40644356.48;
4118501;2023;STN/SICONFI;611475228.67;578165064.66;125976609.48;382932043.69;
4118600;2023;STN/SICONFI;48274309.18;44278888.43;2246668.51;41125461.89;
4118709;2023;STN/SICONFI;52746470.84;51539471.52;3286148.45;47343276.56;
4118808;2023;STN/SICONFI;94977261.89;87899385.41;9113930.27;66103972.69;
4118857;2023;STN/SICONFI;59390348.85;52968921.35;4472411.25;39885790.78;
4118907;2023;STN/SICONFI;80838640.22;70153999.12;10799378.59;50822588.06;
4119004;2023;STN/SICONFI;57734050.56;46788075.53;3347538.72;41986609.08;
4119103;2023;STN/SICONFI;113233067.81;100969931.34;6287172.75;75750171.19;
4119152;2023;STN/SICONFI;785819358.57;760025452.96;265780396.81;384413640.33;
4119202;2023;STN/SICONFI;44662931.69;43543357.26;4312124.85;38317300.33;
4119251;2023;STN/SICONFI;31844469.77;29908034.94;1285084.86;27904824.87;
4119301;2023;STN/SICONFI;218299687.67;207429749.26;24546788.75;150975291.07;
4119400;2023;STN/SICONFI;161022085.4;153626680.08;17248835.34;121659045.62;
4119509;2023;STN/SICONFI;525301060.54;495429677.86;94444276.82;316574029.98;
4119608;2023;STN/SICONFI;210703853.83;187571255.16;32663930.66;138074996.98;
4119657;2023;STN/SICONFI;35820956.59;34044439.26;1840343.12;31203065.16;
4119707;2023;STN/SICONFI;40764552.63;35395365.0;2110345.75;31966990.53;
4119806;2023;STN/SICONFI;93922569.2;85736829.06;6356762.04;69768949.65;
4119905;2023;STN/SICONFI;1512692558.8;1443289541.15;464577803.25;869599534.71;
4119954;2023;STN/SICONFI;200966028.94;189428042.43;77676199.87;90588761.92;
4120002;2023;STN/SICONFI;75934691.01;69652604.28;9098707.86;56950381.7;
4120101;2023;STN/SICONFI;42112830.32;33820816.69;2929937.29;29515688.5;
4120150;2023;STN/SICONFI;57196447.82;50805872.31;2202290.65;42678634.25;
4120200;2023;STN/SICONFI;62764830.36;50044823.74;12373795.44;28907255.94;
4120309;2023;STN/SICONFI;35591237.51;35591237.51;1560216.44;32480894.51;
4120333;2023;STN/SICONFI;38799637.71;35085603.72;1683709.42;30864729.7;
4120358;2023;STN/SICONFI;57410353.21;45131914.64;4574493.81;38198298.51;
4120408;2023;STN/SICONFI;39924568.35;36397833.4;3463964.54;30095757.97;
4120507;2023;STN/SICONFI;73782113.53;68733526.64;9103058.9;55664796.68;
4120606;2023;STN/SICONFI;251741721.05;233805660.24;27830080.21;174867263.26;
4120655;2023;STN/SICONFI;50335607.17;46555638.59;3339791.82;40339571.79;
4120705;2023;STN/SICONFI;48330796.89;42888788.09;4798106.59;35655370.11;
4120804;2023;STN/SICONFI;205154873.33;186254695.56;46993864.27;115771304.88;
4120853;2023;STN/SICONFI;52882644.23;48504789.41;5574412.15;39705070.1;
4120903;2023;STN/SICONFI;175792476.5;159776895.42;11362822.37;140933832.33;
4121000;2023;STN/SICONFI;81557127.88;75169017.42;6048902.52;58822797.65;
4121109;2023;STN/SICONFI;49166503.5;43143314.81;2143381.34;39350338.96;
4121208;2023;STN/SICONFI;112593923.27;112593923.27;8437438.51;82506407.87;
4121257;2023;STN/SICONFI;40634717.84;34923515.19;2058114.73;31811733.2;
4121307;2023;STN/SICONFI;33522262.92;30218212.31;789942.55;28563975.12;
4121356;2023;STN/SICONFI;39299484.72;35123198.99;1517173.27;32101148.35;
4121406;2023;STN/SICONFI;108220948.87;98352063.45;10892829.91;82523620.44;
4121505;2023;STN/SICONFI;90222142.8;79703427.19;7120357.03;69819370.58;
4121604;2023;STN/SICONFI;62674696.75;56084646.54;3900999.84;43403717.05;
4121703;2023;STN/SICONFI;146576139.24;133589022.89;10239916.94;103842086.19;
4121752;2023;STN/SICONFI;69191365.56;61686143.67;2350108.52;56514451.0;
4121802;2023;STN/SICONFI;86604290.58;76600785.72;13738569.39;54750838.26;
4121901;2023;STN/SICONFI;67120977.93;65191584.63;6468423.51;56761612.03;
4122008;2023;STN/SICONFI;100931034.86;91450201.59;5600688.96;69177698.18;
4122107;2023;STN/SICONFI;37883968.96;30301659.62;1253885.29;28410296.19;
4122156;2023;STN/SICONFI;107832250.4;96191213.91;4080014.77;72205117.4;
4122172;2023;STN/SICONFI;44495825.87;37941669.97;2355258.68;31051480.31;
4122206;2023;STN/SICONFI;162160252.14;160164922.06;25081661.32;129372533.97;
4122305;2023;STN/SICONFI;185387981.66;170247713.87;23712402.17;119116109.87;
4122404;2023;STN/SICONFI;395729397.94;385255543.54;85973765.06;244514353.66;
4122503;2023;STN/SICONFI;90186886.89;83796118.12;6745900.77;65222636.05;
4122602;2023;STN/SICONFI;57135794.89;50062648.3;4344572.02;43761206.78;
4122651;2023;STN/SICONFI;38829364.47;36346883.63;1967569.66;32559901.69;
4122701;2023;STN/SICONFI;64643008.42;61635192.11;6665522.46;52094300.08;
4122800;2023;STN/SICONFI;41170217.85;33780104.2;1473512.88;30548839.07;
4122909;2023;STN/SICONFI;36320940.24;33552772.4;1623194.73;31162769.25;
4123006;2023;STN/SICONFI;90846166.74;80100466.26;7552122.66;69522279.82;
4123105;2023;STN/SICONFI;32644752.16;28845783.48;1413822.25;25870803.32;
4123204;2023;STN/SICONFI;33489644.89;29996118.54;1718294.63;27613637.14;
4123303;2023;STN/SICONFI;60244782.52;50729546.31;4808944.65;43624079.82;
4123402;2023;STN/SICONFI;78913196.9;75956472.27;8678271.92;51524896.01;
4123501;2023;STN/SICONFI;352488008.79;350086878.85;23457877.66;138068419.35;
4123600;2023;STN/SICONFI;29888871.5;26221986.26;831300.1;24157258.84;
4123709;2023;STN/SICONFI;64538599.78;53544082.49;5684037.98;41304148.25;
4123808;2023;STN/SICONFI;103560758.78;88689176.6;5667550.48;71465835.72;
4123824;2023;STN/SICONFI;39575472.87;34974156.49;1777793.39;32063263.44;
4123857;2023;STN/SICONFI;68562168.89;58436147.16;3996982.2;53140213.79;
4123907;2023;STN/SICONFI;68276837.17;60846063.98;5668918.76;52961729.95;
4123956;2023;STN/SICONFI;47077274.63;37061764.39;2532205.94;26551200.72;
4124004;2023;STN/SICONFI;51297091.63;45629334.41;2125123.4;35655233.06;
4124020;2023;STN/SICONFI;87426522.79;76201803.98;11860343.69;61485951.41;
4124053;2023;STN/SICONFI;174968778.73;163224337.1;19292323.61;95181136.43;
4124103;2023;STN/SICONFI;198795213.97;187115372.31;34672623.77;137917973.57;
4124202;2023;STN/SICONFI;33424466.69;29859212.89;1052802.45;27629003.92;
4124301;2023;STN/SICONFI;37262660.41;33048857.09;1179410.03;29237514.42;
4124400;2023;STN/SICONFI;138437672.58;103401862.37;10239748.42;89872999.22;
4124509;2023;STN/SICONFI;55982240.97;50022423.13;4659114.71;44326658.31;
4124608;2023;STN/SICONFI;50714190.49;45447690.9;3136879.94;41104759.24;
4124707;2023;STN/SICONFI;66441785.43;60958634.16;4481452.52;52036660.31;
4124806;2023;STN/SICONFI;86491301.0;79898897.23;8201324.41;67523310.58;
4124905;2023;STN/SICONFI;43765599.36;38507945.34;2328499.89;34592354.04;
4125001;2023;STN/SICONFI;64977149.25;59817953.64;4701834.46;52238584.42;
4125100;2023;STN/SICONFI;86683434.65;74733031.39;4650263.21;68133817.21;
4125209;2023;STN/SICONFI;93670595.53;79843923.53;7016095.66;69069341.62;
4125308;2023;STN/SICONFI;54262122.86;49106060.18;3970414.67;41857419.87;
4125357;2023;STN/SICONFI;67754887.45;63722341.84;4195503.36;46159671.01;
4125407;2023;STN/SICONFI;42084372.59;39277771.9;2551296.04;35832764.76;
4125456;2023;STN/SICONFI;35473071.25;30919608.23;1300243.21;28903251.26;
4125506;2023;STN/SICONFI;2273247786.05;2221060027.08;766035603.48;1014151539.94;
4125555;2023;STN/SICONFI;40468653.4;33867196.07;1068843.15;28451678.92;
4125605;2023;STN/SICONFI;284814664.93;270304273.81;40327928.22;184134816.17;
4125704;2023;STN/SICONFI;241480542.42;234469069.41;21704824.21;140370422.53;
4125753;2023;STN/SICONFI;48516854.01;45137752.8;3819899.24;39247673.26;
4125803;2023;STN/SICONFI;63324400.36;55214726.35;4014478.02;48991311.4;
4125902;2023;STN/SICONFI;40546545.17;33900561.55;4337793.93;24257654.31;
4126009;2023;STN/SICONFI;48776147.67;46160372.64;3299737.85;38699343.48;
4126108;2023;STN/SICONFI;43382257.13;41468987.99;2617330.84;34507158.29;
4126207;2023;STN/SICONFI;48461142.42;42156313.64;4103644.19;37017483.99;
4126256;2023;STN/SICONFI;508503870.15;471245615.81;60937971.18;253485074.74;
4126272;2023;STN/SICONFI;65996117.09;62186943.85;3554433.83;55744285.13;
4126306;2023;STN/SICONFI;122664112.42;110426938.93;14032655.0;92139328.3;
4126355;2023;STN/SICONFI;60547982.88;56927916.82;4237852.23;50527850.91;
4126405;2023;STN/SICONFI;62188071.14;57470164.84;8643547.69;45509003.52;
4126504;2023;STN/SICONFI;116705463.94;109889479.56;18112086.08;77088424.68;
4126603;2023;STN/SICONFI;134072277.98;123885056.56;11294561.22;84875818.8;
4126652;2023;STN/SICONFI;43137566.31;34409690.03;2083611.19;31432890.41;
4126678;2023;STN/SICONFI;82177887.4;76584889.44;9067753.45;64610424.26;
4126702;2023;STN/SICONFI;38303935.77;36104401.67;2862016.3;30332050.39;
4126801;2023;STN/SICONFI;117161441.31;104713929.59;14260981.05;66903394.45;
4126900;2023;STN/SICONFI;45977360.14;43988262.31;3441450.13;34580580.71;
4127007;2023;STN/SICONFI;89030835.3;74581967.16;5503348.1;62666806.27;
4127106;2023;STN/SICONFI;472443787.0;455460788.99;77372502.71;280427085.14;
4127205;2023;STN/SICONFI;124968719.31;114859214.09;12236905.26;88625162.65;
4127304;2023;STN/SICONFI;121098100.36;106827627.63;10209286.71;75640448.83;
4127403;2023;STN/SICONFI;144056575.89;134987527.78;13666519.21;94321653.17;
4127502;2023;STN/SICONFI;193526072.65;179930440.99;18956278.11;131702661.0;
4127601;2023;STN/SICONFI;121571457.21;115643686.4;11835203.58;89425020.32;
4127700;2023;STN/SICONFI;1028344232.88;992674518.63;213598137.51;557285698.75;
4127809;2023;STN/SICONFI;55201564.89;47411536.23;4415494.01;41844055.48;
4127858;2023;STN/SICONFI;83248326.12;78954323.42;4588432.74;71662411.62;
4127882;2023;STN/SICONFI;52106543.39;48029554.59;3424085.4;36897817.06;
4127908;2023;STN/SICONFI;61637730.85;54315613.5;3149353.26;48467102.31;
4127957;2023;STN/SICONFI;67170849.76;63350707.32;7828546.15;50094904.23;
4127965;2023;STN/SICONFI;108689261.13;105546075.87;7430970.25;78746083.49;
4128005;2023;STN/SICONFI;172558552.13;157554711.79;17879079.87;130627089.17;
4128104;2023;STN/SICONFI;698923922.38;687646559.53;166049202.61;430772584.74;
4128203;2023;STN/SICONFI;299346614.59;284946805.22;61317729.87;184118187.74;
4128302;2023;STN/SICONFI;33170497.87;30227485.69;947937.0;25556143.04;
4128401;2023;STN/SICONFI;61027963.19;52332233.79;4810945.37;44762877.45;
4128500;2023;STN/SICONFI;106314847.42;96622017.22;10583754.71;74823281.12;
4128534;2023;STN/SICONFI;71076991.16;61347863.88;3747090.92;56265413.0;
4128559;2023;STN/SICONFI;57457591.41;50393256.02;4360738.04;43621084.53;
4128609;2023;STN/SICONFI;72807640.92;58082821.16;5930910.72;50510071.9;
4128625;2023;STN/SICONFI;48650572.17;44559321.99;4413456.92;39312280.03;
4128633;2023;STN/SICONFI;39842388.62;38524905.53;2569251.89;31718043.07;
4128658;2023;STN/SICONFI;36632020.53;33532020.53;1381369.93;30719590.7;
4128708;2023;STN/SICONFI;66537191.09;53233140.45;6838390.66;43805318.64;
4128807;2023;STN/SICONFI;48862197.36;45616867.36;3198830.26;36771633.39;
4200051;2023;STN/SICONFI;37360629.58;35368321.47;2678448.44;30683209.42;
4200101;2023;STN/SICONFI;126960250.1;119119254.21;11287054.17;100246781.23;
4200200;2023;STN/SICONFI;75407455.69;67188615.63;9103306.23;54880700.85;
4200309;2023;STN/SICONFI;40712941.73;39062654.66;3999985.82;33308253.25;
4200408;2023;STN/SICONFI;78707884.67;73487873.5;9417210.27;60355657.51;
4200507;2023;STN/SICONFI;43518693.63;37811515.55;2579767.52;33906360.75;
4200556;2023;STN/SICONFI;34586347.27;33410537.62;1794413.33;30121302.75;
4200606;2023;STN/SICONFI;44783209.36;42438032.6;5461081.24;34694842.54;
4200705;2023;STN/SICONFI;57693608.95;52059547.96;5627880.52;44169689.52;
4200754;2023;STN/SICONFI;36837298.3;33130026.56;2371650.07;28424303.99;
4200804;2023;STN/SICONFI;43389354.52;41078766.4;3691403.18;35608722.62;
4200903;2023;STN/SICONFI;42220708.61;40583742.17;2425540.02;30801725.81;
4201000;2023;STN/SICONFI;57012868.17;47123885.8;3369939.51;42991742.01;
4201109;2023;STN/SICONFI;34531643.69;32668519.06;1859623.96;26870093.53;
4201208;2023;STN/SICONFI;87846722.58;80408120.84;10377696.01;57183381.22;
4201257;2023;STN/SICONFI;77950766.3;71443379.61;7620612.69;60248839.22;
4201273;2023;STN/SICONFI;49312095.06;45163695.06;3033742.34;40351035.94;
4201307;2023;STN/SICONFI;404850702.12;391982925.75;66076163.61;243731826.22;
4201406;2023;STN/SICONFI;316951555.33;306014165.05;70740107.86;185207847.07;
4201505;2023;STN/SICONFI;56246657.41;51061910.72;4164936.14;44743655.71;
4201604;2023;STN/SICONFI;46675753.3;42507017.11;3190004.95;30431304.19;
4201653;2023;STN/SICONFI;37123845.14;33909857.8;2387491.1;30036763.16;
4201703;2023;STN/SICONFI;46228824.12;42412754.12;5851443.12;34385538.12;
4201802;2023;STN/SICONFI;33310182.4;32002882.4;3809435.21;27330970.51;
4201901;2023;STN/SICONFI;46557566.22;43084726.1;4633457.55;37948401.22;
4201950;2023;STN/SICONFI;90987086.38;81911196.14;18935295.64;58174274.53;
4202008;2023;STN/SICONFI;1652862346.74;1526032108.08;646586132.88;467076735.99;
4202057;2023;STN/SICONFI;99318911.26;94613578.95;16136470.24;59544914.6;
4202073;2023;STN/SICONFI;91449348.15;79620073.82;18748279.37;56101231.64;
4202081;2023;STN/SICONFI;33282241.21;31134124.58;1337683.19;28886540.27;
4202099;2023;STN/SICONFI;26731529.05;25717377.05;513380.25;23520623.58;
4202107;2023;STN/SICONFI;303952771.06;277895659.72;89658106.91;160069561.4;
4202131;2023;STN/SICONFI;47579978.08;44740592.49;2004063.39;41244099.39;
4202156;2023;STN/SICONFI;30149881.51;29118658.2;1560268.74;26436871.93;
4202206;2023;STN/SICONFI;61396090.78;57652092.6;5832910.79;48878125.71;
4202305;2023;STN/SICONFI;423914160.34;406618988.73;102712270.05;239529502.83;
4202404;2023;STN/SICONFI;2668259231.06;2501280791.69;775338021.68;1169750839.32;
4202438;2023;STN/SICONFI;36355515.45;33116154.93;1635871.23;30400175.01;
4202453;2023;STN/SICONFI;289172803.93;262693364.11;139713229.3;101459153.43;
4202503;2023;STN/SICONFI;43187621.39;42085298.08;3361712.83;37515678.82;
4202537;2023;STN/SICONFI;33424847.4;30840639.4;1729127.3;27807361.61;
4202578;2023;STN/SICONFI;31822885.63;29657533.63;2197723.48;26419548.11;
4202602;2023;STN/SICONFI;51958772.45;47678347.87;6722889.65;38887804.33;
4202701;2023;STN/SICONFI;45384785.13;44981007.67;4085583.62;38114979.49;
4202800;2023;STN/SICONFI;205846611.36;190823726.4;38843679.03;143366425.77;
4202859;2023;STN/SICONFI;40171373.8;38786220.92;4434213.64;33213802.8;
4202875;2023;STN/SICONFI;33517590.58;32499100.63;1063150.68;29226975.39;
4202909;2023;STN/SICONFI;793376972.91;762227363.36;175397525.71;472427096.12;
4203006;2023;STN/SICONFI;412619809.79;390234531.49;67587076.43;286483312.0;
4203105;2023;STN/SICONFI;48113354.08;45722464.08;4566588.11;40002312.49;
4203154;2023;STN/SICONFI;41399078.31;35654478.32;1749807.5;32938402.16;
4203204;2023;STN/SICONFI;485920725.81;464594139.8;121409040.23;278039597.57;
4203253;2023;STN/SICONFI;39877859.47;39122559.47;5420724.8;32892938.93;
4203303;2023;STN/SICONFI;107702120.35;99948354.34;14601046.89;62224305.73;
4203402;2023;STN/SICONFI;46493605.77;44481327.98;3699386.81;38654491.33;
4203501;2023;STN/SICONFI;65917839.49;62924621.49;7917059.95;51958826.89;
4203600;2023;STN/SICONFI;276701608.82;261072494.42;34186369.79;190362332.21;
4203709;2023;STN/SICONFI;80641089.2;68470311.98;7147721.21;56058981.31;
4203808;2023;STN/SICONFI;284117986.7;276847329.91;44979838.86;194408388.93;
4203907;2023;STN/SICONFI;159417605.26;151190802.78;20719288.23;110247701.8;
4203956;2023;STN/SICONFI;134141054.57;133633458.14;20071029.43;97830332.18;
4204004;2023;STN/SICONFI;70096922.3;66162531.67;9523740.4;53518954.24;
4204103;2023;STN/SICONFI;42421390.39;40100528.27;3500915.01;34773333.15;
4204152;2023;STN/SICONFI;36424762.06;32580673.16;1626007.61;30136024.76;
4204178;2023;STN/SICONFI;34930876.2;31681905.34;1678362.01;29186127.32;
4204194;2023;STN/SICONFI;30798874.55;29135419.78;1221244.23;26828656.39;
4204202;2023;STN/SICONFI;1656507811.74;1486162631.67;373712656.71;859973413.44;
4204251;2023;STN/SICONFI;124641295.66;109594235.28;15411492.18;84595422.08;
4204301;2023;STN/SICONFI;521641596.3;514300138.47;92446521.56;343599807.12;
4204350;2023;STN/SICONFI;56328842.31;52597875.67;6634190.46;41034652.42;
4204400;2023;STN/SICONFI;76461120.57;66575862.74;7576659.69;54237987.56;
4204459;2023;STN/SICONFI;31078932.07;28496700.4;1235865.69;26338106.61;
4204509;2023;STN/SICONFI;104895875.61;95536074.46;13283011.54;72162654.92;
4204558;2023;STN/SICONFI;91657243.55;86623467.15;13232218.68;69458566.51;
4204608;2023;STN/SICONFI;1359280638.45;1257388896.0;306643268.64;791667135.69;
4204707;2023;STN/SICONFI;77371859.17;68125428.37;8713678.34;56307403.5;
4204756;2023;STN/SICONFI;33762684.85;30204276.38;1481449.97;27563868.05;
4204806;2023;STN/SICONFI;221928097.16;213638358.73;33688133.54;148508147.69;
4204905;2023;STN/SICONFI;57352861.22;50078068.61;5952607.37;42143165.91;
4205001;2023;STN/SICONFI;99721800.51;85318293.23;11668928.74;65544123.94;
4205100;2023;STN/SICONFI;35694546.31;33793322.26;3449782.49;28835016.54;
4205159;2023;STN/SICONFI;33484314.01;31787015.7;2383558.46;27647951.68;
4205175;2023;STN/SICONFI;32885182.31;28834882.15;1047771.2;27170066.58;
4205191;2023;STN/SICONFI;41323825.01;36097287.65;1406526.94;33855850.8;
4205209;2023;STN/SICONFI;41911115.1;39896511.1;2782736.46;34622499.36;
4205308;2023;STN/SICONFI;101851192.97;83186043.4;7860540.83;72349257.77;
4205357;2023;STN/SICONFI;27514092.29;26824219.89;1706906.31;24581320.13;
4205407;2023;STN/SICONFI;3339730905.1;3265963715.28;1747282373.69;1155249540.41;
4205431;2023;STN/SICONFI;31959523.71;30203773.17;1668951.64;27444421.74;
4205456;2023;STN/SICONFI;221955168.27;183143348.04;25860141.77;129460907.68;
4205506;2023;STN/SICONFI;208231162.61;195670415.83;26203526.69;145718293.24;
4205555;2023;STN/SICONFI;30042545.35;29803689.35;1244271.29;27491746.77;
4205605;2023;STN/SICONFI;35692015.14;33433912.68;2121171.31;29846509.15;
4205704;2023;STN/SICONFI;201508868.79;195932470.6;62826604.98;100707489.29;
4205803;2023;STN/SICONFI;147235408.53;142663363.49;27797690.75;105847766.61;
4205902;2023;STN/SICONFI;445330126.85;414345112.68;88496607.37;271583158.65;
4206009;2023;STN/SICONFI;178085887.45;166296433.98;74704884.04;69742624.04;
4206108;2023;STN/SICONFI;54026268.08;45148566.57;3518111.09;38562225.04;
4206207;2023;STN/SICONFI;65516679.56;58147295.92;8662585.98;45412417.05;
4206306;2023;STN/SICONFI;135571039.27;134739856.23;22046226.77;106630486.61;
4206405;2023;STN/SICONFI;83876882.37;70395119.02;7390957.52;59038477.49;
4206504;2023;STN/SICONFI;304932589.47;279746019.33;40656942.45;212709294.97;
4206603;2023;STN/SICONFI;43524032.71;40928632.71;3615906.37;35253276.08;
4206652;2023;STN/SICONFI;65199082.44;57139873.72;6067976.53;48697403.91;
4206702;2023;STN/SICONFI;133491201.67;130149856.21;17985206.95;88149891.12;
4206751;2023;STN/SICONFI;34572201.96;31063345.96;1890964.01;27237221.2;
4206801;2023;STN/SICONFI;37508586.91;34828647.03;2481930.42;30219510.35;
4206900;2023;STN/SICONFI;108708920.08;101755073.65;16589200.6;78763325.49;
4207007;2023;STN/SICONFI;352499030.21;316280507.75;60800873.47;207046798.35;
4207106;2023;STN/SICONFI;126315473.84;117651841.71;14047396.15;90109060.1;
4207205;2023;STN/SICONFI;52874334.53;50748034.51;3060828.92;44568475.07;
4207304;2023;STN/SICONFI;311293726.51;308173961.07;104190078.85;157850496.58;
4207403;2023;STN/SICONFI;41034523.47;39181419.96;3081940.81;35212120.55;
4207502;2023;STN/SICONFI;524026539.65;464495887.56;110808437.05;261454207.75;
4207577;2023;STN/SICONFI;42904023.94;41839686.41;3332360.95;36292488.24;
4207601;2023;STN/SICONFI;38809989.35;37591066.14;2536532.47;32869898.49;
4207650;2023;STN/SICONFI;67005783.68;64914826.2;8950499.41;52029241.4;
4207684;2023;STN/SICONFI;54124261.63;50397802.12;2696763.02;46269046.48;
4207700;2023;STN/SICONFI;63100705.29;61291245.45;5102653.43;53941529.1;
4207759;2023;STN/SICONFI;42070816.82;35308037.32;2539398.84;32047259.04;
4207809;2023;STN/SICONFI;66988247.21;63070081.29;8098853.54;51880869.2;
4207858;2023;STN/SICONFI;30565152.86;27098612.56;1075490.69;24540981.04;
4207908;2023;STN/SICONFI;74662054.82;68219165.01;7553413.51;58268603.39;
4208005;2023;STN/SICONFI;95811554.38;86568228.69;8375429.72;70837407.82;
4208104;2023;STN/SICONFI;126249983.55;122066076.39;14869285.32;92465396.44;
4208203;2023;STN/SICONFI;2669719107.75;2607485853.4;684052329.62;1461686585.63;
4208302;2023;STN/SICONFI;610061560.3;553339235.45;261243026.17;250871854.79;
4208401;2023;STN/SICONFI;137136962.72;129310511.78;16139163.76;98538705.46;
4208450;2023;STN/SICONFI;327784271.49;302897262.11;138516211.88;136376777.01;
4208500;2023;STN/SICONFI;146522359.94;130862988.92;27716572.21;96367979.78;
4208609;2023;STN/SICONFI;46080484.18;42812502.21;2337868.09;38073171.86;
4208708;2023;STN/SICONFI;64819361.31;62216216.24;5479900.31;51925985.4;
4208807;2023;STN/SICONFI;138040639.54;120345437.21;26087954.75;80415425.74;
4208906;2023;STN/SICONFI;1318238503.32;1247227925.35;239689957.23;699905695.24;
4208955;2023;STN/SICONFI;30834588.83;29041322.08;1625500.01;26613363.81;
4209003;2023;STN/SICONFI;282546965.86;277673962.58;63519929.15;140497558.84;
4209102;2023;STN/SICONFI;3656974059.55;3541126304.72;1024951844.47;1956825599.2;
4209151;2023;STN/SICONFI;42423961.11;40032748.28;2520420.39;36202631.89;
4209177;2023;STN/SICONFI;29439840.99;28043797.45;1803554.87;25778959.76;
4209201;2023;STN/SICONFI;34662543.73;32390943.73;1923533.81;28271515.8;
4209300;2023;STN/SICONFI;961821010.34;921909040.36;178922409.18;547913364.14;
4209409;2023;STN/SICONFI;224688237.46;221783956.8;79908854.01;130284318.39;
4209458;2023;STN/SICONFI;30379408.51;28804938.43;889807.8;26394983.15;
4209508;2023;STN/SICONFI;50423496.95;47952127.5;5842301.58;40004225.74;
4209607;2023;STN/SICONFI;96276061.0;89804987.47;8230210.36;78796257.91;
4209706;2023;STN/SICONFI;72518439.84;61914923.69;5442352.63;54267119.06;
4209805;2023;STN/SICONFI;35521094.72;34471094.72;1604407.27;27094153.5;
4209854;2023;STN/SICONFI;42024329.55;40978964.83;2544791.9;36038891.5;
4209904;2023;STN/SICONFI;74687342.67;71094325.97;8908602.75;59668315.99;
4210001;2023;STN/SICONFI;91716590.02;80725047.56;10526083.6;64656460.6;
4210035;2023;STN/SICONFI;50503638.49;47125142.46;5927711.23;37783921.94;
4210050;2023;STN/SICONFI;33949061.51;32734819.99;1643393.19;26148935.68;
4210100;2023;STN/SICONFI;299506572.02;288000223.58;50616002.62;198221721.26;
4210209;2023;STN/SICONFI;;;;;
4210308;2023;STN/SICONFI;56645909.03;54174732.17;3261134.48;42221734.13;
4210407;2023;STN/SICONFI;59128818.25;52648291.67;5770495.63;40889501.99;
4210506;2023;STN/SICONFI;178576053.38;163387432.43;33391880.08;123928227.47;
4210555;2023;STN/SICONFI;33422251.59;32109331.88;1358538.49;29687824.98;
4210605;2023;STN/SICONFI;115591400.54;103849462.11;15353031.48;80149139.53;
4210704;2023;STN/SICONFI;30384573.25;29751239.93;1580291.3;26733814.79;
4210803;2023;STN/SICONFI;53376306.69;48305278.92;5026574.09;40467542.4;
4210852;2023;STN/SICONFI;32038244.74;30992492.45;1758481.69;27246988.86;
4210902;2023;STN/SICONFI;38814185.05;36879857.05;2942479.52;32360032.66;
4211009;2023;STN/SICONFI;81778431.51;77633024.1;10165674.09;65080855.33;
4211058;2023;STN/SICONFI;55167349.11;52583010.82;5100222.83;44246450.5;
4211108;2023;STN/SICONFI;47672558.04;45166656.9;4830157.27;38638373.16;
4211207;2023;STN/SICONFI;122113748.44;116368361.06;15304037.15;87424178.06;
4211256;2023;STN/SICONFI;33846395.97;31141634.06;1545619.95;28110972.4;
4211306;2023;STN/SICONFI;652301872.29;628201944.33;164412674.86;355948680.78;
4211405;2023;STN/SICONFI;44817051.61;43664624.58;3888316.56;37781870.28;
4211454;2023;STN/SICONFI;43209279.68;40209777.08;4047078.94;34720136.18;
4211504;2023;STN/SICONFI;106875653.76;93171602.25;12104356.58;70424074.87;
4211603;2023;STN/SICONFI;100214916.68;96076718.95;12714283.42;80398192.37;
4211652;2023;STN/SICONFI;33719947.34;32819947.34;1299089.25;27105882.26;
4211702;2023;STN/SICONFI;139486949.64;134096632.83;22361410.25;95609975.52;
4211751;2023;STN/SICONFI;132642868.2;130084672.47;17948772.41;92260107.15;
4211801;2023;STN/SICONFI;57845910.35;50499667.73;5085590.91;42576077.73;
4211850;2023;STN/SICONFI;33300726.79;30986988.95;1589758.8;28436363.51;
4211876;2023;STN/SICONFI;31786324.91;28051898.62;1307713.24;25612975.51;
4211892;2023;STN/SICONFI;31137714.52;29000053.42;2015602.75;25846466.13;
4211900;2023;STN/SICONFI;1140819586.04;1099464175.09;319072687.78;476019756.25;
4212007;2023;STN/SICONFI;53156290.65;51693904.6;4817036.12;45229844.66;
4212056;2023;STN/SICONFI;33505099.79;32081560.29;1446888.59;29520607.62;
4212106;2023;STN/SICONFI;95148438.34;92927537.37;11288976.02;75640316.25;
4212205;2023;STN/SICONFI;117541314.27;109960443.58;10678158.14;80285208.43;
4212239;2023;STN/SICONFI;38145943.35;35187350.63;2406846.8;30462477.13;
4212254;2023;STN/SICONFI;75574715.14;70152237.7;13548446.12;54816047.23;
4212270;2023;STN/SICONFI;44213985.99;39916739.45;2267562.22;35629158.92;
4212304;2023;STN/SICONFI;57876901.74;50287393.25;7664114.64;39561602.87;
4212403;2023;STN/SICONFI;38626736.59;35369906.44;2140187.63;30745444.56;
4212502;2023;STN/SICONFI;214249666.53;192432294.54;59795537.89;119919128.24;
4212601;2023;STN/SICONFI;39563756.61;33810769.49;2590953.4;28741461.97;
4212650;2023;STN/SICONFI;55093750.27;51676509.2;7051006.32;43221313.04;
4212700;2023;STN/SICONFI;42495100.24;39730985.36;2809569.17;35661790.73;
4212809;2023;STN/SICONFI;326180555.46;299061124.6;119691396.07;128740535.51;
4212908;2023;STN/SICONFI;146903199.67;139184667.48;26858207.23;104667003.98;
4213005;2023;STN/SICONFI;45841315.64;43556837.01;3138398.94;34218018.17;
4213104;2023;STN/SICONFI;72224157.47;66246981.43;8884520.11;53348513.51;
4213153;2023;STN/SICONFI;32689124.07;30787227.57;1890400.02;27622585.95;
4213203;2023;STN/SICONFI;343481103.23;335783783.19;48756703.98;161490917.56;
4213302;2023;STN/SICONFI;39540271.23;36855529.89;3486251.21;31712003.08;
4213351;2023;STN/SICONFI;32578214.54;31552164.52;2496614.01;27711296.43;
4213401;2023;STN/SICONFI;66853772.17;65529692.17;6967414.98;55959280.14;
4213500;2023;STN/SICONFI;290262471.76;277884048.56;103507766.71;109330943.96;
4213609;2023;STN/SICONFI;170298307.54;168017184.46;32351854.72;106002723.83;
4213708;2023;STN/SICONFI;100290601.86;89473918.83;13015743.24;73208195.84;
4213807;2023;STN/SICONFI;66254025.89;53946479.16;7137030.42;41470172.68;
4213906;2023;STN/SICONFI;34676609.96;29780735.87;1132749.56;27028065.99;
4214003;2023;STN/SICONFI;128054750.61;115977393.4;16788985.69;88435443.89;
4214102;2023;STN/SICONFI;27914383.31;26914383.31;1264794.76;24551758.08;
4214151;2023;STN/SICONFI;34926132.11;33170882.11;2071182.5;28423235.45;
4214201;2023;STN/SICONFI;72682592.02;68026554.52;6756344.92;57335666.22;
4214300;2023;STN/SICONFI;48369398.04;41302981.27;9443272.23;27200510.26;
4214409;2023;STN/SICONFI;70134280.27;62214280.27;4195783.11;49209358.68;
4214508;2023;STN/SICONFI;48701425.81;47597619.74;4653438.64;35565093.82;
4214607;2023;STN/SICONFI;48869509.04;46118827.03;4438423.1;39287215.62;
4214706;2023;STN/SICONFI;80571624.04;69661600.24;10314613.83;54663954.2;
4214805;2023;STN/SICONFI;482195728.61;469830184.46;112576547.65;294453767.57;
4214904;2023;STN/SICONFI;41671399.81;38692547.57;2691325.52;34761487.32;
4215000;2023;STN/SICONFI;294751464.69;264755905.5;32884054.14;172085436.47;
4215059;2023;STN/SICONFI;33569492.05;29483063.18;1265783.63;27002442.45;
4215075;2023;STN/SICONFI;40632172.85;36754725.63;3639946.67;32021339.02;
4215109;2023;STN/SICONFI;71085808.79;64054215.44;8705820.42;52626009.39;
4215208;2023;STN/SICONFI;37741050.22;34180720.44;2222747.15;30268251.55;
4215307;2023;STN/SICONFI;68896626.67;55782271.12;5911948.12;43593936.69;
4215356;2023;STN/SICONFI;38321592.57;35355592.56;2400979.7;30967950.04;
4215406;2023;STN/SICONFI;48427564.89;45678293.09;3158388.52;35892355.07;
4215455;2023;STN/SICONFI;73545760.34;59985229.93;5022462.65;52344815.32;
4215505;2023;STN/SICONFI;98849014.18;97369514.18;13796989.19;77687073.89;
4215554;2023;STN/SICONFI;17598520.36;17598520.36;825681.53;14511066.41;
4215604;2023;STN/SICONFI;28600219.09;27978741.92;1184065.98;26050077.34;
4215653;2023;STN/SICONFI;61252830.59;53049160.57;4935447.67;45005739.05;
4215679;2023;STN/SICONFI;43246316.62;41734443.51;2767358.84;37496363.88;
4215687;2023;STN/SICONFI;32706447.18;28488607.65;1204373.73;26293236.48;
4215695;2023;STN/SICONFI;29396145.84;26839401.73;1140074.46;24120555.63;
4215703;2023;STN/SICONFI;183613893.44;168125200.19;30800208.6;111862418.41;
4215752;2023;STN/SICONFI;30750772.04;29400772.04;1202990.99;27412175.11;
4215802;2023;STN/SICONFI;580588215.1;567642444.43;102913003.82;309329081.37;
4215901;2023;STN/SICONFI;30510606.92;28866800.16;1593371.51;25797946.64;
4216008;2023;STN/SICONFI;74639826.74;71996934.14;8940118.14;59848695.23;
4216057;2023;STN/SICONFI;48144666.82;46444666.82;5302518.66;33304251.07;
4216107;2023;STN/SICONFI;59547351.05;54737825.11;3683067.06;48482768.23;
4216206;2023;STN/SICONFI;575616205.15;549369012.73;156995909.42;320332248.2;
4216255;2023;STN/SICONFI;59181305.87;52654550.71;5693643.21;42674722.62;
4216305;2023;STN/SICONFI;207384789.71;189996736.67;26798781.62;130450811.71;
4216354;2023;STN/SICONFI;42161648.09;39576411.7;3171177.81;34990822.44;
4216404;2023;STN/SICONFI;50772506.67;48608280.11;3049085.03;43863129.67;
4216503;2023;STN/SICONFI;139669809.21;125055340.06;15488572.27;102179446.86;
4216602;2023;STN/SICONFI;1441160436.12;1317300753.76;432265095.94;638626292.63;
4216701;2023;STN/SICONFI;90152158.51;86333108.59;11419505.45;66237027.88;
4216800;2023;STN/SICONFI;47685770.38;42673883.84;2410320.06;38424411.58;
4216909;2023;STN/SICONFI;182194781.36;164380135.66;28064431.56;130424603.05;
4217006;2023;STN/SICONFI;102566104.62;93794517.96;11530973.08;71598286.6;
4217105;2023;STN/SICONFI;37330333.3;31008412.81;2215001.7;26927852.32;
4217154;2023;STN/SICONFI;28712713.77;26856416.77;1400335.07;24271106.03;
4217204;2023;STN/SICONFI;257742235.19;218712498.31;60330510.55;145409066.05;
4217253;2023;STN/SICONFI;46864159.21;41323549.93;3933712.18;30788416.45;
4217303;2023;STN/SICONFI;70109559.44;64706578.66;6090244.41;54300876.48;
4217402;2023;STN/SICONFI;115759433.56;105847219.12;16287653.43;77914450.23;
4217501;2023;STN/SICONFI;127892037.89;119983828.45;12529045.64;102668385.04;
4217550;2023;STN/SICONFI;35447081.42;34271651.7;2871103.43;29172896.15;
4217600;2023;STN/SICONFI;89713365.17;81149476.26;9793509.67;67810635.32;
4217709;2023;STN/SICONFI;144168053.62;142158051.3;25424061.16;110881734.82;
4217758;2023;STN/SICONFI;34718149.09;32076037.5;2084274.34;28525930.94;
4217808;2023;STN/SICONFI;126405286.16;119412368.19;15502883.46;86033134.81;
4217907;2023;STN/SICONFI;76530572.4;66938907.33;7471091.58;56038744.04;
4217956;2023;STN/SICONFI;30771942.07;29213192.07;1536686.03;26416321.7;
4218004;2023;STN/SICONFI;310961943.09;309270824.72;56194547.51;191105721.98;
4218103;2023;STN/SICONFI;56514184.52;47173643.24;3378784.83;41320042.07;
4218202;2023;STN/SICONFI;297282234.21;271455454.95;59642104.98;162852833.39;
4218251;2023;STN/SICONFI;52310654.07;49838092.12;2703553.13;42078025.05;
4218301;2023;STN/SICONFI;151793503.26;146377137.25;16421538.64;117054077.98;
4218350;2023;STN/SICONFI;46512258.15;41952606.28;2888979.63;37231364.78;
4218400;2023;STN/SICONFI;48177973.47;42260461.47;3622873.29;36727872.98;
4218509;2023;STN/SICONFI;75754832.41;69318933.5;8437910.17;56558303.76;
4218608;2023;STN/SICONFI;54254769.91;47848674.4;5312983.37;40588598.18;
4218707;2023;STN/SICONFI;574082231.05;457400334.88;164268214.85;261292384.95;
4218756;2023;STN/SICONFI;46798252.49;42924618.22;3046929.94;37308488.38;
4218806;2023;STN/SICONFI;79604434.29;73706309.3;10889975.24;59256339.53;
4218855;2023;STN/SICONFI;35586961.21;32924020.18;1774388.38;30012816.28;
4218905;2023;STN/SICONFI;75284719.6;73122000.85;16501057.49;52113237.9;
4218954;2023;STN/SICONFI;32391396.89;27531554.1;1707116.05;25279528.12;
4219002;2023;STN/SICONFI;125047595.21;123676510.41;14460424.16;96884187.85;
4219101;2023;STN/SICONFI;43714542.99;42732951.22;5907108.49;34982424.22;
4219150;2023;STN/SICONFI;34214613.25;34214613.25;1897837.32;30887502.67;
4219176;2023;STN/SICONFI;55814357.49;54564357.49;5237819.72;46646582.53;
4219200;2023;STN/SICONFI;52635129.07;47695220.4;4470288.74;40616682.85;
4219309;2023;STN/SICONFI;410516865.77;376504545.45;65786929.18;229968909.55;
4219358;2023;STN/SICONFI;38003462.74;35273833.64;2656602.13;30856785.98;
4219408;2023;STN/SICONFI;36195903.07;35400462.62;2417612.57;30977562.18;
4219507;2023;STN/SICONFI;276961065.11;251388780.96;64210128.2;168788044.76;
4219606;2023;STN/SICONFI;46333896.4;43638466.66;2850578.83;39121426.86;
4219705;2023;STN/SICONFI;204924306.09;177062567.17;28175293.75;140914426.31;
4219853;2023;STN/SICONFI;38320241.65;37617063.4;1457822.78;33950336.76;
4220000;2023;STN/SICONFI;105612070.57;88027007.92;20074149.53;50062424.95;
4300034;2023;STN/SICONFI;57543013.61;54219920.83;4589380.57;47270110.44;
4300059;2023;STN/SICONFI;48003459.76;44139266.58;2449742.19;34965537.21;
4300109;2023;STN/SICONFI;106678562.78;99761030.06;11517381.16;71471223.69;
4300208;2023;STN/SICONFI;53776613.08;50597367.16;4781408.21;40465479.16;
4300307;2023;STN/SICONFI;39344896.56;37651546.76;2476012.72;31091398.83;
4300406;2023;STN/SICONFI;372285537.2;362817262.17;68974314.75;239460444.8;
4300455;2023;STN/SICONFI;37963066.51;37074150.31;2379703.54;29295035.24;
4300471;2023;STN/SICONFI;35073282.74;33639030.16;3219469.1;29471442.25;
4300505;2023;STN/SICONFI;83749721.15;81468657.23;4495202.49;61463522.62;
4300554;2023;STN/SICONFI;32611029.17;27938760.74;1289806.46;22962108.87;
4300570;2023;STN/SICONFI;41964979.28;38364779.58;2282503.4;28932284.07;
4300604;2023;STN/SICONFI;739599914.39;720523075.54;133075881.8;401519846.48;
4300638;2023;STN/SICONFI;34795858.9;33556322.95;1761482.03;30578769.41;
4300646;2023;STN/SICONFI;54179815.36;52160529.14;3546069.44;38744531.72;
4300661;2023;STN/SICONFI;27508051.52;26886429.88;1549213.4;24232947.98;
4300703;2023;STN/SICONFI;51566094.13;46608360.0;3651566.14;35155815.64;
4300802;2023;STN/SICONFI;98287906.21;89680634.72;10704291.23;64428522.14;
4300851;2023;STN/SICONFI;42964673.19;41258912.14;6354485.21;32152869.37;
4300877;2023;STN/SICONFI;61910048.9;55692259.92;5098668.34;47641767.02;
4300901;2023;STN/SICONFI;108119908.6;101643978.84;8132970.24;79269225.36;
4301008;2023;STN/SICONFI;159008412.98;146881217.41;18474303.65;124400896.53;
4301057;2023;STN/SICONFI;117412705.66;114571215.68;44005767.16;49027848.85;
4301073;2023;STN/SICONFI;29274151.41;28001409.95;961507.89;24884040.32;
4301107;2023;STN/SICONFI;79964673.77;79964673.77;9332634.41;59132036.13;
4301206;2023;STN/SICONFI;64816169.46;58300468.34;5247716.97;49594020.7;
4301305;2023;STN/SICONFI;115642864.41;112232024.76;13771603.16;85664147.69;
4301404;2023;STN/SICONFI;68910573.25;58172439.62;4770874.15;44843220.05;
4301503;2023;STN/SICONFI;53018544.89;50373335.48;5244414.9;41033474.22;
4301552;2023;STN/SICONFI;34918859.89;31023696.47;2210888.55;27800729.6;
4301602;2023;STN/SICONFI;568185483.02;551872762.65;137242339.16;319395730.06;
4301636;2023;STN/SICONFI;110787288.53;104466546.49;25884226.91;59347766.63;
4301651;2023;STN/SICONFI;57146031.21;51056397.57;4199630.52;37517586.45;
4301701;2023;STN/SICONFI;45488642.33;44658642.33;4554124.13;38484670.22;
4301750;2023;STN/SICONFI;40066814.75;39082281.47;2873205.3;29215030.96;
4301800;2023;STN/SICONFI;40753175.12;40111531.58;2970566.05;35858631.4;
4301859;2023;STN/SICONFI;36311066.4;33794085.26;822463.01;27146441.48;
4301875;2023;STN/SICONFI;43870985.27;40421450.69;3363222.89;35825435.83;
4301909;2023;STN/SICONFI;72059460.91;68690259.27;7858303.44;54437430.75;
4301925;2023;STN/SICONFI;40740980.81;32985734.93;1584601.79;25647440.61;
4301958;2023;STN/SICONFI;37049699.3;34230954.78;1889948.45;26366759.39;
4302006;2023;STN/SICONFI;55628180.94;54786780.3;2650924.43;46490284.11;
4302055;2023;STN/SICONFI;27176749.1;25552884.32;728951.03;24102133.78;
4302105;2023;STN/SICONFI;765378325.01;730590109.38;206380219.71;434279763.44;
4302154;2023;STN/SICONFI;36437436.86;34922857.86;1851063.48;27280709.97;
4302204;2023;STN/SICONFI;62331600.06;55268805.52;5595358.55;39759211.63;
4302220;2023;STN/SICONFI;43512015.61;41640151.93;2129095.54;37702711.06;
4302238;2023;STN/SICONFI;41900140.17;38265768.31;4519891.76;32069989.1;
4302253;2023;STN/SICONFI;43772746.53;41330806.8;1798559.79;30756303.6;
4302303;2023;STN/SICONFI;75261826.17;71962528.06;7141108.18;63388204.2;
4302352;2023;STN/SICONFI;116499059.85;106110951.66;13341124.47;80018350.19;
4302378;2023;STN/SICONFI;26936997.59;26271956.77;1060457.53;24197956.35;
4302402;2023;STN/SICONFI;72907339.6;61800514.01;5371794.86;54576541.03;
4302451;2023;STN/SICONFI;42241462.45;40774411.69;1834962.23;32277370.53;
4302501;2023;STN/SICONFI;59731514.66;57430960.85;4008449.05;44038769.42;
4302584;2023;STN/SICONFI;29667692.89;28407294.53;1294712.82;25782105.73;
4302600;2023;STN/SICONFI;31254650.98;30403712.66;965135.32;28083789.35;
4302659;2023;STN/SICONFI;41717373.89;40182200.31;2669924.64;29380302.16;
4302709;2023;STN/SICONFI;108305713.24;95797797.54;14344772.77;77422989.47;
4302808;2023;STN/SICONFI;182345777.2;177858248.45;22231244.11;126642141.14;
4302907;2023;STN/SICONFI;94581581.03;89094557.87;14660645.33;61113964.87;
4303004;2023;STN/SICONFI;445698703.1;438378066.16;61340701.36;310415828.38;
4303103;2023;STN/SICONFI;776351703.53;764224043.04;162253236.29;368850300.21;
4303202;2023;STN/SICONFI;42755187.02;37252258.55;1819525.43;30975573.8;
4303301;2023;STN/SICONFI;44581863.33;40744734.63;2849897.35;31709811.02;
4303400;2023;STN/SICONFI;42475127.81;40977630.67;2042332.37;30165980.22;
4303509;2023;STN/SICONFI;315963472.58;302272687.01;54640692.41;213508764.77;
4303558;2023;STN/SICONFI;41155695.63;35439006.69;2016052.8;32224177.25;
4303608;2023;STN/SICONFI;59464565.39;54782369.92;8705102.44;38755881.55;
4303673;2023;STN/SICONFI;37069880.9;33715209.62;2398474.42;30523965.61;
4303707;2023;STN/SICONFI;43911962.48;40344347.62;2680690.88;33415801.92;
4303806;2023;STN/SICONFI;53742503.26;44973981.2;3560621.96;39564345.92;
4303905;2023;STN/SICONFI;429128775.59;418588883.37;115894626.33;245493285.07;
4304002;2023;STN/SICONFI;40451928.39;37019208.73;3007628.25;32512540.34;
4304101;2023;STN/SICONFI;42348030.66;37909463.47;1633103.4;28678103.71;
4304200;2023;STN/SICONFI;168181195.34;158164237.49;14387386.34;117137311.62;
4304309;2023;STN/SICONFI;47330580.94;44891028.33;3648366.37;34909255.79;
4304358;2023;STN/SICONFI;101010245.1;101010245.1;20581695.23;67409043.92;
4304408;2023;STN/SICONFI;311868620.73;291227515.76;121988247.5;151986438.67;
4304507;2023;STN/SICONFI;273740659.32;262752808.78;36715375.85;175080103.69;
4304606;2023;STN/SICONFI;2150220735.56;2087629123.75;485064197.53;1401223484.09;
4304614;2023;STN/SICONFI;26565622.83;26118682.83;906414.58;23928456.13;
4304622;2023;STN/SICONFI;38360131.73;36590214.87;3599325.88;29568305.8;
4304630;2023;STN/SICONFI;531278389.98;510476715.77;200149264.99;188417010.14;
4304655;2023;STN/SICONFI;47474121.77;45017675.18;2800663.02;38996602.11;
4304663;2023;STN/SICONFI;122048267.16;116399004.57;15692223.79;95690135.82;
4304671;2023;STN/SICONFI;45404745.93;43504547.53;6248865.91;34483501.51;
4304689;2023;STN/SICONFI;64712962.01;59902953.58;6243405.39;45594926.69;
4304697;2023;STN/SICONFI;40052349.98;36606697.31;2035044.26;32893095.75;
4304705;2023;STN/SICONFI;399320582.56;393742527.33;65189742.51;270479109.1;
4304713;2023;STN/SICONFI;55144453.34;49315814.96;2730464.28;37540643.68;
4304804;2023;STN/SICONFI;265744055.57;261835450.54;44767522.84;173161716.6;
4304853;2023;STN/SICONFI;26381021.72;24963288.0;705650.28;23206653.04;
4304903;2023;STN/SICONFI;62087037.53;58641803.88;8891625.22;47456082.47;
4304952;2023;STN/SICONFI;38180503.05;37285446.37;2229744.91;28703545.09;
4305009;2023;STN/SICONFI;58408242.36;56773486.22;4860739.77;49034337.21;
4305108;2023;STN/SICONFI;3063951551.88;2966118724.77;843135959.68;1388516164.41;
4305116;2023;STN/SICONFI;28849986.19;27731472.17;1123074.12;25203851.82;
4305124;2023;STN/SICONFI;40077737.08;37474921.41;1714438.28;31304464.53;
4305132;2023;STN/SICONFI;38377803.71;34895131.02;1796900.61;26026278.3;
4305157;2023;STN/SICONFI;35827364.68;30928270.18;1572608.54;24354745.36;
4305173;2023;STN/SICONFI;56833090.48;56329827.62;3117066.11;43530954.95;
4305207;2023;STN/SICONFI;87615092.63;84094602.39;13255813.36;58249405.08;
4305306;2023;STN/SICONFI;77407132.27;72540991.1;5446406.42;55287562.74;
4305355;2023;STN/SICONFI;207467588.91;202819778.91;32474482.36;133257515.32;
4305371;2023;STN/SICONFI;29608283.22;27397191.58;1126780.21;25439454.03;
4305405;2023;STN/SICONFI;44744249.79;41290331.16;3352802.19;36941524.84;
4305439;2023;STN/SICONFI;41254492.95;39579492.95;8436106.72;29788405.24;
4305447;2023;STN/SICONFI;34362400.08;32392162.57;1461557.58;29909622.29;
4305454;2023;STN/SICONFI;133990071.92;128398548.02;25906543.43;67767192.03;
4305504;2023;STN/SICONFI;39054038.75;37881455.08;2031305.26;31144611.19;
4305587;2023;STN/SICONFI;37133691.43;34652682.27;1811857.32;31614865.78;
4305603;2023;STN/SICONFI;41934734.85;39139034.27;2487393.44;31397623.0;
4305702;2023;STN/SICONFI;67867328.95;62074105.3;6927183.39;46814971.94;
4305801;2023;STN/SICONFI;68815490.9;66056297.23;7409424.13;49724423.21;
4305835;2023;STN/SICONFI;26323932.67;24557893.26;845291.15;23032273.49;
4305850;2023;STN/SICONFI;41749430.52;37736291.36;1704184.87;30723689.25;
4305871;2023;STN/SICONFI;46084223.32;39530513.69;4482060.74;28085419.32;
4305900;2023;STN/SICONFI;62819343.13;57886073.07;3489171.73;44957428.43;
4305934;2023;STN/SICONFI;30130954.84;27270724.51;974709.63;22418067.17;
4305959;2023;STN/SICONFI;41219324.95;36455101.32;3225027.78;31248160.38;
4305975;2023;STN/SICONFI;44130501.93;42312537.78;3543439.39;37513357.7;
4306007;2023;STN/SICONFI;79500492.29;77395569.82;8795238.12;62955350.79;
4306056;2023;STN/SICONFI;54061875.57;51765831.53;6198786.84;40252832.21;
4306072;2023;STN/SICONFI;32638219.71;29903377.39;884925.89;28516952.26;
4306106;2023;STN/SICONFI;339968236.83;314290712.69;66445101.22;222036028.96;
4306130;2023;STN/SICONFI;29167066.68;28578202.08;1454409.4;25404768.07;
4306205;2023;STN/SICONFI;80921863.11;72410703.91;5666613.34;64302777.12;
4306304;2023;STN/SICONFI;37332555.82;34142795.81;2277180.99;31127259.68;
4306320;2023;STN/SICONFI;36813336.45;32502759.98;1159035.19;28947519.58;
4306353;2023;STN/SICONFI;29694632.03;27966876.22;959883.19;23008482.87;
4306379;2023;STN/SICONFI;40030912.91;37862704.8;3558550.39;29432832.05;
4306403;2023;STN/SICONFI;213191739.52;208752156.57;48632447.55;117004731.67;
4306429;2023;STN/SICONFI;31269681.53;29925968.41;1115045.24;27545474.58;
4306452;2023;STN/SICONFI;40196009.87;37508437.4;3233091.76;29714898.94;
4306502;2023;STN/SICONFI;75465590.26;72076006.23;5208853.06;63933776.36;
4306551;2023;STN/SICONFI;32825996.91;28654817.36;1467889.13;23392118.74;
4306601;2023;STN/SICONFI;251848302.13;236517425.78;29553651.14;166122265.35;
4306700;2023;STN/SICONFI;29986940.76;29136668.41;1532304.85;24246405.25;
4306734;2023;STN/SICONFI;52037722.26;47362612.96;3034587.43;34504666.14;
4306759;2023;STN/SICONFI;30660449.51;26388142.57;1614168.04;23651210.12;
4306767;2023;STN/SICONFI;283228700.89;277460880.88;116553709.31;151870307.81;
4306809;2023;STN/SICONFI;167107013.68;155450190.28;22075429.24;114582739.26;
4306908;2023;STN/SICONFI;171321338.25;158717425.32;19372225.51;103543636.8;
4306924;2023;STN/SICONFI;31052546.39;28476485.66;931530.63;22654162.61;
4306932;2023;STN/SICONFI;67906767.15;61745079.17;7029321.06;43259932.54;
4306957;2023;STN/SICONFI;35095117.25;33551838.94;1616164.01;31004755.37;
4306973;2023;STN/SICONFI;38706827.73;35450776.03;1803727.33;27135976.55;
4307005;2023;STN/SICONFI;527417451.72;515106226.19;167318466.92;293161321.34;
4307054;2023;STN/SICONFI;37580717.91;34724211.63;2482572.1;27502543.53;
4307104;2023;STN/SICONFI;51533426.37;51507007.05;6943285.32;42447699.4;
4307203;2023;STN/SICONFI;39442958.89;38128972.99;2160641.22;34242273.74;
4307302;2023;STN/SICONFI;48657850.19;45916650.62;3848249.65;41707040.29;
4307401;2023;STN/SICONFI;38325362.08;36668142.3;2764949.48;33018468.37;
4307450;2023;STN/SICONFI;33508161.23;32355757.5;1658237.08;28799662.33;
4307500;2023;STN/SICONFI;100325993.58;97789470.04;13736039.17;71872743.03;
4307559;2023;STN/SICONFI;48865308.82;48067788.91;4833906.61;35383448.54;
4307609;2023;STN/SICONFI;258213634.84;250135478.3;58496503.7;162407199.55;
4307708;2023;STN/SICONFI;489439194.05;479729288.71;72348551.5;352425513.03;
4307807;2023;STN/SICONFI;243832729.2;225595721.13;36371850.53;170799815.07;
4307815;2023;STN/SICONFI;44516417.76;41903864.58;1893335.17;29742409.0;
4307831;2023;STN/SICONFI;42106547.57;39948976.12;2045822.99;31088051.16;
4307864;2023;STN/SICONFI;40078889.33;36258214.13;2429900.85;27890811.24;
4307906;2023;STN/SICONFI;465522385.64;455613927.03;87879921.03;297244719.23;
4308003;2023;STN/SICONFI;50758550.7;46096853.34;5015318.58;32707311.08;
4308052;2023;STN/SICONFI;28373636.03;26146419.4;63877.91;25535900.35;
4308078;2023;STN/SICONFI;42926265.64;39146827.41;3161573.43;32531405.5;
4308102;2023;STN/SICONFI;109283521.24;95895408.02;14926119.96;66394291.69;
4308201;2023;STN/SICONFI;220307552.09;217954765.31;36626943.63;147414000.71;
4308250;2023;STN/SICONFI;29566223.11;29207843.11;977752.69;22297339.21;
4308300;2023;STN/SICONFI;61842103.84;54541873.71;4244551.94;45938199.33;
4308409;2023;STN/SICONFI;49313583.72;45322054.79;2809943.17;34697048.4;
4308433;2023;STN/SICONFI;28254564.13;27121911.38;1089434.98;24019319.42;
4308458;2023;STN/SICONFI;58722018.08;52710965.2;3027992.78;40540074.42;
4308508;2023;STN/SICONFI;182283897.56;178421292.21;28960748.16;112120498.55;
4308607;2023;STN/SICONFI;270892075.52;253790646.35;51223036.69;159601044.19;
4308656;2023;STN/SICONFI;41674663.43;40372168.19;3105856.67;29403532.23;
4308706;2023;STN/SICONFI;41506541.56;40830688.83;4811958.6;34145254.21;
4308805;2023;STN/SICONFI;43718803.34;39865034.56;3671750.69;32635133.96;
4308854;2023;STN/SICONFI;29524699.69;26957373.54;922351.42;25307526.05;
4308904;2023;STN/SICONFI;108062108.87;95765061.07;18915554.2;63348538.78;
4309001;2023;STN/SICONFI;127974083.51;122304653.3;12060541.2;95137181.97;
4309050;2023;STN/SICONFI;56369085.37;55064774.28;11648464.59;40757804.26;
4309100;2023;STN/SICONFI;522811890.55;500367044.16;236787356.69;160806486.03;
4309126;2023;STN/SICONFI;32784951.66;30849852.61;1188000.9;25498192.95;
4309159;2023;STN/SICONFI;39144416.9;35020671.63;1082076.12;27498266.39;
4309209;2023;STN/SICONFI;1317754529.9;1187165635.19;283421925.99;746291230.05;
4309258;2023;STN/SICONFI;26746475.7;26009181.17;1582954.9;22730355.25;
4309308;2023;STN/SICONFI;666930235.19;657920438.8;115244228.25;391463723.98;
4309407;2023;STN/SICONFI;173318731.31;165846223.04;30627200.83;107577900.94;
4309506;2023;STN/SICONFI;48010296.53;44524524.39;3850521.16;35340965.03;
4309555;2023;STN/SICONFI;58627471.69;53152813.43;3097261.28;40774456.87;
4309571;2023;STN/SICONFI;28851122.64;25667311.47;1447235.24;23181311.78;
4309605;2023;STN/SICONFI;212368443.54;192476968.15;33730895.74;125358199.84;
4309654;2023;STN/SICONFI;43749810.18;42930990.17;3462358.86;38021462.18;
4309704;2023;STN/SICONFI;48793142.88;46332108.02;2676714.42;34305887.45;
4309753;2023;STN/SICONFI;32626030.4;29636577.99;1380018.33;27492161.92;
4309803;2023;STN/SICONFI;46910086.5;45685561.56;4612921.63;32890314.18;
4309902;2023;STN/SICONFI;55802705.09;51637056.32;5001391.31;38770489.75;
4309951;2023;STN/SICONFI;38076794.29;34629768.11;2455015.21;28706640.48;
4310009;2023;STN/SICONFI;155394285.49;149582889.94;22873351.86;104942948.04;
4310108;2023;STN/SICONFI;222616732.65;210778101.27;32152974.63;139807531.64;
4310207;2023;STN/SICONFI;656582995.3;624977689.04;121209365.73;271795286.73;
4310306;2023;STN/SICONFI;39462130.06;36963177.88;2611351.34;29224351.96;
4310330;2023;STN/SICONFI;234838255.98;205782626.37;72852535.34;105683786.23;
4310363;2023;STN/SICONFI;44897721.1;41046073.72;2640225.99;34479937.37;
4310405;2023;STN/SICONFI;56738091.54;56066725.89;4955132.53;41906595.42;
4310413;2023;STN/SICONFI;28542287.74;26579191.1;1312277.39;24562538.03;
4310439;2023;STN/SICONFI;53420896.42;49092752.89;4582499.47;36265580.35;
4310462;2023;STN/SICONFI;31061538.68;30274577.19;1601123.79;26843661.98;
4310504;2023;STN/SICONFI;43309960.55;41149412.19;3579129.1;35798756.28;
4310538;2023;STN/SICONFI;39068406.66;38947477.66;6529654.29;27988979.2;
4310553;2023;STN/SICONFI;38143595.61;35734005.8;1848724.84;31885790.9;
4310579;2023;STN/SICONFI;28503527.8;25964377.9;990903.55;23820403.22;
4310603;2023;STN/SICONFI;226058978.38;213878937.56;28619698.38;154581035.83;
4310652;2023;STN/SICONFI;32074034.07;28787767.98;895577.82;26398812.3;
4310702;2023;STN/SICONFI;41859183.24;35840918.7;1517698.75;28801773.14;
4310751;2023;STN/SICONFI;26015529.32;24298245.21;1334271.7;18779331.41;
4310801;2023;STN/SICONFI;168933195.62;165001376.89;29566434.54;92272919.17;
4310850;2023;STN/SICONFI;34868362.21;30471399.51;1414507.22;28054829.35;
4310876;2023;STN/SICONFI;30051698.54;27700050.9;1098187.07;25962628.8;
4310900;2023;STN/SICONFI;41909836.09;36868961.17;3233640.8;29410162.63;
4311007;2023;STN/SICONFI;155654756.75;142340413.09;21722210.79;98446115.9;
4311106;2023;STN/SICONFI;65430854.04;61479968.95;7518917.05;46712229.31;
4311122;2023;STN/SICONFI;44490757.75;43481348.33;2048520.31;37046592.66;
4311130;2023;STN/SICONFI;39352532.25;38394753.42;2022315.53;30985157.81;
4311155;2023;STN/SICONFI;71653047.98;69443395.02;8080683.21;48790175.15;
4311205;2023;STN/SICONFI;143280587.65;140415002.2;21329334.27;98509370.56;
4311239;2023;STN/SICONFI;27087518.67;25417055.26;912525.5;23396232.53;
4311254;2023;STN/SICONFI;43597702.74;42102930.45;1911861.37;31241794.74;
4311270;2023;STN/SICONFI;33548712.25;32104339.43;1829812.37;25052904.75;
4311304;2023;STN/SICONFI;179166160.61;166436928.32;25517680.89;108125813.5;
4311403;2023;STN/SICONFI;639535748.86;629725525.29;152511547.32;390591870.28;
4311429;2023;STN/SICONFI;28415359.01;25492002.06;583429.03;24298428.41;
4311502;2023;STN/SICONFI;74319254.58;72014429.81;10854827.52;46230105.62;
4311601;2023;STN/SICONFI;38483576.72;36128422.43;1592528.28;29584302.84;
4311627;2023;STN/SICONFI;53368011.99;48652965.92;4017783.25;34306819.92;
4311643;2023;STN/SICONFI;24819684.82;24757589.58;1082795.55;21796719.64;
4311700;2023;STN/SICONFI;47381956.96;42804756.79;4554840.99;36588431.99;
4311718;2023;STN/SICONFI;51562705.06;51309486.49;3393728.7;46029982.89;
4311734;2023;STN/SICONFI;32940542.19;30742906.38;747321.89;25271448.68;
4311759;2023;STN/SICONFI;52320266.65;49960356.65;5794189.94;41417140.0;
4311775;2023;STN/SICONFI;55596424.85;51252798.72;4374035.85;36721506.38;
4311791;2023;STN/SICONFI;39250371.04;34998135.89;1543561.37;28121097.07;
4311809;2023;STN/SICONFI;276029283.39;250811781.93;48895426.76;185459372.08;
4311908;2023;STN/SICONFI;40253642.76;36786251.8;3544979.77;32195644.87;
4311981;2023;STN/SICONFI;33479398.64;31602573.2;2509982.61;26628777.44;
4312005;2023;STN/SICONFI;32321762.45;28072994.66;1166268.36;25451039.43;
4312054;2023;STN/SICONFI;42368459.0;38441397.99;4338721.7;32381592.1;
4312104;2023;STN/SICONFI;37990137.45;36226494.98;2230099.07;29115278.57;
4312138;2023;STN/SICONFI;4229880.92;4229880.92;;4229880.92;
4312153;2023;STN/SICONFI;40670986.1;38484235.12;3850294.28;26851761.71;
4312179;2023;STN/SICONFI;27840315.99;26271556.31;918140.19;23179506.34;
4312203;2023;STN/SICONFI;36403933.89;33176633.04;2006795.93;29799590.14;
4312252;2023;STN/SICONFI;48062331.77;47401975.19;10519312.82;35497659.2;
4312302;2023;STN/SICONFI;40354199.75;36727095.08;2045665.0;33638570.38;
4312351;2023;STN/SICONFI;28383780.26;27255694.53;1756184.46;23573069.57;
4312377;2023;STN/SICONFI;35195107.54;32827565.29;1419586.11;30607375.31;
4312385;2023;STN/SICONFI;35005150.45;31942344.91;2915705.75;26040325.57;
4312401;2023;STN/SICONFI;443285956.62;434892526.71;77843384.75;248828538.61;
4312427;2023;STN/SICONFI;39532823.31;31964235.66;1526555.87;25242023.38;
4312443;2023;STN/SICONFI;39504063.01;32553440.03;1538570.52;26157246.52;
4312450;2023;STN/SICONFI;38205818.12;36458535.24;2156211.84;32908384.62;
4312476;2023;STN/SICONFI;51715374.62;49086931.9;7289231.54;34536325.99;
4312500;2023;STN/SICONFI;88902209.15;86724938.91;7896440.25;64557769.95;
4312609;2023;STN/SICONFI;47704179.97;43314158.7;3823303.88;36919355.22;
4312617;2023;STN/SICONFI;55819695.17;54465802.88;2429887.05;45381641.14;
4312625;2023;STN/SICONFI;28383796.1;25346633.05;1035694.21;23196675.86;
4312658;2023;STN/SICONFI;150315399.49;145591323.16;22433432.65;102386236.99;
4312674;2023;STN/SICONFI;30703397.25;27983028.28;1852111.21;24562972.43;
4312708;2023;STN/SICONFI;83939533.02;81472918.07;9040303.65;61932441.31;
4312757;2023;STN/SICONFI;45021426.13;37843228.98;2083826.4;34173252.39;
4312807;2023;STN/SICONFI;50138236.26;46583812.81;3722700.57;35138871.08;
4312906;2023;STN/SICONFI;75998079.91;68088150.38;11500329.02;47472477.28;
4312955;2023;STN/SICONFI;37555339.56;33725658.79;1421732.81;27658552.39;
4313003;2023;STN/SICONFI;41570799.66;40397634.37;2215847.91;34207652.9;
4313011;2023;STN/SICONFI;43974048.63;42624275.35;2838503.53;33238861.84;
4313037;2023;STN/SICONFI;43077545.32;39584312.74;2805699.64;29899594.29;
4313060;2023;STN/SICONFI;110320015.38;103051830.51;12881650.32;74232813.2;
4313086;2023;STN/SICONFI;34613037.73;32574761.29;2108529.75;25455931.02;
4313102;2023;STN/SICONFI;47311666.39;45187911.28;3773826.68;33549323.99;
4313201;2023;STN/SICONFI;146244813.5;138592602.58;33762457.14;93616438.42;
4313300;2023;STN/SICONFI;160548390.5;158327271.38;26533786.92;97964086.75;
4313334;2023;STN/SICONFI;37004827.17;35342159.64;1835418.99;30886671.22;
4313359;2023;STN/SICONFI;48314590.68;43260963.79;2531137.06;34414336.39;
4313375;2023;STN/SICONFI;239216447.72;234671950.33;48558447.33;136290669.68;
4313391;2023;STN/SICONFI;36199354.05;33707398.4;2118216.09;29594849.96;
4313409;2023;STN/SICONFI;1407280940.44;1385024084.84;390956567.12;713364528.79;
4313425;2023;STN/SICONFI;38848972.4;37798972.4;1779286.32;30726331.44;
4313441;2023;STN/SICONFI;36480051.21;32015817.24;972626.16;25822387.86;
4313466;2023;STN/SICONFI;27394142.34;26099063.2;933702.05;24206118.25;
4313490;2023;STN/SICONFI;41184672.93;38078712.81;1603546.73;30833163.67;
4313508;2023;STN/SICONFI;361858213.97;350744167.85;85088114.62;175387389.25;
4313607;2023;STN/SICONFI;35821185.57;34016058.75;1815643.01;30814499.93;
4313656;2023;STN/SICONFI;89706935.59;86018227.48;13468877.21;59565591.69;
4313706;2023;STN/SICONFI;243952782.51;226783882.86;29105122.76;135173429.77;
4313805;2023;STN/SICONFI;53041676.66;48573040.03;3614102.97;42221607.55;
4313904;2023;STN/SICONFI;303995021.1;290582522.14;51734647.43;168723791.12;
4313953;2023;STN/SICONFI;77993273.68;71366698.43;10720303.11;50016528.9;
4314001;2023;STN/SICONFI;65338738.48;59183654.43;5824836.47;45872470.25;
4314027;2023;STN/SICONFI;47719557.18;43473616.4;3424478.85;32213923.42;
4314035;2023;STN/SICONFI;49637125.65;46988789.11;2846252.19;32761257.72;
4314050;2023;STN/SICONFI;253894988.8;244945633.65;30115350.1;168752853.5;
4314068;2023;STN/SICONFI;39636310.2;39085804.72;1865727.19;30506446.94;
4314076;2023;STN/SICONFI;45418484.6;43434360.68;3097349.6;33248552.16;
4314100;2023;STN/SICONFI;1109877947.42;1057190548.5;303017615.62;533705431.14;
4314134;2023;STN/SICONFI;31358026.79;28257702.28;1905820.57;25305619.74;
4314159;2023;STN/SICONFI;49069758.7;45858187.79;4425407.27;35245669.68;
4314175;2023;STN/SICONFI;45152403.91;42327557.7;2512443.39;33781247.66;
4314209;2023;STN/SICONFI;42797832.28;41399839.06;4711057.04;34210807.59;
4314308;2023;STN/SICONFI;51808374.64;45150326.69;2889782.25;35709924.12;
4314407;2023;STN/SICONFI;1613164075.04;1533445842.02;394546418.63;849454762.73;
4314423;2023;STN/SICONFI;45392135.63;42464933.45;6276868.79;32949177.29;
4314456;2023;STN/SICONFI;47708827.03;42789733.85;1981779.65;36415846.44;
4314464;2023;STN/SICONFI;40226417.54;39430564.54;2185692.83;36656387.53;
4314472;2023;STN/SICONFI;52229630.91;50109394.57;2549995.13;38177229.92;
4314498;2023;STN/SICONFI;37504453.57;35928490.24;1547907.88;33527758.52;
4314506;2023;STN/SICONFI;81880258.83;78405337.17;7854558.39;58024363.36;
4314548;2023;STN/SICONFI;30664791.42;28762185.42;1982653.89;25854603.36;
4314555;2023;STN/SICONFI;31307879.04;30268326.69;1412597.45;23581242.31;
4314605;2023;STN/SICONFI;103494494.8;95494494.8;11151545.85;81990795.2;
4314704;2023;STN/SICONFI;55789507.24;55099113.67;5289175.71;47141498.23;
4314753;2023;STN/SICONFI;32681885.41;31092665.74;1568048.1;28426736.82;
4314779;2023;STN/SICONFI;45543680.53;42681203.72;2700012.17;38500500.04;
4314787;2023;STN/SICONFI;28853427.24;27471611.88;1192692.67;24931609.86;
4314803;2023;STN/SICONFI;215157631.19;205425085.37;33798513.72;131540404.22;
4314902;2023;STN/SICONFI;9787322843.49;9552970278.28;3630874974.16;3736852104.6;
4315008;2023;STN/SICONFI;38351340.22;35087310.23;1990866.07;28505137.12;
4315057;2023;STN/SICONFI;34458060.62;30388420.84;1283205.8;23400836.15;
4315073;2023;STN/SICONFI;29825891.2;29012035.2;1289049.47;21719270.83;
4315107;2023;STN/SICONFI;69044993.82;66177228.48;5113293.93;51376946.67;
4315131;2023;STN/SICONFI;29084773.19;25399379.72;1769810.55;22623771.64;
4315149;2023;STN/SICONFI;40737462.11;38029928.72;3985604.39;28248254.88;
4315156;2023;STN/SICONFI;41526706.04;36739222.87;2192657.28;32861158.2;
4315172;2023;STN/SICONFI;30540589.28;28647724.77;1396575.25;25022586.33;
4315206;2023;STN/SICONFI;36682230.39;34121731.17;1987065.35;28362192.08;
4315305;2023;STN/SICONFI;111831382.28;109872137.19;11823744.81;94117107.35;
4315313;2023;STN/SICONFI;30056874.95;28021179.91;1132499.16;25487976.25;
4315321;2023;STN/SICONFI;37167706.39;35377799.2;2172474.12;26628958.17;
4315354;2023;STN/SICONFI;45578253.13;43386754.08;3678540.56;33446317.96;
4315404;2023;STN/SICONFI;59590760.1;56023460.95;3450479.84;44788196.45;
4315453;2023;STN/SICONFI;28873430.42;26277782.3;980787.75;24187656.59;
4315503;2023;STN/SICONFI;100118351.7;95728046.89;11311768.7;68480932.8;
4315552;2023;STN/SICONFI;40205030.43;36661458.14;1442258.54;29541387.4;
4315602;2023;STN/SICONFI;1127606615.96;1052215730.47;260757829.33;614876282.23;
4315701;2023;STN/SICONFI;174606230.28;156450120.58;21471215.17;124021299.32;
4315750;2023;STN/SICONFI;37116919.21;36282996.13;1991507.18;29482884.49;
4315800;2023;STN/SICONFI;81715788.81;75719815.19;6373870.98;61045740.31;
4315909;2023;STN/SICONFI;52746758.64;49897983.87;2826965.96;45052398.63;
4315958;2023;STN/SICONFI;34749997.4;32439646.69;1654257.79;26324776.66;
4316006;2023;STN/SICONFI;128746936.04;107521077.43;17590955.17;81413604.52;
4316105;2023;STN/SICONFI;73598767.14;65903120.69;6121321.63;50334700.96;
4316204;2023;STN/SICONFI;45549601.76;44445134.97;3482380.9;34720134.73;
4316303;2023;STN/SICONFI;52364884.69;47783172.04;4166937.18;36495240.49;
4316402;2023;STN/SICONFI;174424246.29;170959218.86;21222545.21;127148231.84;
4316428;2023;STN/SICONFI;35360459.09;31562706.59;1020729.32;25709247.9;
4316436;2023;STN/SICONFI;41934234.29;36615902.74;2293968.93;28838747.96;
4316451;2023;STN/SICONFI;86438995.7;81429763.72;9552780.59;56928108.4;
4316477;2023;STN/SICONFI;39251171.56;36061919.39;2162529.88;28734551.76;
4316501;2023;STN/SICONFI;60373110.18;58194563.09;6122826.49;41495223.77;
4316600;2023;STN/SICONFI;101982470.29;98810102.49;13037633.18;71958284.09;
4316709;2023;STN/SICONFI;86242320.77;78705922.07;8832919.83;57485812.2;
4316733;2023;STN/SICONFI;31308022.09;27852232.57;955065.91;26279323.1;
4316758;2023;STN/SICONFI;47788194.01;45958768.59;5612219.91;36459775.23;
4316808;2023;STN/SICONFI;869276685.27;799702526.41;206875104.2;532563614.45;
4316907;2023;STN/SICONFI;1174042470.21;1108742564.39;336949006.53;568655125.47;
4316956;2023;STN/SICONFI;48720783.0;46674977.32;5114297.76;33467198.89;
4316972;2023;STN/SICONFI;36242748.71;35208623.39;1547521.06;32008637.14;
4317004;2023;STN/SICONFI;56093992.17;52521668.15;4634790.21;37228509.74;
4317103;2023;STN/SICONFI;428560392.9;424398184.07;67810585.91;249250429.3;
4317202;2023;STN/SICONFI;589726461.8;533142354.86;99852242.36;338870474.38;
4317251;2023;STN/SICONFI;28929749.02;25590451.53;1724800.35;22850454.49;
4317301;2023;STN/SICONFI;226373954.36;215513719.89;31556901.16;160149970.66;
4317400;2023;STN/SICONFI;262684022.78;252583081.69;46845020.95;156852695.16;
4317509;2023;STN/SICONFI;384674248.42;343014772.98;79641441.92;221830308.47;
4317558;2023;STN/SICONFI;37096120.31;29822070.73;1147917.7;27066253.67;
4317608;2023;STN/SICONFI;227215874.58;209309094.75;40771448.04;144398666.21;
4317707;2023;STN/SICONFI;77274805.53;75807607.14;8187592.52;61794694.58;
4317756;2023;STN/SICONFI;35538191.13;34071034.39;2816948.99;25833140.67;
4317806;2023;STN/SICONFI;107264238.57;102102328.05;8900236.12;74534964.58;
4317905;2023;STN/SICONFI;99838740.11;96544242.16;13869177.69;67648592.56;
4317954;2023;STN/SICONFI;27430221.73;26420617.69;1220159.13;24441855.97;
4318002;2023;STN/SICONFI;354968681.13;342261488.45;49179711.58;251995044.82;
4318051;2023;STN/SICONFI;30820894.26;29232497.58;1574089.79;26603966.88;
4318101;2023;STN/SICONFI;111739166.05;106876318.8;12232347.23;82267455.12;
4318200;2023;STN/SICONFI;154541387.15;144352490.36;24736113.23;100149229.15;
4318309;2023;STN/SICONFI;289827561.64;275767322.34;42852477.95;213394522.83;
4318408;2023;STN/SICONFI;113280085.4;106703911.97;11069235.96;72409938.01;
4318424;2023;STN/SICONFI;42113271.67;39218845.95;2547370.41;31554262.39;
4318432;2023;STN/SICONFI;32192276.53;30957938.09;4245168.59;23093176.21;
4318440;2023;STN/SICONFI;34321743.59;29429041.74;1735811.42;26273099.58;
4318457;2023;STN/SICONFI;31343159.11;27967302.92;1209918.13;25611460.97;
4318465;2023;STN/SICONFI;32055911.15;28914074.65;1743027.99;23588334.85;
4318481;2023;STN/SICONFI;41952382.19;40128496.04;2459293.33;28964162.19;
4318499;2023;STN/SICONFI;36624227.11;35488930.41;1679925.81;26592906.06;
4318507;2023;STN/SICONFI;137098249.3;128389310.86;14001034.95;109055245.04;
4318606;2023;STN/SICONFI;45703727.17;42067152.79;3534162.78;36391302.88;
4318614;2023;STN/SICONFI;34407529.51;33414727.52;1725494.18;29394381.61;
4318622;2023;STN/SICONFI;55984199.43;54477595.43;3689603.55;43543692.7;
4318705;2023;STN/SICONFI;1333459338.58;1280134076.63;338095401.63;696435612.63;
4318804;2023;STN/SICONFI;229787695.53;221899445.39;39995271.98;154812638.48;
4318903;2023;STN/SICONFI;184059820.86;172379586.1;25503712.47;122744201.36;
4319000;2023;STN/SICONFI;147522630.46;144696632.8;20998727.11;90376750.84;
4319109;2023;STN/SICONFI;52698310.42;47493696.55;3504411.96;37207946.01;
4319125;2023;STN/SICONFI;35527896.7;33162145.33;2522688.94;29122063.51;
4319158;2023;STN/SICONFI;78935548.32;67635545.9;6352023.82;49824933.32;
4319208;2023;STN/SICONFI;47287772.74;40391694.82;3927689.04;34128940.3;
4319307;2023;STN/SICONFI;46010401.6;43916213.71;2573372.63;34036083.1;
4319356;2023;STN/SICONFI;40424756.56;38218199.35;2600862.84;29217790.86;
4319364;2023;STN/SICONFI;27368619.57;25850946.69;1202964.43;24268477.3;
4319372;2023;STN/SICONFI;41873741.06;39809082.91;2335828.4;28761801.51;
4319406;2023;STN/SICONFI;92655357.18;88494963.99;10721762.65;66081332.46;
4319505;2023;STN/SICONFI;155342507.23;150783225.58;23782212.83;98454943.46;
4319604;2023;STN/SICONFI;152327874.54;151094180.98;17720871.32;101314221.71;
4319703;2023;STN/SICONFI;34129730.5;29693662.26;1941214.03;26713043.65;
4319711;2023;STN/SICONFI;31482889.2;29130731.89;1181147.04;24415258.41;
4319737;2023;STN/SICONFI;32597832.92;29376323.15;678979.42;23926236.06;
4319752;2023;STN/SICONFI;40479101.54;33639547.84;2193050.27;26345305.83;
4319802;2023;STN/SICONFI;63776528.12;61323129.56;6911705.97;45153930.11;
4319901;2023;STN/SICONFI;417659121.88;393812246.74;63955020.33;244859541.27;
4320008;2023;STN/SICONFI;705480063.79;637397891.05;105406874.56;374382897.43;
4320107;2023;STN/SICONFI;151886740.14;140664970.03;24290954.34;97283155.4;
4320206;2023;STN/SICONFI;89590825.99;83711405.18;9308615.27;57521219.92;
4320230;2023;STN/SICONFI;41381616.86;40018650.99;2042496.81;31767994.83;
4320263;2023;STN/SICONFI;42784390.77;40654092.77;2289001.78;31670122.22;
4320305;2023;STN/SICONFI;48014317.64;46652617.23;4488226.08;35357785.41;
4320321;2023;STN/SICONFI;32028724.94;30448359.01;1653918.67;26731275.15;
4320354;2023;STN/SICONFI;33450532.78;32064131.09;1658651.13;29580046.91;
4320404;2023;STN/SICONFI;135766655.91;125886434.14;18703511.13;84519993.06;
4320453;2023;STN/SICONFI;28416581.21;26655543.91;1249245.24;23975463.84;
4320503;2023;STN/SICONFI;48195412.23;45548405.24;4117761.5;39574139.03;
4320552;2023;STN/SICONFI;44783983.82;42485208.75;2672714.69;32261272.84;
4320578;2023;STN/SICONFI;31622683.27;29240144.19;1365582.51;22951743.48;
4320602;2023;STN/SICONFI;38166367.81;36426920.45;1997559.81;31677096.95;
4320651;2023;STN/SICONFI;31866106.45;30378941.07;2429501.07;22923399.83;
4320677;2023;STN/SICONFI;61040959.11;54599390.04;3293636.69;45750287.31;
4320701;2023;STN/SICONFI;82191825.3;77813880.99;8752224.17;57045625.64;
4320800;2023;STN/SICONFI;160380540.47;153763049.07;24189362.57;110304877.53;
4320859;2023;STN/SICONFI;34937022.55;32060415.99;2495895.07;28805389.82;
4320909;2023;STN/SICONFI;158979243.72;154817370.53;27732463.5;104764719.48;
4321006;2023;STN/SICONFI;69869213.58;68521925.62;8734515.64;49183410.85;
4321105;2023;STN/SICONFI;102306694.31;93633997.62;11639887.06;65985740.37;
4321204;2023;STN/SICONFI;254654596.1;242104355.09;42380246.75;164143493.68;
4321303;2023;STN/SICONFI;128443391.4;122752309.59;18474974.45;97155206.37;
4321329;2023;STN/SICONFI;35481986.17;34181021.67;1430389.87;31326051.53;
4321352;2023;STN/SICONFI;41549058.82;34942164.73;1697856.6;31866166.57;
4321402;2023;STN/SICONFI;7095415.55;7095415.55;;;
4321436;2023;STN/SICONFI;66167695.79;63722248.49;8072720.0;47004735.5;
4321451;2023;STN/SICONFI;217248388.63;212253609.94;33545487.65;150412563.42;
4321469;2023;STN/SICONFI;37969724.47;33351016.19;3364690.76;27996389.65;
4321477;2023;STN/SICONFI;38940380.33;35581459.4;2192423.92;31950878.41;
4321493;2023;STN/SICONFI;32703011.72;30747204.82;1145202.36;24255325.39;
4321501;2023;STN/SICONFI;313148255.08;299925022.46;118457340.22;123025632.75;
4321600;2023;STN/SICONFI;359612621.68;342064896.22;82694691.57;185116163.18;
4321626;2023;STN/SICONFI;31268880.0;29585778.35;1112716.42;27613247.66;
4321634;2023;STN/SICONFI;39551061.06;38913875.07;3766278.5;26824462.89;
4321667;2023;STN/SICONFI;68493243.29;58053508.7;8390034.24;47697590.56;
4321709;2023;STN/SICONFI;133906592.82;129639719.74;14749900.23;90817239.37;
4321808;2023;STN/SICONFI;164325001.46;143256947.09;26757305.81;96273079.72;
4321832;2023;STN/SICONFI;37732861.12;34358207.08;1436501.73;25812739.3;
4321857;2023;STN/SICONFI;43859983.54;39827856.39;2705429.83;34189981.18;
4321907;2023;STN/SICONFI;144548864.46;140001214.1;23056920.77;101391870.27;
4321956;2023;STN/SICONFI;57650197.83;51441678.9;4285010.64;41619534.67;
4322004;2023;STN/SICONFI;467395643.13;453849790.07;101139398.7;275610636.15;
4322103;2023;STN/SICONFI;48205937.84;42171904.54;4720804.21;30937040.75;
4322152;2023;STN/SICONFI;35093736.84;33168977.55;1612174.44;26838897.55;
4322186;2023;STN/SICONFI;25318472.22;23455627.36;822274.62;22143700.39;
4322202;2023;STN/SICONFI;169044241.25;162855740.95;21587753.28;115637052.23;
4322251;2023;STN/SICONFI;66293109.0;63064562.61;4886502.82;49924606.21;
4322301;2023;STN/SICONFI;57547968.02;53359872.81;6450502.1;41261094.18;
4322327;2023;STN/SICONFI;34072984.59;32529187.96;2111805.47;28672438.83;
4322343;2023;STN/SICONFI;34254215.43;29707961.18;1033625.81;23893890.46;
4322350;2023;STN/SICONFI;29807248.21;24678963.17;966372.96;22775547.82;
4322376;2023;STN/SICONFI;27612213.2;27313308.3;1329040.43;24674247.58;
4322400;2023;STN/SICONFI;486839059.4;474747035.89;93983774.53;343307371.91;
4322509;2023;STN/SICONFI;374184851.02;363006981.74;59138484.1;283464122.07;
4322525;2023;STN/SICONFI;38324329.37;34728673.23;2823729.18;26723540.95;
4322533;2023;STN/SICONFI;61805267.14;59202736.9;3929734.44;42545034.48;
4322541;2023;STN/SICONFI;48198589.57;44903682.03;4341782.8;32551318.9;
4322558;2023;STN/SICONFI;30560519.27;26905835.45;798427.84;24959169.97;
4322608;2023;STN/SICONFI;445478446.25;411187042.67;76831909.39;254759015.74;
4322707;2023;STN/SICONFI;157022699.75;151405053.07;19938914.84;91991723.31;
4322806;2023;STN/SICONFI;193556348.22;189703224.26;29934415.76;122982921.84;
4322855;2023;STN/SICONFI;32563516.0;28588024.0;1570172.88;26369894.42;
4322905;2023;STN/SICONFI;42156841.01;40886248.21;2778855.82;29623535.15;
4323002;2023;STN/SICONFI;813886867.98;781503641.62;130523945.43;528794879.17;
4323101;2023;STN/SICONFI;37028149.15;33618415.52;1985867.63;30654824.13;
4323200;2023;STN/SICONFI;41857234.34;40329122.4;4022989.0;29653872.7;
4323309;2023;STN/SICONFI;18537712.18;16964453.94;3973577.42;6306067.36;
4323358;2023;STN/SICONFI;37862078.0;35443586.35;1459707.7;28217423.07;
4323408;2023;STN/SICONFI;51441231.57;45719713.02;2825662.18;35571454.94;
4323457;2023;STN/SICONFI;41636033.94;38523801.09;3437903.09;29848954.85;
4323507;2023;STN/SICONFI;30038938.29;28604211.91;1134999.65;26568670.14;
4323606;2023;STN/SICONFI;28817648.34;27512963.34;1125368.56;24310891.32;
4323705;2023;STN/SICONFI;40501038.31;34785782.95;1429219.75;29008767.6;
4323754;2023;STN/SICONFI;39558134.48;32070805.57;1460608.32;26593946.38;
4323770;2023;STN/SICONFI;44647204.5;43107490.42;2438573.29;39184885.8;
4323804;2023;STN/SICONFI;277982319.9;268605424.51;141118445.75;88001436.95;
5000203;2023;STN/SICONFI;182764403.87;180824925.17;44193479.75;127069160.11;
5000252;2023;STN/SICONFI;87632017.08;86344589.0;8440290.06;73238738.46;
5000609;2023;STN/SICONFI;269264624.05;258982933.5;35828766.89;198078936.23;
5000708;2023;STN/SICONFI;131028533.23;129586818.39;19231934.31;104851252.34;
5000807;2023;STN/SICONFI;75612172.07;74472137.07;7749676.64;60014833.02;
5000856;2023;STN/SICONFI;88888357.09;85008835.01;9650994.86;69917714.39;
5000906;2023;STN/SICONFI;84387969.14;80030090.87;5483238.07;66510701.99;
5001003;2023;STN/SICONFI;194964889.64;189938511.01;32120543.81;139024344.8;
5001102;2023;STN/SICONFI;320045550.87;296938474.48;40522099.1;235902479.76;
5001243;2023;STN/SICONFI;93309303.54;89060863.04;4534195.55;78135385.13;
5001508;2023;STN/SICONFI;84734333.25;80754383.72;9833717.15;65058346.28;
5001904;2023;STN/SICONFI;152928886.97;148782002.68;26060729.85;115257285.81;
5002001;2023;STN/SICONFI;80725612.3;77104947.12;6939460.74;67085395.79;
5002100;2023;STN/SICONFI;163206509.95;161233836.34;17834237.48;131185279.67;
5002159;2023;STN/SICONFI;87109256.96;84352985.83;9704993.55;70689928.76;
5002209;2023;STN/SICONFI;214557133.81;201847094.25;58474163.26;131477935.68;
5002308;2023;STN/SICONFI;136273839.7;122793727.13;18342626.03;98765232.92;
5002407;2023;STN/SICONFI;236591496.04;221430136.54;29387926.19;178143845.99;
5002605;2023;STN/SICONFI;137149027.24;129347587.47;14885438.44;97226118.15;
5002704;2023;STN/SICONFI;5484604047.75;5275676198.71;1650705595.93;2975295871.11;
5002803;2023;STN/SICONFI;66225835.26;59068170.5;4699097.08;52020472.72;
5002902;2023;STN/SICONFI;176326688.5;174024333.71;42219917.07;109773242.96;
5002951;2023;STN/SICONFI;301508632.99;299924998.99;62274394.9;216048749.32;
5003108;2023;STN/SICONFI;41835416.43;41394182.21;3665076.18;35672558.56;
5003157;2023;STN/SICONFI;93819449.09;89063970.65;5770002.8;79351825.77;
5003207;2023;STN/SICONFI;888302606.31;887793844.48;132062895.84;665624191.07;
5003256;2023;STN/SICONFI;260411401.51;255891851.89;38387284.08;198969023.65;
5003306;2023;STN/SICONFI;247824378.66;242054395.25;29972345.26;177508862.85;
5003454;2023;STN/SICONFI;90315823.26;84495437.34;9996207.61;70908477.21;
5003488;2023;STN/SICONFI;95686049.99;86627403.25;8501540.84;73219109.41;
5003504;2023;STN/SICONFI;48965954.16;46047129.36;3785460.52;38958021.37;
5003702;2023;STN/SICONFI;1538233199.85;1503773587.71;405341491.7;943979027.21;
5003751;2023;STN/SICONFI;90284946.55;87412194.68;10983025.1;69852252.84;
5003801;2023;STN/SICONFI;115436788.59;107157963.72;13505922.63;86370853.39;
5003900;2023;STN/SICONFI;65622005.08;60083125.8;10258212.85;47317779.34;
5004007;2023;STN/SICONFI;70259973.31;65941615.31;6366706.64;55986143.34;
5004106;2023;STN/SICONFI;67309841.31;62321924.05;5945336.23;51149944.22;
5004304;2023;STN/SICONFI;117683841.47;108283748.86;11231731.09;91197638.87;
5004403;2023;STN/SICONFI;146024793.27;128944393.65;46282785.81;71368068.57;
5004502;2023;STN/SICONFI;153751284.61;146516752.14;19666120.79;114012230.64;
5004601;2023;STN/SICONFI;163005741.12;151915757.61;16953581.66;116411726.48;
5004700;2023;STN/SICONFI;210848757.25;187347406.36;32199769.93;140110789.27;
5004809;2023;STN/SICONFI;63874360.5;63433240.5;2252994.58;59552471.17;
5004908;2023;STN/SICONFI;66308959.77;65283559.18;10137426.02;52508387.57;
5005004;2023;STN/SICONFI;159183361.77;146872038.57;24910550.91;111905537.15;
5005103;2023;STN/SICONFI;88282250.04;88044790.04;7653834.2;69527421.88;
5005152;2023;STN/SICONFI;61625013.97;58898826.94;4608464.23;52759779.62;
5005202;2023;STN/SICONFI;137894043.74;132649591.49;11828657.72;110771950.3;
5005251;2023;STN/SICONFI;84018544.27;84018544.27;8739989.11;71105040.82;
5005400;2023;STN/SICONFI;396460599.74;385189918.73;79086935.94;284968690.97;
5005608;2023;STN/SICONFI;167547711.86;153613931.04;17835398.26;132425552.48;
5005681;2023;STN/SICONFI;118689804.91;116809210.35;12013604.8;99396257.92;
5005707;2023;STN/SICONFI;350894851.77;341583265.4;63157628.65;250419268.2;
5005806;2023;STN/SICONFI;123859896.97;110716936.71;13217002.78;92621544.43;
5006002;2023;STN/SICONFI;191006074.57;173195452.76;28427271.66;132633230.94;
5006200;2023;STN/SICONFI;331425341.04;325804285.52;48581562.12;247389833.68;
5006259;2023;STN/SICONFI;55872450.13;49715535.5;3014789.34;43863843.94;
5006275;2023;STN/SICONFI;111895185.93;110000285.93;15157709.59;88922094.83;
5006309;2023;STN/SICONFI;297046141.38;288194559.53;57812258.98;210994634.54;
5006358;2023;STN/SICONFI;96316100.77;96316100.77;4793089.36;87296002.99;
5006408;2023;STN/SICONFI;65310693.59;64260693.59;6350091.19;55046455.7;
5006606;2023;STN/SICONFI;618953399.03;521624861.31;105661297.73;362706730.05;
5006903;2023;STN/SICONFI;161169137.99;151662093.77;13242624.1;126213637.65;
5007109;2023;STN/SICONFI;332781947.96;310441947.96;110514567.36;183316511.61;
5007208;2023;STN/SICONFI;316738541.34;307439014.46;53205590.46;228122334.8;
5007307;2023;STN/SICONFI;53484062.29;49973210.24;4604320.41;44246347.34;
5007406;2023;STN/SICONFI;161955598.66;160195757.66;18870415.02;126173075.23;
5007505;2023;STN/SICONFI;57160349.19;55837261.83;4085027.32;46770092.52;
5007554;2023;STN/SICONFI;101286728.35;95486733.77;19819050.06;70633886.45;
5007695;2023;STN/SICONFI;283734998.8;280635927.89;47738704.22;198182249.65;
5007703;2023;STN/SICONFI;72370282.73;68731087.63;5876644.91;58340500.58;
5007802;2023;STN/SICONFI;125105103.67;111069749.5;12145492.53;95315902.14;
5007901;2023;STN/SICONFI;371397344.07;358767765.35;52316808.74;279552756.25;
5007935;2023;STN/SICONFI;148230178.94;137365662.05;14145109.4;115480340.49;
5007950;2023;STN/SICONFI;88461811.68;79946997.97;5969152.58;69863783.46;
5007976;2023;STN/SICONFI;57985411.77;56541011.77;2544560.55;52295692.24;
5008008;2023;STN/SICONFI;129708250.21;126749040.21;16985691.37;102710183.72;
5008305;2023;STN/SICONFI;1232830740.99;1167614139.74;278383568.25;789375305.66;
5008404;2023;STN/SICONFI;70080075.45;58005667.52;4594645.96;51402186.96;
5100102;2023;STN/SICONFI;46109959.57;39395890.65;4149164.36;33643107.98;
5100201;2023;STN/SICONFI;286870969.12;263730652.97;61877603.22;168794454.22;
5100250;2023;STN/SICONFI;331802521.4;308868718.02;79829780.05;196406273.7;
5100300;2023;STN/SICONFI;163057941.02;143370430.85;19531606.56;112844630.19;
5100359;2023;STN/SICONFI;66085843.14;62278330.42;15522478.05;45923547.72;
5100409;2023;STN/SICONFI;97783547.03;95553037.05;14547351.42;73336463.42;
5100508;2023;STN/SICONFI;57816632.9;48806929.28;3564279.06;42105499.09;
5100607;2023;STN/SICONFI;115483923.1;96055187.87;16467117.42;71529251.2;
5100805;2023;STN/SICONFI;79415069.58;76550548.6;6658236.02;63881423.0;
5101001;2023;STN/SICONFI;50254623.37;43208450.69;4732591.37;34303410.39;
5101209;2023;STN/SICONFI;31631280.27;25505570.45;598038.47;22996150.21;
5101258;2023;STN/SICONFI;100153408.42;90058351.76;8757187.05;72063060.05;
5101308;2023;STN/SICONFI;68885715.68;60419458.54;5486685.64;50083702.17;
5101407;2023;STN/SICONFI;210542632.57;206467869.97;45980274.33;132280745.95;
5101605;2023;STN/SICONFI;43253891.61;42047700.55;2754299.48;35681717.41;
5101704;2023;STN/SICONFI;211450706.49;185791874.97;25603814.87;139559067.5;
5101803;2023;STN/SICONFI;385068345.89;375876133.14;71096046.66;260375725.52;
5101837;2023;STN/SICONFI;;;;;
5101852;2023;STN/SICONFI;73000974.39;68985461.98;7361833.06;58744960.55;
5101902;2023;STN/SICONFI;166768706.69;152434797.7;20082165.19;122610873.01;
5102504;2023;STN/SICONFI;403645190.62;382344898.95;84700657.5;230610414.22;
5102603;2023;STN/SICONFI;112456530.55;109795774.47;7613983.11;93560135.67;
5102637;2023;STN/SICONFI;411890796.87;406926915.21;82385564.16;274537977.77;
5102678;2023;STN/SICONFI;405301480.93;372513761.92;88417273.22;249978016.03;
5102686;2023;STN/SICONFI;124625553.77;119076398.36;20369294.35;87832490.2;
5102694;2023;STN/SICONFI;52035316.29;42012996.29;4152402.22;36524536.43;
5102702;2023;STN/SICONFI;252104177.39;226164158.41;53228667.4;163606552.76;
5102793;2023;STN/SICONFI;67579418.47;60499652.23;5763706.84;50848709.4;
5102850;2023;STN/SICONFI;55167624.34;50708426.13;5692687.43;41203429.77;
5103007;2023;STN/SICONFI;158906198.05;150227086.09;34337666.12;103486543.96;
5103056;2023;STN/SICONFI;96802510.25;92522456.99;12986332.26;72641561.54;
5103106;2023;STN/SICONFI;69071754.69;67204825.21;10033483.85;54394775.2;
5103205;2023;STN/SICONFI;170040850.63;161739119.38;29012192.88;123996114.85;
5103254;2023;STN/SICONFI;169596421.43;151959489.19;14706576.07;127025928.85;
5103304;2023;STN/SICONFI;152338537.98;151287431.57;22313684.62;109100142.2;
5103353;2023;STN/SICONFI;213446449.17;187926577.73;33523667.2;141634124.82;
5103361;2023;STN/SICONFI;52756080.87;50321240.87;3929426.58;42466549.94;
5103379;2023;STN/SICONFI;78489751.93;77937803.02;7229448.77;68833611.5;
5103403;2023;STN/SICONFI;4206842583.08;4150333955.55;1359903948.14;2275791535.78;
5103437;2023;STN/SICONFI;38599940.89;34778361.28;2117181.67;30365011.52;
5103452;2023;STN/SICONFI;57762312.45;46085035.96;5849562.79;38559039.01;
5103502;2023;STN/SICONFI;246538982.25;230448084.21;44345096.59;173206430.6;
5103601;2023;STN/SICONFI;62576172.15;58553967.01;6214864.94;49150346.65;
5103700;2023;STN/SICONFI;105712066.49;99494928.74;9381842.44;80341871.46;
5103809;2023;STN/SICONFI;41786973.76;35534895.42;2733622.78;30630029.6;
5103858;2023;STN/SICONFI;106542623.3;103060676.93;12497999.91;82460354.87;
5103908;2023;STN/SICONFI;54628367.94;50909959.31;5721280.37;41701833.77;
5103957;2023;STN/SICONFI;44728146.22;37873748.54;2147220.72;32744842.38;
5104104;2023;STN/SICONFI;227032425.68;204559713.93;36803977.93;153090139.98;
5104203;2023;STN/SICONFI;80330886.71;75444373.45;7167626.45;60601627.03;
5104500;2023;STN/SICONFI;36722065.32;34348331.59;1451907.74;32042729.91;
5104526;2023;STN/SICONFI;115045450.61;101603229.22;14630454.73;75981037.36;
5104542;2023;STN/SICONFI;58289442.73;57155324.91;8992012.85;45295107.43;
5104559;2023;STN/SICONFI;74597494.8;62776424.64;8624812.7;49022244.92;
5104609;2023;STN/SICONFI;163042645.3;157925857.5;24620687.81;122748429.75;
5104807;2023;STN/SICONFI;190689027.03;163993685.26;26811612.49;118975828.61;
5104906;2023;STN/SICONFI;69900645.81;40958171.94;3645736.1;34903480.65;
5105002;2023;STN/SICONFI;57597161.23;54557422.38;4808207.57;45549229.8;
5105101;2023;STN/SICONFI;215065591.59;211783066.69;42572245.8;147801475.17;
5105150;2023;STN/SICONFI;264555020.87;255360864.03;45222655.58;181560872.87;
5105176;2023;STN/SICONFI;;;;;
5105200;2023;STN/SICONFI;84538122.74;76102476.82;12751166.89;58912698.91;
5105234;2023;STN/SICONFI;58998022.99;47942426.61;3479127.98;42347164.18;
5105259;2023;STN/SICONFI;744966492.09;680224815.44;161450316.35;395182929.9;
5105309;2023;STN/SICONFI;29708697.37;27160443.28;1080652.25;25829928.8;
5105507;2023;STN/SICONFI;135232761.57;120432330.35;11532490.53;101220993.12;
5105580;2023;STN/SICONFI;97660115.92;86847340.66;10693313.7;70819878.43;
5105606;2023;STN/SICONFI;150001030.23;144740330.53;23918871.87;106890475.61;
5105622;2023;STN/SICONFI;137887747.1;130413928.46;22931766.94;89373254.69;
5105903;2023;STN/SICONFI;133303075.41;130786292.56;16457237.28;102619199.3;
5106000;2023;STN/SICONFI;50392533.18;45018983.11;5267947.72;36918709.75;
5106109;2023;STN/SICONFI;96242778.48;92751155.67;8495178.15;72317674.65;
5106158;2023;STN/SICONFI;90489412.26;83240610.73;8829552.71;70473877.67;
5106174;2023;STN/SICONFI;47984072.25;47984072.25;2439874.68;41463910.87;
5106182;2023;STN/SICONFI;64235480.09;60841789.12;4942548.37;52157395.09;
5106190;2023;STN/SICONFI;52369198.12;48908305.56;4621600.14;40922157.58;
5106208;2023;STN/SICONFI;49887457.76;45906106.16;4342649.59;40581583.47;
5106216;2023;STN/SICONFI;100711501.86;90125673.24;10906329.75;71873949.61;
5106224;2023;STN/SICONFI;532317134.52;509613885.48;113197923.06;327142420.53;
5106232;2023;STN/SICONFI;104517965.88;101982941.35;12888268.69;76523235.48;
5106240;2023;STN/SICONFI;151150888.7;148575509.38;26582009.27;113592862.15;
5106257;2023;STN/SICONFI;144332365.73;135596054.85;23253106.82;104477197.16;
5106265;2023;STN/SICONFI;73004993.37;69753366.78;6216159.67;59552132.3;
5106273;2023;STN/SICONFI;39113389.27;36598389.27;1476862.38;29398821.84;
5106281;2023;STN/SICONFI;74302376.88;65950683.92;7139181.77;56609368.29;
5106299;2023;STN/SICONFI;130921622.21;112155928.92;11452524.47;93975815.08;
5106307;2023;STN/SICONFI;198325604.26;194044511.83;42541618.74;134582365.0;
5106315;2023;STN/SICONFI;42291069.33;42258911.33;1857561.71;37416031.03;
5106372;2023;STN/SICONFI;133199232.0;129049794.23;15399697.34;106613208.26;
5106422;2023;STN/SICONFI;229027887.46;219028294.85;23082950.25;176065750.79;
5106455;2023;STN/SICONFI;28818724.3;28672512.99;1681770.73;23385745.73;
5106505;2023;STN/SICONFI;175446635.74;168738814.47;16632142.81;141161565.17;
5106653;2023;STN/SICONFI;52360008.56;49807234.81;7273941.09;36445160.27;
5106703;2023;STN/SICONFI;36571246.78;28714820.34;878448.66;25672141.96;
5106752;2023;STN/SICONFI;265777425.78;265477782.78;42088999.86;192458383.08;
5106778;2023;STN/SICONFI;86502948.24;72345636.0;9627310.67;59451989.53;
5106802;2023;STN/SICONFI;83862686.9;77632890.85;13500067.42;61795863.43;
5106828;2023;STN/SICONFI;86419662.59;80430523.67;6486305.33;69455455.41;
5106851;2023;STN/SICONFI;38893055.55;37069156.18;1527904.59;33105771.11;
5107008;2023;STN/SICONFI;113850944.63;108741193.34;12591042.59;88289836.15;
5107040;2023;STN/SICONFI;617302105.42;606143947.39;170574984.1;398612063.98;
5107065;2023;STN/SICONFI;317501055.73;265750063.78;53565965.79;191893621.77;
5107107;2023;STN/SICONFI;87141117.19;85656009.32;8665617.58;69053007.36;
5107156;2023;STN/SICONFI;30281751.42;29335363.42;1103657.9;26428808.23;
5107180;2023;STN/SICONFI;6569397.89;6569397.89;483335.01;4606546.47;
5107198;2023;STN/SICONFI;36885106.88;35342106.88;1686754.87;31489407.2;
5107206;2023;STN/SICONFI;39335569.27;38693257.05;2657626.78;32409863.61;
5107248;2023;STN/SICONFI;66011999.97;63996052.15;7336073.16;54011992.51;
5107263;2023;STN/SICONFI;44920703.49;41583680.77;2895263.46;36793350.04;
5107297;2023;STN/SICONFI;36125242.61;31002314.71;1352903.3;26482018.92;
5107305;2023;STN/SICONFI;133523980.01;124123013.0;16662136.72;92238748.75;
5107354;2023;STN/SICONFI;69290340.86;67390340.86;6990190.46;56587049.1;
5107404;2023;STN/SICONFI;39367110.61;35395316.6;2407094.54;31375817.96;
5107578;2023;STN/SICONFI;55253813.51;44683854.71;1804336.99;42330998.96;
5107602;2023;STN/SICONFI;1756628649.78;1594611027.01;376104375.63;961687811.31;
5107701;2023;STN/SICONFI;105003412.53;101836942.31;16324978.45;80684969.81;
5107743;2023;STN/SICONFI;49434812.13;44394946.51;3399137.19;37572925.5;
5107750;2023;STN/SICONFI;53275592.73;48519345.46;2030315.0;45180568.75;
5107768;2023;STN/SICONFI;78933102.31;76595642.21;8339234.76;62704377.17;
5107776;2023;STN/SICONFI;58385545.22;50330961.61;3537961.25;43838173.01;
5107792;2023;STN/SICONFI;64877478.8;61409065.28;6234044.26;50318881.2;
5107800;2023;STN/SICONFI;108280642.6;97718103.7;14045584.63;79082710.53;
5107859;2023;STN/SICONFI;158974205.82;128624380.36;17547480.4;105108702.9;
5107875;2023;STN/SICONFI;292404251.82;289262729.51;53780172.41;221175068.91;
5107883;2023;STN/SICONFI;30674135.21;27873291.21;1955916.62;24841618.29;
5107909;2023;STN/SICONFI;1147418260.38;1105641865.51;370820165.41;571883910.44;
5107925;2023;STN/SICONFI;850584557.11;836870254.52;218439535.3;547032824.44;
5107941;2023;STN/SICONFI;110767026.63;103419038.35;14690444.4;80681131.22;
5107958;2023;STN/SICONFI;640519925.77;623542879.09;131310924.06;380340444.29;
5108006;2023;STN/SICONFI;144650682.63;139635966.47;25521439.22;97419556.68;
5108055;2023;STN/SICONFI;91616733.61;79636829.05;9530120.64;63497337.81;
5108105;2023;STN/SICONFI;37614141.66;37212811.99;2813040.55;30564181.45;
5108204;2023;STN/SICONFI;40455005.83;40455005.83;3491218.27;35436968.22;
5108303;2023;STN/SICONFI;44645022.44;43450238.09;3014644.14;39530759.89;
5108352;2023;STN/SICONFI;40505725.3;34104413.64;1846417.8;30115710.25;
5108402;2023;STN/SICONFI;1308473823.26;1195280710.37;261829582.44;760655907.66;
5108501;2023;STN/SICONFI;97917973.39;83979783.82;13924959.02;68012206.15;
5108600;2023;STN/SICONFI;143154100.33;131440112.5;17348539.27;97999727.62;
5108808;2023;STN/SICONFI;53568180.71;43051488.7;5334876.94;35020448.76;
5108857;2023;STN/SICONFI;61781112.0;56915029.13;9028014.5;43857397.9;
5108907;2023;STN/SICONFI;88591916.16;75912456.65;12727290.2;59959996.81;
5108956;2023;STN/SICONFI;79596224.41;66311181.19;9121853.37;51595431.28;
5200050;2023;STN/SICONFI;83624420.93;75586669.17;9745465.77;52531645.98;
5200100;2023;STN/SICONFI;92098618.68;83178177.9;14581837.24;59897611.49;
5200134;2023;STN/SICONFI;136048865.44;124520354.04;19960823.79;90755260.51;
5200159;2023;STN/SICONFI;20576035.62;19896366.62;938919.55;18676816.08;
5200175;2023;STN/SICONFI;50195041.87;49581428.07;4988550.2;40750877.78;
5200209;2023;STN/SICONFI;28714371.5;27399640.19;1222467.76;25719349.45;
5200258;2023;STN/SICONFI;607737096.68;580120129.01;112114174.05;383172729.87;
5200308;2023;STN/SICONFI;176447139.09;162880208.16;33189146.35;113062706.01;
5200506;2023;STN/SICONFI;23470375.43;23289045.41;744505.14;19049099.67;
5200555;2023;STN/SICONFI;164304913.71;163955028.71;44475538.19;115743950.49;
5200605;2023;STN/SICONFI;64187711.33;62228499.87;9791183.53;44059687.36;
5200803;2023;STN/SICONFI;49138075.21;49138075.21;3409659.43;40909600.54;
5200829;2023;STN/SICONFI;31975486.22;31445682.22;2638940.24;28099403.47;
5200852;2023;STN/SICONFI;28940276.66;28821263.47;10012433.56;18529650.9;
5200902;2023;STN/SICONFI;22732581.35;22557581.35;1139934.27;20389520.94;
5201108;2023;STN/SICONFI;2082795834.96;1812920759.97;478217389.18;1137151862.39;
5201207;2023;STN/SICONFI;24408435.54;23936435.54;387039.98;20721893.52;
5201306;2023;STN/SICONFI;92897283.29;91419200.07;8060280.82;76174635.98;
5201405;2023;STN/SICONFI;2104609041.97;2000770419.52;520515913.11;1343404503.06;
5201454;2023;STN/SICONFI;41546934.18;40154777.04;2751598.87;30567032.17;
5201504;2023;STN/SICONFI;65451770.44;62548406.44;13862327.58;45335928.74;
5201603;2023;STN/SICONFI;33087648.16;32187104.58;1654111.07;26346814.73;
5201702;2023;STN/SICONFI;85652499.68;78212128.28;6754608.66;69819094.02;
5201801;2023;STN/SICONFI;59274606.05;55047606.05;9012461.97;42772864.76;
5202155;2023;STN/SICONFI;39321733.78;39041751.68;4935944.31;32817234.75;
5202353;2023;STN/SICONFI;33637425.65;32279003.46;2020246.13;29898156.4;
5202502;2023;STN/SICONFI;72083714.28;69329164.04;13054450.2;50344919.88;
5202601;2023;STN/SICONFI;30902061.28;30424455.28;2227449.39;26741721.84;
5202809;2023;STN/SICONFI;28320342.12;27424201.12;1094957.76;25649364.42;
5203104;2023;STN/SICONFI;31945648.26;31292021.26;1475126.94;27290924.78;
5203203;2023;STN/SICONFI;188161608.92;187173211.75;37977104.63;128499756.48;
5203302;2023;STN/SICONFI;167029351.42;163043200.0;24205570.76;126672279.33;
5203401;2023;STN/SICONFI;45104944.2;43656548.95;2715518.26;38144179.75;
5203500;2023;STN/SICONFI;151604620.62;144054421.77;16407835.01;110017434.02;
5203559;2023;STN/SICONFI;45146382.07;43730576.07;3833136.44;32825095.34;
5203575;2023;STN/SICONFI;39008591.6;36643390.57;2889425.7;30965823.49;
5203609;2023;STN/SICONFI;28959659.24;28519213.18;2917470.52;24999901.95;
5203807;2023;STN/SICONFI;33615681.56;31815193.13;2867033.38;27843491.92;
5203906;2023;STN/SICONFI;64443918.05;62321060.13;5846408.65;52491660.08;
5203939;2023;STN/SICONFI;34722683.09;33384183.09;1358932.42;28485614.77;
5203962;2023;STN/SICONFI;38314293.99;36314293.99;2414032.55;28244507.09;
5204003;2023;STN/SICONFI;50392135.45;47673298.05;3092552.23;43174219.73;
5204102;2023;STN/SICONFI;68557093.58;65302142.78;10442068.92;54141736.54;
5204201;2023;STN/SICONFI;27968247.44;25424058.16;1108091.2;22247664.64;
5204250;2023;STN/SICONFI;87282109.29;80870765.55;12926752.53;58923184.87;
5204300;2023;STN/SICONFI;117823267.47;113823267.47;12620329.49;86984299.86;
5204409;2023;STN/SICONFI;120239302.45;111908120.97;19449557.88;90509090.51;
5204508;2023;STN/SICONFI;535124505.29;502103309.78;119174340.6;265295722.6;
5204557;2023;STN/SICONFI;30901020.77;30727700.45;1598371.14;27945678.32;
5204607;2023;STN/SICONFI;31208582.82;31108582.82;787914.32;29182314.89;
5204656;2023;STN/SICONFI;43741200.54;37485458.47;1714479.29;35070932.79;
5204706;2023;STN/SICONFI;60073478.03;57734137.5;6624498.12;40094151.81;
5204805;2023;STN/SICONFI;75396758.77;74731860.24;10418990.99;54318528.42;
5204854;2023;STN/SICONFI;44167675.6;40136026.49;3597805.95;35476877.5;
5204904;2023;STN/SICONFI;92166627.29;88590632.71;4457200.38;73821563.46;
5204953;2023;STN/SICONFI;38697316.29;35805583.41;1469571.26;31591941.6;
5205000;2023;STN/SICONFI;56549289.37;55611947.0;1893285.73;44677051.5;
5205059;2023;STN/SICONFI;36875536.36;34375536.36;1728129.75;30428882.39;
5205109;2023;STN/SICONFI;808908101.19;755779601.19;129192495.25;464615970.87;
5205208;2023;STN/SICONFI;28306895.98;27494501.96;1268503.76;25659637.25;
5205307;2023;STN/SICONFI;59243350.85;57575897.79;2823936.55;50815181.75;
5205406;2023;STN/SICONFI;137008565.94;134401333.67;16336381.07;108757138.93;
5205455;2023;STN/SICONFI;55864525.78;55525360.09;9305511.03;44299870.51;
5205471;2023;STN/SICONFI;190264401.11;185047214.7;30110970.45;130150983.27;
5205497;2023;STN/SICONFI;330425970.42;329185705.94;46791897.12;231825266.65;
5205513;2023;STN/SICONFI;106935849.13;100935849.13;11253320.65;88620342.96;
5205521;2023;STN/SICONFI;36116964.99;35306735.63;3355483.98;31540299.45;
5205703;2023;STN/SICONFI;31210912.95;28581535.65;773365.91;25188340.76;
5205802;2023;STN/SICONFI;56415021.85;55758043.7;5847621.75;46397775.65;
5205901;2023;STN/SICONFI;79739639.04;77990729.36;4759807.09;66617118.19;
5206206;2023;STN/SICONFI;377866000.66;375870414.67;53112935.61;292359729.28;
5206305;2023;STN/SICONFI;40711190.26;39407332.91;2747258.03;30619360.85;
5206404;2023;STN/SICONFI;147604337.61;137673650.63;23676567.69;94778185.47;
5206503;2023;STN/SICONFI;25505996.11;25405996.11;956366.13;21823188.94;
5206602;2023;STN/SICONFI;34374107.33;33424102.44;2203613.13;28383161.8;
5206701;2023;STN/SICONFI;33416322.06;29636311.06;976401.09;25312950.84;
5206800;2023;STN/SICONFI;27217393.56;26249937.56;1222829.45;24562512.77;
5206909;2023;STN/SICONFI;41276355.31;37217039.76;1283526.47;34924943.99;
5207105;2023;STN/SICONFI;22937536.33;22092826.22;1324153.44;19589040.65;
5207253;2023;STN/SICONFI;63226330.58;58726330.58;4172971.67;50651309.11;
5207352;2023;STN/SICONFI;54643027.84;49053136.79;3652000.73;41129409.93;
5207402;2023;STN/SICONFI;95258485.77;92585770.04;11715832.51;76754286.62;
5207501;2023;STN/SICONFI;38415858.6;34321775.95;2043211.15;30422127.48;
5207535;2023;STN/SICONFI;45454259.27;43142454.69;3062249.08;35785541.51;
5207600;2023;STN/SICONFI;50348007.22;46208522.72;2167459.93;39839360.04;
5207808;2023;STN/SICONFI;57048330.81;55860104.73;4007678.89;46999752.85;
5207907;2023;STN/SICONFI;74065357.41;66784669.11;4789879.81;59553082.87;
5208004;2023;STN/SICONFI;430385811.37;427540234.52;87299697.58;310741836.86;
5208103;2023;STN/SICONFI;37504564.31;34950617.16;1883428.78;24074838.92;
5208152;2023;STN/SICONFI;38801793.53;37385248.33;1720660.4;32386338.14;
5208301;2023;STN/SICONFI;36819826.26;36454773.3;1816091.35;34093026.04;
5208400;2023;STN/SICONFI;67945733.59;64689758.82;7636104.24;55321981.19;
5208509;2023;STN/SICONFI;38425753.69;38054792.65;2016046.23;31198864.69;
5208608;2023;STN/SICONFI;329268076.2;315075639.92;55437814.71;224329588.29;
5208707;2023;STN/SICONFI;8149700839.88;8131438065.11;3143163947.29;3826555176.55;
5208806;2023;STN/SICONFI;258349098.76;249238772.6;35492218.43;182033776.47;
5208905;2023;STN/SICONFI;132549283.24;128437480.75;16944391.22;108970365.0;
5209101;2023;STN/SICONFI;327522356.14;297630835.61;47558693.42;154897177.94;
5209150;2023;STN/SICONFI;52902479.43;48325432.83;3813674.2;40804441.36;
5209200;2023;STN/SICONFI;84539587.53;80792467.53;10929347.83;61134764.18;
5209291;2023;STN/SICONFI;25656058.64;24599358.64;614695.75;23644715.31;
5209408;2023;STN/SICONFI;42121506.34;40693009.69;2357080.82;35702550.28;
5209457;2023;STN/SICONFI;20168059.26;19640605.71;458036.2;18680714.5;
5209606;2023;STN/SICONFI;31084822.74;31084822.74;970872.79;27626253.97;
5209705;2023;STN/SICONFI;172701033.19;157891902.71;31012157.85;112928988.44;
5209804;2023;STN/SICONFI;30991066.61;30057910.16;1900791.89;27183186.95;
5209903;2023;STN/SICONFI;67716768.47;67225805.31;4799125.67;54765184.59;
5209937;2023;STN/SICONFI;49754848.3;49013877.25;4215658.87;41032695.15;
5209952;2023;STN/SICONFI;99983752.42;96336424.35;9528580.47;79299434.56;
5210000;2023;STN/SICONFI;231769569.51;226702163.73;34324063.52;159638151.67;
5210109;2023;STN/SICONFI;203033767.04;200055236.28;26994586.29;155291164.69;
5210158;2023;STN/SICONFI;32552169.63;27722454.18;1568171.31;25292865.57;
5210208;2023;STN/SICONFI;175196695.83;168608209.83;22910211.42;120320609.39;
5210307;2023;STN/SICONFI;27681273.13;27166477.13;1232300.59;24783955.4;
5210406;2023;STN/SICONFI;237354311.01;234064529.3;26166042.54;182433793.7;
5210562;2023;STN/SICONFI;31397531.85;30822471.85;1603081.06;27147864.82;
5210604;2023;STN/SICONFI;36365854.12;35965854.12;2199038.92;29813909.26;
5210802;2023;STN/SICONFI;44930376.35;42598397.2;2961332.84;37762976.64;
5210901;2023;STN/SICONFI;94852243.4;92635277.4;10762756.21;80974880.42;
5211008;2023;STN/SICONFI;51011374.48;46214774.48;3978199.64;40282292.68;
5211206;2023;STN/SICONFI;124508421.94;124508421.94;14117729.04;87571585.11;
5211305;2023;STN/SICONFI;56463766.48;55692525.43;4957645.31;44919424.69;
5211404;2023;STN/SICONFI;64038962.94;62542512.26;4069515.48;54359837.9;
5211503;2023;STN/SICONFI;641754935.92;599110186.03;118279034.61;391550786.7;
5211602;2023;STN/SICONFI;36601888.8;35116501.0;2706923.27;29472496.31;
5211701;2023;STN/SICONFI;55488177.53;51427219.77;6324551.97;42539276.6;
5211800;2023;STN/SICONFI;180557398.33;169242655.02;24058697.22;132166988.68;
5211909;2023;STN/SICONFI;694278510.91;639943977.6;144853377.23;440067592.2;
5212006;2023;STN/SICONFI;26003609.9;25453609.9;1092658.29;23842448.76;
5212055;2023;STN/SICONFI;30820566.45;27754775.4;1037315.63;23318990.4;
5212105;2023;STN/SICONFI;58047492.96;56728800.63;5504938.31;43268298.21;
5212204;2023;STN/SICONFI;141758222.41;139486625.88;24797723.49;89608790.01;
5212253;2023;STN/SICONFI;28492801.04;25865672.82;1873134.97;23646017.88;
5212303;2023;STN/SICONFI;52577570.88;48027084.01;3854942.47;40663337.93;
5212501;2023;STN/SICONFI;743318398.98;734797652.84;112803055.6;567364477.51;
5212600;2023;STN/SICONFI;30366466.47;28466466.47;1665050.27;26005726.14;
5212709;2023;STN/SICONFI;44800702.93;44800702.93;2897973.41;34885721.97;
5212808;2023;STN/SICONFI;71281434.24;70890434.24;30251769.91;38389496.25;
5212907;2023;STN/SICONFI;33369579.01;29388671.81;1085842.93;27783969.2;
5212956;2023;STN/SICONFI;39061878.64;35945530.72;2524584.27;32144937.95;
5213004;2023;STN/SICONFI;63801632.69;62360748.94;3648303.71;50237098.08;
5213053;2023;STN/SICONFI;23166105.43;23024105.43;1933517.9;20069587.06;
5213087;2023;STN/SICONFI;207181562.48;204649270.28;43573769.11;141885868.25;
5213103;2023;STN/SICONFI;623126880.68;563999469.52;85023175.91;279192263.58;
5213400;2023;STN/SICONFI;24735247.93;23719316.02;728446.94;22653209.49;
5213509;2023;STN/SICONFI;34328928.44;34268928.44;2342428.43;30796956.04;
5213707;2023;STN/SICONFI;71040588.83;69789390.28;13053537.36;52868354.34;
5213756;2023;STN/SICONFI;123103869.29;121998377.79;16323265.62;98141960.32;
5213772;2023;STN/SICONFI;31259268.82;30673468.57;1350524.57;28643493.73;
5213806;2023;STN/SICONFI;252994912.77;245937439.0;41709488.58;185378526.98;
5213855;2023;STN/SICONFI;32253540.87;31052378.87;1108023.29;26203465.99;
5213905;2023;STN/SICONFI;49604060.82;48746363.26;3579611.18;39159274.31;
5214002;2023;STN/SICONFI;89261889.85;88814600.93;6941344.42;79268616.63;
5214051;2023;STN/SICONFI;43912019.2;42619144.02;3442149.18;38491812.24;
5214101;2023;STN/SICONFI;31113048.31;30474770.33;2244693.2;26649685.23;
5214408;2023;STN/SICONFI;51501742.23;49645933.55;2726099.22;44684199.71;
5214507;2023;STN/SICONFI;226284728.55;223533565.58;33495985.22;159954579.85;
5214606;2023;STN/SICONFI;210561735.77;206503725.08;24071292.58;175475756.94;
5214705;2023;STN/SICONFI;31742725.22;29128597.02;805687.47;27690094.65;
5214804;2023;STN/SICONFI;27595648.33;26514415.0;954870.08;24394187.75;
5214838;2023;STN/SICONFI;100281167.85;97851670.5;19024532.52;67743510.01;
5214861;2023;STN/SICONFI;34330744.36;33099843.36;2205100.43;30346979.56;
5214879;2023;STN/SICONFI;26406016.06;25786033.96;1654174.94;23954622.78;
5214903;2023;STN/SICONFI;29685720.8;29685720.8;1936188.92;21484063.4;
5215009;2023;STN/SICONFI;54289851.55;51411860.45;6017176.83;42264692.12;
5215207;2023;STN/SICONFI;32493544.33;31230188.33;1605573.99;27884557.59;
5215231;2023;STN/SICONFI;296189969.58;293133495.11;27418973.85;218417563.73;
5215256;2023;STN/SICONFI;38891936.33;38187576.41;3898916.91;30625330.4;
5215306;2023;STN/SICONFI;92422168.97;90205860.14;7547719.57;73366325.89;
5215405;2023;STN/SICONFI;39650120.52;35562094.8;1958522.16;28305683.58;
5215504;2023;STN/SICONFI;104992626.98;104392626.98;16563114.67;77988385.13;
5215603;2023;STN/SICONFI;150816566.24;145564322.48;13818473.49;118376895.49;
5215652;2023;STN/SICONFI;34385702.81;33266890.44;2844526.41;29992823.94;
5215702;2023;STN/SICONFI;178945162.33;176766316.72;23046848.87;134132010.37;
5215801;2023;STN/SICONFI;30665107.39;26958501.39;914247.28;25339014.14;
5215900;2023;STN/SICONFI;36380287.81;35810970.41;2333177.28;30310927.87;
5216007;2023;STN/SICONFI;31669626.36;31169626.36;3015742.38;27379866.75;
5216304;2023;STN/SICONFI;55650529.59;55256209.42;3912941.6;48502389.21;
5216403;2023;STN/SICONFI;131246296.03;127060024.99;18181573.71;95378486.19;
5216452;2023;STN/SICONFI;60275775.74;57925409.11;5522933.97;50625304.94;
5216809;2023;STN/SICONFI;46093388.94;44085924.39;4909712.18;32402041.03;
5216908;2023;STN/SICONFI;39339390.04;34696432.99;1832059.62;30398295.45;
5217104;2023;STN/SICONFI;131355656.49;130743273.61;16678719.34;97023778.48;
5217203;2023;STN/SICONFI;70926061.97;70087311.97;5489846.27;55373640.63;
5217302;2023;STN/SICONFI;96679014.07;94314818.07;20838344.04;68271612.14;
5217401;2023;STN/SICONFI;156203126.04;154117243.79;17823033.69;116321461.15;
5217609;2023;STN/SICONFI;387041816.21;349838723.99;47314415.11;277975908.05;
5217708;2023;STN/SICONFI;96796093.98;91148453.87;13194943.75;75454437.25;
5218003;2023;STN/SICONFI;236543241.3;214589201.03;34866099.5;160069898.37;
5218052;2023;STN/SICONFI;48624906.65;46181991.57;4764898.74;37389374.08;
5218102;2023;STN/SICONFI;41852446.97;37378234.97;2680325.6;33586889.35;
5218300;2023;STN/SICONFI;155711408.28;147844997.09;21127951.75;111669453.16;
5218391;2023;STN/SICONFI;28868854.38;26582301.08;2406547.07;23356024.55;
5218508;2023;STN/SICONFI;287455339.92;284108954.12;51202592.19;216852717.15;
5218607;2023;STN/SICONFI;60723400.02;57812647.61;7110058.76;49236786.06;
5218706;2023;STN/SICONFI;29814778.59;29614778.59;1285448.32;27434728.1;
5218789;2023;STN/SICONFI;65231805.91;60649774.26;18550458.41;31757300.6;
5218805;2023;STN/SICONFI;1893570127.89;1886881747.39;366979171.72;987561979.97;
5218904;2023;STN/SICONFI;111397003.4;106929358.28;10241138.4;88638759.41;
5219001;2023;STN/SICONFI;47382422.54;43920423.98;6019090.58;32872087.95;
5219100;2023;STN/SICONFI;41645520.49;40417923.86;2980028.74;32565901.11;
5219209;2023;STN/SICONFI;37370537.46;35906687.46;2174967.59;30299652.04;
5219258;2023;STN/SICONFI;43020073.75;41334570.92;7435964.14;30439819.59;
5219308;2023;STN/SICONFI;222950071.87;215125595.05;28302455.54;155819923.91;
5219357;2023;STN/SICONFI;33369759.18;32452717.22;2113497.28;28105850.54;
5219407;2023;STN/SICONFI;42012792.06;35458047.29;2236210.57;32082411.5;
5219456;2023;STN/SICONFI;29292647.19;28550419.19;2727510.56;25589790.12;
5219506;2023;STN/SICONFI;30639539.44;29664765.64;1138837.73;25785348.12;
5219605;2023;STN/SICONFI;33174996.04;31884396.04;2603537.24;28561366.2;
5219704;2023;STN/SICONFI;62920613.28;59884995.26;7793223.56;48359980.51;
5219712;2023;STN/SICONFI;53518342.93;48820441.82;4763823.73;37877405.89;
5219738;2023;STN/SICONFI;52077034.19;42931459.91;8356102.05;30774732.79;
5219753;2023;STN/SICONFI;223060328.79;219541515.74;28363249.71;168570051.83;
5219803;2023;STN/SICONFI;58595564.87;56081304.96;4537985.07;46028914.46;
5219902;2023;STN/SICONFI;44308214.37;39422995.37;3693373.49;34459950.21;
5220009;2023;STN/SICONFI;90164141.25;85048507.1;5162592.15;66691945.05;
5220058;2023;STN/SICONFI;22758738.79;20962112.08;1248692.11;19463559.98;
5220108;2023;STN/SICONFI;188088432.21;188088432.21;27319490.05;142657285.42;
5220157;2023;STN/SICONFI;40792741.85;40188441.85;4941903.85;32616959.44;
5220207;2023;STN/SICONFI;129391484.32;126836834.71;20211048.64;95234870.67;
5220264;2023;STN/SICONFI;41746035.79;40371268.74;2007810.88;32833999.12;
5220280;2023;STN/SICONFI;33197321.56;31909448.41;751187.54;27507417.23;
5220405;2023;STN/SICONFI;147771202.68;147482290.68;15717706.03;124109542.64;
5220454;2023;STN/SICONFI;998240831.92;960584972.87;158729619.02;597936108.85;
5220504;2023;STN/SICONFI;81533230.84;80689914.06;9325397.61;59555203.83;
5220603;2023;STN/SICONFI;125435875.33;124049992.79;22993148.13;91243201.46;
5220686;2023;STN/SICONFI;39543786.25;38648586.25;2209027.21;30665510.47;
5220702;2023;STN/SICONFI;33051034.4;32901034.4;1394475.34;28118327.19;
5221007;2023;STN/SICONFI;31503860.19;30821369.19;1829649.05;25151409.45;
5221080;2023;STN/SICONFI;30000862.09;28554353.27;847039.62;27358377.18;
5221197;2023;STN/SICONFI;43348472.07;41002509.47;4848663.03;34623783.22;
5221304;2023;STN/SICONFI;36256737.08;36056737.08;1516767.13;30980961.65;
5221403;2023;STN/SICONFI;;;;;
5221452;2023;STN/SICONFI;35297028.71;31437599.21;2367923.42;28110961.83;
5221502;2023;STN/SICONFI;34476691.16;34476691.16;1916479.26;31879147.56;
5221551;2023;STN/SICONFI;60828917.06;57718954.81;3076026.53;48636396.0;
5221577;2023;STN/SICONFI;33836466.02;32766448.63;2760303.0;26528967.87;
5221601;2023;STN/SICONFI;200839136.31;193975288.28;31819456.1;132873111.5;
5221700;2023;STN/SICONFI;88131378.57;78252549.17;4894741.84;65741102.33;
5221809;2023;STN/SICONFI;28927176.36;27503626.68;1982531.74;21497351.26;
5221858;2023;STN/SICONFI;680814471.98;678327426.33;104523449.56;466400672.96;
5221908;2023;STN/SICONFI;32094382.75;31282273.99;2144875.74;27325576.63;
5222005;2023;STN/SICONFI;89529358.14;87626259.14;11516714.74;69447129.47;
5222054;2023;STN/SICONFI;76275976.24;73852822.35;7859658.38;53737045.51;
5222203;2023;STN/SICONFI;39782351.77;39702351.77;2657680.58;32725314.45;
5222302;2023;STN/SICONFI;55029562.19;53373235.6;5035645.5;46405868.83;
5300108;2023;STN/SICONFI;;;;;
