cod_tse_municipio;nome_municipio_tse;sigla_uf;mandato;nome_gestor;nome_urna;partido;situacao;fonte
57991;ÁGUIA BRANCA;ES;2025-2028;JAILSON JOSE QUIUQUI;JAILSON QUIUQUI;PP;ELEITO;TSE (dados abertos)
56316;CONCEIÇÃO DA BARRA;ES;2025-2028;JOSE ERIVAN TAVARES DE MORAES;ERIVAN TAVARES;PSB;ELEITO;TSE (dados abertos)
56332;CONCEIÇÃO DO CASTELO;ES;2025-2028;VALBER DE VARGAS FERREIRA;VALBER VARGAS VALBINHO;PSB;ELEITO;TSE (dados abertos)
56790;PANCAS;ES;2025-2028;AGMAIR ARAUJO NASCIMENTO;GUIMA;PP;ELEITO;TSE (dados abertos)
56596;IÚNA;ES;2025-2028;ROMÁRIO BATISTA VIEIRA;ROMÁRIO;PODE;ELEITO;TSE (dados abertos)
56138;ATÍLIO VIVÁCQUA;ES;2025-2028;HELIO HUMBERTO LIMA FILHO;HELINHO LIMA;PSB;ELEITO;TSE (dados abertos)
56120;MARATAÍZES;ES;2025-2028;ANTONIO BITENCOURT;TONINHO BITENCOURT;PODE;ELEITO;TSE (dados abertos)
56510;ICONHA;ES;2025-2028;GEDSON BRANDAO PAULINO;GEDSON BRANDAO PAULINO;REPUBLICANOS;ELEITO;TSE (dados abertos)
56650;MANTENÓPOLIS;ES;2025-2028;LUCIO MARQUES DE MORAIS;DOUTOR LUCIO;PSDB;ELEITO;TSE (dados abertos)
56936;SÃO GABRIEL DA PALHA;ES;2025-2028;TIAGO ROCHA;TIAGO ROCHA;PL;ELEITO;TSE (dados abertos)
57096;IBATIBA;ES;2025-2028;LUIS CARLOS PANCOTI;DR LUIS PANCOTI;PL;ELEITO;TSE (dados abertos)
56634;LINHARES;ES;2025-2028;LUCAS SCARAMUSSA;LUCAS SCARAMUSSA;PODE;ELEITO;TSE (dados abertos)
56057;ALFREDO CHAVES;ES;2025-2028;HUGO LUIZ PICOLI MENEGHEL;HUGO LUIZ;PP;ELEITO;TSE (dados abertos)
56952;SÃO JOSÉ DO CALÇADO;ES;2025-2028;ANTÔNIO COIMBRA DE ALMEIDA;CUÍCA;PSB;ELEITO;TSE (dados abertos)
57010;VIANA;ES;2025-2028;WANDERSON BORGHARDT BUENO;WANDERSON BUENO;PODE;ELEITO;TSE (dados abertos)
56359;DIVINO DE SÃO LOURENÇO;ES;2025-2028;LUCIANO FARIA QUEIROZ;DUDU QUEIRÓZ;PSB;ELEITO;TSE (dados abertos)
56278;CASTELO;ES;2025-2028;JOÃO PAULO SILVA NALI;JOÃO PAULO NALI;REPUBLICANOS;ELEITO;TSE (dados abertos)
56979;SÃO MATEUS;ES;2025-2028;MARCUS AZEVEDO BATISTA;MARCUS DA COZIVIP;PODE;ELEITO;TSE (dados abertos)
56375;DOMINGOS MARTINS;ES;2025-2028;EDUARDO JOSE RAMOS;EDU DO RESTAURANTE;PL;ELEITO;TSE (dados abertos)
56855;PRESIDENTE KENNEDY;ES;2025-2028;DORLEI FONTAO DA CRUZ;DORLEI FONTÃO;PSB;ELEITO;TSE (dados abertos)
56812;PINHEIROS;ES;2025-2028;EDILSON MORAIS MONTEIRO;EDILSON MONTEIRO;PSB;ELEITO;TSE (dados abertos)
56219;BOM JESUS DO NORTE;ES;2025-2028;ANTONIO GUALHANO AZEVEDO;TONINHO GUALHANO;PSB;ELEITO;TSE (dados abertos)
56456;GUAÇUÍ;ES;2025-2028;VAGNER RODRIGUES PEREIRA;VAGNER RODRIGUES;PP;ELEITO;TSE (dados abertos)
56391;DORES DO RIO PRETO;ES;2025-2028;THIAGO LOPES PESSOTTI;THIAGUINHO;PP;ELEITO;TSE (dados abertos)
56871;RIO NOVO DO SUL;ES;2025-2028;JOCENEI MARCONCINI CASTELARI;NEI CASTELARI;PODE;ELEITO;TSE (dados abertos)
56065;ALTO RIO NOVO;ES;2025-2028;ALEXANDRO DE MELO VALIM;ALEXANDRO DA PADARIA;PSD;ELEITO;TSE (dados abertos)
56014;AFONSO CLÁUDIO;ES;2025-2028;LUCIANO RONCETTI PIMENTA;LUCIANO PIMENTA;PP;ELEITO;TSE (dados abertos)
56553;ITAPEMIRIM;ES;2025-2028;GENESIS ALVES BECHARA;GENINHO;PDT;ELEITO;TSE (dados abertos)
56162;SÃO ROQUE DO CANAÃ;ES;2025-2028;MARCOS GERALDO GUERRA;MARCOS GUERRA;PSDB;ELEITO;TSE (dados abertos)
57959;VARGEM ALTA;ES;2025-2028;ELIESER RABELLO;ELIESER ;MDB;ELEITO;TSE (dados abertos)
57150;PEDRO CANÁRIO;ES;2025-2028;KLEILSON MARTINS REZENDE;KLEILSON REZENDE;PSB;ELEITO;TSE (dados abertos)
56570;ITARANA;ES;2025-2028;VANDER PATRICIO;VANDER ENFERMEIRO;PSB;ELEITO;TSE (dados abertos)
56111;ARACRUZ;ES;2025-2028;LUIZ CARLOS COUTINHO;DR COUTINHO;PP;ELEITO;TSE (dados abertos)
56030;ALEGRE;ES;2025-2028;NEMROD EMERICK;NIRRÔ;PP;ELEITO;TSE (dados abertos)
56154;BAIXO GUANDU;ES;2025-2028;LASTENIO LUIZ CARDOSO;LASTENIO CARDOSO;MDB;ELEITO;TSE (dados abertos)
56235;CACHOEIRO DE ITAPEMIRIM;ES;2025-2028;THEODORICO DE ASSIS FERRAÇO;FERRAÇO;PP;ELEITO;TSE (dados abertos)
56430;FUNDÃO;ES;2025-2028;ELEAZAR FERREIRA LOPES;ELEAZAR LOPES;PODE;ELEITO;TSE (dados abertos)
57932;SANTA MARIA DE JETIBÁ;ES;2025-2028;RONAN ZOCOLOTO SOUZA DUTRA;RONAN FISIOTERAPEUTA;PL;ELEITO;TSE (dados abertos)
56049;IRUPI;ES;2025-2028;PAULINO LOURENÇO DA SILVA;PAULINO LOURENÇO;MDB;ELEITO;TSE (dados abertos)
56910;SANTA TERESA;ES;2025-2028;KLEBER MEDICI DA COSTA;KLEBER MEDICI;PSDB;ELEITO;TSE (dados abertos)
56251;CARIACICA;ES;2025-2028;EUCLERIO DE AZEVEDO SAMPAIO JÚNIOR;EUCLERIO SAMPAIO;MDB;ELEITO;TSE (dados abertos)
57053;VITÓRIA;ES;2025-2028;LORENZO SILVA DE PAZOLINI;LORENZO PAZOLINI;REPUBLICANOS;ELEITO;TSE (dados abertos)
56081;VILA PAVÃO;ES;2025-2028;JOÃO TRANCOSO;JOÃO TRANCOSO;PSB;ELEITO;TSE (dados abertos)
56413;ECOPORANGA;ES;2025-2028;JOSÉ LUIZ MENDES;ZÉ LUIZ MENDES;PSB;ELEITO;TSE (dados abertos)
57916;LARANJA DA TERRA;ES;2025-2028;JOADIR LOURENÇO MARQUES;JOADIR LOURENÇO;PSDB;ELEITO;TSE (dados abertos)
56170;BARRA DE SÃO FRANCISCO;ES;2025-2028;ENIVALDO EUZÉBIO DOS ANJOS;ENIVALDO DOS ANJOS;PSB;ELEITO;TSE (dados abertos)
56308;GOVERNADOR LINDENBERG;ES;2025-2028;LEONARDO PRANDO FINCO;LEONARDO FINCO;PP;ELEITO;TSE (dados abertos)
56774;NOVA VENÉCIA;ES;2025-2028;MÁRIO SERGIO LUBIANA;LUBIANA BARRIGUEIRA;PSB;ELEITO;TSE (dados abertos)
56090;APIACÁ;ES;2025-2028;MARCIO JOSE DE MELO CHIERICI;MARCIO KERES;PSB;ELEITO;TSE (dados abertos)
56197;BOA ESPERANÇA;ES;2025-2028;CLAUDIO RODRIGUES DA SILVA;CLAUDIO BOA FRUTA;PRD;ELEITO;TSE (dados abertos)
56294;COLATINA;ES;2025-2028;RENZO DE VASCONCELOS;RENZO VASCONCELOS;PSD;ELEITO;TSE (dados abertos)
56677;MIMOSO DO SUL;ES;2025-2028;PETER NOGUEIRA DA COSTA;PETER COSTA;REPUBLICANOS;ELEITO;TSE (dados abertos)
56693;MONTANHA;ES;2025-2028;IRACY CARVALHO MACHADO BALTAR FILHA;IRACY BALTAR;PODE;ELEITO;TSE (dados abertos)
56626;JOÃO NEIVA;ES;2025-2028;PAULO SÉRGIO DE NARDI;PAULO SERGIO - MICULA;REPUBLICANOS;ELEITO;TSE (dados abertos)
57070;MARILÂNDIA;ES;2025-2028;AUGUSTO ASTORI FERREIRA;GUTIM;PSB;ELEITO;TSE (dados abertos)
56537;ITAGUAÇU;ES;2025-2028;DARLY DETTMANN;DARLY DETTMANN;PSB;ELEITO;TSE (dados abertos)
56839;PIÚMA;ES;2025-2028;PAULO CELSO COLA PEREIRA;PAULO COLA;CIDADANIA;ELEITO;TSE (dados abertos)
56189;SOORETAMA;ES;2025-2028;FERNANDO CAMILETTI;FERNANDO CAMILETTI;REPUBLICANOS;ELEITO;TSE (dados abertos)
56200;PONTO BELO;ES;2025-2028;MARCOS COUTINHO SANT AGUIDA DO NASCIMENTO;MARCOS COUTINHO;MDB;ELEITO;TSE (dados abertos)
56995;SERRA;ES;2025-2028;WEVERSON VALCKER MEIRELES;WEVERSON MEIRELES;PDT;ELEITO;TSE (dados abertos)
56073;ANCHIETA;ES;2025-2028;LEONARDO ANTÔNIO ABRANTES;LÉO PORTUGUÊS;PSB;ELEITO;TSE (dados abertos)
56731;MUNIZ FREIRE;ES;2025-2028;GESI ANTÔNIO DA SILVA JÚNIOR;DITO SILVA;PSB;ELEITO;TSE (dados abertos)
56006;SÃO DOMINGOS DO NORTE;ES;2025-2028;ANA IZABEL MALACARNE DE OLIVEIRA;ANA MALACARNE;MDB;ELEITO;TSE (dados abertos)
56715;MUCURICI;ES;2025-2028;ADILSON GONÇALVES FERREIRA;DICA;PSB;ELEITO;TSE (dados abertos)
56898;SANTA LEOPOLDINA;ES;2025-2028;FERNANDO CASTRO ROCHA;FERNANDO ROCHA;PDT;ELEITO;TSE (dados abertos)
56227;VILA VALÉRIO;ES;2025-2028;DAVID MOZDZEN PIRES RAMOS;DAVI RAMOS;PP;ELEITO;TSE (dados abertos)
57037;VILA VELHA;ES;2025-2028;ARNALDO BORGO FILHO;ARNALDINHO BORGO;PODE;ELEITO;TSE (dados abertos)
56758;MUQUI;ES;2025-2028;SERGIO LUIZ ANEQUIM;CAMARÃO;PL;ELEITO;TSE (dados abertos)
56499;IBIRAÇU;ES;2025-2028;EDUARDO MAROZZI ZANOTTI;DUDA ZANOTTI ;PODE;ELEITO;TSE (dados abertos)
56103;MARECHAL FLORIANO;ES;2025-2028;ANTONIO LIDINEY GOBBI;LIDINEY GOBBI;PP;ELEITO;TSE (dados abertos)
56472;GUARAPARI;ES;2025-2028;RODRIGO LEMOS BORGES;RODRIGO BORGES;REPUBLICANOS;ELEITO;TSE (dados abertos)
56618;JERÔNIMO MONTEIRO;ES;2025-2028;JOSE VALERIO BINOTI NETTO;ZE VALERIO;PSD;ELEITO;TSE (dados abertos)
56502;IBITIRAMA;ES;2025-2028;REGINALDO SIMÃO DE SOUZA;REGINALDO;PSB;ELEITO;TSE (dados abertos)
57118;RIO BANANAL;ES;2025-2028;BRUNO PELLA;BRUNO PELLA;PODE;ELEITO;TSE (dados abertos)
57975;VENDA NOVA DO IMIGRANTE;ES;2025-2028;DALTON PERIM;DALTON PERIM;REPUBLICANOS;ELEITO;TSE (dados abertos)
57134;JAGUARÉ;ES;2025-2028;MARCOS ANTONIO GUERRA WANDERMUREM;MARCOS GUERRA;UNIÃO;ELEITO;TSE (dados abertos)
56146;BREJETUBA;ES;2025-2028;LEVI MARQUES DE SOUZA;LEVI DA MERCEDINHA;PDT;ELEITO;TSE (dados abertos)
56022;ÁGUA DOCE DO NORTE;ES;2025-2028;ABRAAO LINCON ELIZEU;ABRAÃO LINCON;PSB;ELEITO;TSE (dados abertos)
32492;TOMAR DO GERU;SE;2025-2028;JADSON DE JESUS;JAL CONSTRUÇÕES;PSD;ELEITO;TSE (dados abertos)
32212;ROSÁRIO DO CATETE;SE;2025-2028;ANTONIO CÉSAR CORREIA DINIZ DE RESENDE;CÉSAR RESENDE;UNIÃO;ELEITO;TSE (dados abertos)
32450;TELHA;SE;2025-2028;LUCAS FREIRE VASCO;LUCAS DE FLÁVIO;PSD;ELEITO;TSE (dados abertos)
32336;SÃO CRISTÓVÃO;SE;2025-2028;JÚLIO NASCIMENTO JÚNIOR;JÚLIO DE MARCOS SANTANA;UNIÃO;ELEITO;TSE (dados abertos)
31518;GRACCHO CARDOSO;SE;2025-2028;JOSÉ NICARCIO DE ARAGÃO;CASSINHO;UNIÃO;ELEITO;TSE (dados abertos)
32034;PINHÃO;SE;2025-2028;CHARLES WAGNER NUNES OLIVEIRA;DR CHARLES;PL;ELEITO;TSE (dados abertos)
31453;FREI PAULO;SE;2025-2028;DOUGLAS RAFAEL SANTOS DA COSTA;RAFAEL DA VIDRAÇARIA;PSD;ELEITO;TSE (dados abertos)
31852;MURIBECA;SE;2025-2028;MÁRIO CESAR DA SILVA CONSERVA;MÁRIO DE SANDRA;PSD;ELEITO;TSE (dados abertos)
31895;NOSSA SENHORA DA GLÓRIA;SE;2025-2028;LUANA MICHELE DE OLIVEIRA SILVA CACHO;LUANA OLIVEIRA;PSD;ELEITO;TSE (dados abertos)
32255;SANTA LUZIA DO ITANHY;SE;2025-2028;ADAUTO DANTAS DO AMOR CARDOSO;ADAUTO AMOR;PSD;ELEITO;TSE (dados abertos)
32190;RIBEIRÓPOLIS;SE;2025-2028;ROGÉRIO SOBRAL COSTA;ROGÉRIO SOBRAL;PSB;ELEITO;TSE (dados abertos)
32077;POÇO REDONDO;SE;2025-2028;JOSIVALDO DE SOUZA;VADO GAVIÃO;UNIÃO;ELEITO;TSE (dados abertos)
31291;CARMÓPOLIS;SE;2025-2028;WELBER ANDRADE LEITE;EDI LEITE;PL;ELEITO;TSE (dados abertos)
31330;CRISTINÁPOLIS;SE;2025-2028;SANDRO DE JESUS DOS SANTOS;SANDRO DE JESUS;PT;ELEITO;TSE (dados abertos)
32018;PEDRINHAS;SE;2025-2028;FRANCECLEIDE LIMA SANTOS SOUZA;FRANCE DE DOMINGOS;PSD;ELEITO;TSE (dados abertos)
31135;BREJO GRANDE;SE;2025-2028;LUIZ CARLOS FERREIRA;LUIZ CARLOS;PSD;ELEITO;TSE (dados abertos)
31550;INDIAROBA;SE;2025-2028;MARCOS HENRIQUE RAMOS DE LIMA;MARCOS SERTANEJO;PSD;ELEITO;TSE (dados abertos)
32352;SÃO DOMINGOS;SE;2025-2028;JOSÉ VAGNER ALVES DE OLIVEIRA;BINHO;UNIÃO;ELEITO;TSE (dados abertos)
32050;PIRAMBU;SE;2025-2028;GUILHERME JULLIUS ZACARIAS DE MELO;GUILHERME;UNIÃO;ELEITO;TSE (dados abertos)
31771;MALHADOR;SE;2025-2028;FRANCISCO DE ASSIS ARAUJO JUNIOR;ASSISINHO;PSD;ELEITO;TSE (dados abertos)
31038;AQUIDABÃ;SE;2025-2028;ANA HELENA CARVALHO FONTES;ANA HELENA DE DR MÁRIO;UNIÃO;ELEITO;TSE (dados abertos)
31879;NEÓPOLIS;SE;2025-2028;ALLYSSON TOJAL SERRA DANTAS;ALLYSSON DE AMINTAS;PSD;ELEITO;TSE (dados abertos)
32239;SALGADO;SE;2025-2028;GIVANILDO DE SOUZA COSTA;GIVANILDO COSTA;PT;ELEITO;TSE (dados abertos)
31534;ILHA DAS FLORES;SE;2025-2028;ROBSON MARTINS DE LIMA;ROBSON MARTINS;UNIÃO;ELEITO;TSE (dados abertos)
32379;SÃO FRANCISCO;SE;2025-2028;EDUARDO BARBOSA GUIMARÃES;DUDU;UNIÃO;ELEITO;TSE (dados abertos)
31070;ARAUÁ;SE;2025-2028;FABIO MANOEL ANDRADE COSTA;DR FABIO;PT;ELEITO;TSE (dados abertos)
31810;MOITA BONITA;SE;2025-2028;VAGNER COSTA DA CUNHA;DR VAGNER;PP;ELEITO;TSE (dados abertos)
31631;ITAPORANGA D'AJUDA;SE;2025-2028;IVAN APOSTOLO SOBRAL;IVAN SOBRAL;UNIÃO;ELEITO;TSE (dados abertos)
31755;MALHADA DOS BOIS;SE;2025-2028;JOSÉ FÁBIO NUNES LIMA;FABIO DE DONA ROSA;PP;ELEITO;TSE (dados abertos)
31615;ITABI;SE;2025-2028;GABRIELLA DE SÁ SOUZA BATALHA;GABI DE LICA;PP;ELEITO;TSE (dados abertos)
31275;CARIRA;SE;2025-2028;DIOGO MENEZES MACHADO;DIOGO MACHADO;PSD;ELEITO;TSE (dados abertos)
32476;TOBIAS BARRETO;SE;2025-2028;ADILSON DE JESUS SANTOS;DILSON DE AGRIPINO;PSD;ELEITO;TSE (dados abertos)
31259;CAPELA;SE;2025-2028;CARLOS MILTON MENDONCA TOURINHO JUNIOR;JUNIOR DE DR CARLOS MILTON;MDB;ELEITO;TSE (dados abertos)
31232;CANINDÉ DE SÃO FRANCISCO;SE;2025-2028;JOSE MACHADO FEITOSA NETO;MACHADINHO;UNIÃO;ELEITO;TSE (dados abertos)
31690;LAGARTO;SE;2025-2028;ARTUR SÉRGIO DE ALMEIDA REIS;SÉRGIO;PSD;ELEITO;TSE (dados abertos)
31933;NOSSA SENHORA DE LOURDES;SE;2025-2028;SAULO MAKERRAN ARAÚJO LOUREIRO;DR SAULO GALEGUINHO;PT;ELEITO;TSE (dados abertos)
31992;PEDRA MOLE;SE;2025-2028;JOSE AUGUSTO DE ANDRADE;ZÉ AUGUSTO DE ZÉ DE LOLÓ;PSD;ELEITO;TSE (dados abertos)
31097;AREIA BRANCA;SE;2025-2028;TALYSSON BARBOSA COSTA;TALYSSON DE VALMIR;PL;ELEITO;TSE (dados abertos)
32395;SÃO MIGUEL DO ALEIXO;SE;2025-2028;CLEANE DOS SANTOS NUNES;CLEANE DE EVERTON;UNIÃO;ELEITO;TSE (dados abertos)
31917;NOSSA SENHORA DAS DORES;SE;2025-2028;IANNA MARIA PORTO MELO DE OLIVEIRA;IANNA DE DR THIAGO;PSD;ELEITO;TSE (dados abertos)
32433;SIRIRI;SE;2025-2028;DAIANE SANTOS DE OLIVEIRA;DAIANE OLIVEIRA;PODE;ELEITO;TSE (dados abertos)
31194;CAMPO DO BRITO;SE;2025-2028;MANOEL MEDICI DE SOUSA;MEDICI DE MAIM;PP;ELEITO;TSE (dados abertos)
31739;MACAMBIRA;SE;2025-2028;JOSE CARIVALDO DE SOUZA;CARIVALDO SOUZA;UNIÃO;ELEITO;TSE (dados abertos)
31216;CANHOBA;SE;2025-2028;CHRYSTOPHE FERREIRA DIVINO;CHRYSTOPHE DIVINO;UNIÃO;ELEITO;TSE (dados abertos)
31798;MARUIM;SE;2025-2028;GILBERTO MAYNART DE OLIVEIRA;GILBERTO MAYNART;PT;ELEITO;TSE (dados abertos)
32298;SANTA ROSA DE LIMA;SE;2025-2028;JANILSON ALVES DOS ANJOS;JANILSON ALVES;UNIÃO;ELEITO;TSE (dados abertos)
32115;PORTO DA FOLHA;SE;2025-2028;EVERTON LIMA GOIS;EVERTON DA SAUDE;UNIÃO;ELEITO;TSE (dados abertos)
31399;DIVINA PASTORA;SE;2025-2028;IZABEL CRISTINA  GOMES RODRIGUES VIEIRA;IZABEL DE NOLLET;UNIÃO;ELEITO;TSE (dados abertos)
32131;PROPRIÁ;SE;2025-2028;JOSE LUCIANO NASCIMENTO LIMA;LUCIANO DE MENININHA;PP;ELEITO;TSE (dados abertos)
32093;POÇO VERDE;SE;2025-2028;ROBERTO CORREIA SANTANA;ROBERTO BARRACÃO;UNIÃO;ELEITO;TSE (dados abertos)
31470;GENERAL MAYNARD;SE;2025-2028;MARCONES MELO DE SOUZA SANTOS;MARCONES MELO;PSD;ELEITO;TSE (dados abertos)
31593;ITABAIANINHA;SE;2025-2028;ERALDO MOREIRA DOS SANTOS;ERALDO DO FRIGORÍFICO;UNIÃO;ELEITO;TSE (dados abertos)
32514;UMBAÚBA;SE;2025-2028;JULIANA CARDOSO GOMES;JULIANA CARDOSO;REPUBLICANOS;ELEITO;TSE (dados abertos)
32417;SIMÃO DIAS;SE;2025-2028;CRISTIANO VIANA MENESES;CRISTIANO VIANA MENESES;PT;ELEITO;TSE (dados abertos)
31674;JAPOATÃ;SE;2025-2028;CLAUDIO DINISIO NASCIMENTO;CARECA DA SAMAM;PDT;ELEITO;TSE (dados abertos)
31836;MONTE ALEGRE DE SERGIPE;SE;2025-2028;EVANDRO SILVA PEREIRA COSTA;EVANDRO SILVA;PSD;ELEITO;TSE (dados abertos)
31496;GARARU;SE;2025-2028;GILZETE DIONIZA DE MATOS;ZETE DE JANJÃO;PSD;ELEITO;TSE (dados abertos)
32158;RIACHÃO DO DANTAS;SE;2025-2028;LUCIVALDO DO CARMO DANTAS;GALEGO;PSD;ELEITO;TSE (dados abertos)
31356;NOSSA SENHORA APARECIDA;SE;2025-2028;JEANE DE JESUS BARRETO;JEANE DA FARMÁCIA;PL;ELEITO;TSE (dados abertos)
32310;SANTO AMARO DAS BROTAS;SE;2025-2028;PAULO CÉSAR OLIVEIRA SOUZA;PAULO CÉSAR;UNIÃO;ELEITO;TSE (dados abertos)
31151;BOQUIM;SE;2025-2028;JACKSON COSTA SANTOS;JACKSON DO MANGUE GRANDE;PSD;ELEITO;TSE (dados abertos)
32174;RIACHUELO;SE;2025-2028;PETERSON DANTAS ARAUJO;PETINHO DE JOAO GRANDE;MDB;ELEITO;TSE (dados abertos)
31003;SANTANA DO SÃO FRANCISCO;SE;2025-2028;RICARDO JOSÉ RORIZ SILVA CRUZ;RICARDO RORIZ;PSD;ELEITO;TSE (dados abertos)
31437;FEIRA NOVA;SE;2025-2028;JEAN SIMON SANTOS ARCIERI;JEAN DE GERINO;PSD;ELEITO;TSE (dados abertos)
31054;ARACAJU;SE;2025-2028;EMÍLIA CORRÊA SANTOS BEZERRA;EMILIA CORREA;PL;ELEITO;TSE (dados abertos)
31658;JAPARATUBA;SE;2025-2028;DECIO GARCEZ VIEIRA NETO;DECIO DE LARA;UNIÃO;ELEITO;TSE (dados abertos)
31577;ITABAIANA;SE;2025-2028;VALMIR DOS SANTOS COSTA;VALMIR DE FRANCISQUINHO;PL;ELEITO;TSE (dados abertos)
31712;LARANJEIRAS;SE;2025-2028;JOSE DE ARAUJO LEITE NETO;JUCA;MDB;ELEITO;TSE (dados abertos)
31011;AMPARO DE SÃO FRANCISCO;SE;2025-2028;MARCOS SANDES;MARCOS SANDES;REPUBLICANOS;ELEITO;TSE (dados abertos)
31372;CUMBE;SE;2025-2028;ERIVALDO BARROSO LIMA;ERI;UNIÃO;ELEITO;TSE (dados abertos)
31410;ESTÂNCIA;SE;2025-2028;ANDRÉ GRAÇA SANTOS;ANDRÉ GRAÇA;PSD;ELEITO;TSE (dados abertos)
31976;PACATUBA;SE;2025-2028;IARA MARIA FEITOSA DE LIMA MARTINS;IARA MARTINS;PSD;ELEITO;TSE (dados abertos)
15458;SANTA QUITÉRIA;CE;2025-2028;JOEL MADEIRA BARROSO;JOEL BARROSO;PSB;ELEITO;TSE (dados abertos)
14010;GUARACIABA DO NORTE;CE;2025-2028;JOSÉ CEFAS PONTES MELO;CEFAS MELO;PSD;ELEITO;TSE (dados abertos)
14850;NOVA OLINDA;CE;2025-2028;LEONARDO PEREIRA DE BRITO NEVES;LEO;PT;ELEITO;TSE (dados abertos)
14990;PACUJÁ;CE;2025-2028;PEDRO ALLAN DE SOUSA LEOPOLDINO;PEDRO ALLAN;PSB;ELEITO;TSE (dados abertos)
14060;IBARETAMA;CE;2025-2028;ELIRIA MARIA FREITAS DE QUEIROZ;ELIRIA QUEIROZ;PSD;ELEITO;TSE (dados abertos)
13307;OCARA;CE;2025-2028;LEONILDO PEIXOTO FARIAS;DR. LEONILDO;PSB;ELEITO;TSE (dados abertos)
15970;MILHÃ;CE;2025-2028;LUIZ ALAN PINHEIRO MACEDO;ALAN MACÊDO;PSB;ELEITO;TSE (dados abertos)
13510;CAMOCIM;CE;2025-2028;MARIA ELIZABETE MAGALHÃES;BETINHA;PSB;ELEITO;TSE (dados abertos)
15881;CROATÁ;CE;2025-2028;RONILSON FRANCISCO DE OLIVEIRA;RONILSON OLIVEIRA;PT;ELEITO;TSE (dados abertos)
14435;JARDIM;CE;2025-2028;ANTONIO FERNANDO COUTINHO;DR. ANTONIO COUTINHO;PT;ELEITO;TSE (dados abertos)
14257;ITAIÇABA;CE;2025-2028;ANTONIEL MAX SILVA HOLANDA;ANTONIEL HOLANDA;PT;ELEITO;TSE (dados abertos)
13994;GROAÍRAS;CE;2025-2028;VIRGINA SOUZA AGUIAR;VIRGINIA DO ANTONIO MARTINS;PDT;ELEITO;TSE (dados abertos)
14559;MARANGUAPE;CE;2025-2028;ATILA CORDEIRO CAMARA;ATILA CAMARA;PSB;ELEITO;TSE (dados abertos)
13773;CHAVAL;CE;2025-2028;CARLOS EMÍLIO MAGALHÃES GOMES;CARLIN GOMES;PSB;ELEITO;TSE (dados abertos)
13870;FARIAS BRITO;CE;2025-2028;FRANCISCO AUSTRAGÉZIO SALES;DEDA;PDT;ELEITO;TSE (dados abertos)
14036;GUARAMIRANGA;CE;2025-2028;YNARA FURTADO VASCONCELOS MOTA;YNARA MOTA;REPUBLICANOS;ELEITO;TSE (dados abertos)
14117;IGUATU;CE;2025-2028;CARLOS ROBERTO COSTA FILHO;ROBERTO FILHO;PSDB;ELEITO;TSE (dados abertos)
15989;DEPUTADO IRAPUAN PINHEIRO;CE;2025-2028;FRANCISCO GILDECARLOS PINHEIRO;GILDECARLOS PINHEIRO;PSB;ELEITO;TSE (dados abertos)
14575;MARCO;CE;2025-2028;FRANCISCO ROGERIO OSTERNO AGUIAR NETO;ROGERIO NETO;PSB;ELEITO;TSE (dados abertos)
13358;BAIXIO;CE;2025-2028;LUCIO ALVES BARROSO;LUCIO BARROSO;REPUBLICANOS;ELEITO;TSE (dados abertos)
13633;CARIRIAÇU;CE;2025-2028;LUIZ ACACIO MACHADO LEITE;ACACIO LEITE;PT;ELEITO;TSE (dados abertos)
14974;PACOTI;CE;2025-2028;MARCOS VENICIOS NORJOSA GONZAGA;DR MARCOS;PT;ELEITO;TSE (dados abertos)
13064;GRAÇA;CE;2025-2028;MARIA IRALDICE DE ALCANTARA;IRALDICE MÃO CHEIROSA;PP;ELEITO;TSE (dados abertos)
13390;BARRO;CE;2025-2028;HERICLES GEORGE FEITOSA ALBUQUERQUE;DR GEORGE;MDB;ELEITO;TSE (dados abertos)
13536;CAMPOS SALES;CE;2025-2028;MOESIO LOIOLA DE MELO;MOESIO LOIOLA;PSB;ELEITO;TSE (dados abertos)
15890;CRUZ;CE;2025-2028;JOSÉ WALDERY MUNIZ;DERY MUNIZ;PSB;ELEITO;TSE (dados abertos)
15440;SALITRE;CE;2025-2028;RONDILSON DE ALENCAR RIBEIRO;RONDILSON;PT;ELEITO;TSE (dados abertos)
15717;TRAIRI;CE;2025-2028;CARLOS GUSTAVO MONTEIRO MOREIRA;GUSTAVO MOREIRA;PP;ELEITO;TSE (dados abertos)
15598;SOBRAL;CE;2025-2028;OSCAR SPINDOLA RODRIGUES JUNIOR;OSCAR RODRIGUES;UNIÃO;ELEITO;TSE (dados abertos)
13072;AIUABA;CE;2025-2028;JOSE MORAES FEITOSA;NETO FEITOSA;PT;ELEITO;TSE (dados abertos)
14192;IPUEIRAS;CE;2025-2028;FRANCISCO SOUTO DE VASCONCELOS JÚNIOR;JÚNIOR DO TITICO;REPUBLICANOS;ELEITO;TSE (dados abertos)
13919;FRECHEIRINHA;CE;2025-2028;FRANCISCO MESQUITA PORTELA;GARGAMEL;PSD;ELEITO;TSE (dados abertos)
15636;TABULEIRO DO NORTE;CE;2025-2028;RENATA THAIS DUARTE VASCONCELOS;RENATA VASCONCELOS;PP;ELEITO;TSE (dados abertos)
13404;BARROQUINHA;CE;2025-2028;JAIME VERAS SILVA FILHO;JAIME VERAS;PSD;ELEITO;TSE (dados abertos)
13170;APUIARÉS;CE;2025-2028;ANARACY PINTO PINHO RUFINO;ANA RUFINO;PSB;ELEITO;TSE (dados abertos)
13161;CHOROZINHO;CE;2025-2028;CÉLIA MARINHO ALBANO;CÉLIA MARINHO ;REPUBLICANOS;ELEITO;TSE (dados abertos)
15130;PENAFORTE;CE;2025-2028;LUIS FERNANDES BEZERRA FILHO;LUIS DE CELESTINA;PSB;ELEITO;TSE (dados abertos)
13463;CHORÓ;CE;2025-2028;PAULO GEORGE DE SOUSA SARAIVA;PAULINHO;PSB;ELEITO;TSE (dados abertos)
13382;BANABUIÚ;CE;2025-2028;FRANCISCO MARCÍLIO COELHO BRITO;MARCILIO COELHO;PSB;ELEITO;TSE (dados abertos)
14494;JUCÁS;CE;2025-2028;JOSE EDSONRIVA SOUZA CUNHA;EDSONRIVA;PSB;ELEITO;TSE (dados abertos)
15032;PALMÁCIA;CE;2025-2028;MARCONDES SOUSA BARBOSA;MARCONDES;PT;ELEITO;TSE (dados abertos)
15350;RERIUTABA;CE;2025-2028;PEDRO HUMBERTO COELHO MARQUES;PEDRO HUMBERTO;PSB;ELEITO;TSE (dados abertos)
15539;SÃO LUÍS DO CURU;CE;2025-2028;TIAGO AGUIAR ABREU PORTELA BARROSO;TIAGO ABREU;PSB;ELEITO;TSE (dados abertos)
13110;ALTANEIRA;CE;2025-2028;ANA KESIA DE ALCANTARA SOARES;KESIA;PSB;ELEITO;TSE (dados abertos)
13838;CRATEÚS;CE;2025-2028;JANAINA CARLA FARIAS;JANAINA FARIAS;PT;ELEITO;TSE (dados abertos)
14818;MUCAMBO;CE;2025-2028;ELENILSON JOSE DA CONCEIÇÃO;ELENILSON QUEIJEIRO;PSB;ELEITO;TSE (dados abertos)
15792;URUOCA;CE;2025-2028;JAN KENNEDY PAIVA AQUINO;KENNEDY AQUINO;PT;ELEITO;TSE (dados abertos)
13013;ABAIARA;CE;2025-2028;ANGELO FURTADO SAMPAIO;ANGIM;PT;ELEITO;TSE (dados abertos)
15253;POTENGI;CE;2025-2028;SALVIANO LINARD DE ALENCAR;SALVIANO;PDT;ELEITO;TSE (dados abertos)
13951;GRANJA;CE;2025-2028;FRANCISCO ANIBAL OLIVEIRA DE ARRUDA COELHO FILHO;ANIBAL FILHO;PT;ELEITO;TSE (dados abertos)
13978;GRANJEIRO;CE;2025-2028;FRANCISCO CLEMENTINO DE ALMEIDA;CHICO CLEMENTINO;MDB;ELEITO;TSE (dados abertos)
13617;CARIRÉ;CE;2025-2028;ANTONIO RUFINO MARTINS;ANTONIO MARTINS;PDT;ELEITO;TSE (dados abertos)
15270;QUIXADÁ;CE;2025-2028;RICARDO JOSÉ ARAÚJO SILVEIRA;RICARDO SILVEIRA;PSD;ELEITO;TSE (dados abertos)
15318;QUIXERÉ;CE;2025-2028;ANTONIO JOAQUIM GONÇALVES DE OLIVEIRA;TOINHO DO BANCO;PT;ELEITO;TSE (dados abertos)
13730;CAUCAIA;CE;2025-2028;NAUMI GOMES DE AMORIM;NAUMI AMORIM;PSD;ELEITO;TSE (dados abertos)
13811;COREAÚ;CE;2025-2028;JOSE EDEZIO VAZ DE SOUZA;EDEZIO SITONIO;PSB;ELEITO;TSE (dados abertos)
14230;IRAUÇUBA;CE;2025-2028;PATRICIA MARIA SANTOS BARRETO;PATRICIA BARRETO;PSB;ELEITO;TSE (dados abertos)
14770;MORAÚJO;CE;2025-2028;RUAN VICTOR ARAÚJO DE OLIVEIRA LIMA;RUAN LIMA;PSD;ELEITO;TSE (dados abertos)
15750;UMARI;CE;2025-2028;ALEX SANDRO RUFINO FERREIRA;SANDRO RUFINO;PSD;ELEITO;TSE (dados abertos)
14613;MASSAPÊ;CE;2025-2028;OZIRES ANDRADE PONTES;OZIRES;PSDB;ELEITO;TSE (dados abertos)
13579;CAPISTRANO;CE;2025-2028;CLAUDIO BEZERRA SARAIVA;CLAUDIO SARAIVA;PSB;ELEITO;TSE (dados abertos)
13188;HORIZONTE;CE;2025-2028;MANOEL GOMES DE FARIAS NETO;NEZINHO FARIAS;PSB;ELEITO;TSE (dados abertos)
13340;IPAPORANGA;CE;2025-2028;ANTONIO AMARO PEREIRA OLIVEIRA;AMARO PEREIRA;PT;ELEITO;TSE (dados abertos)
98558;UMIRIM;CE;2025-2028;JUDISON HENRIQUE LOPES ARAÚJO;JUDSON RODRIGUES;PSB;ELEITO;TSE (dados abertos)
14079;IBIAPINA;CE;2025-2028;MARCOS ANTONIO DA SILVA LIMA;MARCÃO;PSB;ELEITO;TSE (dados abertos)
15830;VIÇOSA DO CEARÁ;CE;2025-2028;EURICO JOSE CARNEIRO FONTENELE ARRUDA;EURICO ARRUDA;MDB;ELEITO;TSE (dados abertos)
14753;MORADA NOVA;CE;2025-2028;NAIARA CARNEIRO CASTRO;NAIARA CASTRO;PSB;ELEITO;TSE (dados abertos)
14290;ITAPIPOCA;CE;2025-2028;FELIPE SOUZA PINHEIRO;FELIPE PINHEIRO;PT;ELEITO;TSE (dados abertos)
15091;PARAMOTI;CE;2025-2028;ANTONIA TELVANIA FERREIRA BRAZ BARRETO;TELVANIA BRAZ;PSB;ELEITO;TSE (dados abertos)
98574;VARJOTA;CE;2025-2028;FRANCISCO ELMO BEZERRA MONTE;ELMO MONTE;PSB;ELEITO;TSE (dados abertos)
13293;ARNEIROZ;CE;2025-2028;ANTONIO MONTEIRO PEDROSA FILHO;MONTEIRO FILHO;REPUBLICANOS;ELEITO;TSE (dados abertos)
14311;ITAPIÚNA;CE;2025-2028;RAIMUNDO LOPES JUNIOR;JÚNIOR LOPES;PSB;ELEITO;TSE (dados abertos)
13021;MADALENA;CE;2025-2028;CRISPIANO BARROS UCHOA;PROFESSOR CRISPIANO;MDB;ELEITO;TSE (dados abertos)
13048;PIRES FERREIRA;CE;2025-2028;LIVIA MARIA MESQUITA MORORO MUNIZ MARQUES;DRA LÍVIA;PSB;ELEITO;TSE (dados abertos)
15490;SÃO GONÇALO DO AMARANTE;CE;2025-2028;MARCELO FERREIRA TELES;PROFESSOR MARCELÃO;PT;ELEITO;TSE (dados abertos)
15954;ITAREMA;CE;2025-2028;MARCOS ROBÉRIO RIBEIRO MONTEIRO FILHO;ROBÉRIO FILHO;PSB;ELEITO;TSE (dados abertos)
14273;ITAPAJÉ;CE;2025-2028;RAIMUNDO NONATO SOUZA SILVA;NONATINHO;REPUBLICANOS;ELEITO;TSE (dados abertos)
13056;ACOPIARA;CE;2025-2028;FRANCISCO VILMAR FELIX MARTINS;DR VILMAR;PSB;ELEITO;TSE (dados abertos)
13129;BARREIRA;CE;2025-2028;MARCIO GLEY NASCIMENTO SILVA;CHAVEIRINHO;PSB;ELEITO;TSE (dados abertos)
15474;SÃO BENEDITO;CE;2025-2028;SAUL LIMA MACIEL;SAUL;PT;ELEITO;TSE (dados abertos)
13137;ALTO SANTO;CE;2025-2028;JOSE JOENI HOLANDA DE ARAUJO;JOENI;PP;ELEITO;TSE (dados abertos)
15512;SÃO JOÃO DO JAGUARIBE;CE;2025-2028;RAIMUNDO CESAR MORAIS MAIA;RAIMUNDO CESAR;PSD;ELEITO;TSE (dados abertos)
14591;MARTINÓPOLE;CE;2025-2028;FRANCISCO EDIBERTO DE SOUZA;BETÃO DO JAMES BEL;PP;ELEITO;TSE (dados abertos)
13595;CARIDADE;CE;2025-2028;MARIA SIMONE FERNANDES TAVARES;SIMONE TAVARES;PSB;ELEITO;TSE (dados abertos)
13714;CATARINA;CE;2025-2028;RENAN BARROS GUEDES;DR RENAN;MDB;ELEITO;TSE (dados abertos)
13005;JIJOCA DE JERICOACOARA;CE;2025-2028;LEANDRO CESAR DE SOUSA;LEANDRO CEZAR;PP;ELEITO;TSE (dados abertos)
13285;PINDORETAMA;CE;2025-2028;JOSE MARIA MENDES LEITE;DEDE SOLDADO;PSB;ELEITO;TSE (dados abertos)
14095;ICÓ;CE;2025-2028;AURINEIDE AMARO DE SOUSA;PROFESSORA AURINEIDE;PT;ELEITO;TSE (dados abertos)
15458;SANTA QUITÉRIA;CE;2025-2028;JOSE BRAGA BARROZO;BRAGUINHA;PSB;ELEITO;TSE (dados abertos)
14052;HIDROLÂNDIA;CE;2025-2028;LUAN PEREIRA XAVIER GOMES;LUAN XAVIER;PSB;ELEITO;TSE (dados abertos)
15857;MARACANAÚ;CE;2025-2028;ROBERTO SOARES PESSOA;ROBERTO PESSOA;UNIÃO;ELEITO;TSE (dados abertos)
14931;PACAJUS;CE;2025-2028;JOSÉ EDILSON DE CARVALHO LIMA;EDILSON DAS CASAS;UNIÃO;ELEITO;TSE (dados abertos)
13374;BARBALHA;CE;2025-2028;GUILHERME SAMPAIO SARAIVA;GUILHERME SARAIVA;PT;ELEITO;TSE (dados abertos)
13447;CATUNDA;CE;2025-2028;DOUGLAS RODRIGUES NEGREIROS;DOUGLAS NEGREIROS;PSB;ELEITO;TSE (dados abertos)
13463;CHORÓ;CE;2025-2028;CARLOS ALBERTO QUEIROZ PEREIRA;BEBETO QUEIROZ;PSB;ELEITO;TSE (dados abertos)
13200;ERERÉ;CE;2025-2028;GLAUBER LOPES DE HOLANDA;GLAUBER;PT;ELEITO;TSE (dados abertos)
15431;SANTANA DO CARIRI;CE;2025-2028;SAMUEL CIDADE WERTON;DR. SAMUEL;PT;ELEITO;TSE (dados abertos)
13757;CEDRO;CE;2025-2028;FRANCISCO NILSON ALVES DINIZ;DR NILSON DINIZ;PSB;ELEITO;TSE (dados abertos)
13331;AURORA;CE;2025-2028;MARCONE TAVARES DE LUNA;MARCONE TAVARES;PT;ELEITO;TSE (dados abertos)
14796;MORRINHOS;CE;2025-2028;JERÔNIMO NETO BRANDÃO;JERÔNIMO BRANDÃO;PT;ELEITO;TSE (dados abertos)
15296;QUIXERAMOBIM;CE;2025-2028;CIRILO ANTÔNIO PIMENTA LIMA;CIRILO PIMENTA;PSB;ELEITO;TSE (dados abertos)
13145;ACARAPE;CE;2025-2028;FRANCISCO EDILBERTO BESERRA BARROSO;EDILBERTO  BESERRA;PSB;ELEITO;TSE (dados abertos)
13480;ITAITINGA;CE;2025-2028;ANTONIO MARCOS TAVARES;MARQUINHOS TAVARES;PRD;ELEITO;TSE (dados abertos)
14699;MISSÃO VELHA;CE;2025-2028;LUIZ ROSEMBERG DANTAS MACEDO FILHO;DR LORIM;PSB;ELEITO;TSE (dados abertos)
15172;PEREIRO;CE;2025-2028;JOSE HERMANO DO NASCIMENTO NOGUEIRA;ZE DE MOACIR;PT;ELEITO;TSE (dados abertos)
13102;QUITERIANÓPOLIS;CE;2025-2028;JULIANA MONTEIRO ABREU;DRA. JULIANA ABREU;PSD;ELEITO;TSE (dados abertos)
13315;ASSARÉ;CE;2025-2028;JOSÉ LIBÓRIO LEITE NETO;LIBORIO;PSB;ELEITO;TSE (dados abertos)
13250;ARARIPE;CE;2025-2028;JOSE PAULINO PEREIRA;ZE GORDINHO;PT;ELEITO;TSE (dados abertos)
13196;AQUIRAZ;CE;2025-2028;BRUNO BARROS GONÇALVES;DR BRUNO GONÇALVES;PRD;ELEITO;TSE (dados abertos)
13269;POTIRETAMA;CE;2025-2028;SOLANGE MARY HOLANDA CAMPELO BALBINO;SOLANGE CAMPELO;PT;ELEITO;TSE (dados abertos)
15733;UBAJARA;CE;2025-2028;ADÉCIO MUNIZ PAIVA FILHO;DECIM;PSB;ELEITO;TSE (dados abertos)
13366;TARRAFAS;CE;2025-2028;ERONILDES FRANCISCO DOS SANTOS;ERONILDES;PSB;ELEITO;TSE (dados abertos)
14834;MULUNGU;CE;2025-2028;LUCAS ARRUDA MARTINS;LUCAS ARRUDA;PSB;ELEITO;TSE (dados abertos)
15776;URUBURETAMA;CE;2025-2028;FRANCISCO ALDIR CHAVES DA SILVA;BRANCO DO ANGELIM;PT;ELEITO;TSE (dados abertos)
15911;FORQUILHA;CE;2025-2028;EDINARDO RODRIGUES FILHO;EDINARDO;PSB;ELEITO;TSE (dados abertos)
13030;ACARAÚ;CE;2025-2028;ANA FLÁVIA RIBEIRO MONTEIRO;ANA FLÁVIA;PSB;ELEITO;TSE (dados abertos)
15415;SANTANA DO ACARAÚ;CE;2025-2028;FRANCISCO DAS CHAGAS MENDES;MEU DEUS;REPUBLICANOS;ELEITO;TSE (dados abertos)
15938;ICAPUÍ;CE;2025-2028;FRANCISCO KLEITON PEREIRA;KLEITON;PSD;ELEITO;TSE (dados abertos)
14958;PACATUBA;CE;2025-2028;LARISSA SOUZA TORRES CAMURÇA;LARISSSA CAMURÇA;UNIÃO;ELEITO;TSE (dados abertos)
13420;ARARENDÁ;CE;2025-2028;ARISTEU ALVES EDUARDO;ARISTEU EDUARDO;PT;ELEITO;TSE (dados abertos)
13277;ARATUBA;CE;2025-2028;JOERLY RODRIGUES VICTOR;JOERLY VICTOR;REPUBLICANOS;ELEITO;TSE (dados abertos)
13935;GENERAL SAMPAIO;CE;2025-2028;JOÃO PAULO SALES CORDEIRO;JOÃO PAULO CORDEIRO;PT;ELEITO;TSE (dados abertos)
14451;JATI;CE;2025-2028;MONICA ROSANY PEREIRA MARIANO;MONICA MARIANO;PT;ELEITO;TSE (dados abertos)
15555;SENADOR POMPEU;CE;2025-2028;MARCIA LIMA DE OLIVEIRA FREIRE;MARCIA ZOMIN;PSB;ELEITO;TSE (dados abertos)
15059;PARACURU;CE;2025-2028;GABRIELA CORDEIRO FAÇANHA;GABI DO AQUINO;REPUBLICANOS;ELEITO;TSE (dados abertos)
15377;RUSSAS;CE;2025-2028;SÁVIO GURGEL NOGUEIRA;SÁVIO;PSB;ELEITO;TSE (dados abertos)
14516;LAVRAS DA MANGABEIRA;CE;2025-2028;RONALDO PEDROSA LIMA;RONALDO DA MADEIREIRA;PSD;ELEITO;TSE (dados abertos)
15199;PIQUET CARNEIRO;CE;2025-2028;NEILA MARIA VITORIANO DE SOUSA;NEILA;PT;ELEITO;TSE (dados abertos)
14710;MOMBAÇA;CE;2025-2028;ORLANDO BENEVIDES CAVALCANTE FILHO;ORLANDO FILHO;REPUBLICANOS;ELEITO;TSE (dados abertos)
13226;EUSÉBIO;CE;2025-2028;JOSE ARIMATEA LIMA BARROS JUNIOR;DR JUNIOR;PRD;ELEITO;TSE (dados abertos)
14478;JUAZEIRO DO NORTE;CE;2025-2028;GLÊDSON LIMA BEZERRA;GLÊDSON BEZERRA;PODE;ELEITO;TSE (dados abertos)
13412;BATURITÉ;CE;2025-2028;HÉRBERLH FREITAS REIS CAVALCANTE MOTA;HÉRBERLH MOTA;REPUBLICANOS;ELEITO;TSE (dados abertos)
14133;INDEPENDÊNCIA;CE;2025-2028;WILLIAM VIEIRA;WILLIAM VIEIRA;PT;ELEITO;TSE (dados abertos)
14680;MIRAÍMA;CE;2025-2028;OZANA COELHO RODRIGUES TEIXEIRA;OZANA TEIXEIRA;PP;ELEITO;TSE (dados abertos)
15873;AMONTADA;CE;2025-2028;FLAVIO CESAR BRUNO TEIXEIRA FILHO;FLÁVIO FILHO;PT;ELEITO;TSE (dados abertos)
14532;LIMOEIRO DO NORTE;CE;2025-2028;DILMARA AMARAL SILVA;DILMARA;PRD;ELEITO;TSE (dados abertos)
14150;IPAUMIRIM;CE;2025-2028;WILSON ALVES DE FREITAS;PUÍCA DO POVÃO;PSD;ELEITO;TSE (dados abertos)
15334;REDENÇÃO;CE;2025-2028;SELMA MARINHO FERNANDES;SELMA BENEVIDES;PSB;ELEITO;TSE (dados abertos)
13498;BREJO SANTO;CE;2025-2028;MARIA GISLAINE SANTANA SAMPAIO LANDIM;GISLAINE LANDIM;PSB;ELEITO;TSE (dados abertos)
15156;PENTECOSTE;CE;2025-2028;VICENTE DE PAULO SOUSA E SILVA;VICENTE DO ZUZA;PSB;ELEITO;TSE (dados abertos)
15237;PORTEIRAS;CE;2025-2028;ALBOINO MIRANDA TAVARES NETO;DR ALBOINO;PSB;ELEITO;TSE (dados abertos)
13552;CANINDÉ;CE;2025-2028;FRANCISCO JARDEL SOUSA PINHO;PROFESSOR JARDEL;PSB;ELEITO;TSE (dados abertos)
13897;FORTALEZA;CE;2025-2028;EVANDRO SA BARRETO LEITAO;EVANDRO LEITÃO;PT;ELEITO;TSE (dados abertos)
98531;QUIXELÔ;CE;2025-2028;JOSÉ ADIL VIEIRA JUNIOR;ADIL JÚNIOR;PSB;ELEITO;TSE (dados abertos)
15652;TAMBORIL;CE;2025-2028;LUIZ MARCELO MOTA LEITE;MARCELO MOTA;PSB;ELEITO;TSE (dados abertos)
13854;CRATO;CE;2025-2028;ANDRÉ BARRETO ESMERALDO;ANDRÉ BARRETO;PT;ELEITO;TSE (dados abertos)
15210;PORANGA;CE;2025-2028;ANTONIO ROBERTO UCHOA DE ALMEIDA;ROBERTO UCHÔA;PT;ELEITO;TSE (dados abertos)
14176;IPU;CE;2025-2028;MILENA DAMASCENO CARNEIRO;MILENA DAMASCENO;PT;ELEITO;TSE (dados abertos)
14419;JAGUARUANA;CE;2025-2028;JOSE ELIAS DE OLIVEIRA;ELIAS DO SARGENTO;PT;ELEITO;TSE (dados abertos)
14672;MILAGRES;CE;2025-2028;ANDERSON EUGÊNIO DE OLIVEIRA;DERSON;MDB;ELEITO;TSE (dados abertos)
15814;VÁRZEA ALEGRE;CE;2025-2028;FLÁVIO SALVIANO LIMA FILHO;FLAVINHO;MDB;ELEITO;TSE (dados abertos)
15075;PARAMBU;CE;2025-2028;ROMULO MATEUS NORONHA;ROMULO NORONHA;SOLIDARIEDADE;ELEITO;TSE (dados abertos)
14354;JAGUARETAMA;CE;2025-2028;MARCOS VINICIUS DE ABREU CUNHA;DR. MARCOS CUNHA;PSB;ELEITO;TSE (dados abertos)
15571;SENADOR SÁ;CE;2025-2028;SABRINA MORAIS LOPES;SABRINA DO BEL;PP;ELEITO;TSE (dados abertos)
13439;BEBERIBE;CE;2025-2028;MICHELE CARIELLO DE SÁ QUEIROZ ROCHA;MICHELE QUEIROZ;PP;ELEITO;TSE (dados abertos)
15679;TAUÁ;CE;2025-2028;PATRÍCIA PEQUENO COSTA GOMES DE AGUIAR;PATRÍCIA AGUIAR;PSD;ELEITO;TSE (dados abertos)
14877;NOVA RUSSAS;CE;2025-2028;GIORDANNA SILVA BRAGA MANO;GIORDANNA MANO;PRD;ELEITO;TSE (dados abertos)
15997;PARAIPABA;CE;2025-2028;ARIANA CORDEIRO FAÇANHA DE AQUINO;ARIANA AQUINO;REPUBLICANOS;ELEITO;TSE (dados abertos)
15610;SOLONÓPOLE;CE;2025-2028;JOSE WEBSTON NOGUEIRA PINHEIRO;WEBSTON PINHEIRO;PSD;ELEITO;TSE (dados abertos)
13099;ALCÂNTARAS;CE;2025-2028;CHARLYNE CUNHA FREIRE;CHARLYNE DE ALCANTARAS;PSB;ELEITO;TSE (dados abertos)
14214;IRACEMA;CE;2025-2028;CELSO GOMES DA SILVA NETO;CELSO GOMES;PT;ELEITO;TSE (dados abertos)
14630;MAURITI;CE;2025-2028;JOÃO PAULO FURTADO;JOÃO PAULO;PT;ELEITO;TSE (dados abertos)
14737;MONSENHOR TABOSA;CE;2025-2028;FRANCISCO SALOMÃO DE ARAÚJO SOUSA;SALOMÃO;PT;ELEITO;TSE (dados abertos)
13650;CARIÚS;CE;2025-2028;ANTÔNIO WILAMAR PALACIO DE OLIVEIRA;WILAMAR PALACIO;PT;ELEITO;TSE (dados abertos)
13242;GUAIÚBA;CE;2025-2028;IZABELLA MARIA FERNANDES DA SILVA;IZABELLA FERNANDES;PSB;ELEITO;TSE (dados abertos)
14656;MERUOCA;CE;2025-2028;JOSE HERTON ALVES DE SOUSA;HERTON ALVES;PT;ELEITO;TSE (dados abertos)
13455;BELA CRUZ;CE;2025-2028;JOSE OTACILIO DE MORAIS NETO;NETIM MORAIS;PSB;ELEITO;TSE (dados abertos)
14397;JAGUARIBE;CE;2025-2028;ALEXANDRE GOMES DIOGENES;ALEXANDRE DIOGENES;REPUBLICANOS;ELEITO;TSE (dados abertos)
13471;BOA VIAGEM;CE;2025-2028;JOSE CARNEIRO DANTAS FILHO;REGIS CARNEIRO;PSB;ELEITO;TSE (dados abertos)
14915;ORÓS;CE;2025-2028;SIMÃO PEDRO ALVES PEQUENO;SIMÃO PEDRO;PSD;ELEITO;TSE (dados abertos)
15695;TIANGUÁ;CE;2025-2028;ALEX ANDERSON NUNES DA COSTA;ALEX NUNES;PSB;ELEITO;TSE (dados abertos)
13080;TURURU;CE;2025-2028;RAIMUNDO NONATO MONTEIRO DO NASCIMENTO;ELINALDO MONTEIRO;UNIÃO;ELEITO;TSE (dados abertos)
13676;CARNAUBAL;CE;2025-2028;JOSE WELITON SOUZA LEITE;ZÉ WELITON;PT;ELEITO;TSE (dados abertos)
15113;PEDRA BRANCA;CE;2025-2028;MARIA IVONETH BRAGA DE SOUSA;IVONETH BRAGA;PT;ELEITO;TSE (dados abertos)
14893;NOVO ORIENTE;CE;2025-2028;EDUARDO COELHO ROSA CAVALCANTE;EDUARDO COELHO;PSB;ELEITO;TSE (dados abertos)
15920;IBICUITINGA;CE;2025-2028;ROGERIO BARREIRA PINHEIRO;ROGERIO;PT;ELEITO;TSE (dados abertos)
13692;CASCAVEL;CE;2025-2028;ANA AFIF MATEUS SARQUIS QUEIROZ;ANA AFIF QUEIROZ;PP;ELEITO;TSE (dados abertos)
13269;POTIRETAMA;CE;2025-2028;LUAN DANTAS FELIX;LUAN DANTAS;PP;ELEITO;TSE (dados abertos)
13234;ARACOIABA;CE;2025-2028;WELLINGTON SILVA DE OLIVEIRA;EDIM;PP;ELEITO;TSE (dados abertos)
15393;SABOEIRO;CE;2025-2028;ANTONIO FRANCISCO DE LIMA;TONTONHO DE ZÉ DE LIMA;MDB;ELEITO;TSE (dados abertos)
13323;TEJUÇUOCA;CE;2025-2028;JOSE ANTUNIZIO DE BRITO;BRITINHO;REPUBLICANOS;ELEITO;TSE (dados abertos)
15016;PALHANO;CE;2025-2028;JOSE LUCIANO SILVA;JOSÉ DO LALÁ;PT;ELEITO;TSE (dados abertos)
13218;ARACATI;CE;2025-2028;ROBERTA CARDOSO BARBOSA DE ALMEIDA;ROBERTA DE BISMARCK;PODE;ELEITO;TSE (dados abertos)
14338;ITATIRA;CE;2025-2028;JOSE FERREIRA MATEUS;ZÉ DIVAL;PP;ELEITO;TSE (dados abertos)
13153;ANTONINA DO NORTE;CE;2025-2028;ANTONIO ROSENO FILHO;ANTONIO FILHO;PDT;ELEITO;TSE (dados abertos)
14370;JAGUARIBARA;CE;2025-2028;JOSÉ NUNES DOS SANTOS FILHO;ZÉ FILHO;PSB;ELEITO;TSE (dados abertos)
13501;FORTIM;CE;2025-2028;DELMA DA COSTA DOS SANTOS;DELMA FERREIRA;MDB;ELEITO;TSE (dados abertos)
63010;CÂNDIDO MOTA;SP;2025-2028;ERALDO JOSE PEREIRA;ERALDO ENFERMEIRO;PSD;ELEITO;TSE (dados abertos)
63878;DOURADO;SP;2025-2028;LUIZ ANTONIO ROGANTE JUNIOR;JUNINHO ROGANTE;REPUBLICANOS;ELEITO;TSE (dados abertos)
61093;ÁGUAS DE LINDÓIA;SP;2025-2028;GERALDO MANTOVANI FILHO;GERALDINHO MANTOVANI;PSD;ELEITO;TSE (dados abertos)
63673;CRUZÁLIA;SP;2025-2028;ARILDO OSMAR DE MORO;ARILDO MOSQUITO;PSD;ELEITO;TSE (dados abertos)
65579;ITAPORANGA;SP;2025-2028;FABIO BRUNO GURGEL BENINI;FABIO BENINI;PSB;ELEITO;TSE (dados abertos)
69299;PRESIDENTE PRUDENTE;SP;2025-2028;MILTON CARLOS DE MELLO;MILTON CARLOS DE MELLO - TUPÃ;REPUBLICANOS;ELEITO;TSE (dados abertos)
66354;LEME;SP;2025-2028;CLAUDEMIR APARECIDO BORGES;CLAUDEMIR BORGES;PSD;ELEITO;TSE (dados abertos)
71510;SUZANO;SP;2025-2028;PEDRO CHARLES SHIRAKAWA ISHI;PEDRO ISHI;PL;ELEITO;TSE (dados abertos)
68012;PALESTINA;SP;2025-2028;REINALDO APARECIDO DA CUNHA;REINALDO CUNHA;PSD;ELEITO;TSE (dados abertos)
70238;SANTA CLARA D'OESTE;SP;2025-2028;JOSÉ BASILIO DE FARIA;ZÉ BASILIO;PSD;ELEITO;TSE (dados abertos)
64033;EMBU-GUAÇU;SP;2025-2028;ANDRÉ GEORGE NERES DE FARIAS;SARGENTO NERES;MDB;ELEITO;TSE (dados abertos)
64696;GUARATINGUETÁ;SP;2025-2028;ANTONIO GILBERTO FILIPPO FERNANDES JUNIOR;JUNIOR FILIPPO;PSD;ELEITO;TSE (dados abertos)
61050;AGUAÍ;SP;2025-2028;GILBERTO LUIZ MORAES SELBER;PROFESSOR GILBERTO;PSDB;ELEITO;TSE (dados abertos)
62030;BARIRI;SP;2025-2028;AIRTON LUIS PEGORARO;AIRTON PEGORARO;AVANTE;ELEITO;TSE (dados abertos)
69019;POMPÉIA;SP;2025-2028;DIOGO MONTEFUSCO CESCHIM SILVA;DIOGO CESCHIM;PODE;ELEITO;TSE (dados abertos)
72419;VISTA ALEGRE DO ALTO;SP;2025-2028;NELSON ANTONIO ROZANI;NELSINHO ROZANI;PODE;ELEITO;TSE (dados abertos)
61069;MOTUCA;SP;2025-2028;FABIO DE MENEZES CHAVES;FÁBIO CHAVES;PSD;ELEITO;TSE (dados abertos)
67059;MIRANTE DO PARANAPANEMA;SP;2025-2028;EDUARDO QUESADA PIAZZALUNGA;EDUARDO;PSB;ELEITO;TSE (dados abertos)
68357;PEDERNEIRAS;SP;2025-2028;IVANA MARIA BERTOLINI CAMARINHA;IVANA;PSD;ELEITO;TSE (dados abertos)
70319;SANTA ERNESTINA;SP;2025-2028;JOSÉ CARLOS SIMÃO;DEDÉ;PP;ELEITO;TSE (dados abertos)
71471;SUD MENNUCCI;SP;2025-2028;JOSÉ URBINO DOS SANTOS NETO;LIÓ NETO;REPUBLICANOS;ELEITO;TSE (dados abertos)
62111;BARRINHA;SP;2025-2028;MARIA LÚCIA TERESINHA GROTTA;LÚCIA DO KATIÁ;PSB;ELEITO;TSE (dados abertos)
62952;CAMPOS DO JORDÃO;SP;2025-2028;CARLOS EDUARDO PEREIRA DA SILVA;CAÊ;REPUBLICANOS;ELEITO;TSE (dados abertos)
64653;GUARARAPES;SP;2025-2028;ALEX PERAMO DE ARRUDA;ALEX ARRUDA;MDB;ELEITO;TSE (dados abertos)
66559;LUIZIÂNIA;SP;2025-2028;RAPHAEL SARAIVA BARRETO;RAFAEL DO TIJOLÃO;UNIÃO;ELEITO;TSE (dados abertos)
67911;OSCAR BRESSANE;SP;2025-2028;ANSELMO GIROTO;ANSELMO;PL;ELEITO;TSE (dados abertos)
62448;TRABIJU;SP;2025-2028;MARCELO RODRIGUES FONSECA;MARCELO FONSECA;PSD;ELEITO;TSE (dados abertos)
69370;QUEIROZ;SP;2025-2028;WALTER RODRIGO DA SILVA;RODRIGO;PSD;ELEITO;TSE (dados abertos)
70378;SANTA ISABEL;SP;2025-2028;CARLOS AUGUSTO CHINCHILLA ALFONZO;DR CARLOS CHINCHILLA;PODE;ELEITO;TSE (dados abertos)
64939;IBITINGA;SP;2025-2028;FLORISVALDO ANTONIO FIORENTINO;FLORISVALDO;PSD;ELEITO;TSE (dados abertos)
65358;ITABERÁ;SP;2025-2028;CÉLIO RONALDO GOMES DE LIMA;RONALDO GL;PSDB;ELEITO;TSE (dados abertos)
66818;MARÍLIA;SP;2025-2028;VINICIUS ALMEIDA CAMARINHA;VINICIUS CAMARINHA;PSDB;ELEITO;TSE (dados abertos)
66931;MERIDIANO;SP;2025-2028;FÁBIO PASCHOALINOTO;RAPINHA;PSD;ELEITO;TSE (dados abertos)
61999;BARBOSA;SP;2025-2028;RODRIGO PRIMO ANTUNES;RODRIGO ;PSD;ELEITO;TSE (dados abertos)
63274;CEDRAL;SP;2025-2028;IRINEO BEOLCHI JUNIOR;IRINEO BEOLCHI JUNIOR;PSD;ELEITO;TSE (dados abertos)
68756;PIRACICABA;SP;2025-2028;HELIO DONIZETE ZANATTA;HELINHO ZANATTA;PSD;ELEITO;TSE (dados abertos)
71072;SÃO PAULO;SP;2025-2028;RICARDO LUIS REIS NUNES;RICARDO NUNES;MDB;ELEITO;TSE (dados abertos)
65773;ITOBI;SP;2025-2028;JOAQUIM CÂNDIDO FILHO;MARANATA;MDB;ELEITO;TSE (dados abertos)
70254;SANTA CRUZ DA CONCEIÇÃO;SP;2025-2028;CARLOS EDUARDO ARANHA DE ALBUQUERQUE;DU ARANHA;PSD;ELEITO;TSE (dados abertos)
64890;IBIRÁ;SP;2025-2028;NIVALDO DOMINGOS NEGRÃO;BISCOITO;REPUBLICANOS;ELEITO;TSE (dados abertos)
64912;IBIRAREMA;SP;2025-2028;JOSE BENEDITO CAMACHO;CAMACHINHO;PSD;ELEITO;TSE (dados abertos)
69655;RIBEIRÃO DO SUL;SP;2025-2028;ELIANA MARIA RORATO MANSO;ELIANA;CIDADANIA;ELEITO;TSE (dados abertos)
72230;VALENTIM GENTIL;SP;2025-2028;CLAUDINEI CARVASSAN RODRIGUES;CLAUDINEI DO SKINÃO;PRD;ELEITO;TSE (dados abertos)
62189;SANTA CRUZ DA ESPERANÇA;SP;2025-2028;MARCOS ANTONIO BAZILIO;MARQUIM DO DIDA;MDB;ELEITO;TSE (dados abertos)
71811;TATUÍ;SP;2025-2028;MIGUEL LOPES CARDOSO JUNIOR;PROFESSOR MIGUEL;PSD;ELEITO;TSE (dados abertos)
65978;JALES;SP;2025-2028;LUIS HENRIQUE DOS SANTOS MOREIRA;LUIS HENRIQUE;PL;ELEITO;TSE (dados abertos)
69612;RIBEIRÃO BRANCO;SP;2025-2028;ANTONIO CARLOS CAMARGO RIBAS;TUCA RIBAS;PP;ELEITO;TSE (dados abertos)
62278;BILAC;SP;2025-2028;ANTÔNIO FERREIRA LOUREIRO;LOUREIRO;REPUBLICANOS;ELEITO;TSE (dados abertos)
67199;MOMBUCA;SP;2025-2028;EVERTON TIAGO MORA PEDROSO;PALITINHO;PL;ELEITO;TSE (dados abertos)
67890;OSASCO;SP;2025-2028;GERSON DIAS PESSOA;GERSON PESSOA;PODE;ELEITO;TSE (dados abertos)
69590;RIBEIRÃO BONITO;SP;2025-2028;PAULO ANTONIO GOBATO VEIGA;PAULO VEIGA;PP;ELEITO;TSE (dados abertos)
62243;IPIGUÁ;SP;2025-2028;EFRAIM GARCIA LOPES;EFRAIM GARCIA LOPES;PSD;ELEITO;TSE (dados abertos)
66753;MARABÁ PAULISTA;SP;2025-2028;APARECIDO NASCIMENTO SOBRAL;CIDO SOBRAL;MDB;ELEITO;TSE (dados abertos)
71854;TEJUPÁ;SP;2025-2028;VALTER BORANELLI;VALTINHO BORANELLI;PSDB;ELEITO;TSE (dados abertos)
68675;PINHALZINHO;SP;2025-2028;SEBASTIAO ZANARDI;TIAO ZANARDI;PSD;ELEITO;TSE (dados abertos)
71919;TIETÊ;SP;2025-2028;JOSÉ CARLOS REGONHA JUNIOR;JUNIOR REGONHA;PL;ELEITO;TSE (dados abertos)
69353;QUATÁ;SP;2025-2028;MÁRCIO BIDÓIA;MÁRCIO BIDÓIA;PSD;ELEITO;TSE (dados abertos)
63959;ECHAPORÃ;SP;2025-2028;RONALDO GAZETA;RONALDO GAZETA;MDB;ELEITO;TSE (dados abertos)
61859;AVAÍ;SP;2025-2028;HELLEN FERNANDES RODRIGUES COELHO;HELLEN RODRIGUES;PSD;ELEITO;TSE (dados abertos)
63177;CASA BRANCA;SP;2025-2028;ANTONIO EDUARDO MARÇON NOGUEIRA;DUZÃO;PSD;ELEITO;TSE (dados abertos)
64459;GUAIÇARA;SP;2025-2028;FLAVIA RAMOS BITTENCOURT LEÃO CABRAL;FLAVIA DO BAIANO;PSB;ELEITO;TSE (dados abertos)
62014;BARÃO DE ANTONINA;SP;2025-2028;RODRIGO WALDEMAR MARQUES;RODRIGÃO;REPUBLICANOS;ELEITO;TSE (dados abertos)
67857;ORINDIÚVA;SP;2025-2028;MIRELI CRISTINA LEITE RUVIÉRI MARTINS;MIRELI MARTINS;PSD;ELEITO;TSE (dados abertos)
70556;SANTO ANASTÁCIO;SP;2025-2028;LUIZ INFANTE;LUIZ INFANTE;PSDB;ELEITO;TSE (dados abertos)
71374;SETE BARRAS;SP;2025-2028;ITALO DONIZETH COSTA ROBERTO;ITALO COSTA;PL;ELEITO;TSE (dados abertos)
62022;LOURDES;SP;2025-2028;ODECIO RODRIGUES DA SILVA;ODÉCIO;PSD;ELEITO;TSE (dados abertos)
64572;GUARAÇAÍ;SP;2025-2028;AIRTON JOSÉ GOMES;AIRTON GOMES;PSD;ELEITO;TSE (dados abertos)
70874;SÃO JOÃO DO PAU D'ALHO;SP;2025-2028;LUCAS DE OLIVEIRA BARBOSA;LUQUINHA;PSD;ELEITO;TSE (dados abertos)
70610;SANTO ANTÔNIO DE POSSE;SP;2025-2028;JOSÉ RICARDO CORTEZ;RICARDO CORTEZ;MDB;ELEITO;TSE (dados abertos)
62871;CAJOBI;SP;2025-2028;MARCIO DONIZETI BARBARELLI;ITALIANO BARBARELLI;PP;ELEITO;TSE (dados abertos)
67253;MONTE ALEGRE DO SUL;SP;2025-2028;JOSE RAFAEL VEZZAN;RAFA VEZZAN;REPUBLICANOS;ELEITO;TSE (dados abertos)
67490;NAZARÉ PAULISTA;SP;2025-2028;AVANILDE APARECIDA GONZAGA CANEDO;PROFESSORA GUINHA;UNIÃO;ELEITO;TSE (dados abertos)
69310;PRESIDENTE VENCESLAU;SP;2025-2028;BARBARA MEDEIROS VILCHES;BÁRBARA VILCHES;PP;ELEITO;TSE (dados abertos)
71196;SÃO SIMÃO;SP;2025-2028;IZAIAS LEAO DE SOUZA;DR IZAIAS;PSD;ELEITO;TSE (dados abertos)
61344;CANITAR;SP;2025-2028;JOEL RODRIGUES;JOEL RODRIGUES;PP;ELEITO;TSE (dados abertos)
61689;ENGENHEIRO COELHO;SP;2025-2028;PEDRO FRANCO DE OLIVEIRA;PEDRO FRANCO;MDB;ELEITO;TSE (dados abertos)
61140;ESPÍRITO SANTO DO TURVO;SP;2025-2028;GILBERTO NASCIMENTO BERTOLINO;GILBERTINHO;PSD;ELEITO;TSE (dados abertos)
64637;GUARANTÃ;SP;2025-2028;MARCOS ROBERTO FRUGERI;MARCOS FRUGERI;MDB;ELEITO;TSE (dados abertos)
63630;CRAVINHOS;SP;2025-2028;ITAMAR GOMES BUENO;ITAMAR BUENO;MDB;ELEITO;TSE (dados abertos)
64092;FARTURA;SP;2025-2028;LUIZ MARCOS DE SOUZA;MARCÃO DO HARAS;PSD;ELEITO;TSE (dados abertos)
62510;BRAGANÇA PAULISTA;SP;2025-2028;EDMIR JOSE ABI CHEDID;EDMIR CHEDID;UNIÃO;ELEITO;TSE (dados abertos)
69337;PROMISSÃO;SP;2025-2028;HAMILTON LUIS FOZ;HAMILTON FOZ;PP;ELEITO;TSE (dados abertos)
64955;IBIÚNA;SP;2025-2028;MARIO PIRES DE OLIVEIRA FILHO;MARIO PIRES;REPUBLICANOS;ELEITO;TSE (dados abertos)
62200;SANTA SALETE;SP;2025-2028;JÚLIO CESAR MARTINS MILIATTI;JULIO;REPUBLICANOS;ELEITO;TSE (dados abertos)
62049;TORRE DE PEDRA;SP;2025-2028;CIRO LUIZ PEDROSO;CIRO PEDROSO;REPUBLICANOS;ELEITO;TSE (dados abertos)
61220;ALUMÍNIO;SP;2025-2028;ANA PAULA DE CASSIA NETTO;DRA ANA PAULA;PP;ELEITO;TSE (dados abertos)
62898;CAJURU;SP;2025-2028;ALEX MORETINI;ALEX MORETINI;MDB;ELEITO;TSE (dados abertos)
61190;ALTINÓPOLIS;SP;2025-2028;HUELDER DONIZETE MALAGUTTI FERREIRA;PROFESSOR HUELDER;MDB;ELEITO;TSE (dados abertos)
61182;EMBAÚBA;SP;2025-2028;NERCILIO PINHEIRO DA SILVA;NERCILIO;REPUBLICANOS;ELEITO;TSE (dados abertos)
69973;SALES;SP;2025-2028;JOSEMAR FRANCISCO DE ABREU;JOSEMAR;PSD;ELEITO;TSE (dados abertos)
67792;OLÍMPIA;SP;2025-2028;EUGENIO JOSE ZULIANI;GENINHO;UNIÃO;ELEITO;TSE (dados abertos)
70017;SALESÓPOLIS;SP;2025-2028;RODOLFO RODRIGUES MARCONDES;RODOLFO MARCONDES;PODE;ELEITO;TSE (dados abertos)
71234;SARAPUÍ;SP;2025-2028;GUSTAVO DE SOUZA BARROS VIEIRA;PROFESSOR GUSTAVO;PSDB;ELEITO;TSE (dados abertos)
65757;ITIRAPUÃ;SP;2025-2028;GERSON LUIZ ALVES;GERSON ALVES;PSD;ELEITO;TSE (dados abertos)
67415;MORUNGABA;SP;2025-2028;LUIS FERNANDO MIGUEL;FERNANDÃO;UNIÃO;ELEITO;TSE (dados abertos)
66192;JUNDIAÍ;SP;2025-2028;GUSTAVO MARTINELLI;GUSTAVO MARTINELLI;UNIÃO;ELEITO;TSE (dados abertos)
69418;QUINTANA;SP;2025-2028;FERNANDO ITAPUÃ BRANCO NUNES;FERNANDO ITAPUÃ;PSD;ELEITO;TSE (dados abertos)
70114;SANDOVALINA;SP;2025-2028;MARCOS MENDES DA SILVA;PACO;MDB;ELEITO;TSE (dados abertos)
70777;SÃO CAETANO DO SUL;SP;2025-2028;ANACLETO CAMPANELLA JUNIOR;TITE CAMPANELLA;PL;ELEITO;TSE (dados abertos)
63290;CERQUEIRA CÉSAR;SP;2025-2028;DIEGO AUGUSTO BERTI CINTO;DIEGO CINTO;MDB;ELEITO;TSE (dados abertos)
66150;JOSÉ BONIFÁCIO;SP;2025-2028;MARCELO CATARUCI DE ALMEIDA;DR MARCELO CATARUCI;PSD;ELEITO;TSE (dados abertos)
61565;POTIM;SP;2025-2028;EMERSON KIOGI TANAKA;TANAKA;MDB;ELEITO;TSE (dados abertos)
71730;TAPIRATIBA;SP;2025-2028;RAMON JESUS VIEIRA;RAMON;CIDADANIA;ELEITO;TSE (dados abertos)
71838;TAUBATÉ;SP;2025-2028;SERGIO LUIZ VICTOR JUNIOR;SERGIO VICTOR;NOVO;ELEITO;TSE (dados abertos)
62308;GAVIÃO PEIXOTO;SP;2025-2028;ADRIANO MARÇAL DA SILVA;ADRIANO MARÇAL;PSD;ELEITO;TSE (dados abertos)
68799;PIRAJUÍ;SP;2025-2028;ROSALINA SONIA DOS SANTOS;ROSA;PL;ELEITO;TSE (dados abertos)
68918;PITANGUEIRAS;SP;2025-2028;DIMAS TADEU BOLZAN;DIMAS BOLZAN;PSD;ELEITO;TSE (dados abertos)
69272;PRESIDENTE EPITÁCIO;SP;2025-2028;ANDRÉ FERRAZ LIMA;ANDRÉ LIMA;REPUBLICANOS;ELEITO;TSE (dados abertos)
61697;AREIAS;SP;2025-2028;RODRIGO JOSE RAMOS DE OLIVEIRA;RODRIGO RAMOS;AVANTE;ELEITO;TSE (dados abertos)
61905;SÃO LOURENÇO DA SERRA;SP;2025-2028;FELIPE GEFERSON SEME AMED;FELIPE SEME AMED;MDB;ELEITO;TSE (dados abertos)
61867;MARAPOAMA;SP;2025-2028;LOURENÇO LORENCETI;LOURENÇO;PL;ELEITO;TSE (dados abertos)
70513;SANTA RITA DO PASSA QUATRO;SP;2025-2028;MARCELO SIMAO;MARCELO SIMAO;MDB;ELEITO;TSE (dados abertos)
70335;SANTA FÉ DO SUL;SP;2025-2028;EVANDRO FARIAS MURA;EVANDRO MURA;REPUBLICANOS;ELEITO;TSE (dados abertos)
61476;ANHUMAS;SP;2025-2028;ADAILTON CESAR MENOSSI;ADAILTON;PSD;ELEITO;TSE (dados abertos)
70939;SÃO JOSÉ DO BARREIRO;SP;2025-2028;LUIS EDUARDO SANTOS RIBEIRO;LUIS EDUARDO;PL;ELEITO;TSE (dados abertos)
64351;GARÇA;SP;2025-2028;JOSÉ ALCIDES FANECO;FANECO;PL;ELEITO;TSE (dados abertos)
64432;GLICÉRIO;SP;2025-2028;HAIRTON KELSINE CARVALHO OLIVEIRA;HAIRTINHO;PSD;ELEITO;TSE (dados abertos)
61239;ÁLVARES FLORENCE;SP;2025-2028;ADILSON BATISTA LEITE;ADILSON LEITE;PSD;ELEITO;TSE (dados abertos)
62650;BURITIZAL;SP;2025-2028;DANIEL SARRETA;DANIEL SARRETA;PL;ELEITO;TSE (dados abertos)
66133;JOÃO RAMALHO;SP;2025-2028;DIRCE DA CONCEICAO BUBOLA VALEJO;DIRCE VALEJO;PSDB;ELEITO;TSE (dados abertos)
66915;MENDONÇA;SP;2025-2028;JULIANO SOUZA DE OLIVEIRA;JULIANO;PSD;ELEITO;TSE (dados abertos)
70351;SANTA GERTRUDES;SP;2025-2028;LAZARO NOE DA SILVA;GINO DA FARMACIA;PL;ELEITO;TSE (dados abertos)
61824;PARISI;SP;2025-2028;OCLAIR BARÃO BENTO;OCLAIR BENTO;PSDB;ELEITO;TSE (dados abertos)
61310;AMERICANA;SP;2025-2028;FRANCISCO ANTONIO SARDELLI;CHICO SARDELLI;PL;ELEITO;TSE (dados abertos)
62332;BOA ESPERANÇA DO SUL;SP;2025-2028;JOSÉ MANOEL DE SOUZA;MANOEL DO VITÓRINHO;MDB;ELEITO;TSE (dados abertos)
63371;CHAVANTES;SP;2025-2028;LUIZ FILIPE DE PAULA JACINTO;FILIPE;PL;ELEITO;TSE (dados abertos)
64831;IACANGA;SP;2025-2028;APARECIDA DE FÁTIMA PINHEIRO;FÁTIMA PINHEIRO;REPUBLICANOS;ELEITO;TSE (dados abertos)
66770;MARACAÍ;SP;2025-2028;PAULO EDUARDO DA SILVA;PAULINHO DA SAÚDE;MDB;ELEITO;TSE (dados abertos)
67830;ORIENTE;SP;2025-2028;GERALDO MATHEUS MORIS;MATHEUS;PP;ELEITO;TSE (dados abertos)
61964;MESÓPOLIS;SP;2025-2028;ALEX ROCHA PIMENTEL;ALEX PIMENTEL;REPUBLICANOS;ELEITO;TSE (dados abertos)
64335;GÁLIA;SP;2025-2028;JOSE SILVINO ZANIBONI JUNIOR;SILVINO JUNIOR;PP;ELEITO;TSE (dados abertos)
65730;ITIRAPINA;SP;2025-2028;MARIA DA GRAÇA ZUCCHI MORAES;DONA GRAÇA;PSD;ELEITO;TSE (dados abertos)
67598;NOVA EUROPA;SP;2025-2028;LIDIANE LUIZE RODRIGUES;LIDIANE RODRIGUES;MDB;ELEITO;TSE (dados abertos)
71315;SERRANA;SP;2025-2028;LEONARDO CARESSATO CAPITELI;LÉO CAPITELLI;MDB;ELEITO;TSE (dados abertos)
66370;LENÇÓIS PAULISTA;SP;2025-2028;ANDRE PACCOLA SASSO;CAGARETE ANDRÉ SASSO;PP;ELEITO;TSE (dados abertos)
68632;PINDORAMA;SP;2025-2028;GERALDO FELIPPE JUNIOR;JUNIOR;REPUBLICANOS;ELEITO;TSE (dados abertos)
72273;VALPARAÍSO;SP;2025-2028;CARLOS ALEXANDRE PEREIRA;XANDI;PSD;ELEITO;TSE (dados abertos)
71935;TIMBURI;SP;2025-2028;CRISTIANO DA CUNHA AMORIM;CRISTIANO AMORIM;SOLIDARIEDADE;ELEITO;TSE (dados abertos)
61743;HOLAMBRA;SP;2025-2028;FERNANDO HENRIQUE CAPATO;FERNANDO CAPATO;PSD;ELEITO;TSE (dados abertos)
70750;SÃO BERNARDO DO CAMPO;SP;2025-2028;MARCELO DE LIMA FERNANDES;MARCELO LIMA;PODE;ELEITO;TSE (dados abertos)
61646;ARAPEÍ;SP;2025-2028;RENÊ LÚCIO GONÇALVES;RENÊ;PL;ELEITO;TSE (dados abertos)
64670;GUARAREMA;SP;2025-2028;JOSÉ LUIZ EROLES FREIRE;ZÉ;PL;ELEITO;TSE (dados abertos)
62472;BORBOREMA;SP;2025-2028;SHEILA MARIA GONÇALVES DE OLIVEIRA;SHEILA MARIA;PL;ELEITO;TSE (dados abertos)
70297;SANTA CRUZ DO RIO PARDO;SP;2025-2028;OTACILIO PARRAS ASSIS;DR OTACILIO;PL;ELEITO;TSE (dados abertos)
71412;SILVEIRAS;SP;2025-2028;EDSON MENDES MOTA;EDSON MOTA;PL;ELEITO;TSE (dados abertos)
71994;TRÊS FRONTEIRAS;SP;2025-2028;FLÁVIO LUIZ RENDA DE OLIVEIRA;FLAVINHO;MDB;ELEITO;TSE (dados abertos)
68497;PEREIRA BARRETO;SP;2025-2028;HERMÍNIO BARBOSA KOMATSU;DR HERMÍNIO;PSB;ELEITO;TSE (dados abertos)
72036;TUPI PAULISTA;SP;2025-2028;JULIANO VIGILATO GUIRO;JULIANO GUIRO;PSD;ELEITO;TSE (dados abertos)
61468;UBARANA;SP;2025-2028;VANDERLEI RODRIGUES DA CRUZ;DELEI;PSD;ELEITO;TSE (dados abertos)
72257;VALINHOS;SP;2025-2028;FRANKLIN DUARTE DE LIMA;FRANKLIN;PL;ELEITO;TSE (dados abertos)
62391;BOITUVA;SP;2025-2028;EDSON JOSE MARCUSSO;EDSON MARCUSSO;PSD;ELEITO;TSE (dados abertos)
63355;CHARQUEADA;SP;2025-2028;RODRIGO DE ARRUDA;RODRIGO ARRUDA;PSD;ELEITO;TSE (dados abertos)
68551;PIACATU;SP;2025-2028;RICARDO FRANCISCO LEMES DA SILVA;RICARDO LEMES;PSD;ELEITO;TSE (dados abertos)
64491;GUAÍRA;SP;2025-2028;ANTONIO MANOEL DA SILVA JUNIOR;JUNÃO;REPUBLICANOS;ELEITO;TSE (dados abertos)
64734;GUARIBA;SP;2025-2028;FRANCISCO DIAS MANCANO JUNIOR;DR FRANCISCO;PSD;ELEITO;TSE (dados abertos)
65676;ITARIRI;SP;2025-2028;CARLOS ROCHA RIBEIRO;CARLOS ROCHA;PL;ELEITO;TSE (dados abertos)
68810;PIRANGI;SP;2025-2028;VANDERLEI ROBSON DE OLIVEIRA;BIKA;PL;ELEITO;TSE (dados abertos)
68098;PANORAMA;SP;2025-2028;DANIEL GENOVA;DANIEL POLICIA;PSB;ELEITO;TSE (dados abertos)
62057;BARRA BONITA;SP;2025-2028;MANOEL FABIANO FERREIRA FILHO;MANEZINHO;PL;ELEITO;TSE (dados abertos)
62499;BOTUCATU;SP;2025-2028;FABIO VIEIRA DE SOUZA LEITE;FABIO LEITE;PSD;ELEITO;TSE (dados abertos)
63932;DUMONT;SP;2025-2028;ROGERSON APARECIDO BURJALON RUIZ;TÊ;PP;ELEITO;TSE (dados abertos)
61336;AMÉRICO BRASILIENSE;SP;2025-2028;TEREZINHA APARECIDA VIVEIROS DE SOUZA;TEREZINHA VIVEIROS;REPUBLICANOS;ELEITO;TSE (dados abertos)
63690;CRUZEIRO;SP;2025-2028;JOSE KLEBER LIMA SILVEIRA JUNIOR;KLEBER SILVEIRA;PL;ELEITO;TSE (dados abertos)
63991;ELIAS FAUSTO;SP;2025-2028;JOAQUIM ANTONIO DE CAMPOS BICUDO;TATO BICUDO;PODE;ELEITO;TSE (dados abertos)
65790;ITU;SP;2025-2028;HERCULANO CASTILHO PASSOS JUNIOR;HERCULANO ;REPUBLICANOS;ELEITO;TSE (dados abertos)
62162;QUADRA;SP;2025-2028;LHEONIDES DE OLIVEIRA ANDRADE;LHEONIDES DO CARLAO;UNIÃO;ELEITO;TSE (dados abertos)
65390;ITAJOBI;SP;2025-2028;SIDIOMAR UJAQUE;PAQUINHO;PL;ELEITO;TSE (dados abertos)
68594;PILAR DO SUL;SP;2025-2028;CLAYTON ALVARO MACHADO;CLAYTON MACHADO;REPUBLICANOS;ELEITO;TSE (dados abertos)
61883;SÃO JOÃO DE IRACEMA;SP;2025-2028;LUIZ AUGUSTO TORRES;LULA;UNIÃO;ELEITO;TSE (dados abertos)
71536;TABAPUÃ;SP;2025-2028;SILVIO CESAR SARTORELLO;SILVIO SARTORELLO;PSD;ELEITO;TSE (dados abertos)
70211;SANTA BRANCA;SP;2025-2028;ADRIANO MARCHESANI LEVORIN;ADRIANO LEVORIN;PL;ELEITO;TSE (dados abertos)
61492;APARECIDA;SP;2025-2028;JOSE LUIZ RODRIGUES;ZÉ LOUQUINHO;PL;ELEITO;TSE (dados abertos)
64530;GUAPIARA;SP;2025-2028;JOSÉ MATHEUS RODOLFO DE FREITAS;MATHEUS FREITAS;PP;ELEITO;TSE (dados abertos)
64777;GUARULHOS;SP;2025-2028;LUCAS SANCHES PROMESSIA;LUCAS SANCHES;PL;ELEITO;TSE (dados abertos)
64793;GUZOLÂNDIA;SP;2025-2028;LUIZ ANTONIO PEREIRA DE CARVALHO;JUNIOR;MDB;ELEITO;TSE (dados abertos)
64874;IBATÉ;SP;2025-2028;RONALDO RODRIGO VENTURI;RONALDO VENTURI;PSD;ELEITO;TSE (dados abertos)
61832;AURIFLAMA;SP;2025-2028;KATIA CONCEIÇÃO MORITA DE CARVALHO;KATIA MORITA;MDB;ELEITO;TSE (dados abertos)
63835;DOIS CÓRREGOS;SP;2025-2028;ALCEU ANTONIO MAZZIERO;TIÃO MAZZIERO;PSD;ELEITO;TSE (dados abertos)
69850;RIOLÂNDIA;SP;2025-2028;ANTONIO CARLOS SANTANA DA SILVA;TONINHO SANTANA;PSD;ELEITO;TSE (dados abertos)
71110;SÃO PEDRO DO TURVO;SP;2025-2028;LUIZ FELIPE DE CASTRO TAVARES;FELIPE BIBA;PSD;ELEITO;TSE (dados abertos)
65870;JABOTICABAL;SP;2025-2028;EMERSON RODRIGO CAMARGO;PROFESSOR EMERSON;MDB;ELEITO;TSE (dados abertos)
69833;RIO GRANDE DA SERRA;SP;2025-2028;RICARDO AKIRA ONO AURIANI;AKIRA AURIANI;PSB;ELEITO;TSE (dados abertos)
67571;NOVA ALIANÇA;SP;2025-2028;JURANDIR BARBOSA DE MORAIS;JURA;PSD;ELEITO;TSE (dados abertos)
63215;CASTILHO;SP;2025-2028;PAULO DUARTE BOAVENTURA;PAULO BOAVENTURA;PP;ELEITO;TSE (dados abertos)
61000;EUCLIDES DA CUNHA PAULISTA;SP;2025-2028;DOMINGOS MENTE LOPES;NENE LOPES;REPUBLICANOS;ELEITO;TSE (dados abertos)
67350;MONTEIRO LOBATO;SP;2025-2028;EDMAR JOSÉ DE ARAUJO;EDMAR;PSD;ELEITO;TSE (dados abertos)
69159;PORTO FERREIRA;SP;2025-2028;ANDRE LUIS ANCHAO BRAGA;ANDRE BRAGA;PL;ELEITO;TSE (dados abertos)
72133;UCHOA;SP;2025-2028;JOSÉ CLAUDIO MARTINS;CLAUDIO MARTINS;MDB;ELEITO;TSE (dados abertos)
62995;CANANÉIA;SP;2025-2028;ANDRE NOGUEIRA SANCHES;ANDRE SANCHES;UNIÃO;ELEITO;TSE (dados abertos)
62006;ILHA COMPRIDA;SP;2025-2028;MARISTELA OSÓRIO DE MARQUES CARDONA;MARISTELA;REPUBLICANOS;ELEITO;TSE (dados abertos)
65919;JACI;SP;2025-2028;VALÉRIA PERPÉTUO GUIMARÃES HENRIQUE;VALÉRIA GUIMARÃES;REPUBLICANOS;ELEITO;TSE (dados abertos)
66435;LINS;SP;2025-2028;JOÃO LUIS LOPES PANDOLFI;DR JOÃO PANDOLFI;PSD;ELEITO;TSE (dados abertos)
68730;PIRACAIA;SP;2025-2028;ANDRÉ HENRIQUE ROGÉRIO;ANDRÉ ROGÉRIO;PL;ELEITO;TSE (dados abertos)
62758;CACONDE;SP;2025-2028;JOSÉ AFONSO DE PAIVA;ZÉ AFONSO;MDB;ELEITO;TSE (dados abertos)
63053;CAPÃO BONITO;SP;2025-2028;JULIO FERNANDO GALVÃO DIAS;JULIO FERNANDO;PL;ELEITO;TSE (dados abertos)
65137;INDIANA;SP;2025-2028;WHESLEN THIEGO SCAIONE CACHOEIRA;CANARINHO JUNIOR;PP;ELEITO;TSE (dados abertos)
69035;PONGAÍ;SP;2025-2028;GILHIARD HENRIQUE DE BORTOLI;GILHIARD BORTOLI;CIDADANIA;ELEITO;TSE (dados abertos)
71714;TAPIRAÍ;SP;2025-2028;ARALDO TODESCO;TODESCO;PSB;ELEITO;TSE (dados abertos)
72150;UNIÃO PAULISTA;SP;2025-2028;KENDREA ALVES PAPILE CAVATÃO;KENDREA PAPILE;PSD;ELEITO;TSE (dados abertos)
61654;ARARAS;SP;2025-2028;IRINEU NORIVAL MARETTO;IRINEU MARRETTO;PSD;ELEITO;TSE (dados abertos)
62170;BATATAIS;SP;2025-2028;LUIS FERNANDO BENEDINI GASPAR JUNIOR;JUNINHO GASPAR;PP;ELEITO;TSE (dados abertos)
68136;PARAIBUNA;SP;2025-2028;HELOISA ANTUNES DE FARIA SANTOS;PROF HELÔ;PL;ELEITO;TSE (dados abertos)
68578;PIEDADE;SP;2025-2028;GERALDO PINTO DE CAMARGO FILHO;GERALDINHO;PSD;ELEITO;TSE (dados abertos)
70718;SANTOS;SP;2025-2028;ROGÉRIO PEREIRA DOS SANTOS;ROGÉRIO SANTOS;REPUBLICANOS;ELEITO;TSE (dados abertos)
67091;MIRASSOLÂNDIA;SP;2025-2028;CÉLIA APARECIDA FIAMENGHI DOS SANTOS MATOS;CÉLIA;PSD;ELEITO;TSE (dados abertos)
67431;MURUTINGA DO SUL;SP;2025-2028;CRISTIANO ELEUTÉRIO SOARES DA SILVA;CRISTIANO;PODE;ELEITO;TSE (dados abertos)
68659;ESPÍRITO SANTO DO PINHAL;SP;2025-2028;SERGIO DEL BIANCHI JUNIOR;SERGINHO BIANCHI;PSD;ELEITO;TSE (dados abertos)
64599;GUARACI;SP;2025-2028;RENATO AZEDA RIBEIRO DE AGUIAR;RENATO AZEDA;CIDADANIA;ELEITO;TSE (dados abertos)
65552;ITÁPOLIS;SP;2025-2028;VLADIMIR DO CARMO REGGIANI;MI REGGIANI;PL;ELEITO;TSE (dados abertos)
70599;SANTO ANTÔNIO DA ALEGRIA;SP;2025-2028;DENILSON DE CARVALHO;DENILSON MEGA;REPUBLICANOS;ELEITO;TSE (dados abertos)
63738;CUNHA;SP;2025-2028;RODRIGO SERGIO DO NASCIMENTO;RODRIGO DO NETO;PL;ELEITO;TSE (dados abertos)
65595;ITAPUÍ;SP;2025-2028;MARIA CLELIA VIARO PICHELLI;CLELIA;PSD;ELEITO;TSE (dados abertos)
67113;MOCOCA;SP;2025-2028;EDUARDO RIBEIRO BARISON;EDUARDO BARISON;PSD;ELEITO;TSE (dados abertos)
67954;OURINHOS;SP;2025-2028;GUILHERME ANDREW GONÇALVES DA SILVA;GUILHERME GONÇALVES;PODE;ELEITO;TSE (dados abertos)
67970;OURO VERDE;SP;2025-2028;JULIO CESAR DE MORI VECCHIATI;JULIÃO;UNIÃO;ELEITO;TSE (dados abertos)
61018;ADAMANTINA;SP;2025-2028;JOSÉ CARLOS MARTINS TIVERON;JOSÉ TIVERON;NOVO;ELEITO;TSE (dados abertos)
61581;ALAMBARI;SP;2025-2028;JOÃO PAULO DANTAS PINTO;JOÃO PAULO CARIOCA;PSD;ELEITO;TSE (dados abertos)
70831;SÃO JOÃO DA BOA VISTA;SP;2025-2028;VANDERLEI BORGES DE CARVALHO;VANDERLEI;PSD;ELEITO;TSE (dados abertos)
66036;JARDINÓPOLIS;SP;2025-2028;ANTONIO CARLOS DEGAN;DEGAN;MDB;ELEITO;TSE (dados abertos)
61379;AMPARO;SP;2025-2028;CARLOS ALBERTO MARTINS;CARLOS ALBERTO;MDB;ELEITO;TSE (dados abertos)
67750;OCAUÇU;SP;2025-2028;JOÃO BENEDITO COSTA E SILVA;DITO COSTA E SILVA;PSD;ELEITO;TSE (dados abertos)
68853;PIRAPOZINHO;SP;2025-2028;LUCAS PADOVAN DOS SANTOS PAVANI;LUCAS PADOVAN SANTOS PAVANI;PSD;ELEITO;TSE (dados abertos)
61158;ALFREDO MARCONDES;SP;2025-2028;CELSO PIRANI PASSOS;CELSO PIRANI;UNIÃO;ELEITO;TSE (dados abertos)
63819;DOBRADA;SP;2025-2028;ANTONIO CARLOS DE MATTOS SANTOS;CARLOS DENTISTA;MDB;ELEITO;TSE (dados abertos)
65293;IRACEMÁPOLIS;SP;2025-2028;NELITA CRISTINA MICHEL FRANCESCHINI;NELITA MICHEL;PL;ELEITO;TSE (dados abertos)
65498;ITAPEVA;SP;2025-2028;ADRIANA DUCH MACHADO;CORONEL DUCH;MDB;ELEITO;TSE (dados abertos)
65692;ITATIBA;SP;2025-2028;THOMÁS ANTONIO CAPELETTO DE OLIVEIRA;DR THOMÁS;PSD;ELEITO;TSE (dados abertos)
61263;ARAÇARIGUAMA;SP;2025-2028;RODRIGO DE ANDRADE;RODRIGO ANDRADE;REPUBLICANOS;ELEITO;TSE (dados abertos)
71897;TERRA ROXA;SP;2025-2028;ROGERIO RAFAEL FURLINI;RAFAEL;PSD;ELEITO;TSE (dados abertos)
63070;CAPELA DO ALTO;SP;2025-2028;HENRIQUE DANIEL LEME;HENRIQUE DANIEL LEME;PSD;ELEITO;TSE (dados abertos)
70955;SÃO JOSÉ DO RIO PARDO;SP;2025-2028;MARCIO CALLEGARI ZANETTI;MARCIO ZANETTI;MDB;ELEITO;TSE (dados abertos)
67130;MOGI DAS CRUZES;SP;2025-2028;MARIA LUISA PICCOLOMINI BERTAIOLLI;MARA BERTAIOLLI;PL;ELEITO;TSE (dados abertos)
68233;PARDINHO;SP;2025-2028;CRISTIANO CAMARGO MOREIRA;CRISTIANO CAMARGO;REPUBLICANOS;ELEITO;TSE (dados abertos)
69795;RIO CLARO;SP;2025-2028;GUSTAVO RAMOS PERISSINOTTO;GUSTAVO PERISSINOTTO;PSD;ELEITO;TSE (dados abertos)
62596;BROTAS;SP;2025-2028;ALEXSANDRA BERTO BRANDÃO;LECA BERTO;PODE;ELEITO;TSE (dados abertos)
66451;LORENA;SP;2025-2028;SYLVIO BALLERINI;SYLVINHO BALLERINI;PSD;ELEITO;TSE (dados abertos)
64017;EMBU DAS ARTES;SP;2025-2028;HUGO DO PRADO SANTOS;HUGO PRADO;REPUBLICANOS;ELEITO;TSE (dados abertos)
61727;HORTOLÂNDIA;SP;2025-2028;JOSE NAZARENO ZEZE GOMES;ZEZÉ GOMES;REPUBLICANOS;ELEITO;TSE (dados abertos)
62324;JUMIRIM;SP;2025-2028;DANIEL VIEIRA;DANIEL VIEIRA;PSD;ELEITO;TSE (dados abertos)
71277;SEBASTIANÓPOLIS DO SUL;SP;2025-2028;JOSE ANTONIO ABREU DO VALLE;TONHO ABREU;PSD;ELEITO;TSE (dados abertos)
65110;INDAIATUBA;SP;2025-2028;CUSTÓDIO TAVARES DIAS NETO;DR CUSTÓDIO;MDB;ELEITO;TSE (dados abertos)
61980;NOVA CAMPINA;SP;2025-2028;ANTONIO ISAEL DE OLIVEIRA JUNIOR;JUNIOR DA SAÚDE;PSD;ELEITO;TSE (dados abertos)
70475;SANTANA DE PARNAÍBA;SP;2025-2028;ELVIS LEONARDO CEZAR;ELVIS CEZAR;REPUBLICANOS;ELEITO;TSE (dados abertos)
61387;EMILIANÓPOLIS;SP;2025-2028;ELTON MUNHOZ DE SOUZA;ELTON;PODE;ELEITO;TSE (dados abertos)
64319;GABRIEL MONTEIRO;SP;2025-2028;RENEE CREMA VIDOTO;RENEE DO BATUTA;PSDB;ELEITO;TSE (dados abertos)
63118;CARAGUATATUBA;SP;2025-2028;MATEUS VENEZIANI DA SILVA;MATEUS SILVA;PSD;ELEITO;TSE (dados abertos)
63339;CESÁRIO LANGE;SP;2025-2028;RAMIRO DE CAMPOS;RAMIRO;REPUBLICANOS;ELEITO;TSE (dados abertos)
70912;SÃO JOSÉ DA BELA VISTA;SP;2025-2028;WALTER CÁSSIO CARVALHO FACCIROLLI;WALTER CÁSSIO;PSD;ELEITO;TSE (dados abertos)
66672;MAGDA;SP;2025-2028;RODOLFO FERREIRA KAMÁ;RODOLFO KAMÁ;UNIÃO;ELEITO;TSE (dados abertos)
65374;ITAÍ;SP;2025-2028;JOSE RAMIRO ANTUNES DO PRADO;ZÉ RAMIRO;PP;ELEITO;TSE (dados abertos)
62081;BREJO ALEGRE;SP;2025-2028;ADRIANO MARCELO BONILHA;ADRIANO;UNIÃO;ELEITO;TSE (dados abertos)
70190;ÁGUAS DE SANTA BÁRBARA;SP;2025-2028;WILIAN JOSÉ DE OLIVEIRA MEANA;SGTO WILIAN;UNIÃO;ELEITO;TSE (dados abertos)
67296;MONTE APRAZÍVEL;SP;2025-2028;JOÃO ROBERTO CAMARGO;CAMARGO;PP;ELEITO;TSE (dados abertos)
61590;ARAMINA;SP;2025-2028;LUIS SÉRGIO CELESTE JORGE;LUIS SÉRGIO;REPUBLICANOS;ELEITO;TSE (dados abertos)
62146;PRATÂNIA;SP;2025-2028;OSMIR JOSÉ FÉLIX;OSMIR FÉLIX;PP;ELEITO;TSE (dados abertos)
71293;SERRA AZUL;SP;2025-2028;DEBORA CRISTINA RIBEIRO DA SILVA;DÉBORA RIBEIRO;MDB;ELEITO;TSE (dados abertos)
66290;LARANJAL PAULISTA;SP;2025-2028;ANTONIO VALDECIR BERTO FILHO;VALDECIR;REPUBLICANOS;ELEITO;TSE (dados abertos)
72079;TURMALINA;SP;2025-2028;PRISCILLA TATIANA DIAS MASSONI;PRISCILLA;PSD;ELEITO;TSE (dados abertos)
61921;ZACARIAS;SP;2025-2028;HEDER JEAN BRUNO DE OLIVEIRA;HEDER PATURI;PSD;ELEITO;TSE (dados abertos)
61778;ARUJÁ;SP;2025-2028;LUIS ANTONIO DE CAMARGO;DR. CAMARGO;PSD;ELEITO;TSE (dados abertos)
62286;FERNÃO;SP;2025-2028;EBER ROGÉRIO ASSIS;BILL;PL;ELEITO;TSE (dados abertos)
62120;PRACINHA;SP;2025-2028;LAERCIO BIASI;LAERCIO BIASI;PRD;ELEITO;TSE (dados abertos)
69256;PRESIDENTE BERNARDES;SP;2025-2028;CLEBERSON DUARTE DE SOUZA;CLEBER;PP;ELEITO;TSE (dados abertos)
71030;SÃO MANUEL;SP;2025-2028;ODIRLEI JOSÉ FÉLIX;ODIRLEI BAIXINHO;PP;ELEITO;TSE (dados abertos)
61328;SANTO ANTÔNIO DO ARACANGUÁ;SP;2025-2028;LUIZ CARLOS DOS REIS NONATO;LUIZÃO;PODE;ELEITO;TSE (dados abertos)
70998;SÃO JOSÉ DOS CAMPOS;SP;2025-2028;ANDERSON FARIAS FERREIRA;ANDERSON;PSD;ELEITO;TSE (dados abertos)
62219;BEBEDOURO;SP;2025-2028;LUCAS GIBIN SEREN;LUCAS SEREN;PL;ELEITO;TSE (dados abertos)
65331;IRAPURU;SP;2025-2028;ADEMAR CALEGÃO;MAZINHO;REPUBLICANOS;ELEITO;TSE (dados abertos)
71790;TARABAI;SP;2025-2028;RUBENS PINAFFI JUNIOR;RUBINHO;UNIÃO;ELEITO;TSE (dados abertos)
67938;OSVALDO CRUZ;SP;2025-2028;VERA LUCIA ALVES;VERA MORENA;PP;ELEITO;TSE (dados abertos)
66796;MARIÁPOLIS;SP;2025-2028;RICARDO MITSURO WATANABE;RICARDO;PSD;ELEITO;TSE (dados abertos)
69213;PRAIA GRANDE;SP;2025-2028;ALBERTO PEREIRA MOURÃO;MOURÃO;MDB;ELEITO;TSE (dados abertos)
70270;SANTA CRUZ DAS PALMEIRAS;SP;2025-2028;LUIZ FERNANDO STOCCO;FERNANDO STOCCO;MDB;ELEITO;TSE (dados abertos)
64475;GUAIMBÊ;SP;2025-2028;MARCIA HELENA PEREIRA CABRAL ACHILLES;MÁRCIA ACHILLES;PSD;ELEITO;TSE (dados abertos)
61298;ALVINLÂNDIA;SP;2025-2028;ANTONIO FERREIRA DE MORAES JUNIOR;JUNIOR MORAES CURRAL;PP;ELEITO;TSE (dados abertos)
69175;POTIRENDABA;SP;2025-2028;GISLAINE MONTANARI FRANZOTTI;GI FRANZOTTI;PL;ELEITO;TSE (dados abertos)
69191;PRADÓPOLIS;SP;2025-2028;SAULO EMMANUEL ATIQUE FILHO;SAULINHO;PSD;ELEITO;TSE (dados abertos)
71978;TREMEMBÉ;SP;2025-2028;CLEMENTE ANTONIO DE LIMA NETO;CLEMENTE;PSD;ELEITO;TSE (dados abertos)
66230;JUQUIÁ;SP;2025-2028;CICERO CIRILO DOS SANTOS;CIRILO;UNIÃO;ELEITO;TSE (dados abertos)
68535;PERUÍBE;SP;2025-2028;FELIPE ANTONIO COLAÇO BERNARDO;FELIPE BERNARDO;PSD;ELEITO;TSE (dados abertos)
67652;NOVA INDEPENDÊNCIA;SP;2025-2028;FERNANDO MACCHI SANTANA;FERNANDINHO SANTANA;PP;ELEITO;TSE (dados abertos)
67776;ÓLEO;SP;2025-2028;JORDÃO ANTONIO VIDOTTO;JORDÃO;PSD;ELEITO;TSE (dados abertos)
71170;SÃO SEBASTIÃO DA GRAMA;SP;2025-2028;JOSÉ FRANCISCO MARTHA;ZÉ DA DOCA;PSD;ELEITO;TSE (dados abertos)
61123;DIRCE REIS;SP;2025-2028;MARCELO JOSÉ BERNARDO;PROF MARCELO;PSD;ELEITO;TSE (dados abertos)
70696;SANTÓPOLIS DO AGUAPEÍ;SP;2025-2028;GERSON ALVES DE LIMA JUNIOR;JUNINHO;PSD;ELEITO;TSE (dados abertos)
61271;ÁLVARO DE CARVALHO;SP;2025-2028;ADILSON DE OLIVEIRA LOPES;ADILSON;PL;ELEITO;TSE (dados abertos)
71870;TEODORO SAMPAIO;SP;2025-2028;CLAUDIO EVANGELISTA DA SILVA JUNIOR;JUNINHO POCEIRO;UNIÃO;ELEITO;TSE (dados abertos)
66893;MAUÁ;SP;2025-2028;FRANCISCO MARCELO DE OLIVEIRA;MARCELO OLIVEIRA;PT;ELEITO;TSE (dados abertos)
68691;PIQUEROBI;SP;2025-2028;ADRIANA CRIVELLI BIFFE;ADRIANA CRIVELLI;MDB;ELEITO;TSE (dados abertos)
71013;SÃO LUÍS DO PARAITINGA;SP;2025-2028;ALEX EUZÉBIO TORRES;ALEX TORRES;PL;ELEITO;TSE (dados abertos)
71579;TABOÃO DA SERRA;SP;2025-2028;DANIEL PLANA BOGALHO;ENGENHEIRO DANIEL;UNIÃO;ELEITO;TSE (dados abertos)
67555;NIPOÃ;SP;2025-2028;JOSE PEDRO RAMPIM;ZÉ PEDRO;PSD;ELEITO;TSE (dados abertos)
68071;PALMITAL;SP;2025-2028;LUIS GUSTAVO MENDES MORAES;LUIS GUSTAVO;PSD;ELEITO;TSE (dados abertos)
68519;PEREIRAS;SP;2025-2028;OSMAR PASQUALINO RODRIGUES RAMOS JUNIOR;OSMARZINHO;PSD;ELEITO;TSE (dados abertos)
62553;BRAÚNA;SP;2025-2028;MAICON APARECIDO SUBIRES RIBEIRO;MAICON ENFERMEIRO;UNIÃO;ELEITO;TSE (dados abertos)
69892;RUBIÁCEA;SP;2025-2028;JÚLIO CÉSAR FELISMINO;JULIO;PSD;ELEITO;TSE (dados abertos)
61913;BADY BASSITT;SP;2025-2028;JANIMEIRI CATELANI BUZZI;MEIRI CATELANI;PODE;ELEITO;TSE (dados abertos)
63495;CORDEIRÓPOLIS;SP;2025-2028;MARIA CRISTINA DEGASPARI ABRAHÃO SAAD;CRISTINA SAAD;UNIÃO;ELEITO;TSE (dados abertos)
65196;IPAUSSU;SP;2025-2028;LUIZ CARLOS SOUTO;LUIZÃO;PSD;ELEITO;TSE (dados abertos)
68373;PEDRA BELA;SP;2025-2028;VANDERLEI LOPES DA SILVA;DERLEI;UNIÃO;ELEITO;TSE (dados abertos)
62790;CAIABU;SP;2025-2028;SUELEN NARA MATOS MATIVE;SUELEN MATIVE;REPUBLICANOS;ELEITO;TSE (dados abertos)
71218;SÃO VICENTE;SP;2025-2028;KAYO FELYPE NACHTAJLER AMADO;KAYO AMADO;PODE;ELEITO;TSE (dados abertos)
71692;TANABI;SP;2025-2028;ALEXANDRE SILVEIRA BERTOLINI;XANDÃO;PSB;ELEITO;TSE (dados abertos)
65153;INDIAPORÃ;SP;2025-2028;BERNADETE APARECIDA SANTANA RIBEIRO SPONQUIADO;BERNADETE  SPONQUIADO;REPUBLICANOS;ELEITO;TSE (dados abertos)
66834;MARINÓPOLIS;SP;2025-2028;EVALDO RIBEIRO;EVALDO;PSD;ELEITO;TSE (dados abertos)
69710;RIVERSUL;SP;2025-2028;MARCOS ROBERTO DOS SANTOS;MARCÃO;PSD;ELEITO;TSE (dados abertos)
65617;ITAPURA;SP;2025-2028;SERGINO DA SILVA PRADO;NENZINHO;PSD;ELEITO;TSE (dados abertos)
67997;PACAEMBU;SP;2025-2028;JOAO FRANCISCO MUGNAI NEVES;JOAO FRANCISCO;PL;ELEITO;TSE (dados abertos)
69698;RIBEIRÃO PRETO;SP;2025-2028;RICARDO AUGUSTO MACHADO DA SILVA;RICARDO SILVA;PSD;ELEITO;TSE (dados abertos)
63576;COSMÓPOLIS;SP;2025-2028;ANTONIO CLAUDIO FELISBINO JUNIOR;JUNIOR FELISBINO;PSD;ELEITO;TSE (dados abertos)
71439;SOCORRO;SP;2025-2028;MAURICIO DE OLIVEIRA SANTOS;MAURICIO DE OLIVEIRA SANTOS;PSD;ELEITO;TSE (dados abertos)
62154;BASTOS;SP;2025-2028;KLEBER LOPES DE SOUSA;KLEBER LOPES ENFERMEIRO;PL;ELEITO;TSE (dados abertos)
64130;FERNANDO PRESTES;SP;2025-2028;MARIEL SEBASTIÃO ROCHA;MARIEL DA ROCHA;PSDB;ELEITO;TSE (dados abertos)
68438;PEDREIRA;SP;2025-2028;FÁBIO VINICIUS POLIDORO;FABIO POLIDORO;REPUBLICANOS;ELEITO;TSE (dados abertos)
61441;SALTINHO;SP;2025-2028;HELIO FRANZOL BERNARDINO;HELINHO BERNARDINO;PL;ELEITO;TSE (dados abertos)
71153;SÃO SEBASTIÃO;SP;2025-2028;REINALDO ALVES MOREIRA FILHO;REINALDINHO;REPUBLICANOS;ELEITO;TSE (dados abertos)
62227;VITÓRIA BRASIL;SP;2025-2028;PAULO HENRIQUE MIOTTO;PAULINHO DO AÇOUGUE;PSD;ELEITO;TSE (dados abertos)
61620;TUIUTI;SP;2025-2028;ALEXANDRE TADEU GONÇALVES;CARECA;UNIÃO;ELEITO;TSE (dados abertos)
64556;GUARÁ;SP;2025-2028;TULIO DE MATTOS FIGUEIREDO;DR. TULIO;PODE;ELEITO;TSE (dados abertos)
67512;NEVES PAULISTA;SP;2025-2028;NORIVAL DONIZETI ROSSALI;KIKO ROSSALI;PL;ELEITO;TSE (dados abertos)
63975;ELDORADO;SP;2025-2028;NOEL CASTELO DA COSTA;PROF. NOEL CASTELO;SOLIDARIEDADE;ELEITO;TSE (dados abertos)
61719;AREIÓPOLIS;SP;2025-2028;MICHEL HENRIQUE AUGUSTO;MICHEL AUGUSTO;PODE;ELEITO;TSE (dados abertos)
61956;BÁLSAMO;SP;2025-2028;JOSE EDUARDO NALIATI JUNIOR;JUNIOR NALIATI;MDB;ELEITO;TSE (dados abertos)
61450;ANHEMBI;SP;2025-2028;JAIRO DE GÓIS;JAIRO GÓIS;REPUBLICANOS;ELEITO;TSE (dados abertos)
63770;DIADEMA;SP;2025-2028;TAKAHARU YAMAUCHI;TAKA YAMAUCHI;MDB;ELEITO;TSE (dados abertos)
69671;RIBEIRÃO PIRES;SP;2025-2028;LUIZ GUSTAVO PINHEIRO VOLPI;GUTO VOLPI;PL;ELEITO;TSE (dados abertos)
64750;GUARUJÁ;SP;2025-2028;FARID SAID MADI;FARID MADI;PODE;ELEITO;TSE (dados abertos)
71676;TAMBAÚ;SP;2025-2028;LEONARDO TEIXEIRA SPIGA REAL;LEONARDO SPIGA REAL;REPUBLICANOS;ELEITO;TSE (dados abertos)
66214;JUNQUEIRÓPOLIS;SP;2025-2028;ELIO FURINI NETO;NETO FURINI;REPUBLICANOS;ELEITO;TSE (dados abertos)
67172;MOGI MIRIM;SP;2025-2028;PAULO DE OLIVEIRA E SILVA;DR PAULO SILVA;PDT;ELEITO;TSE (dados abertos)
62383;OUROESTE;SP;2025-2028;SEBASTIÃO CARLOS SILVA;TIÃOZINHO DO LUIZINHO;REPUBLICANOS;ELEITO;TSE (dados abertos)
66630;MACAUBAL;SP;2025-2028;ACACIO TARDOQUE FERREIRA;ACÁCIO;PSD;ELEITO;TSE (dados abertos)
65854;JABORANDI;SP;2025-2028;SILVIO VAZ DE ALMEIDA;SILVINHO VAZ;PODE;ELEITO;TSE (dados abertos)
70530;SANTA ROSA DE VITERBO;SP;2025-2028;OMAR NAGIB MOUSSA;OMAR NAGIB;PSD;ELEITO;TSE (dados abertos)
70394;SANTA LÚCIA;SP;2025-2028;ANTONIO CARLOS ABUABUD JUNIOR;JUNIOR DA FARMÁCIA;PT;ELEITO;TSE (dados abertos)
61034;ADOLFO;SP;2025-2028;RICARDO DI GIORGIO ROBLES;RICARDO DA GRANADA;PODE;ELEITO;TSE (dados abertos)
63533;CORONEL MACEDO;SP;2025-2028;DIEGO GARCIA BATISTA;DIEGO DO NINO;PSD;ELEITO;TSE (dados abertos)
61506;CAMPINA DO MONTE ALEGRE;SP;2025-2028;MARCELO LISBÔA MACHADO;MARCELO TURMEIRO;MDB;ELEITO;TSE (dados abertos)
63517;COROADOS;SP;2025-2028;ROBERTO CARRILHO ALVES;CHÉCO;PDT;ELEITO;TSE (dados abertos)
62073;BARRA DO TURVO;SP;2025-2028;VICTOR MARUYAMA;DR. VICTOR MARUYAMA;PODE;ELEITO;TSE (dados abertos)
65315;IRAPUÃ;SP;2025-2028;RENI APARECIDA DA SILVA;RENI SILVA;PSD;ELEITO;TSE (dados abertos)
65897;JACAREÍ;SP;2025-2028;CELSO FLORÊNCIO DE SOUZA;CELSO FLORÊNCIO;PL;ELEITO;TSE (dados abertos)
67610;NOVA GRANADA;SP;2025-2028;LUIZ AUGUSTO SALVADOR;LUIZINHO;PSD;ELEITO;TSE (dados abertos)
62421;RIBEIRÃO DOS ÍNDIOS;SP;2025-2028;VALDECI JOSE FERNANDES;NINO TERCINO;PSD;ELEITO;TSE (dados abertos)
66273;LAGOINHA;SP;2025-2028;JOSÉ GUILHERME CORRÊA GOMES;ZECA;PL;ELEITO;TSE (dados abertos)
72214;URUPÊS;SP;2025-2028;ROBERTO CACCIARI FILHO;DR BETO CACCIARI;PL;ELEITO;TSE (dados abertos)
62251;BERNARDINO DE CAMPOS;SP;2025-2028;WILSON JOSE GARCIA;WILSON GARCIA;PSD;ELEITO;TSE (dados abertos)
63797;DIVINOLÂNDIA;SP;2025-2028;ANTONIO DE PADUA AQUISTI;PADOCA;PL;ELEITO;TSE (dados abertos)
68470;PENÁPOLIS;SP;2025-2028;CARLOS HENRIQUE ROSSI CATALANI;CAIQUE ROSSI;PSD;ELEITO;TSE (dados abertos)
72311;VARGEM GRANDE DO SUL;SP;2025-2028;CELSO LUIS RIBEIRO;CELSO RIBEIRO;REPUBLICANOS;ELEITO;TSE (dados abertos)
61417;ANDRADINA;SP;2025-2028;MARIO CELSO LOPES;MARIO CELSO LOPES;PSD;ELEITO;TSE (dados abertos)
61735;ARIRANHA;SP;2025-2028;EMERSON ANTONIO TROVÓ;DEDÊ TROVÓ;PL;ELEITO;TSE (dados abertos)
68039;PALMARES PAULISTA;SP;2025-2028;LUCAS APARECIDO DA ASSUMÇÃO;LUCAS ASSUMÇÃO;PSD;ELEITO;TSE (dados abertos)
68292;PAULICÉIA;SP;2025-2028;ANTONIO SIMONATO;SIMONATO;PSD;ELEITO;TSE (dados abertos)
67717;NOVO HORIZONTE;SP;2025-2028;FABIANO DE MELLO BELENTANI;FABIANO BELENTANI;PL;ELEITO;TSE (dados abertos)
68179;PARANAPANEMA;SP;2025-2028;RODOLFO HESSEL FANGANIELLO;RODOLFO FANGANIELLO;PSD;ELEITO;TSE (dados abertos)
63037;CÂNDIDO RODRIGUES;SP;2025-2028;TIAGO ALEX RAVAZZI;TIAGO RAVAZZI;PL;ELEITO;TSE (dados abertos)
61760;ELISIÁRIO;SP;2025-2028;CASSIO ROBERTO BERTELLI;CÁSSIO BERTELLI;PSD;ELEITO;TSE (dados abertos)
66257;JUQUITIBA;SP;2025-2028;WILLIANS SOARES RODRIGUES;WILLIANS SOARES;MDB;ELEITO;TSE (dados abertos)
70793;SÃO CARLOS;SP;2025-2028;ANTONIO DONATO NETTO;NETTO DONATO;PP;ELEITO;TSE (dados abertos)
66478;LOUVEIRA;SP;2025-2028;PAULO ALBERTO FINAMORE;PAULO FINAMORE;MDB;ELEITO;TSE (dados abertos)
68110;PARAGUAÇU PAULISTA;SP;2025-2028;ANTONIO TAKASHI SASADA;ANTIAN;PSD;ELEITO;TSE (dados abertos)
68276;PATROCÍNIO PAULISTA;SP;2025-2028;MÁRIO MARCELO CARRARO BERTELLI;MÁRIO MARCELO;PSD;ELEITO;TSE (dados abertos)
72397;VIRADOURO;SP;2025-2028;NILTON AUGUSTO ALVES FILHO;NILTINHO;PSD;ELEITO;TSE (dados abertos)
63193;CÁSSIA DOS COQUEIROS;SP;2025-2028;SILVIO SANTOS DOS REIS FARIA;SILVIO DA FARMÁCIA;PSD;ELEITO;TSE (dados abertos)
70173;SANTA BÁRBARA D'OESTE;SP;2025-2028;RAFAEL PIOVEZAN;RAFAEL PIOVEZAN;PL;ELEITO;TSE (dados abertos)
66095;JERIQUARA;SP;2025-2028;ELAINE PINHEIRO DE PAULA MANSANO GARCIA;ELAINE PINHEIRO;MDB;ELEITO;TSE (dados abertos)
67377;MONTE MOR;SP;2025-2028;MURILO ANTÔNIO DE SOUSA RINALDO;MURILO RINALDO;PP;ELEITO;TSE (dados abertos)
68195;PARANAPUÃ;SP;2025-2028;DANIEL JUNIOR DURAN PINATTO;JUNINHO PINATTO;PP;ELEITO;TSE (dados abertos)
69078;PONTES GESTAL;SP;2025-2028;MARCEL DIAS LEITE;MARCEL;PP;ELEITO;TSE (dados abertos)
61301;SUZANÁPOLIS;SP;2025-2028;GERSO ANTONIO DE OLIVEIRA;GERSO OLIVEIRA;PSDB;ELEITO;TSE (dados abertos)
61930;BALBINOS;SP;2025-2028;JOSE MARCIO RIGOTTO;ZÉ MÁRCIO ;MDB;ELEITO;TSE (dados abertos)
64173;FLORA RICA;SP;2025-2028;FABIO LUIZ FLORENTINO DE FARIA;FABINHO;PSD;ELEITO;TSE (dados abertos)
72052;TURIÚBA;SP;2025-2028;JORGE AUGUSTO MOLINA;JORGE MOLINA;PSD;ELEITO;TSE (dados abertos)
65013;IGARAÇU DO TIETÊ;SP;2025-2028;CARLOS ALBERTO VARASQUIM;BUCHO;MDB;ELEITO;TSE (dados abertos)
66591;LUTÉCIA;SP;2025-2028;LAUDEMIR LEATI;LEATI;PSD;ELEITO;TSE (dados abertos)
66176;JÚLIO MESQUITA;SP;2025-2028;ELTON FRANCISCO DE BRITO;ELTON;PP;ELEITO;TSE (dados abertos)
67733;NUPORANGA;SP;2025-2028;DANIEL VIANA MELO;DANIEL VIANA;PSDB;ELEITO;TSE (dados abertos)
68055;PALMEIRA D'OESTE;SP;2025-2028;VALDIR SEMENSATI DE MORAES;VALDIR SEMENSATI;PL;ELEITO;TSE (dados abertos)
68977;POÁ;SP;2025-2028;SAULO DE OLIVEIRA SOUZA;SAULO SOUZA;PP;ELEITO;TSE (dados abertos)
69051;PONTAL;SP;2025-2028;JOSÉ CARLOS NEVES SILVA;ZÉ CARLOS;MDB;ELEITO;TSE (dados abertos)
67474;NATIVIDADE DA SERRA;SP;2025-2028;EVAIL AUGUSTO DOS SANTOS;EVAIL AUGUSTO;PL;ELEITO;TSE (dados abertos)
63550;CORUMBATAÍ;SP;2025-2028;JOÃO BATISTA ALTARUGIO FILHO;JOÃOZINHO ALTARUGIO;PSD;ELEITO;TSE (dados abertos)
61816;ATIBAIA;SP;2025-2028;DANIEL DA ROCHA MARTINI;DANIEL MARTINI;PL;ELEITO;TSE (dados abertos)
64254;FRANCA;SP;2025-2028;ALEXANDRE AUGUSTO FERREIRA;ALEXANDRE FERREIRA;MDB;ELEITO;TSE (dados abertos)
66311;LAVÍNIA;SP;2025-2028;SALVADOR CAZUO MATSUNAKA;SALVADOR;PSD;ELEITO;TSE (dados abertos)
61425;NOVA CANAÃ PAULISTA;SP;2025-2028;THAIS CRISTINA COSTA MOREIRA;THAIS;PSD;ELEITO;TSE (dados abertos)
70491;SANTA RITA D'OESTE;SP;2025-2028;OSMAR SAMPAIO;OSMARZINHO DA OFICINA;PL;ELEITO;TSE (dados abertos)
70653;SANTO ANTÔNIO DO PINHAL;SP;2025-2028;ANDERSON JOSE MENDONÇA;PARRÃO;PSD;ELEITO;TSE (dados abertos)
65218;IPERÓ;SP;2025-2028;LEONARDO ROBERTO FOLIM;LÉO FOLIM;PSD;ELEITO;TSE (dados abertos)
61948;ITAPIRAPUÃ PAULISTA;SP;2025-2028;JULIO CESAR DO AMARAL;CESAR CONSTRUVALE;PSD;ELEITO;TSE (dados abertos)
67334;MONTE CASTELO;SP;2025-2028;EDSON CARLOS OLIVEIRA DA SILVA;PILOTO;PSD;ELEITO;TSE (dados abertos)
66575;LUPÉRCIO;SP;2025-2028;CLEBER MENEGUCCI;CLEBER MENEGUCCI;PP;ELEITO;TSE (dados abertos)
62731;CACHOEIRA PAULISTA;SP;2025-2028;BRENO BARBOSA ANAYA XAVIER;BRENO ANAYA;PP;ELEITO;TSE (dados abertos)
65170;INÚBIA PAULISTA;SP;2025-2028;FERNANDO ROSSI;FERNANDO ROSSI;PSD;ELEITO;TSE (dados abertos)
62405;PAULISTÂNIA;SP;2025-2028;LUIZ CARLOS MARQUES;TUCA MARQUES;MDB;ELEITO;TSE (dados abertos)
71250;SARUTAIÁ;SP;2025-2028;JOÃO ANTONIO FULONI;JOÃO DA TAPERA;REPUBLICANOS;ELEITO;TSE (dados abertos)
70734;SÃO BENTO DO SAPUCAÍ;SP;2025-2028;GILBERTO DONIZETI DE SOUZA;GIL ADVOGADO;MDB;ELEITO;TSE (dados abertos)
64211;FLÓRIDA PAULISTA;SP;2025-2028;JOSÉ ANDRIOTTI;DR ANDRIOTTI;PL;ELEITO;TSE (dados abertos)
61166;ROSANA;SP;2025-2028;CLAUDEMIR PERES FRANCISCO DE OLIVEIRA;CLAUDEMIR;REPUBLICANOS;ELEITO;TSE (dados abertos)
69914;RUBINÉIA;SP;2025-2028;ALEX OLIVO;ALEX OLIVO;PL;ELEITO;TSE (dados abertos)
70157;SANTA ALBERTINA;SP;2025-2028;GERSON FORMIGONI JUNIOR;JUNINHO FORMIGONI;REPUBLICANOS;ELEITO;TSE (dados abertos)
70432;SANTA MERCEDES;SP;2025-2028;VALDIR VERONA;VALDIR VERONA;PSD;ELEITO;TSE (dados abertos)
66699;MAIRINQUE;SP;2025-2028;CARLOS EDUARDO THOMAZ PEDROSO;EDUARDO THOMAZ;PL;ELEITO;TSE (dados abertos)
69116;PORANGABA;SP;2025-2028;JOÃO CARLOS ALVES BARROS;CAL;PSD;ELEITO;TSE (dados abertos)
69230;PRESIDENTE ALVES;SP;2025-2028;CRISTIANO DOS SANTOS;GUEGO;PSD;ELEITO;TSE (dados abertos)
67814;ONDA VERDE;SP;2025-2028;NILSON NEVES DE SOUZA;NILSINHO;PP;ELEITO;TSE (dados abertos)
69876;ROSEIRA;SP;2025-2028;FERNANDO AUGUSTO DE SIQUEIRA;FERNANDO SIQUEIRA;PL;ELEITO;TSE (dados abertos)
72451;VOTUPORANGA;SP;2025-2028;JORGE AUGUSTO SEBA;JORGE SEBA;PSD;ELEITO;TSE (dados abertos)
61484;CAJATI;SP;2025-2028;LUIZ HENRIQUE KOGA;LUIZ KOGA;PL;ELEITO;TSE (dados abertos)
65234;IPEÚNA;SP;2025-2028;MARIA LUISA ZANONI PRATA;MARIA LUISA DO ILDEBRAN;PSD;ELEITO;TSE (dados abertos)
68993;POLONI;SP;2025-2028;ANDREIA LUZIA FACHINI BRAIT;ANDREIA;PSD;ELEITO;TSE (dados abertos)
61808;PONTALINDA;SP;2025-2028;SISINIO DE OLIVEIRA LEÃO;SISINIO LEÃO;PSD;ELEITO;TSE (dados abertos)
71595;TACIBA;SP;2025-2028;IZIDORO ARCESTI RICCI;IZIDORO RICCI;PP;ELEITO;TSE (dados abertos)
69990;SALES OLIVEIRA;SP;2025-2028;MÔNICA DA SILVA FAVARIM;MÔNICA FAVARIM;MDB;ELEITO;TSE (dados abertos)
67237;MONGAGUÁ;SP;2025-2028;TERESA CRISTINA AGUIAR TOFANELLO WIAZOWSKI;CRISTINA;PP;ELEITO;TSE (dados abertos)
61514;APARECIDA D'OESTE;SP;2025-2028;IZAIAS APARECIDO SANCHEZ;IZAIAS;PSD;ELEITO;TSE (dados abertos)
72095;UBATUBA;SP;2025-2028;FLAVIA COMITTE DO NASCIMENTO;FLAVIA PASCOAL;PL;ELEITO;TSE (dados abertos)
63410;COLINA;SP;2025-2028;VALDEMIR ANTONIO MORALLES;MI;REPUBLICANOS;ELEITO;TSE (dados abertos)
61603;ITAOCA;SP;2025-2028;FREDERICO DIAS BATISTA;FREDERICO;PL;ELEITO;TSE (dados abertos)
69930;SABINO;SP;2025-2028;FERNANDO HENRIQUE FLORINDO;FERNANDO;PSD;ELEITO;TSE (dados abertos)
65412;ITAJU;SP;2025-2028;JERRI DE SOUZA NEIVA;JERRI DA FÁTIMA;PSD;ELEITO;TSE (dados abertos)
65510;ITAPEVI;SP;2025-2028;MARCOS FERREIRA GODOY;TECO;PODE;ELEITO;TSE (dados abertos)
67318;MONTE AZUL PAULISTA;SP;2025-2028;MARDQUEU SILVIO FRANÇA;DR. MARDQUEU;PL;ELEITO;TSE (dados abertos)
68616;PINDAMONHANGABA;SP;2025-2028;RICARDO ALBERTO PEREIRA PIORINO;RICARDO PIORINO;PL;ELEITO;TSE (dados abertos)
70670;SANTO EXPEDITO;SP;2025-2028;ANDERSON JOSE BETIO;NENÊ BÉTIO;PSD;ELEITO;TSE (dados abertos)
72117;UBIRAJARA;SP;2025-2028;LEILA ALVIM BORDIM;LEILA DO WALMIR;MDB;ELEITO;TSE (dados abertos)
61042;TARUMÃ;SP;2025-2028;ADRIANA BALEJO PIEDADE DA SILVA;ADRIANA RONCADA;PSD;ELEITO;TSE (dados abertos)
61972;BANANAL;SP;2025-2028;WILLIAM LANDIM DA SILVA;DR WILLIAM;REPUBLICANOS;ELEITO;TSE (dados abertos)
62235;BENTO DE ABREU;SP;2025-2028;TEREZINHA DO CARMO SALESSE;TEREZINHA SALESSE;PSDB;ELEITO;TSE (dados abertos)
64157;FERRAZ DE VASCONCELOS;SP;2025-2028;PRISCILA CONCEIÇÃO GAMBALE VIEIRA MATOS;PRISCILA GAMBALE;PODE;ELEITO;TSE (dados abertos)
63312;CERQUILHO;SP;2025-2028;PAULO ROBERTO PILON;DU PILON;MDB;ELEITO;TSE (dados abertos)
65277;IPUÃ;SP;2025-2028;RONYWERTON MARCELO ALVES PEREIRA;RONY;REPUBLICANOS;ELEITO;TSE (dados abertos)
65838;ITUVERAVA;SP;2025-2028;LUIZ ANTÔNIO DE ARAÚJO;LUIZ ARAÚJO;REPUBLICANOS;ELEITO;TSE (dados abertos)
69493;REGENTE FEIJÓ;SP;2025-2028;MARCO ANTÔNIO PEREIRA DA ROCHA;MARCO ROCHA;REPUBLICANOS;ELEITO;TSE (dados abertos)
69736;RIFAINA;SP;2025-2028;WILSON ALVES DA SILVA JUNIOR;JUNIOR DA SAUDE;PSD;ELEITO;TSE (dados abertos)
71617;TAGUAÍ;SP;2025-2028;EDER CARLOS FOGAÇA DA CRUZ;EDINHO FUNDÃO;PSD;ELEITO;TSE (dados abertos)
61751;ARTUR NOGUEIRA;SP;2025-2028;LUCAS SIA RISSATO;LUCAS SIA;PL;ELEITO;TSE (dados abertos)
62430;BORÁ;SP;2025-2028;LUIZ CARLOS RODRIGUES;LUIZ;PODE;ELEITO;TSE (dados abertos)
64190;FLOREAL;SP;2025-2028;RAUL SCALON;RAUL SCALON;UNIÃO;ELEITO;TSE (dados abertos)
66990;MIRACATU;SP;2025-2028;VINÍCIUS BRANDÃO DE QUEIROZ;VINICIUS DO IRAQUE;PL;ELEITO;TSE (dados abertos)
68772;PIRAJU;SP;2025-2028;CARLOS ALBERTO CAMARGO LIMA;CARLINHOS PNEUS;PL;ELEITO;TSE (dados abertos)
72737;VARGEM GRANDE PAULISTA;SP;2025-2028;PITER APARECIDO DOS SANTOS;PITER SANTOS;PODE;ELEITO;TSE (dados abertos)
61204;ILHA SOLTEIRA;SP;2025-2028;RODRIGO BATISTA GONÇALVES;RODRIGO KOKIM;PL;ELEITO;TSE (dados abertos)
65250;IPORANGA;SP;2025-2028;MARCOS DOS SANTOS DOMINGOS;MARQUINHOS;UNIÃO;ELEITO;TSE (dados abertos)
67032;MIRANDÓPOLIS;SP;2025-2028;EDERSON PANTALEAO DE SOUZA;GRAMPOLA PANTALEAO;UNIÃO;ELEITO;TSE (dados abertos)
68314;PAULÍNIA;SP;2025-2028;DANILO HENRIQUE MACÊDO DE BARROS;DANILO BARROS;PL;ELEITO;TSE (dados abertos)
61131;AGUDOS;SP;2025-2028;RAFAEL LIMA FERNANDES;RAFAEL LIMA;REPUBLICANOS;ELEITO;TSE (dados abertos)
62065;ARCO-ÍRIS;SP;2025-2028;ALDO MANSANO FERNANDES;ALDO MANSANO;UNIÃO;ELEITO;TSE (dados abertos)
62839;CAIUÁ;SP;2025-2028;JAYME SALVADOR ALVES;JAYME;REPUBLICANOS;ELEITO;TSE (dados abertos)
61840;TAQUARIVAÍ;SP;2025-2028;RUBENS CARLOS SOUTO DE BARROS;RUBINHO;PSD;ELEITO;TSE (dados abertos)
61255;ÁLVARES MACHADO;SP;2025-2028;LUIZ FRANCISCO BOIGUES;CHIQUINHO;UNIÃO;ELEITO;TSE (dados abertos)
62456;BORACÉIA;SP;2025-2028;MARCOS VINICIO BILANCIERI;MARCOS BILANCIERI;REPUBLICANOS;ELEITO;TSE (dados abertos)
63851;DOLCINÓPOLIS;SP;2025-2028;DIEGO APARECIDO PEREIRA MIGUEL;DIEGO MIGUEL;PSD;ELEITO;TSE (dados abertos)
70815;SÃO FRANCISCO;SP;2025-2028;SEBASTIÃO DE OLIVEIRA BAPTISTA;TIAOZINHO;REPUBLICANOS;ELEITO;TSE (dados abertos)
71099;SÃO PEDRO;SP;2025-2028;THIAGO SILVERIO DA SILVA;THIAGO SILVA;PSD;ELEITO;TSE (dados abertos)
63916;DUARTINA;SP;2025-2028;SUZY HELENA SIMÃO BLAGITZ FERRAZ;SUZY SIMAO;PSDB;ELEITO;TSE (dados abertos)
66877;MATÃO;SP;2025-2028;APARECIDO FERRARI;CIDO FERRARI;PT;ELEITO;TSE (dados abertos)
69531;REGISTRO;SP;2025-2028;SAMUEL MOREIRA DA SILVA JUNIOR;SAMUEL;PSD;ELEITO;TSE (dados abertos)
63150;CARDOSO;SP;2025-2028;LUÍS PAULO BEDNARSKI PEDRASSOLLI;LUÍS PAULO BEDNARSKI;MOBILIZA;ELEITO;TSE (dados abertos)
61115;ÁGUAS DE SÃO PEDRO;SP;2025-2028;JOÃO VICTOR BARBOZA;JOÃO VICTOR;PL;ELEITO;TSE (dados abertos)
61670;AREALVA;SP;2025-2028;PAULO JULIANO NICOLIELO JUNIOR;PAULINHO DA NINA;PODE;ELEITO;TSE (dados abertos)
69434;RAFARD;SP;2025-2028;FABIO DOS SANTOS;FABINHO;REPUBLICANOS;ELEITO;TSE (dados abertos)
70130;SANTA ADÉLIA;SP;2025-2028;CIRO CESAR COSTA;CIRO COSTA;PSD;ELEITO;TSE (dados abertos)
68837;PIRAPORA DO BOM JESUS;SP;2025-2028;GREGORIO RODRIGUES PONTES MAGLIO;GREGORIO;MDB;ELEITO;TSE (dados abertos)
64378;GASTÃO VIDIGAL;SP;2025-2028;DANIEL GUARNIERI CRIADO;DANIEL;PP;ELEITO;TSE (dados abertos)
61085;IARAS;SP;2025-2028;PATRICK HERNANDES MORALES;PATRICK DA NINA;PSD;ELEITO;TSE (dados abertos)
61786;BOM SUCESSO DE ITARARÉ;SP;2025-2028;DIRCEU PACHECO DE OLIVEIRA;DIRCEU PACHECO;REPUBLICANOS;ELEITO;TSE (dados abertos)
69779;RINÓPOLIS;SP;2025-2028;GRAZIELA DE LIMA TOMÉ TREVISAN;GRAZIELA TOME;NOVO;ELEITO;TSE (dados abertos)
71951;TORRINHA;SP;2025-2028;ARI RODOLFO BUZATO;RODOLFO BUZATO;PODE;ELEITO;TSE (dados abertos)
72435;VOTORANTIM;SP;2025-2028;WEBER MAGANHATO JUNIOR;WEBER MANGA;REPUBLICANOS;ELEITO;TSE (dados abertos)
67016;MIRA ESTRELA;SP;2025-2028;GLEICE APARECIDA CASTREQUINI;GLEICE CASTREQUINI;PSD;ELEITO;TSE (dados abertos)
69817;RIO DAS PEDRAS;SP;2025-2028;MARCOS BUZETTO;MARCOS BUZETTO;REPUBLICANOS;ELEITO;TSE (dados abertos)
61212;ALTO ALEGRE;SP;2025-2028;CARLOS SUSSUMI IVAMA;CARLINHOS SUSSUMI;MDB;ELEITO;TSE (dados abertos)
62715;CAÇAPAVA;SP;2025-2028;YAN LOPES DE ALMEIDA;YAN LOPES;PODE;ELEITO;TSE (dados abertos)
66117;JOANÓPOLIS;SP;2025-2028;CRISTIANO BENEDITO;CRISTIANO DA EMA;REPUBLICANOS;ELEITO;TSE (dados abertos)
61700;RIBEIRÃO GRANDE;SP;2025-2028;MARCELO LUIS NUNES;MARCELO NUNES;PP;ELEITO;TSE (dados abertos)
72192;URU;SP;2025-2028;ROBSON EDUARDO FORTE;ROBSON FORTE;PSD;ELEITO;TSE (dados abertos)
70033;SALMOURÃO;SP;2025-2028;SÔNIA CRISTINA JACON GABAU;SÔNIA GABAU;PSD;ELEITO;TSE (dados abertos)
65633;ITAQUAQUECETUBA;SP;2025-2028;EDUARDO BOIGUES QUEROZ;DELEGADO EDUARDO BOIGUES;PL;ELEITO;TSE (dados abertos)
72338;VÁRZEA PAULISTA;SP;2025-2028;RODOLFO WILSON RODRIGUES BRAGA;PROFESSOR RODOLFO;PSD;ELEITO;TSE (dados abertos)
61174;ALTAIR;SP;2025-2028;MARCO ANTONIO FERREIRA;FERREIRA;PL;ELEITO;TSE (dados abertos)
65650;ITARARÉ;SP;2025-2028;JOÃO JORGE FADEL FILHO;JOÃO FADEL;PP;ELEITO;TSE (dados abertos)
68950;PLATINA;SP;2025-2028;DONIZETE APARECIDO FERREIRA DE LIMA;DONIZETE;PSDB;ELEITO;TSE (dados abertos)
67270;MONTE ALTO;SP;2025-2028;MARIA HELENA AGUIAR RETTONDINI;MARIA HELENA;PSD;ELEITO;TSE (dados abertos)
66419;LINDÓIA;SP;2025-2028;LUCIANO FRANCISCO DE GODOI LOPES;LUCIANO LOPES;MDB;ELEITO;TSE (dados abertos)
62910;CAMPINAS;SP;2025-2028;DÁRIO JORGE GIOLO SAADI;DÁRIO SAADI;REPUBLICANOS;ELEITO;TSE (dados abertos)
69094;POPULINA;SP;2025-2028;JOAO CEZAR ROBLES BRANDINI;DR JOÃO CESAR;REPUBLICANOS;ELEITO;TSE (dados abertos)
69957;SAGRES;SP;2025-2028;ROBERTO BATISTA PIRES;BETO PIRES;PSD;ELEITO;TSE (dados abertos)
67679;NOVA LUZITÂNIA;SP;2025-2028;MIGUEL JOSÉ ARAÚJO JUNIOR;PATINHO;PSD;ELEITO;TSE (dados abertos)
71358;SERTÃOZINHO;SP;2025-2028;JOSÉ ALBERTO GIMENEZ;ZEZINHO GIMENEZ;MDB;ELEITO;TSE (dados abertos)
71552;TABATINGA;SP;2025-2028;VALTER VALENTIM CAMARGO;VALTER CAMARGO;PSD;ELEITO;TSE (dados abertos)
69515;REGINÓPOLIS;SP;2025-2028;JOÃO PAULO ARAUJO DE SOUSA VERISSIMO;JOÃO PAULO;PSD;ELEITO;TSE (dados abertos)
61107;GUATAPARÁ;SP;2025-2028;GILDEMIR DE SOUZA;GILDEMIR;PSD;ELEITO;TSE (dados abertos)
64513;GUAPIAÇU;SP;2025-2028;CARLOS CESAR ZAITUNE;CARLOS CESAR;PSDB;ELEITO;TSE (dados abertos)
64394;GENERAL SALGADO;SP;2025-2028;THIAGO FRANCISQUINI VIANA;THIAGO DA FARMACIA;UNIÃO;ELEITO;TSE (dados abertos)
61395;ANALÂNDIA;SP;2025-2028;SILVANA MARCIA PERIN CAMPBELL PENNA;SILVANA PERIN;SOLIDARIEDADE;ELEITO;TSE (dados abertos)
62693;CABREÚVA;SP;2025-2028;ANTONIO CARLOS MANGINI;MANGINI;PL;ELEITO;TSE (dados abertos)
64270;FRANCISCO MORATO;SP;2025-2028;ILDO DA SILVA GUSMÃO;ILDO GUSMÃO;REPUBLICANOS;ELEITO;TSE (dados abertos)
70050;SALTO;SP;2025-2028;JOSÉ GERALDO GARCIA;GERALDO GARCIA;PP;ELEITO;TSE (dados abertos)
61077;ÁGUAS DA PRATA;SP;2025-2028;CARLOS HENRIQUE FORTES DEZENA;CARLOS HENRIQUE;PSD;ELEITO;TSE (dados abertos)
66532;LUÍS ANTÔNIO;SP;2025-2028;RODRIGO MELLO MARQUES;RODRIGÃO;PP;ELEITO;TSE (dados abertos)
68330;PAULO DE FARIA;SP;2025-2028;DIRCEU CASSIA FILHO;DIRCEU CASSIA;PL;ELEITO;TSE (dados abertos)
70092;SALTO GRANDE;SP;2025-2028;MARIO LUCIANO ROSA;MARIO ROSA;PL;ELEITO;TSE (dados abertos)
65951;JAGUARIÚNA;SP;2025-2028;DAVID HILARIO NETO;DAVI;PP;ELEITO;TSE (dados abertos)
66494;LUCÉLIA;SP;2025-2028;TATIANA GUILHERMINO TAZINÁZZIO;TATI GUILHERMINO;PSD;ELEITO;TSE (dados abertos)
67695;NOVA ODESSA;SP;2025-2028;CLÁUDIO JOSÉ SCHOODER;LEITINHO;PSD;ELEITO;TSE (dados abertos)
69477;REDENÇÃO DA SERRA;SP;2025-2028;JUCIMAR FERREIRA DA SILVA;JUCIMAR;PL;ELEITO;TSE (dados abertos)
69574;RIBEIRA;SP;2025-2028;ARI DO CARMOS SANTOS;ARI DA CESP;PSD;ELEITO;TSE (dados abertos)
62260;TAQUARAL;SP;2025-2028;ARI FERNANDO JACINTO;ARI JACINTO;PL;ELEITO;TSE (dados abertos)
63231;CATANDUVA;SP;2025-2028;OSVALDO DE OLIVEIRA ROSA;PADRE OSVALDO;PL;ELEITO;TSE (dados abertos)
63452;CONCHAL;SP;2025-2028;ORLANDO CALEFFI JUNIOR;JUNIOR CALEFFI;PL;ELEITO;TSE (dados abertos)
61352;AMÉRICO DE CAMPOS;SP;2025-2028;RAFAEL GIMENEZ MARIOTO;RAFAEL MARIOTO;PL;ELEITO;TSE (dados abertos)
61360;BARRA DO CHAPÉU;SP;2025-2028;IVANIL NORBERTO PEREIRA NOLASCO;IVAN DA ANUNCIATA;UNIÃO;ELEITO;TSE (dados abertos)
63592;COSMORAMA;SP;2025-2028;NELSON NARCISO DA SILVEIRA JUNIOR;JUNINHO SILVEIRA;MDB;ELEITO;TSE (dados abertos)
68411;PEDREGULHO;SP;2025-2028;CARLOS EDUARDO BARBOSA TEIXEIRA;CACA ADVOGADO;PSDB;ELEITO;TSE (dados abertos)
69752;RINCÃO;SP;2025-2028;BRAZ RODRIGUES;TENENTE RODRIGUES;PL;ELEITO;TSE (dados abertos)
65455;ITAPECERICA DA SERRA;SP;2025-2028;RAMON PIRES CORSINI;RAMON CORSINI;UNIÃO;ELEITO;TSE (dados abertos)
62367;NOVA CASTILHO;SP;2025-2028;MAICON GARCIA PIROLA;MAICON;UNIÃO;ELEITO;TSE (dados abertos)
66338;LAVRINHAS;SP;2025-2028;MARCOS VINICIUS FRANQUEIRA GARCIA;MARCOS VINICIUS;PSD;ELEITO;TSE (dados abertos)
68250;PARIQUERA-AÇU;SP;2025-2028;WAGNER BENTO DA COSTA;WAGNER COSTA;PL;ELEITO;TSE (dados abertos)
70416;SANTA MARIA DA SERRA;SP;2025-2028;JOSIAS ZANI NETO;ZANI;PSD;ELEITO;TSE (dados abertos)
71137;SÃO ROQUE;SP;2025-2028;MARCOS AUGUSTO ISSA HENRIQUES DE ARAÚJO;GUTO ISSA;PSD;ELEITO;TSE (dados abertos)
61794;ASSIS;SP;2025-2028;TELMA GONCALVES CARNEIRO SPERA DE ANDRADE;TELMA SPERA;PL;ELEITO;TSE (dados abertos)
63398;CLEMENTINA;SP;2025-2028;GILSON ROBERTO RODRIGUES CRIOLEZIO;GILSON ;REPUBLICANOS;ELEITO;TSE (dados abertos)
61026;BOREBI;SP;2025-2028;ANDERSON PINHEIRO DE GOES;CHIQUINHO;MDB;ELEITO;TSE (dados abertos)
62855;CAJAMAR;SP;2025-2028;KAUAN BERTO SOUSA SANTOS;KAUAN;PSD;ELEITO;TSE (dados abertos)
66052;JARINU;SP;2025-2028;DÉBORA CRISTINA DO PRADO BELINELLO;DÉBORA PRADO;PSD;ELEITO;TSE (dados abertos)
67539;NHANDEARA;SP;2025-2028;ANTONIO MARQUES DO NASCIMENTO JUNIOR;JUNIOR NASCIMENTO;PSDB;ELEITO;TSE (dados abertos)
70459;SANTANA DA PONTE PENSA;SP;2025-2028;VAGNER HERNANDES;VAGUININHO;MDB;ELEITO;TSE (dados abertos)
66710;MAIRIPORÃ;SP;2025-2028;WALID ALI HAMID;ALADIM;PSD;ELEITO;TSE (dados abertos)
69639;RIBEIRÃO CORRENTE;SP;2025-2028;ANA LOURINETE COSTA LÔBO MONTANHER;ANINHA MONTANHER;MDB;ELEITO;TSE (dados abertos)
71455;SOROCABA;SP;2025-2028;RODRIGO MAGANHATO;RODRIGO MANGA;REPUBLICANOS;ELEITO;TSE (dados abertos)
63134;CARAPICUÍBA;SP;2025-2028;JOSE ROBERTO DA SILVA;JOSÉ ROBERTO;PSD;ELEITO;TSE (dados abertos)
64718;GUAREÍ;SP;2025-2028;REINALDO VICENTE DE SOUZA;MINEIRO;PSB;ELEITO;TSE (dados abertos)
71757;TAQUARITINGA;SP;2025-2028;FULVIO ZUPPANI;DR FULVIO;MDB;ELEITO;TSE (dados abertos)
67075;MIRASSOL;SP;2025-2028;EDSON ANTONIO ERMENEGILDO;DR EDSON;PSD;ELEITO;TSE (dados abertos)
70858;SÃO JOÃO DAS DUAS PONTES;SP;2025-2028;JOSÉ CARLOS BARUCI JÚNIOR;JUNINHO BARUCI;PL;ELEITO;TSE (dados abertos)
68152;PARAÍSO;SP;2025-2028;OSVALTE JOSE BOVONI;OSVALTE BOVONI;PL;ELEITO;TSE (dados abertos)
64114;FERNANDÓPOLIS;SP;2025-2028;JOÃO PAULO SALES CANTARELLA;JOÃO PAULO CANTARELLA;PL;ELEITO;TSE (dados abertos)
71773;TAQUARITUBA;SP;2025-2028;ÉDER MIANO PEREIRA;ÉDER MIANO;PP;ELEITO;TSE (dados abertos)
63258;CATIGUÁ;SP;2025-2028;CLAUDEMIR JOSE GRAVA;MIZINHO;PSD;ELEITO;TSE (dados abertos)
63614;COTIA;SP;2025-2028;WELINGTON APARECIDO ALFREDO;WELINGTON FORMIGA;PDT;ELEITO;TSE (dados abertos)
67393;MORRO AGUDO;SP;2025-2028;LEANDRO CÉSAR SILVA VALADARES;CHICÃO VALADARES;CIDADANIA;ELEITO;TSE (dados abertos)
72370;VINHEDO;SP;2025-2028;DARIO PACHECO DE MORAIS;DR. DARIO;PSD;ELEITO;TSE (dados abertos)
66958;MIGUELÓPOLIS;SP;2025-2028;JULIO FERREIRA DO CARMO;JÚLIO ENFERMEIRO;PSB;ELEITO;TSE (dados abertos)
62979;CAMPOS NOVOS PAULISTA;SP;2025-2028;FLAVIO FERMINO EUFLAUZINO;FLAVIO DO POSTO;PSD;ELEITO;TSE (dados abertos)
61530;APIAÍ;SP;2025-2028;SERGIO VICTOR BORGES BARBOSA;SERGIO DA PADARIA;PSD;ELEITO;TSE (dados abertos)
65471;ITAPETININGA;SP;2025-2028;JEFERSON RODRIGO BRUN;JEFERSON BRUN;REPUBLICANOS;ELEITO;TSE (dados abertos)
68217;PARAPUÃ;SP;2025-2028;MILTON MITIO IWAYAMA;MILTON JAPONÊS;PL;ELEITO;TSE (dados abertos)
69558;RESTINGA;SP;2025-2028;FELIPE TALVANI SONTINI;FELIPE TALVANI;MDB;ELEITO;TSE (dados abertos)
63657;CRISTAIS PAULISTA;SP;2025-2028;ELSON GOMES DOS SANTOS;ELSON GOMES;MDB;ELEITO;TSE (dados abertos)
66974;MINEIROS DO TIETÊ;SP;2025-2028;LUIZ GUSTAVO FERRAREZ;GUSTAVO CHITINHA;PL;ELEITO;TSE (dados abertos)
62138;BARUERI;SP;2025-2028;JOSE ROBERTO PITERI;BETO PITERI;REPUBLICANOS;ELEITO;TSE (dados abertos)
66079;JAÚ;SP;2025-2028;JORGE IVAN CASSARO;IVAN CASSARO;PSD;ELEITO;TSE (dados abertos)
67873;ORLÂNDIA;SP;2025-2028;JORGE GABRIEL GRASI;GABRIEL THOR;PSD;ELEITO;TSE (dados abertos)
68870;PIRASSUNUNGA;SP;2025-2028;FERNANDO LUBRECHET;FERNANDO LUBRECHET;NOVO;ELEITO;TSE (dados abertos)
65536;ITAPIRA;SP;2025-2028;ANTONIO HÉLIO NICOLAI;TONINHO BELLINI;PSD;ELEITO;TSE (dados abertos)
61662;ESTIVA GERBI;SP;2025-2028;MARCIO ROBERTO PAVAN;MARCIO PAVAN;SOLIDARIEDADE;ELEITO;TSE (dados abertos)
61522;ASPÁSIA;SP;2025-2028;IVAN DE PAULA;IVAN DE PAULA;PSD;ELEITO;TSE (dados abertos)
66737;MANDURI;SP;2025-2028;PAULO ROBERTO MARTINS;PAULO ROBERTO;PODE;ELEITO;TSE (dados abertos)
71390;SEVERÍNIA;SP;2025-2028;GUILHERME AUGUSTO DE ALMEIDA SECCHIERI;GUILHERME SECCHIERI;UNIÃO;ELEITO;TSE (dados abertos)
71650;TAIÚVA;SP;2025-2028;MAURO VICENTE BERSI;MAURO BERSI;PSD;ELEITO;TSE (dados abertos)
65714;ITATINGA;SP;2025-2028;PAULO HENRIQUE DE OLIVEIRA ROQUE;PAULO ROQUE;PL;ELEITO;TSE (dados abertos)
63754;DESCALVADO;SP;2025-2028;LUIS GUILHERME PANONE;LUISINHO PANONE;PSD;ELEITO;TSE (dados abertos)
67156;MOGI GUAÇU;SP;2025-2028;RODRIGO FALSETTI;RODRIGO FALSETTI;PSD;ELEITO;TSE (dados abertos)
70971;SÃO JOSÉ DO RIO PRETO;SP;2025-2028;FÁBIO ROGÉRIO CANDIDO;CORONEL FABIO CANDIDO;PL;ELEITO;TSE (dados abertos)
71331;SERRA NEGRA;SP;2025-2028;ELMIR KALIL ABI CHEDID;ELMIR CHEDID;UNIÃO;ELEITO;TSE (dados abertos)
62359;BOCAINA;SP;2025-2028;CAIO AUGUSTO CREPALDI;CAIO CREPALDI;MDB;ELEITO;TSE (dados abertos)
64050;ESTRELA D'OESTE;SP;2025-2028;PEDRO DE SENZI NETO;PEDROCA;PSD;ELEITO;TSE (dados abertos)
62197;BAURU;SP;2025-2028;SUÉLLEN SILVA ROSIM;SUÉLLEN ROSIM;PSD;ELEITO;TSE (dados abertos)
62812;CAIEIRAS;SP;2025-2028;GILMAR SOARES VICENTE;GILMAR LAGOINHA;PL;ELEITO;TSE (dados abertos)
65935;JACUPIRANGA;SP;2025-2028;JOÃO BATISTA DE ANDRADE;PROF.JESSÉ;REPUBLICANOS;ELEITO;TSE (dados abertos)
65030;IGARAPAVA;SP;2025-2028;JOSÉ HUMBERTO LACERDA RODRIGUES;DR JOSÉ HUMBERTO;REPUBLICANOS;ELEITO;TSE (dados abertos)
72176;URÂNIA;SP;2025-2028;IVAN SOUBHIA GARCIA;IVAN VITORELLI;REPUBLICANOS;ELEITO;TSE (dados abertos)
61549;VARGEM;SP;2025-2028;LEODECIO ALVES DE LIMA;LEO ALVES;UNIÃO;ELEITO;TSE (dados abertos)
67210;MONÇÕES;SP;2025-2028;DOUGLAS ANTÔNIO HONORATO;DOUGLAS HONORATO;PSD;ELEITO;TSE (dados abertos)
62316;BIRITIBA MIRIM;SP;2025-2028;CARLOS ALBERTO TAINO JUNIOR;INHO;PL;ELEITO;TSE (dados abertos)
62618;BURI;SP;2025-2028;GERMANO ALMEIDA PESCHEL;PROFESSOR GERMANO PESCHEL;PP;ELEITO;TSE (dados abertos)
61557;ARAÇATUBA;SP;2025-2028;LUCAS PAVAN ZANATTA;ZANATTA;PL;ELEITO;TSE (dados abertos)
61875;AVANHANDAVA;SP;2025-2028;NORBERTO CESAR BERALDO;NORBERTO DO ESCRITORIO;PSD;ELEITO;TSE (dados abertos)
62294;BIRIGUI;SP;2025-2028;SAMANTA PAULA ALBANI BORINI;SAMANTA BORINI;PSD;ELEITO;TSE (dados abertos)
62634;BURITAMA;SP;2025-2028;TIAGO LUIZ DE OLIVEIRA;DOUTOR TIAGO;PP;ELEITO;TSE (dados abertos)
64297;FRANCO DA ROCHA;SP;2025-2028;LORENA RODRIGUES DE OLIVEIRA;LORENA OLIVEIRA;SOLIDARIEDADE;ELEITO;TSE (dados abertos)
61433;ANGATUBA;SP;2025-2028;NICOLAS BASILE ROCHEL;NICOLAS;REPUBLICANOS;ELEITO;TSE (dados abertos)
62936;CAMPO LIMPO PAULISTA;SP;2025-2028;ADEILDO NOGUEIRA DA SILVA;ADEILDO NOGUEIRA;PL;ELEITO;TSE (dados abertos)
63096;CAPIVARI;SP;2025-2028;VITOR HUGO RICCOMINI;VITÃO RICCOMINI;PL;ELEITO;TSE (dados abertos)
66010;JANDIRA;SP;2025-2028;HENRI HAJIME SATO;DOUTOR SATO;PSD;ELEITO;TSE (dados abertos)
64998;IEPÊ;SP;2025-2028;MARTA PATRICIA STONIS DA COSTA;MARTA ENFERMEIRA;UNIÃO;ELEITO;TSE (dados abertos)
64416;GETULINA;SP;2025-2028;MARIO TADEU CELESTINO RIBEIRO;TADEU;PL;ELEITO;TSE (dados abertos)
61891;AVARÉ;SP;2025-2028;ROBERTO DE ARAUJO;ROBERTO ARAUJO;PL;ELEITO;TSE (dados abertos)
64971;ICÉM;SP;2025-2028;APARECIDA SALISSO;PROFESSORA CIDINHA SALISSO;PL;ELEITO;TSE (dados abertos)
72354;VERA CRUZ;SP;2025-2028;RODOLFO SILVA DAVOLI;DAVOLI;REPUBLICANOS;ELEITO;TSE (dados abertos)
71056;SÃO MIGUEL ARCANJO;SP;2025-2028;ELIAS RODRIGUES DE PAULA;ELIAS DA AMBULÂNCIA;PP;ELEITO;TSE (dados abertos)
65072;IGUAPE;SP;2025-2028;SALVADOR JOSÉ BARBOSA JUNIOR;SALVADOR;UNIÃO;ELEITO;TSE (dados abertos)
65994;JAMBEIRO;SP;2025-2028;ARIES MARIOTO FERREIRA;ARIES MARIOTO;PP;ELEITO;TSE (dados abertos)
61247;PEDRINHAS PAULISTA;SP;2025-2028;FREDDIE COSTA NICOLAU;FREDDIE NICOLAU;PSD;ELEITO;TSE (dados abertos)
70637;SANTO ANTÔNIO DO JARDIM;SP;2025-2028;OSVALDO MOREIRA;NEGUINHO;PODE;ELEITO;TSE (dados abertos)
61638;ARARAQUARA;SP;2025-2028;LUIS CLAUDIO LAPENA BARRETO;DR. LAPENA;PL;ELEITO;TSE (dados abertos)
62103;CANAS;SP;2025-2028;GUSTAVO ZANIN LUCENA FAMADAS;GUSTAVO LUCENA;MDB;ELEITO;TSE (dados abertos)
61280;BERTIOGA;SP;2025-2028;MARCELO HELENO VILARES;MARCELO VILARES;UNIÃO;ELEITO;TSE (dados abertos)
62774;CAFELÂNDIA;SP;2025-2028;TAIS FERNANDA MAIMONI CONTIERI SANTANA;TAIS CONTIERI;PODE;ELEITO;TSE (dados abertos)
63894;DRACENA;SP;2025-2028;GENI PEREIRA LOBO PESIN;GENI LOBO DA SAÚDE;PP;ELEITO;TSE (dados abertos)
62340;NANTES;SP;2025-2028;MARLLON JAFFER ALBANO DE OLIVEIRA;MARLLON JAFFER;PSD;ELEITO;TSE (dados abertos)
69132;PORTO FELIZ;SP;2025-2028;CÉLIO PEIXOTO DOS SANTOS;CÉLIO PEIXOTO;REPUBLICANOS;ELEITO;TSE (dados abertos)
70890;SÃO JOAQUIM DA BARRA;SP;2025-2028;WAGNER JOSE SCHMIDT;SCHMIDT;MDB;ELEITO;TSE (dados abertos)
70076;SALTO DE PIRAPORA;SP;2025-2028;MATHEUS MARUM DE CAMPOS;MATHEUS MARUM;PSD;ELEITO;TSE (dados abertos)
72010;TUPÃ;SP;2025-2028;RENAN VICTOR PONTELLI;RENAN PONTELLI;PSDB;ELEITO;TSE (dados abertos)
62677;CABRÁLIA PAULISTA;SP;2025-2028;ODEMIL ORTIZ DE CAMARGO;ALEMÃO DO LEITE;REPUBLICANOS;ELEITO;TSE (dados abertos)
63479;CONCHAS;SP;2025-2028;PAULO NUNES DE ALMEIDA;PAULO NUNES;PDT;ELEITO;TSE (dados abertos)
63711;CUBATÃO;SP;2025-2028;CESAR DA SILVA NASCIMENTO;CESAR;PSD;ELEITO;TSE (dados abertos)
64610;GUARANI D'OESTE;SP;2025-2028;EDMILSON PIRES DO CARMO;EDMILSON;PSD;ELEITO;TSE (dados abertos)
65099;ILHABELA;SP;2025-2028;ANTONIO LUIZ COLUCCI;TONINHO COLUCCI;PL;ELEITO;TSE (dados abertos)
66516;LUCIANÓPOLIS;SP;2025-2028;ADEMIR MANTOVANELLI;CANELINHA;PT;ELEITO;TSE (dados abertos)
68896;PIRATININGA;SP;2025-2028;CARLOS ALESSANDRO FRANCO BORRO DE MATOS;SANDRO BOLA;REPUBLICANOS;ELEITO;TSE (dados abertos)
69396;QUELUZ;SP;2025-2028;JOSÉ CELSO BUENO;ZÉ CELSO;PSD;ELEITO;TSE (dados abertos)
69450;RANCHARIA;SP;2025-2028;HOMERO PINELLI SEVERO LINS;HOMERO DO MANÉ FACÃO;PSD;ELEITO;TSE (dados abertos)
64858;IACRI;SP;2025-2028;CLEBER ROGERIO CERBANTES PANHOZZI;CLEBINHO;PL;ELEITO;TSE (dados abertos)
65056;IGARATÁ;SP;2025-2028;GABRIEL GOMES PRIANTI DE JESUS;GABRIEL PRIANTI;REPUBLICANOS;ELEITO;TSE (dados abertos)
68390;PEDRANÓPOLIS;SP;2025-2028;FAUSTO LUANO ROSA;FAUSTO;REPUBLICANOS;ELEITO;TSE (dados abertos)
61573;ARAÇOIABA DA SERRA;SP;2025-2028;JOSÉ CARLOS DE QUEVEDO JUNIOR;DR QUEVEDO;PSD;ELEITO;TSE (dados abertos)
63436;COLÔMBIA;SP;2025-2028;JULIO CÉSAR DOS SANTOS;TUTA;MDB;ELEITO;TSE (dados abertos)
64076;ESTRELA DO NORTE;SP;2025-2028;ALBERTO MARTINS DE OLIVEIRA;ALBERTO MARTINS;PSD;ELEITO;TSE (dados abertos)
70572;SANTO ANDRÉ;SP;2025-2028;GILVAN FERREIRA DE SOUZA JUNIOR;GILVAN;PSDB;ELEITO;TSE (dados abertos)
71633;TAIAÇU;SP;2025-2028;SUELI APARECIDA MENDES BIANCARDI;SUELI;MDB;ELEITO;TSE (dados abertos)
68454;PEDRO DE TOLEDO;SP;2025-2028;PAULO EDUARDO ALVES FERREIRA;PAULINHO DO ESPORTE;UNIÃO;ELEITO;TSE (dados abertos)
71498;SUMARÉ;SP;2025-2028;HENRIQUE STEIN SCIASCIO;HENRIQUE DO PARAÍSO;REPUBLICANOS;ELEITO;TSE (dados abertos)
62570;BRODOWSKI;SP;2025-2028;FÁBIO MAXIMINIANO VERCEZI SEVERI;FÁBIO SEVERI;PODE;ELEITO;TSE (dados abertos)
65439;ITANHAÉM;SP;2025-2028;TIAGO RODRIGUES CERVANTES;TIAGO CERVANTES;REPUBLICANOS;ELEITO;TSE (dados abertos)
61409;NOVAIS;SP;2025-2028;PAULO CESAR DIAS PINHEIRO;PAULINHO DA DENGUE;PSD;ELEITO;TSE (dados abertos)
68934;PLANALTO;SP;2025-2028;ROSIMEIRE BARBOSA SILVERIO;MEIRE SILVERIO;PSD;ELEITO;TSE (dados abertos)
61611;ARANDU;SP;2025-2028;FLAVIO CARLOMAGNO GALHEGO;FLAVIO GALHEGO;REPUBLICANOS;ELEITO;TSE (dados abertos)
65811;ITUPEVA;SP;2025-2028;ROGÉRIO CAVALIN;ROGÉRIO CAVALIN;MDB;ELEITO;TSE (dados abertos)
66613;MACATUBA;SP;2025-2028;ANDERSON FERREIRA;ANDERSON FERREIRA;PSD;ELEITO;TSE (dados abertos)
67636;NOVA GUATAPORANGA;SP;2025-2028;JOSE MAURO LOURENCETTI;ZÉ MAURO;PSD;ELEITO;TSE (dados abertos)
64815;HERCULÂNDIA;SP;2025-2028;PAULO SERGIO DE OLIVEIRA;PAULINHO;PP;ELEITO;TSE (dados abertos)
68713;PIQUETE;SP;2025-2028;ROMULO KAZIMIERZ LUSZCZYNSKI;ROMINHO;PSD;ELEITO;TSE (dados abertos)
64238;FLORÍNEA;SP;2025-2028;SERGIO LOPES DA SILVA;SERGIO QUEJO;PSD;ELEITO;TSE (dados abertos)
62375;BOFETE;SP;2025-2028;EUGENIO CARLOS ALVES;CARLINHOS DO CARMO;REPUBLICANOS;ELEITO;TSE (dados abertos)
66397;LIMEIRA;SP;2025-2028;MURILO BERBERT AVIGO FELIX;MURILO FÉLIX;PODE;ELEITO;TSE (dados abertos)
62090;BARRETOS;SP;2025-2028;ODAIR DE MOURA E SILVA;ODAIR SILVA;REPUBLICANOS;ELEITO;TSE (dados abertos)
62413;BOM JESUS DOS PERDÕES;SP;2025-2028;SÉRGIO FERREIRA;SÉRGIO FERREIRA;PSDB;ELEITO;TSE (dados abertos)
80110;ÁGUAS MORNAS;SC;2025-2028;PEDRO FRANCISCO GARCIA;PEDRO DO BANCO;MDB;ELEITO;TSE (dados abertos)
83534;TANGARÁ;SC;2025-2028;ALDAIR BIASIOLO;BITINHA;PL;ELEITO;TSE (dados abertos)
83437;SCHROEDER;SC;2025-2028;JAIR BRIDAROLI;JAIR BRIDAROLI;PL;ELEITO;TSE (dados abertos)
80802;ARVOREDO;SC;2025-2028;AGENOR JOSE ZANCO;ZANCO;PL;ELEITO;TSE (dados abertos)
83399;SÃO MIGUEL DO OESTE;SC;2025-2028;VARDELIDIO EDENILSON ZANARDI;ZANARDI;PL;ELEITO;TSE (dados abertos)
82830;RIO DAS ANTAS;SC;2025-2028;GILVANE APARECIDA DE MORAES;GIL;PL;ELEITO;TSE (dados abertos)
81930;LEOBERTO LEAL;SC;2025-2028;MAICON SCHEIMANN;MAICON;PP;ELEITO;TSE (dados abertos)
80241;SANTA ROSA DO SUL;SC;2025-2028;ALMIDES ROBERG SILVA DA ROSA;ALMIDES;PSDB;ELEITO;TSE (dados abertos)
81132;GAROPABA;SC;2025-2028;JUNIOR DE ABREU BENTO;JUNIOR ABREU;PP;ELEITO;TSE (dados abertos)
81833;LAGES;SC;2025-2028;CARMEN EMILIA BONFÁ ZANOTTO;CARMEN ZANOTTO;CIDADANIA;ELEITO;TSE (dados abertos)
80586;LAJEADO GRANDE;SC;2025-2028;ANDERSON ELIAS BIANCHI;ANDERSON BIANCHI;REPUBLICANOS;ELEITO;TSE (dados abertos)
81256;GUARACIABA;SC;2025-2028;DOMINGOS MARCON;MARCON E PASINATO;MDB;ELEITO;TSE (dados abertos)
80187;IRACEMINHA;SC;2025-2028;ROBERTO FORESTI;ROBERTO FORESTI;PL;ELEITO;TSE (dados abertos)
81671;ITUPORANGA;SC;2025-2028;GEISON KURTZ;GEISON KURTZ;PP;ELEITO;TSE (dados abertos)
81477;INDAIAL;SC;2025-2028;SILVIO CÉSAR DA SILVA;SILVIO;PL;ELEITO;TSE (dados abertos)
82236;NOVA ERECHIM;SC;2025-2028;IARA CRISTINA PERIN;IARA PERIN;MDB;ELEITO;TSE (dados abertos)
82651;PORTO BELO;SC;2025-2028;JOEL ORLANDO LUCINDA;JOEL;MDB;ELEITO;TSE (dados abertos)
80055;AGRONÔMICA;SC;2025-2028;VOLNEI RODRIGUES;NEI RODRIGUES;PP;ELEITO;TSE (dados abertos)
80683;BALNEÁRIO BARRA DO SUL;SC;2025-2028;ADEMAR HENRIQUE BORGES;ADEMAR BORGES;PSD;ELEITO;TSE (dados abertos)
81698;JABORÁ;SC;2025-2028;CLEVSON RODRIGO FREITAS;FREITAS;UNIÃO;ELEITO;TSE (dados abertos)
80250;ARAQUARI;SC;2025-2028;LUDGERO JASPER JUNIOR;GORDO JASPER;PSD;ELEITO;TSE (dados abertos)
83372;SÃO MARTINHO;SC;2025-2028;ANELISE WIEMES;ANELISE;PL;ELEITO;TSE (dados abertos)
80446;SUL BRASIL;SC;2025-2028;VANDERLEI GALLINA;VANDERLEI GALLINA;REPUBLICANOS;ELEITO;TSE (dados abertos)
80713;CANELINHA;SC;2025-2028;DIOGO FRANCISCO ALVES MACIEL;DIOGO MACIEL;PL;ELEITO;TSE (dados abertos)
82856;RIO DO CAMPO;SC;2025-2028;VIDAL BALAK;VIDAL;PSD;ELEITO;TSE (dados abertos)
80942;SÃO CRISTÓVÃO DO SUL;SC;2025-2028;JAIME CESCA;JAIME CESCA;PP;ELEITO;TSE (dados abertos)
82376;PALMITOS;SC;2025-2028;GIOVANA GIACOMOLLI;GIOVANA;PL;ELEITO;TSE (dados abertos)
83810;WITMARSUM;SC;2025-2028;PAUL ZERNA;PAULI ZERNA;PP;ELEITO;TSE (dados abertos)
81787;BRUNÓPOLIS;SC;2025-2028;TANIA CONCEIÇÃO BORTOLINI;TANIA ;PL;ELEITO;TSE (dados abertos)
80349;SANTA TEREZINHA;SC;2025-2028;VALQUIRIA SCHWARZ;VALQUÍRIA;PSD;ELEITO;TSE (dados abertos)
81396;ILHOTA;SC;2025-2028;JOEL JOSE SOARES;JOEL SOARES;MDB;ELEITO;TSE (dados abertos)
80667;CALMON;SC;2025-2028;HELIO MARCELO OLENKA;TIKE;MDB;ELEITO;TSE (dados abertos)
81825;ZORTÉA;SC;2025-2028;ROSANE ANTUNES PIRES INFELD;ROSANE;PP;ELEITO;TSE (dados abertos)
81795;JOINVILLE;SC;2025-2028;ADRIANO BORNSCHEIN SILVA;ADRIANO SILVA;NOVO;ELEITO;TSE (dados abertos)
81604;FLOR DO SERTÃO;SC;2025-2028;VALDEMAR GRANDO;VALDEMAR;PL;ELEITO;TSE (dados abertos)
81957;LONTRAS;SC;2025-2028;RUBENS ROBERTO DOS SANTOS;RUBENS R DOS SANTOS;MDB;ELEITO;TSE (dados abertos)
82457;PENHA;SC;2025-2028;LUIZ AMERICO PEREIRA;LUIZINHO AMERICO;PL;ELEITO;TSE (dados abertos)
81647;PRINCESA;SC;2025-2028;DIANGELE FABIELE KLEIN MARMITT;DIANGELE;MDB;ELEITO;TSE (dados abertos)
80691;CAMPOS NOVOS;SC;2025-2028;DIRCEU JOSÉ KAIPER;DIRCEU PÉ;MDB;ELEITO;TSE (dados abertos)
81493;IPIRA;SC;2025-2028;MARCELO BALDISSERA;MARCELO BALDISSERA;PL;ELEITO;TSE (dados abertos)
81990;MAFRA;SC;2025-2028;EMERSON MAAS;EMERSON MAAS;MDB;ELEITO;TSE (dados abertos)
81680;TIGRINHOS;SC;2025-2028;SIDNEI CARLOS BERNHARD;SIDNEI;PSD;ELEITO;TSE (dados abertos)
82554;PINHEIRO PRETO;SC;2025-2028;MAURO NEY OSMARIN;PROFESSOR MAURO;PSD;ELEITO;TSE (dados abertos)
81337;IBICARÉ;SC;2025-2028;ROBERTO SERGIO BESEN;SERGINHO BESEN;PSDB;ELEITO;TSE (dados abertos)
82090;MATOS COSTA;SC;2025-2028;DANUZA RODRIGUES;DANUZA;MDB;ELEITO;TSE (dados abertos)
83178;SÃO DOMINGOS;SC;2025-2028;MÁRCIO LUIZ BIGOLIN GROSBELLI;MÁRCIO GROSBELLI;PP;ELEITO;TSE (dados abertos)
82759;PRESIDENTE GETÚLIO;SC;2025-2028;JACI JOSÉ FILLAGRANNA BORTOLON;JACI;PL;ELEITO;TSE (dados abertos)
81213;GRAVATAL;SC;2025-2028;CLEINILS RODRIGUES DA SILVA;CLEI RODRIGUES;PP;ELEITO;TSE (dados abertos)
83925;PESCARIA BRAVA;SC;2025-2028;LUIZ HENRIQUE CASTRO DE SOUZA;HENRIQUE DA SAÚDE;PP;ELEITO;TSE (dados abertos)
83232;SÃO JOÃO DO SUL;SC;2025-2028;ALEX SANDRO PEREIRA BIANCHIN;ALEX BIANCHIN;PP;ELEITO;TSE (dados abertos)
80560;RIQUEZA;SC;2025-2028;JULIANO LUIZ BORTOLANZA;JULIANO;MDB;ELEITO;TSE (dados abertos)
83275;SÃO JOSÉ;SC;2025-2028;ORVINO COELHO DE ÁVILA;ORVINO;PSD;ELEITO;TSE (dados abertos)
80144;UNIÃO DO OESTE;SC;2025-2028;EVERALDO LUIS CASONATTO;EVERALDO LUIZ CASONATTO;MDB;ELEITO;TSE (dados abertos)
83836;XANXERÊ;SC;2025-2028;OSCAR MARTARELLO;MARTARELLO;PL;ELEITO;TSE (dados abertos)
80551;BRUSQUE;SC;2025-2028;ANDRE VECHI;ANDRE VECHI;PL;ELEITO;TSE (dados abertos)
81248;CAPÃO ALTO;SC;2025-2028;SADIANA ARRUDA MELO COELHO LOPES;SADIANA MELO;PSD;ELEITO;TSE (dados abertos)
80381;CERRO NEGRO;SC;2025-2028;ADELAR JOSÉ DE MORAIS;LAI;CIDADANIA;ELEITO;TSE (dados abertos)
82155;MONDAÍ;SC;2025-2028;ELIZANDRO MAINARDI;MAINARDI;PL;ELEITO;TSE (dados abertos)
81086;MORRO GRANDE;SC;2025-2028;CLELIO DANIEL OLIVO;KEIO;PP;ELEITO;TSE (dados abertos)
81817;LACERDÓPOLIS;SC;2025-2028;HILARIO CHIAMOLERA;HILARIO;MDB;ELEITO;TSE (dados abertos)
82570;PIRATUBA;SC;2025-2028;VANDERLEI WEBER;VANDERLEI;PSD;ELEITO;TSE (dados abertos)
83496;SOMBRIO;SC;2025-2028;GISLANE DIAS DA CUNHA;GISLAINE;MDB;ELEITO;TSE (dados abertos)
82252;NOVA TRENTO;SC;2025-2028;MAXILIANO DE OLIVEIRA;MAX DE OLIVEIRA;PL;ELEITO;TSE (dados abertos)
83631;TREZE TÍLIAS;SC;2025-2028;ARMINDO ANSILIERO JUNIOR;CUCO;PP;ELEITO;TSE (dados abertos)
80756;CAPINZAL;SC;2025-2028;AGUINALDO PEDRO PAGGI;AGUINALDO PAGGI;PSD;ELEITO;TSE (dados abertos)
81531;IRANI;SC;2025-2028;VANDERLEI CANCI;FUMINHO;PP;ELEITO;TSE (dados abertos)
82066;MAREMA;SC;2025-2028;MAURI DAL BELLO;MARI;PL;ELEITO;TSE (dados abertos)
83259;SÃO JOAQUIM;SC;2025-2028;JOSE TEODORO DE SENA AMARAL;DORINHO;PL;ELEITO;TSE (dados abertos)
80128;VITOR MEIRELES;SC;2025-2028;MARCELO DAROLT;MARCELO DAROLT;PL;ELEITO;TSE (dados abertos)
81108;CORONEL MARTINS;SC;2025-2028;MOACIR BRESOLIN;MOACIR;PSD;ELEITO;TSE (dados abertos)
81167;ERMO;SC;2025-2028;PAULO DELLA VECCHIA;PAULINHO;PL;ELEITO;TSE (dados abertos)
82112;MELEIRO;SC;2025-2028;ANDERSON SCARDUELI;ANDERSON SCARDUELI NININHO;PL;ELEITO;TSE (dados abertos)
82279;NOVA VENEZA;SC;2025-2028;ANGELA MARIANA PANATO GHISLANDI DE MELO;ÂNGELA GHISLANDI;PP;ELEITO;TSE (dados abertos)
82791;QUILOMBO;SC;2025-2028;JAKSOM NATAL CASTELLI;JAKSOM;MDB;ELEITO;TSE (dados abertos)
83852;XAVANTINA;SC;2025-2028;VALDENIR JOSE MARCHIORO;PACHECO;PT;ELEITO;TSE (dados abertos)
80705;PARAÍSO;SC;2025-2028;GILBERTO BELEGANTE;GILBERTO BELEGANTE;PT;ELEITO;TSE (dados abertos)
83038;SALTO VELOSO;SC;2025-2028;NEREU BORGA;NEREU BORGA;PP;ELEITO;TSE (dados abertos)
83658;TROMBUDO CENTRAL;SC;2025-2028;MARLON GOEDE;MARLON GOEDE ;PP;ELEITO;TSE (dados abertos)
81078;FRAIBURGO;SC;2025-2028;WILSON RIBEIRO CARDOSO JUNIOR;WILSON RIBEIRO;PL;ELEITO;TSE (dados abertos)
80284;SERRA ALTA;SC;2025-2028;RAFAEL MARIN;RAFAEL MARIN;UNIÃO;ELEITO;TSE (dados abertos)
80233;ANTÔNIO CARLOS;SC;2025-2028;ONÉLIO RICHARTZ;NELINHO;PL;ELEITO;TSE (dados abertos)
82635;PONTE SERRADA;SC;2025-2028;ADENIR FREITAS;FREITAS;PP;ELEITO;TSE (dados abertos)
80969;VARGEM BONITA;SC;2025-2028;NADIR PONTIN;PONTIN;PSDB;ELEITO;TSE (dados abertos)
83356;SÃO LUDGERO;SC;2025-2028;PAULO SERGIO LORENZETTI;PAULINHO LORENZETTI;PL;ELEITO;TSE (dados abertos)
83615;TREZE DE MAIO;SC;2025-2028;JAILSO BARDINI;NENEM BARDINI;PL;ELEITO;TSE (dados abertos)
80276;ARARANGUÁ;SC;2025-2028;CÉSAR ANTONIO CESA;CÉSAR CESA;MDB;ELEITO;TSE (dados abertos)
81361;IOMERÊ;SC;2025-2028;LUCI PERETTI;LUCI;PP;ELEITO;TSE (dados abertos)
81736;JAGUARUNA;SC;2025-2028;LAERTE SILVA DOS SANTOS;LAERTE SILVA ;PODE;ELEITO;TSE (dados abertos)
80535;BRAÇO DO NORTE;SC;2025-2028;LAURO BOEING JUNIOR;LAURINHO BOEING;MDB;ELEITO;TSE (dados abertos)
81744;BALNEÁRIO GAIVOTA;SC;2025-2028;EVERALDO DOS SANTOS;EVERALDO KEKINHA;PSDB;ELEITO;TSE (dados abertos)
81558;IRINEÓPOLIS;SC;2025-2028;JULIANO POZZI PEREIRA;JULIANO;PSDB;ELEITO;TSE (dados abertos)
80411;BARRA VELHA;SC;2025-2028;DANIEL PONTES DA CUNHA;DANIEL CUNHA;PSD;ELEITO;TSE (dados abertos)
82350;PALMA SOLA;SC;2025-2028;MARCIO SANSIGOLO;MARCIO;PL;ELEITO;TSE (dados abertos)
83291;SÃO JOSÉ DO CEDRO;SC;2025-2028;FERNANDO JÚLIO WILL;FERNANDO WILL;PP;ELEITO;TSE (dados abertos)
80519;BOTUVERÁ;SC;2025-2028;VICTOR JOSE WIETCOWSKY;VICTOR;PP;ELEITO;TSE (dados abertos)
83135;SÃO BONIFÁCIO;SC;2025-2028;SAULO BUSS;SAULO BUSS;MDB;ELEITO;TSE (dados abertos)
81450;IMBUIA;SC;2025-2028;ANTONIO OSCAR LAURINDO;OSCAR;PL;ELEITO;TSE (dados abertos)
80039;AGROLÂNDIA;SC;2025-2028;GIANFRANCO CHRISTIANO MOHR;NEGÃO;PL;ELEITO;TSE (dados abertos)
83593;TRÊS BARRAS;SC;2025-2028;ANA CLAUDIA DA SILVEIRA QUEGE;ANA CLAUDIA QUEGE;MDB;ELEITO;TSE (dados abertos)
80373;AURORA;SC;2025-2028;VANDERLEI ZANDONAI;LILA ZANDONAI;PL;ELEITO;TSE (dados abertos)
80934;CURITIBANOS;SC;2025-2028;KLEBERSON LUCIANO LIMA;KLEBERSON;MDB;ELEITO;TSE (dados abertos)
81175;GASPAR;SC;2025-2028;PAULO NORBERTO KOERICH;DELEGADO PAULO KOERICH;PL;ELEITO;TSE (dados abertos)
83216;SÃO JOÃO BATISTA;SC;2025-2028;JULIANO PEIXER;JULIANO;UNIÃO;ELEITO;TSE (dados abertos)
80160;URUPEMA;SC;2025-2028;CRISTIANE MUNIZ PAGANI ALMEIDA;CRISTIANE MUNIZ;PL;ELEITO;TSE (dados abertos)
83011;SALETE;SC;2025-2028;ANADIR KOCH BELLI;ANADIR;PL;ELEITO;TSE (dados abertos)
83119;SÃO BENTO DO SUL;SC;2025-2028;ANTONIO JOAQUIM TOMAZINI FILHO;TOMAZINI;PL;ELEITO;TSE (dados abertos)
81728;BALNEÁRIO ARROIO DO SILVA;SC;2025-2028;EVANDRO SCAINI;EVANDRO SCAINI;PP;ELEITO;TSE (dados abertos)
82775;PRESIDENTE NEREU;SC;2025-2028;JIMMI LESKE;JIMMI;PL;ELEITO;TSE (dados abertos)
80438;BENEDITO NOVO;SC;2025-2028;JEAN MICHEL GRUNDMANN;JEAN MICHEL GRUNDMANN;PP;ELEITO;TSE (dados abertos)
80837;CONCÓRDIA;SC;2025-2028;EDILSON MASSOCCO;MASSOCCO;PL;ELEITO;TSE (dados abertos)
80179;ANGELINA;SC;2025-2028;ELISEU JOSE COELHO;ELISEU;PL;ELEITO;TSE (dados abertos)
80470;BLUMENAU;SC;2025-2028;EGIDIO MACIEL FERRARI;DELEGADO EGIDIO;PL;ELEITO;TSE (dados abertos)
82597;POMERODE;SC;2025-2028;RAFAEL RAMTHUN;RAFAEL RAMTHUN;PL;ELEITO;TSE (dados abertos)
80209;TIMBÓ GRANDE;SC;2025-2028;ARI JOSÉ GALESKI;ARI GALESKI;UNIÃO;ELEITO;TSE (dados abertos)
81760;BARRA BONITA;SC;2025-2028;AGNALDO DERESZ;AGNALDO;MDB;ELEITO;TSE (dados abertos)
80543;PLANALTO ALEGRE;SC;2025-2028;EVANDRO CLEBER BET;EVANDRO CLEBER BET;PSD;ELEITO;TSE (dados abertos)
82678;PORTO UNIÃO;SC;2025-2028;JULIANO HASSAN;DR. JULIANO;PL;ELEITO;TSE (dados abertos)
82910;RIO DO SUL;SC;2025-2028;MANOEL ARISOLI PEREIRA;MANOEL;PL;ELEITO;TSE (dados abertos)
81272;GUARAMIRIM;SC;2025-2028;ADRIANO MARCEL ZIMMERMANN;ADRIANO ZIMMERMANN;PL;ELEITO;TSE (dados abertos)
80071;ÁGUA DOCE;SC;2025-2028;GIOVANI LUIZ BRANDALISE;GIOVANI BRANDALISE;PSDB;ELEITO;TSE (dados abertos)
82970;RODEIO;SC;2025-2028;NEI PAULO VENTURI;NEI ;MDB;ELEITO;TSE (dados abertos)
81701;CHAPADÃO DO LAGEADO;SC;2025-2028;EUGENIO ANTONIO ROLING;EUGENIO (GENO);MDB;ELEITO;TSE (dados abertos)
83550;TIJUCAS;SC;2025-2028;MAICKON CAMPOS SGROTT;MAICKON SGROTT;PP;ELEITO;TSE (dados abertos)
81191;GRÃO-PARÁ;SC;2025-2028;HELIO ALBERTON JUNIOR;HELINHO;PP;ELEITO;TSE (dados abertos)
81850;LAGUNA;SC;2025-2028;PETERSON CRIPPA DA SILVA;PRETO CRIPPA;PL;ELEITO;TSE (dados abertos)
81620;CUNHATAÍ;SC;2025-2028;DIRCEU HOSS;DIRCEU;MDB;ELEITO;TSE (dados abertos)
80853;CORONEL FREITAS;SC;2025-2028;MARTA IÔNE TOZETTO;MARTA TOZETTO;MDB;ELEITO;TSE (dados abertos)
81400;IBIAM;SC;2025-2028;CAMILO CEZAR MINOSSO GATTI;CAMILO GATTI;MDB;ELEITO;TSE (dados abertos)
81710;JACINTO MACHADO;SC;2025-2028;SANDER JUST;SANDER JUST;MDB;ELEITO;TSE (dados abertos)
82716;PRAIA GRANDE;SC;2025-2028;ELISANDRO PEREIRA MACHADO;FANICA;PP;ELEITO;TSE (dados abertos)
81612;ITAJAÍ;SC;2025-2028;ROBISON JOSÉ COELHO;ROBISON COELHO;PL;ELEITO;TSE (dados abertos)
82031;MAJOR VIEIRA;SC;2025-2028;ALINE DAIANE RUTHES IARENHUK DA SILVA;ALINE RUTHES;PSD;ELEITO;TSE (dados abertos)
81515;IPUMIRIM;SC;2025-2028;VALDIR ZANELLA;ZANELLA;PP;ELEITO;TSE (dados abertos)
80225;ABDON BATISTA;SC;2025-2028;LUCIMAR ANTONIO SALMORIA;LUCIMAR;MDB;ELEITO;TSE (dados abertos)
80993;DONA EMMA;SC;2025-2028;ELLEN SIGRID SCHUENKE;SIGRID;PL;ELEITO;TSE (dados abertos)
83518;TAIÓ;SC;2025-2028;ARISTIDES ELOI VALENTINI;ARISTIDES;PSDB;ELEITO;TSE (dados abertos)
82058;MARAVILHA;SC;2025-2028;VINICIUS VENTURA;VINICIUS VENTURA;PP;ELEITO;TSE (dados abertos)
80357;ATALANTA;SC;2025-2028;CLAUDIO VOLNEI SENS;SAPO;MDB;ELEITO;TSE (dados abertos)
82295;ORLEANS;SC;2025-2028;FERNANDO CRUZETTA;FERNANDO CRUZETTA;PP;ELEITO;TSE (dados abertos)
81094;GALVÃO;SC;2025-2028;HILARIO JOSÉ ROSIAK;HILÁRIO;PL;ELEITO;TSE (dados abertos)
83933;TIMBÉ DO SUL;SC;2025-2028;VILMAR MAFFIOLETTE;VILMAR - BELINHA;PP;ELEITO;TSE (dados abertos)
81566;PALMEIRA;SC;2025-2028;SANDRO ALEX MASSELAI;MASSELAI;PL;ELEITO;TSE (dados abertos)
82015;MAJOR GERCINO;SC;2025-2028;RODRIGO DOS SANTOS;RODRIGO DOS SANTOS;PP;ELEITO;TSE (dados abertos)
80624;PASSOS MAIA;SC;2025-2028;NEIMAR LUIZ NERVIS;NEI NERVIS;PT;ELEITO;TSE (dados abertos)
83712;URUBICI;SC;2025-2028;LEANDRO DE SOUZA CORRÊA;LEANDRO CORRÊA;PSD;ELEITO;TSE (dados abertos)
82171;MONTE CASTELO;SC;2025-2028;SIRINEU RATOCHINSKI;SIRINEU;PODE;ELEITO;TSE (dados abertos)
82139;MODELO;SC;2025-2028;BARBARA MILENA GELLER BARON;BARBARA;MDB;ELEITO;TSE (dados abertos)
81434;IMBITUBA;SC;2025-2028;MICHELL NUNES;MICHELL PENINHA;PL;ELEITO;TSE (dados abertos)
81914;LEBON RÉGIS;SC;2025-2028;MARCELO SPAUTZ;MARCELO SPAUTZ;PP;ELEITO;TSE (dados abertos)
80888;FORMOSA DO SUL;SC;2025-2028;DOVALDO PALMORIO;DOVALDO;MDB;ELEITO;TSE (dados abertos)
80500;ÁGUAS FRIAS;SC;2025-2028;WESLEY TERRIBILE;WESLEY;PL;ELEITO;TSE (dados abertos)
80721;SANTA HELENA;SC;2025-2028;CLOVIS LAZAROTTO;CLÓVIS;PP;ELEITO;TSE (dados abertos)
80098;ÁGUAS DE CHAPECÓ;SC;2025-2028;OSCAR BARELA;OSCAR BARELA;PP;ELEITO;TSE (dados abertos)
83950;CORREIA PINTO;SC;2025-2028;LUCIA RAQUEL RODRIGUES ORTIZ;LUCIA ORTIZ;MDB;ELEITO;TSE (dados abertos)
80063;APIÚNA;SC;2025-2028;MARCELO DOUTEL DA SILVA;MARCELO;PL;ELEITO;TSE (dados abertos)
82694;POUSO REDONDO;SC;2025-2028;RAFAEL NEITZKE TAMBOZI;RAFAEL;PL;ELEITO;TSE (dados abertos)
81051;FLORIANÓPOLIS;SC;2025-2028;TOPAZIO SILVEIRA NETO;TOPÁZIO;PSD;ELEITO;TSE (dados abertos)
83976;OTACÍLIO COSTA;SC;2025-2028;FABIANO BALDESSAR DE SOUZA;FABIANO BALDESSAR;MDB;ELEITO;TSE (dados abertos)
81329;FREI ROGÉRIO;SC;2025-2028;IVO JOSÉ MAZZUCO;IVO MAZZUCO;MDB;ELEITO;TSE (dados abertos)
80926;PONTE ALTA DO NORTE;SC;2025-2028;MICHEL MOREIRA DA SILVA;MICHEL MOREIRA;MDB;ELEITO;TSE (dados abertos)
82953;RIO NEGRINHO;SC;2025-2028;CAIO CESAR TREML;DR CAIO;PL;ELEITO;TSE (dados abertos)
80330;ASCURRA;SC;2025-2028;ARAO JOSINO DA SILVA;ARAO JOSINO;NOVO;ELEITO;TSE (dados abertos)
83909;BALNEÁRIO RINCÃO;SC;2025-2028;LUIZ GUSTAVO DA LUZ NETO;LUIZ LAURINDO;PSD;ELEITO;TSE (dados abertos)
83879;XAXIM;SC;2025-2028;EDILSON ANTONIO FOLLE;CHICO FOLLE;MDB;ELEITO;TSE (dados abertos)
83070;SANTA ROSA DE LIMA;SC;2025-2028;SIUZETE VANDRESEN BAUMANN;SIUZETE;PT;ELEITO;TSE (dados abertos)
80292;ARMAZÉM;SC;2025-2028;LUIZ PAULO RODRIGUES MENDES;LUIZ MENDES;PSD;ELEITO;TSE (dados abertos)
82538;PINHALZINHO;SC;2025-2028;ALESSANDRO BELTRAME;BELTRAME;PP;ELEITO;TSE (dados abertos)
83798;VIDEIRA;SC;2025-2028;WILMAR CARELLI;CARELLI;MDB;ELEITO;TSE (dados abertos)
80985;BOMBINHAS;SC;2025-2028;ALEXANDRE DA SILVA;ALEXANDRE;PSD;ELEITO;TSE (dados abertos)
80306;COCAL DO SUL;SC;2025-2028;ADEMIR MAGAGNIN;ADEMIR MAGAGNIN;PP;ELEITO;TSE (dados abertos)
80950;DESCANSO;SC;2025-2028;JULIANO JUNIOR KASPER;JUCA KASPER;PL;ELEITO;TSE (dados abertos)
81310;HERVAL D'OESTE;SC;2025-2028;RONALDO LORENÇO DA ROSA;RONALDO LORENÇO DA ROSA;PSDB;ELEITO;TSE (dados abertos)
81426;ENTRE RIOS;SC;2025-2028;EVANDRO ANTONIO DOS PASSOS;EVANDRO;PL;ELEITO;TSE (dados abertos)
80640;SÃO JOÃO DO OESTE;SC;2025-2028;SÉRGIO LUÍS THEISEN;SÉRGIO;PSD;ELEITO;TSE (dados abertos)
80896;CRICIÚMA;SC;2025-2028;VAGNER ESPINDOLA RODRIGUES;VAGUINHO;PSD;ELEITO;TSE (dados abertos)
81230;GUABIRUBA;SC;2025-2028;VALMIR ZIRKE;ZIRKE;PP;ELEITO;TSE (dados abertos)
80101;JOSÉ BOITEUX;SC;2025-2028;GEOVANI LUNELLI;NENO;MDB;ELEITO;TSE (dados abertos)
81027;CAPIVARI DE BAIXO;SC;2025-2028;CLAUDIR ANTONIO DE BITENCOURT;CLAUDIR BITENCOURT;PL;ELEITO;TSE (dados abertos)
80632;CAMPO ALEGRE;SC;2025-2028;RUBENS BLASZKOWSKI;RUBENS BLASZKOWSKI;PSD;ELEITO;TSE (dados abertos)
80829;IPUAÇU;SC;2025-2028;NELSON BRISOLA;BRISOLA;MDB;ELEITO;TSE (dados abertos)
82490;PETROLÂNDIA;SC;2025-2028;RODRIGO DE SOUZA;RODRIGO;MDB;ELEITO;TSE (dados abertos)
80136;ALFREDO WAGNER;SC;2025-2028;GILMAR SANI;GILMAR SANI;PL;ELEITO;TSE (dados abertos)
80403;PASSO DE TORRES;SC;2025-2028;VALMIR AUGUSTO RODRIGUES;VALMIR RODRIGUES;PP;ELEITO;TSE (dados abertos)
83194;SÃO FRANCISCO DO SUL;SC;2025-2028;GODOFREDO GOMES MOREIRA FILHO;GODOFREDO;MDB;ELEITO;TSE (dados abertos)
80527;GUATAMBÚ;SC;2025-2028;LUIZ ANDRE SPEROTTO;ANDRE SPEROTTO;PSD;ELEITO;TSE (dados abertos)
82414;PAULO LOPES;SC;2025-2028;FERNANDA RODRIGUES LEITE;FERNANDA ;PP;ELEITO;TSE (dados abertos)
80594;CAIBI;SC;2025-2028;EDER PICOLI;EDER PICOLI;PP;ELEITO;TSE (dados abertos)
80772;CATANDUVAS;SC;2025-2028;MONALISA RUARO;MONA;PL;ELEITO;TSE (dados abertos)
81752;JARAGUÁ DO SUL;SC;2025-2028;JOSÉ JAIR FRANZNER;JAIR FRANZNER;MDB;ELEITO;TSE (dados abertos)
81485;SÃO BERNARDINO;SC;2025-2028;DALVIR LUIZ LUDWIG;DALVIR LUIZ LUDWIG;PSDB;ELEITO;TSE (dados abertos)
81523;SALTINHO;SC;2025-2028;EDIMAR NORONHA DE FREITAS;EDIMAR;PT;ELEITO;TSE (dados abertos)
81264;PAINEL;SC;2025-2028;MARCIO JOSÉ BRANCO DE ANDRADE;MARCIO ANDRADE;PP;ELEITO;TSE (dados abertos)
81000;SANGÃO;SC;2025-2028;CASTILHO SILVANO VIEIRA;CASTILHO;PP;ELEITO;TSE (dados abertos)
81280;BOCAINA DO SUL;SC;2025-2028;JOÃO EDUARDO DELLA JUSTINA;DUDUCA;PSDB;ELEITO;TSE (dados abertos)
83453;SEARA;SC;2025-2028;GILBERTO DE MORAES GONÇALVES;BETO GONÇALVES;PP;ELEITO;TSE (dados abertos)
81205;SANTIAGO DO SUL;SC;2025-2028;ALACIR DURANTE;ALACIR DURANTE;MDB;ELEITO;TSE (dados abertos)
80810;CHAPECÓ;SC;2025-2028;JOÃO RODRIGUES;JOÃO RODRIGUES;PSD;ELEITO;TSE (dados abertos)
80080;DOUTOR PEDRINHO;SC;2025-2028;GELEADE GADIEL WOLLERT;GELEADE WOLLERT;MDB;ELEITO;TSE (dados abertos)
83313;SÃO JOSÉ DO CERRITO;SC;2025-2028;TAINARA BARBOSA RAITZ;TAINARA RAITZ;MDB;ELEITO;TSE (dados abertos)
82996;ROMELÂNDIA;SC;2025-2028;JUAREZ FURTADO;JUAREZ FURTADO;PSDB;ELEITO;TSE (dados abertos)
80322;NOVA ITABERABA;SC;2025-2028;MARCIANO MAURO PAGLIARINI;MARCIANO PAGLIARINI;PP;ELEITO;TSE (dados abertos)
82074;MASSARANDUBA;SC;2025-2028;MOACIR KASMIRSKI;MOACIR KASMIRSKI;UNIÃO;ELEITO;TSE (dados abertos)
82317;OURO;SC;2025-2028;CLAUDIR DUARTE;DIRE DUARTE;PL;ELEITO;TSE (dados abertos)
83470;SIDERÓPOLIS;SC;2025-2028;ANGELO FRANQUI SALVARO;FRANQUI SALVARO;PSD;ELEITO;TSE (dados abertos)
83054;SANTA CECÍLIA;SC;2025-2028;CARLOS ENRIQUE GARCIA LANGER;DR CARLOS;PODE;ELEITO;TSE (dados abertos)
81663;ITAPOÁ;SC;2025-2028;JEFERSON RUBENS GARCIA;JEFINHO GARCIA;MDB;ELEITO;TSE (dados abertos)
80004;MONTE CARLO;SC;2025-2028;ALCIONE ROBERTO BUYNO;ALCIONE BUYNO;PSD;ELEITO;TSE (dados abertos)
82473;PERITIBA;SC;2025-2028;PAULO JOSÉ DEITOS;PAULO DEITOS;PL;ELEITO;TSE (dados abertos)
81345;TREVISO;SC;2025-2028;LUCIANO RUBENS MIOTELLI;LUCIANO MIOTELLI;MDB;ELEITO;TSE (dados abertos)
81418;IMARUÍ;SC;2025-2028;PATRICK CORREA;PATRICK CORREA;REPUBLICANOS;ELEITO;TSE (dados abertos)
83330;SÃO LOURENÇO DO OESTE;SC;2025-2028;AGUSTINHO ASSIS MENEGATTI;AGUSTINHO ASSIS MENEGATTI;PP;ELEITO;TSE (dados abertos)
82511;BALNEÁRIO PIÇARRAS;SC;2025-2028;TIAGO MACIEL BALTT;TIAGO BALTT;MDB;ELEITO;TSE (dados abertos)
80799;CAXAMBU DO SUL;SC;2025-2028;EDI MARCOS ANTUNES DE MELLO;EDI MARCOS;PSD;ELEITO;TSE (dados abertos)
81582;BANDEIRANTE;SC;2025-2028;EDER LUIZ MARCON;EDER MARCON;PT;ELEITO;TSE (dados abertos)
83097;SANTO AMARO DA IMPERATRIZ;SC;2025-2028;GUSTAVO JOSE DE ABREU;GUSTAVINHO ABREU;PL;ELEITO;TSE (dados abertos)
80870;CORUPÁ;SC;2025-2028;EDDY EDGARD EIPPER;NININHO EIPPER;NOVO;ELEITO;TSE (dados abertos)
83674;TUBARÃO;SC;2025-2028;ESTENER SORATTO DA SILVA JUNIOR;SORATTO;PL;ELEITO;TSE (dados abertos)
80217;ANITÁPOLIS;SC;2025-2028;SOLANGE BACK;SOLANGE BACK;MDB;ELEITO;TSE (dados abertos)
81973;LUIZ ALVES;SC;2025-2028;BERTOLINO BACHMANN;CABOCLO;MDB;ELEITO;TSE (dados abertos)
80861;IRATI;SC;2025-2028;ODIRLEI CARLOS BERGAMASCHI;ODIRLEI BERGAMASCHI;MDB;ELEITO;TSE (dados abertos)
81590;ITAIÓPOLIS;SC;2025-2028;IVAN RECH;IVAN RECH;PL;ELEITO;TSE (dados abertos)
83739;URUSSANGA;SC;2025-2028;STELA MARIS DE AGOSTIN TALAMINI;STELA TALAMINI;MDB;ELEITO;TSE (dados abertos)
80047;LINDÓIA DO SUL;SC;2025-2028;FLAVIO LUIZ BENINI;FLAVIO;PL;ELEITO;TSE (dados abertos)
82210;NAVEGANTES;SC;2025-2028;LIBARDONI LAURO CLAUDINO FRONZA;LIBA;PSD;ELEITO;TSE (dados abertos)
80578;CAÇADOR;SC;2025-2028;ALENCAR MENDES;ALENCAR;PL;ELEITO;TSE (dados abertos)
82937;RIO FORTUNA;SC;2025-2028;LINDOMAR BALLMANN;LINDOMAR BALLMANN;PSD;ELEITO;TSE (dados abertos)
80900;MACIEIRA;SC;2025-2028;SIMONE CAMPAGNIM ZANELLA;SIMONE ZANELLA;PL;ELEITO;TSE (dados abertos)
80365;MIRIM DOCE;SC;2025-2028;BERNARDO PERON;TIO BÊ;UNIÃO;ELEITO;TSE (dados abertos)
81124;SÃO JOÃO DO ITAPERIÚ;SC;2025-2028;ROVÂNI DELMONEGO;ROVÂNI;PSD;ELEITO;TSE (dados abertos)
81302;ALTO BELA VISTA;SC;2025-2028;ADIR FLAVIO SVIDERSKEI;ADIR;PL;ELEITO;TSE (dados abertos)
81035;FAXINAL DOS GUEDES;SC;2025-2028;JADER ADRIEL DANIELLI;JADER DANIELLI;PSD;ELEITO;TSE (dados abertos)
81299;GUARUJÁ DO SUL;SC;2025-2028;ELIANE APARECIDA DE SOUZA FANTON;ELIANE FANTON;PL;ELEITO;TSE (dados abertos)
82198;MORRO DA FUMAÇA;SC;2025-2028;EDUARDO SARTOR GUOLLO;EDUARDO GUOLLO;PP;ELEITO;TSE (dados abertos)
83917;MARACAJÁ;SC;2025-2028;ANIBAL BRAMBILA;BRAMBILA;PSD;ELEITO;TSE (dados abertos)
81019;ERVAL VELHO;SC;2025-2028;LENITA DADALT FONTANA;LENITA DADALT FONTANA;MDB;ELEITO;TSE (dados abertos)
80268;CELSO RAMOS;SC;2025-2028;ALECSANDRO PELOZATTO;KINHO;UNIÃO;ELEITO;TSE (dados abertos)
80675;CAMPO ERÊ;SC;2025-2028;ROZANE BORTONCELLO MOREIRA;ROZANE MOREIRA;PT;ELEITO;TSE (dados abertos)
82899;RIO DOS CEDROS;SC;2025-2028;JORGE LUIZ STOLF;JORGE STOLF;PL;ELEITO;TSE (dados abertos)
81060;FORQUILHINHA;SC;2025-2028;JOSÉ CLAUDIO GONÇALVES;NEGUINHO;PSD;ELEITO;TSE (dados abertos)
81779;JOAÇABA;SC;2025-2028;VILSON SARTORI;SARTORI;PSDB;ELEITO;TSE (dados abertos)
82430;PEDRAS GRANDES;SC;2025-2028;AGNALDO FILIPPI;AGNALDO FILIPPI;PP;ELEITO;TSE (dados abertos)
81469;BOM JESUS DO OESTE;SC;2025-2028;MARCIO JOSE STORCK;MARCIO STORCK;PSD;ELEITO;TSE (dados abertos)
83771;VIDAL RAMOS;SC;2025-2028;LAERCIO DA CRUZ;LAÉRCIO DA CRUZ;MDB;ELEITO;TSE (dados abertos)
80730;CANOINHAS;SC;2025-2028;JULIANA MACIEL HOPPE;JULIANA MACIEL;PL;ELEITO;TSE (dados abertos)
81043;CORDILHEIRA ALTA;SC;2025-2028;WILSON LUIZ DA SILVA;WILSON LUIZ DA SILVA;MDB;ELEITO;TSE (dados abertos)
83755;VARGEÃO;SC;2025-2028;AMARILDO PAGLIA;AMARILDO PAGLIA;MDB;ELEITO;TSE (dados abertos)
80195;ANITA GARIBALDI;SC;2025-2028;HENRIQUE MENEGAZZO;HENRIQUE MENEGAZZO;UNIÃO;ELEITO;TSE (dados abertos)
83410;SAUDADES;SC;2025-2028;MACIEL SCHNEIDER;MACIEL SCHNEIDER;PSD;ELEITO;TSE (dados abertos)
82732;PRESIDENTE CASTELLO BRANCO;SC;2025-2028;NEIVA KLEEMANN TONIELO;NEIVA KLEEMANN TONIELO;MDB;ELEITO;TSE (dados abertos)
81639;ITAPEMA;SC;2025-2028;CARLOS ALEXANDRE DE SOUZA RIBEIRO;ALEXANDRE XEPA;PL;ELEITO;TSE (dados abertos)
81442;PAIAL;SC;2025-2028;ADELMO LUIS BRAATZ;ADELMO;MDB;ELEITO;TSE (dados abertos)
81507;SANTA TEREZINHA DO PROGRESSO;SC;2025-2028;ELISEU ALVES DA SILVA;ELISEU;PP;ELEITO;TSE (dados abertos)
80454;BIGUAÇU;SC;2025-2028;SALMIR DA SILVA;SALMIR DA SILVA;MDB;ELEITO;TSE (dados abertos)
80659;CAMPO BELO DO SUL;SC;2025-2028;CÉLIO PEREIRA;CÉLIO PEREIRA;PSD;ELEITO;TSE (dados abertos)
81574;ITÁ;SC;2025-2028;CLEMOR ANTONIO BATTISTI;CLEMOR;PL;ELEITO;TSE (dados abertos)
81140;JARDINÓPOLIS;SC;2025-2028;SADI GOMES FERREIRA;SADI;MDB;ELEITO;TSE (dados abertos)
83690;TURVO;SC;2025-2028;HERIBERTO AFONSO SCHMIDT;HERIBERTO AFONSO SCHMIDT;MDB;ELEITO;TSE (dados abertos)
83895;BOM JARDIM DA SERRA;SC;2025-2028;PEDRO LUIZ OSTETTO;PEDRO;PL;ELEITO;TSE (dados abertos)
80020;IPORÃ DO OESTE;SC;2025-2028;MICHEL NEDEL BARTH;MICHEL BARTH;MDB;ELEITO;TSE (dados abertos)
81655;ITAPIRANGA;SC;2025-2028;ALEXANDRE GOMES RIBAS;ALEXANDRE RIBAS;PL;ELEITO;TSE (dados abertos)
80390;BALNEÁRIO CAMBORIÚ;SC;2025-2028;JULIANA PAVAN VON BORSTEL;JULIANA PAVAN;PSD;ELEITO;TSE (dados abertos)
82392;PAPANDUVA;SC;2025-2028;TAFAREL SCHONS;TAFA;PL;ELEITO;TSE (dados abertos)
80462;VARGEM;SC;2025-2028;NELSON GASPERIN JUNIOR;PEIXE;MDB;ELEITO;TSE (dados abertos)
80608;RIO RUFINO;SC;2025-2028;ADEMAR DE BONA SARTOR;ADEMAR;PP;ELEITO;TSE (dados abertos)
82619;PONTE ALTA;SC;2025-2028;EDSON JULIO WOLINGER;EDSON WOLINGER;REPUBLICANOS;ELEITO;TSE (dados abertos)
82872;RIO DO OESTE;SC;2025-2028;BRUNO PESSATTI;BRUNO PESSATTI;PL;ELEITO;TSE (dados abertos)
81388;BOM JESUS;SC;2025-2028;VILMAR PECCINI;PECCINI;PSD;ELEITO;TSE (dados abertos)
80012;ABELARDO LUZ;SC;2025-2028;NERCI SANTIN;SANTIN;MDB;ELEITO;TSE (dados abertos)
80764;NOVO HORIZONTE;SC;2025-2028;NAUDIR JOSE CADORE;CADORE    NAUDIR CADORE;PP;ELEITO;TSE (dados abertos)
80420;BRAÇO DO TROMBUDO;SC;2025-2028;ADRIANO TREINATTI;ADRIANO;PL;ELEITO;TSE (dados abertos)
83682;TUNÁPOLIS;SC;2025-2028;MARINO JOSE FREY;MARINO JOSE FREY;PP;ELEITO;TSE (dados abertos)
81809;LUZERNA;SC;2025-2028;JULIANO SCHNEIDER;JULIANO;PSD;ELEITO;TSE (dados abertos)
81116;GOVERNADOR CELSO RAMOS;SC;2025-2028;MARCOS HENRIQUE DA SILVA;MARQUINHO;PL;ELEITO;TSE (dados abertos)
81370;IÇARA;SC;2025-2028;DALVANIA PEREIRA CARDOSO;DALVANIA CARDOSO;PL;ELEITO;TSE (dados abertos)
82813;RANCHO QUEIMADO;SC;2025-2028;TIAGO SCHUTZ;TIAGO;PL;ELEITO;TSE (dados abertos)
80497;BOM RETIRO;SC;2025-2028;HELENA SCHILD DE OLIVEIRA;HELENA;UNIÃO;ELEITO;TSE (dados abertos)
81221;BELA VISTA DO TOLDO;SC;2025-2028;FRANCISCO CARLOS SCHIESSL;CARLINHOS SCHIESSL;MDB;ELEITO;TSE (dados abertos)
80489;ARABUTÃ;SC;2025-2028;OLGUIN RICARDO METZ;OLGUIN METZ;PL;ELEITO;TSE (dados abertos)
80152;ANCHIETA;SC;2025-2028;MOACIR PEDRO PIOVEZANI;MOACIR PIOVEZANI;MDB;ELEITO;TSE (dados abertos)
81159;GARUVA;SC;2025-2028;PLOTINO DE BITENCOURT;TINO;PL;ELEITO;TSE (dados abertos)
83151;SÃO CARLOS;SC;2025-2028;DELTON PAULO BALBINOT;DELTON;MDB;ELEITO;TSE (dados abertos)
81183;SÃO PEDRO DE ALCÂNTARA;SC;2025-2028;CHARLES DA CUNHA;CHARLES;PL;ELEITO;TSE (dados abertos)
80977;DIONÍSIO CERQUEIRA;SC;2025-2028;BIANCA MOREIRA MARAN BERTAMONI;BIANCA;PL;ELEITO;TSE (dados abertos)
81540;JUPIÁ;SC;2025-2028;VALDELIRIO LOCATELLI DA CRUZ;VALDELIRIO;MDB;ELEITO;TSE (dados abertos)
80780;SÃO MIGUEL DA BOA VISTA;SC;2025-2028;VANDERLEI BONALDO;VANDERLEI BONALDO;PL;ELEITO;TSE (dados abertos)
81892;LAURO MÜLLER;SC;2025-2028;VALDIR FONTANELLA;VALDIR FONTANELLA;PP;ELEITO;TSE (dados abertos)
80314;ARROIO TRINTA;SC;2025-2028;ANTONIO SERIGHELLI;TONHO;PP;ELEITO;TSE (dados abertos)
80918;CUNHA PORÃ;SC;2025-2028;LUZIA ILIANE VACARIN;LUZIA VACARIN;PSDB;ELEITO;TSE (dados abertos)
80748;BELMONTE;SC;2025-2028;JAIR ANTONIO GIUMBELLI;JAIR GIUMBELLI;PL;ELEITO;TSE (dados abertos)
81353;IBIRAMA;SC;2025-2028;DUÍLIO GEHRKE;DUÍLIO;PSD;ELEITO;TSE (dados abertos)
80845;OURO VERDE;SC;2025-2028;MOACIR MOTTIN;MOTTIN;PL;ELEITO;TSE (dados abertos)
82333;PALHOÇA;SC;2025-2028;EDUARDO FRECCIA;EDUARDO FRECCIA;PL;ELEITO;TSE (dados abertos)
83577;TIMBÓ;SC;2025-2028;FLÁVIO GERMANO BUZZI;FLÁVIO BUZZI;PL;ELEITO;TSE (dados abertos)
80616;CAMBORIÚ;SC;2025-2028;LEONEL ARCANGELO PAVAN;LEONEL PAVAN;PSD;ELEITO;TSE (dados abertos)
81876;LAURENTINO;SC;2025-2028;AGENOR AVI;AGENOR AVI;MDB;ELEITO;TSE (dados abertos)
84905;JAQUIRANA;RS;2025-2028;MARIA ISABEL RAUBER TURELLA;MARIA ISABEL RAUBER (BEL);PP;ELEITO;TSE (dados abertos)
89206;CRUZALTENSE;RS;2025-2028;ANDRÉ GAZZONI;ANDRÉ;PSDB;ELEITO;TSE (dados abertos)
87904;SÉRIO;RS;2025-2028;SIDINEI MOISES DE FREITAS;MOISES DE FREITAS;MDB;ELEITO;TSE (dados abertos)
86053;CHIAPETTA;RS;2025-2028;OSMAR KUHN;OSMAR KUHN;PP;ELEITO;TSE (dados abertos)
87467;PORTO MAUÁ;RS;2025-2028;CARLOS CESAR DINON;MANICO;MDB;ELEITO;TSE (dados abertos)
85472;BOM RETIRO DO SUL;RS;2025-2028;CELSO PAZUCH;CELSO PAZUCH;PSB;ELEITO;TSE (dados abertos)
88099;QUARAÍ;RS;2025-2028;JEFERSON DA SILVA PIRES;JEFERSON PIRES;REPUBLICANOS;ELEITO;TSE (dados abertos)
88722;TABAÍ;RS;2025-2028;ANDERSON DE AZEVEDO VARGAS;ANDERSON VARGAS;PT;ELEITO;TSE (dados abertos)
89257;TAPES;RS;2025-2028;LUIZ CARLOS COUTINHO GARCEZ;GARCEZ;PP;ELEITO;TSE (dados abertos)
87980;TRAVESSEIRO;RS;2025-2028;GILMAR LUIZ SOUTHIER;GILMAR;MDB;ELEITO;TSE (dados abertos)
85561;SALDANHA MARINHO;RS;2025-2028;VOLMAR TELLES DO AMARAL;PITTI;PP;ELEITO;TSE (dados abertos)
86371;ERECHIM;RS;2025-2028;PAULO ALFREDO POLIS;POLIS;MDB;ELEITO;TSE (dados abertos)
86835;GRAVATAÍ;RS;2025-2028;LUIZ ARIANO ZAFFALON;ZAFFA;PSDB;ELEITO;TSE (dados abertos)
84832;SÃO DOMINGOS DO SUL;RS;2025-2028;JONAS TIBOLA;JONAS TIBOLA;PP;ELEITO;TSE (dados abertos)
88080;VALE REAL;RS;2025-2028;MARCELO ANTONIO BETTEGA;MARCELO BETTEGA;PSDB;ELEITO;TSE (dados abertos)
87050;IJUÍ;RS;2025-2028;ANDREI COSSETIN SCZMANSKI;ANDREI COSSETIN;PP;ELEITO;TSE (dados abertos)
88781;VESPASIANO CORRÊA;RS;2025-2028;TIAGO MANOEL FERREIRA MICHELON;TIAGO MANOEL MICHELON;PL;ELEITO;TSE (dados abertos)
85766;RELVADO;RS;2025-2028;CARLOS LUIZ FRAPORTI;LOISO;PP;ELEITO;TSE (dados abertos)
85570;CACEQUI;RS;2025-2028;ANA PAULA MENDES MACHADO DELOLMO;ANA PAULA DELOLMO;MDB;ELEITO;TSE (dados abertos)
89036;SARANDI;RS;2025-2028;PABLO LUIZ ALIEVI MARI;PABLO MARI;UNIÃO;ELEITO;TSE (dados abertos)
85235;ARROIO DO TIGRE;RS;2025-2028;VANDERLEI HERMES;VANDERLEI HERMES;PP;ELEITO;TSE (dados abertos)
87696;NOVA PRATA;RS;2025-2028;UMBERTO LUIZ CARNEVALLI;BETO CARNEVALLI;REPUBLICANOS;ELEITO;TSE (dados abertos)
88110;REDENTORA;RS;2025-2028;MALBERK ANTOINE KUNST DULLIUS;NICO;MDB;ELEITO;TSE (dados abertos)
85618;CACHOEIRINHA;RS;2025-2028;CRISTIAN WASEM ROSA;CRISTIAN WASEM;MDB;ELEITO;TSE (dados abertos)
89184;CORONEL PILAR;RS;2025-2028;IVAN BATISTA AGATTI;IVAN AGATTI;PT;ELEITO;TSE (dados abertos)
87262;NOVO BARREIRO;RS;2025-2028;MARCIA RAQUEL RODRIGUES PRESOTTO;MARCIA RODRIGUES;UNIÃO;ELEITO;TSE (dados abertos)
88170;RIO PARDO;RS;2025-2028;ROGERIO LUIZ MONTEIRO;ROGÉRIO MONTEIRO;MDB;ELEITO;TSE (dados abertos)
86177;CRISSIUMAL;RS;2025-2028;MARCO AURELIO NEDEL;NEDEL;PL;ELEITO;TSE (dados abertos)
85308;ARROIO DO SAL;RS;2025-2028;LUCIANO PINTO DA SILVA;LUCIANO PINTO;REPUBLICANOS;ELEITO;TSE (dados abertos)
88382;ITAARA;RS;2025-2028;SANDRO ROBERTO GALARÇA FERIGOLLO;SANDRO FERIGOLLO;PT;ELEITO;TSE (dados abertos)
87718;NOVO HAMBURGO;RS;2025-2028;GUSTAVO DIOGO FINCK;GUSTAVO FINCK;PP;ELEITO;TSE (dados abertos)
86738;GENERAL CÂMARA;RS;2025-2028;MARCIO PEREIRA BRANDÃO;MARCINHO BRANDÃO;PP;ELEITO;TSE (dados abertos)
89303;MATO QUEIMADO;RS;2025-2028;MAURO JOSÉ HARTMANN;MAURO HARTMANN;PP;ELEITO;TSE (dados abertos)
87459;MAXIMILIANO DE ALMEIDA;RS;2025-2028;ANDRÉ FERNANDO ZUCUNELLI;ANDRÉ ZUCUNELLI;MDB;ELEITO;TSE (dados abertos)
86045;AMARAL FERRADOR;RS;2025-2028;RONIVAN FONTOURA BRAGA;RONIVAN;PP;ELEITO;TSE (dados abertos)
87416;MARIANO MORO;RS;2025-2028;VALDECIR MARIANO PINTO;KINKINHA;PDT;ELEITO;TSE (dados abertos)
87041;MATO LEITÃO;RS;2025-2028;ARLY STÖHR;ARLY STÖHR FLECHA;PDT;ELEITO;TSE (dados abertos)
87629;SANTA TEREZA;RS;2025-2028;GISELE CAUMO;GISELE CAUMO;PP;ELEITO;TSE (dados abertos)
89079;SELBACH;RS;2025-2028;MICHAEL KUHN;MICHAEL KUHN;PP;ELEITO;TSE (dados abertos)
88889;PASSA SETE;RS;2025-2028;MAURICIO AFONSO RUOSO;MAURICIO AFONSO RUOSO;PL;ELEITO;TSE (dados abertos)
88870;SÃO NICOLAU;RS;2025-2028;RAFAEL GODOIS DA SILVA;BIDU;PP;ELEITO;TSE (dados abertos)
89516;URUGUAIANA;RS;2025-2028;CARLOS ALBERTO DELGADO DE DAVID;CARLOS DELGADO;PP;ELEITO;TSE (dados abertos)
85847;VISTA GAÚCHA;RS;2025-2028;CLAUDEMIR JOSE LOCATELLI;LOCATELLI;MDB;ELEITO;TSE (dados abertos)
84867;GUABIJU;RS;2025-2028;NERI ROSA DA SILVA;NERI;PP;ELEITO;TSE (dados abertos)
87297;LAJEADO;RS;2025-2028;GLÁUCIA SCHUMACHER;GLÁUCIA SCHUMACHER;PP;ELEITO;TSE (dados abertos)
87653;NOVA PALMA;RS;2025-2028;JUCEMARA ROSSATO;PROFESSORA JUCEMARA;PP;ELEITO;TSE (dados abertos)
87971;PLANALTO;RS;2025-2028;CRISTIANO GNOATTO;CRISTIANO GNOATTO;MDB;ELEITO;TSE (dados abertos)
85758;CAMPINAS DO SUL;RS;2025-2028;PAULO SERGIO BATTISTI;PAULO BATTISTI;UNIÃO;ELEITO;TSE (dados abertos)
88390;SANTA CRUZ DO SUL;RS;2025-2028;SERGIO IVAN MORAES;SERGIO MORAES;PL;ELEITO;TSE (dados abertos)
86665;DERRUBADAS;RS;2025-2028;MIRO MULBEIER;MIRO;MDB;ELEITO;TSE (dados abertos)
88447;MAÇAMBARÁ;RS;2025-2028;JOSÉ MARIO DOS SANTOS;NEGRO DO BRASIL;MDB;ELEITO;TSE (dados abertos)
87912;PELOTAS;RS;2025-2028;FERNANDO STEPHAN MARRONI;MARRONI;PT;ELEITO;TSE (dados abertos)
85979;CATUÍPE;RS;2025-2028;PAULO ROBERTO DALLA CORTE;PAULINHO;PP;ELEITO;TSE (dados abertos)
85898;CANOAS;RS;2025-2028;AIRTON JOSE DE SOUZA;AIRTON SOUZA;PL;ELEITO;TSE (dados abertos)
85790;CAMPO NOVO;RS;2025-2028;PEDRO DOS SANTOS;PEDRINHO;REPUBLICANOS;ELEITO;TSE (dados abertos)
88188;DILERMANDO DE AGUIAR;RS;2025-2028;JORGE ALBERTO PEREIRA SAIDELLES;JORGINHO SAIDELLES;UNIÃO;ELEITO;TSE (dados abertos)
88102;VILA NOVA DO SUL;RS;2025-2028;JOSÉ LUIZ CAMARGO DE MOURA;JOSÉ MOURA;MDB;ELEITO;TSE (dados abertos)
86711;GAURAMA;RS;2025-2028;ELIEZER VAGNER ZANATTA;ELIEZER ZANATTA;PSD;ELEITO;TSE (dados abertos)
84824;DOIS LAJEADOS;RS;2025-2028;FABIANA GIACOMIN;FABI;PP;ELEITO;TSE (dados abertos)
87424;PONTÃO;RS;2025-2028;LUIS FERNANDO PEREIRA DA SILVA;FOGUINHO;UNIÃO;ELEITO;TSE (dados abertos)
86150;CORONEL BICACO;RS;2025-2028;ARLEU VALADAR MACHADO;ARLEU VALADAR;PDT;ELEITO;TSE (dados abertos)
88242;FLORIANO PEIXOTO;RS;2025-2028;JAIR ANTONIO OSTROWSKI;JAIR OSTROWSKI;MDB;ELEITO;TSE (dados abertos)
86770;GETÚLIO VARGAS;RS;2025-2028;PEDRO PAULO PREZZOTTO;PREZZOTTO;PL;ELEITO;TSE (dados abertos)
87017;IBIRUBÁ;RS;2025-2028;JAQUELINE BRIGNONI WINSCH;JAQUELINE WINSCH;PL;ELEITO;TSE (dados abertos)
88587;JARI;RS;2025-2028;OSNEI DOS SANTOS AZEREDO;NEI;MDB;ELEITO;TSE (dados abertos)
86622;CORONEL BARROS;RS;2025-2028;BRÁULIO SCHERER;BRÁULIO SCHERER;PP;ELEITO;TSE (dados abertos)
86843;ITAPUCA;RS;2025-2028;DELAVIR SCORSATTO;DELAVIR;PDT;ELEITO;TSE (dados abertos)
86207;SANTA MARIA DO HERVAL;RS;2025-2028;GILNEI CAPELETTI;GILNEI CAPELETTI CHILO;MDB;ELEITO;TSE (dados abertos)
88692;SÃO GABRIEL;RS;2025-2028;LUCAS GONÇALVES MENEZES;LUCAS;UNIÃO;ELEITO;TSE (dados abertos)
88129;VITÓRIA DAS MISSÕES;RS;2025-2028;CORNÉLIO LUIS GRIMM;CORNÉLIO;PDT;ELEITO;TSE (dados abertos)
86436;ERVAL SECO;RS;2025-2028;EDERSON WINK;EDER WINK;PDT;ELEITO;TSE (dados abertos)
98272;FORTALEZA DOS VALOS;RS;2025-2028;PAULO CEZAR MARANGON;PAULÃO;PP;ELEITO;TSE (dados abertos)
87564;SAGRADA FAMÍLIA;RS;2025-2028;MAURO ROGERIO FERRARI GALATTO;MAURO GALATTO;PDT;ELEITO;TSE (dados abertos)
87475;MIRAGUAÍ;RS;2025-2028;LEONIR HARTK;NECO;PP;ELEITO;TSE (dados abertos)
88471;SANTA ROSA;RS;2025-2028;ANDERSON MANTEI;MANTEI;PP;ELEITO;TSE (dados abertos)
87149;MORRO REUTER;RS;2025-2028;AIRTON BOHN;AIRTON BOHN;PP;ELEITO;TSE (dados abertos)
86894;GUARANI DAS MISSÕES;RS;2025-2028;LEANDRO INACIO WASTOWSKI;LEANDRO WASTOWSKI;PP;ELEITO;TSE (dados abertos)
89567;PEDRAS ALTAS;RS;2025-2028;VIVIANE MARIA AVILA DE ALBUQUERQUE;VECA;PP;ELEITO;TSE (dados abertos)
85693;CAMAQUÃ;RS;2025-2028;ABNER DOS SANTOS DILLMANN;ABNER DILLMANN;PSDB;ELEITO;TSE (dados abertos)
85839;CÂNDIDO GODÓI;RS;2025-2028;GUERINO BACKES;GUERINO BACKES;PP;ELEITO;TSE (dados abertos)
89168;COQUEIRO BAIXO;RS;2025-2028;LUCIANO ANDRE ONGARATTO;LUCIANO ONGARATTO;MDB;ELEITO;TSE (dados abertos)
88218;RODEIO BONITO;RS;2025-2028;PAULO DUARTE;PAULO DUARTE;REPUBLICANOS;ELEITO;TSE (dados abertos)
88749;VILA LÂNGARO;RS;2025-2028;ANILDO COSTELLA;ANILDO;MDB;ELEITO;TSE (dados abertos)
87106;MORMAÇO;RS;2025-2028;ALEXANDRE ANTONIO VIEIRA;ALEXANDRE VIEIRA;PP;ELEITO;TSE (dados abertos)
87220;NOVA PÁDUA;RS;2025-2028;ITAMAR BERNARDI;ITAMAR BERNARDI KIKO;MDB;ELEITO;TSE (dados abertos)
86975;IBIAÇÁ;RS;2025-2028;JONES ROBERTO CECCHIN;JONES;PP;ELEITO;TSE (dados abertos)
85480;SÃO MIGUEL DAS MISSÕES;RS;2025-2028;LUIZ RODRIGO RIBAS;RODRIGO RIBAS;PP;ELEITO;TSE (dados abertos)
89451;TUCUNDUVA;RS;2025-2028;JONAS FERNANDO HAUSCHILD;JONAS FERNANDO;PDT;ELEITO;TSE (dados abertos)
88498;SANTA VITÓRIA DO PALMAR;RS;2025-2028;ANDRÉ SELAYARAN NICOLETTI;ANDRÉ SELAYARAN;MDB;ELEITO;TSE (dados abertos)
84913;VANINI;RS;2025-2028;ERENEU JOSE BOGONI;BOGONI;MDB;ELEITO;TSE (dados abertos)
88986;ACEGUÁ;RS;2025-2028;MARCUS VINÍCIUS GODOY DE AGUIAR;MARCUS PETI;PSDB;ELEITO;TSE (dados abertos)
88943;MAMPITUBA;RS;2025-2028;GILBERTO LOPES ROLDÃO;BETO ROLDÃO;PSDB;ELEITO;TSE (dados abertos)
87378;MARAU;RS;2025-2028;NAURA BORDIGNON;NAURA;MDB;ELEITO;TSE (dados abertos)
87734;OSÓRIO;RS;2025-2028;ROMILDO BOLZAN JÚNIOR;ROMILDO BOLZAN;PDT;ELEITO;TSE (dados abertos)
87548;RIO DOS ÍNDIOS;RS;2025-2028;FLAVIO GOLIN;FLAVIO;PP;ELEITO;TSE (dados abertos)
87769;SÃO JOSÉ DAS MISSÕES;RS;2025-2028;GILMAR WEBER TOLFO;ALEMÃO;PL;ELEITO;TSE (dados abertos)
89508;TIO HUGO;RS;2025-2028;VALDUZE BACK VOLLMER;VALDUZE;PDT;ELEITO;TSE (dados abertos)
85170;ARATIBA;RS;2025-2028;GELSON TARCÍSIO CARBONERA;CARBONERA;UNIÃO;ELEITO;TSE (dados abertos)
85910;CARAZINHO;RS;2025-2028;JOÃO PEDRO ALBUQUERQUE DE AZEVEDO;JOÃO PEDRO;PSDB;ELEITO;TSE (dados abertos)
86010;CERRO LARGO;RS;2025-2028;PROTÁSIO PEDRO BUTZEN;PEDRO BUTZEN;PP;ELEITO;TSE (dados abertos)
87858;PASSO FUNDO;RS;2025-2028;PEDRO CÉZAR DE ALMEIDA NETO;PEDRO ALMEIDA;PSD;ELEITO;TSE (dados abertos)
86460;CAMPESTRE DA SERRA;RS;2025-2028;TAIRO BALARDIN;TAIRO BALARDIN;PP;ELEITO;TSE (dados abertos)
87491;MONTENEGRO;RS;2025-2028;GUSTAVO ZANATTA;GUSTAVO ZANATTA;REPUBLICANOS;ELEITO;TSE (dados abertos)
88714;SÃO JERÔNIMO;RS;2025-2028;JÚLIO CESAR PRATES CUNHA;JULIÃO;PSDB;ELEITO;TSE (dados abertos)
89389;QUATRO IRMÃOS;RS;2025-2028;JOÃO PAULO BALBINOT;JOÃO PAULO;PSDB;ELEITO;TSE (dados abertos)
89672;PALMARES DO SUL;RS;2025-2028;REGIS BAUERMANN;REGIS DA NETPAL;PP;ELEITO;TSE (dados abertos)
86550;FARROUPILHA;RS;2025-2028;JONAS TOMAZINI;JONAS;MDB;ELEITO;TSE (dados abertos)
85677;CAIÇARA;RS;2025-2028;ZÍLIO ROGGIA;ZÍLIO ROGGIA;MDB;ELEITO;TSE (dados abertos)
85944;CERRO GRANDE DO SUL;RS;2025-2028;VILMAR WOLFLE SCHWALM;VILMAR SCHWALM;PP;ELEITO;TSE (dados abertos)
88528;CRISTAL DO SUL;RS;2025-2028;ALEXANDRE COSTA;ALEXANDRE;MDB;ELEITO;TSE (dados abertos)
89052;SEBERI;RS;2025-2028;ADILSON ADAM BALESTRIN;ADILSON BALESTRIN;MDB;ELEITO;TSE (dados abertos)
89290;TAQUARI;RS;2025-2028;ANDRE LUIS BARCELLOS BRITO;ANDRÉ BRITO;PDT;ELEITO;TSE (dados abertos)
88641;CERRITO;RS;2025-2028;JOSÉ FLAVIO VIEIRA DE VIEIRA;FLAVINHO;PP;ELEITO;TSE (dados abertos)
87068;MINAS DO LEÃO;RS;2025-2028;SILVIA MARIA LASEK NUNES;SILVIA LASEK;PP;ELEITO;TSE (dados abertos)
88226;NOVA CANDELÁRIA;RS;2025-2028;ARI EDMUNDO ROEHRS;ARI ROEHRS;MDB;ELEITO;TSE (dados abertos)
84840;TUNAS;RS;2025-2028;PAULO HENRIQUE REUTER;PAULO HENRIQUE REUTER;PRD;ELEITO;TSE (dados abertos)
89125;CAPÃO BONITO DO SUL;RS;2025-2028;MARIZETE VARGAS PEREIRA RAUTA;MARI;MDB;ELEITO;TSE (dados abertos)
88625;BARRA DO QUARAÍ;RS;2025-2028;MAHER JABER MAHMUD;MAHER JABER;PDT;ELEITO;TSE (dados abertos)
85618;CACHOEIRINHA;RS;2025-2028;JUSSÁRA MARIA DA SILVA;JUSSARA CAÇAPAVA;AVANTE;ELEITO;TSE (dados abertos)
88331;SALVADOR DO SUL;RS;2025-2028;JOSÉ LAERCE MORALES CEZAR;LAERCE;MDB;ELEITO;TSE (dados abertos)
88340;CARAÁ;RS;2025-2028;BOLIVAR ANTONIO DE SOUZA RABELO GOMES;BOLIVAR GOMES;PSDB;ELEITO;TSE (dados abertos)
85014;AGUDO;RS;2025-2028;LUIS HENRIQUE KITTEL;KITTEL;PL;ELEITO;TSE (dados abertos)
86517;ESTEIO;RS;2025-2028;FELIPE COSTELLA;FELIPE;PL;ELEITO;TSE (dados abertos)
88501;TURUÇU;RS;2025-2028;IVAN EDUARDO SCHERDIEN;IVAN SCHERDIEN;PP;ELEITO;TSE (dados abertos)
85383;SÃO VENDELINO;RS;2025-2028;REGIS PAULO FRITZEN;RÉGIS;MDB;ELEITO;TSE (dados abertos)
87920;SERTÃO SANTANA;RS;2025-2028;RENATO ADÃO BURCHERT;RENATO BURCHERT;PDT;ELEITO;TSE (dados abertos)
87157;ITATIBA DO SUL;RS;2025-2028;VALDEMAR CIBULSKI;POLACO;PT;ELEITO;TSE (dados abertos)
88854;SÃO MARTINHO;RS;2025-2028;JEANCARLO HUNHOFF;JEAN;PP;ELEITO;TSE (dados abertos)
88013;PORTO ALEGRE;RS;2025-2028;SEBASTIÃO DE ARAÚJO MELO;SEBASTIÃO MELO;MDB;ELEITO;TSE (dados abertos)
88030;PORTO LUCENA;RS;2025-2028;IURY SOMMER ZABOLOTSKY;IURY ZABOLOTSKY;MDB;ELEITO;TSE (dados abertos)
85995;CAXIAS DO SUL;RS;2025-2028;ADILO ANGELO DIDOMENICO;ADILÓ;PSDB;ELEITO;TSE (dados abertos)
86312;DONA FRANCISCA;RS;2025-2028;SAUL ANTONIO DAL FORNO RECK;SAUL RECK;PP;ELEITO;TSE (dados abertos)
85987;PARAÍSO DO SUL;RS;2025-2028;CLAITON CLEO MULLER;BRITTES;PP;ELEITO;TSE (dados abertos)
84875;QUINZE DE NOVEMBRO;RS;2025-2028;MARCOS LUIS PETRI;MARCOS LUIS PETRI;MDB;ELEITO;TSE (dados abertos)
86584;COLINAS;RS;2025-2028;MARCELO SCHROER;MARCELO;MDB;ELEITO;TSE (dados abertos)
88633;SÃO BORJA;RS;2025-2028;JOSÉ LUIZ RODRIGUES MACHADO;JOSÉ LUIZ MACHADO BOCA;PP;ELEITO;TSE (dados abertos)
89460;SÃO JOSÉ DO SUL;RS;2025-2028;JULIANE MARIA BENDER;JULI BENDER;PSD;ELEITO;TSE (dados abertos)
89435;TRIUNFO;RS;2025-2028;MARCELO ESSVEIN;MARCELINHO;MDB;ELEITO;TSE (dados abertos)
89230;TAPERA;RS;2025-2028;OSVALDO HENRICH FILHO;OSVALDO HENRICH FILHO PREGO;PP;ELEITO;TSE (dados abertos)
85103;ENTRE-IJUÍS;RS;2025-2028;BRASIL ANTONIO SARTORI;BRASIL SARTORI;UNIÃO;ELEITO;TSE (dados abertos)
87114;IRAÍ;RS;2025-2028;VOLMIR JOSÉ BIELSKI;VOLMIR BIELSKI;UNIÃO;ELEITO;TSE (dados abertos)
89214;TAPEJARA;RS;2025-2028;EVANIR WOLFF;EVANIR WOLFF BIG;PP;ELEITO;TSE (dados abertos)
86878;GUAPORÉ;RS;2025-2028;ODAIR ANDRE ROSSETTO;ROSSETTO;PODE;ELEITO;TSE (dados abertos)
86509;CAPITÃO;RS;2025-2028;MÁRCIO ANDRÉ DA COSTA;MANINHO;MDB;ELEITO;TSE (dados abertos)
85243;IPIRANGA DO SUL;RS;2025-2028;MARCO ANTONIO SANA;MARCO;UNIÃO;ELEITO;TSE (dados abertos)
88668;VALE VERDE;RS;2025-2028;RICARDO FROEMMING;FEIJÃO;MDB;ELEITO;TSE (dados abertos)
88005;TRÊS FORQUILHAS;RS;2025-2028;LORACI KLIPPEL MELO GERMANN;LOLA;PP;ELEITO;TSE (dados abertos)
85871;CANGUÇU;RS;2025-2028;ARION LUIZ BORGES BRAGA;ARION BRAGA;PP;ELEITO;TSE (dados abertos)
86932;CHARQUEADAS;RS;2025-2028;RICARDO MACHADO VARGAS;RICARDO VARGAS;REPUBLICANOS;ELEITO;TSE (dados abertos)
87610;NOVA BASSANO;RS;2025-2028;JOÃO PAULO MAROSO;JOÃO PAULO MAROSO;PP;ELEITO;TSE (dados abertos)
89192;SOLEDADE;RS;2025-2028;PAULO RICARDO CATTANEO;PAULO CATTANEO;MDB;ELEITO;TSE (dados abertos)
89354;TRAMANDAÍ;RS;2025-2028;JUAREZ MARQUES DA SILVA;JUAREZINHO;MDB;ELEITO;TSE (dados abertos)
84808;ALTO ALEGRE;RS;2025-2028;SILMAR DEMAMAN;SILMAR;PP;ELEITO;TSE (dados abertos)
86452;ESMERALDA;RS;2025-2028;AILTON DE SÁ ROSA;AILTON;MDB;ELEITO;TSE (dados abertos)
89400;ROLADOR;RS;2025-2028;JOÃO ALBERTO AQUINO GOMES;JOÃO ALBERTO;MDB;ELEITO;TSE (dados abertos)
87882;SENTINELA DO SUL;RS;2025-2028;JULIO CESAR CARVALHO;JULIO CARVALHO;PP;ELEITO;TSE (dados abertos)
88706;SETE DE SETEMBRO;RS;2025-2028;NELSON PALINSKI;PALINSKI;PP;ELEITO;TSE (dados abertos)
89346;PAULO BENTO;RS;2025-2028;EVANDRO BARATTO;EVANDRO BARATTO;PSD;ELEITO;TSE (dados abertos)
85200;CAMPOS BORGES;RS;2025-2028;CLEONICE PASQUALOTTO DA PAIXÃO TOLEDO;CLEONICE P DA PAIXÃO TOLEDO;MDB;ELEITO;TSE (dados abertos)
87092;INDEPENDÊNCIA;RS;2025-2028;EDUARDO MAAHS MARASCA;EDUARDO MARASCA;MDB;ELEITO;TSE (dados abertos)
85880;CASEIROS;RS;2025-2028;JOELICE BORTOLANZA CANALI;JOELICE CANALI;PP;ELEITO;TSE (dados abertos)
87246;NOVA SANTA RITA;RS;2025-2028;RODRIGO AMADEO BATTISTELLA;RODRIGO BATTISTELLA;PT;ELEITO;TSE (dados abertos)
88307;DOUTOR RICARDO;RS;2025-2028;ALVARO JOSÉ GIACOBBO;ALVARO GIACOBBO;MDB;ELEITO;TSE (dados abertos)
88285;ESPERANÇA DO SUL;RS;2025-2028;ADEMIR VILLERS DA CRUZ;ADEMIR DA CRUZ;MDB;ELEITO;TSE (dados abertos)
86673;FREDERICO WESTPHALEN;RS;2025-2028;ORLANDO GIRARDI;ORLANDO GIRARDI;PP;ELEITO;TSE (dados abertos)
89591;VERANÓPOLIS;RS;2025-2028;CRISTIANO VALDUGA DAL PAI;CRISTIANO DAL PAI;PP;ELEITO;TSE (dados abertos)
86363;BARRA DO GUARITA;RS;2025-2028;VALCIER BALESTRIN;VALCIER;PT;ELEITO;TSE (dados abertos)
85111;ALVORADA;RS;2025-2028;DOUGLAS MARTELLO DE SOUZA SILVEIRA;DOUGLAS MARTELLO;PL;ELEITO;TSE (dados abertos)
88420;BENJAMIN CONSTANT DO SUL;RS;2025-2028;NILTON JOSE VALENTINI;NILTON CAPITAO;CIDADANIA;ELEITO;TSE (dados abertos)
85430;BOA VISTA DO BURICÁ;RS;2025-2028;JOÃO RUDINEI SEHNEM;JOÃOZINHO SEHNEM;MDB;ELEITO;TSE (dados abertos)
88676;SÃO FRANCISCO DE PAULA;RS;2025-2028;THIAGO CARNIEL TEIXEIRA;THIAGO TEIXEIRA;PDT;ELEITO;TSE (dados abertos)
85090;ALPESTRE;RS;2025-2028;RUDIMAR ARGENTON;RUDI ARGENTON;PP;ELEITO;TSE (dados abertos)
86134;CONSTANTINA;RS;2025-2028;CRISTIAN RIBOLI BRATZ;CRISTIAN BRATZ;PP;ELEITO;TSE (dados abertos)
87939;PINHEIRO MACHADO;RS;2025-2028;RONALDO COSTA MADRUGA;RONALDO MADRUGA;PP;ELEITO;TSE (dados abertos)
88366;FAZENDA VILANOVA;RS;2025-2028;AMARILDO LUIS DA SILVA;AMARILDO;PDT;ELEITO;TSE (dados abertos)
87670;NOVA PETRÓPOLIS;RS;2025-2028;DANIEL CARLOS MICHAELSEN;DANIEL;REPUBLICANOS;ELEITO;TSE (dados abertos)
84883;DOUTOR MAURÍCIO CARDOSO;RS;2025-2028;LAURI JOSÉ ELY;DÉ LAURI JOSÉ ELY;PP;ELEITO;TSE (dados abertos)
87556;NÃO-ME-TOQUE;RS;2025-2028;GILSON DOS SANTOS;GILSON DOS SANTOS;PL;ELEITO;TSE (dados abertos)
89370;TRÊS COROAS;RS;2025-2028;FABIEL CRISTOVÃO PORT;FABIEL PORT;REPUBLICANOS;ELEITO;TSE (dados abertos)
88560;NOVA RAMADA;RS;2025-2028;ALZEVIR LOTARIO DE MARCHI;ALZEVIR DE MARCHI;MDB;ELEITO;TSE (dados abertos)
86762;GRAMADO DOS LOUREIROS;RS;2025-2028;ARTUR CEREZA;ARTUR CEREZA;UNIÃO;ELEITO;TSE (dados abertos)
85294;AUGUSTO PESTANA;RS;2025-2028;DARCI SALLET;DARCI SALLET;MDB;ELEITO;TSE (dados abertos)
85413;BENTO GONÇALVES;RS;2025-2028;DIOGO SEGABINAZZI SIQUEIRA;DIOGO SIQUEIRA;PSDB;ELEITO;TSE (dados abertos)
86223;BARÃO;RS;2025-2028;JEFFERSON SCHUSTER BORN;BIRIBA;PP;ELEITO;TSE (dados abertos)
86916;HORIZONTINA;RS;2025-2028;JONES JEHN DA CUNHA;CUNHA;PDT;ELEITO;TSE (dados abertos)
89753;SALTO DO JACUÍ;RS;2025-2028;RONALDO OLIMPIO PEREIRA DE MORAES;RONALDO;PP;ELEITO;TSE (dados abertos)
85707;SEDE NOVA;RS;2025-2028;PEDRO AMAURI WERNER;MAURI;MDB;ELEITO;TSE (dados abertos)
89117;SERTÃO;RS;2025-2028;HOMERO FOCHESATTO;HOMERO FOCHESATTO;PL;ELEITO;TSE (dados abertos)
86827;INHACORÁ;RS;2025-2028;EMERSON CAVALI DE VARGAS;MANÃO;PP;ELEITO;TSE (dados abertos)
85197;ARROIO DO MEIO;RS;2025-2028;SIDNEI ECKERT;SIDNEI ECKERT;MDB;ELEITO;TSE (dados abertos)
87211;JAGUARÃO;RS;2025-2028;ROGERIO LEMOS CRUZ;ROGERIO CRUZ;MDB;ELEITO;TSE (dados abertos)
88234;ROLANTE;RS;2025-2028;ALCEU TREVIZANI DA ROSA;ALCEU;PRD;ELEITO;TSE (dados abertos)
88358;SANANDUVA;RS;2025-2028;CLAITON EDU MONTEIRO DE AGUIAR;CLAITON DE AGUIAR;PL;ELEITO;TSE (dados abertos)
86991;IBIRAIARAS;RS;2025-2028;JOEL ISIDORO CRISTIANETTI;JOEL ISIDORO JUCA;PL;ELEITO;TSE (dados abertos)
84930;FAGUNDES VARELA;RS;2025-2028;NELTON CARLOS CONTE;NELTON CARLOS CONTE;MDB;ELEITO;TSE (dados abertos)
87351;MACHADINHO;RS;2025-2028;SIDINEI LOPES DE LIMA;SID;PP;ELEITO;TSE (dados abertos)
87505;PRESIDENTE LUCENA;RS;2025-2028;LUIZ JOSÉ SPANIOL;LUI;PDT;ELEITO;TSE (dados abertos)
86797;GIRUÁ;RS;2025-2028;DARI PAULO PRESTES TABORDA;TABORDA;PP;ELEITO;TSE (dados abertos)
88196;ROCA SALES;RS;2025-2028;JONES WUNSCH;MAZINHO;PP;ELEITO;TSE (dados abertos)
86703;ENGENHO VELHO;RS;2025-2028;PAULO ANDRE DAL ALBA;PAULO DAL ALBA;PP;ELEITO;TSE (dados abertos)
87408;PINHEIRINHO DO VALE;RS;2025-2028;ELTON TATTO;TATTO;PDT;ELEITO;TSE (dados abertos)
86274;DOM FELICIANO;RS;2025-2028;TIAGO ANDRE SZORTYKA;TIAGO SZORTYKA;PSB;ELEITO;TSE (dados abertos)
87033;IGREJINHA;RS;2025-2028;LEANDRO MARCIANO HORLLE;LEANDRO HORLLE;PP;ELEITO;TSE (dados abertos)
86886;LAGOA DOS TRÊS CANTOS;RS;2025-2028;SERGIO ANTONIO LASCH;SERGIO LASCH;UNIÃO;ELEITO;TSE (dados abertos)
86347;BARÃO DO TRIUNFO;RS;2025-2028;ODONE KLOPPEMBURG;ODONE;PP;ELEITO;TSE (dados abertos)
86410;ERVAL GRANDE;RS;2025-2028;SUZINEI SCHNEIDER;SUZINEI;UNIÃO;ELEITO;TSE (dados abertos)
89540;PINTO BANDEIRA;RS;2025-2028;ADILSO ANTONIO SALINI;ADILSO ANTONIO SALINI;MDB;ELEITO;TSE (dados abertos)
88552;SANTO ANTÔNIO DA PATRULHA;RS;2025-2028;RODRIGO GOMES MASSULO;RODRIGO MASSULO;PP;ELEITO;TSE (dados abertos)
85251;ARROIO GRANDE;RS;2025-2028;PLÍNIO VIZEU PEREIRA NETO;NETO PEREIRA;PDT;ELEITO;TSE (dados abertos)
86037;CHAPADA;RS;2025-2028;GELSON MIGUEL SCHERER;GELSON SCHERER;PP;ELEITO;TSE (dados abertos)
86924;LINHA NOVA;RS;2025-2028;GUIOMAR RAUL WINGERT;GUIOMAR WINGERT;PSB;ELEITO;TSE (dados abertos)
85332;BARÃO DE COTEGIPE;RS;2025-2028;FRANCIEL TIAGO IZYCKI;FRANCIEL IZYCKI;PL;ELEITO;TSE (dados abertos)
86720;GARRUCHOS;RS;2025-2028;ROLAND SCHATZ;ROLAND SCHATZ;PDT;ELEITO;TSE (dados abertos)
85464;CRISTAL;RS;2025-2028;MARCELO LUIS KROLOW;MARCELO;PSDB;ELEITO;TSE (dados abertos)
88056;PORTO XAVIER;RS;2025-2028;GILBERTO DOMINGOS MENIN;GILBERTO MENIN BIBA;REPUBLICANOS;ELEITO;TSE (dados abertos)
85529;SEGREDO;RS;2025-2028;CLAUDIO ANTONIO TREVISAN;CLAUDIÃO TREVISAN;PP;ELEITO;TSE (dados abertos)
89710;TAVARES;RS;2025-2028;GILMAR FERREIRA DE LEMOS;PRETINHO;PP;ELEITO;TSE (dados abertos)
85219;ARROIO DOS RATOS;RS;2025-2028;JAURY GONZALES DA CUNHA;JAURY;PP;ELEITO;TSE (dados abertos)
88846;CHUÍ;RS;2025-2028;CARLOS HENRIQUE DA SILVA SEGOVIA;CARLOS SEGOVIA;PP;ELEITO;TSE (dados abertos)
88315;ROSÁRIO DO SUL;RS;2025-2028;MARCOS PAULO SILVA DA LUZ;MARCOS PAULO;PSDB;ELEITO;TSE (dados abertos)
89060;BOA VISTA DO INCRA;RS;2025-2028;GILMAR LAURINDO BELLINI;BELLINI;MDB;ELEITO;TSE (dados abertos)
89141;CAPÃO DO CIPÓ;RS;2025-2028;ADAIR FRACARO CARDOSO;ADAIR FRACARO CARDOSO;PDT;ELEITO;TSE (dados abertos)
87084;MONTE BELO DO SUL;RS;2025-2028;JORGE BENVENUTTI;BENVENUTTI;MDB;ELEITO;TSE (dados abertos)
86860;LAJEADO DO BUGRE;RS;2025-2028;RONALDO MACHADO DA SILVA;RONALDO;PP;ELEITO;TSE (dados abertos)
89494;TUPARENDI;RS;2025-2028;JÚLIO CÉSAR MATTIAZZI;JÚLIO MATTIAZZI;PP;ELEITO;TSE (dados abertos)
86193;CRUZ ALTA;RS;2025-2028;PAULA RUBIN FACCO LIBRELOTTO;DRA PAULA ;MDB;ELEITO;TSE (dados abertos)
88293;ROQUE GONZALES;RS;2025-2028;FERNANDO MATTES MACHRY;FERNANDO MACHRY;PP;ELEITO;TSE (dados abertos)
88650;SÃO FRANCISCO DE ASSIS;RS;2025-2028;RUBEMAR PAULINHO SALBEGO;PAULINHO SALBEGO;PDT;ELEITO;TSE (dados abertos)
88579;SANTO ANTÔNIO DAS MISSÕES;RS;2025-2028;FELISBERTO DOS SANTOS FERREIRA;FELISBERTO FERREIRA;PP;ELEITO;TSE (dados abertos)
89699;VICTOR GRAEFF;RS;2025-2028;LAIRTON ANDRE KOECHE;LAIRTON ANDRE KOECHE;PP;ELEITO;TSE (dados abertos)
85960;CAMARGO;RS;2025-2028;JEANICE DE FREITAS FERNANDES;JEANICE;MDB;ELEITO;TSE (dados abertos)
88200;CAPIVARI DO SUL;RS;2025-2028;MARCO ANTONIO MONTEIRO CARDOSO;MARCO CARDOSO;MDB;ELEITO;TSE (dados abertos)
86533;ESTRELA;RS;2025-2028;CARINE ISABEL SCHWINGEL;CARINE SCHWINGEL;UNIÃO;ELEITO;TSE (dados abertos)
88811;SÃO LUIZ GONZAGA;RS;2025-2028;JOSÉ ANTÔNIO FLACH WERLE;PITI;MDB;ELEITO;TSE (dados abertos)
89524;WESTFALIA;RS;2025-2028;CESAR JULIANO BLOEMKER;JULIANO;PP;ELEITO;TSE (dados abertos)
86290;DOM PEDRITO;RS;2025-2028;DIEGO DA ROSA CRUZ;GUIGA;PP;ELEITO;TSE (dados abertos)
86630;FONTOURA XAVIER;RS;2025-2028;LUIZ ARMANDO TAFFAREL;FIO TAFFAREL;PSD;ELEITO;TSE (dados abertos)
86029;FAXINALZINHO;RS;2025-2028;JAMES AYRES TORRES;JAMES TORRES;PDT;ELEITO;TSE (dados abertos)
88838;SÃO MARCOS;RS;2025-2028;VOLMIR NAZARENO RECH;VOLMIR RECH;PP;ELEITO;TSE (dados abertos)
84948;ÁGUA SANTA;RS;2025-2028;JULIANO FAVRETTO;JULIANO;PDT;ELEITO;TSE (dados abertos)
85227;CERRO GRANDE;RS;2025-2028;ALVARO DECARLI;ALVARO;PP;ELEITO;TSE (dados abertos)
88137;RESTINGA SÊCA;RS;2025-2028;NORTON SOARES DA ROSA;NORTON SOARES;MDB;ELEITO;TSE (dados abertos)
87998;PORTÃO;RS;2025-2028;DELMAR HOFF;KIKO HOFF;PDT;ELEITO;TSE (dados abertos)
86061;VILA FLORES;RS;2025-2028;EVANDRO ANTÔNIO BRANDALISE;EVANDRO ANTÔNIO BRANDALISE;MDB;ELEITO;TSE (dados abertos)
85626;IVORÁ;RS;2025-2028;JOSEMAR ZORZI OSMARI;JOSEMAR ZORZI OSMARI;PP;ELEITO;TSE (dados abertos)
86606;COQUEIROS DO SUL;RS;2025-2028;RAFAEL KOCHENBORGER;RAFAEL;PSDB;ELEITO;TSE (dados abertos)
89010;SAPUCAIA DO SUL;RS;2025-2028;VOLMIR RODRIGUES;VOLMIR RODRIGUES GORDO;PP;ELEITO;TSE (dados abertos)
87807;SÃO PEDRO DA SERRA;RS;2025-2028;LUIZ AUGUSTO HARTMANN;LUIZINHO;MDB;ELEITO;TSE (dados abertos)
85928;ENTRE RIOS DO SUL;RS;2025-2028;IRSON MILANI;MILANI;PT;ELEITO;TSE (dados abertos)
87750;PAIM FILHO;RS;2025-2028;GENES JACINTO MOTERLE RIBEIRO;GENES;PT;ELEITO;TSE (dados abertos)
87963;TIRADENTES DO SUL;RS;2025-2028;ELTON LUIS PILGER;BANANA;MDB;ELEITO;TSE (dados abertos)
89028;ARROIO DO PADRE;RS;2025-2028;JULIANO HOBUSS BUCHWEITZ;JULIANO HOBUSS BUCHWEITZ;PP;ELEITO;TSE (dados abertos)
86320;ARAMBARÉ;RS;2025-2028;IAGO DOS SANTOS KIELERMANN;IAGO KIELERMANN;PDT;ELEITO;TSE (dados abertos)
84735;ÁUREA;RS;2025-2028;GILMAR CARLOS MUSTEFAGA;GILMAR;MDB;ELEITO;TSE (dados abertos)
86649;COXILHA;RS;2025-2028;JOÃO EDUARDO OLIVEIRA MANICA;JOÃO MANICA;PP;ELEITO;TSE (dados abertos)
89656;VICENTE DUTRA;RS;2025-2028;TOMAZ DE AQUINO ROSSATO;TOMAZ ROSSATO;MDB;ELEITO;TSE (dados abertos)
86070;CIRÍACO;RS;2025-2028;ODACIR BOAVENTURA MANHABOSCO DE MELLO;ODACIR;PT;ELEITO;TSE (dados abertos)
85162;TERRA DE AREIA;RS;2025-2028;OSVALDO DE MATTOS SOBRINHO;OSVALDO MATTOS;MDB;ELEITO;TSE (dados abertos)
98299;JÓIA;RS;2025-2028;DIONEI DE MATOS LEWANDOWSKI;DIONEI LEWANDOWSKI;PP;ELEITO;TSE (dados abertos)
86908;LINDOLFO COLLOR;RS;2025-2028;GASPAR BEHNE;GASPAR BEHNE;PP;ELEITO;TSE (dados abertos)
87580;SALVADOR DAS MISSÕES;RS;2025-2028;VILSON JOSÉ SCHONS;VILSON SCHONS;PP;ELEITO;TSE (dados abertos)
87688;SANTO EXPEDITO DO SUL;RS;2025-2028;VANTUIR DUTRA;VANTUIR DUTRA;PL;ELEITO;TSE (dados abertos)
88935;SÃO SEBASTIÃO DO CAÍ;RS;2025-2028;JOÃO MARCOS DUARTE GUARÁ;GUARÁ;PSDB;ELEITO;TSE (dados abertos)
87300;NOVO TIRADENTES;RS;2025-2028;LUIZ CARLOS BENEDETTE;CAIO;PP;ELEITO;TSE (dados abertos)
87840;SÃO VALENTIM DO SUL;RS;2025-2028;MOISES CAVANUS;MOISES;MDB;ELEITO;TSE (dados abertos)
89150;CAPÃO DA CANOA;RS;2025-2028;VALDOMIRO DE MATOS NOVASKI;VALDOMIRO;REPUBLICANOS;ELEITO;TSE (dados abertos)
89087;BOZANO;RS;2025-2028;GEDERSON MORI;GEDER MORI;PP;ELEITO;TSE (dados abertos)
87360;PICADA CAFÉ;RS;2025-2028;DANIEL RUCKERT;DANIEL RÜCKERT;PP;ELEITO;TSE (dados abertos)
87742;SÃO JOSÉ DO INHACORÁ;RS;2025-2028;ADEMIR JOSÉ SCHNEIDER;ADEMIR SCHNEIDER;PDT;ELEITO;TSE (dados abertos)
85642;VILA MARIA;RS;2025-2028;ADROALDO SEBEN;ADROALDO SEBEN GIGANTE;UNIÃO;ELEITO;TSE (dados abertos)
86444;BOM PROGRESSO;RS;2025-2028;NORIMAR LEOPOLDO SCHOSSLER;NEGO;PP;ELEITO;TSE (dados abertos)
85731;CAMPINA DAS MISSÕES;RS;2025-2028;CARLOS JUSTEN;CARLOS JUSTEN;PL;ELEITO;TSE (dados abertos)
84999;IPÊ;RS;2025-2028;JOSÉ MÁRIO GRAZZIOTIN;JOSÉ MÁRIO GRAZZIOTIN;MDB;ELEITO;TSE (dados abertos)
87319;LAVRAS DO SUL;RS;2025-2028;RENAN LEAL DELABARY;RENAN DELABARY;PP;ELEITO;TSE (dados abertos)
88544;MUITOS CAPÕES;RS;2025-2028;LUCIANO DEBONA;LUCIANO DEBONA;PL;ELEITO;TSE (dados abertos)
87955;PIRATINI;RS;2025-2028;MARCIO MANETTI PORTO;MARCIO PORTO;MDB;ELEITO;TSE (dados abertos)
87572;NONOAI;RS;2025-2028;ADRIANE PERIN DE OLIVEIRA;ADRIANE;PP;ELEITO;TSE (dados abertos)
88455;SANT'ANA DO LIVRAMENTO;RS;2025-2028;ANA LUIZA MOURA TAROUCO;DELEGADA ANA TAROUCO;PL;ELEITO;TSE (dados abertos)
88510;SANTIAGO;RS;2025-2028;MARCELO GORSKI DE MATOS;MARCELO PIRÚ;PP;ELEITO;TSE (dados abertos)
85723;TUPANDI;RS;2025-2028;PAULINHO LUDWIG;PAULINHO LUDWIG;MDB;ELEITO;TSE (dados abertos)
85138;ANTA GORDA;RS;2025-2028;FRANCISCO DAVID FRIGHETTO;XICO FRIGHETTO;REPUBLICANOS;ELEITO;TSE (dados abertos)
86819;GRAMADO;RS;2025-2028;NESTOR TISSOT;NESTOR TISSOT;PP;ELEITO;TSE (dados abertos)
87343;PASSO DO SOBRADO;RS;2025-2028;EDGAR THIESEN;EDGAR AMARELINHO;PP;ELEITO;TSE (dados abertos)
89001;ALMIRANTE TAMANDARÉ DO SUL;RS;2025-2028;DILSE JOSEFINA KLEIN BICIGO;DILSE;PSDB;ELEITO;TSE (dados abertos)
88269;CHUVISCA;RS;2025-2028;MARCIO SIDINEI KONFLANZ;MARCINHO;PP;ELEITO;TSE (dados abertos)
88536;SANTO ÂNGELO;RS;2025-2028;NIVIO BOELTER BRAZ;NIVIO BRAZ;PL;ELEITO;TSE (dados abertos)
88820;MARQUES DE SOUZA;RS;2025-2028;FÁBIO ALEX MERTZ;FABIO;PP;ELEITO;TSE (dados abertos)
85553;CAÇAPAVA DO SUL;RS;2025-2028;MARCELO CORDERO SPODE;MARCELO SPODE;PP;ELEITO;TSE (dados abertos)
86690;GARIBALDI;RS;2025-2028;SERGIO CHESINI;SERGIO CHESINI;PP;ELEITO;TSE (dados abertos)
84778;PIRAPÓ;RS;2025-2028;LAURI LUIZ SCHEEREN;LAURI LUIZ SCHEEREN;PP;ELEITO;TSE (dados abertos)
89532;VACARIA;RS;2025-2028;ANDRÉ LUIZ ROKOSKI;ANDREZINHO;PL;ELEITO;TSE (dados abertos)
88757;SÃO JOSÉ DO OURO;RS;2025-2028;VILMAR DE BIASI;GRINGO DE BIASI;PSDB;ELEITO;TSE (dados abertos)
86380;BARRA DO RIO AZUL;RS;2025-2028;ANDERSON FERNANDO BAGATINI;ANDERSON BAGATINI;PRD;ELEITO;TSE (dados abertos)
98230;BOM PRINCÍPIO;RS;2025-2028;VASCO ALEXANDRE BRANDT;VASCO;MDB;ELEITO;TSE (dados abertos)
86304;AMETISTA DO SUL;RS;2025-2028;GILMAR DA SILVA;GILMAR DA SILVA;PDT;ELEITO;TSE (dados abertos)
85448;EUGÊNIO DE CASTRO;RS;2025-2028;JOSE FERNANDO DE LIMA MACHADO;FERNANDO MACHADO;MDB;ELEITO;TSE (dados abertos)
87890;PEJUÇARA;RS;2025-2028;FLAVIANA BRANDEMBURG BASSO;FLAVIANA;MDB;ELEITO;TSE (dados abertos)
89737;CAPÃO DO LEÃO;RS;2025-2028;VILMAR MOTTA SCHMITT;SCHMITT;PP;ELEITO;TSE (dados abertos)
86657;FORMIGUEIRO;RS;2025-2028;CRISTIANO CEZAR CASSOL RUBERT;CRISTIANO CASSOL;MDB;ELEITO;TSE (dados abertos)
86401;BARRA FUNDA;RS;2025-2028;ANDRE SIGNOR;ANDRE SIGNOR;PP;ELEITO;TSE (dados abertos)
85049;DEZESSEIS DE NOVEMBRO;RS;2025-2028;JOHNNI RAMAO LOMBALDO BOCACIO;JOHNNI BOCACIO;PP;ELEITO;TSE (dados abertos)
88684;NOVO CABRAIS;RS;2025-2028;LEODEGAR RODRIGUES;LEODEGAR RODRIGUES;PT;ELEITO;TSE (dados abertos)
85324;SÃO JOSÉ DO HORTÊNCIO;RS;2025-2028;ESTER ELISA DILL KOCH;ESTER ELISA DILL KOCH;PL;ELEITO;TSE (dados abertos)
88480;UNISTALDA;RS;2025-2028;JOSE GILNEI MANARA MANZONI;GILNEI;PP;ELEITO;TSE (dados abertos)
89559;VENÂNCIO AIRES;RS;2025-2028;JARBAS DANIEL DA ROSA;JARBAS DA ROSA;PDT;ELEITO;TSE (dados abertos)
89613;VIADUTOS;RS;2025-2028;GIOVAN ANDRÉ SPEROTTO;ANDRÉ;MDB;ELEITO;TSE (dados abertos)
85600;VISTA ALEGRE;RS;2025-2028;RUDINEI BRIDI;RUDI;PSDB;ELEITO;TSE (dados abertos)
86088;CERRO BRANCO;RS;2025-2028;BRUNO LUCIANO RADTKE;BRUNO;PDT;ELEITO;TSE (dados abertos)
88978;SÃO VALENTIM;RS;2025-2028;ALBERTINHO DASSOLER;DASSOLER;PL;ELEITO;TSE (dados abertos)
86185;MORRO REDONDO;RS;2025-2028;RUI VALDIR OTTO BRIZOLARA;RUI BRIZOLARA;UNIÃO;ELEITO;TSE (dados abertos)
85863;VISTA ALEGRE DO PRATA;RS;2025-2028;ROBERTO DONIN;ROBERTO DONIN;UNIÃO;ELEITO;TSE (dados abertos)
85740;RIOZINHO;RS;2025-2028;AIRTON TREVIZANI DA ROSA;ALEMÃO;PL;ELEITO;TSE (dados abertos)
89095;SERAFINA CORRÊA;RS;2025-2028;DANIEL MORANDI;MORANDI;MDB;ELEITO;TSE (dados abertos)
85375;BARRA DO RIBEIRO;RS;2025-2028;JOÃO FRANCISCO SILVA FEIJO;JOÃO FRANCISCO;MDB;ELEITO;TSE (dados abertos)
87076;ILÓPOLIS;RS;2025-2028;FERNANDO DAPONT;FERNANDO;MDB;ELEITO;TSE (dados abertos)
89222;FORQUETINHA;RS;2025-2028;VIANEI ANDRE NOLL;VIANEI;PP;ELEITO;TSE (dados abertos)
88617;SANTO CRISTO;RS;2025-2028;CHARLES THIELE;CHARLES THIELE;MDB;ELEITO;TSE (dados abertos)
85286;ESTAÇÃO;RS;2025-2028;GEVERSON ZIMMERMANN;GÉ;PSDB;ELEITO;TSE (dados abertos)
86592;FELIZ;RS;2025-2028;CLÓVIS FREIBERGER JUNIOR;JUNIOR FREIBERGER;PSD;ELEITO;TSE (dados abertos)
85510;BRAGA;RS;2025-2028;SADI ENRIQUE DELLA LIBERA;SADI;MDB;ELEITO;TSE (dados abertos)
85359;BARRACÃO;RS;2025-2028;LUIZ CARLOS DA SILVA;DA SILVA;MDB;ELEITO;TSE (dados abertos)
86746;GENTIL;RS;2025-2028;ADELAR JOSÉ SILVESTRI;ADELAR SILVESTRI;PT;ELEITO;TSE (dados abertos)
86614;FLORES DA CUNHA;RS;2025-2028;CESAR ULIAN;CESAR ULIAN;PP;ELEITO;TSE (dados abertos)
85030;AJURICABA;RS;2025-2028;PAULO CLAUDIO DOLOVITSCH;PAULO DOLOVITSCH;PP;ELEITO;TSE (dados abertos)
84980;PANTANO GRANDE;RS;2025-2028;ALCIDES EMILIO PAGANOTTO;MANO PAGANOTTO;PSDB;ELEITO;TSE (dados abertos)
85367;TRÊS CACHOEIRAS;RS;2025-2028;FABIANA RAUPP VALIM LEFFA;FABIANA;PP;ELEITO;TSE (dados abertos)
85596;CACHOEIRA DO SUL;RS;2025-2028;LEANDRO TITTELMAIER BALARDIN;BALARDIN;PSDB;ELEITO;TSE (dados abertos)
86355;ENCRUZILHADA DO SUL;RS;2025-2028;BENITO FONSECA PASCHOAL;BENITO;MDB;ELEITO;TSE (dados abertos)
87815;PANAMBI;RS;2025-2028;GUSTAVO CAVALHEIRO;GUSTAVO CAVALHEIRO;PSD;ELEITO;TSE (dados abertos)
89133;SEVERIANO DE ALMEIDA;RS;2025-2028;JAIR KAMMLER;JAIR KAMMLER;MDB;ELEITO;TSE (dados abertos)
85545;ALEGRIA;RS;2025-2028;FABIO LUCIANO SCHAKOFSKI;FABIO LUCIANO SCHAKOFSKI;PSD;ELEITO;TSE (dados abertos)
84786;JABOTICABA;RS;2025-2028;EDVALDO ROSA RIBEIRO;EDVALDO RIBEIRO;PP;ELEITO;TSE (dados abertos)
86940;MANOEL VIANA;RS;2025-2028;ANTONIO FLAVIO FERNANDES BUSNELO;CARECA;PDT;ELEITO;TSE (dados abertos)
85081;EREBANGO;RS;2025-2028;VALMOR JOSÉ TOMELERO;VALMOR TOMELERO;MDB;ELEITO;TSE (dados abertos)
86479;ESPUMOSO;RS;2025-2028;GERSON LOPES RODRIGUES MACHADO;DR GERSON;PP;ELEITO;TSE (dados abertos)
85146;PAVERAMA;RS;2025-2028;MICHELE CAROLINE DE VARGAS;MICHELE VARGAS;MDB;ELEITO;TSE (dados abertos)
85405;PROTÁSIO ALVES;RS;2025-2028;ITAMAR ANTÔNIO GIRARDI;ITAMAR;PP;ELEITO;TSE (dados abertos)
88463;DOM PEDRO DE ALCÂNTARA;RS;2025-2028;ALEXANDRE MODEL EVALDT;XANDE;MDB;ELEITO;TSE (dados abertos)
84921;BOQUEIRÃO DO LEÃO;RS;2025-2028;PAULO JOEL FERREIRA;PAULO JOEL;MDB;ELEITO;TSE (dados abertos)
85634;CACIQUE DOBLE;RS;2025-2028;MARCIO CAPRINI;MARCIO CAPRINI;MDB;ELEITO;TSE (dados abertos)
85340;PINHAL;RS;2025-2028;LUIZ CARLOS PINTO RIBEIRO;PINTO;MDB;ELEITO;TSE (dados abertos)
89362;PINHAL DA SERRA;RS;2025-2028;JOSÉ ROBISON RODRIGUES DUARTE;ROBITO;PP;ELEITO;TSE (dados abertos)
85588;SÃO JOSÉ DO HERVAL;RS;2025-2028;JOVANI BOZETTI;JOVANI BOZETTI;PDT;ELEITO;TSE (dados abertos)
88048;UNIÃO DA SERRA;RS;2025-2028;CLEONIR ANEIMAR TAUFFER;CLEONIR TAUFFER;MDB;ELEITO;TSE (dados abertos)
85952;CASCA;RS;2025-2028;JURANDI NERI PERIN;PERIN;PL;ELEITO;TSE (dados abertos)
84794;SÃO JORGE;RS;2025-2028;DANILO SALVALAGGIO;DANILO SALVALAGGIO;CIDADANIA;ELEITO;TSE (dados abertos)
85006;TRINDADE DO SUL;RS;2025-2028;ODAIR ADILIO PELICIOLI;ODA;PDT;ELEITO;TSE (dados abertos)
84751;NOVA ROMA DO SUL;RS;2025-2028;ROBERTO PANAZZOLO;ROBERTO PANAZZOLO;PT;ELEITO;TSE (dados abertos)
86525;CARLOS GOMES;RS;2025-2028;HERMES ANTONIO PARIS;HERMES PARIS;REPUBLICANOS;ELEITO;TSE (dados abertos)
86240;ELDORADO DO SUL;RS;2025-2028;JULIANA DIAS FAGUNDES CARVALHO;JULIANA CARVALHO;PSDB;ELEITO;TSE (dados abertos)
85260;LAGOÃO;RS;2025-2028;NELIO FORNARI;NELIO FORNARI;PSDB;ELEITO;TSE (dados abertos)
87181;NICOLAU VERGUEIRO;RS;2025-2028;MARCELO FELINI;MARCELO FELINI;PP;ELEITO;TSE (dados abertos)
87521;QUEVEDOS;RS;2025-2028;TAÍS FABIANE DA MAIA FLORES ROSA;PROFESSORA TAÍS;PP;ELEITO;TSE (dados abertos)
88994;SAPIRANGA;RS;2025-2028;CARINA PATRÍCIA NATH CORREA;CARINA NATH;PP;ELEITO;TSE (dados abertos)
86568;CHARRUA;RS;2025-2028;GERSO JOSÉ RONCAGLIO;GERSO RONCAGLIO;PP;ELEITO;TSE (dados abertos)
86576;FAXINAL DO SOTURNO;RS;2025-2028;LOURENÇO DOMINGOS MORO;LOURENÇO DOMINGOS MORO;MDB;ELEITO;TSE (dados abertos)
87270;LAGOA VERMELHA;RS;2025-2028;ELOIR JORGE MORONA;ELOIR MORONA;PP;ELEITO;TSE (dados abertos)
87025;MATO CASTELHANO;RS;2025-2028;ROGÉRIO AZEREDO FRANÇA;ROGÉRIO FRANÇA;PP;ELEITO;TSE (dados abertos)
86169;NOVA ALVORADA;RS;2025-2028;EDILSON ANTONIO ROMANINI;EDILSON ROMANINI;PP;ELEITO;TSE (dados abertos)
84956;SILVEIRA MARTINS;RS;2025-2028;SADI TOLFO;SADI TOLFO;MDB;ELEITO;TSE (dados abertos)
85650;CAIBATÉ;RS;2025-2028;DANIEL SEFFRIN HERTHER;DANIEL;PP;ELEITO;TSE (dados abertos)
85855;CANELA;RS;2025-2028;GILBERTO DA CONCEICAO CEZAR;GILBERTO CEZAR ;PSDB;ELEITO;TSE (dados abertos)
87440;PONTE PRETA;RS;2025-2028;JOSIEL FERNANDO GRISELI;JOSIEL GRISELI;PT;ELEITO;TSE (dados abertos)
88951;SÃO SEPÉ;RS;2025-2028;MARCELO FARIA ELLWANGER;MARCELO ELLWANGER;PP;ELEITO;TSE (dados abertos)
84972;IBARAMA;RS;2025-2028;VALMOR NERI MATTANA;VALMOR MATTANA;MDB;ELEITO;TSE (dados abertos)
87637;NOVA BRÉSCIA;RS;2025-2028;ANGELO ANTONIO BARBIERI;ANGELO BARBIERI BAXINHO;PP;ELEITO;TSE (dados abertos)
87831;PARAÍ;RS;2025-2028;GILBERTO ZANOTTO;GILBERTO ZANOTTO;PL;ELEITO;TSE (dados abertos)
85120;NOVA ESPERANÇA DO SUL;RS;2025-2028;IVORI ANTONIO GUASSO JUNIOR;IVORI JUNIOR;PDT;ELEITO;TSE (dados abertos)
84743;TRÊS ARROIOS;RS;2025-2028;CARLOS FLORENCIO BURILLE;CARLOS BURILLE;MDB;ELEITO;TSE (dados abertos)
86339;ENCANTADO;RS;2025-2028;JONAS CALVI;JONAS CALVI;PSDB;ELEITO;TSE (dados abertos)
86681;DOIS IRMÃOS DAS MISSÕES;RS;2025-2028;MAURO PROCÓPIO FORTES DE QUADROS;MAURO;MDB;ELEITO;TSE (dados abertos)
87394;MARCELINO RAMOS;RS;2025-2028;VANNEI MAFISSONI;DELFIM;MDB;ELEITO;TSE (dados abertos)
87947;SINIMBU;RS;2025-2028;WILSON MOLZ;WILSON MOLZ;PSB;ELEITO;TSE (dados abertos)
86258;DOIS IRMÃOS;RS;2025-2028;JERRI ADRIANI MENEGHETTI;JERRI MENEGHETTI;PP;ELEITO;TSE (dados abertos)
87777;PALMEIRA DAS MISSÕES;RS;2025-2028;EVANDRO LUIS MASSING;EVANDRO MASSING;PT;ELEITO;TSE (dados abertos)
85278;ARVOREZINHA;RS;2025-2028;CLOVIS PROVENSI ROMAN;CLOVIS ROMAN;PL;ELEITO;TSE (dados abertos)
89281;LAGOA BONITA DO SUL;RS;2025-2028;LUIZ FRANCISCO FAGUNDES;LUIZINHO;PP;ELEITO;TSE (dados abertos)
85901;ITACURUBI;RS;2025-2028;GELSO DOS SANTOS SOARES;GELSO SOARES;PDT;ELEITO;TSE (dados abertos)
87785;SÃO MARTINHO DA SERRA;RS;2025-2028;ROBSON FLORES DA TRINDADE;ROBSON TRINDADE;UNIÃO;ELEITO;TSE (dados abertos)
85936;CARLOS BARBOSA;RS;2025-2028;EVERSON KIRCH;KIRCH;PP;ELEITO;TSE (dados abertos)
85189;HARMONIA;RS;2025-2028;ERNANI JOSÉ FORNECK;ERNANI;UNIÃO;ELEITO;TSE (dados abertos)
88595;SANTO AUGUSTO;RS;2025-2028;LILIAN FONTOURA DEPIERE;LILIAN FONTOURA DEPIERE;PL;ELEITO;TSE (dados abertos)
87513;MOSTARDAS;RS;2025-2028;GILNEI JOSÉ NAZARETH DE SOUZA;GILNEI NAZARETH;PP;ELEITO;TSE (dados abertos)
87874;PEDRO OSÓRIO;RS;2025-2028;RICARDO DUARTE ALVES;RICARDO;MDB;ELEITO;TSE (dados abertos)
87602;SANTA CLARA DO SUL;RS;2025-2028;MARCIO LUIZ HAAS;MARCIO;PP;ELEITO;TSE (dados abertos)
89443;SANTA MARGARIDA DO SUL;RS;2025-2028;LUIZ FELIPE BRENNER MACHADO;PETA;PDT;ELEITO;TSE (dados abertos)
85154;ANTÔNIO PRADO;RS;2025-2028;ROBERTO JOSÉ DALLE MOLLE;ROBERTO DALLE MOLLE;PP;ELEITO;TSE (dados abertos)
85499;BOSSOROCA;RS;2025-2028;JOAO ALBERTO OURIQUE DO NASCIMENTO;BETO NASCIMENTO;PP;ELEITO;TSE (dados abertos)
85537;BUTIÁ;RS;2025-2028;JEFFERSON SALATIEL DA SILVA VIEIRA;CARRAPICHO;PSDB;ELEITO;TSE (dados abertos)
89265;JACUIZINHO;RS;2025-2028;DINIZ JOSE FERNANDES;DINIZ;PP;ELEITO;TSE (dados abertos)
87327;PARECI NOVO;RS;2025-2028;LORENI CRISTINA REINHEIMER;CRISTINA REINHEIMER;MDB;ELEITO;TSE (dados abertos)
88250;RONDA ALTA;RS;2025-2028;MARCOS MIGUEL BEUX;MARCOS BEUX;PDT;ELEITO;TSE (dados abertos)
88927;BALNEÁRIO PINHAL;RS;2025-2028;LUIZ CEZAR DANELLI FURINI;CEZAR FURINI;MDB;ELEITO;TSE (dados abertos)
85391;BARROS CASSAL;RS;2025-2028;JOVIANO ZAGO;JOVIANO ZAGO;MDB;ELEITO;TSE (dados abertos)
86800;HULHA NEGRA;RS;2025-2028;FERNANDO CAMPANI;FERNANDO CAMPANI;PT;ELEITO;TSE (dados abertos)
87432;MATA;RS;2025-2028;SANDRO SAVEGNAGO;SANDRO SAVEGNAGO;PSDB;ELEITO;TSE (dados abertos)
87386;PINHAL GRANDE;RS;2025-2028;LUCAS MICHELON;LUCAS MICHELON - DODÃO;PP;ELEITO;TSE (dados abertos)
88773;SÃO LEOPOLDO;RS;2025-2028;HELIOMAR ATHAYDES FRANCO;DELEGADO HELIOMAR;PL;ELEITO;TSE (dados abertos)
89273;TAQUARA;RS;2025-2028;SIRLEI TERESINHA BERNARDES DA SILVEIRA;PROFESSORA SIRLEI;REPUBLICANOS;ELEITO;TSE (dados abertos)
89419;TRÊS PASSOS;RS;2025-2028;ARLEI LUIS TOMAZONI;ARLEI TOMAZONI;PL;ELEITO;TSE (dados abertos)
86959;HUMAITÁ;RS;2025-2028;LUIZ CARLOS SANDRI;LUIZ CARLOS;PP;ELEITO;TSE (dados abertos)
89311;TENENTE PORTELA;RS;2025-2028;ROSEMAR ANTONIO SALA;SALA;PSDB;ELEITO;TSE (dados abertos)
88765;SENADOR SALGADO FILHO;RS;2025-2028;HUGO JONAS NESKE;JONAS NESKE;PP;ELEITO;TSE (dados abertos)
85022;ERNESTINA;RS;2025-2028;ODIR JOAO BOEHM;NICO;PDT;ELEITO;TSE (dados abertos)
89247;SANTA CECÍLIA DO SUL;RS;2025-2028;LEONARDO PANISSON;LEONARDO;MDB;ELEITO;TSE (dados abertos)
88790;SÃO LOURENÇO DO SUL;RS;2025-2028;ZELMUTE OLIVEIRA PERES MARTEN;ZELMUTE MARTEN;PT;ELEITO;TSE (dados abertos)
86282;ALTO FELIZ;RS;2025-2028;ROBES SCHNEIDER;ROBES SCHNEIDER;PSB;ELEITO;TSE (dados abertos)
85685;IMBÉ;RS;2025-2028;LUIS HENRIQUE VEDOVATO;IQUE;MDB;ELEITO;TSE (dados abertos)
84760;PROGRESSO;RS;2025-2028;PAULO GILBERTO SCHMITT;PAULINHO;PP;ELEITO;TSE (dados abertos)
88919;SÃO PEDRO DO SUL;RS;2025-2028;FERNANDO PILAR CEZAR;FERNANDO CEZAR;PP;ELEITO;TSE (dados abertos)
88021;TUPANCI DO SUL;RS;2025-2028;FERNANDO LUIS FAVRETTO;PRETO FAVRETTO;PP;ELEITO;TSE (dados abertos)
98213;TEUTÔNIA;RS;2025-2028;RENATO AIRTON ALTMANN;RENATO;PSD;ELEITO;TSE (dados abertos)
89575;VERA CRUZ;RS;2025-2028;GILSON ADRIANO BECKER;GILSON BECKER;PSB;ELEITO;TSE (dados abertos)
89338;TORRES;RS;2025-2028;DELCI BEHENCK DIMER;DELCI DIMER;MDB;ELEITO;TSE (dados abertos)
86428;BOA VISTA DAS MISSÕES;RS;2025-2028;RUDILBERTO SOARES LANDESFELDT;BETO;PDT;ELEITO;TSE (dados abertos)
88862;ARARICÁ;RS;2025-2028;OSEAS GARCIA;OSEAS GARCIA;PL;ELEITO;TSE (dados abertos)
86983;MARATÁ;RS;2025-2028;GISELE ADRIANA SCHNEIDER;GISELE SCHNEIDER;REPUBLICANOS;ELEITO;TSE (dados abertos)
88145;XANGRI-LÁ;RS;2025-2028;CELSO BASSANI BARBOSA;CELSINHO;PSDB;ELEITO;TSE (dados abertos)
85782;IMIGRANTE;RS;2025-2028;GERMANO STEVENS;GERMANO;MDB;ELEITO;TSE (dados abertos)
89320;NOVO XINGU;RS;2025-2028;GELCIO MARTINELLI;GELCIO MARTINELLI;PDT;ELEITO;TSE (dados abertos)
88072;PUTINGA;RS;2025-2028;JULIANO MORETTO;MANINHO;PSD;ELEITO;TSE (dados abertos)
87203;NOVA BOA VISTA;RS;2025-2028;CLEBER BADIN;CRETZ;PDT;ELEITO;TSE (dados abertos)
89176;SOBRADINHO;RS;2025-2028;LUIZ AFFONSO TREVISAN;MANINHO TREVISAN;MDB;ELEITO;TSE (dados abertos)
88900;TOROPI;RS;2025-2028;VANDIR OESTERREICH;VANDO;PP;ELEITO;TSE (dados abertos)
84859;SÃO JOÃO DA URTIGA;RS;2025-2028;CEZAR OLIMPIO ZANDONA;LAMBARI;UNIÃO;ELEITO;TSE (dados abertos)
86215;CRUZEIRO DO SUL;RS;2025-2028;CESAR LEANDRO MARMITT;DINGOLA;PP;ELEITO;TSE (dados abertos)
85456;BOM JESUS;RS;2025-2028;FREDERICO ARCARI BECKER;LICO;PP;ELEITO;TSE (dados abertos)
89770;COTIPORÃ;RS;2025-2028;JOSÉ CARLOS BREDA;BREDA;PP;ELEITO;TSE (dados abertos)
88064;VALE DO SOL;RS;2025-2028;JOSÉ VALTAIR DOS SANTOS;JOSÉ VALTAIR DOS SANTOS  NEGO ;PP;ELEITO;TSE (dados abertos)
85421;POUSO NOVO;RS;2025-2028;CARLOS ALBERTO BONACINA;ITI BONACINA;PRD;ELEITO;TSE (dados abertos)
88412;SANTA MARIA;RS;2025-2028;RODRIGO DECIMO;RODRIGO DECIMO;PSDB;ELEITO;TSE (dados abertos)
88897;SÃO PAULO DAS MISSÕES;RS;2025-2028;OBERDAN LUIS RHODEN;OBERDAN RHODEN;PP;ELEITO;TSE (dados abertos)
98256;PAROBÉ;RS;2025-2028;GILBERTO MIGUEL GOMES JUNIOR;GILBERTO;PDT;ELEITO;TSE (dados abertos)
88374;SANTA BÁRBARA DO SUL;RS;2025-2028;LEANDRO CARAFFINI VENERAL;LEANDRO VENERAL;PDT;ELEITO;TSE (dados abertos)
86118;CONDOR;RS;2025-2028;RÔMULO TEIXEIRA CARVALHO;RÔMULO TEIXEIRA;MDB;ELEITO;TSE (dados abertos)
87599;NOVA ARAÇÁ;RS;2025-2028;HENRIQUE OCCHI PERETTI;HENRIQUE PERETTI;PP;ELEITO;TSE (dados abertos)
84891;CAPELA DE SANTANA;RS;2025-2028;OZIEL CARLEBE RANGEL;OZIEL RANGEL;PP;ELEITO;TSE (dados abertos)
89478;TUPANCIRETÃ;RS;2025-2028;GUSTAVO HERTER TERRA;GUSTAVO TERRA;PP;ELEITO;TSE (dados abertos)
87009;MARIANA PIMENTEL;RS;2025-2028;JOEL GHISIO;JOEL GHISIO;PDT;ELEITO;TSE (dados abertos)
85065;BROCHIER;RS;2025-2028;JOSÉ HENRIQUE DAPPER;PIGUE;MDB;ELEITO;TSE (dados abertos)
85057;ALECRIM;RS;2025-2028;NEUSA LEDUR KUHN;NEUSA;MDB;ELEITO;TSE (dados abertos)
85073;ALEGRETE;RS;2025-2028;JESSE TRINDADE DOS SANTOS;JESSE TRINDADE;MDB;ELEITO;TSE (dados abertos)
88730;SÃO JOSÉ DO NORTE;RS;2025-2028;NEROMAR DE ARAUJO GUIMARÃES;NERO;UNIÃO;ELEITO;TSE (dados abertos)
89486;SÃO PEDRO DAS MISSÕES;RS;2025-2028;RAFAEL FUMAGALLI E SILVA;RAFAEL FUMAGALLI;PDT;ELEITO;TSE (dados abertos)
86231;DAVID CANABARRO;RS;2025-2028;LAURO ANTONIO BENEDETTI;LAURO;PSD;ELEITO;TSE (dados abertos)
89249;ITATI;RS;2025-2028;MADALENA TRISCH RAPACK;MADALENA;PP;ELEITO;TSE (dados abertos)
87254;JÚLIO DE CASTILHOS;RS;2025-2028;BERNARDO QUATRIN DALLA CORTE;BERNARDO;PSDB;ELEITO;TSE (dados abertos)
87823;SÃO PEDRO DO BUTIÁ;RS;2025-2028;NARCISO LUIS LENZ;NARCISO;PL;ELEITO;TSE (dados abertos)
87866;SÃO VALÉRIO DO SUL;RS;2025-2028;CLOVIS TABORDA PADILHA;TABORDA;PP;ELEITO;TSE (dados abertos)
88404;ESTRELA VELHA;RS;2025-2028;ALEXANDER CASTILHOS;ALEX CASTILHOS;MDB;ELEITO;TSE (dados abertos)
86398;HERVAL;RS;2025-2028;CELSO VIEIRA SILVEIRA;CELSO SILVEIRA;PP;ELEITO;TSE (dados abertos)
88323;HERVEIRAS;RS;2025-2028;NAZARIO RUBI KUENTZER;NAZARIO;PL;ELEITO;TSE (dados abertos)
87645;SANTO ANTÔNIO DO PALMA;RS;2025-2028;GILBERTO SZIMAINSKI;GILBERTO SZIMAINSKI;REPUBLICANOS;ELEITO;TSE (dados abertos)
89044;BOA VISTA DO CADEADO;RS;2025-2028;JOAO PAULO BELTRAO DOS SANTOS;JOÃO PAULO;PL;ELEITO;TSE (dados abertos)
86541;CENTENÁRIO;RS;2025-2028;GENOIR MARCOS FLOREK;NENINHO;PL;ELEITO;TSE (dados abertos)
86126;POÇO DAS ANTAS;RS;2025-2028;GLICERIO IVO JUNGES;GLICÉRIO IVO JUNGES;MDB;ELEITO;TSE (dados abertos)
85774;CAMPO BOM;RS;2025-2028;GIOVANI BATISTA FELTES;GIOVANI FELTES;MDB;ELEITO;TSE (dados abertos)
86487;CANDIOTA;RS;2025-2028;LUIZ CARLOS FOLADOR;LUIZ CARLOS FOLADOR;MDB;ELEITO;TSE (dados abertos)
87483;PORTO VERA CRUZ;RS;2025-2028;JAIME DOMINGOS TAFFAREL;TAFFAREL;PDT;ELEITO;TSE (dados abertos)
87661;SANTO ANTÔNIO DO PLANALTO;RS;2025-2028;VILSON ALTMANN;VILSON ALTMANN FAZENDA;MDB;ELEITO;TSE (dados abertos)
85812;CANDELÁRIA;RS;2025-2028;NESTOR RUBEM ELLWANGER;NESTOR R ELLWANGER - RIM;PP;ELEITO;TSE (dados abertos)
84964;IBIRAPUITÃ;RS;2025-2028;ROSEMAR HENTGES;ROSEMAR HENTGES;PP;ELEITO;TSE (dados abertos)
85820;MONTAURI;RS;2025-2028;NELCIR STEFENON;NELCIR STEFENON;PDT;ELEITO;TSE (dados abertos)
87793;PALMITINHO;RS;2025-2028;BENHUR DAILOR BARTH;BENHUR BARTH;MDB;ELEITO;TSE (dados abertos)
88803;MONTE ALEGRE DOS CAMPOS;RS;2025-2028;ONILTON JOÃO CAPELINI;CAPELINI;PP;ELEITO;TSE (dados abertos)
89630;VIAMÃO;RS;2025-2028;RAFAEL BORTOLETTI DALLA NORA;RAFAEL BORTOLETTI;PSDB;ELEITO;TSE (dados abertos)
88153;RIO GRANDE;RS;2025-2028;DARLENE TORRADA PEREIRA;DARLENE;PT;ELEITO;TSE (dados abertos)
88161;BOA VISTA DO SUL;RS;2025-2028;PATRICIA LUCIA BAGATINI;PATRICIA L BAGATINI;PSD;ELEITO;TSE (dados abertos)
87335;LIBERATO SALZANO;RS;2025-2028;GILSON DE CARLI;GILSON;MDB;ELEITO;TSE (dados abertos)
86142;TRÊS PALMEIRAS;RS;2025-2028;SILVANIO ANTONIO DIAS;SILVANIO;PP;ELEITO;TSE (dados abertos)
86096;COLORADO;RS;2025-2028;RODRIGO SARTORI;RODRIGO SARTORI;MDB;ELEITO;TSE (dados abertos)
87122;MORRINHOS DO SUL;RS;2025-2028;MARCOS VENICIOS EVALDT DA SILVEIRA;MARCOS VENICIOS;PP;ELEITO;TSE (dados abertos)
87530;MUÇUM;RS;2025-2028;MATEUS GIOVANONI TROJAN;MATEUS TROJAN;MDB;ELEITO;TSE (dados abertos)
87700;SÃO JOÃO DO POLÊSINE;RS;2025-2028;JAQUELINE MARIA SCHMITZ MILANESI;JAQUELINE MILANESI;PP;ELEITO;TSE (dados abertos)
85804;CIDREIRA;RS;2025-2028;GILBERTO DA COSTA SILVA;BETO DO LITORAL;PODE;ELEITO;TSE (dados abertos)
85502;GLORINHA;RS;2025-2028;CARLOS LEONARDO VARGAS CARVALHO;LEONARDO CARVALHO;MDB;ELEITO;TSE (dados abertos)
86495;ESTÂNCIA VELHA;RS;2025-2028;DIEGO WILLIAN FRANCISCO;DIEGO FRANCISCO ;PSDB;ELEITO;TSE (dados abertos)
87130;ITAQUI;RS;2025-2028;LEONARDO DICSON SANCHEZ BETIN;LEONARDO BETIN;PL;ELEITO;TSE (dados abertos)
86967;MAQUINÉ;RS;2025-2028;LUCIANO DE ALMEIDA ALVES;LUCIANO ALVES;PDT;ELEITO;TSE (dados abertos)
87289;NOVO MACHADO;RS;2025-2028;VALDECI NATALINO DALLENOGARE;ZEZINHO ;MDB;ELEITO;TSE (dados abertos)
89397;TRÊS DE MAIO;RS;2025-2028;MARCOS VINICIUS BENEDETTI CORSO;MARCOS CORSO;PP;ELEITO;TSE (dados abertos)
87190;JACUTINGA;RS;2025-2028;ADEMIR MARCIO SAKREZENSKI;ADEMIR SAKREZENSKI;MDB;ELEITO;TSE (dados abertos)
88277;RONDINHA;RS;2025-2028;EZEQUIEL PASQUETTI;PASQUETTI;PP;ELEITO;TSE (dados abertos)
88609;UBIRETAMA;RS;2025-2028;RODRIGO DANIEL BLOCH;RODRIGO BLOCH;PDT;ELEITO;TSE (dados abertos)
86851;GUAÍBA;RS;2025-2028;MARCELO SOARES REINALDO;MARCELO MARANATA;PDT;ELEITO;TSE (dados abertos)
87173;IVOTI;RS;2025-2028;VALDIR JOSÉ LUDWIG;VALDIR;PP;ELEITO;TSE (dados abertos)
87726;SÃO JOSÉ DOS AUSENTES;RS;2025-2028;JOSÉ CARLOS PEREIRA BECKER;DUDA BECKER;PSDB;ELEITO;TSE (dados abertos)
85715;CAMBARÁ DO SUL;RS;2025-2028;SCHAMBERLAEN JOSE SILVESTRE;SCHAMBERLAEN SILVESTRE;PP;ELEITO;TSE (dados abertos)
86100;ANDRÉ DA ROCHA;RS;2025-2028;FELIPE EDUARDO SEMINOTI JACQUES;FELIPE JACQUES;MDB;ELEITO;TSE (dados abertos)
84816;NOVA HARTZ;RS;2025-2028;NERI CARLOS BUENO CHICATTO;NERI;PP;ELEITO;TSE (dados abertos)
85669;TAQUARUÇU DO SUL;RS;2025-2028;LUIZ BLANCO ALVES;BIBI;PT;ELEITO;TSE (dados abertos)
87165;MULITERNO;RS;2025-2028;CLEUCIR VIDI;CHICO;MDB;ELEITO;TSE (dados abertos)
87238;JAGUARI;RS;2025-2028;IGOR ROSA TAMBARA;IGOR TAMBARA;MDB;ELEITO;TSE (dados abertos)
89109;CANUDOS DO VALE;RS;2025-2028;MAICO JUAREZ BERGHAHN;MAICO JUAREZ BERGHAHN;PSB;ELEITO;TSE (dados abertos)
85316;BAGÉ;RS;2025-2028;LUIZ FERNANDO MAINARDI;MAINARDI;PT;ELEITO;TSE (dados abertos)
86789;GRAMADO XAVIER;RS;2025-2028;JOSE MARCELO LAUFER;MARCELO;PSB;ELEITO;TSE (dados abertos)
88439;SANTANA DA BOA VISTA;RS;2025-2028;GARLENO ALVES DA SILVA;GARLENO ALVES;MDB;ELEITO;TSE (dados abertos)
86754;SÃO VICENTE DO SUL;RS;2025-2028;FERNANDO DA ROSA PAHIM;FERNANDO PAHIM;PP;ELEITO;TSE (dados abertos)
98450;SÃO SEBASTIÃO DO UATUMÃ;AM;2025-2028;JANDER PAES DE ALMEIDA;JANDER BARRETO;UNIÃO;ELEITO;TSE (dados abertos)
02275;CODAJÁS;AM;2025-2028;ANTÔNIO FERREIRA DOS SANTOS;TONHO;UNIÃO;ELEITO;TSE (dados abertos)
02070;AUTAZES;AM;2025-2028;JOSÉ THOMÉ NETO;THOMÉ NETO;PP;ELEITO;TSE (dados abertos)
02178;BORBA;AM;2025-2028;RAIMUNDO SANTANA DE FREITAS;TOCO SANTANA;REPUBLICANOS;ELEITO;TSE (dados abertos)
02771;SILVES;AM;2025-2028;RAIMUNDO PAULINO DE ALMEIDA GRANA;PROFESSOR PAULINO GRANA;REPUBLICANOS;ELEITO;TSE (dados abertos)
02453;JAPURÁ;AM;2025-2028;VANILSO MONTEIRO DA SILVA;PROFESSOR VANILSO;UNIÃO;ELEITO;TSE (dados abertos)
02798;TAPAUÁ;AM;2025-2028;GAMALIEL ANDRADE DE ALMEIDA;GAMALIEL ANDRADE;UNIÃO;ELEITO;TSE (dados abertos)
02020;GUAJARÁ;AM;2025-2028;ADAILDO DA COSTA MELO FILHO;ADAILDO MELO;UNIÃO;ELEITO;TSE (dados abertos)
02135;BENJAMIN CONSTANT;AM;2025-2028;SEMEIDE BERMEGUY PORTO;SEMEIDE BERMEGUY ;MDB;ELEITO;TSE (dados abertos)
02933;ANAMÃ;AM;2025-2028;KATIA MARIA DANTAS RIBEIRO;KATIA DANTAS;MDB;ELEITO;TSE (dados abertos)
02739;SANTO ANTÔNIO DO IÇÁ;AM;2025-2028;WALDER RIBEIRO DA COSTA;CECÉU;MDB;ELEITO;TSE (dados abertos)
98418;PRESIDENTE FIGUEIREDO;AM;2025-2028;ANTONIO FERNANDO FONTES VIEIRA;FERNANDO VIEIRA;PL;ELEITO;TSE (dados abertos)
02194;CANUTAMA;AM;2025-2028;JOSÉ ROBERTO TORRES DE PONTES;ZÉ ROBERTO;UNIÃO;ELEITO;TSE (dados abertos)
02550;MANAUS;AM;2025-2028;DAVID ANTONIO ABISAI PEREIRA DE ALMEIDA;DAVID ALMEIDA;AVANTE;ELEITO;TSE (dados abertos)
02593;MARAÃ;AM;2025-2028;EDIR COSTA CASTELO BRANCO;PASTOR EDIR;UNIÃO;ELEITO;TSE (dados abertos)
02810;TEFÉ;AM;2025-2028;NICSON MARREIRA LIMA;NICSON MARREIRA;UNIÃO;ELEITO;TSE (dados abertos)
02852;URUCARÁ;AM;2025-2028;JOÃO BOSCO FALABELLA;BOSCO FALABELLA;UNIÃO;ELEITO;TSE (dados abertos)
02755;SÃO PAULO DE OLIVENÇA;AM;2025-2028;NAZARENO SOUZA MARTINS;GIBE MARTINS;UNIÃO;ELEITO;TSE (dados abertos)
02313;ENVIRA;AM;2025-2028;IVON RATES DA SILVA;IVON RATES;PSD;ELEITO;TSE (dados abertos)
02232;CAREIRO;AM;2025-2028;MARA ALVES DE LIMA;MARA ALVES;REPUBLICANOS;ELEITO;TSE (dados abertos)
98515;TONANTINS;AM;2025-2028;FRANCISCO SALES DE OLIVEIRA;SALES;REPUBLICANOS;ELEITO;TSE (dados abertos)
98370;ITAMARATI;AM;2025-2028;JOÃO MEDEIROS CAMPELO;JOÃO CAMPELO;MDB;ELEITO;TSE (dados abertos)
02917;AMATURÁ;AM;2025-2028;MARIA DE NAZARÉ DA SILVA ROCHA;NAZARÉ ROCHA;MDB;ELEITO;TSE (dados abertos)
02151;BOCA DO ACRE;AM;2025-2028;FRANK SOBREIRA BARROS;FRANK BARROS;MDB;ELEITO;TSE (dados abertos)
02496;JUTAÍ;AM;2025-2028;MERCEDES MENDES VARGAS;MERCEDES;UNIÃO;ELEITO;TSE (dados abertos)
02410;ITACOATIARA;AM;2025-2028;MARIO JORGE BOUEZ ABRAHIM;MÁRIO ABRAHIM;REPUBLICANOS;ELEITO;TSE (dados abertos)
02372;SANTA ISABEL DO RIO NEGRO;AM;2025-2028;JOSÉ RIBAMAR FONTES BELEZA;JOSÉ BELEZA;UNIÃO;ELEITO;TSE (dados abertos)
02259;COARI;AM;2025-2028;MANOEL ADAIL AMARAL PINHEIRO;ADAIL PINHEIRO;REPUBLICANOS;ELEITO;TSE (dados abertos)
02291;EIRUNEPÉ;AM;2025-2028;ÁUREA MARIA ESTER ALVES MARQUES;PROFESSORA ÁUREA;MDB;ELEITO;TSE (dados abertos)
98396;MANAQUIRI;AM;2025-2028;NELSON PEREIRA DA SILVA;NELSON NILO;MDB;ELEITO;TSE (dados abertos)
02976;BOA VISTA DO RAMOS;AM;2025-2028;JARLEM DE ALMEIDA TRINDADE;JARLEM CB;PSD;ELEITO;TSE (dados abertos)
02054;ATALAIA DO NORTE;AM;2025-2028;DENIS LINDER ROJAS DE PAIVA;DENIS PAIVA;UNIÃO;ELEITO;TSE (dados abertos)
02003;APUÍ;AM;2025-2028;ANTÔNIO MARCOS MACIEL FERNANDES;MARQUINHOS MACIL;MDB;ELEITO;TSE (dados abertos)
98477;TABATINGA;AM;2025-2028;PLINIO SOUZA DA CRUZ;PLINIO CRUZ;REPUBLICANOS;ELEITO;TSE (dados abertos)
02470;JURUÁ;AM;2025-2028;ILQUE CUNHA DE LIMA;ILQUE CUNHA;MDB;ELEITO;TSE (dados abertos)
02038;ANORI;AM;2025-2028;REGINALDO NAZARÉ DA COSTA;RÉGIS NAZARÉ;REPUBLICANOS;ELEITO;TSE (dados abertos)
02399;IPIXUNA;AM;2025-2028;PAULA AUGUSTA MONTEIRO DE OLIVEIRA;PAULA AUGUSTA;PSDB;ELEITO;TSE (dados abertos)
02437;ITAPIRANGA;AM;2025-2028;THIAGO GAMA LIMA;THIAGO LIMA;MDB;ELEITO;TSE (dados abertos)
02534;MANACAPURU;AM;2025-2028;VALCILEIA FLORES MACIEL;VALCILEIA MACIEL;MDB;ELEITO;TSE (dados abertos)
02518;LÁBREA;AM;2025-2028;GERLANDO LOPES DO NASCIMENTO;GERLANDO LOPES;PL;ELEITO;TSE (dados abertos)
98434;RIO PRETO DA EVA;AM;2025-2028;MARIA DO SOCORRO NOGUEIRA FONTINELE;PROFESSORA SOCORRO NOGUEIRA;UNIÃO;ELEITO;TSE (dados abertos)
98493;UARINI;AM;2025-2028;MARCOS SOUZA MARTINS;MARCOS MARTINS;UNIÃO;ELEITO;TSE (dados abertos)
02712;PAUINI;AM;2025-2028;RAIMUNDO RENATO RODRIGUES AFONSO;RENATO AFONSO;PSD;ELEITO;TSE (dados abertos)
02690;PARINTINS;AM;2025-2028;MATEUS FERREIRA ASSAYAG;MATEUS ASSAYAG;PSD;ELEITO;TSE (dados abertos)
02119;BARREIRINHA;AM;2025-2028;DARLAN TAVEIRA PERES;DARLAN TAVEIRA;UNIÃO;ELEITO;TSE (dados abertos)
02216;CARAUARI;AM;2025-2028;JOSE AIRTON FREITAS SIQUEIRA;AIRTON SIQUEIRA;MDB;ELEITO;TSE (dados abertos)
02836;SÃO GABRIEL DA CACHOEIRA;AM;2025-2028;EGMAR VELASQUES SALDANHA;EGMAR CURUBINHA;PT;ELEITO;TSE (dados abertos)
02674;NOVO ARIPUANÃ;AM;2025-2028;RAYMUNDO LOPES DE ALBUQUERQUE SOBRINHO;RAIZ;UNIÃO;ELEITO;TSE (dados abertos)
02895;ALVARÃES;AM;2025-2028;LUCENILDO DE SOUZA MACEDO;LUCENILDO;UNIÃO;ELEITO;TSE (dados abertos)
02577;MANICORÉ;AM;2025-2028;LÚCIO FLÁVIO DO ROSÁRIO;LÚCIO FLÁVIO;PSD;ELEITO;TSE (dados abertos)
02011;NOVO AIRÃO;AM;2025-2028;OTÁVIO DA CRUZ FARIAS;OTÁVIO FARIAS;UNIÃO;ELEITO;TSE (dados abertos)
98353;IRANDUBA;AM;2025-2028;JOSE AUGUSTO FERRAZ DE LIMA;AUGUSTO FERRAZ;UNIÃO;ELEITO;TSE (dados abertos)
02950;BERURI;AM;2025-2028;EMERSON KLINGER GONÇALVES DE MELLO;EMERSON MELLO;PODE;ELEITO;TSE (dados abertos)
02330;FONTE BOA;AM;2025-2028;LÁZARO DE ARAUJO DE ALMEIDA;DR LÁZARO;REPUBLICANOS;ELEITO;TSE (dados abertos)
02046;CAREIRO DA VÁRZEA;AM;2025-2028;PEDRO DUARTE GUEDES;PEDRO GUEDES;PSD;ELEITO;TSE (dados abertos)
02631;NHAMUNDÁ;AM;2025-2028;RAIMUNDA MARINA BRITO PANDOLFO;MARINA PANDOLFO;UNIÃO;ELEITO;TSE (dados abertos)
02992;CAAPIRANGA;AM;2025-2028;MATULINHO XAVIER BRAZ;MATULINHO BRAZ;UNIÃO;ELEITO;TSE (dados abertos)
02356;HUMAITÁ;AM;2025-2028;JOSE CIDENEI LOBO DO NASCIMENTO;DEDEI LOBO;UNIÃO;ELEITO;TSE (dados abertos)
02658;NOVA OLINDA DO NORTE;AM;2025-2028;ARACI RODRIGUES DA CUNHA;PROFESSORA ARACI;MDB;ELEITO;TSE (dados abertos)
02097;BARCELOS;AM;2025-2028;RADSON ROGERTON DOS SANTOS ALVES;RADINHO;UNIÃO;ELEITO;TSE (dados abertos)
02879;URUCURITUBA;AM;2025-2028;LEÔNCIO ANTÔNIO TUNDIS CARVALHO;LEÔNCIO TUNDIS;PT;ELEITO;TSE (dados abertos)
02615;MAUÉS;AM;2025-2028;MACELLY CRISTINA DE SOUZA VERAS;MACELLY VERAS;PDT;ELEITO;TSE (dados abertos)
06017;AMAPÁ;AP;2025-2028;KELLEY LOBATO;KELLY LOBATO;UNIÃO;ELEITO;TSE (dados abertos)
06025;PORTO GRANDE;AP;2025-2028;ELIELSON DA SILVA MORAES;ELIELSON MORAES;MDB;ELEITO;TSE (dados abertos)
06157;SANTANA;AP;2025-2028;SEBASTIÃO FERREIRA DA ROCHA;BALA ROCHA;PP;ELEITO;TSE (dados abertos)
06114;FERREIRA GOMES;AP;2025-2028;ALEXANDRO BRAZÃO FERREIRA;ALESSANDRO BRAZÃO;UNIÃO;ELEITO;TSE (dados abertos)
06009;PRACUÚBA;AP;2025-2028;ANTÔNIO CARLOS LEITE DE MENDONÇA JÚNIOR;JÚNIOR LEITE;UNIÃO;ELEITO;TSE (dados abertos)
06084;PEDRA BRANCA DO AMAPARI;AP;2025-2028;MARCELO PANTOJA DOS SANTOS;MARCELO PANTOJA;UNIÃO;ELEITO;TSE (dados abertos)
06092;OIAPOQUE;AP;2025-2028;INACIO MONTEIRO MACIEL;INACIO;PDT;ELEITO;TSE (dados abertos)
06076;MAZAGÃO;AP;2025-2028;MANOEL SOUZA DOS SANTOS;CHICO NÓ;UNIÃO;ELEITO;TSE (dados abertos)
06092;OIAPOQUE;AP;2025-2028;BRENO LIMA DE ALMEIDA;BRENO;PP;ELEITO;TSE (dados abertos)
06068;CUTIAS;AP;2025-2028;JUSCELINO RABELO MOURÃO JÚNIOR;JÚNIOR MOURÃO;PL;ELEITO;TSE (dados abertos)
06050;MACAPÁ;AP;2025-2028;ANTONIO PAULO DE OLIVEIRA FURLAN;DR FURLAN;MDB;ELEITO;TSE (dados abertos)
06033;CALÇOENE;AP;2025-2028;ANTONIO DE SOUSA PINTO;TOINHO GARIMPEIRO;PSD;ELEITO;TSE (dados abertos)
06173;TARTARUGALZINHO;AP;2025-2028;BRUNO MANOEL REZENDE;BRUNO MINEIRO;UNIÃO;ELEITO;TSE (dados abertos)
06122;VITÓRIA DO JARI;AP;2025-2028;ARY DUARTE DA COSTA;ARY DUARTE;UNIÃO;ELEITO;TSE (dados abertos)
06130;LARANJAL DO JARI;AP;2025-2028;MARCEL JANDSON MENEZES;TEDDY;UNIÃO;ELEITO;TSE (dados abertos)
06106;SERRA DO NAVIO;AP;2025-2028;ANA PAULA SANTOS SOUSA;PAULINHA SANTOS;MDB;ELEITO;TSE (dados abertos)
06041;ITAUBAL;AP;2025-2028;JAISOM DA COSTA PICANÇO;JAISOM;UNIÃO;ELEITO;TSE (dados abertos)
01058;BRASILÉIA;AC;2025-2028;CARLOS ARMANDO DE SOUZA ALVES;CARLINHOS DO PELADO;PP;ELEITO;TSE (dados abertos)
01120;ACRELÂNDIA;AC;2025-2028;OLAVO FRANCELINO DE REZENDE;OLAVINHO BOIADEIRO;REPUBLICANOS;ELEITO;TSE (dados abertos)
01457;SENA MADUREIRA;AC;2025-2028;GEHLEN DINIZ ANDRADE;GERLEN DINIZ;PP;ELEITO;TSE (dados abertos)
01139;FEIJÓ;AC;2025-2028;RAILSON FERREIRA DA SILVA;DELEGADO RAILSON;REPUBLICANOS;ELEITO;TSE (dados abertos)
01490;XAPURI;AC;2025-2028;MAXSUEL MAIA PEREIRA;MAXSUEL MAIA;PP;ELEITO;TSE (dados abertos)
01104;JORDÃO;AC;2025-2028;FRANCISCO NAUDINO RIBEIRO SOUZA;NAUDO RIBEIRO;PP;ELEITO;TSE (dados abertos)
01570;ASSIS BRASIL;AC;2025-2028;JERRY CORREIA MARINHO;JERRY CORREIA;PP;ELEITO;TSE (dados abertos)
01007;BUJARI;AC;2025-2028;JOÃO EDVALDO TELES DE LIMA;PADEIRO;PDT;ELEITO;TSE (dados abertos)
01554;MANOEL URBANO;AC;2025-2028;RAIMUNDO TOSCANO VELOZO;TOSCANO VELOZO;PP;ELEITO;TSE (dados abertos)
01392;RIO BRANCO;AC;2025-2028;SEBASTIAO BOCALOM RODRIGUES;TIÃO BOCALOM;PL;ELEITO;TSE (dados abertos)
01090;MÂNCIO LIMA;AC;2025-2028;JOSE LUIZ GOMES DA COSTA;ZÉ LUIZ;PP;ELEITO;TSE (dados abertos)
01040;MARECHAL THAUMATURGO;AC;2025-2028;VALDELIO JOSE DO NASCIMENTO FURTADO;VALDELIO FURTADO;PP;ELEITO;TSE (dados abertos)
01082;RODRIGUES ALVES;AC;2025-2028;SALATIEL PINHEIRO MAGALHAES;SALATIEL MAGALHÃES;PSD;ELEITO;TSE (dados abertos)
01511;PLÁCIDO DE CASTRO;AC;2025-2028;CAMILO DA SILVA;CAMILO DA SILVA;PP;ELEITO;TSE (dados abertos)
01473;TARAUACÁ;AC;2025-2028;RODRIGO DAMASCENO CATÃO;RODRIGO DAMASCENO;PP;ELEITO;TSE (dados abertos)
01023;PORTO ACRE;AC;2025-2028;MAXIMO ANTONIO DE SOUZA DA COSTA;MAXIMO;PP;ELEITO;TSE (dados abertos)
01112;EPITACIOLÂNDIA;AC;2025-2028;SÉRGIO LOPES DE SOUZA;DELEGADO SÉRGIO LOPES;PL;ELEITO;TSE (dados abertos)
01074;CRUZEIRO DO SUL;AC;2025-2028;JOSÉ DE SOUZA LIMA;ZEQUINHA LIMA;PP;ELEITO;TSE (dados abertos)
01015;CAPIXABA;AC;2025-2028;MANOEL MAIA BESERRA;MANOEL MAIA;UNIÃO;ELEITO;TSE (dados abertos)
01066;PORTO WALTER;AC;2025-2028;SEBASTIÃO NOGUEIRA DE ANDRADE;CESAR ANDRADE;PP;ELEITO;TSE (dados abertos)
01538;SENADOR GUIOMARD;AC;2025-2028;ROSANA PEREIRA DA SILVA;ROSANA GOMES;PP;ELEITO;TSE (dados abertos)
01031;SANTA ROSA DO PURUS;AC;2025-2028;JOSE ALTAMIR TAUMATURGO SÁ;TAMIR SÁ;MDB;ELEITO;TSE (dados abertos)
73008;ABREULÂNDIA;TO;2025-2028;MANOEL FRANCISCO DE MOURA;MANOEL MOURA;PT;ELEITO;TSE (dados abertos)
92088;CASEARA;TO;2025-2028;MARCOS CARVALHO LIMA;MARCOS DO CHICO;SOLIDARIEDADE;ELEITO;TSE (dados abertos)
73385;LAGOA DA CONFUSÃO;TO;2025-2028;THIAGO SOARES CARLOS;THIAGO LAGOENSE;UNIÃO;ELEITO;TSE (dados abertos)
94633;MIRANORTE;TO;2025-2028;LEANDRO MOTA BARBOSA TELES;LEANDRO BARBOSA;PL;ELEITO;TSE (dados abertos)
93475;DUERÉ;TO;2025-2028;SILVERIO TAURINO DA ROCHA MOREIRA;DIDA MOREIRA;PDT;ELEITO;TSE (dados abertos)
94811;NATIVIDADE;TO;2025-2028;THIAGO JAYME RODRIGUES DE CERQUEIRA;DR. THIAGO ;PP;ELEITO;TSE (dados abertos)
92398;ARAGUAÇU;TO;2025-2028;JARBAS RIBEIRO IVO;JARBAS RIBEIRO;PL;ELEITO;TSE (dados abertos)
73288;SÃO BENTO DO TOCANTINS;TO;2025-2028;PAULO WANDERSON DE SOUSA DAMASCENO;PAULO WANDERSON;PSD;ELEITO;TSE (dados abertos)
73032;DARCINÓPOLIS;TO;2025-2028;RAIMUNDO MACIEL DE FIGUEIREDO;RAIMUNDO CURICA;REPUBLICANOS;ELEITO;TSE (dados abertos)
96490;PALMEIRÓPOLIS;TO;2025-2028;WLISSES BARROS DE SOUZA;WLISSES BARROS;PDT;ELEITO;TSE (dados abertos)
73512;AGUIARNÓPOLIS;TO;2025-2028;WANDERLY DOS SANTOS LEITE;WANDERLY LEITE;REPUBLICANOS;ELEITO;TSE (dados abertos)
92525;PRAIA NORTE;TO;2025-2028;BRUNA GABRIELLE NEVES PIRES DE ARAÚJO;BRUNA DO HO CHE MIN;PSD;ELEITO;TSE (dados abertos)
73423;CARRASCO BONITO;TO;2025-2028;GILVAN BANDEIRA DA SILVA;NEGO DO FOGUIM;PP;ELEITO;TSE (dados abertos)
92584;SANTA ROSA DO TOCANTINS;TO;2025-2028;LEVI TEIXEIRA DE OLIVEIRA;LEVI;PP;ELEITO;TSE (dados abertos)
96598;SILVANÓPOLIS;TO;2025-2028;MATHEUS HENRIQUE LEMOS;MATHEUZINHO;PP;ELEITO;TSE (dados abertos)
96970;APARECIDA DO RIO NEGRO;TO;2025-2028;DEUSIMAR PEREIRA DE AMORIM;DEUSIMAR AMORIM;REPUBLICANOS;ELEITO;TSE (dados abertos)
96270;GUARAÍ;TO;2025-2028;MARIA DE FATIMA COELHO NUNES;FATIMA COELHO;UNIÃO;ELEITO;TSE (dados abertos)
94056;ITACAJÁ;TO;2025-2028;MARIA APARECIDA LIMA ROCHA COSTA;APARECIDA;REPUBLICANOS;ELEITO;TSE (dados abertos)
73415;RIO DOS BOIS;TO;2025-2028;JOEL ALVES RUFINO;JOEL RUFINO;REPUBLICANOS;ELEITO;TSE (dados abertos)
92681;SÃO VALÉRIO;TO;2025-2028;WADA FRANCYEL FERREIRA TRINDADE;WADA MAESTRO;UNIÃO;ELEITO;TSE (dados abertos)
73407;LAJEADO;TO;2025-2028;MÁRCIA DA COSTA REIS CARVALHO;MÁRCIA ENFERMEIRA;PSDB;ELEITO;TSE (dados abertos)
92479;ARRAIAS;TO;2025-2028;HERMAN GOMES DE ALMEIDA;HERMAN;REPUBLICANOS;ELEITO;TSE (dados abertos)
73440;PALMAS;TO;2025-2028;JOSÉ EDUARDO DE SIQUEIRA CAMPOS;EDUARDO SIQUEIRA CAMPOS;PODE;ELEITO;TSE (dados abertos)
73610;BARRA DO OURO;TO;2025-2028;NÉLIDA VASCONCELOS MIRANDA CAVALCANTE;NÉLIDA;REPUBLICANOS;ELEITO;TSE (dados abertos)
93130;CONCEIÇÃO DO TOCANTINS;TO;2025-2028;PAULO SERGIO TORRES FERNANDES;PAULO ROCHA;PDT;ELEITO;TSE (dados abertos)
73024;RIACHINHO;TO;2025-2028;RONAILDO BANDEIRA DA CRUZ;RONAILDO BANDEIRA;REPUBLICANOS;ELEITO;TSE (dados abertos)
96792;RIO SONO;TO;2025-2028;VALDÉIA MARTINS RODRIGUES;VALDÉIA MARTINS;REPUBLICANOS;ELEITO;TSE (dados abertos)
93653;FORMOSO DO ARAGUAIA;TO;2025-2028;ISRAEL BORGES NUNES;ISRAEL KAWE;PSB;ELEITO;TSE (dados abertos)
96210;TOCANTINÓPOLIS;TO;2025-2028;FABION GOMES DE SOUSA;FABION GOMES;PL;ELEITO;TSE (dados abertos)
73334;ARAGOMINAS;TO;2025-2028;FRANCISCO RODRIGUES;MARCOS ALEXANDRE;REPUBLICANOS;ELEITO;TSE (dados abertos)
92452;ARAPOEMA;TO;2025-2028;PAULO ANTÔNIO PEDREIRA;PAULO DA BARRA BONITA;REPUBLICANOS;ELEITO;TSE (dados abertos)
96997;BARROLÂNDIA;TO;2025-2028;JOÃO MACHADO ALVES;JOÃO DO SUPERGIRO;UNIÃO;ELEITO;TSE (dados abertos)
73563;MONTE SANTO DO TOCANTINS;TO;2025-2028;NEZITA MARTINS NETA;ENFERMEIRA NEZITA;UNIÃO;ELEITO;TSE (dados abertos)
93556;FILADÉLFIA;TO;2025-2028;DAVID SOUSA BENTO;DAVID BENTO;PP;ELEITO;TSE (dados abertos)
73059;MAURILÂNDIA DO TOCANTINS;TO;2025-2028;RAFAEL MARACAIPE DE ALMEIDA;DR RAFAEL MARACAIPE;UNIÃO;ELEITO;TSE (dados abertos)
96199;TOCANTÍNIA;TO;2025-2028;JOÃO ALBERTO COELHO MACHADO;JOÃO ALBERTO;REPUBLICANOS;ELEITO;TSE (dados abertos)
95532;PONTE ALTA DO TOCANTINS;TO;2025-2028;KEDSON MACHADO ALVES;KEDSON;PP;ELEITO;TSE (dados abertos)
73121;BOM JESUS DO TOCANTINS;TO;2025-2028;EDMILSON RODRIGUES SOARES;EDMILSON RODRIGUES;UNIÃO;ELEITO;TSE (dados abertos)
93114;COLINAS DO TOCANTINS;TO;2025-2028;JOSEMAR CARLOS CASARIN;DR KSARIN KSARIN KSARIN;UNIÃO;ELEITO;TSE (dados abertos)
73504;TALISMÃ;TO;2025-2028;FLÁVIO MOURA DE FRANCA;FLÁVIO CRISTO REI;UNIÃO;ELEITO;TSE (dados abertos)
73350;SANTA FÉ DO ARAGUAIA;TO;2025-2028;VICENÇA VIEIRA DANTAS LINO DA SILVA;VICENÇA LINO;UNIÃO;ELEITO;TSE (dados abertos)
73369;JAÚ DO TOCANTINS;TO;2025-2028;LUCIENE LOURENÇO DE ARAUJO;LUCIENE ARAUJO;PSD;ELEITO;TSE (dados abertos)
92070;ALMAS;TO;2025-2028;RAINERIVAL RIBEIRO XAVIER;NERI;PP;ELEITO;TSE (dados abertos)
93211;COUTO MAGALHÃES;TO;2025-2028;JÚLIO CÉSAR RAMOS BRASIL;JÚLIO CÉSAR;REPUBLICANOS;ELEITO;TSE (dados abertos)
95478;PIUM;TO;2025-2028;FERNANDO BELARMINO DA SILVA;PADRE FERNANDO;PP;ELEITO;TSE (dados abertos)
95591;PORTO NACIONAL;TO;2025-2028;RONIVON MACIEL GAMA;RONIVON MACIEL;UNIÃO;ELEITO;TSE (dados abertos)
92541;SAMPAIO;TO;2025-2028;AGNOM GOMES DA SILVA;AGNOM GOMES;REPUBLICANOS;ELEITO;TSE (dados abertos)
96679;FIGUEIRÓPOLIS;TO;2025-2028;JOSÉ FONTOURA PRIMO;FONTOURA;REPUBLICANOS;ELEITO;TSE (dados abertos)
73075;ANGICO;TO;2025-2028;CLEOFAN BARBOSA LIMA;CLEOFAN BARBOSA;UNIÃO;ELEITO;TSE (dados abertos)
73482;CHAPADA DA NATIVIDADE;TO;2025-2028;ELIO DIONIZIO DE SANTANA;ELIO DIONIZIO;REPUBLICANOS;ELEITO;TSE (dados abertos)
96830;FÁTIMA;TO;2025-2028;JOSE ANTONIO SANTOS ANDRADE;ZÉ ANTONIO ANDRADE;UNIÃO;ELEITO;TSE (dados abertos)
73083;PALMEIRANTE;TO;2025-2028;RAIMUNDO BRANDÃO DOS SANTOS;RAIMUNDINHO BRANDÃO;REPUBLICANOS;ELEITO;TSE (dados abertos)
92134;ALVORADA;TO;2025-2028;THAYNARA DE MELO MOURA;THAYNARA MELO;UNIÃO;ELEITO;TSE (dados abertos)
73555;CRIXÁS DO TOCANTINS;TO;2025-2028;ANA FLÁVIA ALVES SILVEIRA MONTEIRO;FLÁVIA DO LEITOA;REPUBLICANOS;ELEITO;TSE (dados abertos)
92185;DIVINÓPOLIS DO TOCANTINS;TO;2025-2028;FLAVIO RODRIGUES SILVA;FLAVÃO;UNIÃO;ELEITO;TSE (dados abertos)
73458;TUPIRAMA;TO;2025-2028;ORMANDO BRITO ALVES;ORMANDO BRITO;REPUBLICANOS;ELEITO;TSE (dados abertos)
73156;SANDOLÂNDIA;TO;2025-2028;LUCIANO BARRETO ALVES;LUCIANO BARRETO;REPUBLICANOS;ELEITO;TSE (dados abertos)
73571;PUGMIL;TO;2025-2028;ÂNGELO MÁRIO PEREIRA ALVES;ÂNGELO MÁRIO;UNIÃO;ELEITO;TSE (dados abertos)
73229;RECURSOLÂNDIA;TO;2025-2028;CARLOS VINICIUS BARBOSA DA SILVA;VINICIUS BARBOSA;REPUBLICANOS;ELEITO;TSE (dados abertos)
73261;PAU D'ARCO;TO;2025-2028;GILMAR OLIVEIRA SOUZA;GILMAR DO POSTO;REPUBLICANOS;ELEITO;TSE (dados abertos)
73237;TUPIRATINS;TO;2025-2028;FILOMENA COELHO DOS SANTOS SILVA;FILÓ;UNIÃO;ELEITO;TSE (dados abertos)
95192;PARAÍSO DO TOCANTINS;TO;2025-2028;CELSO SOARES RÊGO MORAIS;CELSO MORAIS;MDB;ELEITO;TSE (dados abertos)
92193;ANANÁS;TO;2025-2028;ROBSON PEREIRA DA SILVA;ROBSON DO ZÉ GERALDO;UNIÃO;ELEITO;TSE (dados abertos)
92576;AXIXÁ DO TOCANTINS;TO;2025-2028;AURI WULANGE RIBEIRO JORGE;DR AURI;UNIÃO;ELEITO;TSE (dados abertos)
92509;PORTO ALEGRE DO TOCANTINS;TO;2025-2028;PEDRO HENRIQUE ARRUDA NOLETO;DR. PEDRO NOLETO FILHO;PDT;ELEITO;TSE (dados abertos)
92371;ARAGUACEMA;TO;2025-2028;MARCUS VINICIUS MORAES MARTINS;MARQUINHO;UNIÃO;ELEITO;TSE (dados abertos)
94692;MONTE DO CARMO;TO;2025-2028;RUBENS DA PAIXÃO PEREIRA AMARAL;RUBÃO;PDT;ELEITO;TSE (dados abertos)
73547;SANTA RITA DO TOCANTINS;TO;2025-2028;LUCIANO PEREIRA DA COSTA;LUCIANO COSTA;PDT;ELEITO;TSE (dados abertos)
96652;WANDERLÂNDIA;TO;2025-2028;DJALMA ARAÚJO FERREIRA JUNIOR;DJALMA JUNIOR;UNIÃO;ELEITO;TSE (dados abertos)
73148;NOVO ALEGRE;TO;2025-2028;IVANILDA MARIA QUEIROZ PEREIRA;IVANILDA PEREIRA;UNIÃO;ELEITO;TSE (dados abertos)
96156;TAGUATINGA;TO;2025-2028;PAULO ROBERTO RIBEIRO;PAULO ROBERTO;REPUBLICANOS;ELEITO;TSE (dados abertos)
96954;ALIANÇA DO TOCANTINS;TO;2025-2028;ELVES MOREIRA GUIMARÃES;ELVES GUIMARÃES;REPUBLICANOS;ELEITO;TSE (dados abertos)
92592;BABAÇULÂNDIA;TO;2025-2028;ISMAEL FERREIRA DE BRITO;ISMAEL  BRITO;REPUBLICANOS;ELEITO;TSE (dados abertos)
73270;MATEIROS;TO;2025-2028;JESY VIEIRA TAVARES;JESY VIEIRA;AGIR;ELEITO;TSE (dados abertos)
93416;DIANÓPOLIS;TO;2025-2028;JOSÉ SALOMÃO JACOBINA AIRES;JOSÉ SALOMÃO;PT;ELEITO;TSE (dados abertos)
73598;IPUEIRAS;TO;2025-2028;RAIMUNDO AIRES NETO ALVES;NETO AIRES;PP;ELEITO;TSE (dados abertos)
73253;JUARINA;TO;2025-2028;MANOEL FERREIRA LIMA;SEU MANOEL;UNIÃO;ELEITO;TSE (dados abertos)
92487;PEQUIZEIRO;TO;2025-2028;JOCÉLIO NOBRE DA SILVA;JOCÉLIO NOBRE;UNIÃO;ELEITO;TSE (dados abertos)
96431;XAMBIOÁ;TO;2025-2028;MAYCK FEITOSA CÂMARA;DR MAYCK CÂMARA;REPUBLICANOS;ELEITO;TSE (dados abertos)
94838;NAZARÉ;TO;2025-2028;CLAYTON PAULO RODRIGUES;CLAYTON;PSD;ELEITO;TSE (dados abertos)
93858;GURUPI;TO;2025-2028;JOSINIANE BRAGA NUNES;JOSI NUNES;UNIÃO;ELEITO;TSE (dados abertos)
73172;NOVO JARDIM;TO;2025-2028;SÚSLEY ALBUQUERQUE CERQUEIRA;SÚSLEY DE ANÍBAL;MDB;ELEITO;TSE (dados abertos)
94170;ITAPORÃ DO TOCANTINS;TO;2025-2028;ROSICLE LUIZ CAPONI FERREIRA;KEIA CAPONI;REPUBLICANOS;ELEITO;TSE (dados abertos)
73431;RIO DA CONCEIÇÃO;TO;2025-2028;EDINALVA OLIVEIRA FERREIRA RAMOS;EDINALVA OLIVEIRA;PT;ELEITO;TSE (dados abertos)
92533;AURORA DO TOCANTINS;TO;2025-2028;EDSON NEIVA DA SILVA;EDSON NEIVA;MDB;ELEITO;TSE (dados abertos)
96636;NOVA OLINDA;TO;2025-2028;JESUS EVARISTO CARDOSO;JESUS EVARISTO;UNIÃO;ELEITO;TSE (dados abertos)
73318;ARAGUANÃ;TO;2025-2028;MAX NYLTON BARBOSA DA SILVA;MAX BARBOSA;PP;ELEITO;TSE (dados abertos)
94099;ITAGUATINS;TO;2025-2028;JOSEMBERG VITOR BARROS SILVA;VITOR DA REIS;REPUBLICANOS;ELEITO;TSE (dados abertos)
73342;MURICILÂNDIA;TO;2025-2028;JOÃO VICTOR BORGES FERREIRA;JOÃO VICTOR;REPUBLICANOS;ELEITO;TSE (dados abertos)
73520;LUZINÓPOLIS;TO;2025-2028;JOÃO MIGUEL CASTILHO LANÇA REI DE MARGARIDO;JOÃO PORTUGUÊS;UNIÃO;ELEITO;TSE (dados abertos)
94617;MIRACEMA DO TOCANTINS;TO;2025-2028;CAMILA FERNANDES DE ARAÚJO;CAMILA FERNANDES;REPUBLICANOS;ELEITO;TSE (dados abertos)
73210;CENTENÁRIO;TO;2025-2028;FOCÍLIDES CARVALHO SILVA;FOCILIDES CARVALHO;REPUBLICANOS;ELEITO;TSE (dados abertos)
92401;NOVA ROSALÂNDIA;TO;2025-2028;ENOQUE PORTÍLIO CARDOSO;PROFESSOR ENOQUE;REPUBLICANOS;ELEITO;TSE (dados abertos)
73199;TABOCÃO;TO;2025-2028;JASON MARINHO DE OLIVEIRA;ZIM DA AGRONORTE;PDT;ELEITO;TSE (dados abertos)
92606;SANTA TEREZA DO TOCANTINS;TO;2025-2028;ELIENE BATISTA DIOGENES LOURENÇO;ELIENE;REPUBLICANOS;ELEITO;TSE (dados abertos)
92738;BREJINHO DE NAZARÉ;TO;2025-2028;MURILO LUIZ MARTINS MORAIS;DR MURILO;UNIÃO;ELEITO;TSE (dados abertos)
95516;PONTE ALTA DO BOM JESUS;TO;2025-2028;JOSE LUCIANO AZEVEDO CARLOS;JOSÉ LUCIANO;REPUBLICANOS;ELEITO;TSE (dados abertos)
92045;BURITI DO TOCANTINS;TO;2025-2028;LUCILENE GOMES DE BRITO ALMEIDA;LUCILENE BRITO;REPUBLICANOS;ELEITO;TSE (dados abertos)
95214;PARANÃ;TO;2025-2028;PHABIO AUGUSTUS DA SILVA MOREIRA;FABIO DA FARMACIA;REPUBLICANOS;ELEITO;TSE (dados abertos)
94994;NOVO ACORDO;TO;2025-2028;MATEUS BATISTA COELHO;MATEUS COELHO;PSDB;ELEITO;TSE (dados abertos)
73040;PALMEIRAS DO TOCANTINS;TO;2025-2028;FRANCISCO NOLETO JUNIOR;JUNIOR NOLETO;UNIÃO;ELEITO;TSE (dados abertos)
73113;LAGOA DO TOCANTINS;TO;2025-2028;LEANDRO FERNANDES SOARES;LEANDRO SOARES;REPUBLICANOS;ELEITO;TSE (dados abertos)
73091;CAMPOS LINDOS;TO;2025-2028;ROMIL IAKOV KALUGIN;ROMEU KALUGIN;REPUBLICANOS;ELEITO;TSE (dados abertos)
96296;PRESIDENTE KENNEDY;TO;2025-2028;JOÃO BATISTA ALVES CAVALCANTE;BATISTA CAVALCANTE;PP;ELEITO;TSE (dados abertos)
73067;CACHOEIRINHA;TO;2025-2028;SANDRIMAR ALVES DA SILVA;SANDRIMAR;UNIÃO;ELEITO;TSE (dados abertos)
73393;SÃO SALVADOR DO TOCANTINS;TO;2025-2028;ANDRÉ MIGUEL RIBEIRO DOS SANTOS;ANDRE BORBA;REPUBLICANOS;ELEITO;TSE (dados abertos)
93238;CRISTALÂNDIA;TO;2025-2028;WILSON JUNIOR CARVALHO DE OLIVEIRA;BIG JOW;UNIÃO;ELEITO;TSE (dados abertos)
95257;PEDRO AFONSO;TO;2025-2028;JOAQUIM MARTINS PINHEIRO FILHO;JOAQUIM PINHEIRO;PP;ELEITO;TSE (dados abertos)
73016;PIRAQUÊ;TO;2025-2028;SILVINO OLIVEIRA DE SOUSA;NETO SOS;REPUBLICANOS;ELEITO;TSE (dados abertos)
96032;SÃO SEBASTIÃO DO TOCANTINS;TO;2025-2028;LUCILENE IRINEU MORAES;PROFESSORA NENZINHA;PSD;ELEITO;TSE (dados abertos)
92410;ARAGUAÍNA;TO;2025-2028;WAGNER RODRIGUES BARROS;WAGNER RODRIGUES;UNIÃO;ELEITO;TSE (dados abertos)
73601;LAVANDEIRA;TO;2025-2028;DENNINSSON PERICLES PEREIRA ALMEIDA;DENISON;PSD;ELEITO;TSE (dados abertos)
95273;PEIXE;TO;2025-2028;AUGUSTO CÉZAR PEREIRA DOS SANTOS;CEZINHA;MDB;ELEITO;TSE (dados abertos)
96857;AUGUSTINÓPOLIS;TO;2025-2028;ANTONIO CAYRES DE ALMEIDA;ANTONIO DO BAR;REPUBLICANOS;ELEITO;TSE (dados abertos)
73466;OLIVEIRA DE FÁTIMA;TO;2025-2028;NEREU FONTES DA LUZ;NEREU FONTES;PP;ELEITO;TSE (dados abertos)
73245;BRASILÂNDIA DO TOCANTINS;TO;2025-2028;LUIZ FELIPE DE MIRANDA;FELIPE MIRANDA;REPUBLICANOS;ELEITO;TSE (dados abertos)
95290;COLMÉIA;TO;2025-2028;PEDRO CLESIO RIBEIRO;PEDRO CLESIO;REPUBLICANOS;ELEITO;TSE (dados abertos)
73105;SÃO FÉLIX DO TOCANTINS;TO;2025-2028;GERCIMAR DA SILVA XAVIER;GERCIMAR;REPUBLICANOS;ELEITO;TSE (dados abertos)
73296;ESPERANTINA;TO;2025-2028;MARIA ANTONIA RODRIGUES DOS SANTOS SILVA;TOTA DO FRANCIMAR;UNIÃO;ELEITO;TSE (dados abertos)
92240;GOIANORTE;TO;2025-2028;MARIA DE JESUS AMARO DE OLIVEIRA PARENTE;NEGA;REPUBLICANOS;ELEITO;TSE (dados abertos)
96130;SÍTIO NOVO DO TOCANTINS;TO;2025-2028;MARIA DAS DORES ABREU FARIAS;DORA FARIAS;UNIÃO;ELEITO;TSE (dados abertos)
73377;SUCUPIRA;TO;2025-2028;VALDIVINO MILHOMEM DE MORAES;DIVINO MORAIS;REPUBLICANOS;ELEITO;TSE (dados abertos)
73580;BANDEIRANTES DO TOCANTINS;TO;2025-2028;SAULO GONÇALVES BORGES;SAULO BORGES;REPUBLICANOS;ELEITO;TSE (dados abertos)
95338;GOIATINS;TO;2025-2028;MANOEL NATALINO PEREIRA SOARES;MANOEL NATALINO;REPUBLICANOS;ELEITO;TSE (dados abertos)
73130;SANTA MARIA DO TOCANTINS;TO;2025-2028;LEONARDO NOLETO MOREIRA;LEONARDO NOLETO;REPUBLICANOS;ELEITO;TSE (dados abertos)
92142;COMBINADO;TO;2025-2028;DIONE MENDES DA SILVA;DIONE DO PASTEL;REPUBLICANOS;ELEITO;TSE (dados abertos)
93459;DOIS IRMÃOS DO TOCANTINS;TO;2025-2028;GECIRAN SARAIVA SILVA;IRMÃO GECIRAN;UNIÃO;ELEITO;TSE (dados abertos)
95699;LIZARDA;TO;2025-2028;MARCELLO LUSTOSA DO AMARAL;MARCELLO LUSTOSA;REPUBLICANOS;ELEITO;TSE (dados abertos)
92436;ARAGUATINS;TO;2025-2028;AQUILES PEREIRA DE SOUSA;AQUILES DA AREIA;PP;ELEITO;TSE (dados abertos)
92002;BERNARDO SAYÃO;TO;2025-2028;OSORIO ANTUNES FILHO;OSORIO DO SOM;REPUBLICANOS;ELEITO;TSE (dados abertos)
73202;ITAPIRATINS;TO;2025-2028;AILTON COELHO DE SOUZA;AILTON COELHO;REPUBLICANOS;ELEITO;TSE (dados abertos)
95370;PINDORAMA DO TOCANTINS;TO;2025-2028;THIAGO TAPAJÓS ALVES DE OLIVEIRA;DR  THIAGO;PP;ELEITO;TSE (dados abertos)
73180;SÃO MIGUEL DO TOCANTINS;TO;2025-2028;ALBERTO LOIOLA GOMES MOREIRA;ALBERTO MOREIRA;REPUBLICANOS;ELEITO;TSE (dados abertos)
73539;SANTA TEREZINHA DO TOCANTINS;TO;2025-2028;WANDERLEY SOUSA SANTOS;IRMÃO DODA;REPUBLICANOS;ELEITO;TSE (dados abertos)
92304;MARIANÓPOLIS DO TOCANTINS;TO;2025-2028;SAULO COSTA MOREIRA;SAULO BARBOSA;PDT;ELEITO;TSE (dados abertos)
73300;CARIRI DO TOCANTINS;TO;2025-2028;ELTON MOREIRA ALVES;TETIN;UNIÃO;ELEITO;TSE (dados abertos)
73474;CHAPADA DE AREIA;TO;2025-2028;ADAUTO MENDES DE OLIVEIRA;ADAUTO MENDES;REPUBLICANOS;ELEITO;TSE (dados abertos)
73326;CARMOLÂNDIA;TO;2025-2028;DOUGLAS APARECIDO DE OLIVEIRA;DOUGLAS OLIVEIRA;UNIÃO;ELEITO;TSE (dados abertos)
73164;TAIPAS DO TOCANTINS;TO;2025-2028;MARIA DO SOCORRO CARVALHO DOS SANTOS;MARIA DO SOCORRO ;REPUBLICANOS;ELEITO;TSE (dados abertos)
03115;NORMANDIA;RR;2025-2028;WENSTON PAULINO BERTO RAPOSO;DR RAPOSO;PP;ELEITO;TSE (dados abertos)
03034;CARACARAÍ;RR;2025-2028;DIANIERY DE SOUZA COELHO;DIANE COELHO;PP;ELEITO;TSE (dados abertos)
03026;IRACEMA;RR;2025-2028;MARLENE SARAIVA ARAUJO;MARLENE SARAIVA;REPUBLICANOS;ELEITO;TSE (dados abertos)
03123;PACARAIMA;RR;2025-2028;WALDERI D AVILA SAMPAIO;WALDERI D AVILA;PP;ELEITO;TSE (dados abertos)
03131;SÃO JOÃO DA BALIZA;RR;2025-2028;LUIZA MAURA DE FARIA OLIVEIRA;LUIZA MAURA;PP;ELEITO;TSE (dados abertos)
03107;UIRAMUTÃ;RR;2025-2028;BENÍSIO ROBERTO DE SOUZA;TUXAUA BENÍSIO;REDE;ELEITO;TSE (dados abertos)
03050;ALTO ALEGRE;RR;2025-2028;WAGNER DE OLIVEIRA NUNES;WAGNER NUNES;REPUBLICANOS;ELEITO;TSE (dados abertos)
03093;MUCAJAÍ;RR;2025-2028;FRANCISCO RUFINO DE SOUZA;CHIQUINHO RUFINO;REPUBLICANOS;ELEITO;TSE (dados abertos)
03000;CAROEBE;RR;2025-2028;OSMAR SERRA BONFIM FILHO;OSMAR FILHO;REPUBLICANOS;ELEITO;TSE (dados abertos)
03158;SÃO LUIZ;RR;2025-2028;ELIAS BESCHORNER DA SILVA;CHICÃO;PP;ELEITO;TSE (dados abertos)
03018;BOA VISTA;RR;2025-2028;ARTHUR HENRIQUE BRANDÃO MACHADO;ARTHUR HENRIQUE;MDB;ELEITO;TSE (dados abertos)
03069;CANTÁ;RR;2025-2028;ANDRE LUIS COSTA DE CASTRO;ANDRE CASTRO;PP;ELEITO;TSE (dados abertos)
03077;BONFIM;RR;2025-2028;ROMUALDO FEITOSA SILVA;ROMUALDO FEITOSA;REPUBLICANOS;ELEITO;TSE (dados abertos)
03085;RORAINÓPOLIS;RR;2025-2028;ALESSANDRO DALTRO SOUSA;PINTO DO EQUADOR;REPUBLICANOS;ELEITO;TSE (dados abertos)
03042;AMAJARI;RR;2025-2028;NÚBIA COSTA LIMA;NUBIA LIMA;PP;ELEITO;TSE (dados abertos)
59196;TRÊS RIOS;RJ;2025-2028;JONAS MASCARENHAS MACEDO;JONAS DICO;PODE;ELEITO;TSE (dados abertos)
58416;ITAOCARA;RJ;2025-2028;HERIBERTO PEREIRA DE OLIVEIRA;HERIBERTO;UNIÃO;ELEITO;TSE (dados abertos)
58360;TANGUÁ;RJ;2025-2028;RODRIGO DA COSTA MEDEIROS;RODRIGO MEDEIROS;PL;ELEITO;TSE (dados abertos)
58181;APERIBÉ;RJ;2025-2028;RONALD DE CÁSSIO DAIBES MOREIRA;RONINHO;UNIÃO;ELEITO;TSE (dados abertos)
59218;VALENÇA;RJ;2025-2028;SAULO DE TARSO PEREIRA CORREA DA SILVA;SAULO CORREA;MDB;ELEITO;TSE (dados abertos)
58106;GUAPIMIRIM;RJ;2025-2028;MARINA PEREIRA DA ROCHA FERNANDEZ;MARINA ROCHA;AGIR;ELEITO;TSE (dados abertos)
59153;TERESÓPOLIS;RJ;2025-2028;JOSE LEONARDO VASCONCELLOS DE ANDRADE;LEONARDO VASCONCELLOS;UNIÃO;ELEITO;TSE (dados abertos)
58130;CABO FRIO;RJ;2025-2028;SERGIO LUIZ COSTA AZEVEDO FILHO;DR SERGINHO;PL;ELEITO;TSE (dados abertos)
58408;ARMAÇÃO DOS BÚZIOS;RJ;2025-2028;ALEXANDRE DE OLIVEIRA MARTINS;ALEXANDRE MARTINS;REPUBLICANOS;ELEITO;TSE (dados abertos)
58246;PINHEIRAL;RJ;2025-2028;LUCIANO MUNIZ FERNANDES;LUCIANO MUNIZ;PP;ELEITO;TSE (dados abertos)
59030;SÃO PEDRO DA ALDEIA;RJ;2025-2028;CARLOS FABIO DA SILVA;FABIO DO PASTEL;PL;ELEITO;TSE (dados abertos)
58203;RIO DAS OSTRAS;RJ;2025-2028;CARLOS AUGUSTO CARVALHO BALTHAZAR;CARLOS AUGUSTO;PL;ELEITO;TSE (dados abertos)
58122;QUEIMADOS;RJ;2025-2028;GLAUCO BARBOSA HOFFMAN KAIZER;GLAUCO KAIZER;UNIÃO;ELEITO;TSE (dados abertos)
58955;SÃO FIDÉLIS;RJ;2025-2028;JOSÉ WILLIAM RIBEIRO DE OLIVEIRA;JOSÉ WILLIAM;PL;ELEITO;TSE (dados abertos)
58084;VARRE-SAI;RJ;2025-2028;LAURO ABIB FABRI;LAURO FABRI;UNIÃO;ELEITO;TSE (dados abertos)
58076;BARRA MANSA;RJ;2025-2028;LUIZ ANTÔNIO FURLANI FILHO;FURLANI;PL;ELEITO;TSE (dados abertos)
58874;RIO CLARO;RJ;2025-2028;BABTON DA SILVA BIONDI;BABTON BIONDI;PP;ELEITO;TSE (dados abertos)
58696;NOVA IGUAÇU;RJ;2025-2028;EDUARDO REINA GOMES DE OLIVEIRA;DUDU REINA;PP;ELEITO;TSE (dados abertos)
58432;ITAPERUNA;RJ;2025-2028;EMANUEL MEDEIROS DA SILVA;NEL;PL;ELEITO;TSE (dados abertos)
59315;PATY DO ALFERES;RJ;2025-2028;JULIO AVELINO OLIVEIRA DE MOURA JUNIOR;DR JULINHO JUJU;PL;ELEITO;TSE (dados abertos)
58475;MACAÉ;RJ;2025-2028;WELBERTH PORTO DE REZENDE;WELBERTH REZENDE;CIDADANIA;ELEITO;TSE (dados abertos)
58491;MAGÉ;RJ;2025-2028;RENATO COZZOLINO HARB;RENATO COZZOLINO;PP;ELEITO;TSE (dados abertos)
58718;PARACAMBI;RJ;2025-2028;ANDRE LUIZ RAMALHO CECILIANO;ANDREZINHO CECILIANO;PT;ELEITO;TSE (dados abertos)
59013;SÃO JOÃO DE MERITI;RJ;2025-2028;LEONARDO VIEIRA MENDES;LEO VIEIRA;REPUBLICANOS;ELEITO;TSE (dados abertos)
58670;NOVA FRIBURGO;RJ;2025-2028;JOHNNY MAYCON CORDEIRO RIBEIRO;JOHNNY MAYCON;PL;ELEITO;TSE (dados abertos)
58190;CAMPOS DOS GOYTACAZES;RJ;2025-2028;WLADIMIR BARROS ASSED MATHEUS DE OLIVEIRA;WLADIMIR GAROTINHO;PP;ELEITO;TSE (dados abertos)
58572;MIGUEL PEREIRA;RJ;2025-2028;PEDRO PAULO SAD COELHO;PEDRO PAULO QUINZINHO;PP;ELEITO;TSE (dados abertos)
58599;MIRACEMA;RJ;2025-2028;MARIA ALESSANDRA LEITE FREIRE;ALESSANDRA;REPUBLICANOS;ELEITO;TSE (dados abertos)
58050;BARRA DO PIRAÍ;RJ;2025-2028;KÁTIA CRISTINA MIKI DA SILVA;KATIA MIKI;SOLIDARIEDADE;ELEITO;TSE (dados abertos)
58637;NILÓPOLIS;RJ;2025-2028;ABRAÃO DAVID NETO;ABRAÃOZINHO;PL;ELEITO;TSE (dados abertos)
59072;SAPUCAIA;RJ;2025-2028;BRENO JOSE DE SOUZA JUNQUEIRA;BRENINHO;PRD;ELEITO;TSE (dados abertos)
58173;CAMBUCI;RJ;2025-2028;MURILLO SILVA DEFANTI;MURILLO DEFANTI;PP;ELEITO;TSE (dados abertos)
58033;ARARUAMA;RJ;2025-2028;DANIELA CUINSE ABREU SOARES;DANIELA DE LIVIA;MDB;ELEITO;TSE (dados abertos)
58092;BOM JARDIM;RJ;2025-2028;AFFONSO HENRIQUES MONNERAT ALVES DA CRUZ;AFFONSO MONNERAT;PP;ELEITO;TSE (dados abertos)
58327;PORTO REAL;RJ;2025-2028;ALEXANDRE AUGUSTUS SERFIOTIS;ALEXANDRE SERFIOTIS;MDB;ELEITO;TSE (dados abertos)
58297;CORDEIRO;RJ;2025-2028;LEONAN LOPES MELHORANCE;LEONAN;PL;ELEITO;TSE (dados abertos)
59277;ARRAIAL DO CABO;RJ;2025-2028;MARCELO MAGNO FELIX DOS SANTOS;MARCELO MAGNO;PL;ELEITO;TSE (dados abertos)
58777;PETRÓPOLIS;RJ;2025-2028;HINGO HAMMES;HINGO HAMMES;PP;ELEITO;TSE (dados abertos)
58971;SÃO GONÇALO;RJ;2025-2028;NELSON RUAS DOS SANTOS;CAPITÃO NELSON;PL;ELEITO;TSE (dados abertos)
58513;MANGARATIBA;RJ;2025-2028;LUIZ CLAUDIO DE SOUZA RIBEIRO;LUIZ CLAUDIO;REPUBLICANOS;ELEITO;TSE (dados abertos)
58289;SÃO FRANCISCO DE ITABAPOANA;RJ;2025-2028;YARA CINTHIA ROCHA NOGUEIRA;PROFESSORA YARA CINTHIA;SOLIDARIEDADE;ELEITO;TSE (dados abertos)
58424;SEROPÉDICA;RJ;2025-2028;LUCAS DUTRA DOS SANTOS;PROFESSOR LUCAS;PP;ELEITO;TSE (dados abertos)
59110;SILVA JARDIM;RJ;2025-2028;MAIRA BRANCO MONTEIRO;MAIRA FIGUEIREDO;MDB;ELEITO;TSE (dados abertos)
58530;MARICÁ;RJ;2025-2028;WASHINGTON LUIZ CARDOSO SIQUEIRA;QUAQUÁ;PT;ELEITO;TSE (dados abertos)
59137;SUMIDOURO;RJ;2025-2028;GALILEU DE FREITAS;GALILEU;PL;ELEITO;TSE (dados abertos)
60011;RIO DE JANEIRO;RJ;2025-2028;EDUARDO DA COSTA PAES;EDUARDO PAES;PSD;ELEITO;TSE (dados abertos)
58459;LAJE DO MURIAÉ;RJ;2025-2028;EUDÓCIO MOREIRA CARDOZO;NETINHO DO DINÉSIO;SOLIDARIEDADE;ELEITO;TSE (dados abertos)
59234;VASSOURAS;RJ;2025-2028;ROSILANE PIVETI SILVA;ROSI;PP;ELEITO;TSE (dados abertos)
58750;PARATY;RJ;2025-2028;JOSÉ CARLOS PORTO NETO;ZEZÉ PORTO;REPUBLICANOS;ELEITO;TSE (dados abertos)
59293;ITALVA;RJ;2025-2028;LEONARDO ORATO RANGEL;LÉO PELANCA;PL;ELEITO;TSE (dados abertos)
58793;PIRAÍ;RJ;2025-2028;LUIZ FERNANDO DE SOUZA;LUIZ FERNANDO PEZÃO;MDB;ELEITO;TSE (dados abertos)
58211;CANTAGALO;RJ;2025-2028;EMANUELA TEIXEIRA SILVA;MANUELA;SOLIDARIEDADE;ELEITO;TSE (dados abertos)
58025;QUATIS;RJ;2025-2028;ALUÍSIO MAX ALVES D ELIAS;ALUÍSIO D ELIAS;PP;ELEITO;TSE (dados abertos)
59056;SÃO SEBASTIÃO DO ALTO;RJ;2025-2028;CLAUDIANE DOS SANTOS PIETRANI RODRIGUES;CLAUDIANE PIETRANI;SOLIDARIEDADE;ELEITO;TSE (dados abertos)
58378;ITABORAÍ;RJ;2025-2028;MARCELO JANDRE DELAROLI;MARCELO DELAROLI;PL;ELEITO;TSE (dados abertos)
59099;SAQUAREMA;RJ;2025-2028;LUCIMAR PEREIRA VIDAL DA COSTA;LUCIMAR;PL;ELEITO;TSE (dados abertos)
58351;ENGENHEIRO PAULO DE FRONTIN;RJ;2025-2028;JOSÉ EMMANOEL RODRIGUES ARTEMENKO;MANEKO ARTEMENKO;UNIÃO;ELEITO;TSE (dados abertos)
58270;CONCEIÇÃO DE MACABU;RJ;2025-2028;VALMIR TAVARES LESSA;VALMIR LESSA;CIDADANIA;ELEITO;TSE (dados abertos)
58912;SANTA MARIA MADALENA;RJ;2025-2028;NILSON JOSÉ PERDOMO COSTA;NILSON JOSÉ;SOLIDARIEDADE;ELEITO;TSE (dados abertos)
58157;CACHOEIRAS DE MACACU;RJ;2025-2028;RAFAEL MUZZI DE MIRANDA;RAFAEL MIRANDA;PP;ELEITO;TSE (dados abertos)
58254;CASIMIRO DE ABREU;RJ;2025-2028;RAMON DIAS GIDALTE;RAMON;PL;ELEITO;TSE (dados abertos)
58815;PORCIÚNCULA;RJ;2025-2028;GUILHERME FONSECA CARDOSO;GUILHERME FONSECA;PSD;ELEITO;TSE (dados abertos)
58467;MESQUITA;RJ;2025-2028;ALEX MAROTO DE OLIVEIRA;MAROTTO;PL;ELEITO;TSE (dados abertos)
58734;PARAÍBA DO SUL;RJ;2025-2028;JULIO DE SOUZA BERNARDES;JULIO CANELINHA;UNIÃO;ELEITO;TSE (dados abertos)
58149;JAPERI;RJ;2025-2028;FERNANDA MACHADO ONTIVEROS;DRA FERNANDA ONTIVEROS;PT;ELEITO;TSE (dados abertos)
59250;VOLTA REDONDA;RJ;2025-2028;ANTONIO FRANCISCO NETO;NETO;PP;ELEITO;TSE (dados abertos)
58165;COMENDADOR LEVY GASPARIAN;RJ;2025-2028;CLAUDIO MANNARINO;CLAUDIO MANNARINO;UNIÃO;ELEITO;TSE (dados abertos)
58343;SÃO JOSÉ DE UBÁ;RJ;2025-2028;GEAN MARCOS PEREIRA DA SILVA;GEAN;MDB;ELEITO;TSE (dados abertos)
58858;RIO BONITO;RJ;2025-2028;MARCOS ABRAHÃO;MARCOS ABRAHÃO;UNIÃO;ELEITO;TSE (dados abertos)
58114;BOM JESUS DO ITABAPOANA;RJ;2025-2028;PAULO SERGIO TRAVASSOS DO CARMO CYRILLO;SERGINHO CYRILLO;PL;ELEITO;TSE (dados abertos)
58610;NATIVIDADE;RJ;2025-2028;MARCOS ANTONIO DA SILVA TOLEDO;TANINHO;UNIÃO;ELEITO;TSE (dados abertos)
58939;SANTO ANTÔNIO DE PÁDUA;RJ;2025-2028;PAULO ROBERTO PINHEIRO PINTO;PAULINHO DA REFRIGERAÇÃO;MDB;ELEITO;TSE (dados abertos)
58556;MENDES;RJ;2025-2028;JORGE HENRIQUE COSTA DE OLIVEIRA;JORGE HENRIQUE;SOLIDARIEDADE;ELEITO;TSE (dados abertos)
58068;CARDOSO MOREIRA;RJ;2025-2028;GEANE CORDEIRO VINCLER;GEANE VINCLER;UNIÃO;ELEITO;TSE (dados abertos)
58041;BELFORD ROXO;RJ;2025-2028;MARCIO CORREIA DE OLIVEIRA;MÁRCIO CANELLA;UNIÃO;ELEITO;TSE (dados abertos)
58262;IGUABA GRANDE;RJ;2025-2028;FABIO DE OLIVEIRA COSTA;FABINHO;CIDADANIA;ELEITO;TSE (dados abertos)
58300;CARAPEBUS;RJ;2025-2028;BERNARD TAVARES DIDIMO;BERNARD TAVARES;CIDADANIA;ELEITO;TSE (dados abertos)
58220;AREAL;RJ;2025-2028;JOSÉ AUGUSTO BERNARDES LIMA;GUTINHO BERNARDES;PP;ELEITO;TSE (dados abertos)
58386;MACUCO;RJ;2025-2028;MICHELLE BIANCHINI BISCÁCIO;MICHELLE BIANCHINI;SOLIDARIEDADE;ELEITO;TSE (dados abertos)
58238;CARMO;RJ;2025-2028;SAMUEL SOARES DE LIMA;SAMUEL DO ROMÃO;PSD;ELEITO;TSE (dados abertos)
58653;NITERÓI;RJ;2025-2028;RODRIGO NEVES BARRETO;RODRIGO NEVES;PDT;ELEITO;TSE (dados abertos)
58009;QUISSAMÃ;RJ;2025-2028;MARCELO DE SOUZA BATISTA;MARCELO BATISTA;PP;ELEITO;TSE (dados abertos)
58319;DUAS BARRAS;RJ;2025-2028;ARMANDO ROSEMBERTO MATTOS TEIXEIRA;BEBETO;SOLIDARIEDADE;ELEITO;TSE (dados abertos)
58017;ANGRA DOS REIS;RJ;2025-2028;CLÁUDIO DE LIMA SÍRIO;CLÁUDIO FERRETI;MDB;ELEITO;TSE (dados abertos)
58335;DUQUE DE CAXIAS;RJ;2025-2028;JONATHAS REGO MONTEIRO PORTO NETO;NETINHO REIS;MDB;ELEITO;TSE (dados abertos)
58831;RESENDE;RJ;2025-2028;ALEXANDRE SERGIO ALVES VIEIRA;TANDE;PP;ELEITO;TSE (dados abertos)
59331;SÃO JOSÉ DO VALE DO RIO PRETO;RJ;2025-2028;JOSÉ CARLOS PACHECO FURTADO;ZÉ CARLOS DO MARIANO;MDB;ELEITO;TSE (dados abertos)
58440;ITATIAIA;RJ;2025-2028;KAIO MARCIO RESENDE DE PAIVA;KAIO DO DIOGO BALIEIRO;PL;ELEITO;TSE (dados abertos)
58998;SÃO JOÃO DA BARRA;RJ;2025-2028;KARLA CHAGAS MAIA;CARLA CAPUTI;UNIÃO;ELEITO;TSE (dados abertos)
59170;TRAJANO DE MORAES;RJ;2025-2028;RILDO GONÇALVES NEVES;RILDO NEVES;PL;ELEITO;TSE (dados abertos)
58890;RIO DAS FLORES;RJ;2025-2028;RODRIGO SANTANA DE ALMEIDA;RODRIGO CIBALENA;MDB;ELEITO;TSE (dados abertos)
23019;AFOGADOS DA INGAZEIRA;PE;2025-2028;ALESANDRO PALMEIRA DE VASCONCELOS LEITE;SANDRINHO PALMEIRA;PSB;ELEITO;TSE (dados abertos)
23078;ÁGUA PRETA;PE;2025-2028;ANTONIO MANOEL DA SILVA;MIRUCA;PSB;ELEITO;TSE (dados abertos)
24716;LAGOA DO OURO;PE;2025-2028;EDSON LOPES CAVALCANTE;EDSON QUEBRA SANTO;PP;ELEITO;TSE (dados abertos)
24155;FREI MIGUELINHO;PE;2025-2028;JOSÉ LINDONALDO DE FRANÇA;LINDONALDO DA FARINHA;PSB;ELEITO;TSE (dados abertos)
24430;IPOJUCA;PE;2025-2028;CARLOS JOSÉ DE SANTANA;CARLOS SANTANA;REPUBLICANOS;ELEITO;TSE (dados abertos)
23574;CABO DE SANTO AGOSTINHO;PE;2025-2028;LUIZ CABRAL DE OLIVEIRA FILHO;LULA CABRAL;SOLIDARIEDADE;ELEITO;TSE (dados abertos)
24210;GLÓRIA DO GOITÁ;PE;2025-2028;JAIME DE LIMA GOMES SOBRINHO;JAIMINHO;PODE;ELEITO;TSE (dados abertos)
23086;VERTENTE DO LÉRIO;PE;2025-2028;HISTÊNIO JÚNIOR DA SILVA SALES;DR. HISTÊNIO;MDB;ELEITO;TSE (dados abertos)
23213;ARARIPINA;PE;2025-2028;EVILÁSIO MATEUS DA SILVA CARDOSO;EVILÁSIO MATEUS;PDT;ELEITO;TSE (dados abertos)
25976;ITAMBÉ;PE;2025-2028;ARMANDO PIMENTEL DA ROCHA;ARMANDO PIMENTEL;PV;ELEITO;TSE (dados abertos)
23302;JAQUEIRA;PE;2025-2028;RIDETE CELLIBE PELLEGRINO DE MACEDO OLIVEIRA;RIDETE PELLEGRINO;PSD;ELEITO;TSE (dados abertos)
26018;TEREZINHA;PE;2025-2028;ARNOBIO GOMES DA SILVA;ARNOBIO GOMES;REPUBLICANOS;ELEITO;TSE (dados abertos)
23230;ARCOVERDE;PE;2025-2028;JOSÉ CAVALCANTI ALVES JÚNIOR;ZECA CAVALCANTI;PODE;ELEITO;TSE (dados abertos)
25895;SURUBIM;PE;2025-2028;CLÉBER JOSÉ DE AGUIAR DA SILVA;CHAPARRAL;UNIÃO;ELEITO;TSE (dados abertos)
24678;JUREMA;PE;2025-2028;EDVALDO MARCOS RAMOS FERREIRA;BRANCO DE GERALDO;PT;ELEITO;TSE (dados abertos)
25356;RIBEIRÃO;PE;2025-2028;ANA CAROLINA COELHO JORDÃO;CAROL JORDÃO;PSB;ELEITO;TSE (dados abertos)
26255;VICÊNCIA;PE;2025-2028;EDER WALTTER JOSÉ DE OLIVEIRA SILVA;EDER;PSDB;ELEITO;TSE (dados abertos)
24872;MORENO;PE;2025-2028;EDMILSON CUPERTINO DE ALMEIDA;EDMILSON CUPERTINO;PP;ELEITO;TSE (dados abertos)
24198;GARANHUNS;PE;2025-2028;SIVALDO RODRIGUES ALBINO;SIVALDO ALBINO;PSB;ELEITO;TSE (dados abertos)
23272;BARREIROS;PE;2025-2028;CARLOS ARTUR SOARES DE AVELLAR JUNIOR;CARLINHOS DA PEDREIRA;PP;ELEITO;TSE (dados abertos)
25950;TACARATU;PE;2025-2028;WASHINGTON ANGELO DE ARAÚJO;WASHINGTON;MDB;ELEITO;TSE (dados abertos)
24511;ILHA DE ITAMARACÁ;PE;2025-2028;PAULO FERNANDO PIMENTEL GALVÃO;PAULO GALVÃO;PSDB;ELEITO;TSE (dados abertos)
24392;INAJÁ;PE;2025-2028;MARCELO MACHADO FREIRE;MARCELO DE ALBERTO;REPUBLICANOS;ELEITO;TSE (dados abertos)
24651;JUPI;PE;2025-2028;RIVANDA MARIA FREIRE LIMA TEIXEIRA;RIVANDA;PSD;ELEITO;TSE (dados abertos)
23094;ÁGUAS BELAS;PE;2025-2028;JOSÉ ELTON MARTINS DE SOUZA;DR ELTON MARTINS;REPUBLICANOS;ELEITO;TSE (dados abertos)
26298;CAMARAGIBE;PE;2025-2028;DIEGO DA ROCHA CABRAL;DIEGO CABRAL;REPUBLICANOS;ELEITO;TSE (dados abertos)
23337;BELO JARDIM;PE;2025-2028;GILVANDRO ESTRELA DE OLIVEIRA;GILVANDRO ESTRELA;UNIÃO;ELEITO;TSE (dados abertos)
23140;DORMENTES;PE;2025-2028;MARIA DO SOCORRO COELHO DE SOUSA;CORRINHA DE GEOMARCO;PSB;ELEITO;TSE (dados abertos)
25372;RIO FORMOSO;PE;2025-2028;GUTEMBERG ALEXANDRE RODRIGUES DA SILVA;BERG DE HACKER;PSDB;ELEITO;TSE (dados abertos)
24139;FLORESTA;PE;2025-2028;ROSANGELA DE MOURA MANIÇOBA NOVAES FERRAZ;RORRÓ MANIÇOBA;PP;ELEITO;TSE (dados abertos)
23779;CARNAÍBA;PE;2025-2028;WAMBERG ANTONIO GOMES AMARAL;BERG GOMES;PSB;ELEITO;TSE (dados abertos)
24171;GAMELEIRA;PE;2025-2028;LEANDRO RIBEIRO GOMES DE LIMA;DR LEANDRO;PSD;ELEITO;TSE (dados abertos)
23167;CARNAUBEIRA DA PENHA;PE;2025-2028;ELIZIO SOARES FILHO;ELIZINHO;PSDB;ELEITO;TSE (dados abertos)
23671;CALUMBI;PE;2025-2028;ERIVALDO JOSE DA SILVA;JOELSON;AVANTE;ELEITO;TSE (dados abertos)
24058;EXU;PE;2025-2028;JOSÉ PINTO SARAIVA JÚNIOR;JUNIOR PINTO;PSDB;ELEITO;TSE (dados abertos)
25313;RECIFE;PE;2025-2028;JOÃO HENRIQUE DE ANDRADE LIMA CAMPOS;JOÃO CAMPOS;PSB;ELEITO;TSE (dados abertos)
23370;BEZERROS;PE;2025-2028;MARIA LUCIELLE SILVA LAURENTINO;LUCIELLE LAURENTINO;UNIÃO;ELEITO;TSE (dados abertos)
26212;VERDEJANTE;PE;2025-2028;FRANCISCO DE ASSIS TAVARES FILHO;XICÃO TAVARES;PSDB;ELEITO;TSE (dados abertos)
26174;TUPARETAMA;PE;2025-2028;DIÓGENES TORRES DA COSTA PATRIOTA;DIÓGENES PATRIOTA;PSDB;ELEITO;TSE (dados abertos)
23353;BETÂNIA;PE;2025-2028;ERIVALDO SEVERINO BEZERRA;BEBE ÁGUA;PSB;ELEITO;TSE (dados abertos)
25232;POÇÃO;PE;2025-2028;JOAO GUILHERME VASCONCELOS DE SOUSA;GUILHERME VASCONCELOS;MDB;ELEITO;TSE (dados abertos)
24333;IBIRAJUBA;PE;2025-2028;MARIA IZALTA SILVA LOPES GAMA;IZALTA;PSDB;ELEITO;TSE (dados abertos)
23124;JUCATI;PE;2025-2028;CLELSON LUIS APARECIDO DE MELO;CLELSON PEIXOTO;REPUBLICANOS;ELEITO;TSE (dados abertos)
25151;PEDRA;PE;2025-2028;GILBERTO JÚNIOR WANDERLEY VAZ;JÚNIOR VAZ;PV;ELEITO;TSE (dados abertos)
26131;TRIUNFO;PE;2025-2028;LUCIANO FERNANDO DE SOUSA;LUCIANO BONFIM;PSDB;ELEITO;TSE (dados abertos)
23132;ALIANÇA;PE;2025-2028;PEDRO ERMIRIO DE ALMEIDA FREITAS FILHO;PEDRO FREITAS;PP;ELEITO;TSE (dados abertos)
26158;TUPANATINGA;PE;2025-2028;JOSÉ RONALDO DA SILVA;PROFESSOR RONALDO;PP;ELEITO;TSE (dados abertos)
23752;CAPOEIRAS;PE;2025-2028;JOAQUIM COSTA TEIXEIRA;NEGO DO MERCADO;PSB;ELEITO;TSE (dados abertos)
23396;BODOCÓ;PE;2025-2028;OTÁVIO AUGUSTO TAVARES PEDROSA CAVALCANTE;DR. OTÁVIO;MDB;ELEITO;TSE (dados abertos)
25852;MOREILÂNDIA;PE;2025-2028;VICENTE TEIXEIRA SAMPAIO NETO;TETO TEIXEIRA;PSDB;ELEITO;TSE (dados abertos)
25577;SÃO BENEDITO DO SUL;PE;2025-2028;JOSÉ RINALDO DE FIGUEREDO LOPES;ZÉ BAIANO;PP;ELEITO;TSE (dados abertos)
25550;SANTA TEREZINHA;PE;2025-2028;ADEILSON LUSTOSA DA SILVA;DELSON LUSTOSA;PODE;ELEITO;TSE (dados abertos)
25771;SERRA TALHADA;PE;2025-2028;MARCIA CONRADO DE LORENA E SA ARAUJO;MÁRCIA CONRADO;PT;ELEITO;TSE (dados abertos)
24635;JOAQUIM NABUCO;PE;2025-2028;MARCIA ROBERTA BARRETO;MÁRCIA BARRETO;PSDB;ELEITO;TSE (dados abertos)
25330;RIACHO DAS ALMAS;PE;2025-2028;DIOCLECIO ROSENDO DE LIMA FILHO;DIÓ FILHO;PSDB;ELEITO;TSE (dados abertos)
23418;BOM CONSELHO;PE;2025-2028;EDEZIO FERREIRA DOS SANTOS FILHO;DOUTOR EDÉZIO;PV;ELEITO;TSE (dados abertos)
25011;PALMEIRINA;PE;2025-2028;THATIANNE PINTO MACEDO LIMA;DELEGADA THATIANNE;PP;ELEITO;TSE (dados abertos)
25437;SALGUEIRO;PE;2025-2028;FÁBIO LISANDRO DE LIMA BARROS;FABINHO;PRD;ELEITO;TSE (dados abertos)
25496;SANTA CRUZ DO CAPIBARIBE;PE;2025-2028;HELIO LIMA ARAGAO FILHO;HELINHO ARAGÃO;PSD;ELEITO;TSE (dados abertos)
23914;CONDADO;PE;2025-2028;SEVERINO ALBINO DA SILVA FILHO;ALBINO;PP;ELEITO;TSE (dados abertos)
23930;CORRENTES;PE;2025-2028;EDIMILSON DA BAHIA DE LIMA GOMES;EDIMILSON DA BAHIA;PT;ELEITO;TSE (dados abertos)
24074;FEIRA NOVA;PE;2025-2028;JOEL CANDIDO GONZAGA;JOEL GONZAGA;PSD;ELEITO;TSE (dados abertos)
24554;ITAQUITINGA;PE;2025-2028;PATRICK JOSE DE OLIVEIRA MORAES;PATRICK MORAES;PSD;ELEITO;TSE (dados abertos)
24619;JOÃO ALFREDO;PE;2025-2028;JOSÉ ANTONIO MARTINS DA SILVA;ZÉ MARTINS;PSB;ELEITO;TSE (dados abertos)
24791;MACAPARANA;PE;2025-2028;PAULO BARBOSA DA SILVA;PAQUINHA;PP;ELEITO;TSE (dados abertos)
25836;SIRINHAÉM;PE;2025-2028;MANOEL SOARES DE SOUZA FILHO;MANOEL DA RETIFICA;PODE;ELEITO;TSE (dados abertos)
23736;CANHOTINHO;PE;2025-2028;SANDRA REJANE LOPES DE BARROS;SANDRA PAES;REPUBLICANOS;ELEITO;TSE (dados abertos)
25135;PAULISTA;PE;2025-2028;SEVERINO RAMOS DE SANTANA;RAMOS;PSDB;ELEITO;TSE (dados abertos)
23655;CALÇADO;PE;2025-2028;JOSÉ ELIAS MACENA DE LIMA FILHO;ZÉ ELIAS FILHO;PP;ELEITO;TSE (dados abertos)
23990;CUPIRA;PE;2025-2028;EDUARDO DA FONSECA LIRA;EDUARDO LIRA;UNIÃO;ELEITO;TSE (dados abertos)
24112;FLORES;PE;2025-2028;CICERO GILBERTO CAVALCANTI RIBEIRO;GILBERTO RIBEIRO;PSB;ELEITO;TSE (dados abertos)
24899;NAZARÉ DA MATA;PE;2025-2028;ADRIANA ANDRADE LIMA VASCONCELOS COUTINHO;ANINHA DA FERBOM;PSDB;ELEITO;TSE (dados abertos)
23833;CATENDE;PE;2025-2028;GRACINA MARIA RAMOS BRAZ DA SILVA;DONA GRAÇA;PSDB;ELEITO;TSE (dados abertos)
25518;SANTA MARIA DA BOA VISTA;PE;2025-2028;GEORGE RODRIGUES DUARTE;GEORGE DUARTE;PP;ELEITO;TSE (dados abertos)
23434;BOM JARDIM;PE;2025-2028;JOAO FRANCISCO DA SILVA NETO;JANJÃO;UNIÃO;ELEITO;TSE (dados abertos)
24538;ITAPETIM;PE;2025-2028;ALINE KARINA ALVES DA COSTA;ALINE;PSB;ELEITO;TSE (dados abertos)
23191;ANGELIM;PE;2025-2028;CARLOS HENRIQUE FIGUEIREDO LOPES LIMA;CAIQUE O GALEGUINHO;PSB;ELEITO;TSE (dados abertos)
26077;TORITAMA;PE;2025-2028;SERGIO PROCOPIO COLIN DA SILVA CARVALHO;SERGIO COLIN;MDB;ELEITO;TSE (dados abertos)
25810;SERTÂNIA;PE;2025-2028;POLLYANNA BARBOSA DE ABREU;POLLYANNA ABREU;PSDB;ELEITO;TSE (dados abertos)
24775;LIMOEIRO;PE;2025-2028;ORLANDO JORGE PEREIRA DE ANDRADE LIMA;ORLANDO JORGE;PODE;ELEITO;TSE (dados abertos)
23280;TAMANDARÉ;PE;2025-2028;ISAIAS HONORATO DA SILVA MARQUES;CARRAPICHO;REPUBLICANOS;ELEITO;TSE (dados abertos)
23299;BELÉM DE MARIA;PE;2025-2028;ROBERTO PAULO DO NASCIMENTO SILVA;BETO DO SARGENTO;PSDB;ELEITO;TSE (dados abertos)
25216;PETROLINA;PE;2025-2028;SIMÃO AMORIM DURANDO FILHO;SIMÃO DURANDO;UNIÃO;ELEITO;TSE (dados abertos)
25798;SERRITA;PE;2025-2028;SEBASTIÃO BENEDITO DOS SANTOS;ALEUDO BENEDITO;MDB;ELEITO;TSE (dados abertos)
25291;QUIPAPÁ;PE;2025-2028;GENIVALDO TEMOTEO BEZERRA;PITÉ;REPUBLICANOS;ELEITO;TSE (dados abertos)
23493;BREJINHO;PE;2025-2028;GILSOMAR BENTO DA COSTA;GILSON BENTO;REPUBLICANOS;ELEITO;TSE (dados abertos)
26239;VERTENTES;PE;2025-2028;ISRAEL FERREIRA DE ANDRADE;RAEL;PSDB;ELEITO;TSE (dados abertos)
24996;PALMARES;PE;2025-2028;JOSÉ BARTOLOMEU DE ALMEIDA MELO JUNIOR;JUNIOR DE BETO;PP;ELEITO;TSE (dados abertos)
25194;PETROLÂNDIA;PE;2025-2028;FABIANO JAQUES MARQUES;FABIANO MARQUES;REPUBLICANOS;ELEITO;TSE (dados abertos)
23817;CARUARU;PE;2025-2028;RODRIGO ANSELMO PINHEIRO DOS SANTOS;RODRIGO PINHEIRO;PSDB;ELEITO;TSE (dados abertos)
25879;SOLIDÃO;PE;2025-2028;MAYCO PABLO SANTOS ARAUJO;MAYCO DA FARMÁCIA;PSB;ELEITO;TSE (dados abertos)
24457;IPUBI;PE;2025-2028;JOÃO MARCOS SIQUEIRA TORRES;JOÃO MARCOS SIQUEIRA;PSD;ELEITO;TSE (dados abertos)
23310;BELÉM DO SÃO FRANCISCO;PE;2025-2028;CALBY DE CARVALHO CRUZ;CALBY CARVALHO;REPUBLICANOS;ELEITO;TSE (dados abertos)
23035;AFRÂNIO;PE;2025-2028;CLOVES RAMOS DE MACEDO;CLOVES RAMOS;MDB;ELEITO;TSE (dados abertos)
24490;ITAÍBA;PE;2025-2028;PEDRO TEOTÔNIO DA SILVA NETO;PEDRO PILOTA;REPUBLICANOS;ELEITO;TSE (dados abertos)
23558;BUÍQUE;PE;2025-2028;TÚLIO HENRIQUE ARAÚJO CAVALCANTI;TÚLIO MONTEIRO;MDB;ELEITO;TSE (dados abertos)
25259;POMBOS;PE;2025-2028;ELIAS BATISTA DE LIMA;ELIAS MEU FII;MDB;ELEITO;TSE (dados abertos)
23876;CHÃ DE ALEGRIA;PE;2025-2028;MARCOS GOMES DO AMARAL;MARCOS DA ROÇA;REPUBLICANOS;ELEITO;TSE (dados abertos)
24759;LAJEDO;PE;2025-2028;ERIVALDO RODRIGUES AMORIM;ERIVALDO CHAGAS;REPUBLICANOS;ELEITO;TSE (dados abertos)
23248;MANARI;PE;2025-2028;AUDALIO MARTINS DA SILVA JUNIOR;JUNIOR DE AUDALIO;PP;ELEITO;TSE (dados abertos)
25917;TABIRA;PE;2025-2028;FLÁVIO FERREIRA MARQUES;FLÁVIO MARQUES;PT;ELEITO;TSE (dados abertos)
23639;CAETÉS;PE;2025-2028;NIVALDO DA SILVA MARTINS;TIRRI;REPUBLICANOS;ELEITO;TSE (dados abertos)
25631;SÃO JOÃO;PE;2025-2028;JOSE WILSON FERREIRA DE LIMA;WILSON LIMA;PP;ELEITO;TSE (dados abertos)
26271;VITÓRIA DE SANTO ANTÃO;PE;2025-2028;PAULO ROBERTO LEITE DE ARRUDA;PAULO ROBERTO;MDB;ELEITO;TSE (dados abertos)
23060;XEXÉU;PE;2025-2028;THIAGO GONÇALVES DE LIMA;THIAGO DE MIEL;PSD;ELEITO;TSE (dados abertos)
24856;MIRANDIBA;PE;2025-2028;EVALDO BEZERRA DE CARVALHO;DR EVALDO;PSB;ELEITO;TSE (dados abertos)
23221;CASINHAS;PE;2025-2028;JULIANA BARBOSA DA SILVA AGUIAR;JULIANA DE CHAPARRAL;UNIÃO;ELEITO;TSE (dados abertos)
25739;SÃO LOURENÇO DA MATA;PE;2025-2028;VINICIUS LABANCA;VINICIUS LABANCA;PSB;ELEITO;TSE (dados abertos)
26190;VENTUROSA;PE;2025-2028;KELVIN DOUGLAS CAVALCANTI ALMEIDA;KELVIN CAVALCANTI;PSD;ELEITO;TSE (dados abertos)
23710;CAMUTANGA;PE;2025-2028;TALITA CARDOZO FONSECA;TALITA DE DODA;PV;ELEITO;TSE (dados abertos)
25470;SANHARÓ;PE;2025-2028;CÉSAR AUGUSTO DE FREITAS;CÉSAR FREITAS;PC do B;ELEITO;TSE (dados abertos)
24252;GRANITO;PE;2025-2028;GEORGE WASHINGTON PEREIRA ALENCAR;GEORGE DE SIDNEY;PT;ELEITO;TSE (dados abertos)
23515;BREJO DA MADRE DE DEUS;PE;2025-2028;ROBERTO ABRAHAM ABRAHAMIAN ASFORA;ROBERTO ASFORA;PP;ELEITO;TSE (dados abertos)
25038;PANELAS;PE;2025-2028;RUBEN DE LIMA BARBOSA;RUBEN;PSB;ELEITO;TSE (dados abertos)
23329;SANTA FILOMENA;PE;2025-2028;PEDRO GILDEVAN COELHO MELO;GILDEVAN;PSD;ELEITO;TSE (dados abertos)
24376;IGUARACY;PE;2025-2028;PEDRO ALVES DE OLIVEIRA NETO;DR PEDRO ALVES;PSDB;ELEITO;TSE (dados abertos)
26115;TRINDADE;PE;2025-2028;HELBE DA SILVA RODRIGUES NASCIMENTO;HELBINHA DE RODRIGUES;UNIÃO;ELEITO;TSE (dados abertos)
24732;LAGOA DOS GATOS;PE;2025-2028;STÊNIO FERNANDES DE ALBUQUERQUE;STÊNIO;PP;ELEITO;TSE (dados abertos)
24910;OLINDA;PE;2025-2028;MIRELLA FERNANDA BEZERRA DE ALMEIDA;MIRELLA;PSD;ELEITO;TSE (dados abertos)
26310;ABREU E LIMA;PE;2025-2028;FLAVIO VIEIRA GADELHA DE ALBUQUERQUE;FLAVIO GADELHA;PSB;ELEITO;TSE (dados abertos)
25070;PARNAMIRIM;PE;2025-2028;LUCELIO MUCIO MOURA ANGELIM;MÚCIO ANGELIM;PP;ELEITO;TSE (dados abertos)
23477;BREJÃO;PE;2025-2028;SAULO HENRIQUE FLORENTINO DE BARROS;SAULO MARUIM;PP;ELEITO;TSE (dados abertos)
23795;CARPINA;PE;2025-2028;MARIA EDUARDA BAIMA TEIXEIRA GOUVEIA;EDUARDA GOUVEIA;PODE;ELEITO;TSE (dados abertos)
24473;ITACURUBA;PE;2025-2028;OLEGARIO JUNIOR CANTARELLI;JUNINHO CANTARELLI;PSB;ELEITO;TSE (dados abertos)
25399;SAIRÉ;PE;2025-2028;GILDO PONTES DE ARRUDA;GILDO DIAS;PT;ELEITO;TSE (dados abertos)
24830;MARAIAL;PE;2025-2028;MARLOS HENRIQUE CAVALCANTI;MARLOS HENRIQUE;PSDB;ELEITO;TSE (dados abertos)
25097;PASSIRA;PE;2025-2028;SEVERINO SILVESTRE DE ALBUQUERQUE;SILVESTRE;PSD;ELEITO;TSE (dados abertos)
23531;BUENOS AIRES;PE;2025-2028;HENRIQUE JOSE QUEIROZ COSTA;HENRIQUE QUEIROZ;PP;ELEITO;TSE (dados abertos)
23183;LAGOA GRANDE;PE;2025-2028;ANA CATHARINA GARZIERA MORENO;CATHARINA GARZIERA;PSB;ELEITO;TSE (dados abertos)
23051;AGRESTINA;PE;2025-2028;JOSUÉ MENDES DA SILVA;JOSUÉ MENDES;PSB;ELEITO;TSE (dados abertos)
25593;SÃO BENTO DO UNA;PE;2025-2028;PEDRO ALEXANDRE MEDEIROS DE SOUZA;ALEXANDRE BATITÉ;MDB;ELEITO;TSE (dados abertos)
24236;GOIANA;PE;2025-2028;MARCILIO REGIO SILVEIRA DA COSTA;MARCILIO REGIO;PP;ELEITO;TSE (dados abertos)
26093;TRACUNHAÉM;PE;2025-2028;ALUIZIO XAVIER DA SILVA;IRMÃO ALUIZIO;PSD;ELEITO;TSE (dados abertos)
26034;TERRA NOVA;PE;2025-2028;ESDRAS ENILDO PIRES DE CARVALHO COELHO MORORÓ;DINHA MORORÓ;AVANTE;ELEITO;TSE (dados abertos)
24694;LAGOA DE ITAENGA;PE;2025-2028;DIMAS CAETANO DE SOUSA;DIMAS NATANAEL;REPUBLICANOS;ELEITO;TSE (dados abertos)
25658;SÃO JOAQUIM DO MONTE;PE;2025-2028;EDUARDO JOSÉ DE OLIVEIRA LINS;DUGUINHA;PSDB;ELEITO;TSE (dados abertos)
23175;AMARAJI;PE;2025-2028;FLÁUCIO DE ARAÚJO GUIMARÃES;ARAÚJO;AVANTE;ELEITO;TSE (dados abertos)
24279;GRAVATÁ;PE;2025-2028;JOSELITO GOMES DA SILVA;PADRE JOSELITO;AVANTE;ELEITO;TSE (dados abertos)
24317;IBIMIRIM;PE;2025-2028;JOSÉ WELLITON DE MELO SIQUEIRA;WELLITON SIQUEIRA;PSDB;ELEITO;TSE (dados abertos)
23612;CACHOEIRINHA;PE;2025-2028;ANDRÉ PEDRO VALENÇA DE MELO RAIMUNDO;ANDRÉ RAIMUNDO;PSDB;ELEITO;TSE (dados abertos)
24414;INGAZEIRA;PE;2025-2028;LUCIANO TORRES MARTINS;LUCIANO TORRES;PSB;ELEITO;TSE (dados abertos)
26336;ITAPISSUMA;PE;2025-2028;VALDEMIR LOURENÇO DOS SANTOS JÚNIOR;JÚNIOR DE IRMÃ TECA;PSD;ELEITO;TSE (dados abertos)
25054;PARANATAMA;PE;2025-2028;HENRIQUE DE OLIVEIRA GOIS;DR HENRIQUE GOIS;MDB;ELEITO;TSE (dados abertos)
23116;ALAGOINHA;PE;2025-2028;SIMAO CIRINEU DA COSTA NETO;SIMÃOZINHO;PSDB;ELEITO;TSE (dados abertos)
23892;CHÃ GRANDE;PE;2025-2028;SANDRO CORREA DOS SANTOS;SANDRO ADVOGADO;AVANTE;ELEITO;TSE (dados abertos)
23108;SANTA CRUZ;PE;2025-2028;ADEGILDO GUIMARAES SOARES;CACHOEIRA;AVANTE;ELEITO;TSE (dados abertos)
23450;BONITO;PE;2025-2028;RUY BARBOSA;DR. RUY;PSB;ELEITO;TSE (dados abertos)
24090;FERREIROS;PE;2025-2028;JOSE ROBERTO DE OLIVEIRA;ZÉ ROBERTO;PSB;ELEITO;TSE (dados abertos)
25453;SALOÁ;PE;2025-2028;RIVALDO ALVES DE SOUZA JUNIOR;JUNIOR DE RIVALDO;PSDB;ELEITO;TSE (dados abertos)
23590;CABROBÓ;PE;2025-2028;ELIOENAI DIAS SANTOS FILHO;GALEGO DE NANAI;AVANTE;ELEITO;TSE (dados abertos)
24970;OURICURI;PE;2025-2028;FRANCISCO VICTOR RAMOS COELHO;VICTOR COELHO;REPUBLICANOS;ELEITO;TSE (dados abertos)
25615;SÃO CAITANO;PE;2025-2028;JOSAFA ALMEIDA LIMA;JOSAFA;UNIÃO;ELEITO;TSE (dados abertos)
23957;CORTÊS;PE;2025-2028;MARIA DE FATIMA CYSNEIROS SAMPAIO BORBA;FATIMA BORBA;PSDB;ELEITO;TSE (dados abertos)
23027;LAGOA DO CARRO;PE;2025-2028;JOSE LUIZ ALVES DE AMORIM;ZÉ LUIZ;PODE;ELEITO;TSE (dados abertos)
24570;JABOATÃO DOS GUARARAPES;PE;2025-2028;LUIZ JOSÉ INOJOSA DE MEDEIROS;MANO MEDEIROS;PL;ELEITO;TSE (dados abertos)
24597;JATAÚBA;PE;2025-2028;CÁTIA JUNSARA RODRIGUES AQUILINO;DRA CÁTIA;PP;ELEITO;TSE (dados abertos)
25933;TACAIMBÓ;PE;2025-2028;JOELDA LIMA DA SILVA PEREIRA;JOELDA PEREIRA;PSDB;ELEITO;TSE (dados abertos)
24937;OROBÓ;PE;2025-2028;SEVERINO LUIZ PEREIRA DE ABREU;BIU ABREU;PSDB;ELEITO;TSE (dados abertos)
25690;SÃO JOSÉ DO BELMONTE;PE;2025-2028;VINICIUS MARQUES ALVES;VINICIUS MARQUES;PSB;ELEITO;TSE (dados abertos)
24015;CUSTÓDIA;PE;2025-2028;MANOEL MESSIAS DE SOUZA;MANOEL MESSIAS;PSD;ELEITO;TSE (dados abertos)
24953;OROCÓ;PE;2025-2028;ISMAEL FERNANDES BIONE LIRA;ISMAEL LIRA;PSD;ELEITO;TSE (dados abertos)
25119;PAUDALHO;PE;2025-2028;PAULA FRASSINETTE WANDERLEY MARINHO;PAULINHA DA EDUCAÇÃO;PODE;ELEITO;TSE (dados abertos)
25755;SÃO VICENTE FÉRRER;PE;2025-2028;MARCONE VICENTE DOS SANTOS;MARCONE;PP;ELEITO;TSE (dados abertos)
25178;PESQUEIRA;PE;2025-2028;MARCOS LUIDSON DE ARAÚJO;CACIQUE MARCOS;REPUBLICANOS;ELEITO;TSE (dados abertos)
23043;SANTA CRUZ DA BAIXA VERDE;PE;2025-2028;ISMAEL QUINTINO LEITE DE SOUSA;DR. ISMAEL;REPUBLICANOS;ELEITO;TSE (dados abertos)
24813;MACHADOS;PE;2025-2028;JUAREZ RODRIGUES FERNANDES;JUAREZ DA BANANA;PSB;ELEITO;TSE (dados abertos)
23264;JATOBÁ;PE;2025-2028;ROGÉRIO FERREIRA GOMES DA SILVA;ROGÉRIO FERREIRA;REPUBLICANOS;ELEITO;TSE (dados abertos)
25674;SÃO JOSÉ DA COROA GRANDE;PE;2025-2028;JOSÉ BARBOSA DE ANDRADE;BARBOSA;PSD;ELEITO;TSE (dados abertos)
26050;TIMBAÚBA;PE;2025-2028;MARINALDO ROSENDO DE ALBUQUERQUE;MARINALDO ROSENDO;PP;ELEITO;TSE (dados abertos)
25410;SALGADINHO;PE;2025-2028;JEOSADAQUE BARBOSA SALGADO;JOIA;PSDB;ELEITO;TSE (dados abertos)
25275;PRIMAVERA;PE;2025-2028;JEYSON CAVALCANTI DE ALMEIDA FALCÃO;JEYSON FALCÃO;PSB;ELEITO;TSE (dados abertos)
25992;TAQUARITINGA DO NORTE;PE;2025-2028;GENIVALDO FERREIRA LINS;GENA LINS;PP;ELEITO;TSE (dados abertos)
23698;CAMOCIM DE SÃO FÉLIX;PE;2025-2028;SOSTENES RUBANO NEVES PONTES;SOSTENES;PSD;ELEITO;TSE (dados abertos)
23205;ARAÇOIABA;PE;2025-2028;CARLOS JOGLI ALBUQUERQUE TAVARES UCHÔA;JOGLI UCHÔA;PSD;ELEITO;TSE (dados abertos)
24295;IATI;PE;2025-2028;CAMILA APARECIDA TENORIO SOUTO DE SOUZA;CAMILA SOUZA;PSB;ELEITO;TSE (dados abertos)
23256;BARRA DE GUABIRABA;PE;2025-2028;DIOGO CARLOS DE LIMA SILVA;DIOGO;PSDB;ELEITO;TSE (dados abertos)
25712;SÃO JOSÉ DO EGITO;PE;2025-2028;FREDSON HENRIQUE DE OLIVEIRA BRITO;FREDSON BRITO;REPUBLICANOS;ELEITO;TSE (dados abertos)
24031;ESCADA;PE;2025-2028;MARIA JOSÉ FIDELIS MOURA GOUVEIA;MARY GOUVEIA;PL;ELEITO;TSE (dados abertos)
23850;CEDRO;PE;2025-2028;MARIA RIVA BEZERRA RODRIGUES;RIVA BEZERRA;PSD;ELEITO;TSE (dados abertos)
23973;CUMARU;PE;2025-2028;MARIA ZENEIDE MEDEIROS DA COSTA;ZENEIDE MEDEIROS;PSB;ELEITO;TSE (dados abertos)
23159;ALTINHO;PE;2025-2028;MARIVALDO PENA;MARIVALDO PENA;PSB;ELEITO;TSE (dados abertos)
23000;QUIXABA;PE;2025-2028;JOSE PEREIRA NUNES;ZE PRETINHO;AVANTE;ELEITO;TSE (dados abertos)
24350;IGARASSU;PE;2025-2028;ELCIONE DA SILVA RAMOS PEDROZA BARBOSA;PROFESSORA ELCIONE;PSDB;ELEITO;TSE (dados abertos)
25534;SANTA MARIA DO CAMBUCÁ;PE;2025-2028;ALEX ROBEVAN DE LIMA;ROBEVAN;PV;ELEITO;TSE (dados abertos)
19160;LOGRADOURO;PB;2025-2028;JOSÉ MARINALDO DA CRUZ;MARINALDO CRUZ;MDB;ELEITO;TSE (dados abertos)
20893;MOGEIRO;PB;2025-2028;ANTONIO JOSE FERREIRA;ANTONIO FERREIRA;PL;ELEITO;TSE (dados abertos)
21512;QUEIMADAS;PB;2025-2028;DELÚSIA BARROS DA SILVA;DELÚSIA BARROS;REPUBLICANOS;ELEITO;TSE (dados abertos)
19470;BOM SUCESSO;PB;2025-2028;MANOEL TAIRIS DUARTE;TAIRIS DUARTE;UNIÃO;ELEITO;TSE (dados abertos)
20095;DESTERRO;PB;2025-2028;TIAGO SIMÕES DOS SANTOS;TIAGO;REPUBLICANOS;ELEITO;TSE (dados abertos)
21814;SÃO JOÃO DO CARIRI;PB;2025-2028;FRANCISCO JOAQUIM DE LUCENA PEREIRA;CHICO DE EULINA;UNIÃO;ELEITO;TSE (dados abertos)
20850;MASSARANDUBA;PB;2025-2028;JOÃO COSTA DE SOUSA;JOÃO COSTA;UNIÃO;ELEITO;TSE (dados abertos)
19984;MATURÉIA;PB;2025-2028;ELIANDRO MACEDO SANTOS;LEANDRO LAIA;REPUBLICANOS;ELEITO;TSE (dados abertos)
19437;BOA VENTURA;PB;2025-2028;MANOEL VITAL NETO;VITAL;REPUBLICANOS;ELEITO;TSE (dados abertos)
20192;EMAS;PB;2025-2028;ANA ALVES DE ARAÚJO LOUREIRO;ANETE LOUREIRO;PSB;ELEITO;TSE (dados abertos)
19348;ZABELÊ;PB;2025-2028;JORSÂMARA BEZERRA NEVES SILVA;JORSÂMARA DE ZÉ INALDO;PSD;ELEITO;TSE (dados abertos)
21393;PITIMBU;PB;2025-2028;ADELMA CRISTOVAM DOS PASSOS;PROFESSORA ADELMA;PSB;ELEITO;TSE (dados abertos)
21695;SANTA LUZIA;PB;2025-2028;HENRY MALDINEY DE LIRA NÓBREGA;HENRY LIRA;REPUBLICANOS;ELEITO;TSE (dados abertos)
19593;BREJO DOS SANTOS;PB;2025-2028;MARIA LUCIENE DE OLIVEIRA ALMEIDA;LUCIENE;PSB;ELEITO;TSE (dados abertos)
19240;CARAÚBAS;PB;2025-2028;NERIVAN ALVARES DE LIMA;NERIVAN GARI;MDB;ELEITO;TSE (dados abertos)
21270;PIANCÓ;PB;2025-2028;JÚLIO EDUARDO VENÂNCIO PINHEIRO;JULHINHO;PP;ELEITO;TSE (dados abertos)
20435;ITAPOROROCA;PB;2025-2028;JOAO BATISTA SANTOS DA SILVA;BATISTA TORRES;UNIÃO;ELEITO;TSE (dados abertos)
19208;RIACHÃO;PB;2025-2028;DONATO APARECIDO DE AQUINO;DONATO;PSB;ELEITO;TSE (dados abertos)
22411;UMBUZEIRO;PB;2025-2028;FERNANDA ISABEL LEAL MORAES DUARTE;FERNANDA MORAES;PSB;ELEITO;TSE (dados abertos)
19836;CARRAPATEIRA;PB;2025-2028;IARLEY PEREIRA BEZERRA;IARLEY;PSB;ELEITO;TSE (dados abertos)
19356;BARRA DE SÃO MIGUEL;PB;2025-2028;JOÃO PAULO FRANÇA;JOÃO PAULO ;PSD;ELEITO;TSE (dados abertos)
21199;PAULISTA;PB;2025-2028;LUCAS DE SOUSA PEREIRA;LUCAS PEREIRA;PSB;ELEITO;TSE (dados abertos)
20656;LAGOA DE DENTRO;PB;2025-2028;CAMAF DOUGLAS DA SILVA MOREIRA;CAMAF;REPUBLICANOS;ELEITO;TSE (dados abertos)
21474;PRINCESA ISABEL;PB;2025-2028;EDNALDO DE MELO;GARRANCHO;PSB;ELEITO;TSE (dados abertos)
19321;ASSUNÇÃO;PB;2025-2028;WAGNER FELIPE DE OLIVEIRA VILAR;FELIPE;REPUBLICANOS;ELEITO;TSE (dados abertos)
20915;MONTADAS;PB;2025-2028;JOSE ROMERO MARTINS DOS SANTOS;ROMERO MARTINS;PSD;ELEITO;TSE (dados abertos)
21458;PRATA;PB;2025-2028;GENIVALDO FERNANDES DA SILVA;GENIVALDO TEMBÓRIO;REPUBLICANOS;ELEITO;TSE (dados abertos)
20117;VISTA SERRANA;PB;2025-2028;EMMANUEL DA NOBREGA DIAS;EMMANUEL DE QUERUBINA;PSB;ELEITO;TSE (dados abertos)
20001;SANTA CECÍLIA;PB;2025-2028;JOSE MARCILIO FARIAS DA SILVA;MARCILIO;PSB;ELEITO;TSE (dados abertos)
22055;SÃO SEBASTIÃO DO UMBUZEIRO;PB;2025-2028;ADALCY MILÊNE DE FREITAS NEVES;ADALCY FREITAS;UNIÃO;ELEITO;TSE (dados abertos)
19526;POÇO DE JOSÉ DE MOURA;PB;2025-2028;LAIS RAQUEL DANTAS DE OLIVEIRA;LAIS RAQUEL;PSB;ELEITO;TSE (dados abertos)
21032;NOVA FLORESTA;PB;2025-2028;JOSE IRAN DOS SANTOS;IRAN SANTOS;PSB;ELEITO;TSE (dados abertos)
21431;POMBAL;PB;2025-2028;CLAUDENILDO ALENCAR NÓBREGA;GALEGO DA GAVEL;REPUBLICANOS;ELEITO;TSE (dados abertos)
19364;CACIMBAS;PB;2025-2028;NILTON DE ALMEIDA;NILTON DE ALMEIDA;REPUBLICANOS;ELEITO;TSE (dados abertos)
19259;AROEIRAS;PB;2025-2028;DOMINGOS MARQUES BARBOSA FILHO;CÉSAR MARQUES;PP;ELEITO;TSE (dados abertos)
19313;BANANEIRAS;PB;2025-2028;MATHEUS DE MELO BEZERRA CAVALCANTI;MATHEUS BEZERRA;PSB;ELEITO;TSE (dados abertos)
20079;CURRAL VELHO;PB;2025-2028;TÁCIO SAMUEL BARBOSA DINIZ;TÁCIO SAMUEL BARBOSA DINIZ;MDB;ELEITO;TSE (dados abertos)
20990;NATUBA;PB;2025-2028;JOSE LINS DA SILVA FILHO;LINSINHO;PSDB;ELEITO;TSE (dados abertos)
19569;SANTA INÊS;PB;2025-2028;FELIX HENRIQUE LEITE VIEIRA;FELIX VIEIRA;UNIÃO;ELEITO;TSE (dados abertos)
20958;MONTEIRO;PB;2025-2028;ANA PAULA BARBOSA OLIVEIRA MORATO;ANA PAULA;PSB;ELEITO;TSE (dados abertos)
20290;GURINHÉM;PB;2025-2028;TARCISIO SAULO DE PAIVA;TARCISIO;PSB;ELEITO;TSE (dados abertos)
19461;MARIZÓPOLIS;PB;2025-2028;LUCAS GONÇALVES BRAGA;LUQUINHA DO BRASIL;PSB;ELEITO;TSE (dados abertos)
19224;SÃO DOMINGOS DO CARIRI;PB;2025-2028;ONILDO LINDBERG ANANIAS DA SILVA;ONILDO;PSD;ELEITO;TSE (dados abertos)
19046;SÃO JOSÉ DOS RAMOS;PB;2025-2028;MATHEUS AMORIM MARANHAO E SILVA;MATHEUS AMORIM;REPUBLICANOS;ELEITO;TSE (dados abertos)
22039;SÃO SEBASTIÃO DE LAGOA DE ROÇA;PB;2025-2028;PEDRO JUNIOR QUARESMA DE ARAUJO;JÚNIOR DO CARACOL;PSDB;ELEITO;TSE (dados abertos)
22314;TAPEROÁ;PB;2025-2028;GEORGE CIRO MONTEIRO DE FARIAS;GEORGE FARIAS;PSDB;ELEITO;TSE (dados abertos)
21830;SÃO JOÃO DO TIGRE;PB;2025-2028;MÁRCIO ALEXANDRE LEITE;MÁRCIO LEITE;REPUBLICANOS;ELEITO;TSE (dados abertos)
19631;CABACEIRAS;PB;2025-2028;RICARDO JORGE DE FARIAS AIRES;RICARDO AIRES;REPUBLICANOS;ELEITO;TSE (dados abertos)
22373;TRIUNFO;PB;2025-2028;ESPEDITO CEZARIO DE FREITAS FILHO;ESPEDITO FILHO;PSB;ELEITO;TSE (dados abertos)
19305;BARAÚNA;PB;2025-2028;AUSTRYANEE JERONIMO DOS SANTOS;AUSTRYANEE JERONIMO;REPUBLICANOS;ELEITO;TSE (dados abertos)
21539;QUIXABA;PB;2025-2028;ALLAN D LLON CANDEIA DE MACEDO;ALLAN;REPUBLICANOS;ELEITO;TSE (dados abertos)
20699;LASTRO;PB;2025-2028;RONALDO GONCALVES SOARES SOBRINHO;DR RONALDO;REPUBLICANOS;ELEITO;TSE (dados abertos)
19119;ALHANDRA;PB;2025-2028;MARCELO RODRIGUES DA COSTA;MARCELO RODRIGUES;MDB;ELEITO;TSE (dados abertos)
19500;BERNARDINO BATISTA;PB;2025-2028;ANTONIO ALDO ANDRADE DE SOUSA;ALDO ANDRADE;PSB;ELEITO;TSE (dados abertos)
21750;SANTA RITA;PB;2025-2028;JACKSON ALVINO DA COSTA;JACKSON;PP;ELEITO;TSE (dados abertos)
19801;CATURITÉ;PB;2025-2028;ITAMILSON FRANCISCO DA SILVA;TITA DE BIU DOMINGOS;PP;ELEITO;TSE (dados abertos)
19712;CACIMBA DE DENTRO;PB;2025-2028;POLLYANNO HENRIQUE PEREIRA;POLLYANNO;PSB;ELEITO;TSE (dados abertos)
19534;IGARACY;PB;2025-2028;EDNAILTON SABINO DA SILVA;EDNAILTON SABINO;PSB;ELEITO;TSE (dados abertos)
22250;SOUSA;PB;2025-2028;HELDER MOREIRA ABRANTES DE CARVALHO;HELDER CARVALHO;PSB;ELEITO;TSE (dados abertos)
19100;CURRAL DE CIMA;PB;2025-2028;ADJAMIR SOUZA DA SILVA;ADJAMIR;PSB;ELEITO;TSE (dados abertos)
19828;RIACHO DE SANTO ANTÔNIO;PB;2025-2028;MARCELO BARBOSA FERREIRA;MARCELO BARBOSA;REPUBLICANOS;ELEITO;TSE (dados abertos)
19151;ARAÇAGI;PB;2025-2028;JOSILDA MACENA BENÍCIO LEITE;JOSILDA MACENA;PSDB;ELEITO;TSE (dados abertos)
20591;JURIPIRANGA;PB;2025-2028;ANTONIO MAROJA GUEDES FILHO;TOM MAROJA;PSDB;ELEITO;TSE (dados abertos)
22233;SOLEDADE;PB;2025-2028;JOSÉ ALVES DE MIRANDA NETO;MIRANDA NETO;PP;ELEITO;TSE (dados abertos)
19674;CACHOEIRA DOS ÍNDIOS;PB;2025-2028;ALYSON FRANCISCO DE MOURA SOUSA;ALYSON FRANCISCO;PP;ELEITO;TSE (dados abertos)
19445;SÃO JOSÉ DE PRINCESA;PB;2025-2028;JULIANO DINIZ DE MORAIS;JULIANO MATUTO;REPUBLICANOS;ELEITO;TSE (dados abertos)
22390;UIRAÚNA;PB;2025-2028;MARIA SULENE DANTAS SARMENTO;LENINHA ROMÃO;PSB;ELEITO;TSE (dados abertos)
20273;GUARABIRA;PB;2025-2028;MARIA HAILEA ARAUJO TOSCANO;LÉA TOSCANO;UNIÃO;ELEITO;TSE (dados abertos)
19143;MATINHAS;PB;2025-2028;BENEDITO BRAZ DA SILVA;BENEDITO;PSB;ELEITO;TSE (dados abertos)
19895;CONCEIÇÃO;PB;2025-2028;SAMUEL SOARES LAVOR DE LACERDA;SAMUEL LACERDA;SOLIDARIEDADE;ELEITO;TSE (dados abertos)
19216;AREIA;PB;2025-2028;SILVIA CESAR FARIAS DA CUNHA LIMA;DRA. SILVIA;MDB;ELEITO;TSE (dados abertos)
21210;PEDRA BRANCA;PB;2025-2028;ALLISON VICTO BASTOS DE SOUSA;BASTINHO;MDB;ELEITO;TSE (dados abertos)
22179;SERRA REDONDA;PB;2025-2028;FRANCISCO BERNARDO DOS SANTOS;CHICÃO;PL;ELEITO;TSE (dados abertos)
22195;SERRARIA;PB;2025-2028;ENÉIAS PEREIRA DA SILVA;ENÉIAS CABÔCO;PSB;ELEITO;TSE (dados abertos)
19763;ALCANTIL;PB;2025-2028;CICERO JOSE FERNANDES DO CARMO;CÍCERO DO CARMO;PSD;ELEITO;TSE (dados abertos)
19755;CAJAZEIRAS;PB;2025-2028;MARIA DO SOCORRO DELFINO PEREIRA;CORRINHA;PP;ELEITO;TSE (dados abertos)
19607;CASSERENGUE;PB;2025-2028;ANTONIO JUDIVAN DE SOUSA;VAN DE GALEGA;PSB;ELEITO;TSE (dados abertos)
19704;COXIXOLA;PB;2025-2028;NELSON JOSÉ NEVES HONORATO;NELSINHO HONORATO;UNIÃO;ELEITO;TSE (dados abertos)
20494;JERICÓ;PB;2025-2028;KADSON VALBERTO LOPES MONTEIRO;KADSON MONTEIRO;PSB;ELEITO;TSE (dados abertos)
21350;PILÕEZINHOS;PB;2025-2028;MARCELO MATIAS CAMELO;MARCELO MATIAS;MDB;ELEITO;TSE (dados abertos)
19054;ALAGOA GRANDE;PB;2025-2028;JOAO BOSCO CARNEIRO NETO;NETO CARNEIRO;REPUBLICANOS;ELEITO;TSE (dados abertos)
19135;SÃO JOÃO DO RIO DO PEIXE;PB;2025-2028;LUIZ CLAUDINO DE CARVALHO FLORENCIO;LUIZ CLAUDINO;PSB;ELEITO;TSE (dados abertos)
19585;AMPARO;PB;2025-2028;TARCIO GABRIEL ALVES DE BRITO RAFAEL;TARCIO GABRIEL;REPUBLICANOS;ELEITO;TSE (dados abertos)
19739;CAIÇARA;PB;2025-2028;TARCISIO ALBERTO LOPES SOARES;TARCISINHO;PL;ELEITO;TSE (dados abertos)
20770;MALTA;PB;2025-2028;ANA MARIA PEIXOTO DE ARAUJO;ANA PEIXOTO;REPUBLICANOS;ELEITO;TSE (dados abertos)
19909;AREIA DE BARAÚNAS;PB;2025-2028;ANTONIO GERONIMO DUARTE MACEDO;TOINHO MACEDO;PSB;ELEITO;TSE (dados abertos)
19496;BONITO DE SANTA FÉ;PB;2025-2028;ANTONIO LUCENA FILHO;CENINHA LUCENA;REPUBLICANOS;ELEITO;TSE (dados abertos)
20559;JUAZEIRINHO;PB;2025-2028;ANNA VIRGINIA DE BRITO MATIAS;ANNA VIRGÍNIA;REPUBLICANOS;ELEITO;TSE (dados abertos)
21016;NAZAREZINHO;PB;2025-2028;MARCELO BATISTA VALE;MARCELO VALE;REPUBLICANOS;ELEITO;TSE (dados abertos)
22110;SERRA BRANCA;PB;2025-2028;MICHEL ALEXANDRE PEREIRA MARQUES;ALEXANDRE;UNIÃO;ELEITO;TSE (dados abertos)
19127;RIACHÃO DO BACAMARTE;PB;2025-2028;JOSE DE ARIMATEA DA SILVA;ARI;PSB;ELEITO;TSE (dados abertos)
21970;SÃO JOSÉ DOS CORDEIROS;PB;2025-2028;FELÍCIO KELMO ALMEIDA QUEIROZ;FELÍCIO QUEIROZ;PL;ELEITO;TSE (dados abertos)
19062;CAPIM;PB;2025-2028;CARLYANNE SOARES BORBA;CARLYANNE BORBA;REPUBLICANOS;ELEITO;TSE (dados abertos)
20052;CUITEGI;PB;2025-2028;GUILHERME CUNHA MADRUGA JUNIOR;GUILHERME MADRUGA;PSB;ELEITO;TSE (dados abertos)
19615;CAAPORÃ;PB;2025-2028;FRANCISCO NAZARIO DE OLIVEIRA;CHICO NAZARIO;UNIÃO;ELEITO;TSE (dados abertos)
19178;ARARA;PB;2025-2028;AMARILDO CARVALHO PEREIRA FILHO;AMARILDO;PSB;ELEITO;TSE (dados abertos)
19925;ALGODÃO DE JANDAÍRA;PB;2025-2028;HUMBERTO DOS SANTOS;HUMBERTO;PSB;ELEITO;TSE (dados abertos)
19275;DAMIÃO;PB;2025-2028;SIMONE DE AZEVEDO SANTOS CASADO;SIMONE AZEVEDO;PSB;ELEITO;TSE (dados abertos)
19640;POÇO DANTAS;PB;2025-2028;ITAMAR MOREIRA FERNANDES;ITAMAR MOREIRA;REPUBLICANOS;ELEITO;TSE (dados abertos)
19097;ALAGOINHA;PB;2025-2028;ALIRIO CLAUDINO DE PONTES FILHO;ALIRIO FILHO;MDB;ELEITO;TSE (dados abertos)
21059;NOVA OLINDA;PB;2025-2028;CICERO DAVID DE ANDRADE;CICERO DE ARLETE;PDT;ELEITO;TSE (dados abertos)
19844;APARECIDA;PB;2025-2028;JOÃO RABELO DE SÁ NETO;JOÃO NETO;PSB;ELEITO;TSE (dados abertos)
22357;TEIXEIRA;PB;2025-2028;WENCESLAU SOUZA MARQUES;WENCESLAU SOUZA MARQUES;PSB;ELEITO;TSE (dados abertos)
19852;CATINGUEIRA;PB;2025-2028;SUELIO FELIX DE ALENCAR;SUÉLIO;UNIÃO;ELEITO;TSE (dados abertos)
22292;TACIMA;PB;2025-2028;LUIS RODRIGUES SOBRINHO;XATÓ;SOLIDARIEDADE;ELEITO;TSE (dados abertos)
19682;TENÓRIO;PB;2025-2028;MANOEL VASCONCELOS;MANOEL VASCONCELOS;REPUBLICANOS;ELEITO;TSE (dados abertos)
19771;CALDAS BRANDÃO;PB;2025-2028;FÁBIO ROLIM PEIXOTO;FÁBIO ROLIM;MDB;ELEITO;TSE (dados abertos)
19917;CONDADO;PB;2025-2028;CAIO RODRIGO BEZERRA PAIXÃO;CAIO PAIXÃO;REPUBLICANOS;ELEITO;TSE (dados abertos)
20737;LUCENA;PB;2025-2028;LEOMAX DA COSTA BANDEIRA;LÉO;MDB;ELEITO;TSE (dados abertos)
20877;MATARACA;PB;2025-2028;EYMARD DE ARAÚJO PEDROSA;EYMARD;PSB;ELEITO;TSE (dados abertos)
21636;SALGADO DE SÃO FÉLIX;PB;2025-2028;JONI MARCOS SOUZA DE OLIVEIRA;DR JONI;REPUBLICANOS;ELEITO;TSE (dados abertos)
20575;JUNCO DO SERIDÓ;PB;2025-2028;PAULO NEIDE MELO FRAGOSO;DR PAULO;PSB;ELEITO;TSE (dados abertos)
19550;BORBOREMA;PB;2025-2028;JOSÉ AMANCIO DA FONSÊCA RAMALHO;AMANCINHO;REPUBLICANOS;ELEITO;TSE (dados abertos)
22152;SERRA GRANDE;PB;2025-2028;VICENTE ANTONIO DA SILVA NETO;VICENTE;PSB;ELEITO;TSE (dados abertos)
19070;ALAGOA NOVA;PB;2025-2028;FRANCINILDO PIMENTEL DA SILVA;FRANCINILDO PIMENTEL;PSB;ELEITO;TSE (dados abertos)
19232;AREIAL;PB;2025-2028;CARLOS HENRIQUE PEREIRA BALBINO;HENRIQUE;PSDB;ELEITO;TSE (dados abertos)
20354;IMACULADA;PB;2025-2028;ALDO LUSTOSA DA SILVA;DADA;PSD;ELEITO;TSE (dados abertos)
20176;DUAS ESTRADAS;PB;2025-2028;MYLLENA NAYARA LEANDRO NUNES;MYLLENA;PSD;ELEITO;TSE (dados abertos)
20338;IBIARA;PB;2025-2028;LUCINEIDE VIEIRA PEREIRA;LÚ PEREIRA;PSB;ELEITO;TSE (dados abertos)
19941;BOA VISTA;PB;2025-2028;JOSÉ FERNANDO LEITE AIRES;FERNANDO AIRES;REPUBLICANOS;ELEITO;TSE (dados abertos)
19453;BOM JESUS;PB;2025-2028;DENISE BANDEIRA DE MELO BARBOSA PEREIRA;DENISE BAYMA;PP;ELEITO;TSE (dados abertos)
19690;CACIMBA DE AREIA;PB;2025-2028;HEITOR CARNEIRO CAMPOS;HEITOR CAMPOS;REPUBLICANOS;ELEITO;TSE (dados abertos)
21954;SÃO JOSÉ DO SABUGI;PB;2025-2028;EMANUEL DE ARAÚJO DOMICIANO DANTAS;EMANUEL DOMICIANO;UNIÃO;ELEITO;TSE (dados abertos)
19267;SANTO ANDRÉ;PB;2025-2028;EDGLEI AMORIM DO NASCIMENTO;EDGLEI AMORIM;PP;ELEITO;TSE (dados abertos)
22071;SAPÉ;PB;2025-2028;SIDNEI PAIVA DE FREITAS;MAJOR SIDNEI;REPUBLICANOS;ELEITO;TSE (dados abertos)
20710;LIVRAMENTO;PB;2025-2028;ERNANDES BARBOZA NÓBREGA;NANANDA BARBOZA;PSB;ELEITO;TSE (dados abertos)
19429;SÃO DOMINGOS;PB;2025-2028;ADEILZA SOARES FREIRES;ADEILZA SOARES;PSB;ELEITO;TSE (dados abertos)
19933;CONDE;PB;2025-2028;KARLA MARIA MARTINS PIMENTEL;KARLA PIMENTEL;PP;ELEITO;TSE (dados abertos)
22276;SUMÉ;PB;2025-2028;MANOEL LOURENÇO QUEIROZ DUARTE;MANEZINHO LOURENÇO;MDB;ELEITO;TSE (dados abertos)
19380;CAJAZEIRINHAS;PB;2025-2028;LUANA MARA DE ALMEIDA;LUANA PIRES;PSB;ELEITO;TSE (dados abertos)
19410;BELÉM DO BREJO DO CRUZ;PB;2025-2028;LEOMAR JÂNIO DE MEDEIROS MAIA;LEOMAR MAIA;PL;ELEITO;TSE (dados abertos)
20257;FREI MARTINHO;PB;2025-2028;SEBASTIÃO PINTO DANTAS;TIÃO PINTO;REPUBLICANOS;ELEITO;TSE (dados abertos)
20311;GURJÃO;PB;2025-2028;JOSÉ ELIAS BORGES BATISTA;ZÉ ELIAS;PSB;ELEITO;TSE (dados abertos)
21792;SÃO BENTO;PB;2025-2028;GERFESON GARCIA DE SOUSA;GERFESON CARNAÚBA;PSB;ELEITO;TSE (dados abertos)
20630;LAGOA;PB;2025-2028;MARIA RODRIGUES LINHARES DE LIMA;SOCORRO DE BIRÓ;PDT;ELEITO;TSE (dados abertos)
22136;SERRA DA RAIZ;PB;2025-2028;LUIZ GONZAGA BEZERRA DUARTE;LUIZ MACHADO;PSB;ELEITO;TSE (dados abertos)
22217;SOLÂNEA;PB;2025-2028;JUCIAN JAD DO AMARAL COSTA;JUCIAN JAD;UNIÃO;ELEITO;TSE (dados abertos)
19623;GADO BRAVO;PB;2025-2028;MARCELO PAULINO DA SILVA;MARCELO JORGE;PL;ELEITO;TSE (dados abertos)
19291;BAÍA DA TRAIÇÃO;PB;2025-2028;ELIZABETE DE OLIVEIRA;DETA;MDB;ELEITO;TSE (dados abertos)
19810;CAMPINA GRANDE;PB;2025-2028;BRUNO CUNHA LIMA BRANCO;BRUNO CUNHA LIMA;UNIÃO;ELEITO;TSE (dados abertos)
19720;PARARI;PB;2025-2028;GENIVAL AIRES DE QUEIROZ FILHO;GENIVAL QUEIROZ;PL;ELEITO;TSE (dados abertos)
19038;AGUIAR;PB;2025-2028;MANOEL BATISTA GUEDES FILHO;TINTIN;PSB;ELEITO;TSE (dados abertos)
20451;ITATUBA;PB;2025-2028;JOSMAR LACERDA MARTINS;JOSMAR LACERDA;MDB;ELEITO;TSE (dados abertos)
19283;SOSSÊGO;PB;2025-2028;VANUSA DA PAZ MEDEIROS;VANUSA DE CARLINHOS;REPUBLICANOS;ELEITO;TSE (dados abertos)
19658;CABEDELO;PB;2025-2028;EDVALDO MANOEL DE LIMA NETO;EDVALDO NETO;AVANTE;ELEITO;TSE (dados abertos)
21318;PILAR;PB;2025-2028;PATRICIA RODRIGUES SILVA OLIVEIRA DE FARIAS;PATRICIA FARIAS;PSD;ELEITO;TSE (dados abertos)
20150;DONA INÊS;PB;2025-2028;ANTONIO JUSTINO DE ARAUJO NETO;ANTONIO JUSTINO;PSB;ELEITO;TSE (dados abertos)
21113;OLIVEDOS;PB;2025-2028;PEDRO JARSON VERISSIMO DE SOUZA;GERSON;REPUBLICANOS;ELEITO;TSE (dados abertos)
21130;OURO VELHO;PB;2025-2028;GILVANEY JOSÉ VENÂNCIO DA SILVA JÚNIOR;DR. JÚNIOR;UNIÃO;ELEITO;TSE (dados abertos)
21911;SÃO JOSÉ DE PIRANHAS;PB;2025-2028;SANDOVAL VIEIRA LINS;BAL LINS;PSB;ELEITO;TSE (dados abertos)
19011;ÁGUA BRANCA;PB;2025-2028;MARLUCE PEREIRA VERAS DE BRITO;MARLUCE VERAS;REPUBLICANOS;ELEITO;TSE (dados abertos)
21571;RIACHO DOS CAVALOS;PB;2025-2028;ARTHUR VIEIRA CARNEIRO;ARTHUR VIEIRA;PP;ELEITO;TSE (dados abertos)
19879;CATOLÉ DO ROCHA;PB;2025-2028;LAURO ADOLFO MAIA SERAFIM;LAURINHO MAIA;UNIÃO;ELEITO;TSE (dados abertos)
20834;MARI;PB;2025-2028;LUCIA DE FATIMA SANTOS DA SILVA;LUCINHA DA SAÚDE;PSB;ELEITO;TSE (dados abertos)
20478;JACARAÚ;PB;2025-2028;MÁRCIO AURELIO MADRUGA CRUZ;MÁRCIO AURÉLIO;PSD;ELEITO;TSE (dados abertos)
21857;SÃO JOSÉ DA LAGOA TAPADA;PB;2025-2028;EVILASIO FORMIGA LUCENA NETO;NETO DE CORACI;REPUBLICANOS;ELEITO;TSE (dados abertos)
22330;TAVARES;PB;2025-2028;GENILDO JOSÉ DA SILVA;CÔCO DE ODÁLIO;PSB;ELEITO;TSE (dados abertos)
20133;DIAMANTE;PB;2025-2028;HERMES MANGUEIRA DINIZ FILHO;HERMES FILHO;MDB;ELEITO;TSE (dados abertos)
20931;MONTE HOREBE;PB;2025-2028;MILENA KAREN TAVARES NOGUEIRA;MILENA;MDB;ELEITO;TSE (dados abertos)
21555;REMÍGIO;PB;2025-2028;LUIS CLAUDIO RÉGIS MARINHO;CLAUDIO RÉGIS;PP;ELEITO;TSE (dados abertos)
21873;SÃO JOSÉ DE CAIANA;PB;2025-2028;MANOEL PEREIRA DE SOUZA;MANOEL MOLEQUE;PL;ELEITO;TSE (dados abertos)
20753;MÃE D'ÁGUA;PB;2025-2028;JUCELIO PEREIRA MOURA;DR JUCELIO;REPUBLICANOS;ELEITO;TSE (dados abertos)
20397;ITABAIANA;PB;2025-2028;JOSE CLAUDIO CHAVES CAVALCANTE NETO;DR CLAUDIO NETO;REPUBLICANOS;ELEITO;TSE (dados abertos)
21776;SANTA TERESINHA;PB;2025-2028;JOSE DE ARIMATEIA NUNES CAMBOIM;ARIMATEIA CAMBOIM;REPUBLICANOS;ELEITO;TSE (dados abertos)
21075;NOVA PALMEIRA;PB;2025-2028;ANTÔNIO ORLANDO PEREIRA DE ARAÚJO;ORLANDO PEREIRA;MDB;ELEITO;TSE (dados abertos)
19003;RIACHÃO DO POÇO;PB;2025-2028;MARCELO FERREIRA DE LIMA;MARCELO;UNIÃO;ELEITO;TSE (dados abertos)
21296;PICUÍ;PB;2025-2028;JOSÉ RANIERI SANTOS FERREIRA;RANIERI;PT;ELEITO;TSE (dados abertos)
22098;SÃO VICENTE DO SERIDÓ;PB;2025-2028;ERIVAM DOS ANJOS LEONARDO;ERIVAM DE BIU;PSB;ELEITO;TSE (dados abertos)
19089;CUITÉ DE MAMANGUAPE;PB;2025-2028;HÉLIO SEVERINO DE SOUZA;HELHINHO SOUZA;MDB;ELEITO;TSE (dados abertos)
19992;CRUZ DO ESPÍRITO SANTO;PB;2025-2028;ALINY CIBELY CUNHA DA SILVA FARIAS;ALINY POVÃO;UNIÃO;ELEITO;TSE (dados abertos)
20036;CUITÉ;PB;2025-2028;CAIO TIBÉRIO BARBALHO INÁCIO DA SILVA;CAIO CAMARAENSE;PP;ELEITO;TSE (dados abertos)
21415;POCINHOS;PB;2025-2028;ELIANE MOURA DOS SANTOS GALDINO;ELIANE GALDINO;REPUBLICANOS;ELEITO;TSE (dados abertos)
20532;JUAREZ TÁVORA;PB;2025-2028;WILSON EVANGELISTA FEITOSA;WILSON;PSB;ELEITO;TSE (dados abertos)
19020;SOBRADO;PB;2025-2028;OLINALDO MARTINS DA SILVA;LEO MARTINS;MDB;ELEITO;TSE (dados abertos)
20370;INGÁ;PB;2025-2028;JANDERSON DE OLIVEIRA CHAVES;JAN DE MANOEL DA LENHA;PL;ELEITO;TSE (dados abertos)
19798;CAMALAÚ;PB;2025-2028;UBIRAJARA ANTONIO PEREIRA MARIANO;BIRA MARIANO;PSB;ELEITO;TSE (dados abertos)
21091;OLHO D'ÁGUA;PB;2025-2028;JOANA SABINO DE ALMEIDA CARVALHO;JOANA SABINO;PSB;ELEITO;TSE (dados abertos)
21938;SÃO JOSÉ DO BONFIM;PB;2025-2028;ROSALBA GOMES DA NOBREGA MOTA;ROSALBA MOTA;REPUBLICANOS;ELEITO;TSE (dados abertos)
19968;MARCAÇÃO;PB;2025-2028;ELLYS SÔNIA OLIVEIRA GOMES DA SILVA;NINHA;PSD;ELEITO;TSE (dados abertos)
19577;BREJO DO CRUZ;PB;2025-2028;TALES TORRICELLI DE SOUSA COSTA E SILVA;DR TALES;PSDB;ELEITO;TSE (dados abertos)
21253;PEDRAS DE FOGO;PB;2025-2028;JOSÉ CARLOS FERREIRA BARROS;BÁ BARROS;MDB;ELEITO;TSE (dados abertos)
20214;ESPERANÇA;PB;2025-2028;THIAGO DE ASSIS MORAES;THIAGO MORAES;PP;ELEITO;TSE (dados abertos)
21156;PASSAGEM;PB;2025-2028;ROZÂNGELA FERREIRA SILVA;TENENA;REDE;ELEITO;TSE (dados abertos)
19747;PEDRO RÉGIS;PB;2025-2028;MICHELE RIBEIRO DE OLIVEIRA;MICHELE RIBEIRO;PSB;ELEITO;TSE (dados abertos)
19402;SÃO BENTINHO;PB;2025-2028;GIOVANA LEITE CAVALCANTI OLÍMPIO;GIOVANA OLÍMPIO;REPUBLICANOS;ELEITO;TSE (dados abertos)
19860;SÃO FRANCISCO;PB;2025-2028;GERONCIO SUCUPIRA JUNIOR;GERONCIO JUNIOR;REPUBLICANOS;ELEITO;TSE (dados abertos)
21717;SANTANA DE MANGUEIRA;PB;2025-2028;MARINA DONÁRIA ALVARENGA DE LACERDA;MARINA LACERDA;MDB;ELEITO;TSE (dados abertos)
19666;JOCA CLAUDINO;PB;2025-2028;RINALDO CIPRIANO DE SOUSA;RINALDO CIPRIANO;MDB;ELEITO;TSE (dados abertos)
21890;SÃO JOSÉ DE ESPINHARAS;PB;2025-2028;THAISE GOMES DE SOUSA;THAISE DE EDJANE;PP;ELEITO;TSE (dados abertos)
19542;SÃO JOSÉ DO BREJO DO CRUZ;PB;2025-2028;KLEDYANNE CRISTINA DA SILVA GOMES;KLEDYANNE;PL;ELEITO;TSE (dados abertos)
19976;COREMAS;PB;2025-2028;EDILSON PEREIRA DE OLIVEIRA;EDILSON PEREIRA;PSB;ELEITO;TSE (dados abertos)
19186;SERTÃOZINHO;PB;2025-2028;RONALDO NOGUEIRA VIEIRA;RONY VIEIRA;PSB;ELEITO;TSE (dados abertos)
20230;FAGUNDES;PB;2025-2028;WILMAR LEMOS MARANHÃO JÚNIOR;JÚNIOR MARANHÃO;PSB;ELEITO;TSE (dados abertos)
19950;CONGO;PB;2025-2028;FLAVIA EMANOELA SOUSA PEREIRA QUIRINO;FLAVINHA;MDB;ELEITO;TSE (dados abertos)
20613;JURU;PB;2025-2028;SOLANGE MARIA FELIX BARBOSA;SOLANGE FÉLIX;PSB;ELEITO;TSE (dados abertos)
21997;SÃO MAMEDE;PB;2025-2028;FRANCISCO DAS CHAGAS LOPES DE SOUZA FILHO;CHAGUINHA;UNIÃO;ELEITO;TSE (dados abertos)
22438;VÁRZEA;PB;2025-2028;PAULO NOBREGA DE MEDEIROS;PROFESSOR PAULO NOBREGA;REPUBLICANOS;ELEITO;TSE (dados abertos)
20974;MULUNGU;PB;2025-2028;DANIELA RODRIGUES RIBEIRO;DANIELA RIBEIRO;REPUBLICANOS;ELEITO;TSE (dados abertos)
21598;RIO TINTO;PB;2025-2028;MAGNA CELI FERNANDES GERBASI;MAGNA GERBASI;PP;ELEITO;TSE (dados abertos)
20796;MAMANGUAPE;PB;2025-2028;JOAQUIM FERNANDES DE OLIVEIRA NETO;JOAQUIM;PSB;ELEITO;TSE (dados abertos)
21652;SANTA CRUZ;PB;2025-2028;ALBERTO DUARTE DE SOUSA;ALBERTO DE BRAZ;PL;ELEITO;TSE (dados abertos)
19372;BAYEUX;PB;2025-2028;TARCYANNA MACEDO MOTA LEITÃO;TACYANA LEITÃO;PSB;ELEITO;TSE (dados abertos)
20010;CUBATI;PB;2025-2028;JOSE RIBEIRO DE OLIVEIRA;RIBEIRO;PSB;ELEITO;TSE (dados abertos)
21733;SANTANA DOS GARROTES;PB;2025-2028;PALOMA KENNED LEITE DA SILVA;PALOMA;REPUBLICANOS;ELEITO;TSE (dados abertos)
19887;VIEIRÓPOLIS;PB;2025-2028;THIALLY ARISTOTELIS DE OLIVEIRA;THIALLY;PSB;ELEITO;TSE (dados abertos)
21172;PATOS;PB;2025-2028;NABOR WANDERLEY DA NOBREGA FILHO;NABOR;REPUBLICANOS;ELEITO;TSE (dados abertos)
22012;SÃO MIGUEL DE TAIPU;PB;2025-2028;LAELSON ALBUQUERQUE;LAELSON ALBUQUERQUE;PP;ELEITO;TSE (dados abertos)
21679;SANTA HELENA;PB;2025-2028;JOÃO CLEBER FERREIRA LIMA;JOÃO CLEBER;PSB;ELEITO;TSE (dados abertos)
21490;PUXINANÃ;PB;2025-2028;ELEUZA MARIA DE OLIVEIRA;ELEUZA;REPUBLICANOS;ELEITO;TSE (dados abertos)
19780;BARRA DE SANTANA;PB;2025-2028;CLEOCELIO NAZARENO BARRETO;JUREMA;UNIÃO;ELEITO;TSE (dados abertos)
20516;JOÃO PESSOA;PB;2025-2028;CICERO DE LUCENA FILHO;CICERO LUCENA;PP;ELEITO;TSE (dados abertos)
19330;BARRA DE SANTA ROSA;PB;2025-2028;ALEX SANDRO AZEVEDO VIEIRA;ALEX  CONDA;UNIÃO;ELEITO;TSE (dados abertos)
21237;PEDRA LAVRADA;PB;2025-2028;JOSE ANTONIO VASCONCELOS DA COSTA;TOTA GUEDES;UNIÃO;ELEITO;TSE (dados abertos)
20672;LAGOA SECA;PB;2025-2028;MICHELLE RIBEIRO DO NASCIMENTO;MICHELLE;PSDB;ELEITO;TSE (dados abertos)
20818;MANAÍRA;PB;2025-2028;MANOEL VIRGULINO SIMÃO;DR MESSIAS;PSDB;ELEITO;TSE (dados abertos)
19518;BOQUEIRÃO;PB;2025-2028;JOÃO MARCOS DE FREITAS;MARCOS FREITAS;PSD;ELEITO;TSE (dados abertos)
20419;ITAPORANGA;PB;2025-2028;AZIF DAVI LEMOS;DR AZIF;PSB;ELEITO;TSE (dados abertos)
19194;ARARUNA;PB;2025-2028;AVAILDO LUIS DE ALCÂNTARA AZEVEDO;AVAILDO AZEVEDO;PP;ELEITO;TSE (dados abertos)
19488;MATO GROSSO;PB;2025-2028;GIDALVA FRANCISCA DE LIMA;GIDALVA;PSB;ELEITO;TSE (dados abertos)
21334;PILÕES;PB;2025-2028;SORAYA FERREIRA SALES DA CUNHA;SORAYA;PP;ELEITO;TSE (dados abertos)
21377;PIRPIRITUBA;PB;2025-2028;DANILO CALIXTO DE FREITAS ROCHA;DANILO;UNIÃO;ELEITO;TSE (dados abertos)
21610;SALGADINHO;PB;2025-2028;ERIVAN JÚLIO DA SILVA;ERIVAN JÚLIO;PSB;ELEITO;TSE (dados abertos)
19399;BELÉM;PB;2025-2028;ALINE BARBOSA DE LIMA;DONA ALINE;MDB;ELEITO;TSE (dados abertos)
18511;SÃO PEDRO;RN;2025-2028;LINDBERGH FERNANDES DE ARAUJO;SERRINHA;PODE;ELEITO;TSE (dados abertos)
18694;SEVERIANO MELO;RN;2025-2028;JACINTO LOPES DE CARVALHO;JACINTO CARVALHO;UNIÃO;ELEITO;TSE (dados abertos)
17370;LUCRÉCIA;RN;2025-2028;ANTONIO WALTER DE ARAUJO;WALTINHO;PP;ELEITO;TSE (dados abertos)
17973;PENDÊNCIAS;RN;2025-2028;LAYS HELENA CABRAL DE QUEIROZ;DRA LAYS;MDB;ELEITO;TSE (dados abertos)
17051;JAPI;RN;2025-2028;SIMONE FERNANDES DA SILVA;SIMONE SILVA;MDB;ELEITO;TSE (dados abertos)
17213;MESSIAS TARGINO;RN;2025-2028;ARTHUR DE OLIVEIRA TARGINO;ARTHUR TARGINO;PP;ELEITO;TSE (dados abertos)
16934;IPUEIRA;RN;2025-2028;ADEMIR JOSÉ DE MEDEIROS;ADEMIR MEDEIROS;MDB;ELEITO;TSE (dados abertos)
17175;JOSÉ DA PENHA;RN;2025-2028;JAIRO DE SOUZA MAFALDO;JAIRO MAFALDO;PT;ELEITO;TSE (dados abertos)
17256;LAGOA DE PEDRAS;RN;2025-2028;JANAINA MARIA DE OLIVEIRA SANTOS;JANAINA DE SALIN;UNIÃO;ELEITO;TSE (dados abertos)
17477;MARTINS;RN;2025-2028;PAULO CÉSAR GALDINO;CÉSAR MÓVEIS;PSB;ELEITO;TSE (dados abertos)
16713;EXTREMOZ;RN;2025-2028;JUSSARA SALES DE SOUZA;JUSSARA SALES ;PL;ELEITO;TSE (dados abertos)
16136;ALTO DO RODRIGUES;RN;2025-2028;RAQUEL LEMOS BESSA DE OLIVEIRA;DRA. RAQUEL;PP;ELEITO;TSE (dados abertos)
16756;FLORÂNIA;RN;2025-2028;SAINT CLAY ALCÂNTARA SILVA DE MEDEIROS;GALO DE FLORÃNIA;PSDB;ELEITO;TSE (dados abertos)
17078;JARDIM DE ANGICOS;RN;2025-2028;CARLOS ANDRE CAMARA BEZERRA;CARLINHOS;UNIÃO;ELEITO;TSE (dados abertos)
18899;UPANEMA;RN;2025-2028;RENAN MENDONCA FERNANDES;RENAN;PP;ELEITO;TSE (dados abertos)
16470;CARNAÚBA DOS DANTAS;RN;2025-2028;KLEYTON MEDEIROS DANTAS;KLEYTON DANTAS;MDB;ELEITO;TSE (dados abertos)
17930;PEDRO AVELINO;RN;2025-2028;MARINA TEODORO DA TRINDADE;MARINA;MDB;ELEITO;TSE (dados abertos)
18597;SENADOR ELÓI DE SOUZA;RN;2025-2028;KERGINALDO MEDEIROS DE ARAÚJO JUNIOR;JUNINHO DE KERGINALDO;MDB;ELEITO;TSE (dados abertos)
17558;MONTE ALEGRE;RN;2025-2028;ANDRÉ RODRIGUES DA SILVA;ANDRÉ RODRIGUES;MDB;ELEITO;TSE (dados abertos)
16330;BOM JESUS;RN;2025-2028;JOSE NILSON PEREIRA DA SILVA;NILSON PEÇAS;PL;ELEITO;TSE (dados abertos)
17159;JOÃO DIAS;RN;2025-2028;MARIA DE FÁTIMA MESQUITA DA SILVA;FATINHA DE MARCELO;UNIÃO;ELEITO;TSE (dados abertos)
18635;SERRA DE SÃO BENTO;RN;2025-2028;HELENA MARIA OLIVEIRA DE MORAIS;LENA MORAIS;MDB;ELEITO;TSE (dados abertos)
16055;AFONSO BEZERRA;RN;2025-2028;HAROLDO JOSÉ BEZERRA DA PAZ;HAROLDO DE JANGO;UNIÃO;ELEITO;TSE (dados abertos)
17230;LAGOA D'ANTA;RN;2025-2028;JOÃO PAULO GUEDES LOPES;JOÃO PAULO LOPES;MDB;ELEITO;TSE (dados abertos)
16225;TIBAU;RN;2025-2028;LIDIANE MARQUES DA COSTA;LIDIANE MARQUES;UNIÃO;ELEITO;TSE (dados abertos)
17035;BOA SAÚDE;RN;2025-2028;JOAO MARIA MESQUITA;JOAO MARIA MESQUITA;MDB;ELEITO;TSE (dados abertos)
16195;APODI;RN;2025-2028;LUIS SABINO DA COSTA NETO;SABINO;MDB;ELEITO;TSE (dados abertos)
18430;SÃO JOSÉ DO CAMPESTRE;RN;2025-2028;ERIBALDO LIMA;ERIBALDO PINGUIM;MDB;ELEITO;TSE (dados abertos)
17272;LAGOA DE VELHOS;RN;2025-2028;JOSÉ NILDO GALDINO;NILDO GALDINO;PSD;ELEITO;TSE (dados abertos)
17590;MOSSORÓ;RN;2025-2028;ALLYSON LEANDRO BEZERRA SILVA;ALLYSON;UNIÃO;ELEITO;TSE (dados abertos)
18279;SANTANA DO MATOS;RN;2025-2028;CLAYLTON ANGELO PINHEIRO DA SILVEIRA;CLAYLTON DE OTON;UNIÃO;ELEITO;TSE (dados abertos)
18813;TIBAU DO SUL;RN;2025-2028;VALDENICIO JOSÉ DA COSTA;VALDENÍCIO COSTA;PL;ELEITO;TSE (dados abertos)
18872;UMARIZAL;RN;2025-2028;RAIMUNDO NONATO DIAS PINHEIRO;RAIMUNDO PEZÃO;PP;ELEITO;TSE (dados abertos)
18252;SANTANA DO SERIDÓ;RN;2025-2028;TATIANA FATIMA FERREIRA DE ARAUJO;TATIANA;PODE;ELEITO;TSE (dados abertos)
16187;VENHA-VER;RN;2025-2028;CLEITOM JACOME DA COSTA;DR. CLEITOM;PL;ELEITO;TSE (dados abertos)
16101;BODÓ;RN;2025-2028;HORISON JOSE DA SILVA;HORISON JOSE;PL;ELEITO;TSE (dados abertos)
17698;OURO BRANCO;RN;2025-2028;SAMUEL OLIVEIRA DE SOUTO;SAMUEL SOUTO;PL;ELEITO;TSE (dados abertos)
18856;TOUROS;RN;2025-2028;PEDRO FERREIRA DE FARIAS FILHO;PEDRO FILHO;PSD;ELEITO;TSE (dados abertos)
17736;PARAÚ;RN;2025-2028;JOAO EVARISTO PEIXOTO;JÚNIOR EVARISTO;PP;ELEITO;TSE (dados abertos)
16241;SANTA MARIA;RN;2025-2028;RANIERY SOARES CAMARA;DR RANIERY;PT;ELEITO;TSE (dados abertos)
18210;SÃO FRANCISCO DO OESTE;RN;2025-2028;GISELY PORFIRIO CAVALCANTE;GISELY PORFIRIO;UNIÃO;ELEITO;TSE (dados abertos)
18554;SÃO TOMÉ;RN;2025-2028;JOSINALDO AMARO DE LIMA;GÁ;PL;ELEITO;TSE (dados abertos)
16535;CERRO CORÁ;RN;2025-2028;MACIEL DOS SANTOS FREIRE;MACIEL DE DOCA;MDB;ELEITO;TSE (dados abertos)
16870;GUAMARÉ;RN;2025-2028;HÉLIO WILLAMY MIRANDA DA FONSECA;HÉLIO DE MUNDINHO;PSDB;ELEITO;TSE (dados abertos)
18619;SENADOR GEORGINO AVELINO;RN;2025-2028;ANTONIO MARCOS FREIRE;ANTONIO FREIRE;MDB;ELEITO;TSE (dados abertos)
18791;TENENTE ANANIAS;RN;2025-2028;DAYANE DA SILVA BATISTA;DAYANE;PL;ELEITO;TSE (dados abertos)
16691;ESPÍRITO SANTO;RN;2025-2028;JOSE FAGNER FREIRE;FÁ DE RIVALDINHO;PSDB;ELEITO;TSE (dados abertos)
16179;ANTÔNIO MARTINS;RN;2025-2028;JESSICA IRIS FERREIRA DE OLIVEIRA;JESSICA IRIS;PSD;ELEITO;TSE (dados abertos)
16039;ASSÚ;RN;2025-2028;LUIS EDUARDO PIMENTEL SOARES;DR LULA;REPUBLICANOS;ELEITO;TSE (dados abertos)
17353;LAJES PINTADAS;RN;2025-2028;LUCIANO DA CUNHA GOMES;LUCIANO CUNHA;PL;ELEITO;TSE (dados abertos)
17574;MONTE DAS GAMELEIRAS;RN;2025-2028;JEFERSON RODRIGUES FELIX;JEFERSON;PP;ELEITO;TSE (dados abertos)
16284;PORTO DO MANGUE;RN;2025-2028;FRANCISCO ANTONIO FAUSTINO;DINO;REPUBLICANOS;ELEITO;TSE (dados abertos)
16306;JUNDIÁ;RN;2025-2028;CARLOS ANTONIO DE SOUZA;GALEGO DOS TOUROS;MDB;ELEITO;TSE (dados abertos)
18198;RUY BARBOSA;RN;2025-2028;RANIERE MOURA BARBOSA;RANIERE MOURA;PL;ELEITO;TSE (dados abertos)
16918;IPANGUAÇU;RN;2025-2028;JEFFERSON CHARLES DE ARAÚJO SANTOS;JEFFERSON;PL;ELEITO;TSE (dados abertos)
16080;ITAJÁ;RN;2025-2028;JOAO EUDES FERREIRA FILHO;JOÃOZINHO;PP;ELEITO;TSE (dados abertos)
16993;JANDAÍRA;RN;2025-2028;REGINALDO VITORINO DA SILVA;REGINALDO VITORINO;PT;ELEITO;TSE (dados abertos)
16837;GOVERNADOR DIX-SEPT ROSADO;RN;2025-2028;ARTUR RODRIGUES DO VALE COSTA;ARTUR VALE;UNIÃO;ELEITO;TSE (dados abertos)
18015;POÇO BRANCO;RN;2025-2028;EDI CARLOS ALEXANDRE DE SOUZA OLIVEIRA;EDINHO;PSD;ELEITO;TSE (dados abertos)
16217;AREIA BRANCA;RN;2025-2028;MANOEL CUNHA NETO;SOUZA;UNIÃO;ELEITO;TSE (dados abertos)
18457;SÃO JOSÉ DO SERIDÓ;RN;2025-2028;JACKSON DANTAS;JACKSON DANTAS;MDB;ELEITO;TSE (dados abertos)
16268;RIO DO FOGO;RN;2025-2028;MARCIO LUIZ PEREIRA BARBOSA;MÁRCIO DE CICI;PSD;ELEITO;TSE (dados abertos)
16004;TENENTE LAURENTINO CRUZ;RN;2025-2028;FRANCISCO MACEDO DA SILVA;INACIO MACEDO;PP;ELEITO;TSE (dados abertos)
16438;CANGUARETAMA;RN;2025-2028;LEANDRO VARELA DOS SANTOS;LEANDRO VARELA;MDB;ELEITO;TSE (dados abertos)
16799;GALINHOS;RN;2025-2028;HUDSON MATIAS CAVALCANTE;HUDSON MATIAS;PSDB;ELEITO;TSE (dados abertos)
18490;SÃO PAULO DO POTENGI;RN;2025-2028;EUGENIO PACELLI ARAUJO SOUTO;PACELLI;MDB;ELEITO;TSE (dados abertos)
17450;MARCELINO VIEIRA;RN;2025-2028;HINDEMBERG PONTES DE LIMA;DIBED;PODE;ELEITO;TSE (dados abertos)
17752;PARAZINHO;RN;2025-2028;RITA DE LUZIER DE SOUZA MARTINS;RITA;UNIÃO;ELEITO;TSE (dados abertos)
18295;SANTO ANTÔNIO;RN;2025-2028;RAULISON DE SENA RIBEIRO;RAULISON RIBEIRO;MDB;ELEITO;TSE (dados abertos)
16578;CORONEL JOÃO PESSOA;RN;2025-2028;MARIA DE FÁTIMA ALVES DA COSTA;FÁTIMA;UNIÃO;ELEITO;TSE (dados abertos)
18651;SERRA NEGRA DO NORTE;RN;2025-2028;ACÁCIO SÂNZIO DE BRITO;ACÁCIO;PSD;ELEITO;TSE (dados abertos)
16551;CORONEL EZEQUIEL;RN;2025-2028;THALES WATSON FARIAS DE AZEVEDO;THALES FARIAS;PL;ELEITO;TSE (dados abertos)
16020;SERRA DO MEL;RN;2025-2028;HUDSON KÊNIO DE MOURA AZEVEDO;KÊNIO AZEVEDO;PP;ELEITO;TSE (dados abertos)
16128;TRIUNFO POTIGUAR;RN;2025-2028;JOANA DARC ESTEVAM DA FONSECA SILVA;DARKINHA;PP;ELEITO;TSE (dados abertos)
16373;CAIÇARA DO RIO DO VENTO;RN;2025-2028;CONCEICAO DE MARIA GOMES LISBOA ROCHA;CEICA LISBOA;UNIÃO;ELEITO;TSE (dados abertos)
18970;VIÇOSA;RN;2025-2028;VICTOR RAMON ALVES;RAMON;UNIÃO;ELEITO;TSE (dados abertos)
17876;PAU DOS FERROS;RN;2025-2028;MARIANNA ALMEIDA NASCIMENTO;MARIANNA ALMEIDA;PSD;ELEITO;TSE (dados abertos)
18392;SÃO JOÃO DO SABUGI;RN;2025-2028;ANIBAL PEREIRA DE ARAÚJO;ANÍBAL PEREIRA;MDB;ELEITO;TSE (dados abertos)
17116;JARDIM DO SERIDÓ;RN;2025-2028;SILVANA AZEVEDO DA COSTA;SILVANA DE LALÁ;REPUBLICANOS;ELEITO;TSE (dados abertos)
16950;ITAÚ;RN;2025-2028;JOSE ROBERTO DIAS PINHEIRO;ZÉ ROBERTO PEZÃO;UNIÃO;ELEITO;TSE (dados abertos)
16012;ACARI;RN;2025-2028;FERNANDO ANTONIO BEZERRA;FERNANDO;PODE;ELEITO;TSE (dados abertos)
16357;BREJINHO;RN;2025-2028;JEFERSON RODOLFO GOMES COSTA;JEFERSON GOMES;MDB;ELEITO;TSE (dados abertos)
16730;FELIPE GUERRA;RN;2025-2028;SALOMAO GOMES DE OLIVEIRA;SALOMAO GOMES;PP;ELEITO;TSE (dados abertos)
17957;PEDRO VELHO;RN;2025-2028;PEDRO GOMES DA SILVA JÚNIOR;JÚNIOR BALADA;UNIÃO;ELEITO;TSE (dados abertos)
18538;SÃO RAFAEL;RN;2025-2028;FRANCISCO CANINDÉ PINHEIRO DOS SANTOS;CANINDÉ DA FARMÁCIA;UNIÃO;ELEITO;TSE (dados abertos)
16110;ALMINO AFONSO;RN;2025-2028;JÉSSICA LOURINE DE ASSIS AMORIM;DRA JÉSSICA AMORIM;MDB;ELEITO;TSE (dados abertos)
16160;MAJOR SALES;RN;2025-2028;MARIA ELCE MAFALDO DE PAIVA FERNANDES;MARIA ELCE;MDB;ELEITO;TSE (dados abertos)
17850;PATU;RN;2025-2028;EDNARDO BENIGNO DE MOURA;DR EDNARDO;MDB;ELEITO;TSE (dados abertos)
16497;CARNAUBAIS;RN;2025-2028;GLEIDSON BENEVIDES DE OLIVEIRA;DR GLEUDINHO;PL;ELEITO;TSE (dados abertos)
16616;CURRAIS NOVOS;RN;2025-2028;LUCAS GALVÃO DA CRUZ;LUCAS;PT;ELEITO;TSE (dados abertos)
16063;SÃO MIGUEL DO GOSTOSO;RN;2025-2028;LEONARDO TEIXEIRA DA CUNHA;LEO DE DOQUINHA;PSD;ELEITO;TSE (dados abertos)
16950;ITAÚ;RN;2025-2028;FRANCISCO ANDRE REGIS JUNIOR;DR. ANDRÉ JÚNIOR;PP;ELEITO;TSE (dados abertos)
17612;NATAL;RN;2025-2028;PAULO EDUARDO DA COSTA FREIRE;PAULINHO FREIRE;UNIÃO;ELEITO;TSE (dados abertos)
18376;SÃO GONÇALO DO AMARANTE;RN;2025-2028;JAIME CALADO PEREIRA DOS SANTOS;JAIME CALADO;PSD;ELEITO;TSE (dados abertos)
16071;ÁGUA NOVA;RN;2025-2028;MACÁRIO SILVA DE CARVALHO;NETINHO MACÁRIO;UNIÃO;ELEITO;TSE (dados abertos)
17914;PEDRA PRETA;RN;2025-2028;LUIZ ANTÔNIO BANDEIRA DE SOUZA;LUIZ DE HAROLDO;PSDB;ELEITO;TSE (dados abertos)
17892;PEDRA GRANDE;RN;2025-2028;PEDRO HENRIQUE DE SOUZA SILVA;PEDRO HENRIQUE;PSDB;ELEITO;TSE (dados abertos)
18058;SERRA CAIADA;RN;2025-2028;JOÃO MARIA ANDRADE FURTADO FILHO;JOÃOZINHO FURTADO;PSDB;ELEITO;TSE (dados abertos)
18953;VERA CRUZ;RN;2025-2028;JOSE JUNIOR DE OLIVEIRA;JUNIOR MARCHANTE;UNIÃO;ELEITO;TSE (dados abertos)
16853;GROSSOS;RN;2025-2028;CINTHIA SONALE SILVA ALVES E SOUZA;CINTHIA SONALE;UNIÃO;ELEITO;TSE (dados abertos)
17833;PASSAGEM;RN;2025-2028;WEDNA MARIA TAVARES MENDONÇA DE ARAÚJO;WEDNA MENDONÇA;PP;ELEITO;TSE (dados abertos)
18139;RIACHO DE SANTANA;RN;2025-2028;DAVI CÁSSIO FERNANDES DA SILVA;DR CÁSSIO;PP;ELEITO;TSE (dados abertos)
16152;ANGICOS;RN;2025-2028;MIGUEL PINHEIRO NETO;PINHEIRO;MDB;ELEITO;TSE (dados abertos)
16250;CAMPO GRANDE;RN;2025-2028;FRANCISCO DAS CHAGAS EUFRÁSIO VIEIRA DE MELO;BIBI DE NENCA;MDB;ELEITO;TSE (dados abertos)
17779;PARELHAS;RN;2025-2028;TIAGO DE MEDEIROS ALMEIDA;TIAGO ALMEIDA;PSDB;ELEITO;TSE (dados abertos)
18775;TANGARÁ;RN;2025-2028;AUGUSTO  CESAR EMMANUEL PINHEIRO E ALVES;AUGUSTO ALVES;PSD;ELEITO;TSE (dados abertos)
17019;JANDUÍS;RN;2025-2028;ELVÉCIO GURGEL DE SALES;ELVÉCIO GURGEL;PT;ELEITO;TSE (dados abertos)
18759;TAIPU;RN;2025-2028;ARIOSVALDO BANDEIRA JÚNIOR;LOUVADO;PSD;ELEITO;TSE (dados abertos)
18678;SERRINHA;RN;2025-2028;KAUANNY STHEFANY CLEMENTE LEAO DE LIMA;KAUANNY TERTO;MDB;ELEITO;TSE (dados abertos)
18937;RAFAEL GODEIRO;RN;2025-2028;LUDMILA CARLOS AMORIM DE ARAÚJO ROSADO;LUDMILA AMORIM;MDB;ELEITO;TSE (dados abertos)
18350;SÃO FERNANDO;RN;2025-2028;GENILSON MEDEIROS MAIA;GENILSON MAIA;PT;ELEITO;TSE (dados abertos)
18333;SÃO BENTO DO TRAIRÍ;RN;2025-2028;RAFAEL DOS SANTOS MATIAS;RAFAEL MATIAS;PSD;ELEITO;TSE (dados abertos)
17655;NOVA CRUZ;RN;2025-2028;JOAO NOGUEIRA NETO;JOQUINHA NOGUEIRA;MDB;ELEITO;TSE (dados abertos)
16594;CRUZETA;RN;2025-2028;JOAQUIM JOSÉ DE MEDEIROS;JOAQUIM DE MEDEIRINHO;UNIÃO;ELEITO;TSE (dados abertos)
18473;SÃO MIGUEL;RN;2025-2028;LEANDRO MICHEL DO REGO LIMA;DR. LEANDRO;UNIÃO;ELEITO;TSE (dados abertos)
16144;FERNANDO PEDROZA;RN;2025-2028;JOÃO MARIA BRAGA;JOÃO DE CHOTA;MDB;ELEITO;TSE (dados abertos)
17094;JARDIM DE PIRANHAS;RN;2025-2028;ROGÉRIO SOARES;ROGÉRIO COURO FINO;MDB;ELEITO;TSE (dados abertos)
17493;MAXARANGUAPE;RN;2025-2028;MARIA ERENIR FREITAS DE LIMA;PROFESSORA NIRA;PSD;ELEITO;TSE (dados abertos)
17671;OLHO D'ÁGUA DO BORGES;RN;2025-2028;ANTONIMAR AMORIM CARLOS;ANTONIMAR AMORIM;UNIÃO;ELEITO;TSE (dados abertos)
17710;PARANÁ;RN;2025-2028;JOSIENE GOMES DA SILVA ANDRADE;JOSIENE;MDB;ELEITO;TSE (dados abertos)
16209;SERRINHA DOS PINTOS;RN;2025-2028;ROSANIA MARIA TEIXEIRA FERREIRA;ROSÂNIA;UNIÃO;ELEITO;TSE (dados abertos)
18996;VILA FLOR;RN;2025-2028;THUANNE KARLA CARVALHO DE SOUZA;THUANNE SOUZA;MDB;ELEITO;TSE (dados abertos)
18414;SÃO JOSÉ DE MIPIBU;RN;2025-2028;JOSE DE FIGUEIREDO VARELA;ZÉ FIGUEIREDO;PSD;ELEITO;TSE (dados abertos)
18910;VÁRZEA;RN;2025-2028;GETULIO LUCIANO RIBEIRO;GETULIO RIBEIRO;PSD;ELEITO;TSE (dados abertos)
17310;LAGOA SALGADA;RN;2025-2028;FRANCISCO CANINDÉ FREIRE;CANINDÉ JUSTINO;PSDB;ELEITO;TSE (dados abertos)
18570;SÃO VICENTE;RN;2025-2028;JANE MARIA SOARES DE MEDEIROS;JANE MARIA;MDB;ELEITO;TSE (dados abertos)
16632;DOUTOR SEVERIANO;RN;2025-2028;MARIA DE FÁTIMA LEITE GONÇALVES;MARIA DE FÁTIMA;PSD;ELEITO;TSE (dados abertos)
17639;NÍSIA FLORESTA;RN;2025-2028;GUSTAVO DA SILVA SANTOS;GUSTAVO;PL;ELEITO;TSE (dados abertos)
18732;TABOLEIRO GRANDE;RN;2025-2028;KLEBIA FERREIRA BESSA FILGUEIRA;KLEBINHA;PSD;ELEITO;TSE (dados abertos)
16454;CARAÚBAS;RN;2025-2028;PAULO GIVAGO BARRETO ALVES;GIVAGO BARRETO;PSDB;ELEITO;TSE (dados abertos)
18830;TIMBAÚBA DOS BATISTAS;RN;2025-2028;IVANILDO ARAÚJO DE ALBUQUERQUE FILHO;IVANILDINHO;PP;ELEITO;TSE (dados abertos)
16314;BENTO FERNANDES;RN;2025-2028;JOLLEMBERG SOARES DANTAS;BERGUINHO DA SAÚDE;MDB;ELEITO;TSE (dados abertos)
16233;AREZ;RN;2025-2028;BERGSON IDUINO DE OLIVEIRA;BERGSON;PL;ELEITO;TSE (dados abertos)
18090;RAFAEL FERNANDES;RN;2025-2028;BENILTON RODRIGUES FERREIRA;BENILTON ANASTACIO;UNIÃO;ELEITO;TSE (dados abertos)
16519;CEARÁ-MIRIM;RN;2025-2028;ANTONIO HENRIQUE CAMARA BEZERRA;ANTONIO HENRIQUE;PSD;ELEITO;TSE (dados abertos)
16047;CAIÇARA DO NORTE;RN;2025-2028;ALCÉLIO FERNANDES BARBOSA;PILOLA;PSDB;ELEITO;TSE (dados abertos)
17817;PASSA E FICA;RN;2025-2028;FLAVIANO CORREIA LISBOA;FLAVIANO;PSD;ELEITO;TSE (dados abertos)
18236;SANTA CRUZ;RN;2025-2028;ANA FABRICIA DE ARAUJO SILVA RODRIGUES DE SOUZA;ANINHA DE CLEIDE;MDB;ELEITO;TSE (dados abertos)
16292;BARCELONA;RN;2025-2028;FABIANO LOPES PEREIRA;FABIANO DE VAVÁ;PL;ELEITO;TSE (dados abertos)
17337;LAJES;RN;2025-2028;FELIPE FERREIRA DE MENEZES ARAÚJO;FELIPE MENEZES;MDB;ELEITO;TSE (dados abertos)
18031;PORTALEGRE;RN;2025-2028;JOSE AUGUSTO DE FREITAS REGO;ZÉ AUGUSTO;UNIÃO;ELEITO;TSE (dados abertos)
17418;MACAÍBA;RN;2025-2028;EDIVALDO EMÍDIO DA SILVA JUNIOR;EMÍDIO JR;PP;ELEITO;TSE (dados abertos)
17531;MONTANHAS;RN;2025-2028;ANTONIO MARCOLINO NETO;ANTONIO NETO;PP;ELEITO;TSE (dados abertos)
17698;OURO BRANCO;RN;2025-2028;AMARIUDO DOS SANTOS SILVA;PROFESSOR AMARIUDO;PP;ELEITO;TSE (dados abertos)
16772;FRANCISCO DANTAS;RN;2025-2028;JOSÉ ADOLFO DA SILVEIRA NETO;JOSÉ ADOLFO;PODE;ELEITO;TSE (dados abertos)
16276;BAÍA FORMOSA;RN;2025-2028;CAMILA VERAS DE MELO CAVALCANTI;CAMILA MELO;MDB;ELEITO;TSE (dados abertos)
18112;RIACHO DA CRUZ;RN;2025-2028;MARCOS AURÉLIO DE PAIVA RÊGO;MARCOS AURÉLIO;PP;ELEITO;TSE (dados abertos)
17132;JOÃO CÂMARA;RN;2025-2028;AIZE TALIANNE BEZERRA DE SOUZA;AIZE;PSDB;ELEITO;TSE (dados abertos)
17990;PILÕES;RN;2025-2028;MARIA MADALENA DE SOUZA;LENA DE CÉU;MDB;ELEITO;TSE (dados abertos)
18074;PUREZA;RN;2025-2028;RICARDO SANTOS DE BRITO;RICARDO BRITO;MDB;ELEITO;TSE (dados abertos)
16977;JAÇANÃ;RN;2025-2028;UADY ANTÔNIO DE FARIAS;UADY;UNIÃO;ELEITO;TSE (dados abertos)
16810;GOIANINHA;RN;2025-2028;HOSANIRA GALVÃO;NIRA;PP;ELEITO;TSE (dados abertos)
16896;IELMO MARINHO;RN;2025-2028;FERNANDO BATISTA DAMASCENO;FERNANDO DE CANTO DE MOÇA;MDB;ELEITO;TSE (dados abertos)
17191;JUCURUTU;RN;2025-2028;IOGO NIELSON DE QUEIROZ E SILVA;IOGO QUEIROZ;PSDB;ELEITO;TSE (dados abertos)
17299;LAGOA NOVA;RN;2025-2028;IRANILDO ACIOLE DA SILVA;IRANILDO ACIOLE;REPUBLICANOS;ELEITO;TSE (dados abertos)
16675;EQUADOR;RN;2025-2028;CLETSON RIVALDO DE OLIVEIRA;PROFESSOR CLETSON;MDB;ELEITO;TSE (dados abertos)
18716;SÍTIO NOVO;RN;2025-2028;ANDREZZA BRASIL SOUTO BEZERRA;ANDREZZA BRASIL;PT;ELEITO;TSE (dados abertos)
30031;BARAÚNA;RN;2025-2028;MARIA DIVANIZE ALVES DE OLIVEIRA;DIVANIZE OLIVEIRA;PSD;ELEITO;TSE (dados abertos)
17515;FRUTUOSO GOMES;RN;2025-2028;ISMAEL SEVERINO JUVENCIO DE ARAUJO;ISMAEL JUVÊNCIO;MDB;ELEITO;TSE (dados abertos)
17795;PARNAMIRIM;RN;2025-2028;RAIMUNDA NILDA DA SILVA CRUZ;PROFESSORA NILDA;SOLIDARIEDADE;ELEITO;TSE (dados abertos)
18171;RODOLFO FERNANDES;RN;2025-2028;ANA CLAUDIA ALMEIDA CAVALCANTE;CLAUDINHA;PL;ELEITO;TSE (dados abertos)
17434;MACAU;RN;2025-2028;FLAVIA PATRICIA TAVARES VERAS VIEIRA;FLAVINHA VERAS;PDT;ELEITO;TSE (dados abertos)
16659;ENCANTO;RN;2025-2028;ALBERONE NERI DE OLIVEIRA LIMA;ALBERONE;PL;ELEITO;TSE (dados abertos)
17396;LUÍS GOMES;RN;2025-2028;CARLOS AUGUSTO DE PAIVA;TUTUTA;MDB;ELEITO;TSE (dados abertos)
18155;RIACHUELO;RN;2025-2028;JOÃO BASÍLIO NETO;JOCA BASÍLIO;PODE;ELEITO;TSE (dados abertos)
16390;CAICÓ;RN;2025-2028;JUDAS TADEU ALVES DOS SANTOS;DR. TADEU ;PSDB;ELEITO;TSE (dados abertos)
18317;SÃO BENTO DO NORTE;RN;2025-2028;JOÃO MARIA MONTENEGRO DA SILVA;DÃO AGRICULTOR;MDB;ELEITO;TSE (dados abertos)
16098;ALEXANDRIA;RN;2025-2028;RAIMUNDO FERREIRA DE ANDRADE;RAIMUNDINHO;PSD;ELEITO;TSE (dados abertos)
16411;CAMPO REDONDO;RN;2025-2028;RENAM LUIZ DE ALENCAR CARVALHO;DR RENAM;PSDB;ELEITO;TSE (dados abertos)
04391;CACHOEIRA DO ARARI;PA;2025-2028;JAIME DA SILVA BARBOSA;JAIME BARBOSA;MDB;ELEITO;TSE (dados abertos)
05193;PRAINHA;PA;2025-2028;GANDOR CALIL HAGE NETO;GANDOR HAGE;PP;ELEITO;TSE (dados abertos)
04170;AUGUSTO CORRÊA;PA;2025-2028;FRANCISCO EDINALDO QUEIROZ DE OLIVEIRA;ESTRELA NOGUEIRA;MDB;ELEITO;TSE (dados abertos)
04294;BENEVIDES;PA;2025-2028;LUZIANE DE LIMA SOLON OLIVEIRA;LUZIANE SOLON;MDB;ELEITO;TSE (dados abertos)
05550;SENADOR JOSÉ PORFÍRIO;PA;2025-2028;LEONALDO ALBUQUERQUE DE SOUSA;LEONALDO;PSD;ELEITO;TSE (dados abertos)
04766;CACHOEIRA DO PIRIÁ;PA;2025-2028;MARIA BERNADETE BESSA DO NASCIMENTO;BETE BESSA;MDB;ELEITO;TSE (dados abertos)
04006;GOIANÉSIA DO PARÁ;PA;2025-2028;FRANCISCO EDUARDO OLIVEIRA SILVA;RUSSINHO;UNIÃO;ELEITO;TSE (dados abertos)
04685;QUATIPURU;PA;2025-2028;JOSE AUGUSTO DIAS DA SILVA;ZE AUGUSTO;MDB;ELEITO;TSE (dados abertos)
04359;BREVES;PA;2025-2028;JOSÉ ANTÔNIO AZEVEDO LEÃO;XARÃO LEÃO;MDB;ELEITO;TSE (dados abertos)
04561;FLORESTA DO ARAGUAIA;PA;2025-2028;MAJORRI CERQUEIRA DA SILVA AQUINO SANTIAGO;MAJORRI SANTIAGO;MDB;ELEITO;TSE (dados abertos)
05835;PARAUAPEBAS;PA;2025-2028;AURÉLIO RAMOS DE OLIVEIRA NETO;AURÉLIO GOIANO;AVANTE;ELEITO;TSE (dados abertos)
04090;ALMEIRIM;PA;2025-2028;MARIA LUCIDALVA BEZERRA DE CARVALHO;LÚCIA DO LIDER;MDB;ELEITO;TSE (dados abertos)
04537;CONCEIÇÃO DO ARAGUAIA;PA;2025-2028;ELIDA ELENA MOREIRA;ELIDA ELENA;MDB;ELEITO;TSE (dados abertos)
05134;PONTA DE PEDRAS;PA;2025-2028;CONSUELO MARIA DA SILVA CASTRO;CONSUELO CASTRO;UNIÃO;ELEITO;TSE (dados abertos)
05711;XINGUARA;PA;2025-2028;OSVALDO DE OLIVEIRA ASSUNÇÃO JUNIOR;OSVALDINHO ASSUNÇÃO;MDB;ELEITO;TSE (dados abertos)
04235;BAIÃO;PA;2025-2028;LOURIVAL MENEZES FILHO;DR LOCA;MDB;ELEITO;TSE (dados abertos)
04863;MOJUÍ DOS CAMPOS;PA;2025-2028;JAILSON DA COSTA ALVES;JAILSON DO MOJUÍ;PSD;ELEITO;TSE (dados abertos)
04502;ABEL FIGUEIREDO;PA;2025-2028;MARCONE PEREIRA LACERDA;MARCONE LACERDA;UNIÃO;ELEITO;TSE (dados abertos)
04600;NOVA IPIXUNA;PA;2025-2028;EVERTON MACIAS FREITAS;EVERTON MACIAS;MDB;ELEITO;TSE (dados abertos)
04529;CUMARU DO NORTE;PA;2025-2028;CELIO MARCOS CORDEIRO;NEGO;MDB;ELEITO;TSE (dados abertos)
04731;ITUPIRANGA;PA;2025-2028;WAGNO DA SILVA GODOI;WAGNO GODOY;PP;ELEITO;TSE (dados abertos)
04367;TERRA SANTA;PA;2025-2028;EDSON SIQUEIRA DA FONSECA;SIQUEIRA FONSECA;REPUBLICANOS;ELEITO;TSE (dados abertos)
04227;BRASIL NOVO;PA;2025-2028;WEDER MAKES CARNEIRO;PIRICA;MDB;ELEITO;TSE (dados abertos)
04693;IRITUIA;PA;2025-2028;PIO X SAMPAIO LEITE JUNIOR;PIO X JUNIOR;PSD;ELEITO;TSE (dados abertos)
05118;PEIXE-BOI;PA;2025-2028;JOAO PEREIRA DA SILVA NETO;NETO CAVALCANTE;MDB;ELEITO;TSE (dados abertos)
05398;SANTO ANTÔNIO DO TAUÁ;PA;2025-2028;RODRIGO DE AMORIM PINTO;RODRIGO AMORIM;MDB;ELEITO;TSE (dados abertos)
05150;PORTEL;PA;2025-2028;VICENTE DE PAULO FERREIRA OLIVEIRA;PAULO FERREIRA;MDB;ELEITO;TSE (dados abertos)
05495;SÃO JOÃO DO ARAGUAIA;PA;2025-2028;MARCELLANNE CRISTINA CARNEIRO SOBRAL;MARCELLANNE CRISTINA;PP;ELEITO;TSE (dados abertos)
04022;TAILÂNDIA;PA;2025-2028;LAURO FERRAZ HOFFMANN;LAURO;MDB;ELEITO;TSE (dados abertos)
04707;CANAÃ DOS CARAJÁS;PA;2025-2028;JOSEMIRA RAIMUNDA DINIZ GADELHA;JOSEMIRA;MDB;ELEITO;TSE (dados abertos)
04782;PIÇARRA;PA;2025-2028;LAANE BARROS LUCENA FERNANDES;LAANE BARROS;MDB;ELEITO;TSE (dados abertos)
04146;SANTA LUZIA DO PARÁ;PA;2025-2028;ADAMOR AIRES DE OLIVEIRA;ADAMOR AIRES;MDB;ELEITO;TSE (dados abertos)
05037;OEIRAS DO PARÁ;PA;2025-2028;GILMA DRAGO RIBEIRO;GILMA RIBEIRO;PP;ELEITO;TSE (dados abertos)
05479;SÃO FRANCISCO DO PARÁ;PA;2025-2028;ANTONIO RONALDO NOBRE DO NASCIMENTO;RONALDO NOBRE;PV;ELEITO;TSE (dados abertos)
04626;PLACAS;PA;2025-2028;ARTHUR POSSIMOSER DO SOCORRO;ARTHUR;MDB;ELEITO;TSE (dados abertos)
04383;NOVO PROGRESSO;PA;2025-2028;GELSON LUIZ DILL;GELSON DILL;MDB;ELEITO;TSE (dados abertos)
04812;MAGALHÃES BARATA;PA;2025-2028;GERSON MIRANDA LOPES;GERSON MIRANDA;PDT;ELEITO;TSE (dados abertos)
04456;CAPITÃO POÇO;PA;2025-2028;FERNANDA OLIVEIRA LIMA;FERNANDA TONHEIRO;PP;ELEITO;TSE (dados abertos)
05932;BREJO GRANDE DO ARAGUAIA;PA;2025-2028;MARCOS DIAS DO NASCIMENTO;MARCOS BAXIM;PP;ELEITO;TSE (dados abertos)
04774;JURUTI;PA;2025-2028;LUCIDIA BENITAH DE ABREU BATISTA;DONA LUCIDIA;MDB;ELEITO;TSE (dados abertos)
05517;SÃO MIGUEL DO GUAMÁ;PA;2025-2028;EDUARDO SAMPAIO GOMES LEITE;EDUARDO PIO X;MDB;ELEITO;TSE (dados abertos)
04448;BREU BRANCO;PA;2025-2028;FLAVIO MARCOS MEZZOMO;FLAVIO MEZZOMO;MDB;ELEITO;TSE (dados abertos)
04375;BUJARU;PA;2025-2028;MIGUEL BERNARDO DA COSTA JUNIOR;MIGUEL JÚNIOR;MDB;ELEITO;TSE (dados abertos)
04669;TRACUATEUA;PA;2025-2028;JOSE BRAULIO DA COSTA;ZEZINHO COSTA;PP;ELEITO;TSE (dados abertos)
04855;MARACANÃ;PA;2025-2028;REGINALDO DE ALCANTARA CARRERA;REGINALDO CARRERA;MDB;ELEITO;TSE (dados abertos)
04030;ACARÁ;PA;2025-2028;PEDRO PAULO GOUVEA MORAES;PEDRINHO DA BALSA;MDB;ELEITO;TSE (dados abertos)
05878;GARRAFÃO DO NORTE;PA;2025-2028;MARCONES FARIAS DO NASCIMENTO;MARCONES MANGUEIRA;PSD;ELEITO;TSE (dados abertos)
04014;ABAETETUBA;PA;2025-2028;FRANCINETI MARIA RODRIGUES CARVALHO;FRANCINETI CARVALHO;MDB;ELEITO;TSE (dados abertos)
04570;CURUÇÁ;PA;2025-2028;HAMILTON BRITO DOS SANTOS ALVES;HAMILTON  BRITO;MDB;ELEITO;TSE (dados abertos)
05690;RIO MARIA;PA;2025-2028;MARCIA FERREIRA LOPES;MARCIA FERREIRA;MDB;ELEITO;TSE (dados abertos)
04839;MARABÁ;PA;2025-2028;ANTONIO CARLOS CUNHA SA;TONI CUNHA;PL;ELEITO;TSE (dados abertos)
04111;ALTAMIRA;PA;2025-2028;LOREDAN DE ANDRADE MELLO;DR.LOREDAN;PSD;ELEITO;TSE (dados abertos)
05894;RURÓPOLIS;PA;2025-2028;JOSÉ FILHO CUNHA DE OLIVEIRA;ZÉ FILHO DA FARMÁCIA;PP;ELEITO;TSE (dados abertos)
04065;SÃO JOÃO DE PIRABAS;PA;2025-2028;KAMILY MARIA FERREIRA ARAUJO;KAMILY ARAUJO;MDB;ELEITO;TSE (dados abertos)
04049;BOM JESUS DO TOCANTINS;PA;2025-2028;JEILSON DOS REIS SANTOS;JEILSON REIS;MDB;ELEITO;TSE (dados abertos)
05916;PACAJÁ;PA;2025-2028;ANDRÉ RIOS DE REZENDE;ANDRÉ REZENDE;MDB;ELEITO;TSE (dados abertos)
05975;DOM ELISEU;PA;2025-2028;GERSILON SILVA DA GAMA;SILON;UNIÃO;ELEITO;TSE (dados abertos)
04936;MOJU;PA;2025-2028;RUBENS DE SOUSA TEIXEIRA;RUBENS TEIXEIRA;MDB;ELEITO;TSE (dados abertos)
04189;IPIXUNA DO PARÁ;PA;2025-2028;ARTEMES SILVA DE OLIVEIRA;ARTEMES OLIVEIRA;MDB;ELEITO;TSE (dados abertos)
05258;SALVATERRA;PA;2025-2028;VALENTIM LUCAS DE OLIVEIRA;VALENTIM;MDB;ELEITO;TSE (dados abertos)
04057;AFUÁ;PA;2025-2028;HENRIQUE SANDRO LOPES DA CUNHA;SANDRO CUNHA;MDB;ELEITO;TSE (dados abertos)
04588;BANNACH;PA;2025-2028;VALBETANIO BARBOSA MILHOMEM;VALBER;UNIÃO;ELEITO;TSE (dados abertos)
04740;CURUÁ;PA;2025-2028;JAIR DE SOUSA DAMASCENO;JAIR DAMASCENO;UNIÃO;ELEITO;TSE (dados abertos)
04758;JACUNDÁ;PA;2025-2028;ITONIR APARECIDO TAVARES;ITONIR TAVARES;MDB;ELEITO;TSE (dados abertos)
05215;PRIMAVERA;PA;2025-2028;AUREO BEZERRA GOMES;AURINHO GOMES;PT;ELEITO;TSE (dados abertos)
04472;CASTANHAL;PA;2025-2028;HELIO LEITE DA SILVA;HELIO LEITE;UNIÃO;ELEITO;TSE (dados abertos)
04103;MÃE DO RIO;PA;2025-2028;BRUNO ANDERSON DOS ANJOS RABELO;BRUNO RABELO;MDB;ELEITO;TSE (dados abertos)
04979;MUANÁ;PA;2025-2028;MARCOS PAULO BARBOSA PANTOJA;BIRIZINHO;PSD;ELEITO;TSE (dados abertos)
04480;NOVA ESPERANÇA DO PIRIÁ;PA;2025-2028;ALCINEIA DO SOCORRO CARMO DOS SANTOS;ALCINEIA FERRO;MDB;ELEITO;TSE (dados abertos)
04316;BONITO;PA;2025-2028;ALEX SOUZA DA SILVA;ALEX DO POVO;MDB;ELEITO;TSE (dados abertos)
04308;PAU D'ARCO;PA;2025-2028;DOMINGOS GUEDES NETO;DOMINGOS ENFERMEIRO;MDB;ELEITO;TSE (dados abertos)
04677;INHANGAPI;PA;2025-2028;JOSÉ ALVES FEITOSA OLIVEIRA JÚNIOR;JR FEITOSA;UNIÃO;ELEITO;TSE (dados abertos)
04197;AVEIRO;PA;2025-2028;JOÃO GERDAL PAIVA DINIZ JÚNIOR;GERDAL;MDB;ELEITO;TSE (dados abertos)
04200;JACAREACANGA;PA;2025-2028;SEBASTIÃO AURIVALDO PEREIRA SILVA;VALDO DO POSTO;MDB;ELEITO;TSE (dados abertos)
04499;CHAVES;PA;2025-2028;JOSÉ RIBAMAR SOUSA DA SILVA;PASTOR ZEQUINHA;PSD;ELEITO;TSE (dados abertos)
04162;PALESTINA DO PARÁ;PA;2025-2028;MARCIO DIAS DO NASCIMENTO;MARCIO FOLHA;PP;ELEITO;TSE (dados abertos)
04154;ANANINDEUA;PA;2025-2028;DANIEL BARBOSA SANTOS;DR DANIEL;PSB;ELEITO;TSE (dados abertos)
05274;SANTA CRUZ DO ARARI;PA;2025-2028;NICOLAU EURIPEDES BELTRAO PAMPLONA;NICOLAU PAMPLONA;MDB;ELEITO;TSE (dados abertos)
04804;BELTERRA;PA;2025-2028;ULISSES JOSÉ MEDEIROS ALVES;PROF ULISSES;MDB;ELEITO;TSE (dados abertos)
05096;PARAGOMINAS;PA;2025-2028;SHYDNEY JORGE ROSA;SIDNEY ROSA;MDB;ELEITO;TSE (dados abertos)
05452;SÃO FÉLIX DO XINGU;PA;2025-2028;FABRICIO BATISTA FERREIRA;FABRICIO BATISTA;PODE;ELEITO;TSE (dados abertos)
05797;SÃO GERALDO DO ARAGUAIA;PA;2025-2028;JEFFERSON DOUGLAS JESUS OLIVEIRA;JEFFERSON OLIVEIRA;MDB;ELEITO;TSE (dados abertos)
05576;SOURE;PA;2025-2028;PAULO VICTOR SILVA DE LIMA;PAULO VICTOR;MDB;ELEITO;TSE (dados abertos)
04430;CAPANEMA;PA;2025-2028;CLAUDIONOR MOREIRA DA COSTA;CLAUDIONOR;PP;ELEITO;TSE (dados abertos)
05991;SANTA MARIA DAS BARREIRAS;PA;2025-2028;JOSE BARBOSA DE FARIA;MUSSUM;UNIÃO;ELEITO;TSE (dados abertos)
05592;TOMÉ-AÇU;PA;2025-2028;CARLOS ANTONIO VIEIRA;CARLOS DA VILA NOVA;MDB;ELEITO;TSE (dados abertos)
04278;BELÉM;PA;2025-2028;IGOR WANDER CENTENO NORMANDO;IGOR;MDB;ELEITO;TSE (dados abertos)
05630;VIGIA;PA;2025-2028;JOB XAVIER PALHETA JUNIOR;JOB JUNIOR;MDB;ELEITO;TSE (dados abertos)
05851;CURIONÓPOLIS;PA;2025-2028;MARIANA AZEVEDO MARQUEZ CHAMON;MARIANA CHAMON;MDB;ELEITO;TSE (dados abertos)
05177;PORTO DE MOZ;PA;2025-2028;RIVALDO SALVIANO CAMPOS;RIVALDO CAMPOS;MDB;ELEITO;TSE (dados abertos)
05436;SÃO DOMINGOS DO CAPIM;PA;2025-2028;ORIVALDO DAS NEVES OLIVEIRA;ORIVALDO BATERIA;PP;ELEITO;TSE (dados abertos)
05053;ORIXIMINÁ;PA;2025-2028;JOSÉ WILLIAN SIQUEIRA DA FONSECA;DELEGADO FONSECA;REPUBLICANOS;ELEITO;TSE (dados abertos)
04847;SAPUCAIA;PA;2025-2028;WILTON MIRANDA DE LIMA;WILTON LIMA;MDB;ELEITO;TSE (dados abertos)
04553;CURRALINHO;PA;2025-2028;CLEBER EDSON DOS SANTOS RODRIGUES;CLEBER EDSON;PSD;ELEITO;TSE (dados abertos)
04243;SANTA BÁRBARA DO PARÁ;PA;2025-2028;MARCUS LEÃO COLARES;MARCÃO;MDB;ELEITO;TSE (dados abertos)
05754;URUARÁ;PA;2025-2028;CARLOS ANTONIO ZANCAN;CARLINHOS DO APARECIDO;PSD;ELEITO;TSE (dados abertos)
05312;SANTA MARIA DO PARÁ;PA;2025-2028;ALCIR COSTA DA SILVA;ALCIR COSTA;PSD;ELEITO;TSE (dados abertos)
04219;BAGRE;PA;2025-2028;CLEBERSON FARIAS LOBATO RODRIGUES;CLEBINHO;PSD;ELEITO;TSE (dados abertos)
04138;ANAJÁS;PA;2025-2028;VIVALDO MENDES CONCEIÇÃO;BORÓ;MDB;ELEITO;TSE (dados abertos)
05010;ÓBIDOS;PA;2025-2028;JAIME BARBOSA DA SILVA;JAIME SILVA;MDB;ELEITO;TSE (dados abertos)
05410;SÃO CAETANO DE ODIVELAS;PA;2025-2028;FELIPA RODRIGUES DOS SANTOS RENDEIRO;PROFESSORA LEILA;MDB;ELEITO;TSE (dados abertos)
05070;OURÉM;PA;2025-2028;VALDEMIRO FERNANDES COELHO JUNIOR;JUNHÃO;UNIÃO;ELEITO;TSE (dados abertos)
04871;MARAPANIM;PA;2025-2028;CLEITON ANDERSON FERREIRA DIAS;ANDERSON DIAS;MDB;ELEITO;TSE (dados abertos)
04618;GURUPÁ;PA;2025-2028;MARIA IRACILDA DE ALMEIDA ALHO;IRACILDA ALHO;MDB;ELEITO;TSE (dados abertos)
04081;TUCUMÃ;PA;2025-2028;CELSO LOPES CARDOSO;DR CELSO;UNIÃO;ELEITO;TSE (dados abertos)
04650;IGARAPÉ-MIRI;PA;2025-2028;ROBERTO PINA OLIVEIRA;PINA;PT;ELEITO;TSE (dados abertos)
04723;ANAPU;PA;2025-2028;LUIZ CARLOS AGUIAR LEITE;LUIZ CARLOS DO POSTO;REPUBLICANOS;ELEITO;TSE (dados abertos)
05657;VISEU;PA;2025-2028;CRISTIANO DUTRA VALE;CRISTIANO VALE;PP;ELEITO;TSE (dados abertos)
05290;SANTA ISABEL DO PARÁ;PA;2025-2028;JOSE ALBERTO TAVARES DA TRINDADE;NENECO;MDB;ELEITO;TSE (dados abertos)
04405;VITÓRIA DO XINGU;PA;2025-2028;MÁRCIO VIANA ROCHA;MÁRCIO VIANA;MDB;ELEITO;TSE (dados abertos)
04510;COLARES;PA;2025-2028;MARIA LUCIMAR BARATA;MARIA LUCIMAR;MDB;ELEITO;TSE (dados abertos)
04073;ALENQUER;PA;2025-2028;HEVERTON DOS SANTOS SILVA;TOM SILVA;MDB;ELEITO;TSE (dados abertos)
04910;MOCAJUBA;PA;2025-2028;ALUÍSIO VALENTE VIEIRA;ALUÍSIO DO TECA;REPUBLICANOS;ELEITO;TSE (dados abertos)
04820;SÃO JOÃO DA PONTA;PA;2025-2028;LIDIANE DE SOUSA CARVALHO;LIDIANE FEITOSA;PSD;ELEITO;TSE (dados abertos)
04421;NOVO REPARTIMENTO;PA;2025-2028;VALDIR LEMES MACHADO;VALDIR LEMES;PSD;ELEITO;TSE (dados abertos)
04952;MONTE ALEGRE;PA;2025-2028;JOSE ALFREDO SILVA HAGE JUNIOR;JUNIOR HAGE;PP;ELEITO;TSE (dados abertos)
05959;OURILÂNDIA DO NORTE;PA;2025-2028;JULIO CESAR DAIREL;DR JULIO;MDB;ELEITO;TSE (dados abertos)
04286;TRAIRÃO;PA;2025-2028;HENRIQUE BORGES DA SILVA;HENRIQUE BORGES;AVANTE;ELEITO;TSE (dados abertos)
05371;SANTARÉM NOVO;PA;2025-2028;THIAGO REIS PIMENTEL;THIAGO REIS PIMENTEL;MDB;ELEITO;TSE (dados abertos)
05339;SANTANA DO ARAGUAIA;PA;2025-2028;EDUARDO ALVES CONTI;EDUARDO DA MACHADO;MDB;ELEITO;TSE (dados abertos)
04545;TERRA ALTA;PA;2025-2028;MICHEL PESSOA DO NASCIMENTO;MICHEL PESSOA;REPUBLICANOS;ELEITO;TSE (dados abertos)
04340;AURORA DO PARÁ;PA;2025-2028;VANESSA GUSMÃO MIRANDA;VANESSA GUSMÃO;MDB;ELEITO;TSE (dados abertos)
04898;MELGAÇO;PA;2025-2028;JOSE FRANCISCO VIEGAS DIAS;ZÉ VIEGAS;MDB;ELEITO;TSE (dados abertos)
04715;ITAITUBA;PA;2025-2028;NICODEMOS ALVES DE AGUIAR;NICODEMOS AGUIAR;MDB;ELEITO;TSE (dados abertos)
04332;BRAGANÇA;PA;2025-2028;MARIO RIBEIRO DA SILVA JÚNIOR;DR. MÁRIO;MDB;ELEITO;TSE (dados abertos)
04596;FARO;PA;2025-2028;PAULO VITOR MILEO GUERRA CARVALHO;PAULO CARVALHO;PSD;ELEITO;TSE (dados abertos)
05355;SANTARÉM;PA;2025-2028;JOSÉ MARIA TAPAJÓS;ZÉ MARIA TAPAJÓS;MDB;ELEITO;TSE (dados abertos)
05533;SÃO SEBASTIÃO DA BOA VISTA;PA;2025-2028;GETULIO BRABO DE SOUZA;GETULIO BRABO;MDB;ELEITO;TSE (dados abertos)
05231;SALINÓPOLIS;PA;2025-2028;CARLOS ALBERTO DE SENA FILHO;KAKA SENA;PP;ELEITO;TSE (dados abertos)
04790;LIMOEIRO DO AJURU;PA;2025-2028;ALCIDES ABREU BARRA;ALCIDES BARRA;MDB;ELEITO;TSE (dados abertos)
04995;NOVA TIMBOTEUA;PA;2025-2028;ALINE COSTA DA SILVA;PROFESSORA ALINE;PP;ELEITO;TSE (dados abertos)
04464;SÃO DOMINGOS DO ARAGUAIA;PA;2025-2028;ELIZANE SOARES DA SILVA;ELIZANE SOARES;MDB;ELEITO;TSE (dados abertos)
05819;CONCÓRDIA DO PARÁ;PA;2025-2028;ELISANGELA PAIVA CELESTINO;ELISANGELA CELESTINO;MDB;ELEITO;TSE (dados abertos)
04251;BARCARENA;PA;2025-2028;JOSÉ RENATO OGAWA RODRIGUES;RENATO OGAWA;PP;ELEITO;TSE (dados abertos)
04260;ÁGUA AZUL DO NORTE;PA;2025-2028;ISVANDIRES MARTINS RIBEIRO;VANDIN;UNIÃO;ELEITO;TSE (dados abertos)
04642;MARITUBA;PA;2025-2028;PATRÍCIA RONIELLY RAMOS ALENCAR;PATRÍCIA ALENCAR;MDB;ELEITO;TSE (dados abertos)
05738;RONDON DO PARÁ;PA;2025-2028;ADRIANA ANDRADE OLIVEIRA;ADRIANA ANDRADE;MDB;ELEITO;TSE (dados abertos)
04634;IGARAPÉ-AÇU;PA;2025-2028;MÁRCIO NOGUEIRA LOPES;XORO PARDAL;UNIÃO;ELEITO;TSE (dados abertos)
04413;CAMETÁ;PA;2025-2028;VICTOR CORREA CASSIANO;VICTOR CASSIANO;MDB;ELEITO;TSE (dados abertos)
05770;MEDICILÂNDIA;PA;2025-2028;JULIO CESAR DO EGITO;DR JULIO;UNIÃO;ELEITO;TSE (dados abertos)
04120;ELDORADO DOS CARAJÁS;PA;2025-2028;WAGNE COSTA MACHADO;WAGNE MACHADO;MDB;ELEITO;TSE (dados abertos)
04324;ULIANÓPOLIS;PA;2025-2028;KELLY CRISTINA DESTRO;KELLY DESTRO;MDB;ELEITO;TSE (dados abertos)
05673;REDENÇÃO;PA;2025-2028;RENER DE SANTANA MIRANDA;DR RENER;PRD;ELEITO;TSE (dados abertos)
28398;PINDOBA;AL;2025-2028;JOSÉ CICERO CARDOSO COSTA;CÍCERO CARDOSO;REPUBLICANOS;ELEITO;TSE (dados abertos)
28355;PIAÇABUÇU;AL;2025-2028;RYMES MARINHO LESSA;RYMES LESSA;MDB;ELEITO;TSE (dados abertos)
28932;TEOTÔNIO VILELA;AL;2025-2028;PEDRO HENRIQUE DE JESUS PEREIRA;PEU PEREIRA;PP;ELEITO;TSE (dados abertos)
28592;SANTANA DO IPANEMA;AL;2025-2028;JOAO EDUARDO BULHOES PORTELA DE MELO;EDUARDO BULHÕES;MDB;ELEITO;TSE (dados abertos)
27758;JOAQUIM GOMES;AL;2025-2028;RITA DE CASSIA CAVALCANTE ANDRADE DE MORAIS;RITA DO ARAÇA;MDB;ELEITO;TSE (dados abertos)
27936;MARECHAL DEODORO;AL;2025-2028;ANDRÉ LUIZ BARROS DA SILVA;ANDRÉ BOCÃO;MDB;ELEITO;TSE (dados abertos)
27510;FEIRA GRANDE;AL;2025-2028;DÁRIO ROBERTO SILVA LIRA;DÁRIO ROBERTO;MDB;ELEITO;TSE (dados abertos)
27111;BARRA DE SÃO MIGUEL;AL;2025-2028;BENEDITO DE LIRA;BENEDITO DE LIRA;PP;ELEITO;TSE (dados abertos)
27472;DELMIRO GOUVEIA;AL;2025-2028;ELIZIANE FERREIRA COSTA LIMA;ZIANE COSTA;MDB;ELEITO;TSE (dados abertos)
28738;SÃO MIGUEL DOS MILAGRES;AL;2025-2028;JADSON LESSA DOS SANTOS;JADSON LESSA;MDB;ELEITO;TSE (dados abertos)
28576;SANTA LUZIA DO NORTE;AL;2025-2028;FRANCIS CORREIA BARROS DE ARAÚJO;CORREIA;PP;ELEITO;TSE (dados abertos)
28177;OLHO D'ÁGUA GRANDE;AL;2025-2028;MARIA SUZANICE HIGINO BAHÉ;SUZY HIGINO;PP;ELEITO;TSE (dados abertos)
28371;PILAR;AL;2025-2028;MARIA DE FATIMA RESENDE ROCHA OITICICA;FATIMA REZENDE;MDB;ELEITO;TSE (dados abertos)
28037;MESSIAS;AL;2025-2028;MARCOS JOSÉ HERCULANO DA SILVA;MARCOS SILVA;REPUBLICANOS;ELEITO;TSE (dados abertos)
27278;CAMPO ALEGRE;AL;2025-2028;PAULINE DE FÁTIMA PEREIRA ALBUQUERQUE;PAULINE PEREIRA;PP;ELEITO;TSE (dados abertos)
27430;COQUEIRO SECO;AL;2025-2028;JADIELSON SILVA DO NASCIMENTO;JADIELSON;MDB;ELEITO;TSE (dados abertos)
27910;MARAVILHA;AL;2025-2028;ANTÔNIO JORGE RODRIGUES;NINO;REPUBLICANOS;ELEITO;TSE (dados abertos)
27014;ÁGUA BRANCA;AL;2025-2028;NAYARA EMMANUELA BATISTA FEITOSA;NAYARA;PP;ELEITO;TSE (dados abertos)
27170;BELO MONTE;AL;2025-2028;DALMO AUGUSTO DE ALMEIDA JÚNIOR;DALMINHO;MDB;ELEITO;TSE (dados abertos)
27812;LAGOA DA CANOA;AL;2025-2028;EDILZA ALVES DE SOUZA;EDILZA ALVES;PP;ELEITO;TSE (dados abertos)
27359;CARNEIROS;AL;2025-2028;UBIRATANIA MARIA SANTANA;UBIRATANIA SANTANA;MDB;ELEITO;TSE (dados abertos)
27995;MATA GRANDE;AL;2025-2028;MARIA FABIANA FARIAS DE ALENCAR;FAL FARIAS;MDB;ELEITO;TSE (dados abertos)
27413;COLÔNIA LEOPOLDINA;AL;2025-2028;ALEXANDRE GILBERTO SOBREIRA;GILBERTO SOBREIRA;MDB;ELEITO;TSE (dados abertos)
28436;POÇO DAS TRINCHEIRAS;AL;2025-2028;JOSE VALMIRO GOMES DA COSTA;VALMIRO COSTA;MDB;ELEITO;TSE (dados abertos)
28533;RIO LARGO;AL;2025-2028;PEDRO CARLOS DA SILVA NETO;CARLOS GONÇALVES;PP;ELEITO;TSE (dados abertos)
28290;PASSO DE CAMARAGIBE;AL;2025-2028;ELLISSON SANTOS DA SILVA;ELLISSON SANTOS;REPUBLICANOS;ELEITO;TSE (dados abertos)
27677;JACARÉ DOS HOMENS;AL;2025-2028;MARIA DO SOCORRO MELO DA SILVA;SOCORRINHO;MDB;ELEITO;TSE (dados abertos)
27081;CAMPESTRE;AL;2025-2028;NELSON MENDES DA SILVA NETO;NETO DE PINO;MDB;ELEITO;TSE (dados abertos)
28797;TANQUE D'ARCA;AL;2025-2028;JUVENIL LOPES DE OLIVEIRA;DIDI;MDB;ELEITO;TSE (dados abertos)
28711;SÃO MIGUEL DOS CAMPOS;AL;2025-2028;GEORGE CLEMENTE VIEIRA;GEORGE CLEMENTE;MDB;ELEITO;TSE (dados abertos)
28630;SÃO BRÁS;AL;2025-2028;KLINGER QUIRINO SANTOS;KLINGER QUIRINO;MDB;ELEITO;TSE (dados abertos)
28754;SÃO SEBASTIÃO;AL;2025-2028;CHARLES NUNES REGUEIRA;CHARLES PACHECO;PP;ELEITO;TSE (dados abertos)
27537;FELIZ DESERTO;AL;2025-2028;JORGE LUIS SILVA NUNES;JORGE NUNES;PP;ELEITO;TSE (dados abertos)
28878;VIÇOSA;AL;2025-2028;JOÃO VICTOR CALHEIROS AMORIM SANTOS;JOÃO VICTOR;MDB;ELEITO;TSE (dados abertos)
28690;SÃO LUÍS DO QUITUNDE;AL;2025-2028;MARCIA RAFAELA BARROS DE VASCONCELOS;MARCIA CAVALCANTE;MDB;ELEITO;TSE (dados abertos)
28673;SÃO JOSÉ DA TAPERA;AL;2025-2028;JARBAS PEREIRA RICARDO;JARBAS RICARDO;MDB;ELEITO;TSE (dados abertos)
27294;CAMPO GRANDE;AL;2025-2028;TEOGENES HIGINO MELO LESSA;TEO HIGINO;PSB;ELEITO;TSE (dados abertos)
27391;COITÉ DO NÓIA;AL;2025-2028;BUENO HIGINO DE SOUZA SILVA;BUENO HIGINO;PP;ELEITO;TSE (dados abertos)
27065;JEQUIÁ DA PRAIA;AL;2025-2028;CARLOS FELIPE CASTRO JATOBA LINS;FELIPE JATOBÁ;PP;ELEITO;TSE (dados abertos)
28150;OLHO D'ÁGUA DO CASADO;AL;2025-2028;CARLOS ALBERTO BEZERRA DA SILVA;CHICO BEZERRA;PT;ELEITO;TSE (dados abertos)
27499;DOIS RIACHOS;AL;2025-2028;ROZINEIDE BARBOSA DE ARAÚJO CAMILO;ROSA CAMILO;MDB;ELEITO;TSE (dados abertos)
27871;MAJOR ISIDORO;AL;2025-2028;THEOBALDO CAVALCANTI LINS NETTO;THEOBALDO CINTRA;MDB;ELEITO;TSE (dados abertos)
27219;BRANQUINHA;AL;2025-2028;RAIMUNDO JOSÉ DE FREITAS LOPES;NENO FREITAS;MDB;ELEITO;TSE (dados abertos)
27138;BATALHA;AL;2025-2028;WAGNEY DANTAS CORREIA CAJE;WAGNEY DANTAS;MDB;ELEITO;TSE (dados abertos)
27650;INHAPI;AL;2025-2028;LUIZ CELSO MALTA BRANDÃO FILHO;TENORINHO MALTA;PP;ELEITO;TSE (dados abertos)
28819;TAQUARANA;AL;2025-2028;GERALDO CICERO DA SILVA;GERALDO;MDB;ELEITO;TSE (dados abertos)
27456;CORURIPE;AL;2025-2028;MARCELO BELTRÃO SIQUEIRA;MARCELO BELTRÃO;PP;ELEITO;TSE (dados abertos)
27570;GIRAU DO PONCIANO;AL;2025-2028;GILBERTO BEZERRA BARROS;BEBETO BARROS;PP;ELEITO;TSE (dados abertos)
27553;FLEXEIRAS;AL;2025-2028;SILVANA MARIA CAVALCANTE DA COSTA PINTO;SILVANA;PP;ELEITO;TSE (dados abertos)
28118;NOVO LINO;AL;2025-2028;MARCELA SILVA GOMES DE BARROS;MARCELA;MDB;ELEITO;TSE (dados abertos)
27855;MACEIÓ;AL;2025-2028;JOAO HENRIQUE HOLANDA CALDAS;JHC;PL;ELEITO;TSE (dados abertos)
27022;PARICONHA;AL;2025-2028;ANTONIO TELMO NOIA;TONY DE CAMPINHOS;MDB;ELEITO;TSE (dados abertos)
27049;ESTRELA DE ALAGOAS;AL;2025-2028;ROBERTO FERREIRA WANDERLEY;ROBERTO WANDERLEY;MDB;ELEITO;TSE (dados abertos)
28495;PORTO REAL DO COLÉGIO;AL;2025-2028;HIGOR JOSÉ SANTOS FREITAS;HIGOR  FREITAS;PP;ELEITO;TSE (dados abertos)
28231;PALESTINA;AL;2025-2028;JOSÉ DJALMA GONÇALVES DA SILVA;JAIME DO MERCADO;MDB;ELEITO;TSE (dados abertos)
28550;ROTEIRO;AL;2025-2028;PAULO JOSÉ LEITE TEIXEIRA;PAULINHO;MDB;ELEITO;TSE (dados abertos)
28215;OURO BRANCO;AL;2025-2028;TACIA DENYSE DE SIQUEIRA NOBRE;DENYSE SIQUEIRA;PP;ELEITO;TSE (dados abertos)
28916;SENADOR RUI PALMEIRA;AL;2025-2028;JOÃO CARLOS RODRIGUES;JOÃOZINHO;MDB;ELEITO;TSE (dados abertos)
27375;CHÃ PRETA;AL;2025-2028;MAURICIO DE VASCONCELOS HOLANDA;MAURICIO HOLANDA;MDB;ELEITO;TSE (dados abertos)
27057;ARAPIRACA;AL;2025-2028;JOSE LUCIANO BARBOSA DA SILVA;LUCIANO BARBOSA;MDB;ELEITO;TSE (dados abertos)
27073;ATALAIA;AL;2025-2028;CECILIA LIMA HERRMANN;CECI;MDB;ELEITO;TSE (dados abertos)
28410;PIRANHAS;AL;2025-2028;TIAGO TORRES FREITAS;TIAGO FREITAS;MDB;ELEITO;TSE (dados abertos)
28274;PÃO DE AÇÚCAR;AL;2025-2028;JORGE SILVA DANTAS;JORGE DANTAS;MDB;ELEITO;TSE (dados abertos)
27774;JUNDIÁ;AL;2025-2028;JORGE SILVIO LUENGO GALVÃO;JORGE GALVÃO;MDB;ELEITO;TSE (dados abertos)
27090;BARRA DE SANTO ANTÔNIO;AL;2025-2028;LIVIA CARLA DA SILVA ALVES;LIVIA CARLA;REPUBLICANOS;ELEITO;TSE (dados abertos)
27731;JARAMATAIA;AL;2025-2028;RICARDO MARTINS BARBOSA;RICARDO PARANHOS;MDB;ELEITO;TSE (dados abertos)
28452;PORTO CALVO;AL;2025-2028;ERONITA SPOSITO LEAO E LIMA;ERONITA SPOSITO;MDB;ELEITO;TSE (dados abertos)
27596;IBATEGUARA;AL;2025-2028;MANOEL GERAERTES ALVES CRUZ;GEO CRUZ;MDB;ELEITO;TSE (dados abertos)
28614;SANTANA DO MUNDAÚ;AL;2025-2028;ANDRÉ LUIZ GOES CASTRO;ANDRÉ CASTRO;MDB;ELEITO;TSE (dados abertos)
27197;BOCA DA MATA;AL;2025-2028;BRUNO FEIJÓ TEIXEIRA;BRUNO FEIJÓ;PP;ELEITO;TSE (dados abertos)
28134;OLHO D'ÁGUA DAS FLORES;AL;2025-2028;JOSÉ LUIZ VASCONCELLOS DOS ANJOS;ZÉ LUIZ;MDB;ELEITO;TSE (dados abertos)
28070;MONTEIRÓPOLIS;AL;2025-2028;LEONOR MELO MONTEIRO;LEONOR MONTEIRO;MDB;ELEITO;TSE (dados abertos)
27251;CAJUEIRO;AL;2025-2028;LUCILA RÉGIA ALBUQUERQUE TOLEDO;LUCILA TOLEDO;MDB;ELEITO;TSE (dados abertos)
27006;PARIPUEIRA;AL;2025-2028;CARLOS ABRAHÃO GOMES DE MOURA;ABRAHÃO MOURA;MDB;ELEITO;TSE (dados abertos)
28193;OLIVENÇA;AL;2025-2028;JOSIMAR DIONISIO;JÓ DIONISIO;MDB;ELEITO;TSE (dados abertos)
28657;SÃO JOSÉ DA LAJE;AL;2025-2028;ANGELA VANESSA ROCHA PEREIRA BEZERRA;VANESSA;MDB;ELEITO;TSE (dados abertos)
27316;CANAPI;AL;2025-2028;JOSÉLIA MELO DE LIMA;JOSÉLIA IRMÃ DE ZÉ HERMES;PP;ELEITO;TSE (dados abertos)
28053;MINADOR DO NEGRÃO;AL;2025-2028;JOSIAS SOARES DA SILVA;JOSIAS APRIGIO;MDB;ELEITO;TSE (dados abertos)
28835;TRAIPU;AL;2025-2028;MANUEL LUCAS KUMMER FREITAS DOS SANTOS;LUCAS SANTOS;MDB;ELEITO;TSE (dados abertos)
27790;JUNQUEIRO;AL;2025-2028;CICERO LEANDRO PEREIRA DA SILVA;LEANDRO SILVA;MDB;ELEITO;TSE (dados abertos)
28312;PAULO JACINTO;AL;2025-2028;FRANCISCO MANOEL FERREIRA FONTAN;CHICAO;PP;ELEITO;TSE (dados abertos)
28096;MURICI;AL;2025-2028;REMI VASCONCELOS CALHEIROS FILHO;REMI FILHO;MDB;ELEITO;TSE (dados abertos)
27235;CACIMBINHAS;AL;2025-2028;WLADIMIR ARAÚJO WANDERLEY;VAVAL WANDERLEY;MDB;ELEITO;TSE (dados abertos)
28894;CRAÍBAS;AL;2025-2028;TEÓFILO JOSÉ BARROSO PEREIRA;TEÓFILO PEREIRA;PP;ELEITO;TSE (dados abertos)
28258;PALMEIRA DOS ÍNDIOS;AL;2025-2028;LUISA JULIA DUARTE;TIA JULIA;MDB;ELEITO;TSE (dados abertos)
27618;IGACI;AL;2025-2028;JOSE PETRUCIO OLIVEIRA BARBOSA;PETRUCIO BARBOSA;MDB;ELEITO;TSE (dados abertos)
27715;JAPARATINGA;AL;2025-2028;JOSÉ SEVERINO DA SILVA;DÉO;MDB;ELEITO;TSE (dados abertos)
27952;MARIBONDO;AL;2025-2028;BRUNO ZEFERINO DO CARMO TEIXEIRA;BRUNO TEIXEIRA;PSB;ELEITO;TSE (dados abertos)
28851;UNIÃO DOS PALMARES;AL;2025-2028;JOSÉ IRAN MENEZES DA SILVA JUNIOR;JÚNIOR MENEZES;MDB;ELEITO;TSE (dados abertos)
27154;BELÉM;AL;2025-2028;ADALBERTO ANTERO TORRES;BETO TORRES;PP;ELEITO;TSE (dados abertos)
27693;JACUÍPE;AL;2025-2028;MAYARA CRISTINA CAVALCANTE DE FREITAS;MAYARA DE CARRO VÉIO;MDB;ELEITO;TSE (dados abertos)
27839;LIMOEIRO DE ANADIA;AL;2025-2028;JAMES MARLAN FERREIRA BARBOSA;MARLAN FERREIRA;PP;ELEITO;TSE (dados abertos)
27979;MAR VERMELHO;AL;2025-2028;ANDRÉ BRANDÃO DE ALMEIDA;ANDRÉ ALMEIDA;MDB;ELEITO;TSE (dados abertos)
27030;ANADIA;AL;2025-2028;PAULO VICTOR PEREIRA ROCHA;VICTOR ROCHA;PP;ELEITO;TSE (dados abertos)
27898;MARAGOGI;AL;2025-2028;DANIEL MENDES DE VASCONCELOS FERREIRA;DANI;PP;ELEITO;TSE (dados abertos)
28479;PORTO DE PEDRAS;AL;2025-2028;ALLAN DE JESUS SILVA;ALLAN DE JESUS;MDB;ELEITO;TSE (dados abertos)
28770;SATUBA;AL;2025-2028;DIOGENES JOSÉ NETO DE AMORIM;JÚNIOR TUTÉ;PP;ELEITO;TSE (dados abertos)
28517;QUEBRANGULO;AL;2025-2028;MANOEL COSTA TENÓRIO;MANOEL TENÓRIO;PSDB;ELEITO;TSE (dados abertos)
27634;IGREJA NOVA;AL;2025-2028;TIAGO GOMES DOS SANTOS;TIAGO MATEUS;MDB;ELEITO;TSE (dados abertos)
27332;CAPELA;AL;2025-2028;THIAGO DE MEDEIROS MOURA;THIAGO MEDEIROS;MDB;ELEITO;TSE (dados abertos)
28010;MATRIZ DE CAMARAGIBE;AL;2025-2028;FERNANDO HENRIQUE LIMA CAVALCANTE;FERNANDO CAVALCANTE;MDB;ELEITO;TSE (dados abertos)
28339;PENEDO;AL;2025-2028;RONALDO PEREIRA LOPES;RONALDO LOPES;MDB;ELEITO;TSE (dados abertos)
00531;CASTANHEIRAS;RO;2025-2028;CICERO APARECIDO GODOI;CICERO GODOI;PP;ELEITO;TSE (dados abertos)
00698;VALE DO ANARI;RO;2025-2028;CLEONE LIMA RIBEIRO;CLEONE LIMA;MDB;ELEITO;TSE (dados abertos)
00620;CACAULÂNDIA;RO;2025-2028;DANIEL MARCELINO DA SILVA;DANIELZINHO;PL;ELEITO;TSE (dados abertos)
00752;TEIXEIRÓPOLIS;RO;2025-2028;OSMY TOLEDO DE SOUZA;OSMY TOLEDO;MDB;ELEITO;TSE (dados abertos)
00582;SERINGUEIRAS;RO;2025-2028;ARMANDO BERNARDO DA SILVA;ARMANDO BERNARDO;UNIÃO;ELEITO;TSE (dados abertos)
00701;PARECIS;RO;2025-2028;MARCONDES DE CARVALHO;MARCONDES DE CARVALHO;UNIÃO;ELEITO;TSE (dados abertos)
00230;COLORADO DO OESTE;RO;2025-2028;EDMILSON RODRIGUES DE ALMEIDA;EDINHO DA RÁDIO;PL;ELEITO;TSE (dados abertos)
00779;BURITIS;RO;2025-2028;VALTAIR FRITZ DOS REIS;VALTAIR FRITZ;PL;ELEITO;TSE (dados abertos)
00094;CACOAL;RO;2025-2028;ADAILTON ANTUNES FERREIRA;ADAILTON FÚRIA;PSD;ELEITO;TSE (dados abertos)
00019;GUAJARÁ-MIRIM;RO;2025-2028;FABIO GARCIA DE OLIVEIRA;NETINHO;PP;ELEITO;TSE (dados abertos)
00515;NOVO HORIZONTE DO OESTE;RO;2025-2028;RONALDO DELAZARI;RONALDO DELAZARI;UNIÃO;ELEITO;TSE (dados abertos)
00132;VILHENA;RO;2025-2028;FLORI CORDEIRO DE MIRANDA JUNIOR;DELEGADO FLORI;PODE;ELEITO;TSE (dados abertos)
00639;ALTO PARAÍSO;RO;2025-2028;JOÃO PAVAN;JOÃO PAVAN;REPUBLICANOS;ELEITO;TSE (dados abertos)
00191;PRESIDENTE MÉDICI;RO;2025-2028;SERGIO PEDRO DA SILVA;SERGIO DO SKINÃO;PL;ELEITO;TSE (dados abertos)
00078;ARIQUEMES;RO;2025-2028;CARLA GONÇALVES REZENDE;CARLA REDANO;UNIÃO;ELEITO;TSE (dados abertos)
00272;CEREJEIRAS;RO;2025-2028;SINÉSIO JOSÉ DE SOUZA;SINÉSIO JOSÉ;UNIÃO;ELEITO;TSE (dados abertos)
00418;SÃO MIGUEL DO GUAPORÉ;RO;2025-2028;EDILSON CRISPIN DIAS;CRISPIN;PODE;ELEITO;TSE (dados abertos)
00655;CORUMBIARA;RO;2025-2028;LEANDRO TEIXEIRA VIEIRA;LEANDRO VIEIRA;UNIÃO;ELEITO;TSE (dados abertos)
00256;ESPIGÃO DO OESTE;RO;2025-2028;WELITON PEREIRA CAMPOS;PROFESSOR WELITON;PL;ELEITO;TSE (dados abertos)
00566;URUPÁ;RO;2025-2028;EZEQUIEL SALDANHA;SALDANHA;PL;ELEITO;TSE (dados abertos)
00558;VALE DO PARAÍSO;RO;2025-2028;CHARLES LUIS PINHEIRO GOMES;CHARLES GOMES;PSD;ELEITO;TSE (dados abertos)
00035;PORTO VELHO;RO;2025-2028;LEONARDO BARRETO DE MORAES;LÉO;PODE;ELEITO;TSE (dados abertos)
00647;RIO CRESPO;RO;2025-2028;EDER DA SILVA;EDER PARAGUAI;PL;ELEITO;TSE (dados abertos)
00450;CABIXI;RO;2025-2028;SILVANO ASCARI DE ALMEIDA;SILVANO DE ALMEIDA;MDB;ELEITO;TSE (dados abertos)
00175;OURO PRETO DO OESTE;RO;2025-2028;JUAN ALEX TESTONI;ALEX TESTONI;UNIÃO;ELEITO;TSE (dados abertos)
00680;CUJUBIM;RO;2025-2028;JOAO BECKER;JOAO BECKER;UNIÃO;ELEITO;TSE (dados abertos)
00590;THEOBROMA;RO;2025-2028;GILLIARD DOS SANTOS GOMES;GILLIARD GOMES;PSD;ELEITO;TSE (dados abertos)
00809;CHUPINGUAIA;RO;2025-2028;WESLEY WANDERLEY DA COSTA GONÇALVES;DR WESLEY ARAUJO;PP;ELEITO;TSE (dados abertos)
00710;SÃO FELIPE D'OESTE;RO;2025-2028;SIDNEY BORGES DE OLIVEIRA;NEY DA PAIOL;PSD;ELEITO;TSE (dados abertos)
00671;CAMPO NOVO DE RONDÔNIA;RO;2025-2028;ALEXANDRE JOSE SILVESTRE DIAS;ALEXANDRE DO FORTALEZA;UNIÃO;ELEITO;TSE (dados abertos)
00787;PIMENTEIRAS DO OESTE;RO;2025-2028;VALERIA APARECIDA MARCELINO GARCIA;VALERIA GARCIA;UNIÃO;ELEITO;TSE (dados abertos)
00493;ITAPUÃ DO OESTE;RO;2025-2028;IDIZNEI CASTRO MARTINS;NEI MARTINS;AVANTE;ELEITO;TSE (dados abertos)
00612;GOVERNADOR JORGE TEIXEIRA;RO;2025-2028;GILMAR TOMAZ DE SOUZA;GILMAR TOMAZ;PP;ELEITO;TSE (dados abertos)
00744;NOVA UNIÃO;RO;2025-2028;JOÃO JOSÉ DE OLIVEIRA;JOÃO LEVI;PSD;ELEITO;TSE (dados abertos)
00396;MACHADINHO D'OESTE;RO;2025-2028;PAULO HENRIQUE DOS SANTOS;PAULO DA REMAP;PL;ELEITO;TSE (dados abertos)
00736;ALTO ALEGRE DOS PARECIS;RO;2025-2028;DENAIR PEDRO DA SILVA;DENA;UNIÃO;ELEITO;TSE (dados abertos)
00159;JARU;RO;2025-2028;JEVERSON LUIZ DE LIMA;JEVERSON LIMA;MDB;ELEITO;TSE (dados abertos)
00299;ROLIM DE MOURA;RO;2025-2028;ALDAIR JULIO PEREIRA;ALDO JULIO;UNIÃO;ELEITO;TSE (dados abertos)
00213;COSTA MARQUES;RO;2025-2028;FABIOMAR AGOSTINI BENTO;DR FABIOMAR;UNIÃO;ELEITO;TSE (dados abertos)
00795;SÃO FRANCISCO DO GUAPORÉ;RO;2025-2028;JOSÉ WELLINGTON DRUMOND GOUVEA;ZÉ WELLINGTON;PL;ELEITO;TSE (dados abertos)
00728;PRIMAVERA DE RONDÔNIA;RO;2025-2028;LUCAS NUNES DA SILVA;LUCAS NUNES;PL;ELEITO;TSE (dados abertos)
00370;NOVA BRASILÂNDIA D'OESTE;RO;2025-2028;CLODOALDO ALVES PEDROSO;GINAO DA SAÚDE;PRTB;ELEITO;TSE (dados abertos)
00353;SANTA LUZIA D'OESTE;RO;2025-2028;JURANDIR DE OLIVEIRA ARAUJO;JURANDIR DE OLIVEIRA;UNIÃO;ELEITO;TSE (dados abertos)
00051;JI-PARANÁ;RO;2025-2028;AFFONSO ANTÔNIO CÂNDIDO;AFFONSO CÂNDIDO;PL;ELEITO;TSE (dados abertos)
00116;PIMENTA BUENO;RO;2025-2028;MARCILENE RODRIGUES DA SILVA SOUZA;PROF . MARCILENE;PODE;ELEITO;TSE (dados abertos)
00337;ALVORADA DO OESTE;RO;2025-2028;JAIR LUIZ;JAIR LUIZ;UNIÃO;ELEITO;TSE (dados abertos)
00663;MONTE NEGRO;RO;2025-2028;IVAIR JOSE FERNANDES;IVAIR FERNANDES;PSD;ELEITO;TSE (dados abertos)
00434;NOVA MAMORÉ;RO;2025-2028;MARCÉLIO RODRIGUES UCHÔA;MARCÉLIO BRASILEIRO;PL;ELEITO;TSE (dados abertos)
00604;MINISTRO ANDREAZZA;RO;2025-2028;JOSÉ ALVES PEREIRA;MILA DA AGRICULTURA;PSD;ELEITO;TSE (dados abertos)
00574;MIRANTE DA SERRA;RO;2025-2028;JOSE CARLOS PEREIRA DE ANDRADE;NENO ANDRADE;REPUBLICANOS;ELEITO;TSE (dados abertos)
00310;ALTA FLORESTA D'OESTE;RO;2025-2028;GIOVAN DAMO;GIO DAMO;UNIÃO;ELEITO;TSE (dados abertos)
00477;CANDEIAS DO JAMARI;RO;2025-2028;LINDOMAR BARBOSA ALVES;LINDOMAR GARÇON;REPUBLICANOS;ELEITO;TSE (dados abertos)
91898;JUSCIMEIRA;MT;2025-2028;ALEXANDRE RUSSI;ALEXANDRE RUSSI;PL;ELEITO;TSE (dados abertos)
90425;COTRIGUAÇU;MT;2025-2028;MOISES FERREIRA DE JESUS;MOISES;UNIÃO;ELEITO;TSE (dados abertos)
99058;GUARANTÃ DO NORTE;MT;2025-2028;ALBERTO MÁRCIO GONÇALVES;SUBTENENTE MÁRCIO GONÇALVES;NOVO;ELEITO;TSE (dados abertos)
90786;FELIZ NATAL;MT;2025-2028;JOSE ANTONIO DUBIELLA;TONI DUBIELLA;MDB;ELEITO;TSE (dados abertos)
90476;CÁCERES;MT;2025-2028;ANTÔNIA ELIENE LIBERATO DIAS;ELIENE LIBERATO;PSB;ELEITO;TSE (dados abertos)
90913;ITIQUIRA;MT;2025-2028;FABIANO DALLA VALLE;FABIANO DALLA VALLE;UNIÃO;ELEITO;TSE (dados abertos)
98698;ITAÚBA;MT;2025-2028;ANTONIO  FERREIRA DE OLIVEIRA NETO;TONINHO TIJOLINHO;PSB;ELEITO;TSE (dados abertos)
90581;JURUENA;MT;2025-2028;MANOEL GONTIJO DE CARVALHO;MANOEL GARÇA BRANCA;UNIÃO;ELEITO;TSE (dados abertos)
90727;SAPEZAL;MT;2025-2028;CLÁUDIO JOSE SCARIOTE;CLÁUDIO SCARIOTE;REPUBLICANOS;ELEITO;TSE (dados abertos)
89788;COLNIZA;MT;2025-2028;MILTON DE SOUZA AMORIM;MILTINHO;UNIÃO;ELEITO;TSE (dados abertos)
91812;PEDRA PRETA;MT;2025-2028;IRACI FERREIRA DE SOUZA;IRACI;PSDB;ELEITO;TSE (dados abertos)
90085;CANABRAVA DO NORTE;MT;2025-2028;NEUILSON DA SILVA LIMA;PROFESSOR NEUILSON;UNIÃO;ELEITO;TSE (dados abertos)
90778;GENERAL CARNEIRO;MT;2025-2028;JOÃO FILHO MARQUES RODRIGUES;JOÃO FILHO;MDB;ELEITO;TSE (dados abertos)
91057;LUCIARA;MT;2025-2028;PARASSU DE SOUZA FREITAS;PARASSU;MDB;ELEITO;TSE (dados abertos)
89834;PARANATINGA;MT;2025-2028;ANTONIO MARCOS THOMAZINI;MARCOS TOMAZINI;UNIÃO;ELEITO;TSE (dados abertos)
98736;NOVA OLÍMPIA;MT;2025-2028;ARI CANDIDO BATISTA;ARI CANDIDO BATISTA;PL;ELEITO;TSE (dados abertos)
91677;VÁRZEA GRANDE;MT;2025-2028;FLAVIA PETERSEN MORETTI DE ARAUJO;FLÁVIA MORETTI;PL;ELEITO;TSE (dados abertos)
91391;POXORÉU;MT;2025-2028;LUCIANO HUDSON SOL DA COSTA;LUCIANO SOL;REPUBLICANOS;ELEITO;TSE (dados abertos)
89990;PONTES E LACERDA;MT;2025-2028;JAKSON FRANCISCO BASSI;JAKSON BASSI;PL;ELEITO;TSE (dados abertos)
90662;RIBEIRÃO CASCALHEIRA;MT;2025-2028;ELZA DIVINA BORGES GOMES;DONA ELZA;PL;ELEITO;TSE (dados abertos)
90026;SÃO JOSÉ DO POVO;MT;2025-2028;IVANILDO VILELA DA SILVA;JUNIOR DA SAUDE;PSB;ELEITO;TSE (dados abertos)
90620;MATUPÁ;MT;2025-2028;BRUNO SANTOS MENA;BRUNO MENA;UNIÃO;ELEITO;TSE (dados abertos)
98914;RESERVA DO CABAÇAL;MT;2025-2028;JONAS CAMPOS VIEIRA;JONAS CAMPOS;PP;ELEITO;TSE (dados abertos)
98191;JUARA;MT;2025-2028;VALDINEI HOLANDA MORAES;NEI DA FARMÁCIA;PRD;ELEITO;TSE (dados abertos)
98833;PARANAÍTA;MT;2025-2028;OSMAR ANTONIO MOREIRA;OSMAR MANDACARÚ;UNIÃO;ELEITO;TSE (dados abertos)
91936;CANARANA;MT;2025-2028;VILSON BIGUELINI;VILSON BIGUELINI;UNIÃO;ELEITO;TSE (dados abertos)
98671;COCALINHO;MT;2025-2028;MÁRCIO CONCEIÇÃO NUNES DE AGUIAR;BACO;UNIÃO;ELEITO;TSE (dados abertos)
91510;RONDONÓPOLIS;MT;2025-2028;CLAUDIO FERREIRA DE SOUZA;CLAUDIO FERREIRA;PL;ELEITO;TSE (dados abertos)
98850;PORTO ALEGRE DO NORTE;MT;2025-2028;CARLOS ROBERTO TOMAZETTO;CARLOS TOMAZETTO;UNIÃO;ELEITO;TSE (dados abertos)
91618;TESOURO;MT;2025-2028;JOÃO ISAACK MOREIRA CASTELO BRANCO;ISAACK;PSB;ELEITO;TSE (dados abertos)
90980;SANTA CRUZ DO XINGU;MT;2025-2028;JORAILDES SOARES DE SOUSA;JO;UNIÃO;ELEITO;TSE (dados abertos)
89818;NOVA BRASILÂNDIA;MT;2025-2028;JOSÉ ANTÔNIO DOMINGOS CARDOSO;TONINHO;UNIÃO;ELEITO;TSE (dados abertos)
90166;NOVA MARILÂNDIA;MT;2025-2028;JEFFERSON NOGUEIRA SOUTO;JEFFERSON SOUTO;PP;ELEITO;TSE (dados abertos)
98876;PORTO ESPERIDIÃO;MT;2025-2028;ODIRLEI QUEIROZ FARIA;ODIRLEI FARIA;PSDB;ELEITO;TSE (dados abertos)
89974;SALTO DO CÉU;MT;2025-2028;MAUTO TEIXEIRA ESPINDOLA;PROFESSOR MAUTO;REPUBLICANOS;ELEITO;TSE (dados abertos)
90239;ARAGUAINHA;MT;2025-2028;FRANCISCO GONÇALVES NAVES;CHIQUINHO;UNIÃO;ELEITO;TSE (dados abertos)
90824;GAÚCHA DO NORTE;MT;2025-2028;ARI DO PRADO;ARI DO PRADO;UNIÃO;ELEITO;TSE (dados abertos)
99031;FIGUEIRÓPOLIS D'OESTE;MT;2025-2028;ADEMIR FELICIO GARCIA;MIRIM;REPUBLICANOS;ELEITO;TSE (dados abertos)
90360;NOVA MONTE VERDE;MT;2025-2028;EDEMILSON MARINO DOS SANTOS;EDEMILSON MARINO;UNIÃO;ELEITO;TSE (dados abertos)
90956;JACIARA;MT;2025-2028;ANDREIA WAGNER;ANDREIA;PSB;ELEITO;TSE (dados abertos)
90220;TABAPORÃ;MT;2025-2028;CARLOS EDUARDO BORCHARDT;CARLÃO BORCHARDT;PL;ELEITO;TSE (dados abertos)
98973;VERA;MT;2025-2028;YAGO PEZARICO GIACOMELLI;YAGO GIACOMELLI;MDB;ELEITO;TSE (dados abertos)
90719;DOM AQUINO;MT;2025-2028;CARLOS ALBERTO DA COSTA;CARLIM AMARELO;REPUBLICANOS;ELEITO;TSE (dados abertos)
90808;NOVO MUNDO;MT;2025-2028;CASCIANO MARTINS REIS;CASCIANO;MDB;ELEITO;TSE (dados abertos)
90549;CASTANHEIRA;MT;2025-2028;JAKSON DE OLIVEIRA RIOS JUNIOR;JUNINHO;UNIÃO;ELEITO;TSE (dados abertos)
90689;TAPURAH;MT;2025-2028;ALVARO GALVAN;ALVARO GALVAN;PL;ELEITO;TSE (dados abertos)
90964;NOVA NAZARÉ;MT;2025-2028;REGINALDO MARTINS DEL COLLE;NARIZINHO;PSB;ELEITO;TSE (dados abertos)
98655;CAMPINÁPOLIS;MT;2025-2028;JEOVAN FARIA;JEOVAN FARIA;REPUBLICANOS;ELEITO;TSE (dados abertos)
90204;GLÓRIA D'OESTE;MT;2025-2028;GHEYSA MARIA BONFIM BORGATO;GHEYSA BORGATO;PSD;ELEITO;TSE (dados abertos)
90832;GUIRATINGA;MT;2025-2028;WALDECI BARGA ROSA;BARGA ROSA;UNIÃO;ELEITO;TSE (dados abertos)
98639;ARAGUAIANA;MT;2025-2028;JOSE MARRA NERY;JOSE MARRA;MDB;ELEITO;TSE (dados abertos)
90760;CARLINDA;MT;2025-2028;FERNANDO DE OLIVEIRA RIBEIRO;PASTOR FERNANDO;UNIÃO;ELEITO;TSE (dados abertos)
89826;NOVA SANTA HELENA;MT;2025-2028;PAULINHO BORTOLINI;PAULINHO BORTOLINI;UNIÃO;ELEITO;TSE (dados abertos)
98990;VILA RICA;MT;2025-2028;JOÃO SALOMÃO PIMENTA;JOÃO DA PÁ;PL;ELEITO;TSE (dados abertos)
91219;NOSSA SENHORA DO LIVRAMENTO;MT;2025-2028;THIAGO GONÇALO LUNGUINHO DE ALMEIDA;DR THIAGO;UNIÃO;ELEITO;TSE (dados abertos)
90107;SANTA CARMEM;MT;2025-2028;PABLO LIBERAL BORTOLAS;PABLO BORTOLAS;PL;ELEITO;TSE (dados abertos)
98957;TERRA NOVA DO NORTE;MT;2025-2028;PASCOAL ALBERTON;PASCOAL ALBERTON;MDB;ELEITO;TSE (dados abertos)
90743;CAMPOS DE JÚLIO;MT;2025-2028;IRINEU MARCOS PARMEGGIANI;PARMA;UNIÃO;ELEITO;TSE (dados abertos)
90042;ALTO BOA VISTA;MT;2025-2028;JOSÉ PEREIRA MARANHÃO;ZÉ MARANHÃO;PSB;ELEITO;TSE (dados abertos)
91294;POCONÉ;MT;2025-2028;JONAS EDUARDO DE QUEIROZ MORAES;DR JONAS;PODE;ELEITO;TSE (dados abertos)
90441;RIBEIRÃOZINHO;MT;2025-2028;DANILO COELHO DOMINGOS;DANILO COELHO;PSB;ELEITO;TSE (dados abertos)
91952;NOVA XAVANTINA;MT;2025-2028;JOÃO MACHADO NETO;JOÃO BANG;UNIÃO;ELEITO;TSE (dados abertos)
98795;NOVO HORIZONTE DO NORTE;MT;2025-2028;AGENOR EVANGELISTA DA SILVA JUNIOR;AGENOR JUNIOR;REPUBLICANOS;ELEITO;TSE (dados abertos)
90182;PORTO ESTRELA;MT;2025-2028;MARCIO RODRIGUES DA SILVA;MARCIO PESCADOR;PP;ELEITO;TSE (dados abertos)
90409;SÃO PEDRO DA CIPA;MT;2025-2028;EDUARDO JOSE DA SILVA ABREU;EDUARDO PORTUGUÊS;PSB;ELEITO;TSE (dados abertos)
99074;INDIAVAÍ;MT;2025-2028;SIDNEI MARQUES LOPES;SIDNEI DA CERÂMICA;PRD;ELEITO;TSE (dados abertos)
91081;IPIRANGA DO NORTE;MT;2025-2028;JULIANO BERTICELLI;ZOINHO;PL;ELEITO;TSE (dados abertos)
91359;PORTO DOS GAÚCHOS;MT;2025-2028;VANDERLEI ANTONIO DE ABREU;VANDERLEI DE ABREU;MDB;ELEITO;TSE (dados abertos)
89850;SINOP;MT;2025-2028;ROBERTO DORNER;ROBERTO DORNER;PL;ELEITO;TSE (dados abertos)
91537;ROSÁRIO OESTE;MT;2025-2028;MARIANO BALABAM;MARIANO BALABAM;PSB;ELEITO;TSE (dados abertos)
90484;CAMPO NOVO DO PARECIS;MT;2025-2028;EDILSON ANTONIO PIAIA;PIAIA;PL;ELEITO;TSE (dados abertos)
98752;NOVA CANAÃ DO NORTE;MT;2025-2028;ALLISON VINICIUS OLIVEIRA DA SILVA;VINICIUS OLIVEIRA;UNIÃO;ELEITO;TSE (dados abertos)
91634;TORIXORÉU;MT;2025-2028;THIAGO TIMO OLIVEIRA;THIAGO TIMO;PSB;ELEITO;TSE (dados abertos)
90921;SERRA NOVA DOURADA;MT;2025-2028;ELSON FARIAS DE SOUSA;ELSON MARÁ;MDB;ELEITO;TSE (dados abertos)
91022;VALE DE SÃO DOMINGOS;MT;2025-2028;LEANDRO AZEVEDO DA CUNHA;LEANDRO AZEVEDO;PSDB;ELEITO;TSE (dados abertos)
89960;RONDOLÂNDIA;MT;2025-2028;JOSÉ GUEDES DE SOUZA;GUEDES;MDB;ELEITO;TSE (dados abertos)
90263;APIACÁS;MT;2025-2028;JULIO CESAR DOS SANTOS;JULIO;MDB;ELEITO;TSE (dados abertos)
98337;DENISE;MT;2025-2028;ALDECIR DE SOUSA OLIVEIRA;MARROM;UNIÃO;ELEITO;TSE (dados abertos)
98710;MARCELÂNDIA;MT;2025-2028;CELSO LUIZ PADOVANI;CELSO PADOVANI;UNIÃO;ELEITO;TSE (dados abertos)
90328;SANTO AFONSO;MT;2025-2028;LUIS FERNANDO FERREIRA FALCÃO;LUIS FERNANDO;UNIÃO;ELEITO;TSE (dados abertos)
90840;UNIÃO DO SUL;MT;2025-2028;VANDERLEI ANTONIO DE MARCH;VANDECO;UNIÃO;ELEITO;TSE (dados abertos)
73709;BOA ESPERANÇA DO NORTE;MT;2025-2028;CALEBE FRANCESCO FRANCIO;CALEBE FRANCIO;MDB;ELEITO;TSE (dados abertos)
90867;NOVA LACERDA;MT;2025-2028;AIRTON JUSTINO DO NASCIMENTO;AIRTON LAGOANO;PL;ELEITO;TSE (dados abertos)
90255;ARENÁPOLIS;MT;2025-2028;EDERSON FIGUEIREDO;EDER MARQUIS;PP;ELEITO;TSE (dados abertos)
90352;BARRA DO GARÇAS;MT;2025-2028;ADILSON GONÇALVES DE MACEDO;DR ADILSON;UNIÃO;ELEITO;TSE (dados abertos)
91103;ITANHANGÁ;MT;2025-2028;EMERSON SABATINE;EMERSON SABATINE;PL;ELEITO;TSE (dados abertos)
90603;LUCAS DO RIO VERDE;MT;2025-2028;MIGUEL VAZ RIBEIRO;MIGUEL VAZ;REPUBLICANOS;ELEITO;TSE (dados abertos)
98930;SORRISO;MT;2025-2028;ALEI FERNANDES;ALEI FERNANDES;UNIÃO;ELEITO;TSE (dados abertos)
90522;CLÁUDIA;MT;2025-2028;MARCOS FERNANDO FELDHAUS;MARCOS TADEU;UNIÃO;ELEITO;TSE (dados abertos)
90700;PONTAL DO ARAGUAIA;MT;2025-2028;ADELCINO FRANCISCO LOPO;ADELCINO LOPO;MDB;ELEITO;TSE (dados abertos)
98817;PEIXOTO DE AZEVEDO;MT;2025-2028;NILMAR NUNES DE MIRANDA;PAULISTINHA;UNIÃO;ELEITO;TSE (dados abertos)
90590;CHAPADA DOS GUIMARÃES;MT;2025-2028;OSMAR FRONER DE MELLO;OSMAR FRONER;UNIÃO;ELEITO;TSE (dados abertos)
91006;CONQUISTA D'OESTE;MT;2025-2028;ODAIR JOSE VARGAS;ODAIR;PL;ELEITO;TSE (dados abertos)
90077;ALTO GARÇAS;MT;2025-2028;CEZALPINO MENDES TEIXEIRA JUNIOR;JUNIOR PITUCHA;PL;ELEITO;TSE (dados abertos)
90697;DIAMANTINO;MT;2025-2028;FRANCISCO FERREIRA MENDES JUNIOR;CHICO MENDES;UNIÃO;ELEITO;TSE (dados abertos)
91995;SÃO JOSÉ DO RIO CLARO;MT;2025-2028;LEVI RIBEIRO;LEVI RIBEIRO;PL;ELEITO;TSE (dados abertos)
90280;CONFRESA;MT;2025-2028;RICARDO ALOISIO BABINSKI;RICARDO BABINKSI;MDB;ELEITO;TSE (dados abertos)
98779;NOVO SÃO JOAQUIM;MT;2025-2028;LEONARDO FARIA ZAMPA;LEONARDO FARIAS;PL;ELEITO;TSE (dados abertos)
90336;BARRA DO BUGRES;MT;2025-2028;MARIA AZENILDA PEREIRA;AZENILDA PEREIRA;REPUBLICANOS;ELEITO;TSE (dados abertos)
89796;COLÍDER;MT;2025-2028;RODRIGO LUIZ BENASSI;RODRIGO BENASSI;PRD;ELEITO;TSE (dados abertos)
90018;ACORIZAL;MT;2025-2028;DIEGO EWERTON FIGUEIREDO TAQUES;DIEGO TAQUES;UNIÃO;ELEITO;TSE (dados abertos)
90670;CUIABÁ;MT;2025-2028;ABILIO JACQUES BRUNINI MOUMER;ABILIO;PL;ELEITO;TSE (dados abertos)
89800;CURVELÂNDIA;MT;2025-2028;JADILSON ALVES DE SOUZA;JADILSON;UNIÃO;ELEITO;TSE (dados abertos)
90271;ARIPUANÃ;MT;2025-2028;SELUIR PEIXER REGHIN;SELUIR PEIXER REGHIN;UNIÃO;ELEITO;TSE (dados abertos)
91197;NORTELÂNDIA;MT;2025-2028;MARIANO GOMES MIRANDA;MARIANO GOMES;UNIÃO;ELEITO;TSE (dados abertos)
89893;ARAPUTANGA;MT;2025-2028;ENILSON DE ARAUJO RIOS;ENILSON RIOS;UNIÃO;ELEITO;TSE (dados abertos)
98310;JUÍNA;MT;2025-2028;PAULO AUGUSTO VERONESE;PAULO VERONESE;UNIÃO;ELEITO;TSE (dados abertos)
90565;JANGADA;MT;2025-2028;ROGÉRIO DE OLIVEIRA MEIRA;ROGÉRIO MEIRA;PSD;ELEITO;TSE (dados abertos)
89843;SANTO ANTÔNIO DO LESTE;MT;2025-2028;MIGUEL JOSE BRUNETTA;MIGUEL BRUNETTA;PL;ELEITO;TSE (dados abertos)
91979;SANTA TEREZINHA;MT;2025-2028;THIAGO CASTELLAN RIBEIRO;THIAGO ENGENHEIRO;PSB;ELEITO;TSE (dados abertos)
89915;JAURU;MT;2025-2028;VALDECI JOSÉ DE SOUZA;PASSARINHO;UNIÃO;ELEITO;TSE (dados abertos)
90140;NOVA GUARITA;MT;2025-2028;EDSON GONZAGA RIBEIRO;EDINHO DA BONANZA;UNIÃO;ELEITO;TSE (dados abertos)
90948;NOVO SANTO ANTÔNIO;MT;2025-2028;CLEOMENES JUNIOR DIAS COSTA;JUNIOR CONTADOR;PSB;ELEITO;TSE (dados abertos)
90387;NOVA BANDEIRANTES;MT;2025-2028;JOÃO ROGÉRIO DE SOUZA;ROGÉRIO DE SOUZA;REPUBLICANOS;ELEITO;TSE (dados abertos)
90506;CAMPO VERDE;MT;2025-2028;ALEXANDRE LOPES DE OLIVEIRA;ALEXANDRE LOPES;UNIÃO;ELEITO;TSE (dados abertos)
99015;COMODORO;MT;2025-2028;ROGERIO VILELA VICTOR DE OLIVEIRA;ROGERIO VILELA;UNIÃO;ELEITO;TSE (dados abertos)
90646;NOVA MUTUM;MT;2025-2028;LEANDRO FELIX PEREIRA;LEANDRO FELIX PEREIRA;UNIÃO;ELEITO;TSE (dados abertos)
90069;QUERÊNCIA;MT;2025-2028;GILMAR REINOLDO WENTZ;GILMAR WENTZ;PRD;ELEITO;TSE (dados abertos)
89931;SÃO JOSÉ DOS QUATRO MARCOS;MT;2025-2028;JAMIS SILVA BOLANDIN;JAMIS SILVA;UNIÃO;ELEITO;TSE (dados abertos)
91170;NOBRES;MT;2025-2028;JOSE DOMINGOS FRAGA FILHO;ZÉ DOMINGOS;UNIÃO;ELEITO;TSE (dados abertos)
89958;RIO BRANCO;MT;2025-2028;PABOLLO VICTOR BATISTA SIMAN;PABOLLO;REPUBLICANOS;ELEITO;TSE (dados abertos)
91553;SANTO ANTÔNIO DO LEVERGER;MT;2025-2028;FRANCIELI MAGALHÃES DE ARRUDA VIEIRA PIRES;FRANCIELI;PSB;ELEITO;TSE (dados abertos)
90050;ALTO ARAGUAIA;MT;2025-2028;JACSON MARLON NIEDERMEIER;JACSON NIEDERMEIER;UNIÃO;ELEITO;TSE (dados abertos)
90344;PLANALTO DA SERRA;MT;2025-2028;NATAL ALVES DE ASSIS SOBRINHO;NATAL DE ASSIS;UNIÃO;ELEITO;TSE (dados abertos)
89877;ALTA FLORESTA;MT;2025-2028;VALDEMAR GAMBA;CHICO GAMBA;UNIÃO;ELEITO;TSE (dados abertos)
90247;SÃO JOSÉ DO XINGU;MT;2025-2028;SANDRO JOSE LUZ COSTA;DR SANDRO;UNIÃO;ELEITO;TSE (dados abertos)
90123;NOVA MARINGÁ;MT;2025-2028;ANA MARIA URQUIZA CASAGRANDE;ANA;UNIÃO;ELEITO;TSE (dados abertos)
91049;SANTA RITA DO TRIVELATO;MT;2025-2028;VOLMIR BASSANI;VOLMIR BASSANI;MDB;ELEITO;TSE (dados abertos)
98612;ALTO TAQUARI;MT;2025-2028;MARILDA GAROFOLO SPERANDIO;MARILDA SPERANDIO;UNIÃO;ELEITO;TSE (dados abertos)
91910;ÁGUA BOA;MT;2025-2028;MARIANO KOLANKIEWICZ FILHO;DR. MARIANO;MDB;ELEITO;TSE (dados abertos)
91839;SÃO FÉLIX DO ARAGUAIA;MT;2025-2028;ACÁCIO ALVES SOUZA;DR ACÁCIO;REPUBLICANOS;ELEITO;TSE (dados abertos)
91855;TANGARÁ DA SERRA;MT;2025-2028;VANDER ALBERTO MASSON;VANDER MASSON;UNIÃO;ELEITO;TSE (dados abertos)
98892;PRIMAVERA DO LESTE;MT;2025-2028;SERGIO MACHNIC;SERGIO MACHNIC;PL;ELEITO;TSE (dados abertos)
90310;BARÃO DE MELGAÇO;MT;2025-2028;MARGARETH GONÇALVES DA SILVA;MARGARETH DE MUNIL;UNIÃO;ELEITO;TSE (dados abertos)
90883;NOVA UBIRATÃ;MT;2025-2028;EDEGAR JOSÉ BERNARDI;NENINHO DA NEVADA;UNIÃO;ELEITO;TSE (dados abertos)
91090;VILA BELA DA SANTÍSSIMA TRINDADE;MT;2025-2028;JACOB ANDRÉ BRINGSKEN;DR. ANDRÉ;MDB;ELEITO;TSE (dados abertos)
91774;MIRASSOL D'OESTE;MT;2025-2028;HECTOR ALVARES BEZERRA;HECTOR ALVARES;UNIÃO;ELEITO;TSE (dados abertos)
90468;BRASNORTE;MT;2025-2028;EDELO MARCELO FERRARI;EDELO FERRARI;UNIÃO;ELEITO;TSE (dados abertos)
90905;BOM JESUS DO ARAGUAIA;MT;2025-2028;MARCILEI ALVES DE OLIVEIRA;MANSÃO;PSB;ELEITO;TSE (dados abertos)
90093;ALTO PARAGUAI;MT;2025-2028;ADAIR JOSE ALVES MOREIRA;ADAIR;MDB;ELEITO;TSE (dados abertos)
91332;PONTE BRANCA;MT;2025-2028;CLENEI PARREIRA DA SILVA;CLENEI PARREIRA;UNIÃO;ELEITO;TSE (dados abertos)
90301;LAMBARI D'OESTE;MT;2025-2028;MARCELO VIEIRA VITORAZZI;MARCELINHO DA BEM STAR;UNIÃO;ELEITO;TSE (dados abertos)
08273;MATA ROMA;MA;2025-2028;BESALIEL FREITAS ALBUQUERQUE;BESALIEL;PDT;ELEITO;TSE (dados abertos)
07102;ARAGUANÃ;MA;2025-2028;FLAVIO RONNE AMORIM MUNIZ;FLÁVIO AMORIM;PL;ELEITO;TSE (dados abertos)
07900;MARAJÁ DO SENA;MA;2025-2028;ADONILSON DO NASCIMENTO LIMA;NENÉM MACHADO;PP;ELEITO;TSE (dados abertos)
08087;PERITORÓ;MA;2025-2028;JOSUE PINHO DA SILVA JUNIOR;DR JUNIOR;PP;ELEITO;TSE (dados abertos)
08168;RAPOSA;MA;2025-2028;EUDES DA SILVA BARROS;EUDES BARROS;PL;ELEITO;TSE (dados abertos)
07250;BACURI;MA;2025-2028;MARCIO FLAVIO DOS SANTOS ABREU;MARCIO HOMINHO;PL;ELEITO;TSE (dados abertos)
07234;BACABAL;MA;2025-2028;JOSÉ ROBERTO COSTA SANTOS;ROBERTO COSTA;MDB;ELEITO;TSE (dados abertos)
07986;NOVA COLINAS;MA;2025-2028;MARIANA PINTO RIBEIRO MACEDO;DRA MARIANA;UNIÃO;ELEITO;TSE (dados abertos)
08877;RIACHÃO;MA;2025-2028;JOANA PAULA COELHO DE OLIVEIRA;PAULA COELHO;MDB;ELEITO;TSE (dados abertos)
09270;SÃO VICENTE FERRER;MA;2025-2028;ADRIANO MACHADO DE FREITAS;ADRIANO FREITAS;UNIÃO;ELEITO;TSE (dados abertos)
09555;BOM JARDIM;MA;2025-2028;CHRISTIANNE DE ARAUJO VARÃO;CRISTIANE VARÃO;PL;ELEITO;TSE (dados abertos)
08990;SANTA QUITÉRIA DO MARANHÃO;MA;2025-2028;SÂMIA COELHO MOREIRA CARVALHO;SÂMIA MOREIRA;PDT;ELEITO;TSE (dados abertos)
08605;TURILÂNDIA;MA;2025-2028;JOSÉ PAULO DANTAS SILVA NETO;PAULO CURIÓ;UNIÃO;ELEITO;TSE (dados abertos)
07315;BARRA DO CORDA;MA;2025-2028;RIGO ALBERTO TELIS DE SOUSA;RIGO TELES;MDB;ELEITO;TSE (dados abertos)
07226;CACHOEIRA GRANDE;MA;2025-2028;RAIMUNDO CESAR CASTRO DE SOUSA;CESAR CASTRO;PL;ELEITO;TSE (dados abertos)
08192;LIMA CAMPOS;MA;2025-2028;JAILSON FAUSTO ALVES;JAILSON FAUSTO;UNIÃO;ELEITO;TSE (dados abertos)
07552;CARUTAPERA;MA;2025-2028;AMIN BARBOSA QUEMEL;AMIN QUEMEL;PP;ELEITO;TSE (dados abertos)
07811;FORTUNA;MA;2025-2028;SEBASTIÃO PEREIRA DA COSTA NETO;SEBASTIÃO COSTA;PDT;ELEITO;TSE (dados abertos)
08591;PASTOS BONS;MA;2025-2028;ENOQUE FERREIRA MOTA NETO;ENOQUE MOTA;MDB;ELEITO;TSE (dados abertos)
08931;SAMBAÍBA;MA;2025-2028;MARIA DE FÁTIMA RIBEIRO DANTAS;FATIMA DANTAS;PP;ELEITO;TSE (dados abertos)
08184;RIBAMAR FIQUENE;MA;2025-2028;COCIFLAN SILVA DO AMARANTE;COCIFLAN;REPUBLICANOS;ELEITO;TSE (dados abertos)
07480;CIDELÂNDIA;MA;2025-2028;EUSTAQUIO SAMPAIO;EUSTAQUIO SAMPAIO;PSB;ELEITO;TSE (dados abertos)
08974;SANTA LUZIA;MA;2025-2028;JUSCELINO DA CRUZ FILGUEIRA JUNIOR;JUSCELINO MARRECA;PRD;ELEITO;TSE (dados abertos)
07110;AMARANTE DO MARANHÃO;MA;2025-2028;VANDERLY GOMES MIRANDA;VANDERLY;MDB;ELEITO;TSE (dados abertos)
08656;PERI MIRIM;MA;2025-2028;HELIEZER DE JESUS SOARES;HELIEZER DO POVO;MDB;ELEITO;TSE (dados abertos)
07633;CODÓ;MA;2025-2028;FRANCISCO CARLOS DE OLIVEIRA;CHIQUINHO FC;PT;ELEITO;TSE (dados abertos)
09652;SANTA LUZIA DO PARUÁ;MA;2025-2028;ANTONIO VILSON MARREIROS FERRAZ;VILSON FERRAZ;PL;ELEITO;TSE (dados abertos)
08141;PRESIDENTE SARNEY;MA;2025-2028;ALBERTO GILSON MORAES DE SOUSA;GILSON LIMA;UNIÃO;ELEITO;TSE (dados abertos)
08214;LORETO;MA;2025-2028;GERMANO MARTINS COELHO;GERMANO COELHO;REPUBLICANOS;ELEITO;TSE (dados abertos)
07960;MILAGRES DO MARANHÃO;MA;2025-2028;JOSÉ AUGUSTO CARDOSO CALDAS;ZÉ AUGUSTO;PDT;ELEITO;TSE (dados abertos)
08532;PARAIBANO;MA;2025-2028;VANESSA QUEIROZ FURTADO FERRO;VANESSA FURTADO;UNIÃO;ELEITO;TSE (dados abertos)
09172;SÃO JOÃO BATISTA;MA;2025-2028;EMERSON LIVIO SOARES PINTO;MECINHO;REPUBLICANOS;ELEITO;TSE (dados abertos)
07331;BARREIRINHAS;MA;2025-2028;MARCUS VINICIUS VALE LIMA;VINICIUS VALE;MDB;ELEITO;TSE (dados abertos)
07846;LAGOA GRANDE DO MARANHÃO;MA;2025-2028;FRANCISCO NERES MOREIRA POLICARPO;NERES POLICARPO;PSB;ELEITO;TSE (dados abertos)
08249;SANTO AMARO DO MARANHÃO;MA;2025-2028;LEANDRO OLIVEIRA DA SILVA;LEANDRO MOURA;PC do B;ELEITO;TSE (dados abertos)
07412;BURITI;MA;2025-2028;ANDRE AUGUSTO KERBER INTROVINI;ANDRE GAUCHO;REPUBLICANOS;ELEITO;TSE (dados abertos)
07870;GOVERNADOR ARCHER;MA;2025-2028;ANTONIA LEIDE FERREIRA DA SILVA OLIVEIRA;PROFESSORA LEIDE;UNIÃO;ELEITO;TSE (dados abertos)
08095;JOÃO LISBOA;MA;2025-2028;FÁBIO VALE DE HOLANDA;DR FÁBIO HOLANDA;PSDB;ELEITO;TSE (dados abertos)
08010;IGARAPÉ GRANDE;MA;2025-2028;JOÃO VITOR PEIXOTO MOURA XAVIER;JOÃO VITOR XAVIER;PDT;ELEITO;TSE (dados abertos)
07862;LAJEADO NOVO;MA;2025-2028;ITAIRES LOBO SANTOS DE ANDRADE;ITAIRES TRATORZAO;REPUBLICANOS;ELEITO;TSE (dados abertos)
07650;COELHO NETO;MA;2025-2028;BRUNO JOSÉ ALMEIDA E SILVA;BRUNO SILVA;PP;ELEITO;TSE (dados abertos)
08303;SÃO JOÃO DO CARÚ;MA;2025-2028;ANTONIO BRUNO CARDOSO DOS SANTOS;PETECA;PL;ELEITO;TSE (dados abertos)
07242;DAVINÓPOLIS;MA;2025-2028;JOSE GONCALVES LIMA;ZÉ PEQUENO;PDT;ELEITO;TSE (dados abertos)
09431;TUTÓIA;MA;2025-2028;FRANCISCO CARDOSO RODRIGUES;VIRIATO CARDOSO;PL;ELEITO;TSE (dados abertos)
07579;CAXIAS;MA;2025-2028;JOSÉ GENTIL ROSA NETO;GENTIL NETO;PP;ELEITO;TSE (dados abertos)
07064;APICUM-AÇU;MA;2025-2028;JADER CLAUDIO PEREIRA SANTOS;JADECO;PL;ELEITO;TSE (dados abertos)
07820;LAGOA DO MATO;MA;2025-2028;NILTON NEDES RIBEIRO GUIMARÃES;NILTON RIBEIRO;MDB;ELEITO;TSE (dados abertos)
07161;BELÁGUA;MA;2025-2028;FRUTUOSO MACHADO DA PONTE FILHO;NENÉM PONTES;REPUBLICANOS;ELEITO;TSE (dados abertos)
07994;ICATU;MA;2025-2028;WALACE AZEVEDO MENDES;WALACE;PSDB;ELEITO;TSE (dados abertos)
07374;BEQUIMÃO;MA;2025-2028;ANTONIO JOSÉ MARTINS;ZÉ MARTINS;MDB;ELEITO;TSE (dados abertos)
07544;FERNANDO FALCÃO;MA;2025-2028;RAIMUNDA DA SILVA ALMEIDA;RAIMUNDA DO JOSEMAR;PDT;ELEITO;TSE (dados abertos)
09075;SÃO BENTO;MA;2025-2028;CARLOS DINO PENHA;DINO PENHA;MDB;ELEITO;TSE (dados abertos)
07730;DOM PEDRO;MA;2025-2028;AILTON MOTA DOS SANTOS;GALEGO MOTA;PSB;ELEITO;TSE (dados abertos)
08044;PAULINO NEVES;MA;2025-2028;RAIMUNDO DE OLIVEIRA FILHO;RAIMUNDO LIDIO;SOLIDARIEDADE;ELEITO;TSE (dados abertos)
08672;PINDARÉ-MIRIM;MA;2025-2028;ALEXANDRE COLARES BEZERRA JUNIOR;DR. ALEXANDRE;MDB;ELEITO;TSE (dados abertos)
09032;SANTO ANTÔNIO DOS LOPES;MA;2025-2028;CIBELLE TRABULSI NAPOLEÃO MENDONÇA DA SILVA;CIBELLE NAPOLEÃO;PL;ELEITO;TSE (dados abertos)
08567;TRIZIDELA DO VALE;MA;2025-2028;DEIBSON PEREIRA FREITAS;DR DEIBSON BALÉ;PDT;ELEITO;TSE (dados abertos)
07803;LAGO DOS RODRIGUES;MA;2025-2028;RAIMUNDO ALVES CARVALHO;DIDI MOITA;PSB;ELEITO;TSE (dados abertos)
08451;NOVA IORQUE;MA;2025-2028;DANIEL FRANCO DE CASTRO;DANIEL CASTRO;MDB;ELEITO;TSE (dados abertos)
08206;SANTA FILOMENA DO MARANHÃO;MA;2025-2028;SALOMÃO BARBOSA DE SOUSA;SALOMÃO;PP;ELEITO;TSE (dados abertos)
09490;VIANA;MA;2025-2028;CARLOS AUGUSTO FURTADO CIDREIRA;CARRINHO CIDREIRA;PL;ELEITO;TSE (dados abertos)
09512;VITÓRIA DO MEARIM;MA;2025-2028;RAIMUNDO NONATO EVERTON SILVA;NATO DA NORDESTINA;PL;ELEITO;TSE (dados abertos)
07293;BARÃO DE GRAJAÚ;MA;2025-2028;GLEYDSON RESENDE DA SILVA;GLEYDSON RESENDE;UNIÃO;ELEITO;TSE (dados abertos)
09377;TIMON;MA;2025-2028;RAFAEL DE BRITO SOUSA;RAFAEL;PSB;ELEITO;TSE (dados abertos)
07463;CENTRO NOVO DO MARANHÃO;MA;2025-2028;JOEDSON ALMEIDA DOS SANTOS;JUNIOR GARIMPEIRO;PSDB;ELEITO;TSE (dados abertos)
07684;IGARAPÉ DO MEIO;MA;2025-2028;ALDENIRA CARREIRO SILVA;ALDENIRA;PL;ELEITO;TSE (dados abertos)
09210;SÃO LUÍS;MA;2025-2028;EDUARDO SALIM BRAIDE;EDUARDO BRAIDE;PSD;ELEITO;TSE (dados abertos)
09539;VITORINO FREIRE;MA;2025-2028;ADEMAR ALVES MAGALHÃES;FOGOIÓ;UNIÃO;ELEITO;TSE (dados abertos)
07056;ALDEIAS ALTAS;MA;2025-2028;KEDSON ARAUJO LIMA;KEDSON;PL;ELEITO;TSE (dados abertos)
09059;SÃO BENEDITO DO RIO PRETO;MA;2025-2028;WALLAS GONÇALVES ROCHA;WALLAS ROCHA;REPUBLICANOS;ELEITO;TSE (dados abertos)
07129;BACABEIRA;MA;2025-2028;NAILA GONÇALO GASPAR;NAILA GONÇALO;MOBILIZA;ELEITO;TSE (dados abertos)
07285;BOM LUGAR;MA;2025-2028;MARLENE SILVA MIRANDA;MARLENE MIRANDA;UNIÃO;ELEITO;TSE (dados abertos)
09199;SÃO JOÃO DOS PATOS;MA;2025-2028;ALEXANDRE MAGNO PEREIRA GOMES;DR. ALEXANDRE;AVANTE;ELEITO;TSE (dados abertos)
07382;CAMPESTRE DO MARANHÃO;MA;2025-2028;FERNANDO OLIVEIRA DA SILVA;FERNANDO BERMUDA;PSB;ELEITO;TSE (dados abertos)
08419;MORROS;MA;2025-2028;MILTON JOSE SOUSA SANTOS;PARAÍBA;PL;ELEITO;TSE (dados abertos)
08508;SENADOR LA ROCQUE;MA;2025-2028;BARTOLOMEU GOMES ALVES;PROFESSOR BARTOLOMEU;MDB;ELEITO;TSE (dados abertos)
08028;OLINDA NOVA DO MARANHÃO;MA;2025-2028;VALDENIR PENHA DINIZ;VALDENIR;MOBILIZA;ELEITO;TSE (dados abertos)
08699;PINHEIRO;MA;2025-2028;CARLOS ANDRE COSTA SILVA;ANDRE DA RALPNET;PODE;ELEITO;TSE (dados abertos)
07757;DUQUE BACELAR;MA;2025-2028;FRANCISCO FLÁVIO LIMA FURTADO;FLÁVIO FURTADO;PDT;ELEITO;TSE (dados abertos)
08613;PEDREIRAS;MA;2025-2028;VANESSA DOS PRAZERES SANTOS;VANESSA MAIA;UNIÃO;ELEITO;TSE (dados abertos)
09237;SÃO MATEUS DO MARANHÃO;MA;2025-2028;HAMILTON NOGUEIRA ARAGÃO;MILTINHO ARAGÃO;PSB;ELEITO;TSE (dados abertos)
08478;OLHO D'ÁGUA DAS CUNHÃS;MA;2025-2028;CLEDIVAL DE ALCANTARA SOUZA;VAVAL GOMES;PP;ELEITO;TSE (dados abertos)
08583;TUFILÂNDIA;MA;2025-2028;HENRIQUE EMANOEL RICARDO SANTOS;EMANUEL RICARDO;PP;ELEITO;TSE (dados abertos)
08176;LAGO VERDE;MA;2025-2028;ALEX CRUZ ALMEIDA;ALEX ALMEIDA;PP;ELEITO;TSE (dados abertos)
09318;SUCUPIRA DO NORTE;MA;2025-2028;MARCONY DA SILVA DOS SANTOS;MARCONY;MDB;ELEITO;TSE (dados abertos)
07358;BENEDITO LEITE;MA;2025-2028;RODRIGO PIMENTEL DA SILVA COELHO;RODRIGO COELHO;REPUBLICANOS;ELEITO;TSE (dados abertos)
09130;SÃO FÉLIX DE BALSAS;MA;2025-2028;HEIDER MARTINS NUNES;HEIDER NUNES;PRD;ELEITO;TSE (dados abertos)
08320;SÃO JOÃO DO PARAÍSO;MA;2025-2028;MARCOS VINICIUS DE FRANÇA FERREIRA;MARCOS VINICIUS;MDB;ELEITO;TSE (dados abertos)
07145;BACURITUBA;MA;2025-2028;LETICIA LIBIA BARROS COSTA;LETICIA DE SIBÁ;MDB;ELEITO;TSE (dados abertos)
07676;COLINAS;MA;2025-2028;RENATO DE SOUSA SANTOS;RENATO SANTOS;MDB;ELEITO;TSE (dados abertos)
07277;BALSAS;MA;2025-2028;ALAN DOUGLAS DE OLIVEIRA;ALAN DA MARISSOL;PRD;ELEITO;TSE (dados abertos)
09334;TASSO FRAGOSO;MA;2025-2028;KELSON RICHARD CARVALHO HOLANDA VIEIRA;KELSON;REPUBLICANOS;ELEITO;TSE (dados abertos)
07080;AMAPÁ DO MARANHÃO;MA;2025-2028;NELENE DA COSTA GOMES;NELENE GOMES;PL;ELEITO;TSE (dados abertos)
08427;SÃO RAIMUNDO DO DOCA BEZERRA;MA;2025-2028;ANTONIO JACINTO DE MELO NETO;JACINTO NETO;PP;ELEITO;TSE (dados abertos)
08338;MIRADOR;MA;2025-2028;MARIA DOMINGAS GOMES CABRAL SANTANA;DOMINGAS CABRAL;UNIÃO;ELEITO;TSE (dados abertos)
07706;ITAIPAVA DO GRAJAÚ;MA;2025-2028;JOVALDO CARDOSO OLIVEIRA JUNIOR;JUNIOR DO POSTO;PDT;ELEITO;TSE (dados abertos)
07340;BURITICUPU;MA;2025-2028;JOÃO CARLOS TEIXEIRA DA SILVA;JOÃO CARLOS;PP;ELEITO;TSE (dados abertos)
07471;CAJARI;MA;2025-2028;CONSTANCIO ALESSANCO COELHO DE SOUZA;CONSTANCIO SOUZA;UNIÃO;ELEITO;TSE (dados abertos)
07498;CÂNDIDO MENDES;MA;2025-2028;JOSE BONIFÁCIO ROCHA DE JESUS;FACINHO;PL;ELEITO;TSE (dados abertos)
08559;PARNARAMA;MA;2025-2028;JUVENAL FRANCISCO CARVALHO E SILVA;JUVENAL SILVA;PSDB;ELEITO;TSE (dados abertos)
08125;PRESIDENTE MÉDICI;MA;2025-2028;JANILSON DOS SANTOS COELHO;DR CAÇULA COELHO;REPUBLICANOS;ELEITO;TSE (dados abertos)
08850;PRIMEIRA CRUZ;MA;2025-2028;GUILHERME CARNEIRO AGUIAR;DR GUILHERME;UNIÃO;ELEITO;TSE (dados abertos)
07722;ITINGA DO MARANHÃO;MA;2025-2028;LENY PAULA FIRMIANO AGUIAR;PAULA DO QUININHA;PP;ELEITO;TSE (dados abertos)
09350;TIMBIRAS;MA;2025-2028;PAULO VINICIUS LIMA DA SILVA;PAULO VINICIUS;PRD;ELEITO;TSE (dados abertos)
07218;AXIXÁ;MA;2025-2028;ROBERTA MARIA GONCALVES BARRETO COSTA;ROBERTA BARRETO;MDB;ELEITO;TSE (dados abertos)
09679;ARAME;MA;2025-2028;PEDRO FERNANDES RIBEIRO;PEDRO FERNANDES;UNIÃO;ELEITO;TSE (dados abertos)
07439;BURITI BRAVO;MA;2025-2028;LUCIANA BORGES LEOCADIO;LUCIANA LEOCADIO;MDB;ELEITO;TSE (dados abertos)
07447;CENTRO DO GUILHERME;MA;2025-2028;JOSÉ AURICÉLIO DE MORAIS LEANDRO;AURICÉLIO;PL;ELEITO;TSE (dados abertos)
09091;SÃO BERNARDO;MA;2025-2028;FRANCISCO DAS CHAGAS CARVALHO;CHICO CARVALHO;PDT;ELEITO;TSE (dados abertos)
08052;SÃO LUÍS GONZAGA DO MARANHÃO;MA;2025-2028;EMANOEL CARVALHO FILHO;EMANOEL FILHO;MDB;ELEITO;TSE (dados abertos)
07978;HUMBERTO DE CAMPOS;MA;2025-2028;LUIS FERNANDO SILVA DOS SANTOS;LUIS FERNANDO;UNIÃO;ELEITO;TSE (dados abertos)
07099;ALTO PARNAÍBA;MA;2025-2028;RUBENS SUSSUMU OGASAWARA;RUBENS JAPONÊS;PSDB;ELEITO;TSE (dados abertos)
08109;PORTO RICO DO MARANHÃO;MA;2025-2028;ALDENE NOGUEIRA PASSINHO;ALDO BROWN;PL;ELEITO;TSE (dados abertos)
08486;SENADOR ALEXANDRE COSTA;MA;2025-2028;NILO TAYRONE AROUCHE AMORIM;DR NILO;REPUBLICANOS;ELEITO;TSE (dados abertos)
09598;PAULO RAMOS;MA;2025-2028;ADAILSON DO NASCIMENTO LIMA;ADAILSON MACHADO;PP;ELEITO;TSE (dados abertos)
07269;BOM JESUS DAS SELVAS;MA;2025-2028;FRANKLIM WILLAME RODRIGUES ARAUJO DUARTE;FRANKLIM DUARTE;PSB;ELEITO;TSE (dados abertos)
07390;BREJO;MA;2025-2028;THÂMARA ARAUJO DE CASTRO;THÂMARA CASTRO;PT;ELEITO;TSE (dados abertos)
07455;CAJAPIÓ;MA;2025-2028;RÔMULO ROBERTO MARQUES NUNES;DR RÔMULO;PSB;ELEITO;TSE (dados abertos)
08443;SÃO ROBERTO;MA;2025-2028;DANIELLY COELHO TRABULSI NASCIMENTO;DANIELLY TRABULSI;UNIÃO;ELEITO;TSE (dados abertos)
09156;SÃO FRANCISCO DO MARANHÃO;MA;2025-2028;FRANCISCO NETO RODRIGUES DE SOUSA;FRANCISCO DO POSTO;PL;ELEITO;TSE (dados abertos)
08265;SÃO DOMINGOS DO AZEITÃO;MA;2025-2028;LOURIVAL LEANDRO DOS SANTOS JUNIOR;JUNIOR DO POSTO;PP;ELEITO;TSE (dados abertos)
07153;ANAPURUS;MA;2025-2028;TANIOS MATIAS LIMA;DR TANIOS;PP;ELEITO;TSE (dados abertos)
07196;ARARI;MA;2025-2028;MARIA ALVES MUNIZ;SIMPLESMENTE MARIA;MDB;ELEITO;TSE (dados abertos)
07625;GOVERNADOR LUIZ ROCHA;MA;2025-2028;JOSE ORLANILDO SOARES DE OLIVEIRA;ZEZÃO;MDB;ELEITO;TSE (dados abertos)
08575;PASSAGEM FRANCA;MA;2025-2028;FRANCISCO MENEZES SOUZA;CHICÃO DA PARABÓLICA;PP;ELEITO;TSE (dados abertos)
07692;COROATÁ;MA;2025-2028;EDIMAR DE AGUIAR FRANCO;EDIMAR VAQUEIRO;PSB;ELEITO;TSE (dados abertos)
09415;TURIAÇU;MA;2025-2028;EDESIO JOAO CAVALCANTI;EDESIO CAVALCANTI;REPUBLICANOS;ELEITO;TSE (dados abertos)
08494;PAÇO DO LUMIAR;MA;2025-2028;FREDERICO DE ABREU SILVA CAMPOS;FRED CAMPOS;PSB;ELEITO;TSE (dados abertos)
07854;GONÇALVES DIAS;MA;2025-2028;SUANE MARIA BARROS DIAS;SUANE DIAS ;MDB;ELEITO;TSE (dados abertos)
08117;JOSELÂNDIA;MA;2025-2028;RAIMUNDO DA SILVA SANTOS;RAIMUNDO ZUCA;REPUBLICANOS;ELEITO;TSE (dados abertos)
07072;ALTAMIRA DO MARANHÃO;MA;2025-2028;MARTON SANDS CÂMARA PAGEÚ;MARTON PAGEÚ;PL;ELEITO;TSE (dados abertos)
07013;AFONSO CUNHA;MA;2025-2028;PEDRO FERREIRA MEDEIROS;PEDRO MEDEIROS;PL;ELEITO;TSE (dados abertos)
07790;FORTALEZA DOS NOGUEIRAS;MA;2025-2028;FERNANDA LIMA NOGUEIRA DOS SANTOS;DRA FERNANDA ;REPUBLICANOS;ELEITO;TSE (dados abertos)
07323;BOA VISTA DO GURUPI;MA;2025-2028;DILCILENE GUIMARÃES DE MELO OLIVEIRA;DILCILENE OLIVEIRA;PL;ELEITO;TSE (dados abertos)
07404;CAPINZAL DO NORTE;MA;2025-2028;ABNADAR DE SOUSA PEREIRA;ABNADAR PORTELA;REPUBLICANOS;ELEITO;TSE (dados abertos)
07943;MATÕES DO NORTE;MA;2025-2028;SOLIMAR ALVES DE OLIVEIRA;SOLIMAR;MDB;ELEITO;TSE (dados abertos)
08001;NOVA OLINDA DO MARANHÃO;MA;2025-2028;ARY MENEZES FERNANDES;ARY MENEZES;PP;ELEITO;TSE (dados abertos)
08915;ROSÁRIO;MA;2025-2028;JONAS MAGNO MACHADO MORAES;JONAS MAGNO;PDT;ELEITO;TSE (dados abertos)
08079;ITAPECURU MIRIM;MA;2025-2028;LUIS FILLIPE TORRES FILGUEIRA;FILLIPE MARRECA;PRD;ELEITO;TSE (dados abertos)
09636;ESTREITO;MA;2025-2028;LEOARREN TÚLIO DE SOUSA CUNHA;LEO CUNHA;PL;ELEITO;TSE (dados abertos)
08311;MATÕES;MA;2025-2028;RAIMUNDO NONATO MEDEIROS CARVALHO;NONATINHO;UNIÃO;ELEITO;TSE (dados abertos)
09571;SANTA INÊS;MA;2025-2028;LUIS FELIPE OLIVEIRA DE CARVALHO;FELIPE DOS PNEUS;PP;ELEITO;TSE (dados abertos)
07838;GODOFREDO VIANA;MA;2025-2028;MARCIO HEBERTE VIANA ABREU;MARCIO VIANA;PSB;ELEITO;TSE (dados abertos)
08397;MONTES ALTOS;MA;2025-2028;DOMINGOS PINHEIRO CIRQUEIRA;DOMINGOS FRANÇA;UNIÃO;ELEITO;TSE (dados abertos)
09717;ZÉ DOCA;MA;2025-2028;FLAVIANA VILAR RODRIGUES;FLAVINHA CUNHA;PL;ELEITO;TSE (dados abertos)
08281;SÃO FRANCISCO DO BREJÃO;MA;2025-2028;EDINALVA BRANDAO GONCALVES;EDINALVA BRANDÃO;PP;ELEITO;TSE (dados abertos)
07641;GOVERNADOR NEWTON BELLO;MA;2025-2028;DANIEL LIMA ROSA;DANIEL SENA;MDB;ELEITO;TSE (dados abertos)
07366;BURITIRANA;MA;2025-2028;TONISLEY DOS SANTOS SOUSA;TONY BRANDÃO;MDB;ELEITO;TSE (dados abertos)
07749;JATOBÁ;MA;2025-2028;LEONARDO CESAR RIBEIRO SOUSA;LEO DO BANCO;UNIÃO;ELEITO;TSE (dados abertos)
07889;MARACAÇUMÉ;MA;2025-2028;RUZINALDO GUIMARAES DE MELO;TIO GAL;PL;ELEITO;TSE (dados abertos)
07021;ALTO ALEGRE DO MARANHÃO;MA;2025-2028;NILSILENE SANTANA RIBEIRO ALMEIDA;NILSILENE DO LIORNE;UNIÃO;ELEITO;TSE (dados abertos)
09296;SÍTIO NOVO;MA;2025-2028;ANTONIO COELHO RODRIGUES;ANTONIO COELHO;MDB;ELEITO;TSE (dados abertos)
08230;LUÍS DOMINGUES;MA;2025-2028;EMANUEL IZAQUE OLIVEIRA CIRINO;IZAQUE CIRINO;PL;ELEITO;TSE (dados abertos)
09695;MIRANDA DO NORTE;MA;2025-2028;IVALDO MARCELO RIBEIRO PEREIRA;IVALDO RIBEIRO;AVANTE;ELEITO;TSE (dados abertos)
08516;PALMEIRÂNDIA;MA;2025-2028;EDILSON CAMPOS GOMES DE CASTRO JUNIOR;EDILSON ALVORADA;PL;ELEITO;TSE (dados abertos)
08060;PEDRO DO ROSÁRIO;MA;2025-2028;DOMINGOS ERINALDO SOUSA SERRA;TOCA SERRA;PC do B;ELEITO;TSE (dados abertos)
08370;MONÇÃO;MA;2025-2028;BARBARA NUSSRALA CARVALHO;DRA BARBARA;PL;ELEITO;TSE (dados abertos)
07536;CAROLINA;MA;2025-2028;JAYME FONSECA ESPÍRITO SANTO;JAYME FONSECA;PSDB;ELEITO;TSE (dados abertos)
08540;SUCUPIRA DO RIACHÃO;MA;2025-2028;WALTERLINS RODRIGUES DE AZEVEDO;WALTER AZEVEDO;UNIÃO;ELEITO;TSE (dados abertos)
09016;SANTA RITA;MA;2025-2028;MILTON AQUINO GONÇALO MOTA JUNIOR;DR MILTON GONÇALO;MOBILIZA;ELEITO;TSE (dados abertos)
08958;SANTA HELENA;MA;2025-2028;JOAO JORGE JINKINGS PAVÃO FILHO;JOÃOZINHO PAVÃO;MDB;ELEITO;TSE (dados abertos)
08362;SÃO JOSÉ DOS BASÍLIOS;MA;2025-2028;RONALDO VIEIRA DE SOUSA JUNIOR;RONALDO VIEIRA;MDB;ELEITO;TSE (dados abertos)
08621;VILA NOVA DOS MARTÍRIOS;MA;2025-2028;JORGE VIEIRA DOS SANTOS FILHO;JORGE VIEIRA;PL;ELEITO;TSE (dados abertos)
07765;JENIPAPO DOS VIEIRAS;MA;2025-2028;ARNOBIO DE ALMEIDA MARTINS;ARNOBIO MARTINS;PDT;ELEITO;TSE (dados abertos)
08460;SATUBINHA;MA;2025-2028;ORLANDO PIRES FRANKLIN;SANTOS FRANKLIN;PL;ELEITO;TSE (dados abertos)
07510;CANTANHEDE;MA;2025-2028;JOSÉ MARTINHO DOS SANTOS BARROS;ZÉ MARTINHO;MDB;ELEITO;TSE (dados abertos)
08524;SERRANO DO MARANHÃO;MA;2025-2028;VALDINE DE CASTRO CUNHA;VAL CUNHA;PL;ELEITO;TSE (dados abertos)
08737;PIRAPEMAS;MA;2025-2028;LUIS FERNANDO ABREU CUTRIM;FERNANDO CUTRIM;PSB;ELEITO;TSE (dados abertos)
08435;NINA RODRIGUES;MA;2025-2028;JOÃO FRANCISCO JONES FORTES BRAGA;JONES BRAGA;MDB;ELEITO;TSE (dados abertos)
08133;LAGO DA PEDRA;MA;2025-2028;MAURA JORGE ALVES DE MELO RIBEIRO;MAURA JORGE;PP;ELEITO;TSE (dados abertos)
07714;CURURUPU;MA;2025-2028;ALDO LUIS BORGES LOPES;ALDO LOPES;REPUBLICANOS;ELEITO;TSE (dados abertos)
07528;FEIRA NOVA DO MARANHÃO;MA;2025-2028;LUIZA COUTINHO MACEDO;LUIZA COUTINHO;UNIÃO;ELEITO;TSE (dados abertos)
09474;VARGEM GRANDE;MA;2025-2028;RAIMUNDO NONATO RODRIGUES DA COSTA;PRETO;PP;ELEITO;TSE (dados abertos)
08346;SÃO JOÃO DO SOTER;MA;2025-2028;MARIA DO CARMO CAVALCANTE LACERDA;LACERDA;PSB;ELEITO;TSE (dados abertos)
08400;SÃO PEDRO DOS CRENTES;MA;2025-2028;RÔMULO COSTA ARRUDA;ROMULO ARRUDA;REPUBLICANOS;ELEITO;TSE (dados abertos)
07005;ÁGUA DOCE DO MARANHÃO;MA;2025-2028;MARIA ELIANE DA COSTA DIAS;ELIANE DIAS;PDT;ELEITO;TSE (dados abertos)
07595;CEDRAL;MA;2025-2028;DANILO RAFAEL FERREIRA MORAES;DANILO MORAES;PSB;ELEITO;TSE (dados abertos)
08290;MATINHA;MA;2025-2028;NILTON CARLOS SILVA EVERTON;NILTON EVERTON;PRD;ELEITO;TSE (dados abertos)
08834;PRESIDENTE VARGAS;MA;2025-2028;FABIANA RODRIGUES MENDES;FABIANA MENDES;PSB;ELEITO;TSE (dados abertos)
07781;JUNCO DO MARANHÃO;MA;2025-2028;JOSE RICARDO DE ALMEIDA RIBEIRO;ZE RICARDO;MDB;ELEITO;TSE (dados abertos)
07048;ALTO ALEGRE DO PINDARÉ;MA;2025-2028;JOSE FRANCINETE BENTO LUNA;DIDI DO PP;PP;ELEITO;TSE (dados abertos)
07501;CONCEIÇÃO DO LAGO-AÇU;MA;2025-2028;ELCILENE PINHEIRO PEREIRA DOS SANTOS;PROFESSORA CICI;PL;ELEITO;TSE (dados abertos)
07773;ESPERANTINÓPOLIS;MA;2025-2028;SIMONE VARGAS CARNEIRO DE LIMA;SIMONE CARNEIRO;UNIÃO;ELEITO;TSE (dados abertos)
08893;SÃO JOSÉ DE RIBAMAR;MA;2025-2028;JÚLIO CESAR DE SOUZA MATOS;DR. JULINHO;PODE;ELEITO;TSE (dados abertos)
08770;PORTO FRANCO;MA;2025-2028;DEOCLIDES ANTONIO SANTOS NETO MACEDO;DEOCLIDES MACEDO;PSB;ELEITO;TSE (dados abertos)
09113;SÃO DOMINGOS DO MARANHÃO;MA;2025-2028;KLEBER ALVES DE ANDRADE;KLEBER TRATORZÃO;PP;ELEITO;TSE (dados abertos)
09610;AÇAILÂNDIA;MA;2025-2028;BENJAMIM DE OLIVEIRA;DR BENJAMIM;UNIÃO;ELEITO;TSE (dados abertos)
08150;LAGO DO JUNCO;MA;2025-2028;ATAIDE MIRANDA SOUSA;ATAIDE DO POSTO;PSB;ELEITO;TSE (dados abertos)
07170;ARAIOSES;MA;2025-2028;JOAO CANDIDO CARVALHO NETO;NETO CARVALHO;PDT;ELEITO;TSE (dados abertos)
08389;SÃO PEDRO DA ÁGUA BRANCA;MA;2025-2028;SAMUEL KESLEY RIBEIRO DE SOUZA;SAMUEL RIBEIRO;PL;ELEITO;TSE (dados abertos)
08710;PIO XII;MA;2025-2028;AURÉLIO PEREIRA DE SOUSA;AURÉLIO DA FARMÁCIA;PL;ELEITO;TSE (dados abertos)
08796;PRESIDENTE DUTRA;MA;2025-2028;RAIMUNDO ALVES CARVALHO;RAIMUNDINHO DA AUDIOLAR;MDB;ELEITO;TSE (dados abertos)
07919;GRAÇA ARANHA;MA;2025-2028;UBIRAJARA RAYOL SOARES;BIRA;UNIÃO;ELEITO;TSE (dados abertos)
07560;FORMOSA DA SERRA NEGRA;MA;2025-2028;JUCENI OLIVEIRA SILVA;JUCENI;PSDB;ELEITO;TSE (dados abertos)
07609;GOVERNADOR EDISON LOBÃO;MA;2025-2028;FLÁVIO SOARES LIMA;FLÁVIO SOARES;PP;ELEITO;TSE (dados abertos)
07935;GRAJAÚ;MA;2025-2028;ANTONIO GILSON BOMFIM DA SILVA;DR. GILSON GUERREIRO;PSDB;ELEITO;TSE (dados abertos)
07030;ALCÂNTARA;MA;2025-2028;NIVALDO ARAÚJO DE JESUS;NIVALDO ARAÚJO;PSB;ELEITO;TSE (dados abertos)
08257;MAGALHÃES DE ALMEIDA;MA;2025-2028;RAIMUNDO NONATO CARVALHO;NONATO CARVALHO;PDT;ELEITO;TSE (dados abertos)
09393;TUNTUM;MA;2025-2028;FERNANDO PORTELA TELES PESSOA;FERNANDO PESSOA;PDT;ELEITO;TSE (dados abertos)
07668;GOVERNADOR NUNES FREIRE;MA;2025-2028;LUIS FERNANDO DE CASTRO BRAGA;FERNANDO PL;PL;ELEITO;TSE (dados abertos)
08818;PRESIDENTE JUSCELINO;MA;2025-2028;PEDRO PAULO CANTANHEIDE LEMOS;DR PEDRO PAULO;PL;ELEITO;TSE (dados abertos)
07897;GOVERNADOR EUGÊNIO BARROS;MA;2025-2028;FRANCISCO CARNEIRO RIBEIRO;CHIQUINHO DO BANCO;MDB;ELEITO;TSE (dados abertos)
07200;BERNARDO DO MEARIM;MA;2025-2028;ARLINDO DE MOURA XAVIER JUNIOR;JUNIOR XAVIER;PDT;ELEITO;TSE (dados abertos)
08630;PENALVA;MA;2025-2028;LUIZ HENRIQUE ALVES GUERRA;GUERRA;PP;ELEITO;TSE (dados abertos)
09253;SÃO RAIMUNDO DAS MANGABEIRAS;MA;2025-2028;ACCIOLY CARDOSO LIMA E SILVA;ACCIOLY;PP;ELEITO;TSE (dados abertos)
09458;URBANO SANTOS;MA;2025-2028;CLEMILTON BARROS ARAUJO;PROFESSOR CLEMILTON BARROS;REPUBLICANOS;ELEITO;TSE (dados abertos)
08753;POÇÃO DE PEDRAS;MA;2025-2028;JHULIO SOUSA DA SILVA;JHULIO SOUSA;REPUBLICANOS;ELEITO;TSE (dados abertos)
07307;BREJO DE AREIA;MA;2025-2028;GEIZIANNE DA CONCEIÇÃO COSTA;GEYSE COSTA;PP;ELEITO;TSE (dados abertos)
08036;IMPERATRIZ;MA;2025-2028;RILDO DE OLIVEIRA AMARAL;RILDO AMARAL;PP;ELEITO;TSE (dados abertos)
07617;CHAPADINHA;MA;2025-2028;MARIA DUCILENE PONTES CORDEIRO;BELEZINHA;PL;ELEITO;TSE (dados abertos)
07188;BELA VISTA DO MARANHÃO;MA;2025-2028;ADILSON DA SILVA SOUSA;ADILSON DO GURI;PP;ELEITO;TSE (dados abertos)
08354;MIRINZAL;MA;2025-2028;DAYVISON RIBEIRO SOARES;DEYVISON DO POSTO;MDB;ELEITO;TSE (dados abertos)
07420;CENTRAL DO MARANHÃO;MA;2025-2028;CLEUDILENE GONÇALVES PRIVADO BARBOSA;FECHINHA;MDB;ELEITO;TSE (dados abertos)
07927;MARANHÃOZINHO;MA;2025-2028;MARIA DEUSA LIMA ALMEIDA;DEUSINHA;PL;ELEITO;TSE (dados abertos)
30856;CANUDOS;BA;2025-2028;JILSON CARDOSO DE MACEDO;JILSON CARDOSO;PSD;ELEITO;TSE (dados abertos)
34398;CARDEAL DA SILVA;BA;2025-2028;ANTONIO AUGUSTO SALES DE JESUS;BRANCO SALES;PP;ELEITO;TSE (dados abertos)
35572;IBIRAPUÃ;BA;2025-2028;CARLA ANDREIA SOARES CHACARA;CARLA CHACARA;PP;ELEITO;TSE (dados abertos)
35858;IRAJUBA;BA;2025-2028;ANTONIO OLIVEIRA SAMPAIO;SAMPAIO;AVANTE;ELEITO;TSE (dados abertos)
35351;GUARATINGA;BA;2025-2028;RAFAEL GANDHI MARQUES DAS VIRGENS;GANDHI;PT;ELEITO;TSE (dados abertos)
37036;MAIRI;BA;2025-2028;GUSTAVO ALVES FERREIRA CARNEIRO;GUSTAVO;MDB;ELEITO;TSE (dados abertos)
39373;TUCANO;BA;2025-2028;RICARDO MAIA CHAVES DE SOUZA FILHO;RICARDO MAIA;MDB;ELEITO;TSE (dados abertos)
38350;RIO DE CONTAS;BA;2025-2028;CELIO EVANGELISTA DA SILVA;CÉLIO;PSD;ELEITO;TSE (dados abertos)
34150;CAMAMU;BA;2025-2028;JAIRO PEREIRA CRUZ;IRMÃO JAIRO;AVANTE;ELEITO;TSE (dados abertos)
35394;IBIASSUCÊ;BA;2025-2028;TADEU PRADO REBOUÇAS PRATES;TADEUZINHO PRATES;UNIÃO;ELEITO;TSE (dados abertos)
33065;ADUSTINA;BA;2025-2028;JOTA JUNIOR GONÇALVES;JUNINHO PROFESSOR;PSD;ELEITO;TSE (dados abertos)
39632;VERA CRUZ;BA;2025-2028;IGOR PINHO SANTOS;IGOR;MDB;ELEITO;TSE (dados abertos)
38270;RIACHÃO DO JACUÍPE;BA;2025-2028;JOSÉ CARLOS DE MATOS SOARES;CARLINHOS;UNIÃO;ELEITO;TSE (dados abertos)
39411;UBAÍRA;BA;2025-2028;UILDBERGER ALVES RABELO;NENÉM;PP;ELEITO;TSE (dados abertos)
30953;GUAJERU;BA;2025-2028;JILVAN TEIXEIRA RIBEIRO;GALEGO;PSD;ELEITO;TSE (dados abertos)
37656;OLIVEIRA DOS BREJINHOS;BA;2025-2028;CLERISTON UAIDE REIS GUEDES PEREIRA;FERRUGEM;PT;ELEITO;TSE (dados abertos)
33510;BAIXA GRANDE;BA;2025-2028;ADROALDO DOS SANTOS RIBEIRO;CANÁRIO;MDB;ELEITO;TSE (dados abertos)
34517;CENTRAL;BA;2025-2028;JOSÉ WILKER ALENCAR MACIEL;IKO;PT;ELEITO;TSE (dados abertos)
33715;BIRITINGA;BA;2025-2028;GILMÁRIO SOUZA DE OLIVEIRA;GIL DE GODE;PSB;ELEITO;TSE (dados abertos)
39799;NORDESTINA;BA;2025-2028;ELIETE DE ANDRADE ARAUJO;ELIETE DE ITO;PSD;ELEITO;TSE (dados abertos)
33910;BRUMADO;BA;2025-2028;FABRICIO ABRANTES PIRES DE SOUZA OLIVEIRA;FABRÍCIO ABRANTES;AVANTE;ELEITO;TSE (dados abertos)
35700;IGRAPIÚNA;BA;2025-2028;MANOEL RIBEIRO DOS SANTOS;MANOEL RIBEIRO;AVANTE;ELEITO;TSE (dados abertos)
34975;CURAÇÁ;BA;2025-2028;ROBSON MURILO BOMFIM DA SILVA;MURILO BOMFIM;PT;ELEITO;TSE (dados abertos)
35750;INHAMBUPE;BA;2025-2028;HUGO CAVALCANTI REIS SIMÕES;HUGO DE LEÔNIDAS;PP;ELEITO;TSE (dados abertos)
39179;TABOCAS DO BREJO VELHO;BA;2025-2028;FLAVIO DA SILVA CARVALHO;FLAVIO FOGÃO GOIANO;PSD;ELEITO;TSE (dados abertos)
39390;UAUÁ;BA;2025-2028;MARCOS HENRIQUE LOBO ROSA;MARCOS LOBO;AVANTE;ELEITO;TSE (dados abertos)
39730;LAPÃO;BA;2025-2028;MARCIO ANTONIO MESSIAS DA SILVA;MÁRCIO MESSIAS;PSD;ELEITO;TSE (dados abertos)
33855;BREJÕES;BA;2025-2028;RICARDO CASTRO CERQUEIRA;RICK DE JOÃO LULU;AVANTE;ELEITO;TSE (dados abertos)
33871;BREJOLÂNDIA;BA;2025-2028;EDEZIO NUNES BASTOS;EDEZIO BASTOS;UNIÃO;ELEITO;TSE (dados abertos)
39233;TAPEROÁ;BA;2025-2028;CHRISTIANNE MARY PEREIRA GUIMARÃES;KITTY GUIMARÃES;AVANTE;ELEITO;TSE (dados abertos)
39578;VALENÇA;BA;2025-2028;MARCOS ANTONIO MEDRADO;MARCOS MEDRADO;PV;ELEITO;TSE (dados abertos)
34029;CAETANOS;BA;2025-2028;EDAS JUSTINO DOS SANTOS;EDAS JUSTINO;PC do B;ELEITO;TSE (dados abertos)
37257;MIGUEL CALMON;BA;2025-2028;MARINALDO SAMPAIO DE SOUZA FILHO;SAMPAIO;PP;ELEITO;TSE (dados abertos)
35998;ITACARÉ;BA;2025-2028;EDSON ARANTE SANTOS MENDES;NEGO DE SARONGA;PT;ELEITO;TSE (dados abertos)
37575;NOVA ITARANA;BA;2025-2028;ELMO RICARDO GALVAO DE SOUZA  SILVA;RICARDO DE DECA;PSD;ELEITO;TSE (dados abertos)
35610;IBITIARA;BA;2025-2028;WILSON DOS SANTOS SOUZA;WILSON DE BUDUDA;PSD;ELEITO;TSE (dados abertos)
36099;ITAJU DO COLÔNIA;BA;2025-2028;ELDER MARQUES FONTES;ELDER FONTES;PSD;ELEITO;TSE (dados abertos)
36650;JIQUIRIÇÁ;BA;2025-2028;LUCAS LEAL DOS SANTOS BARRETO;LUCAS DE DERALDO;PSB;ELEITO;TSE (dados abertos)
39950;VÁRZEA NOVA;BA;2025-2028;DAIANE SEVERINA PEREIRA;DAIANE;PC do B;ELEITO;TSE (dados abertos)
36811;LAJEDINHO;BA;2025-2028;ANTONIO MARIO LIMA SILVA;ANTONIO MARIO;PSD;ELEITO;TSE (dados abertos)
34010;CAEM;BA;2025-2028;ARNALDO DE OLIVEIRA FILHO;ARNALDINHO OLIVEIRA;PSB;ELEITO;TSE (dados abertos)
36498;JACARACI;BA;2025-2028;DEUSDEDIT CARVALHO ROCHA;DETINHO;PSB;ELEITO;TSE (dados abertos)
38296;RIACHO DE SANTANA;BA;2025-2028;JOAO VITOR MARTINS LARANJEIRA;DR JOAO VÍTOR;PSD;ELEITO;TSE (dados abertos)
36218;ITANHÉM;BA;2025-2028;MILTON FERREIRA GUIMARÃES;BEMTIVI;PSB;ELEITO;TSE (dados abertos)
39276;TEODORO SAMPAIO;BA;2025-2028;JOÃO PAULO VAZ GÓES;JOÃO PAULO;AVANTE;ELEITO;TSE (dados abertos)
35831;IPUPIARA;BA;2025-2028;MARCUS VINICIUS RODRIGUES MORENO;BABACO;PSD;ELEITO;TSE (dados abertos)
38377;RIO DO ANTÔNIO;BA;2025-2028;GERSON DE SOUZA RIBEIRO;GERSON MARTINS;PSB;ELEITO;TSE (dados abertos)
35157;FEIRA DE SANTANA;BA;2025-2028;JOSE RONALDO DE CARVALHO;JOSE RONALDO;UNIÃO;ELEITO;TSE (dados abertos)
38113;PRADO;BA;2025-2028;GILVAN DA SILVA SANTOS;GILVAN;PSD;ELEITO;TSE (dados abertos)
36730;JUSSIAPE;BA;2025-2028;JOSÉ SANTOS LUZ;ZÉ LUZ;AVANTE;ELEITO;TSE (dados abertos)
36820;LAJEDO DO TABOCAL;BA;2025-2028;ANTÔNIO MARCOS ARAÚJO DE SENA;MARQUINHOS SENA;PP;ELEITO;TSE (dados abertos)
38555;SANTA CRUZ CABRÁLIA;BA;2025-2028;GIRLEI LIMA NAZARETH;GIRLEI;PDT;ELEITO;TSE (dados abertos)
39659;VITÓRIA DA CONQUISTA;BA;2025-2028;ANA SHEILA LEMOS ANDRADE;SHEILA LEMOS;UNIÃO;ELEITO;TSE (dados abertos)
36552;JAGUARARI;BA;2025-2028;ANTÔNIO FERREIRA DO NASCIMENTO;SEU ANTÔNIO;PT;ELEITO;TSE (dados abertos)
37192;MASCOTE;BA;2025-2028;SEBASTIÃO MOREIRA CARVALHO;TIÃO MOREIRA;PSB;ELEITO;TSE (dados abertos)
37303;MIRANTE;BA;2025-2028;EDNO SILVA NASCIMENTO;EDINHO DO MARACUJÁ;PT;ELEITO;TSE (dados abertos)
38911;SAPEAÇU;BA;2025-2028;RAMON DE SENA SOUZA;RAMON DE SENA;REPUBLICANOS;ELEITO;TSE (dados abertos)
36935;MACAJUBA;BA;2025-2028;LUCIANO PAMPONET DE SOUSA;LUCIANO DE NOÉ;PSD;ELEITO;TSE (dados abertos)
35777;IPECAETÁ;BA;2025-2028;ELCYDES PIAGGIO DE OLIVEIRA JUNIOR;JUNIOR PIAGGIO;PSD;ELEITO;TSE (dados abertos)
38342;RIBEIRÃO DO LARGO;BA;2025-2028;JESUINA MOREIRA BORGES;ZUINA BORGES;AVANTE;ELEITO;TSE (dados abertos)
38717;SANTO AMARO;BA;2025-2028;FLAVIANO ROHRS DA SILVA BONFIM;FLAVIANO;UNIÃO;ELEITO;TSE (dados abertos)
37095;MANOEL VITORINO;BA;2025-2028;VINICIUS COSTA BISPO DE SENA;VINICIUS COSTA;PP;ELEITO;TSE (dados abertos)
38059;POJUCA;BA;2025-2028;LUIZ CARLOS COSTA TRINCHÃO;LUIZINHO TRINCHÃO;PSD;ELEITO;TSE (dados abertos)
34096;CALDEIRÃO GRANDE;BA;2025-2028;PEDRO HENRIQUE ARAUJO BEZERRA;PEDRO HENRIQUE;PP;ELEITO;TSE (dados abertos)
33057;ACAJUTIBA;BA;2025-2028;JADIEL SOUZA JESUS;JADIEL SOUZA;MDB;ELEITO;TSE (dados abertos)
33391;ARACATU;BA;2025-2028;BRAULINA LIMA SILVA;BRAULINA;PV;ELEITO;TSE (dados abertos)
34215;CANÁPOLIS;BA;2025-2028;REGINALDO DE SOUZA PEREIRA;DAU;AVANTE;ELEITO;TSE (dados abertos)
33812;BOQUIRA;BA;2025-2028;ALAN MACHADO FRANÇA;ALAN FRANÇA;PSB;ELEITO;TSE (dados abertos)
37850;PEDRO ALEXANDRE;BA;2025-2028;YURI CESAR DE ANDRADE MENEZES;YURI ANDRADE;PP;ELEITO;TSE (dados abertos)
38652;SANTANA;BA;2025-2028;JOSÉ RAUL ALKMIM LEÃO;ZÉ RAUL;MDB;ELEITO;TSE (dados abertos)
39098;SERRINHA;BA;2025-2028;CYRO OLIVEIRA SILVA NOVAIS;CYRO;MDB;ELEITO;TSE (dados abertos)
39675;WAGNER;BA;2025-2028;THIAGO ROCHA LADEIA;THIAGO LADEIA;AVANTE;ELEITO;TSE (dados abertos)
33634;BARREIRAS;BA;2025-2028;OTONIEL NASCIMENTO TEIXEIRA;OTONIEL;UNIÃO;ELEITO;TSE (dados abertos)
36579;JAGUARIPE;BA;2025-2028;FÁBIO NONATO BARBOSA;DR FABIO;MDB;ELEITO;TSE (dados abertos)
38474;SALINAS DA MARGARIDA;BA;2025-2028;MARIA DE FÁTIMA PÊPE CERQUEIRA;PROFESSORA MARA;PSD;ELEITO;TSE (dados abertos)
33154;ALCOBAÇA;BA;2025-2028;GIVALDO MUNIZ;ZICO DE BAIATO;PT;ELEITO;TSE (dados abertos)
34770;CORAÇÃO DE MARIA;BA;2025-2028;KLEY CARNEIRO LIMA;KLEY LIMA;AVANTE;ELEITO;TSE (dados abertos)
39217;TANQUINHO;BA;2025-2028;JOSÉ LUIZ DOS SANTOS REIS;ZÉ LUIZ;PT;ELEITO;TSE (dados abertos)
34614;COCOS;BA;2025-2028;CLEWTON DOMINGUES DE SOUZA;CLEVYN;PT;ELEITO;TSE (dados abertos)
35378;IAÇU;BA;2025-2028;NIXON DUARTE MUNIZ FERREIRA;NIXON DUARTE;PSD;ELEITO;TSE (dados abertos)
35971;ITABUNA;BA;2025-2028;AUGUSTO NARCISO CASTRO;AUGUSTO CASTRO;PSD;ELEITO;TSE (dados abertos)
36013;ITAETÉ;BA;2025-2028;ZENILDO MATOS DE OLIVEIRA;ZENILDO MATOS;PSB;ELEITO;TSE (dados abertos)
37672;OURIÇANGAS;BA;2025-2028;RONIVALDO CERQUEIRA DE ARAÚJO;RONY DO PT;PT;ELEITO;TSE (dados abertos)
33731;BOA NOVA;BA;2025-2028;LUCAS SANTOS MEIRA;LUCAS DE AETE;MDB;ELEITO;TSE (dados abertos)
37230;MEDEIROS NETO;BA;2025-2028;ADALBERTO ALVES PINTO;BETO PINTO;MDB;ELEITO;TSE (dados abertos)
37397;MUCUGÊ;BA;2025-2028;ANA OLIMPIA HORA MEDRADO;D ANA;PSB;ELEITO;TSE (dados abertos)
38172;QUEIMADAS;BA;2025-2028;RICARDO MARCOS BATISTA LOPES;RICARDO;PSD;ELEITO;TSE (dados abertos)
33359;ANTÔNIO GONÇALVES;BA;2025-2028;DJALMA DE FREITAS CARDOSO NETO;DUDU;PSD;ELEITO;TSE (dados abertos)
37133;MARAGOGIPE;BA;2025-2028;VALNICIO ARMEDE RIBEIRO;VALNICIO ARMEDE;PP;ELEITO;TSE (dados abertos)
39926;SÃO JOSÉ DA VITÓRIA;BA;2025-2028;RODSON PEREIRA COSTA;PROFESSOR RODSON;PODE;ELEITO;TSE (dados abertos)
39250;TAPIRAMUTÁ;BA;2025-2028;ROBERTO VENÂNCIO DOS SANTOS;ROBERTO DO SINDICATO;PC do B;ELEITO;TSE (dados abertos)
39136;SIMÕES FILHO;BA;2025-2028;DEVALDO SOARES DE SOUZA;DEL;UNIÃO;ELEITO;TSE (dados abertos)
38415;RIO REAL;BA;2025-2028;GIANCARLO ALVES DE ALCANTARA SOUZA;JAN DA LARANJA;PV;ELEITO;TSE (dados abertos)
37079;MALHADA DE PEDRAS;BA;2025-2028;CARLOS ROBERTO SANTOS DA SILVA;BETO DE PRETO NETO;PSD;ELEITO;TSE (dados abertos)
34193;CAMPO FORMOSO;BA;2025-2028;ELMO ALUIZIO VIEIRA NASCIMENTO;ELMO;UNIÃO;ELEITO;TSE (dados abertos)
34797;CORDEIROS;BA;2025-2028;DEVANI PEREIRA DA SILVA;DEVANI;PDT;ELEITO;TSE (dados abertos)
37940;PIRAÍ DO NORTE;BA;2025-2028;HELITON FABIANO TAVARES DA SILVA PEREIRA;DOUTOR FABIANO;PP;ELEITO;TSE (dados abertos)
38458;RUY BARBOSA;BA;2025-2028;ERIDAN MARTINS DE ARAÚJO DOURADO;ERIDAN DE BONIFÁCIO;MDB;ELEITO;TSE (dados abertos)
34258;CANAVIEIRAS;BA;2025-2028;PAULO CEZAR RAMOS CARVALHO;PAULO CARVALHO;AVANTE;ELEITO;TSE (dados abertos)
35149;FEIRA DA MATA;BA;2025-2028;VALMIR MACEDO RODRIGUES;VALMIR RODRIGUES;PSD;ELEITO;TSE (dados abertos)
37176;MARCIONÍLIO SOUZA;BA;2025-2028;HERMINIO JOSE OLIVEIRA MERCES;CORRÓ;AVANTE;ELEITO;TSE (dados abertos)
39195;TANHAÇU;BA;2025-2028;VALDEMIR BRITO AGUIAR GONDIM;VALDEMIR GONDIM;PSD;ELEITO;TSE (dados abertos)
33790;BONINAL;BA;2025-2028;CELESTE AUGUSTA ARAUJO PAIVA;CELESTE;PT;ELEITO;TSE (dados abertos)
35459;IBICUÍ;BA;2025-2028;SALOMÃO BRITO DE CERQUEIRA;SALOMÃO CERQUEIRA;PSD;ELEITO;TSE (dados abertos)
34134;CAMAÇARI;BA;2025-2028;LUIZ CARLOS CAETANO;CAETANO;PT;ELEITO;TSE (dados abertos)
37010;MAIQUINIQUE;BA;2025-2028;VALERIA FERREIRA SILVEIRA MOREIRA;VALÉRIA SILVEIRA;PV;ELEITO;TSE (dados abertos)
37117;MARACÁS;BA;2025-2028;NELSON LUIZ DOS ANJOS PORTELA;NELSON PORTELA;PT;ELEITO;TSE (dados abertos)
30830;CAPIM GROSSO;BA;2025-2028;JOSÉ SIVALDO RIOS DE CARVALHO;SIVALDO;PSD;ELEITO;TSE (dados abertos)
37214;MATA DE SÃO JOÃO;BA;2025-2028;AGOSTINHO BATISTA DOS SANTOS NETO;BIRA DA BARRACA;UNIÃO;ELEITO;TSE (dados abertos)
39756;MAETINGA;BA;2025-2028;SERGIO BARROS MOREIRA;SERGIO BARROS;AVANTE;ELEITO;TSE (dados abertos)
38431;RODELAS;BA;2025-2028;EMANUEL RODRIGUES FERREIRA;EMANUEL RODRIGUES;PC do B;ELEITO;TSE (dados abertos)
36870;LENÇÓIS;BA;2025-2028;VANESSA DOS ANJOS TELES SENNA;VANESSA SENNA;PSD;ELEITO;TSE (dados abertos)
38490;SALVADOR;BA;2025-2028;BRUNO SOARES REIS;BRUNO REIS;UNIÃO;ELEITO;TSE (dados abertos)
37583;NOVA REDENÇÃO;BA;2025-2028;ADEMAR MARTINS DE OLIVEIRA FILHO;ADEMAR;PSD;ELEITO;TSE (dados abertos)
39330;TERRA NOVA;BA;2025-2028;EDER SAO PEDRO MENEZES;EDER DE NILDA;REPUBLICANOS;ELEITO;TSE (dados abertos)
35173;FIRMINO ALVES;BA;2025-2028;FABIANO DE JESUS SAMPAIO;FABIANO SAMPAIO;PP;ELEITO;TSE (dados abertos)
38237;RETIROLÂNDIA;BA;2025-2028;JOSÉ EGNILDO DOS SANTOS;GUENE;PSB;ELEITO;TSE (dados abertos)
34711;CONDE;BA;2025-2028;JOSÉ ANÍSIO ALMEIDA DE OLIVEIRA;ANÍSIO MADEIROL;UNIÃO;ELEITO;TSE (dados abertos)
39969;NOVA IBIÁ;BA;2025-2028;MARCIO TARANTINE SOUZA SAMPAIO;MARCIO TARANTINE;AVANTE;ELEITO;TSE (dados abertos)
39055;SERRA DOURADA;BA;2025-2028;AUZENILDO SOUSA COSTA;NENENZÃO;PT;ELEITO;TSE (dados abertos)
35092;ENTRE RIOS;BA;2025-2028;MANOELITO ARGOLO DOS SANTOS JUNIOR;MANOELITO ARGOLO  JUNIOR;SOLIDARIEDADE;ELEITO;TSE (dados abertos)
35319;GOVERNADOR MANGABEIRA;BA;2025-2028;MANUELA PEDREIRA RODRIGUES SILVA;MANUELA;PP;ELEITO;TSE (dados abertos)
34312;CANDIBA;BA;2025-2028;REGINALDO MARTINS PRADO;REGINALDO;PSD;ELEITO;TSE (dados abertos)
33332;ANTÔNIO CARDOSO;BA;2025-2028;JOCIVALDO BISPO DA CONCEIÇÃO DOS ANJOS;JOCIVALDO JOCI;PT;ELEITO;TSE (dados abertos)
34479;CATOLÂNDIA;BA;2025-2028;GIOVANNI MOREIRA DOS SANTOS;GIOVANNI;AVANTE;ELEITO;TSE (dados abertos)
34894;CRAVOLÂNDIA;BA;2025-2028;CELSO COELHO DA SILVA;CELSO COELHO;AVANTE;ELEITO;TSE (dados abertos)
33383;ARAÇÁS;BA;2025-2028;AGAMENON OLIVEIRA COELHO;AGAMENON COELHO;UNIÃO;ELEITO;TSE (dados abertos)
35912;IRARÁ;BA;2025-2028;NASSARA MENEZES DE SANTANA;NASSARA;MDB;ELEITO;TSE (dados abertos)
37893;PILÃO ARCADO;BA;2025-2028;LEOSMIR ATANAZIO GAMA;LEOSMIR GAMA;PT;ELEITO;TSE (dados abertos)
39896;SÃO GABRIEL;BA;2025-2028;MATEUS MACHADO ROCHA;MATEUS MACHADO;PT;ELEITO;TSE (dados abertos)
34118;CAMACÃ;BA;2025-2028;PAULO CESAR BOMFIM DE OLIVEIRA;PAULO DO GÁS;PSD;ELEITO;TSE (dados abertos)
34339;CÂNDIDO SALES;BA;2025-2028;MAURÍLIO LEMOS DAS VIRGENS;DR MAURILIO;PSD;ELEITO;TSE (dados abertos)
37290;MIRANGABA;BA;2025-2028;DIRCEU MENDES RIBEIRO;DIRCEU DE ALBERTO;PSD;ELEITO;TSE (dados abertos)
38806;SÃO DOMINGOS;BA;2025-2028;ILARIO ANTONIO NETO RIOS CARNEIRO;ILARIO CARNEIRO;PSD;ELEITO;TSE (dados abertos)
33456;ARATUÍPE;BA;2025-2028;ANTONIO MARCOS ARAUJO DE SOUZA;PROFESSOR TONE;PC do B;ELEITO;TSE (dados abertos)
38776;SÃO DESIDÉRIO;BA;2025-2028;JOAO ANTONIO RODRIGUES LINHARES;TONY LINHARES;PP;ELEITO;TSE (dados abertos)
33782;BOM JESUS DA SERRA;BA;2025-2028;WELTON SILVA ANDRADE;WELTON;PSD;ELEITO;TSE (dados abertos)
33898;BROTAS DE MACAÚBAS;BA;2025-2028;ANTONIO KLEBER RIBEIRO;DR KLEBER;PSD;ELEITO;TSE (dados abertos)
34436;CASA NOVA;BA;2025-2028;ANISIO VIANA DE CASTRO NETO;ANISIO VIANA;PSDB;ELEITO;TSE (dados abertos)
30694;JUSSARI;BA;2025-2028;ORLEANS MASCARENHAS DOS SANTOS;ORLEANS;PSD;ELEITO;TSE (dados abertos)
34550;CÍCERO DANTAS;BA;2025-2028;VINICIUS JOSE ARAUJO BORGES DE SOUZA;VINICIUS DO SAO JOSE;PP;ELEITO;TSE (dados abertos)
38253;RIACHÃO DAS NEVES;BA;2025-2028;MOAB NASCIMENTO DE SANTANA;MOAB;REPUBLICANOS;ELEITO;TSE (dados abertos)
34592;COARACI;BA;2025-2028;MILTON DIAS CERQUEIRA MICHELI SANTOS;MILTINHO DO AXE;PSD;ELEITO;TSE (dados abertos)
34290;CANDEIAS;BA;2025-2028;ERITON DOS SANTOS RAMOS;ERITON RAMOS;PP;ELEITO;TSE (dados abertos)
37753;PARATINGA;BA;2025-2028;VITOR FERREIRA DE SANTANA;TOM;PT;ELEITO;TSE (dados abertos)
30899;FÁTIMA;BA;2025-2028;FABIO JOSE REIS DE ARAUJO;BINHO DE ALFREDO;PT;ELEITO;TSE (dados abertos)
36706;JUCURUÇU;BA;2025-2028;ARIVALDO DE ALMEIDA COSTA;LILI;PSDB;ELEITO;TSE (dados abertos)
36439;ITORORÓ;BA;2025-2028;ADAUTO OLIVEIRA DE ALMEIDA;DR ADAUTO;AVANTE;ELEITO;TSE (dados abertos)
38067;PONTO NOVO;BA;2025-2028;FABIANE AZEVEDO MAIA DE OLIVEIRA;DOUTORA FABIANE;PSD;ELEITO;TSE (dados abertos)
35297;GONGOGI;BA;2025-2028;ADRIANO MENDONÇA PINHEIRO;ADRIANO MENDONÇA;AVANTE;ELEITO;TSE (dados abertos)
37311;MONTE SANTO;BA;2025-2028;SILVANIA SILVA MATOS;SILVANIA MATOS;PSB;ELEITO;TSE (dados abertos)
39152;SOUTO SOARES;BA;2025-2028;LUCAS TADEU DE OLIVEIRA;DR LUCAS;PT;ELEITO;TSE (dados abertos)
39713;XIQUE-XIQUE;BA;2025-2028;RENAN PINTO DANTAS BRAGA;RENANZINHO;MDB;ELEITO;TSE (dados abertos)
38890;SÃO SEBASTIÃO DO PASSÉ;BA;2025-2028;MARIA NILZA DA MATA SANTANA;NILZA DA MATA;PSD;ELEITO;TSE (dados abertos)
34878;COTEGIPE;BA;2025-2028;BEATRIZ BATISTA RIBEIRO CALADO;PROFESSORA BEATRIZ;PT;ELEITO;TSE (dados abertos)
39489;UMBURANAS;BA;2025-2028;FABRICIO LOPES RIBEIRO DE ALMEIDA;FABRICIO LOPES;PRD;ELEITO;TSE (dados abertos)
33774;BOM JESUS DA LAPA;BA;2025-2028;EURES RIBEIRO PEREIRA;EURES RIBEIRO;PSD;ELEITO;TSE (dados abertos)
34673;CONCEIÇÃO DO COITÉ;BA;2025-2028;MARCELO PASSOS DE ARAUJO;MARCELO;UNIÃO;ELEITO;TSE (dados abertos)
34690;CONCEIÇÃO DO JACUÍPE;BA;2025-2028;TANIA MARLI RIBEIRO YOSHIDA;TANIA YOSHIDA;PSD;ELEITO;TSE (dados abertos)
35793;IPIAÚ;BA;2025-2028;LARYSSA ANDRADE SANTOS FERNANDES DIAS;LARYSSA DIAS;PP;ELEITO;TSE (dados abertos)
36196;ITANAGRA;BA;2025-2028;MARCUS GUSTAVO DE SOUZA SARMENTO;MARCUS SARMENTO;AVANTE;ELEITO;TSE (dados abertos)
33073;ÁGUA FRIA;BA;2025-2028;RENAN ARAUJO BARROS;RENAN DE ZIZA;PSD;ELEITO;TSE (dados abertos)
36692;JUAZEIRO;BA;2025-2028;MARCOS ANDREI SOUZA GONÇALVES DA SILVA;ANDREI;MDB;ELEITO;TSE (dados abertos)
34959;CRUZ DAS ALMAS;BA;2025-2028;EDNALDO JOSÉ RIBEIRO;EDNALDO RIBEIRO;REPUBLICANOS;ELEITO;TSE (dados abertos)
37770;PARIPIRANGA;BA;2025-2028;TALISSON SANTA ROSA NASCIMENTO;TALISSON SANTA ROSA;PSD;ELEITO;TSE (dados abertos)
39497;UNA;BA;2025-2028;ROGERIO MARTINS BORGES;ROGERIO BORGES;PP;ELEITO;TSE (dados abertos)
34371;CARAVELAS;BA;2025-2028;ADAUTO RONALDO AZEVEDO DA COSTA;DOUTOR ADAUTO;PSD;ELEITO;TSE (dados abertos)
33375;APORÁ;BA;2025-2028;CARINE DANTAS DE MENEZES;CARINE DE ATAIDE;AVANTE;ELEITO;TSE (dados abertos)
35947;ITABELA;BA;2025-2028;RICARDO DE JESUS FLAUZINO;RICARDO FLAUZINO;PSD;ELEITO;TSE (dados abertos)
37273;MILAGRES;BA;2025-2028;MARCOS QUEIROZ RIBEIRO;MARCOS QUEIROZ;PP;ELEITO;TSE (dados abertos)
37915;PINDAÍ;BA;2025-2028;JOÃO EVANGELISTA VEIGA PEREIRA;JOÃO VEIGA;PP;ELEITO;TSE (dados abertos)
38199;QUIJINGUE;BA;2025-2028;JOSÉ ROMERO ROCHA MATOS FILHO;ROMERINHO;AVANTE;ELEITO;TSE (dados abertos)
35050;ELÍSIO MEDRADO;BA;2025-2028;LINSMAR MOURA BITTENCOURT SANTOS;LINSMAR MOURA;PSD;ELEITO;TSE (dados abertos)
30970;HELIÓPOLIS;BA;2025-2028;JOSE MENDONÇA DANTAS;MENDONÇA;MDB;ELEITO;TSE (dados abertos)
35432;IBICOARA;BA;2025-2028;GILMADSON CRUZ DE MELO;GIL;AVANTE;ELEITO;TSE (dados abertos)
33960;CABACEIRAS DO PARAGUAÇU;BA;2025-2028;PEDRO ANDRÉ BRAZ SILVA SANTANA;PEDRO DE PAULINHO;PSD;ELEITO;TSE (dados abertos)
34274;CANDEAL;BA;2025-2028;RENATO PEREIRA LIMA JUNIOR;JÚNIOR BATATA;AVANTE;ELEITO;TSE (dados abertos)
38792;SÃO FÉLIX;BA;2025-2028;JOSE GERALDO TOSTA ALBERGARIA DA SILVA;ZE GERALDO;SOLIDARIEDADE;ELEITO;TSE (dados abertos)
34037;CAETITÉ;BA;2025-2028;VALTÉCIO NEVES AGUIAR;VALTÉCIO AGUIAR;PDT;ELEITO;TSE (dados abertos)
35017;DOM BASÍLIO;BA;2025-2028;FERNANDO SILVA SANTOS;FERNANDO SANTOS;PSD;ELEITO;TSE (dados abertos)
36536;JAGUAQUARA;BA;2025-2028;EDIONE OLIVEIRA AGOSTINONE;EDIONE AGOSTINONE;PT;ELEITO;TSE (dados abertos)
36757;LAFAIETE COUTINHO;BA;2025-2028;FLÁVIO BRANDÃO SANTANA;BINHO;PP;ELEITO;TSE (dados abertos)
38210;REMANSO;BA;2025-2028;MARCOS CARVALHO PALMEIRA;MARCOS PALMEIRA;PC do B;ELEITO;TSE (dados abertos)
34576;CIPÓ;BA;2025-2028;JOSE MARQUES DOS REIS;MARQUINHOS;PSD;ELEITO;TSE (dados abertos)
36714;JUSSARA;BA;2025-2028;TACIANO MENDES DA SILVA;TACINHO;PP;ELEITO;TSE (dados abertos)
39810;PÉ DE SERRA;BA;2025-2028;ZEDIVAN DE FREITAS RIOS;ZEIDE;UNIÃO;ELEITO;TSE (dados abertos)
38318;RIBEIRA DO AMPARO;BA;2025-2028;TETIANA DE PAULA FONTES CEDRO BRITTO;TETI BRITTO;MDB;ELEITO;TSE (dados abertos)
38539;SANTA BRÍGIDA;BA;2025-2028;ELTON CARLOS MAGALHÃES;ELTON;PODE;ELEITO;TSE (dados abertos)
38938;SÁTIRO DIAS;BA;2025-2028;PEDRO RAIMUNDO SANTANA DA CRUZ;PEDRITO;PSD;ELEITO;TSE (dados abertos)
39454;UBATÃ;BA;2025-2028;VINICIUS DO VALE DE SOUZA;TINHO;PT;ELEITO;TSE (dados abertos)
34991;DÁRIO MEIRA;BA;2025-2028;MARIVANE DIAS SANTOS;MARI;PP;ELEITO;TSE (dados abertos)
38750;SANTO ESTEVÃO;BA;2025-2028;TIAGO GOMES DIAS;TIAGO DA CENTRAL;UNIÃO;ELEITO;TSE (dados abertos)
38814;SÃO FELIPE;BA;2025-2028;ANTÔNIO GREGÓRIO DE OLIVEIRA BARBOSA;GREGÓRIO;PSD;ELEITO;TSE (dados abertos)
35734;ILHÉUS;BA;2025-2028;VALDERICO LUIZ DOS REIS JÚNIOR;VALDERICO JÚNIOR;UNIÃO;ELEITO;TSE (dados abertos)
33677;BELMONTE;BA;2025-2028;IEDO JOSE MENEZES ELIAS;IEDO ELIAS;PSD;ELEITO;TSE (dados abertos)
30813;CAPELA DO ALTO ALEGRE;BA;2025-2028;LUIS ROMEU OLIVEIRA MASCARENHAS;ROMEU;PSD;ELEITO;TSE (dados abertos)
36250;ITAPÉ;BA;2025-2028;REINALDO MARTINS DE ALMEIDA;REINALDO DAS BATATAS;AVANTE;ELEITO;TSE (dados abertos)
37338;MORPARÁ;BA;2025-2028;NATALITO RIBEIRO DE ALCANTARA;NATALITO RIBEIRO;PT;ELEITO;TSE (dados abertos)
33995;CACULÉ;BA;2025-2028;PEDRO DIAS DA SILVA;PEDRÃO;PSB;ELEITO;TSE (dados abertos)
38091;POTIRAGUÁ;BA;2025-2028;ELIAS DE CARVALHO FILHO;ELIAS CARVALHO;AVANTE;ELEITO;TSE (dados abertos)
33804;BONITO;BA;2025-2028;EDIVAM JOSE CEDRO DE SOUZA;EDINHO BELLA;PSD;ELEITO;TSE (dados abertos)
30791;BURITIRAMA;BA;2025-2028;LÉO MIRANDA SÃO MATEUS;DR.LÉO;MDB;ELEITO;TSE (dados abertos)
34932;CRISTÓPOLIS;BA;2025-2028;ERIVALDO CONEGUNDES DA CÂMARA;VALDO DO ARMINDO;PT;ELEITO;TSE (dados abertos)
36374;ITARANTIM;BA;2025-2028;FABIO PEREIRA GUSMAO;FABIO GUSMAO;PSD;ELEITO;TSE (dados abertos)
33499;BAIANÓPOLIS;BA;2025-2028;WEUBE FEBRONIO DOS SANTOS;WEUBE FEBRONIO ;PP;ELEITO;TSE (dados abertos)
34495;CATU;BA;2025-2028;NARLISON BORGES DE SALES;PEQUENO SALES;PT;ELEITO;TSE (dados abertos)
35254;GENTIO DO OURO;BA;2025-2028;CICERO ELIZEU OLIVEIRA DA FRANCA;CIÇÃO;PDT;ELEITO;TSE (dados abertos)
37559;NOVA CANAÃ;BA;2025-2028;WADSON OLIVEIRA ROCHA;DÓI ROCHA;AVANTE;ELEITO;TSE (dados abertos)
33650;BARRO PRETO;BA;2025-2028;JURACI DIAS DE JESUS;JURACI DA SAÚDE;AVANTE;ELEITO;TSE (dados abertos)
38032;POÇÕES;BA;2025-2028;IRENILDA CUNHA DE MAGALHÃES;DONA NILDA;PC do B;ELEITO;TSE (dados abertos)
36137;ITAMARAJU;BA;2025-2028;JORGE LUIS COSTA SULZ DE ALMEIDA;JORGE ALMEIDA;PSDB;ELEITO;TSE (dados abertos)
30660;IUIU;BA;2025-2028;NUCIVALDA AMERICA DA SILVA;VALDINHA;PSD;ELEITO;TSE (dados abertos)
39071;SERRA PRETA;BA;2025-2028;FRANKLIN LEITE DA SILVA;FRANKLIN LEITE;AVANTE;ELEITO;TSE (dados abertos)
33979;CACHOEIRA;BA;2025-2028;ELIANA GONZAGA DE JESUS;ELIANA;PT;ELEITO;TSE (dados abertos)
37737;PARAMIRIM;BA;2025-2028;JOÃO RICARDO BRASIL MATOS;JOÃO RICARDO;AVANTE;ELEITO;TSE (dados abertos)
38334;RIBEIRA DO POMBAL;BA;2025-2028;ERIKSSON SANTOS SILVA;ERIKSSON SILVA;MDB;ELEITO;TSE (dados abertos)
38954;SAÚDE;BA;2025-2028;AUCICLEI COSTA RODRIGUES;AUCI DO HARAS;PSD;ELEITO;TSE (dados abertos)
35238;GANDU;BA;2025-2028;DAIANA SANTOS SANTANA;DAI DE LEO DE NECO;AVANTE;ELEITO;TSE (dados abertos)
33111;AIQUARA;BA;2025-2028;VALERIA RIBEIRO SANTOS;VALERIA;PP;ELEITO;TSE (dados abertos)
36293;ITAPETINGA;BA;2025-2028;EDUARDO JORGE ALMEIDA HAGGE;EDUARDO HAGGE;MDB;ELEITO;TSE (dados abertos)
37419;MUCURI;BA;2025-2028;ROBERTO CARLOS FIGUEIREDO COSTA;ROBERTINHO;UNIÃO;ELEITO;TSE (dados abertos)
37974;PIRITIBA;BA;2025-2028;LEANDRA BELITARDO BARRETTO DE ANDRADE LIMA;LEANDRA BELITARDO;SOLIDARIEDADE;ELEITO;TSE (dados abertos)
36633;JEREMOABO;BA;2025-2028;JOÃO BATISTA MELO DE CARVALHO;TISTA DE DEDA;PSD;ELEITO;TSE (dados abertos)
34851;CORRENTINA;BA;2025-2028;WALTER MARIANO MESSIAS DE SOUZA;MARIANO CORRENTINA;UNIÃO;ELEITO;TSE (dados abertos)
36897;LICÍNIO DE ALMEIDA;BA;2025-2028;RONEY FRANCISCO COTRIM;CHIQUINHO;PC do B;ELEITO;TSE (dados abertos)
37796;PAU BRASIL;BA;2025-2028;ROBSON VENÂNCIO DO NASCIMENTO;ROBSON VENÂNCIO;PT;ELEITO;TSE (dados abertos)
30007;LUÍS EDUARDO MAGALHÃES;BA;2025-2028;ONDUMAR FERREIRA BORGES JUNIOR;JUNIOR MARABÁ;PP;ELEITO;TSE (dados abertos)
30937;GAVIÃO;BA;2025-2028;LAURINDO NAZÁRIO DA SILVA;LAURINDO NAZÁRIO;PSD;ELEITO;TSE (dados abertos)
36234;ITAPARICA;BA;2025-2028;JOSÉ ELIAS DAS VIRGENS OLIVEIRA;ZEZINHO;PSD;ELEITO;TSE (dados abertos)
36277;ITAPEBI;BA;2025-2028;ISAN DO NASCIMENTO BOTELHO;ISAN BOTELHO;AVANTE;ELEITO;TSE (dados abertos)
36390;ITIRUÇU;BA;2025-2028;UBIRATAN MORAES DA SILVA;BIRA;PP;ELEITO;TSE (dados abertos)
39853;RAFAEL JAMBEIRO;BA;2025-2028;MARINALVO FERNANDES SERRA;NALVINHO;UNIÃO;ELEITO;TSE (dados abertos)
37680;OUROLÂNDIA;BA;2025-2028;JOSÉ RAIMUNDO ARAUJO DE SOUZA;ZÉ DO POVO;UNIÃO;ELEITO;TSE (dados abertos)
38164;PRESIDENTE TANCREDO NEVES;BA;2025-2028;JOSUE PAULO DOS SANTOS FILHO;QUINHA;AVANTE;ELEITO;TSE (dados abertos)
39594;VALENTE;BA;2025-2028;UBALDINO AMARAL DE OLIVEIRA;UBALDINO AMARAL;AVANTE;ELEITO;TSE (dados abertos)
39640;VEREDA;BA;2025-2028;MANRICK GREGÓRIO PRATES TEIXEIRA;MANRICK TEIXEIRA;AVANTE;ELEITO;TSE (dados abertos)
34452;CASTRO ALVES;BA;2025-2028;JADSON SOUZA CUNHA SOARES;JADSON;PSD;ELEITO;TSE (dados abertos)
37354;MORRO DO CHAPÉU;BA;2025-2028;JULIANA PEREIRA ARAUJO LEAL;JULIANA ARAUJO;PDT;ELEITO;TSE (dados abertos)
37451;MUNIZ FERREIRA;BA;2025-2028;GILENO PEREIRA DOS SANTOS;PROFESSOR GILENO;AVANTE;ELEITO;TSE (dados abertos)
37591;NOVA SOURE;BA;2025-2028;ALAN CAMILO BARRETO REIS;ALAN DE CASSINHO;PSD;ELEITO;TSE (dados abertos)
34177;CAMPO ALEGRE DE LOURDES;BA;2025-2028;TADEU DIAS DOS SANTOS;TADEU DIAS;PT;ELEITO;TSE (dados abertos)
35114;ESPLANADA;BA;2025-2028;JOSE NAUDINHO ALVES DOS SANTOS;NANDINHO DA SERRARIA;PT;ELEITO;TSE (dados abertos)
36412;ITIÚBA;BA;2025-2028;JOSE FRANCISCO DOS SANTOS FILHO;ZE DO RADIO;MDB;ELEITO;TSE (dados abertos)
37516;NAZARÉ;BA;2025-2028;CARLOS BENON SAMPAIO CARDOSO;BENON;PSD;ELEITO;TSE (dados abertos)
33596;BARRA DO MENDES;BA;2025-2028;MANOEL GABRIEL DOS SANTOS;DR NÉU;PP;ELEITO;TSE (dados abertos)
35190;FLORESTA AZUL;BA;2025-2028;HERMANIO LEONARDO SANTOS DA SILVA;BAMBU;PSB;ELEITO;TSE (dados abertos)
36838;LAMARÃO;BA;2025-2028;MARIA LUZINEIDE COSTA SILVA DE ARAUJO;PRÓ NINHA;PT;ELEITO;TSE (dados abertos)
39985;SOBRADINHO;BA;2025-2028;REGIS CLEIVYS SAMPAIO BENTO;CLEIVINHO;PSD;ELEITO;TSE (dados abertos)
33537;BARRA;BA;2025-2028;ROMEU BATISTA PINTO JUNIOR;ROMEU JUNIOR;PT;ELEITO;TSE (dados abertos)
34819;CORIBE;BA;2025-2028;MURILLO FERREIRA VIANA;DOUTOR MURILLO;UNIÃO;ELEITO;TSE (dados abertos)
34738;CONDEÚBA;BA;2025-2028;MICAEL BATISTA SILVEIRA;MICAEL DE ODILIO;MDB;ELEITO;TSE (dados abertos)
30732;ARATACA;BA;2025-2028;FERNANDO MANSUR GONZAGA;FERLÚ;PSD;ELEITO;TSE (dados abertos)
38822;SÃO FÉLIX DO CORIBE;BA;2025-2028;TONI MARCOS SANTOS;TONI DE DALMIR;PP;ELEITO;TSE (dados abertos)
33758;BOA VISTA DO TUPIM;BA;2025-2028;SAVIO BULCAO DOS SANTOS;SAVINHO;PSDB;ELEITO;TSE (dados abertos)
35033;DOM MACEDO COSTA;BA;2025-2028;ANTÔNIO DOS SANTOS FRÓES;TOTE FROES;UNIÃO;ELEITO;TSE (dados abertos)
35270;GLÓRIA;BA;2025-2028;ENA VILMA PEREIRA DE SOUZA NEGROMONTE;VILMA NEGROMONTE;PP;ELEITO;TSE (dados abertos)
38130;PRESIDENTE DUTRA;BA;2025-2028;ROBERTO CARLOS ALVES DE SOUZA;ROBERTÃO;MDB;ELEITO;TSE (dados abertos)
39845;QUIXABEIRA;BA;2025-2028;EDINALDO OLIVEIRA RIOS;DINHO DO PILOTO;UNIÃO;ELEITO;TSE (dados abertos)
35076;ENCRUZILHADA;BA;2025-2028;PEDRO ALVES DE LACERDA SOBRINHO;DR PEDRINHO;PC do B;ELEITO;TSE (dados abertos)
39519;URANDI;BA;2025-2028;WARLEI OLIVEIRA DE SOUZA;WARLEI;PSD;ELEITO;TSE (dados abertos)
34231;CANARANA;BA;2025-2028;MARLEIDE BARBOSA DE OLIVEIRA;MARLEIDE OLIVEIRA;PT;ELEITO;TSE (dados abertos)
35599;IBIRATAIA;BA;2025-2028;ALEXSANDRO FREITAS SILVA;SANDRO FUTUCA;MDB;ELEITO;TSE (dados abertos)
39110;SERROLÂNDIA;BA;2025-2028;GILDO MOTA BISPO;GILDO MOTA;PC do B;ELEITO;TSE (dados abertos)
39551;UTINGA;BA;2025-2028;ATILA SANT ANA KARAOGLAN;ÁTILA;PSDB;ELEITO;TSE (dados abertos)
36080;ITAGUAÇU DA BAHIA;BA;2025-2028;ADÃO ALVES DE CARVALHO FILHO;ADÃOZINHO;PSD;ELEITO;TSE (dados abertos)
34916;CRISÓPOLIS;BA;2025-2028;LEANDRO DANTAS DE JESUS COSTA;LEANDRO DANTAS;PSB;ELEITO;TSE (dados abertos)
39942;NOVO HORIZONTE;BA;2025-2028;ROGERIO DE OLIVEIRA PRADO;ROGERIO PRADO;PSD;ELEITO;TSE (dados abertos)
38865;SÃO JOSÉ DO JACUÍPE;BA;2025-2028;ALBERLAN PERIS MOREIRA DA CUNHA;PERIS CUNHA;PP;ELEITO;TSE (dados abertos)
33413;ARACI;BA;2025-2028;MARIA BETIVANIA LIMA DA SILVA;KEINHA;PDT;ELEITO;TSE (dados abertos)
39772;MANSIDÃO;BA;2025-2028;JUVIO FERREIRA DE OLIVEIRA;DR. JUVIO;UNIÃO;ELEITO;TSE (dados abertos)
38636;SANTA MARIA DA VITÓRIA;BA;2025-2028;ANTONIO ELSON MARQUES DA SILVA;TONHO DE ZÉ DE AGDÔNIO;UNIÃO;ELEITO;TSE (dados abertos)
38679;SANTANÓPOLIS;BA;2025-2028;GILSON CERQUEIRA ALMEIDA;VITOR DO POVO;MDB;ELEITO;TSE (dados abertos)
35955;ITABERABA;BA;2025-2028;JOÃO ALMEIDA MASCARENHAS FILHO;JOÃO FILHO;PSD;ELEITO;TSE (dados abertos)
35815;IPIRÁ;BA;2025-2028;THIAGO OLIVEIRA DO VALE;THIAGO DO VALE;PSD;ELEITO;TSE (dados abertos)
37460;MUQUÉM DO SÃO FRANCISCO;BA;2025-2028;AILSON DE SOUZA SELIS;AILSON SELIS;AVANTE;ELEITO;TSE (dados abertos)
39470;UIBAÍ;BA;2025-2028;AIDERLENE ROCHA LEVI;AIDINHA;PSD;ELEITO;TSE (dados abertos)
33405;APUAREMA;BA;2025-2028;ROBERTO SANTOS AMORIM;BETÃO;AVANTE;ELEITO;TSE (dados abertos)
35939;IRECÊ;BA;2025-2028;MURILO FRANCA PAIVA SILVA;MURILO FRANCA;PSB;ELEITO;TSE (dados abertos)
36994;MACURURÉ;BA;2025-2028;LEANDRO BERGUE GOMES DA CRUZ;BERGUE DE JOSIAS;PC do B;ELEITO;TSE (dados abertos)
39292;TEOFILÂNDIA;BA;2025-2028;HIGO MOURA MEDEIROS;HIGO MOURA;PSB;ELEITO;TSE (dados abertos)
37478;MURITIBA;BA;2025-2028;ROSILVANDA OLIVEIRA REIS;ROSE;PSD;ELEITO;TSE (dados abertos)
35653;IBOTIRAMA;BA;2025-2028;LAERCIO SILVA DE SANTANA;DR LAERCIO SANTANA;PSB;ELEITO;TSE (dados abertos)
33014;ABAÍRA;BA;2025-2028;WELLINGTON BARBOSA SILVA;DR WELLINGTON;PSD;ELEITO;TSE (dados abertos)
36617;JEQUIÉ;BA;2025-2028;ZENILDO BRANDÃO SANTANA;ZÉ COCÁ;PP;ELEITO;TSE (dados abertos)
35890;IRAQUARA;BA;2025-2028;WALTERSON RIBEIRO COUTINHO;NINO COUTINHO;PSD;ELEITO;TSE (dados abertos)
37052;MALHADA;BA;2025-2028;GIMMY EVERTON MOURARIA RAMOS;DR GIMMY;PT;ELEITO;TSE (dados abertos)
38857;SÃO GONÇALO DOS CAMPOS;BA;2025-2028;TARCÍSIO TORRES PEDREIRA;TARCÍSIO;UNIÃO;ELEITO;TSE (dados abertos)
38695;SANTA TEREZINHA;BA;2025-2028;AGNALDO FIGUEIREDO ANDRADE;AGNALDO ANDRADE;PSD;ELEITO;TSE (dados abertos)
39993;WANDERLEY;BA;2025-2028;CAMARGO ANTÔNIO PINTO CRISOSTOMO;CAMARGO CRISÓSTOMO;AVANTE;ELEITO;TSE (dados abertos)
35556;IBIRAPITANGA;BA;2025-2028;JEAN PEREIRA DE ASSUNÇÃO;JÉ;AVANTE;ELEITO;TSE (dados abertos)
39616;VÁRZEA DO POÇO;BA;2025-2028;EVERSON MARCOS MATT;DR EVERSON;UNIÃO;ELEITO;TSE (dados abertos)
36153;ITAMARI;BA;2025-2028;EVERTON BORGES VASCONCELOS;DR TOM;AVANTE;ELEITO;TSE (dados abertos)
36510;JACOBINA;BA;2025-2028;VALDICE CASTRO VIEIRA DA SILVA;VALDICE;PMB;ELEITO;TSE (dados abertos)
38610;SANTALUZ;BA;2025-2028;ARISMÁRIO BARBOSA JUNIOR;DR ARISMÁRIO;AVANTE;ELEITO;TSE (dados abertos)
39012;SENHOR DO BONFIM;BA;2025-2028;LAÉRCIO MUNIZ DE AZEVEDO JUNIOR;LÁERCIO JUNIOR;UNIÃO;ELEITO;TSE (dados abertos)
34355;CANSANÇÃO;BA;2025-2028;VILMA ROSA DE OLIVEIRA GOMES;VILMA GOMES A MAMÃE;MDB;ELEITO;TSE (dados abertos)
36382;ITATIM;BA;2025-2028;DAIANE SILVA DOS ANJOS;DAIANE;PSD;ELEITO;TSE (dados abertos)
38156;PRESIDENTE JÂNIO QUADROS;BA;2025-2028;LELIO ALVES BRITO JUNIOR;LELIO JUNIOR;PT;ELEITO;TSE (dados abertos)
33219;AMÉLIA RODRIGUES;BA;2025-2028;JOÃO MANOEL BAHIA MENEZES;JOÃO BAHIA;PSD;ELEITO;TSE (dados abertos)
36854;LAURO DE FREITAS;BA;2025-2028;DÉBORA REGIS DOS SANTOS FILHA;DÉBORA REGIS DEBINHA;UNIÃO;ELEITO;TSE (dados abertos)
36455;ITUAÇU;BA;2025-2028;PHELLIPE RAMONN GONÇALVES BRITO;PHELLIPE BRITO;PSD;ELEITO;TSE (dados abertos)
33294;ANGUERA;BA;2025-2028;MAURO SELMO OLIVEIRA VIEIRA;MAURO VIEIRA;PSD;ELEITO;TSE (dados abertos)
33472;AURELINO LEAL;BA;2025-2028;RODRIGO CALAZANS DE ANDRADE;RODRIGO ANDRADE;PP;ELEITO;TSE (dados abertos)
38016;PLANALTO;BA;2025-2028;CLOVES ALVES ANDRADE;CLOVES;PT;ELEITO;TSE (dados abertos)
37958;PIRIPÁ;BA;2025-2028;CRISTIANO SANTOS SILVA;CRIS DE DEMA;PSD;ELEITO;TSE (dados abertos)
36110;ITAJUÍPE;BA;2025-2028;LEANDRO JUNQUILHO CUNHA;LÉO DA CAPOEIRA;AVANTE;ELEITO;TSE (dados abertos)
39535;URUÇUCA;BA;2025-2028;MAGNOLIA ANDRADE BARRETO;MAGNOLIA BARRETO;UNIÃO;ELEITO;TSE (dados abertos)
33553;BARRA DA ESTIVA;BA;2025-2028;UILSON ROBSON SILVA ALVES;WILSON DO CAFÉ;PSD;ELEITO;TSE (dados abertos)
30759;BARRO ALTO;BA;2025-2028;EVILAZIO JOAQUIM DE OLIVEIRA;DADÊ;AVANTE;ELEITO;TSE (dados abertos)
33936;BUERAREMA;BA;2025-2028;GERIVALDO SOUZA FREITAS;GEL DA FARMÁCIA;UNIÃO;ELEITO;TSE (dados abertos)
36790;LAJEDÃO;BA;2025-2028;ARISTON ALMEIDA PASSOS FILHO;TONZINHO;PSD;ELEITO;TSE (dados abertos)
33260;ANDORINHA;BA;2025-2028;ADILBERTO EVANGELISTA DE SOUZA;ADILBERTO EVANGELISTA;PODE;ELEITO;TSE (dados abertos)
33430;ARAMARI;BA;2025-2028;ANTONIO LUIZ CARDOSO DANTAS;TONHO;PSD;ELEITO;TSE (dados abertos)
39624;VARZEDO;BA;2025-2028;GILMAR BORBA BITENCOURT;GILMAR;PODE;ELEITO;TSE (dados abertos)
39047;SERRA DO RAMALHO;BA;2025-2028;ELI CARLOS DOS ANJOS SANTOS;LICA;PSDB;ELEITO;TSE (dados abertos)
35416;IBICARAÍ;BA;2025-2028;MONALISA GONCALVES TAVARES;DRA MONALISA;UNIÃO;ELEITO;TSE (dados abertos)
35874;IRAMAIA;BA;2025-2028;AGRIPINO RAMOS DA SILVA;PIU DE SANTO;PP;ELEITO;TSE (dados abertos)
33138;ALAGOINHAS;BA;2025-2028;GUSTAVO AUGUSTO DE SOUZA CARMO;GUSTAVO CARMO;PSD;ELEITO;TSE (dados abertos)
34509;CATURAMA;BA;2025-2028;ANTÔNIO LEÃO BOMFIM;TÕE LEÃO;PSD;ELEITO;TSE (dados abertos)
35637;IBITITÁ;BA;2025-2028;AFONSO FERREIRA MENDONÇA;DR AFONSO;MDB;ELEITO;TSE (dados abertos)
36315;ITAPICURU;BA;2025-2028;JOSÉ MOREIRA DE CARVALHO NETO;MOREIRA;PSD;ELEITO;TSE (dados abertos)
39438;UBAITABA;BA;2025-2028;MARIA DAS GRAÇAS DE DEUS VIANA;GRACINHA VIANA;AVANTE;ELEITO;TSE (dados abertos)
37630;OLINDINA;BA;2025-2028;LUIZ ALBERTO ARAÚJO DANTAS FILHO;LUIZ ALBERTO;PSD;ELEITO;TSE (dados abertos)
30058;EUNÁPOLIS;BA;2025-2028;JOSÉ ROBÉRIO BATISTA DE OLIVEIRA;ROBÉRIO OLIVEIRA;PSD;ELEITO;TSE (dados abertos)
38075;PORTO SEGURO;BA;2025-2028;JANIO NATAL ANDRADE BORGES;JANIO NATAL;PL;ELEITO;TSE (dados abertos)
33251;ANDARAÍ;BA;2025-2028;WILSON PAES CARDOSO;WILSON CARDOSO;PSB;ELEITO;TSE (dados abertos)
34070;CAIRU;BA;2025-2028;HILDÉCIO ANTÔNIO MEIRELES FILHO;HILDÉCIO MEIRELES;UNIÃO;ELEITO;TSE (dados abertos)
37710;PALMEIRAS;BA;2025-2028;WILSON JOSE DA ROCHA;WILSON ROCHA;AVANTE;ELEITO;TSE (dados abertos)
39934;TEIXEIRA DE FREITAS;BA;2025-2028;MARCELO GUSMÃO PONTES BELITARDO;DOUTOR MARCELO BELITARDO;UNIÃO;ELEITO;TSE (dados abertos)
37494;MUTUÍPE;BA;2025-2028;JOÃO CARLOS RAUEDYS CARDOSO DA SILVA;JOÃO CARLOS;PT;ELEITO;TSE (dados abertos)
35130;EUCLIDES DA CUNHA;BA;2025-2028;HELDER MACEDO DA SILVA;HELDINHO;PDT;ELEITO;TSE (dados abertos)
37427;MULUNGU DO MORRO;BA;2025-2028;ACÁCIO TELES DOS SANTOS;ACÁCIO;MDB;ELEITO;TSE (dados abertos)
34053;CAFARNAUM;BA;2025-2028;CARLAN NOVAIS SENA XAVIER;CARLAN NOVAIS;PSD;ELEITO;TSE (dados abertos)
38393;RIO DO PIRES;BA;2025-2028;JOSE MARCOS PEREIRA;ZÉ MARCOS;AVANTE;ELEITO;TSE (dados abertos)
38946;SAUBARA;BA;2025-2028;FELIPE SUZART DA SILVA;FELIPE DE BOLINHA;AVANTE;ELEITO;TSE (dados abertos)
36765;LAGOA REAL;BA;2025-2028;JOSÉ CARLOS TRINDADE DUCA;BIDA;UNIÃO;ELEITO;TSE (dados abertos)
33030;ABARÉ;BA;2025-2028;EMANOEL MESCIAS MENEZES DE ANDRADE;EMANOEL DA FARMÁCIA;PT;ELEITO;TSE (dados abertos)
36072;ITAGIMIRIM;BA;2025-2028;LUIZ CARLOS JÚNIOR SILVA DE OLIVEIRA;LUIZINHO;MDB;ELEITO;TSE (dados abertos)
37621;NOVO TRIUNFO;BA;2025-2028;MATHEUS BARROS DE SANTANA;MATHEUS BOB;PP;ELEITO;TSE (dados abertos)
36919;LIVRAMENTO DE NOSSA SENHORA;BA;2025-2028;JOANINA BATISTA SILVA MORAIS SAMPAIO;JOANINA;PSB;ELEITO;TSE (dados abertos)
38997;SEBASTIÃO LARANJEIRAS;BA;2025-2028;PEDRO ANTONIO PEREIRA MALHEIROS;DR PEDRO;PSB;ELEITO;TSE (dados abertos)
34410;CARINHANHA;BA;2025-2028;FRANCISCA ALVES RIBEIRO;CHICA DO PT;PT;ELEITO;TSE (dados abertos)
37834;PEDRÃO;BA;2025-2028;MARCILIO MENEZES;MARCILIO MENEZES;MDB;ELEITO;TSE (dados abertos)
33570;BARRA DO CHOÇA;BA;2025-2028;OBERDAM ROCHA DIAS;OBERDAN ROCHA;PP;ELEITO;TSE (dados abertos)
35718;IGUAÍ;BA;2025-2028;DAVID CÉSAR LOUZADA ÁLVARES MACEDO;DR DAVI;AVANTE;ELEITO;TSE (dados abertos)
39039;SENTO SÉ;BA;2025-2028;GISELDA CARVALHO DOS SANTOS RODRIGUES;GISELDA CARVALHO;PT;ELEITO;TSE (dados abertos)
39314;TEOLÂNDIA;BA;2025-2028;MARIA BAITINGA DE SANTANA;ROSA;AVANTE;ELEITO;TSE (dados abertos)
35335;GUANAMBI;BA;2025-2028;ARNALDO PEREIRA DE AZEVEDO;NAL AZEVEDO;AVANTE;ELEITO;TSE (dados abertos)
37931;PINDOBAÇU;BA;2025-2028;DAVID MENEZES FARIAS;DR DAVI;PSD;ELEITO;TSE (dados abertos)
38873;SÃO MIGUEL DAS MATAS;BA;2025-2028;VALDELINO DE JESUS SANTOS;BALEIA;PSDB;ELEITO;TSE (dados abertos)
39691;WENCESLAU GUIMARÃES;BA;2025-2028;BENEDITO GABRIEL DE ANDRADE GOMES;GABRIEL DE PARISIO;MDB;ELEITO;TSE (dados abertos)
39357;TREMEDAL;BA;2025-2028;JOSE CARLOS VIEIRA BAHIA;ZÉ BAHIA;AVANTE;ELEITO;TSE (dados abertos)
37877;PIATÃ;BA;2025-2028;MARCOS PAULO SANTOS AZEVEDO;MARCOS PAULO;PSD;ELEITO;TSE (dados abertos)
34533;CHORROCHÓ;BA;2025-2028;UILDE IRLÃ DE OLIVEIRA;DILAN OLIVEIRA;PC do B;ELEITO;TSE (dados abertos)
36773;LAJE;BA;2025-2028;JACIARA REIS DOS SANTOS;JACI REIS;PSD;ELEITO;TSE (dados abertos)
36358;ITAQUARA;BA;2025-2028;ROGÉRIO RODRIGUES DOS SANTOS;GEL DE RICAÇO;PSB;ELEITO;TSE (dados abertos)
39748;MADRE DE DEUS;BA;2025-2028;DAILTON RAIMUNDO DE JESUS FILHO;DAILTON  FILHO;PSB;ELEITO;TSE (dados abertos)
33529;BANZAÊ;BA;2025-2028;PATRÍCIA NASCIMENTO ALMEIDA;PATRÍCIA;PT;ELEITO;TSE (dados abertos)
33839;BOTUPORÃ;BA;2025-2028;EDIMILSON ANTONIO SARAIVA;PROF EDIMILSON;PT;ELEITO;TSE (dados abertos)
30872;DIAS D'ÁVILA;BA;2025-2028;ALBERTO PEREIRA CASTRO;ALBERTO CASTRO;PSDB;ELEITO;TSE (dados abertos)
37567;NOVA FÁTIMA;BA;2025-2028;JOSE DE ASSIS DE OLIVEIRA PORTO;ASSIS PORTO;SOLIDARIEDADE;ELEITO;TSE (dados abertos)
39977;VÁRZEA DA ROÇA;BA;2025-2028;DANILLO SANTOS SALES RIOS;DANILLO;PC do B;ELEITO;TSE (dados abertos)
33952;CAATIBA;BA;2025-2028;HUMBERTO DE ALMEIDA ANTUNES;DR HUMBERTO;PSD;ELEITO;TSE (dados abertos)
35491;SANTA RITA DE CÁSSIA;BA;2025-2028;JOSÉ BENEDITO ROCHA ARAGÃO;ZEZO ARAGÃO;PSD;ELEITO;TSE (dados abertos)
36676;JITAÚNA;BA;2025-2028;MARCELO PECORELLI GOMES;MARCELO PECORELLI;AVANTE;ELEITO;TSE (dados abertos)
37222;MATINA;BA;2025-2028;OLGA GENTIL DE CASTRO CARDOSO;OLGA GENTIL;PSD;ELEITO;TSE (dados abertos)
37532;NILO PEÇANHA;BA;2025-2028;JACQUELINE SOARES DE OLIVEIRA;JACQUE;PODE;ELEITO;TSE (dados abertos)
37613;NOVA VIÇOSA;BA;2025-2028;LUCIANA SOUSA MACHADO RODRIGUES;LUCIANA;UNIÃO;ELEITO;TSE (dados abertos)
38970;SEABRA;BA;2025-2028;JOAQUIM INACIO DE SOUZA NETO;NETO DA POUSADA;PC do B;ELEITO;TSE (dados abertos)
36951;MACARANI;BA;2025-2028;SELMA RODRIGUES SOUTO;SELMA SOUTO;PSD;ELEITO;TSE (dados abertos)
37370;MORTUGABA;BA;2025-2028;RITA DE CÁSSIA CERQUEIRA DOS SANTOS;CÁSSIA;PSB;ELEITO;TSE (dados abertos)
39870;SANTA LUZIA;BA;2025-2028;FERNANDO SCHUELER BRITO;FERNANDO BRITO;AVANTE;ELEITO;TSE (dados abertos)
37150;MARAÚ;BA;2025-2028;ISRAVAN LEMOS BARCELOS;DR RAVAN;PSD;ELEITO;TSE (dados abertos)
30996;JOÃO DOURADO;BA;2025-2028;DIAMERSON COSTA CARDOSO DOURADO;DI CARDOSO;PRD;ELEITO;TSE (dados abertos)
33693;BELO CAMPO;BA;2025-2028;FIDELIS PEREIRA REIS;NETO FIDÉLIS;PSD;ELEITO;TSE (dados abertos)
35670;ICHU;BA;2025-2028;JOSÉ GONZAGA CARNEIRO;GONZAGA;PSD;ELEITO;TSE (dados abertos)
38830;SÃO FRANCISCO DO CONDE;BA;2025-2028;ANTONIO CARLOS VASCONCELOS CALMON;CALMON;PP;ELEITO;TSE (dados abertos)
30716;AMÉRICA DOURADA;BA;2025-2028;JOELSON CARDOSO DO ROSARIO;JOELSON;PSD;ELEITO;TSE (dados abertos)
34657;CONCEIÇÃO DO ALMEIDA;BA;2025-2028;RENATA SUELY NOGUEIRA DE SANTANA BARROS;RENATA;PSD;ELEITO;TSE (dados abertos)
36595;JANDAÍRA;BA;2025-2028;GILDASIO MENDES LOPES;GILDÁSIO;PSD;ELEITO;TSE (dados abertos)
33197;AMARGOSA;BA;2025-2028;GETÚLIO ALMEIDA SAMPAIO;GETÚLIO SAMPAIO;PT;ELEITO;TSE (dados abertos)
36030;ITAGI;BA;2025-2028;SAULO ISLAN SANTOS SOLEDADE;SAULO;UNIÃO;ELEITO;TSE (dados abertos)
30775;BARROCAS;BA;2025-2028;JOSE ALMIR ARAUJO QUEIROZ;ALMIR DE MACIEL;PT;ELEITO;TSE (dados abertos)
39837;PINTADAS;BA;2025-2028;VALCYR ALMEIDA RIOS;VALCYR;PT;ELEITO;TSE (dados abertos)
39144;SÍTIO DO MATO;BA;2025-2028;ALFREDO DE OLIVEIRA MAGALHÃES JUNIOR;ALFREDINHO MAGALHÃES;UNIÃO;ELEITO;TSE (dados abertos)
33170;ALMADINA;BA;2025-2028;MARCOS MARCIEL PINHEIRO DE JESUS;MARCIEL PINHEIRO;PODE;ELEITO;TSE (dados abertos)
37699;PALMAS DE MONTE ALTO;BA;2025-2028;MARCOS TULIO LARANJEIRA ROCHA;TITO;PSD;ELEITO;TSE (dados abertos)
38571;SANTA CRUZ DA VITÓRIA;BA;2025-2028;MAURÍCIO LOPES DOS SANTOS;PROFESSOR MAURÍCIO;PSD;ELEITO;TSE (dados abertos)
33235;ANAGÉ;BA;2025-2028;ROGERIO BONFIM SOARES;ROGERIO DE ZINHO;PSD;ELEITO;TSE (dados abertos)
33090;ÉRICO CARDOSO;BA;2025-2028;ERALDO FÉLIX DA SILVA;ERALDO;REPUBLICANOS;ELEITO;TSE (dados abertos)
36331;ITAPITANGA;BA;2025-2028;GLISLAINE DÓREA ALVES;GLIS DÓREA;AVANTE;ELEITO;TSE (dados abertos)
38598;SANTA INÊS;BA;2025-2028;SANDRO SANTOS SILVA;SANDRO;PT;ELEITO;TSE (dados abertos)
35211;FORMOSA DO RIO PRETO;BA;2025-2028;MANOEL AFONSO DE ARAÚJO;NEO;PSD;ELEITO;TSE (dados abertos)
35696;IGAPORÃ;BA;2025-2028;NEWTON FRANCISCO NEVES COTRIM;NETO;PT;ELEITO;TSE (dados abertos)
30910;FILADÉLFIA;BA;2025-2028;ANDRÉ LUIZ RIBEIRO MAIA;DR ANDRÉ;PRD;ELEITO;TSE (dados abertos)
34754;CONTENDAS DO SINCORÁ;BA;2025-2028;UELITON VALDIR PALMEIRA SOUZA;DIDI;AVANTE;ELEITO;TSE (dados abertos)
35513;IBIPITANGA;BA;2025-2028;HUMBERTO RAIMUNDO RODRIGUES DE OLIVEIRA;BETO;PT;ELEITO;TSE (dados abertos)
35530;IBIQUERA;BA;2025-2028;CARLOS CEZAR DE ALMEIDA SANTOS QUEIROZ;CEZAR ALMEIDA;AVANTE;ELEITO;TSE (dados abertos)
36978;MACAÚBAS;BA;2025-2028;ALOÍSIO MIGUEL REBONATO;ALOÍSIO;MDB;ELEITO;TSE (dados abertos)
30678;JABORANDI;BA;2025-2028;MARCOS ANTÔNIO MATOS DA SILVA;DR MARCOS;PSD;ELEITO;TSE (dados abertos)
39900;SÍTIO DO QUINTO;BA;2025-2028;BENEDITO JOSE DE JESUS REIS;BENÉ DO PLANALTO;PSD;ELEITO;TSE (dados abertos)
36056;ITAGIBÁ;BA;2025-2028;MARCOS VALÉRIO BARRETO;MARQUINHOS;PC do B;ELEITO;TSE (dados abertos)
37435;MUNDO NOVO;BA;2025-2028;ANA PAULA DE OLIVEIRA COSTA;ANA PAULA;PSD;ELEITO;TSE (dados abertos)
38512;SANTA BÁRBARA;BA;2025-2028;EDIFRANCIO DE JESUS OLIVEIRA;EDIFRANCIO;PSD;ELEITO;TSE (dados abertos)
34630;CONCEIÇÃO DA FEIRA;BA;2025-2028;JOÃO PEDRO LABRIOLA CARDOZO;JOÃO DE FURÃO;PSD;ELEITO;TSE (dados abertos)
34835;CORONEL JOÃO SÁ;BA;2025-2028;CARLOS FERNANDO OLIVA SILVEIRA;CARLINHOS;MDB;ELEITO;TSE (dados abertos)
36471;ITUBERÁ;BA;2025-2028;REGES JONAS ARAGAO SANTOS;REGES;PP;ELEITO;TSE (dados abertos)
33278;ANGICAL;BA;2025-2028;MONICA MARIA RODRIGUES DAS CHAGAS DIAS;QUINHA;AVANTE;ELEITO;TSE (dados abertos)
33618;BARRA DO ROCHA;BA;2025-2028;JOSE LUIZ FRANCO RAMOS COSTA;DR. JOSÉ LUIZ;PDT;ELEITO;TSE (dados abertos)
35475;IBIPEBA;BA;2025-2028;RHALLBER VIEIRA DE SOUSA;RHALLBER;PSD;ELEITO;TSE (dados abertos)
38733;SANTO ANTÔNIO DE JESUS;BA;2025-2028;GENIVAL DEOLINO SOUZA;GENIVAL;PSDB;ELEITO;TSE (dados abertos)
33316;ANTAS;BA;2025-2028;ESSIONEIDE PIMENTEL DA SILVA MATOS;ESSIONEIDE DE RANI;PP;ELEITO;TSE (dados abertos)
34363;CARAÍBAS;BA;2025-2028;RENATO LIMA DOS SANTOS;RENATINHO;PP;ELEITO;TSE (dados abertos)
37990;PLANALTINO;BA;2025-2028;RONALDO LISBOA DA SILVA;ROMI;PT;ELEITO;TSE (dados abertos)
39918;TANQUE NOVO;BA;2025-2028;PAULO RICARDO BONFIM CARNEIRO;DR RICARDO;PP;ELEITO;TSE (dados abertos)
36170;ITAMBÉ;BA;2025-2028;JOSÉ CÂNDIDO ROCHA ARAÚJO;CANDINHO;PSD;ELEITO;TSE (dados abertos)
37818;PAULO AFONSO;BA;2025-2028;MARIO CESAR BARRETO AZEVEDO;MARIO GALINHO;PSD;ELEITO;TSE (dados abertos)
77356;PALMEIRA;PR;2025-2028;ALTAMIR SANSON;ALTAMIR SANSON;PSD;ELEITO;TSE (dados abertos)
79936;TUPÃSSI;PR;2025-2028;JOSE CARLOS MARIUSSI;CAL;PL;ELEITO;TSE (dados abertos)
76554;KALORÉ;PR;2025-2028;WASHINGTON LUIZ DA SILVA;WASHINGTON;PSD;ELEITO;TSE (dados abertos)
77518;PATO BRANCO;PR;2025-2028;GERI NATALINO DUTRA;GÉRI DUTRA;PL;ELEITO;TSE (dados abertos)
78638;SANTO ANTÔNIO DO PARAÍSO;PR;2025-2028;DEVANIR MARTINELLI;DEVANIR;PSD;ELEITO;TSE (dados abertos)
79812;BOA VISTA DA APARECIDA;PR;2025-2028;EDUARDO JOSE HENRICHS;EDUARDO HENRICHS;PSD;ELEITO;TSE (dados abertos)
75086;ARIRANHA DO IVAÍ;PR;2025-2028;THIAGO EPIFANIO DA SILVA;THIAGO;PSD;ELEITO;TSE (dados abertos)
77631;PINHALÃO;PR;2025-2028;LUIZ EDUARDO DE CASTRO VANZELI;LUIZ EDUARDO;UNIÃO;ELEITO;TSE (dados abertos)
75140;BOA VENTURA DE SÃO ROQUE;PR;2025-2028;NESTOR KENEAR;NESTOR KENEAR;MDB;ELEITO;TSE (dados abertos)
74020;IBEMA;PR;2025-2028;VIVIANE COMIRAN;VIVI COMIRAN;PSD;ELEITO;TSE (dados abertos)
76635;LOANDA;PR;2025-2028;JOSE MARIA PEREIRA FERNANDES;ZÉ MARIA;PP;ELEITO;TSE (dados abertos)
77275;ORTIGUEIRA;PR;2025-2028;ARY DE OLIVEIRA MATTOS;ARY;PP;ELEITO;TSE (dados abertos)
75167;BOM JESUS DO SUL;PR;2025-2028;HELIO JOSE SURDI;HELIO SURDI;PP;ELEITO;TSE (dados abertos)
74993;CENTENÁRIO DO SUL;PR;2025-2028;MELQUIADES TAVIAN JUNIOR;JUNIOR TAVIAN;PSD;ELEITO;TSE (dados abertos)
77755;PLANALTO;PR;2025-2028;LUIZ CARLOS BONI;BONI;PSD;ELEITO;TSE (dados abertos)
76058;IPORÃ;PR;2025-2028;ROBERTO DA SILVA;ROBERTINHO;PSDB;ELEITO;TSE (dados abertos)
79758;MARILENA;PR;2025-2028;CELIO LELIS DA MATA;CELINHO DA MATA;PP;ELEITO;TSE (dados abertos)
74381;IGUATU;PR;2025-2028;MARTINHO LUCAS DE GODOY;PROFESSOR MARTINHO;MDB;ELEITO;TSE (dados abertos)
74063;OURO VERDE DO OESTE;PR;2025-2028;LUCIAN ALUISIO DIERINGS;GUGU;CIDADANIA;ELEITO;TSE (dados abertos)
74942;DOUTOR ULYSSES;PR;2025-2028;ESEQUIEL BESTEL JUNIOR;JUNINHO DA SAÚDE;MDB;ELEITO;TSE (dados abertos)
79251;TIJUCAS DO SUL;PR;2025-2028;JOSÉ ALTAIR MOREIRA;GRINGO;PP;ELEITO;TSE (dados abertos)
78239;RIO NEGRO;PR;2025-2028;ALESSANDRO CRISTIAN VON LINSINGEN;ALESSANDRO;PP;ELEITO;TSE (dados abertos)
78573;SANTO ANTÔNIO DO SUDOESTE;PR;2025-2028;RICARDO ANTONIO ORTINA;RICARDINHO;PL;ELEITO;TSE (dados abertos)
75507;PEROBAL;PR;2025-2028;CRISTIANO CEZAR MERLINI DE ALBUQUERQUE;GALEGO EVANGELISTA;PSD;ELEITO;TSE (dados abertos)
74349;FLOR DA SERRA DO SUL;PR;2025-2028;VALMOR FELIPE JUNIOR;JUNIOR VETERINARIO;PSD;ELEITO;TSE (dados abertos)
79774;FRANCISCO ALVES;PR;2025-2028;ALIRIO JOSÉ MISTURA;ALIRIO MISTURA;PSD;ELEITO;TSE (dados abertos)
78379;SALTO DO LONTRA;PR;2025-2028;FERNANDO ALBERTO CADORE;FERNANDO CADORE;PSD;ELEITO;TSE (dados abertos)
79154;TELÊMACO BORBA;PR;2025-2028;RITA MARA DE PAULA ARAUJO;RITA;PSD;ELEITO;TSE (dados abertos)
75477;ENGENHEIRO BELTRÃO;PR;2025-2028;ADALMIR JOSÉ GARBIM JÚNIOR;GARBIM;PSB;ELEITO;TSE (dados abertos)
75876;GUARATUBA;PR;2025-2028;MAURICIO LENSE;MAURICIO LENSE;PODE;ELEITO;TSE (dados abertos)
79294;TOMAZINA;PR;2025-2028;CEZAR BUENO DE MELO;CEZAR;MDB;ELEITO;TSE (dados abertos)
76317;JAGUAPITÃ;PR;2025-2028;EDISON RODRIGUES DE ALMEIDA;EDISON RODRIGUES;PRD;ELEITO;TSE (dados abertos)
74764;SANTA LÚCIA;PR;2025-2028;SILVANO TORTELLI;SILVANO;PSD;ELEITO;TSE (dados abertos)
78778;SÃO JOÃO DO TRIUNFO;PR;2025-2028;MARIO CEZAR DA SILVA;MARIO CEZAR;PT;ELEITO;TSE (dados abertos)
79995;SÃO JORGE DO PATROCÍNIO;PR;2025-2028;RONALDO TINTI;RONALDO TINTI;PSD;ELEITO;TSE (dados abertos)
74551;BITURUNA;PR;2025-2028;RODRIGO ROSSONI;RODRIGO ROSSONI;PSDB;ELEITO;TSE (dados abertos)
75752;GUAPIRAMA;PR;2025-2028;PEDRO DE OLIVEIRA;PEDRO BANZÉ;MDB;ELEITO;TSE (dados abertos)
77119;MUNHOZ DE MELO;PR;2025-2028;ÁUREO GOMES;ÁUREO;PODE;ELEITO;TSE (dados abertos)
77577;PEABIRU;PR;2025-2028;JOSÉ MARCOS GONÇALVES LOPES;MARCOS LOPES;PL;ELEITO;TSE (dados abertos)
78093;RENASCENÇA;PR;2025-2028;FABIELI MANFREDI;FABIELI MANFREDI;PDT;ELEITO;TSE (dados abertos)
75396;DIAMANTE DO NORTE;PR;2025-2028;ELIEL DOS SANTOS CORREA;ELIEL CORREA;PSD;ELEITO;TSE (dados abertos)
78832;SÃO JOSÉ DA BOA VISTA;PR;2025-2028;JOSE LAZARO FERRAZ;DR ZEZINHO;PSD;ELEITO;TSE (dados abertos)
79170;TERRA BOA;PR;2025-2028;VALTER PERES;VALTINHO;PSD;ELEITO;TSE (dados abertos)
74560;MERCEDES;PR;2025-2028;LAERTON WEBER;LAERTON WEBER;PSD;ELEITO;TSE (dados abertos)
74683;QUATRO PONTES;PR;2025-2028;CESAR ALEXANDRE SEIDEL;CESAR CANELA;PODE;ELEITO;TSE (dados abertos)
78816;SÃO JORGE D'OESTE;PR;2025-2028;GELSON COELHO DO ROSÁRIO;GELSON COELHO;REPUBLICANOS;ELEITO;TSE (dados abertos)
77950;QUATRO BARRAS;PR;2025-2028;LORENO BERNARDO TOLARDO;LORENO TOLARDO;PSD;ELEITO;TSE (dados abertos)
74080;SANTA TEREZA DO OESTE;PR;2025-2028;AMARILDO RIGOLIN;AMARILDO RIGOLIN;PP;ELEITO;TSE (dados abertos)
78611;SANTO ANTONIO DO CAIUÁ;PR;2025-2028;JOSÉ GABRIEL GONÇALVES FACHIANO;GABRIEL;PSB;ELEITO;TSE (dados abertos)
75132;COLOMBO;PR;2025-2028;HELDER LUIZ LAZAROTTO;HELDER LAZAROTTO;PSD;ELEITO;TSE (dados abertos)
79057;SERTANÓPOLIS;PR;2025-2028;ANA RUTH SECCO MATTESCO;ANA RUTH SECCO;PL;ELEITO;TSE (dados abertos)
74454;BANDEIRANTES;PR;2025-2028;JAELSON RAMALHO MATTA;JAELSON MATTA;PL;ELEITO;TSE (dados abertos)
77836;PORTO RICO;PR;2025-2028;VALTER BATISTA DOS SANTOS;VALTINHO DO BEIRA RIO;PL;ELEITO;TSE (dados abertos)
78395;SANTA AMÉLIA;PR;2025-2028;ANTONIO CARLOS TAMAIS;TONHÃO TAMAIS;PP;ELEITO;TSE (dados abertos)
75671;GENERAL CARNEIRO;PR;2025-2028;JOEL RICARDO MARTINS FERREIRA;JOEL;PSD;ELEITO;TSE (dados abertos)
76775;MANDAGUARI;PR;2025-2028;IVONÉIA DE ANDRADE APARECIDO FURTADO;ENF IVONEIA FURTADO;PSD;ELEITO;TSE (dados abertos)
84557;ALTAMIRA DO PARANÁ;PR;2025-2028;ELZA APARECIDA DA SILVA;ELZA;PSD;ELEITO;TSE (dados abertos)
74152;AMAPORÃ;PR;2025-2028;MARCOS MARIN;MARCOS MARIN;PP;ELEITO;TSE (dados abertos)
74217;ANTONINA;PR;2025-2028;ROZANE MARISTELA BENEDETTI OSAKI;ROZANE OSAKI;PSD;ELEITO;TSE (dados abertos)
74918;CARLÓPOLIS;PR;2025-2028;NILTON DOUGLAS DE MEIRA;NILTON MEIRA;PSD;ELEITO;TSE (dados abertos)
76899;MARILUZ;PR;2025-2028;PAULO ARMANDO DA SILVA ALVES;PAULINHO ALVES;PSD;ELEITO;TSE (dados abertos)
77038;MIRADOR;PR;2025-2028;FABIANO MARCOS DA SILVA TRAVAIN;FABIANO TRAVAIN;PSD;ELEITO;TSE (dados abertos)
77259;NOVA LONDRINA;PR;2025-2028;LUIZ GUSTAVO MAIOR BONO;GUSTAVO BONO;PP;ELEITO;TSE (dados abertos)
78298;RONDON;PR;2025-2028;ROBERTO APARECIDO CORREDATO;ROBERTO CORREDATO;PSD;ELEITO;TSE (dados abertos)
74144;BOA ESPERANÇA DO IGUAÇU;PR;2025-2028;GIVANILDO TRUMI;GIVA;PP;ELEITO;TSE (dados abertos)
75116;MANGUEIRINHA;PR;2025-2028;LEANDRO DORINI;LEANDRO DORINI;PSD;ELEITO;TSE (dados abertos)
84530;TURVO;PR;2025-2028;ANTONIO MARCOS SEGURO;MARCOS SEGURO;PSD;ELEITO;TSE (dados abertos)
74870;CAPANEMA;PR;2025-2028;NEIVOR KESSLER;PROFESSOR NEIVOR;MDB;ELEITO;TSE (dados abertos)
76279;JABOTI;PR;2025-2028;REGIS WILLIAM SIQUEIRA RODRIGUES;REGIS WILLIAM;PSD;ELEITO;TSE (dados abertos)
77437;PARANACITY;PR;2025-2028;JOSE CLAUDIO BATISTA;ROLAO;PL;ELEITO;TSE (dados abertos)
77810;PORTO AMAZONAS;PR;2025-2028;ELIAS JOCID GOMES DA COSTA;ELIAS GOMES DA COSTA;PSD;ELEITO;TSE (dados abertos)
78336;SALGADO FILHO;PR;2025-2028;VOLMAR DUARTE;PROFESSOR VOLMAR;PSD;ELEITO;TSE (dados abertos)
79537;ASSIS CHATEAUBRIAND;PR;2025-2028;MARCEL HENRIQUE MICHELETTO;MARCEL MICHELETTO;PL;ELEITO;TSE (dados abertos)
74411;ATALAIA;PR;2025-2028;CARLOS EDUARDO ARMELIN MARIANI;DUDA;PSD;ELEITO;TSE (dados abertos)
75035;CHOPINZINHO;PR;2025-2028;ÁLVARO DÊNIS CENI SCOLARO;ÁLVARO SCOLARO;PL;ELEITO;TSE (dados abertos)
79979;JESUÍTAS;PR;2025-2028;EDICARLOS GRIZOTTO DE OLIVEIRA;EDICARLOS GRIZOTTO;PSD;ELEITO;TSE (dados abertos)
79499;XAMBRÊ;PR;2025-2028;DECIO JARDIM;DECIO JARDIM;PSD;ELEITO;TSE (dados abertos)
74950;CASTRO;PR;2025-2028;REINALDO CARDOSO;DR REINALDO;MDB;ELEITO;TSE (dados abertos)
77178;NOVA AMÉRICA DA COLINA;PR;2025-2028;TANIA CRISTINA DA SILVA BASSO;TANIA BASSO;PP;ELEITO;TSE (dados abertos)
74853;CÂNDIDO DE ABREU;PR;2025-2028;RENAN MENCK ROMANICHEN;RENAN;PSD;ELEITO;TSE (dados abertos)
84638;JURANDA;PR;2025-2028;JOELMA DAMASCENO DEMENECK;JOELMA DEMENECK;PSD;ELEITO;TSE (dados abertos)
75418;DOIS VIZINHOS;PR;2025-2028;LUIS CARLOS TURATTO;CARLINHOS TURATTO;PP;ELEITO;TSE (dados abertos)
74489;LIDIANÓPOLIS;PR;2025-2028;APARECIDO BUZATO;CIDO BUZATO;REPUBLICANOS;ELEITO;TSE (dados abertos)
77690;PIRAQUARA;PR;2025-2028;MARCUS MAURICIO DE SOUZA TESSEROLLI;MARQUINHOS;PSD;ELEITO;TSE (dados abertos)
77976;QUERÊNCIA DO NORTE;PR;2025-2028;ALEX SANDRO FERNANDES;ALEX;PL;ELEITO;TSE (dados abertos)
79316;TUNEIRAS DO OESTE;PR;2025-2028;GUERINO MENDONÇA DOS SANTOS;PADRE GUERINO;PL;ELEITO;TSE (dados abertos)
76970;MARUMBI;PR;2025-2028;ELAINE MARIA FERREIRA COSTA;ELAINE FERREIRA;PL;ELEITO;TSE (dados abertos)
77550;PAULO FRONTIN;PR;2025-2028;IRENEU INACIO ZACHARIAS;IRENEU ZACHARIAS;PSD;ELEITO;TSE (dados abertos)
76597;LARANJEIRAS DO SUL;PR;2025-2028;JAISON RODRIGO MENDES;JAISON MENDES;UNIÃO;ELEITO;TSE (dados abertos)
79090;TAMBOARA;PR;2025-2028;GIOVANE MONTEIRO DA SILVA;GIOVANE MONTEIRO;PSDB;ELEITO;TSE (dados abertos)
75329;ESPIGÃO ALTO DO IGUAÇU;PR;2025-2028;AGENOR BERTONCELO;AGENOR BERTONCELO;PSD;ELEITO;TSE (dados abertos)
75655;FRANCISCO BELTRÃO;PR;2025-2028;ANTONIO PEDRON;ANTONIO PEDRON;MDB;ELEITO;TSE (dados abertos)
74055;AGUDOS DO SUL;PR;2025-2028;GENEZIO GONÇALVES DA LUZ;GENEZIO FERREIRA;PL;ELEITO;TSE (dados abertos)
77330;PALMAS;PR;2025-2028;DANIEL RICARDO LANGARO;DANIEL LANGARO;PSD;ELEITO;TSE (dados abertos)
78930;SÃO PEDRO DO PARANÁ;PR;2025-2028;VANDERLEI CAETANO DE CASTRO;CAETANO;PL;ELEITO;TSE (dados abertos)
79235;TIBAGI;PR;2025-2028;RILDO EMANOEL LEONARDI;RILDO LEONARDI;MDB;ELEITO;TSE (dados abertos)
75124;BELA VISTA DA CAROBA;PR;2025-2028;GELSON MAFFI;GELSON;PSD;ELEITO;TSE (dados abertos)
74616;BOM SUCESSO;PR;2025-2028;ROSANA FERREIRA LOPES;ROSANA DO NÁ;REPUBLICANOS;ELEITO;TSE (dados abertos)
79570;CÉU AZUL;PR;2025-2028;LAURINDO SPEROTTO;LAURINDO SPEROTTO;PP;ELEITO;TSE (dados abertos)
74900;VENTANIA;PR;2025-2028;JOSE LUIZ BITTENCOURT;ZELIO;PL;ELEITO;TSE (dados abertos)
74896;CAPITÃO LEÔNIDAS MARQUES;PR;2025-2028;MAXWELL SCAPINI;MAXWELL SCAPINI;PSD;ELEITO;TSE (dados abertos)
76473;JATAIZINHO;PR;2025-2028;WILSON FERNANDES;VILSINHO QUIRINO;PDT;ELEITO;TSE (dados abertos)
75647;SERRANÓPOLIS DO IGUAÇU;PR;2025-2028;GILBERTO MARSARO;GILBERTO MARSARO;PP;ELEITO;TSE (dados abertos)
76430;JARDIM ALEGRE;PR;2025-2028;MOISES LNORTOVZ DOS SANTOS;MOISÉS SANTOS;PSD;ELEITO;TSE (dados abertos)
74888;TUNAS DO PARANÁ;PR;2025-2028;MARCO ANTONIO BALDÃO;MARCO BALDÃO;PP;ELEITO;TSE (dados abertos)
74373;ASSAÍ;PR;2025-2028;MICHEL ANGELO BOMTEMPO;TUTI;PSD;ELEITO;TSE (dados abertos)
74004;GODOY MOREIRA;PR;2025-2028;PRIMIS DE OLIVEIRA;PRIMIS;PSD;ELEITO;TSE (dados abertos)
75426;GUAMIRANGA;PR;2025-2028;MARCELO LEITE;MARCELO LEITE;PSD;ELEITO;TSE (dados abertos)
74365;HONÓRIO SERPA;PR;2025-2028;JOÃO CARLOS GARBIN;PROFESSOR JOÃO;PSD;ELEITO;TSE (dados abertos)
79278;TOLEDO;PR;2025-2028;MARIO CESAR COSTENARO;MARIO COSTENARO;REPUBLICANOS;ELEITO;TSE (dados abertos)
78719;SÃO JOÃO;PR;2025-2028;JONI ZANELLA FERREIRA;JONI ZANELLA FERREIRA;PL;ELEITO;TSE (dados abertos)
75205;CAMPO MAGRO;PR;2025-2028;RILTON BOZA;BOZINHA;PP;ELEITO;TSE (dados abertos)
76350;JANDAIA DO SUL;PR;2025-2028;BENEDITO JOSE PUPIO;DITÃO PUPIO;MDB;ELEITO;TSE (dados abertos)
74330;MARILÂNDIA DO SUL;PR;2025-2028;WALMIR PERES;WALMIR PERES;PSD;ELEITO;TSE (dados abertos)
77712;PITANGA;PR;2025-2028;DIRCEU MORAES;SARGENTO MORAES;MDB;ELEITO;TSE (dados abertos)
78190;RIO BOM;PR;2025-2028;MOISÉS JOSÉ DE ANDRADE;MOISÉS ANDRADE;PSD;ELEITO;TSE (dados abertos)
79677;NOVA OLÍMPIA;PR;2025-2028;LUIZ LAZARO SORVOS;LUIZ SORVOS;PP;ELEITO;TSE (dados abertos)
78417;SANTA CECÍLIA DO PAVÃO;PR;2025-2028;CLAUDIO COVRE;CLAUDIO COVRE;PL;ELEITO;TSE (dados abertos)
79359;UMUARAMA;PR;2025-2028;ANTONIO FERNANDO SCANAVACA;FERNANDO SCANAVACA;REPUBLICANOS;ELEITO;TSE (dados abertos)
78131;RIBEIRÃO CLARO;PR;2025-2028;LISANDRO JOSÉ NÉIA BAGGIO;LISANDRO BAGGIO;UNIÃO;ELEITO;TSE (dados abertos)
77232;NOVA FÁTIMA;PR;2025-2028;RENATA MONTENEGRO BALAN XAVIER;DRA RENATA;REPUBLICANOS;ELEITO;TSE (dados abertos)
78590;SANTO ANTÔNIO DA PLATINA;PR;2025-2028;GILSON DE JESUS ESTEVES;GIL MARTINS;REPUBLICANOS;ELEITO;TSE (dados abertos)
74837;CAMPO MOURÃO;PR;2025-2028;JOÃO DOUGLAS FABRÍCIO;DOUGLAS FABRÍCIO;CIDADANIA;ELEITO;TSE (dados abertos)
77674;PIRAÍ DO SUL;PR;2025-2028;HENRIQUE DE OLIVEIRA CARNEIRO;HENRIQUE CARNEIRO;PL;ELEITO;TSE (dados abertos)
74012;ABATIÁ;PR;2025-2028;SONIA APARECIDA DE SOUZA CHAVES;SÔNIA CHAVES;UNIÃO;ELEITO;TSE (dados abertos)
76694;LUPIONÓPOLIS;PR;2025-2028;JOSÉ CARLOS TIBÉRIO;TICO;REPUBLICANOS;ELEITO;TSE (dados abertos)
77097;MORRETES;PR;2025-2028;SEBASTIÃO BRINDAROLLI JUNIOR;JUNIOR BRINDAROLLI;PSD;ELEITO;TSE (dados abertos)
74586;NOVA LARANJEIRAS;PR;2025-2028;FABIO ROBERTO DOS SANTOS;FABIO;PSD;ELEITO;TSE (dados abertos)
84719;SÃO JOSÉ DAS PALMEIRAS;PR;2025-2028;FRANCO MARIA ALVES CABRAL;FRANCO CABRAL;PSD;ELEITO;TSE (dados abertos)
74713;CAMBÉ;PR;2025-2028;CONRADO ANGELO SCHELLER;CONRADO SCHELLER;PSD;ELEITO;TSE (dados abertos)
76953;MARMELEIRO;PR;2025-2028;JANDER LUIZ LOSS;JANDER LOSS;PL;ELEITO;TSE (dados abertos)
78735;SÃO JOÃO DO CAIUÁ;PR;2025-2028;STEFAN TOMÉ PAUKA;DR STEFAN PAUKA;PSD;ELEITO;TSE (dados abertos)
77917;PRUDENTÓPOLIS;PR;2025-2028;ADELMO LUIZ KLOSOWSKI;ADELMO;PSD;ELEITO;TSE (dados abertos)
74195;ANDIRÁ;PR;2025-2028;EDNYRA APARECIDA SANCHES BUENO DE GODOY FERREIRA;EDNYRA GODOY FERREIRA;PSD;ELEITO;TSE (dados abertos)
75744;ROSÁRIO DO IVAÍ;PR;2025-2028;ANIZIO CESAR LINO SILVA;CESAR DO ANIZIO;PSD;ELEITO;TSE (dados abertos)
76155;ITAMBÉ;PR;2025-2028;ANANIAS SOARES VIEIRA;ANANIAS;PSD;ELEITO;TSE (dados abertos)
75434;DOUTOR CAMARGO;PR;2025-2028;DOUGLAS RIBEIRO DO PRADO;DOUGLAS PRADO;PL;ELEITO;TSE (dados abertos)
77658;PINHÃO;PR;2025-2028;VALDECIR BIASEBETTI;VALDECIR BIASEBETTI;PP;ELEITO;TSE (dados abertos)
77992;QUINTA DO SOL;PR;2025-2028;LEONARDO LAZZARETTI ROMERO;LEONARDO ROMERO;PSD;ELEITO;TSE (dados abertos)
76015;INAJÁ;PR;2025-2028;JOÃO EDER AGUILAR;DÉDO;PP;ELEITO;TSE (dados abertos)
78875;SÃO MATEUS DO SUL;PR;2025-2028;FERNANDA GARCIA SARDANHA;FERNANDA SARDANHA;PSD;ELEITO;TSE (dados abertos)
74225;CANDÓI;PR;2025-2028;ALDOINO GOLDONI FILHO;DINO;PSD;ELEITO;TSE (dados abertos)
75450;ENÉAS MARQUES;PR;2025-2028;EDSON LUPATINI;LUPATINI;PL;ELEITO;TSE (dados abertos)
79650;NOVA AURORA;PR;2025-2028;JOSE APARECIDO DE PAULA E SOUZA;PECINHA;PL;ELEITO;TSE (dados abertos)
75353;CURITIBA;PR;2025-2028;EDUARDO PIMENTEL SLAVIERO;EDUARDO PIMENTEL;PSD;ELEITO;TSE (dados abertos)
78050;REALEZA;PR;2025-2028;PAULO CEZAR CASARIL;PAULO BATERIA;PSD;ELEITO;TSE (dados abertos)
74209;CAFEZAL DO SUL;PR;2025-2028;PEDRO MINORU INOUE;MINORU;PP;ELEITO;TSE (dados abertos)
75817;GUARANIAÇU;PR;2025-2028;JURACI RONALDO CAZELLA;RONALDO CAZELLA;MDB;ELEITO;TSE (dados abertos)
75108;ARAPUÃ;PR;2025-2028;MANOEL SALVADOR;MANÉ SALVADOR;PSDB;ELEITO;TSE (dados abertos)
76538;JUSSARA;PR;2025-2028;MOACIR LUIZ PEREIRA VALENTINI;TATINHA;PL;ELEITO;TSE (dados abertos)
78212;RIO BRANCO DO SUL;PR;2025-2028;KARIME FAYAD;KARIME FAYAD;PSB;ELEITO;TSE (dados abertos)
74390;ASTORGA;PR;2025-2028;SUZIE APARECIDA PUCILLO ZANATTA;SUZIE PUCILLO;PP;ELEITO;TSE (dados abertos)
74357;ARAUCÁRIA;PR;2025-2028;LUIZ GUSTAVO BOTOGOSKI;DR GUSTAVO;PL;ELEITO;TSE (dados abertos)
79332;UBIRATÃ;PR;2025-2028;FABIO DE OLIVEIRA DALECIO;FABIO DALÉCIO;PP;ELEITO;TSE (dados abertos)
76112;ITAGUAJÉ;PR;2025-2028;RENATO FELIX DE SOUZA;RENATO SOUZA;PSD;ELEITO;TSE (dados abertos)
76570;LAPA;PR;2025-2028;DIEGO TIMBIRUSSU RIBAS;DIEGO RIBAS;PSD;ELEITO;TSE (dados abertos)
75051;CIANORTE;PR;2025-2028;MARCO ANTONIO FRANZATO;MARCO FRANZATO;PSD;ELEITO;TSE (dados abertos)
76910;MARINGÁ;PR;2025-2028;SILVIO MAGALHAES BARROS II;SILVIO BARROS;PP;ELEITO;TSE (dados abertos)
76074;IRATI;PR;2025-2028;EMILIANO AUGUSTO ROCHA GOMES;EMILIANO GOMES;PSD;ELEITO;TSE (dados abertos)
79952;NOVA PRATA DO IGUAÇU;PR;2025-2028;ELIZETE CAVAZIN;NEGUINHA DO SASSÁ;PSB;ELEITO;TSE (dados abertos)
79030;SERTANEJA;PR;2025-2028;SAMUEL CARLOS DO PRADO;SAMUEL DO PRADO;PSD;ELEITO;TSE (dados abertos)
76872;MARIALVA;PR;2025-2028;FLAVIA CHERONI DA SILVA BRITA;FLAVIA CHERONI;PSD;ELEITO;TSE (dados abertos)
79731;TAPIRA;PR;2025-2028;RONALD ROGÉRIO LOPES SMARZARO;RONALD;PSB;ELEITO;TSE (dados abertos)
74632;BORRAZÓPOLIS;PR;2025-2028;ADILSON LUCCHETTI;DIDI;PSB;ELEITO;TSE (dados abertos)
84514;CANTAGALO;PR;2025-2028;JOAO KONJUNSKI;JOAO KONJUNSKI;PSD;ELEITO;TSE (dados abertos)
74748;RIO BONITO DO IGUAÇU;PR;2025-2028;SEZAR AUGUSTO BOVINO;SEZAR BOVINO;PSD;ELEITO;TSE (dados abertos)
78956;SÃO SEBASTIÃO DA AMOREIRA;PR;2025-2028;EXILAINE GASPAR;LAINE;PSD;ELEITO;TSE (dados abertos)
74500;MARIPÁ;PR;2025-2028;RODRIGO ANDRE SCHANOSKI;RODRIGO SCHANOSKI;PL;ELEITO;TSE (dados abertos)
75710;GUAÍRA;PR;2025-2028;GILEADE GABRIEL OSTI;GILE;PSD;ELEITO;TSE (dados abertos)
78530;SANTA MARIANA;PR;2025-2028;JOSE MARCELO PIOVAN GUIMARAES;MARCELO BOLINHA;PSD;ELEITO;TSE (dados abertos)
75582;QUARTO CENTENÁRIO;PR;2025-2028;WILSON AKIO ABE;AKIO ABE;PL;ELEITO;TSE (dados abertos)
74659;CAFEARA;PR;2025-2028;ELTON FÁBIO LAZARETTI;ELTON LAZARETTI;PRD;ELEITO;TSE (dados abertos)
78271;RONCADOR;PR;2025-2028;MARILIA PEROTTA BENTO GONÇALVES;DRA MARILIA;UNIÃO;ELEITO;TSE (dados abertos)
74675;CALIFÓRNIA;PR;2025-2028;PAULO SÉRGIO CHILEIDE;PAULO DA PADARIA;PSDB;ELEITO;TSE (dados abertos)
74322;FAZENDA RIO GRANDE;PR;2025-2028;MARCO ANTONIO MARCONDES SILVA;MARCO MARCONDES;PSD;ELEITO;TSE (dados abertos)
75590;FLÓRIDA;PR;2025-2028;ANTONIO EMERSON SETTE;EMERSON SETTE;PSD;ELEITO;TSE (dados abertos)
84670;SANTA TEREZINHA DE ITAIPU;PR;2025-2028;ANTONIO LUIZ BENDO;BIM;PP;ELEITO;TSE (dados abertos)
75515;FÊNIX;PR;2025-2028;EURIPEDES MOLINA TASCA JUNIOR;JUNIOR MOLINA;PSD;ELEITO;TSE (dados abertos)
74420;NOVO ITACOLOMI;PR;2025-2028;JOAO PEDRO MAGON;JOAO PEDRO;PSD;ELEITO;TSE (dados abertos)
78514;SANTA IZABEL DO OESTE;PR;2025-2028;JEAN PIERR CATTO;JEAN CATTO;PSD;ELEITO;TSE (dados abertos)
76031;IPIRANGA;PR;2025-2028;DOUGLAS DAVI CRUZ;DOUGLAS MODESTO;PL;ELEITO;TSE (dados abertos)
75990;INÁCIO MARTINS;PR;2025-2028;EDMUNDO VIER;DIMAS;PSD;ELEITO;TSE (dados abertos)
77216;NOVA ESPERANÇA;PR;2025-2028;JOAO EDUARDO PASQUINI;EDUARDO PASQUINI;PL;ELEITO;TSE (dados abertos)
74799;CAMPO DO TENENTE;PR;2025-2028;WEVERTON WILLIAN VIZENTIN;WEVERTON VIZENTIN;UNIÃO;ELEITO;TSE (dados abertos)
75221;CARAMBEÍ;PR;2025-2028;ELISANGELA PEDROSO DE OLIVEIRA NUNES;ELISANGELA PEDROSO;PL;ELEITO;TSE (dados abertos)
75612;FORMOSA DO OESTE;PR;2025-2028;ORIVALDO MUNICELLI;ORIVALDO MUNICELLI;PSD;ELEITO;TSE (dados abertos)
75957;IGUARAÇU;PR;2025-2028;CLAUDIO APARECIDO BERNIN;CLAUDIO BERNIN;PP;ELEITO;TSE (dados abertos)
75574;FLORESTÓPOLIS;PR;2025-2028;ONICIO DE SOUZA;NICINHO;UNIÃO;ELEITO;TSE (dados abertos)
75558;FLORESTA;PR;2025-2028;ROGERIO PEREIRA MENDES;ROGÉRIO MENDES;PSD;ELEITO;TSE (dados abertos)
75442;IMBAÚ;PR;2025-2028;DAYANE SOVINSKI RODRIGUES;DAYANE  SOVINSKI;PSD;ELEITO;TSE (dados abertos)
74578;BOA ESPERANÇA;PR;2025-2028;JOEL CELSO BUSCARIOL;JOEL CELSO BUSCARIOL;MDB;ELEITO;TSE (dados abertos)
77054;MIRASELVA;PR;2025-2028;JOAO MARCOS FERRER;FERRER;UNIÃO;ELEITO;TSE (dados abertos)
74497;BARRACÃO;PR;2025-2028;JORGE LUIZ SANTIN;JORGE SANTIN;PSD;ELEITO;TSE (dados abertos)
74071;ALMIRANTE TAMANDARÉ;PR;2025-2028;CAMILO DANIEL LOVATO;DANIEL LOVATO ;MDB;ELEITO;TSE (dados abertos)
75043;PINHAIS;PR;2025-2028;ROSA MARIA DE JESUS COLOMBO;PROFESSORA ROSA MARIA;PSD;ELEITO;TSE (dados abertos)
78433;SANTA CRUZ DE MONTE CASTELO;PR;2025-2028;WILLIAN CEZAR VIEGA;WILLIAN;PL;ELEITO;TSE (dados abertos)
74845;SÃO MANOEL DO PARANÁ;PR;2025-2028;VITOR HUGO RODRIGUES;HUGO LAZINHO;UNIÃO;ELEITO;TSE (dados abertos)
74519;BARRA DO JACARÉ;PR;2025-2028;LUIZ FABIANO ZANATTA;FABIANO ZANATTA;PDT;ELEITO;TSE (dados abertos)
77291;OURIZONA;PR;2025-2028;JANILSON MARCOS DONASAN;JANILSON;PP;ELEITO;TSE (dados abertos)
75264;CRUZMALTINA;PR;2025-2028;MAURÍCIO BUENO DE CAMARGO;MAURÍCIO BUENO;PSDB;ELEITO;TSE (dados abertos)
76198;ITAÚNA DO SUL;PR;2025-2028;GILSON JOSÉ DE GOIS;GILSON CONSTRUTOR;PP;ELEITO;TSE (dados abertos)
77534;PAULA FREITAS;PR;2025-2028;SEBASTIÃO ALGACIR DALPRA;XIRU;PP;ELEITO;TSE (dados abertos)
75973;IMBITUVA;PR;2025-2028;BERTOLDO ROVER;BERTOLDO ROVER;PSD;ELEITO;TSE (dados abertos)
84611;SARANDI;PR;2025-2028;CARLOS ALBERTO DE PAULA JÚNIOR;DE PAULA;PSB;ELEITO;TSE (dados abertos)
76376;JANIÓPOLIS;PR;2025-2028;EIDES GUEDES;EIDES GUEDES;PSD;ELEITO;TSE (dados abertos)
74985;LARANJAL;PR;2025-2028;MAYCON LOPES SIMIONI;MAYCON LOPES;PSB;ELEITO;TSE (dados abertos)
75019;CERRO AZUL;PR;2025-2028;EDSON CORDEIRO DO NASCIMENTO;EDINHO DO BAIANO;REPUBLICANOS;ELEITO;TSE (dados abertos)
78034;RANCHO ALEGRE;PR;2025-2028;FLAVIO HENRIQUE PEREIRA;FLAVINHO;PSD;ELEITO;TSE (dados abertos)
75302;ESPERANÇA NOVA;PR;2025-2028;EVERTON BARBIERI;EVERTON;PP;ELEITO;TSE (dados abertos)
78255;ROLÂNDIA;PR;2025-2028;AILTON APARECIDO MAÍSTRO;AILTON MAÍSTRO;PL;ELEITO;TSE (dados abertos)
79715;SANTA HELENA;PR;2025-2028;CLADEMAR JOAO MARASKIN;DINHO MARASKIN;UNIÃO;ELEITO;TSE (dados abertos)
79871;TRÊS BARRAS DO PARANÁ;PR;2025-2028;GERSO FRANCISCO GUSSO;DR GERSO;PL;ELEITO;TSE (dados abertos)
75760;NOVA TEBAS;PR;2025-2028;PEDRO LOURENÇO;PEDRO;PL;ELEITO;TSE (dados abertos)
74802;SANTA MARIA DO OESTE;PR;2025-2028;OSCAR DELGADO;OSCAR DELGADO;PT;ELEITO;TSE (dados abertos)
74780;CAMPO BONITO;PR;2025-2028;MARIO WEBER;MARIO WEBER;PSD;ELEITO;TSE (dados abertos)
77151;NOVA ALIANÇA DO IVAÍ;PR;2025-2028;ULISSES DE SOUZA;LICINHO;PSD;ELEITO;TSE (dados abertos)
74926;ALTO PARAÍSO;PR;2025-2028;LUIZ ELISEU DOS SANTOS;ELISEU CANÃA;UNIÃO;ELEITO;TSE (dados abertos)
78719;SÃO JOÃO;PR;2025-2028;CLOVIS MATEUS CUCCOLOTTO;CLÓVIS;PSD;ELEITO;TSE (dados abertos)
75400;DIAMANTE D'OESTE;PR;2025-2028;AMARILDO APARECIDO DA SILVA;AMARILDO;MDB;ELEITO;TSE (dados abertos)
75388;GOIOXIM;PR;2025-2028;EDER DOS SANTOS;EDER DA BARSA;PSB;ELEITO;TSE (dados abertos)
78174;RIO AZUL;PR;2025-2028;LEANDRO JASINSKI;LEANDRO JASINSKI;PSD;ELEITO;TSE (dados abertos)
75736;GUAIRAÇÁ;PR;2025-2028;MARCELO ALVES DE OLIVEIRA;MARCELO OLIVEIRA;UNIÃO;ELEITO;TSE (dados abertos)
76716;MALLET;PR;2025-2028;PEDRO KOWALCZYK;PEDRO KOWALCZYK;UNIÃO;ELEITO;TSE (dados abertos)
79553;QUEDAS DO IGUAÇU;PR;2025-2028;RAFAEL CIRYLLO CHIAPETTI ALVES DE MOURA;RAFAEL MOURA;MDB;ELEITO;TSE (dados abertos)
79839;BRAGANEY;PR;2025-2028;VALDIR ZIELINSKI;VALDIR ZIELINSKI;PSD;ELEITO;TSE (dados abertos)
74772;CAMPINA GRANDE DO SUL;PR;2025-2028;LUIZ CARLOS ASSUNÇÃO;LUIZ ASSUNÇÃO;PSB;ELEITO;TSE (dados abertos)
75027;NOVA ESPERANÇA DO SUDOESTE;PR;2025-2028;JAIME DA SILVA STANG;JAIME STANG;PSD;ELEITO;TSE (dados abertos)
78077;REBOUÇAS;PR;2025-2028;LAERCIO ANTONIO CIPRIANO;LAERCIO;PP;ELEITO;TSE (dados abertos)
74438;BALSA NOVA;PR;2025-2028;CLEVER APARECIDO IAVOLSKI POLETTO;CLEVINHO POLETTO;PL;ELEITO;TSE (dados abertos)
74691;CAMBARÁ;PR;2025-2028;WALCIR JOAQUIM;WALCIR JOAQUIM;PSD;ELEITO;TSE (dados abertos)
75256;CORNÉLIO PROCÓPIO;PR;2025-2028;RAPHAEL DIAS SAMPAIO;RAPHAEL SAMPAIO;PP;ELEITO;TSE (dados abertos)
74861;SÃO PEDRO DO IGUAÇU;PR;2025-2028;JACIR DANELLI;JACI DANELLI;PODE;ELEITO;TSE (dados abertos)
75060;SAUDADE DO IGUAÇU;PR;2025-2028;ROGERIO GALLINA;ROGÉRIO GALLINA;PP;ELEITO;TSE (dados abertos)
74047;LINDOESTE;PR;2025-2028;SILVIO DE SOUZA;SILVIO SANTANA;PSD;ELEITO;TSE (dados abertos)
75469;MANFRINÓPOLIS;PR;2025-2028;AMARILDO ALVES CARNEIRO;DODO;PODE;ELEITO;TSE (dados abertos)
79197;TERRA RICA;PR;2025-2028;AGNALDO DE SOUZA COSTA;AGNALDO;PP;ELEITO;TSE (dados abertos)
76830;MARECHAL CÂNDIDO RONDON;PR;2025-2028;ADRIANO BACKES;BACKES;PP;ELEITO;TSE (dados abertos)
76937;MARIÓPOLIS;PR;2025-2028;MARIO EDUARDO LOPES PAULEK;MARIO PAULEK;PL;ELEITO;TSE (dados abertos)
74128;ÂNGULO;PR;2025-2028;ALEXANDRE DE SOUSA PROFETA;PANDA;PSD;ELEITO;TSE (dados abertos)
78859;SÃO JOSÉ DOS PINHAIS;PR;2025-2028;MARGARIDA MARIA SINGER;NINA SINGER;PSD;ELEITO;TSE (dados abertos)
74314;ARARUNA;PR;2025-2028;GUSTAVO FRANÇA DOS SANTOS;GUSTAVO FRANÇA ;REPUBLICANOS;ELEITO;TSE (dados abertos)
78158;RIBEIRÃO DO PINHAL;PR;2025-2028;DARTAGNAN CALIXTO FRAIZ;DARTAGNAN;PP;ELEITO;TSE (dados abertos)
75230;CORBÉLIA;PR;2025-2028;THIAGO DAROSS STEFANELLO;THIAGO STEFANELLO;PP;ELEITO;TSE (dados abertos)
75361;FOZ DO JORDÃO;PR;2025-2028;FRANCISCO CLEI DA SILVA;CLEI;PSD;ELEITO;TSE (dados abertos)
77135;NOSSA SENHORA DAS GRAÇAS;PR;2025-2028;CLODOALDO APARECIDO RIGIERI;CLODOALDO;PSD;ELEITO;TSE (dados abertos)
77739;PLANALTINA DO PARANÁ;PR;2025-2028;CELSO MAGGIONI;CELSO MAGGIONI;PSD;ELEITO;TSE (dados abertos)
74705;RAMILÂNDIA;PR;2025-2028;EDSON DOS SANTOS;EDSON DOS SANTOS;PSD;ELEITO;TSE (dados abertos)
76210;IVAÍ;PR;2025-2028;ORLI ANTONIO CAMARGO DE CRISTO;ORLI DE CRISTO;PL;ELEITO;TSE (dados abertos)
78697;SÃO JERÔNIMO DA SERRA;PR;2025-2028;VENICIUS DJALMA ROSA;VENICIUS ROSA;REPUBLICANOS;ELEITO;TSE (dados abertos)
75094;CLEVELÂNDIA;PR;2025-2028;RAFAELA MARTINS LOSI;RAFAELA LOSI;PSD;ELEITO;TSE (dados abertos)
75779;GUAPOREMA;PR;2025-2028;GILBERTO CASTIGLIONI;BETO CASTIGLIONI;PSD;ELEITO;TSE (dados abertos)
74187;BRASILÂNDIA DO SUL;PR;2025-2028;ALEX ANTONIO CAVALCANTE;ALEX CAVALCANTE;PSD;ELEITO;TSE (dados abertos)
78654;SANTO INÁCIO;PR;2025-2028;GENY VIOLATTO;DRA GENY;PSD;ELEITO;TSE (dados abertos)
74233;ANTONIO OLINTO;PR;2025-2028;FABIO STANISZEWSKI MACHIAVELLI;FABINHO MACHIAVELLI;PP;ELEITO;TSE (dados abertos)
75175;CONGONHINHAS;PR;2025-2028;JOSE OLEGARIO RIBEIRO LOPES;DR ZÉCO;PSD;ELEITO;TSE (dados abertos)
79391;UNIFLOR;PR;2025-2028;MAYCON RODRIGO RODRIGUES DE SOUZA;MAICÃO;UNIÃO;ELEITO;TSE (dados abertos)
76236;IVAIPORÃ;PR;2025-2028;LUIZ CARLOS GIL;CARLOS GIL;PSD;ELEITO;TSE (dados abertos)
76333;JAGUARIAÍVA;PR;2025-2028;JOSÉ SLOBODA;JUCA SLOBODA;PL;ELEITO;TSE (dados abertos)
74810;CAMPO LARGO;PR;2025-2028;MAURICIO ROBERTO RIVABEM;MAURICIO RIVABEM;PSD;ELEITO;TSE (dados abertos)
79618;INDIANÓPOLIS;PR;2025-2028;PAULO CEZAR RIZZATO MARTINS;PAULINHO MINEIRO;PSDB;ELEITO;TSE (dados abertos)
76619;LEÓPOLIS;PR;2025-2028;LEOMAR MONTEIRO;LEOMAR;PSD;ELEITO;TSE (dados abertos)
76856;MARIA HELENA;PR;2025-2028;MARLON RANCER MARQUES;MARLON;PSD;ELEITO;TSE (dados abertos)
74829;SANTA MÔNICA;PR;2025-2028;LUAN GUSTAVO FRAZATTO;LUAN FRAZATTO;UNIÃO;ELEITO;TSE (dados abertos)
75795;GUARACI;PR;2025-2028;MARCOS ANTÔNIO DE SOUZA;PROFESSOR MARCOS;UNIÃO;ELEITO;TSE (dados abertos)
75523;PONTAL DO PARANÁ;PR;2025-2028;RUDISNEY GIMENES FILHO;RUDÃO GIMENES;MDB;ELEITO;TSE (dados abertos)
79898;VERA CRUZ DO OESTE;PR;2025-2028;EDNEI SGOBI;NEI SGOBI;PL;ELEITO;TSE (dados abertos)
78492;SANTA ISABEL DO IVAÍ;PR;2025-2028;JOÃO CARLOS DA SILVA MENDES;JOÃO DA NINA;PP;ELEITO;TSE (dados abertos)
78115;RESERVA;PR;2025-2028;LUCAS MACHADO RIBEIRO;LUCAS MACHADO;PODE;ELEITO;TSE (dados abertos)
78476;SANTA INÊS;PR;2025-2028;ADENILSON PACHECO;ADENILSON PACHECO;PSD;ELEITO;TSE (dados abertos)
74250;APUCARANA;PR;2025-2028;RODOLFO MOTA DA SILVA;RODOLFO MOTA;UNIÃO;ELEITO;TSE (dados abertos)
74292;ARAPOTI;PR;2025-2028;IRANI JOSE BARROS;IRANI BARROS;PSD;ELEITO;TSE (dados abertos)
75370;CURIÚVA;PR;2025-2028;CHRISTIANO GIUNTA BORGES;CHRISTIANO BORGES;PSD;ELEITO;TSE (dados abertos)
78751;SÃO JOÃO DO IVAÍ;PR;2025-2028;FÁBIO HIDEK MIURA;FÁBIO HIDEK;UNIÃO;ELEITO;TSE (dados abertos)
74136;ALVORADA DO SUL;PR;2025-2028;MARCOS ANTONIO GASPARELLI;MARQUINHO GASPARELLI;PSD;ELEITO;TSE (dados abertos)
76414;JAPURÁ;PR;2025-2028;ADRIANA CRISTINA POLIZER;ADRIANA POLIZER;REPUBLICANOS;ELEITO;TSE (dados abertos)
74624;PATO BRAGADO;PR;2025-2028;JOHN JEFERSON WEBER NODARI;JOHN;PP;ELEITO;TSE (dados abertos)
75493;FAXINAL;PR;2025-2028;HERMES ANTONIO SANTA ROSA;HERMES SANTA ROSA;PSD;ELEITO;TSE (dados abertos)
76139;ITAMBARACÁ;PR;2025-2028;AMARILDO TOSTES;AMARILDO TOSTES;PP;ELEITO;TSE (dados abertos)
78018;QUITANDINHA;PR;2025-2028;JOSÉ RIBEIRO DE MOURA;ZÉ QUIRERA;PP;ELEITO;TSE (dados abertos)
74446;ITAPERUÇU;PR;2025-2028;EDILSON RUIZ DE FREITAS;MACADAME;PSB;ELEITO;TSE (dados abertos)
74462;IVATÉ;PR;2025-2028;DENILSON VAGLIERI PREVITAL;DENILSON PREVITAL;MDB;ELEITO;TSE (dados abertos)
75809;LUIZIANA;PR;2025-2028;EDSON LISS;EDSON LISS;PDT;ELEITO;TSE (dados abertos)
76295;JACAREZINHO;PR;2025-2028;MARCELO JOSE BERNARDELI PALHARES;MARCELO PALHARES;PSD;ELEITO;TSE (dados abertos)
75698;GOIOERÊ;PR;2025-2028;PEDRO ANTÔNIO DE OLIVEIRA COELHO;PEDRO COELHO;PP;ELEITO;TSE (dados abertos)
77933;QUATIGUÁ;PR;2025-2028;IZILDA GLEICIANY RODRIGUES CARRO;IZILDA DA SAÚDE;PL;ELEITO;TSE (dados abertos)
76511;JUNDIAÍ DO SUL;PR;2025-2028;PAULO ROBERTO PEDRO;BETINHO;PP;ELEITO;TSE (dados abertos)
84590;LUNARDELLI;PR;2025-2028;LUIZ WANDERLEI MARSON SARDI;WANDERLEI;MDB;ELEITO;TSE (dados abertos)
74640;PINHAL DE SÃO BENTO;PR;2025-2028;PAULO FALCADE DE OLIVEIRA;PAULO FALCADE;PSD;ELEITO;TSE (dados abertos)
75540;PORTO BARREIRO;PR;2025-2028;EMANOEL VANDERLEI VOLFF;VANDERLEI VOLFF;PSD;ELEITO;TSE (dados abertos)
75310;CRUZEIRO DO SUL;PR;2025-2028;MARCOS CÉSAR SUGIGAN;CÉSAR SUGIGAN;PSD;ELEITO;TSE (dados abertos)
84573;FIGUEIRA;PR;2025-2028;VALDECIR GARCIA;VALDECIR GARCIA;PP;ELEITO;TSE (dados abertos)
78794;SÃO JORGE DO IVAÍ;PR;2025-2028;AGNALDO CARVALHO GUIMARÃES;GUINA;PSD;ELEITO;TSE (dados abertos)
84654;DOURADINA;PR;2025-2028;OBERDAM JOSÉ DE OLIVEIRA;OBERDAM;UNIÃO;ELEITO;TSE (dados abertos)
76171;ITAPEJARA D'OESTE;PR;2025-2028;VILMAR SCHMOLLER;SCHMOLLER;PSD;ELEITO;TSE (dados abertos)
77771;PONTA GROSSA;PR;2025-2028;ELIZABETH SILVEIRA SCHMIDT;ELIZABETH SCHMIDT;UNIÃO;ELEITO;TSE (dados abertos)
79073;SIQUEIRA CAMPOS;PR;2025-2028;LUIZ HENRIQUE GERMANO;GERMANO;PSD;ELEITO;TSE (dados abertos)
79510;ALTÔNIA;PR;2025-2028;DIEGO JARDIM PERGO;DIEGO PERGO;PL;ELEITO;TSE (dados abertos)
75531;FLORAÍ;PR;2025-2028;EDNA DE LOURDES CARPINE CONTIN;EDNA CONTIN;PSD;ELEITO;TSE (dados abertos)
74667;PITANGUEIRAS;PR;2025-2028;SAMUEL TEIXEIRA;SARGENTO SAMUEL;PL;ELEITO;TSE (dados abertos)
75183;CAMPINA DO SIMÃO;PR;2025-2028;ANDRÉ JUNIOR DE PAULA;ANDRÉ;PSD;ELEITO;TSE (dados abertos)
78557;SANTANA DO ITARARÉ;PR;2025-2028;ELCIO JOSÉ VIDAL;CALÉ VIDAL;PSD;ELEITO;TSE (dados abertos)
75248;CORONEL DOMINGOS SOARES;PR;2025-2028;MARIA ANTONIETA DE ARAUJO ALMEIDA;MARIA ANTONIETA;PSD;ELEITO;TSE (dados abertos)
75272;CORONEL VIVIDA;PR;2025-2028;ANDERSON MANIQUE BARRETO;ANDERSON BARRETO;PSD;ELEITO;TSE (dados abertos)
74756;CAMPINA DA LAGOA;PR;2025-2028;GIANNY JOSE GRACIOSO BENTO;PADRE GIANNY;PP;ELEITO;TSE (dados abertos)
76813;MANOEL RIBAS;PR;2025-2028;JOSE CARLOS DA SILVA CORONA;CORONA;PSD;ELEITO;TSE (dados abertos)
74241;CRUZEIRO DO IGUAÇU;PR;2025-2028;JEAN CARLOS CARDOSO;JEAN CARDOSO;REPUBLICANOS;ELEITO;TSE (dados abertos)
74594;BOCAIÚVA DO SUL;PR;2025-2028;JOAO DE LIMA;JOAO MARACANA;PSD;ELEITO;TSE (dados abertos)
76732;MAMBORÊ;PR;2025-2028;SEBASTIÃO ANTONIO MARTINEZ;MARTINEZ;PSD;ELEITO;TSE (dados abertos)
79634;MATINHOS;PR;2025-2028;EDUARDO ANTONIO DALMORA;EDUARDO DALMORA;PL;ELEITO;TSE (dados abertos)
74098;ALTO PARANÁ;PR;2025-2028;CLAUDEMIR JOIA PEREIRA;PALITO;UNIÃO;ELEITO;TSE (dados abertos)
78352;SALTO DO ITARARÉ;PR;2025-2028;CLAUDECI JOSÉ DE OLIVEIRA;CLAUDECI;REPUBLICANOS;ELEITO;TSE (dados abertos)
74934;CASCAVEL;PR;2025-2028;RENATO DA SILVA;RENATO SILVA;PL;ELEITO;TSE (dados abertos)
75000;ITAIPULÂNDIA;PR;2025-2028;LINDOLFO MARTINS RUI;LINDOLFO;PSD;ELEITO;TSE (dados abertos)
74179;AMPÉRE;PR;2025-2028;DOUGLAS DIEMS MOROCKOSKI POTRICH;DOUGLAS POTRICH;PP;ELEITO;TSE (dados abertos)
74977;CATANDUVAS;PR;2025-2028;ADEMAR LUIZ BURCKHARDT;ADEMAR;PSD;ELEITO;TSE (dados abertos)
76651;LOBATO;PR;2025-2028;FABIO CHICAROLI;FABINHO;PL;ELEITO;TSE (dados abertos)
75566;PRADO FERREIRA;PR;2025-2028;SILVIO ANTONIO DAMACENO;SILVIO DAMACENO;PSD;ELEITO;TSE (dados abertos)
75787;SULINA;PR;2025-2028;GILBERTO JOÃO ROSSI;GILBERTO ROSSI;PSD;ELEITO;TSE (dados abertos)
76490;JOAQUIM TÁVORA;PR;2025-2028;GELSON MANSUR NASSAR;GELSON MANSUR NASSAR;PSDB;ELEITO;TSE (dados abertos)
79219;TERRA ROXA;PR;2025-2028;IVAN REIS DA SILVA;IVAN REIS;PP;ELEITO;TSE (dados abertos)
75914;IBIPORÃ;PR;2025-2028;JOSÉ MARIA FERREIRA;JOSÉ MARIA FERREIRA;PSD;ELEITO;TSE (dados abertos)
76791;MANDIRITUBA;PR;2025-2028;FELIPE CLAUDINO MACHADO;FELIPE MACHADO;PP;ELEITO;TSE (dados abertos)
77194;NOVA CANTU;PR;2025-2028;AIRTON ANTONIO AGNOLIN;AIRTON AGNOLIN;PDT;ELEITO;TSE (dados abertos)
77615;PIÊN;PR;2025-2028;MAICON GROSSKOPF;MAICON TIGUERA;REPUBLICANOS;ELEITO;TSE (dados abertos)
74403;IRACEMA DO OESTE;PR;2025-2028;ELZA HAASE RODRIGUES;ELZA;PP;ELEITO;TSE (dados abertos)
79138;TEIXEIRA SOARES;PR;2025-2028;IVANOR LUIZ MULLER;IVANOR MULLER;PP;ELEITO;TSE (dados abertos)
74608;NOVA SANTA BÁRBARA;PR;2025-2028;CLAUDEMIR VALÉRIO;GARRAFA;PP;ELEITO;TSE (dados abertos)
74730;CAMBIRA;PR;2025-2028;ANA LÚCIA DE OLIVEIRA;ANA LUCIA;MDB;ELEITO;TSE (dados abertos)
79790;NOVA SANTA ROSA;PR;2025-2028;LARI HITZ;LARI HITZ;UNIÃO;ELEITO;TSE (dados abertos)
74276;ARAPONGAS;PR;2025-2028;RAFAEL FELIPE CITA;RAFAEL CITA;PSD;ELEITO;TSE (dados abertos)
76759;MANDAGUAÇU;PR;2025-2028;JOSE ROBERTO MENDES;BETO DENTISTA;PSD;ELEITO;TSE (dados abertos)
84697;MISSAL;PR;2025-2028;ADILTO LUIS FERRARI;ADILTO FERRARI;PSD;ELEITO;TSE (dados abertos)
77593;PÉROLA D'OESTE;PR;2025-2028;EDSOM LUIZ BAGETTI;EDSOM BAGETTI;PL;ELEITO;TSE (dados abertos)
75620;RIO BRANCO DO IVAÍ;PR;2025-2028;PEDRO TABORDA DESPLANCHES;PEDRO TABORDA;MDB;ELEITO;TSE (dados abertos)
79014;SENGÉS;PR;2025-2028;GERSON NUNES DA SILVA;GERSON NUNES;PSD;ELEITO;TSE (dados abertos)
74721;RANCHO ALEGRE D'OESTE;PR;2025-2028;EVERTON CÁSSIO ZANUTO;CÁSSIO ZANUTO;PSD;ELEITO;TSE (dados abertos)
74969;VIRMOND;PR;2025-2028;FERNANDO MIERZVA;FERNANDO MIERZVA;PSD;ELEITO;TSE (dados abertos)
76252;IVATUBA;PR;2025-2028;VARLEI VERCEZI;VARLEI;REPUBLICANOS;ELEITO;TSE (dados abertos)
75213;CONTENDA;PR;2025-2028;ANTONIO ADAMIR DIGNER;MOSTARDA;PL;ELEITO;TSE (dados abertos)
75337;CRUZ MACHADO;PR;2025-2028;CARLOS NOWAK;CARLÃO;UNIÃO;ELEITO;TSE (dados abertos)
77470;PARANAPOEMA;PR;2025-2028;SIDNEI FRAZATTO;SIDNEI FRAZATTO;PSD;ELEITO;TSE (dados abertos)
79855;CAFELÂNDIA;PR;2025-2028;JUNIOR MOTTER;JUNIOR MOTTER;NOVO;ELEITO;TSE (dados abertos)
77410;PARAÍSO DO NORTE;PR;2025-2028;CARLOS ALBERTO VIZZOTTO;BETO VIZZOTTO;PT;ELEITO;TSE (dados abertos)
78999;SAPOPEMA;PR;2025-2028;PAULO MAXIMIANO DE SOUZA JUNIOR;PAULINHO BRANCO;PSD;ELEITO;TSE (dados abertos)
75280;CORUMBATAÍ DO SUL;PR;2025-2028;ALEXANDRE DONATO;XANDÃO;PSD;ELEITO;TSE (dados abertos)
75833;GUARAPUAVA;PR;2025-2028;DENILSON BAITALA;DENILSON BAITALA;PL;ELEITO;TSE (dados abertos)
76457;JARDIM OLINDA;PR;2025-2028;WEVERTON JOSÉ DOS SANTOS LIMA;WEVERTON JOSÉ;PP;ELEITO;TSE (dados abertos)
75485;MARQUINHO;PR;2025-2028;ELIO BOLZON JUNIOR;JUNINHO ;MDB;ELEITO;TSE (dados abertos)
78891;SÃO MIGUEL DO IGUAÇU;PR;2025-2028;BOAVENTURA MANOEL JOAO MOTTA;MOTTA;MDB;ELEITO;TSE (dados abertos)
74470;BARBOSA FERRAZ;PR;2025-2028;CARLOS ROSA ALVES;CARLOS CAXÃO;PSD;ELEITO;TSE (dados abertos)
76090;IRETAMA;PR;2025-2028;SAME SAAB;SAME SAAB;PSD;ELEITO;TSE (dados abertos)
79693;PÉROLA;PR;2025-2028;VALDETE CARLOS OLIVEIRA GONCALVES DA CUNHA;VALDETE CUNHA;PP;ELEITO;TSE (dados abertos)
74535;BELA VISTA DO PARAÍSO;PR;2025-2028;FABRICIO PASTORE;JACARÉ;PL;ELEITO;TSE (dados abertos)
75639;FOZ DO IGUAÇU;PR;2025-2028;JOAQUIM SILVA E LUNA;GENERAL SILVA E LUNA;PL;ELEITO;TSE (dados abertos)
78310;SABÁUDIA;PR;2025-2028;EDSON HUGO MANUEIRA;HUGO MANUEIRA;PSD;ELEITO;TSE (dados abertos)
78972;SÃO TOMÉ;PR;2025-2028;JOAO PAULO TRAVASSOS RADDI;JOAO PAULO FOGO;REPUBLICANOS;ELEITO;TSE (dados abertos)
77372;PALMITAL;PR;2025-2028;ROBERTO CARLOS ROSSI;ROBERTO ROSSI;PL;ELEITO;TSE (dados abertos)
75892;IBAITI;PR;2025-2028;ROBERTO REGAZZO;BETÃO;PP;ELEITO;TSE (dados abertos)
76392;JAPIRA;PR;2025-2028;HARIEL VIEIRA FOGAÇA;HARIEL FOGAÇA;MDB;ELEITO;TSE (dados abertos)
79375;UNIÃO DA VITÓRIA;PR;2025-2028;ARY CARNEIRO JUNIOR;DR ARY;PSDB;ELEITO;TSE (dados abertos)
75299;CRUZEIRO DO OESTE;PR;2025-2028;ARMANDO CERCI JUNIOR;ARMANDINHO;UNIÃO;ELEITO;TSE (dados abertos)
75930;ICARAÍMA;PR;2025-2028;DEVAIR FABRIS;DEVAIR FABRIS;PL;ELEITO;TSE (dados abertos)
79111;TAPEJARA;PR;2025-2028;RONALDO ADRIANO VILAS BOAS;RONALDO VILAS BOAS;SOLIDARIEDADE;ELEITO;TSE (dados abertos)
75345;FERNANDES PINHEIRO;PR;2025-2028;OZIEL NEIVERT;OZIEL NEIVERT;UNIÃO;ELEITO;TSE (dados abertos)
74543;MAUÁ DA SERRA;PR;2025-2028;GIVANILDO LOPES;GIVA;UNIÃO;ELEITO;TSE (dados abertos)
77070;MOREIRA SALES;PR;2025-2028;LUIZ ANTONIO VOLPATO;LUIZ VOLPATO;PSD;ELEITO;TSE (dados abertos)
77453;PARANAGUÁ;PR;2025-2028;ADRIANO RAMOS;ADRIANO RAMOS;REPUBLICANOS;ELEITO;TSE (dados abertos)
77798;PORECATU;PR;2025-2028;AGAMEMNON AUGUSTO ARAUJO PADUAN;GAMÊ;UNIÃO;ELEITO;TSE (dados abertos)
75604;RESERVA DO IGUAÇU;PR;2025-2028;VITORIO ANTUNES DE PAULA;VITORIO;PSD;ELEITO;TSE (dados abertos)
79472;VITORINO;PR;2025-2028;MARCIANO VOTTRI;MARCIANO VOTTRI;PSD;ELEITO;TSE (dados abertos)
74160;BOM SUCESSO DO SUL;PR;2025-2028;MAICO DIOGO FAVERSANI;MAICO;PSD;ELEITO;TSE (dados abertos)
78450;SANTA FÉ;PR;2025-2028;EDSON PALOTTA NETTO;EDSON PALOTTA;PP;ELEITO;TSE (dados abertos)
79456;VERÊ;PR;2025-2028;PAULO ROBERTO WEISSHEIMER;PAULO;PRD;ELEITO;TSE (dados abertos)
79596;GRANDES RIOS;PR;2025-2028;WILLIAM JOSÉ GONÇALVES;PROFESSOR WILLIAM;PODE;ELEITO;TSE (dados abertos)
78913;SÃO PEDRO DO IVAÍ;PR;2025-2028;RILDO BERNARDES DE CAMARGO;RILDO DA PADARIA;MDB;ELEITO;TSE (dados abertos)
79413;URAÍ;PR;2025-2028;ANGELO TARANTINI FILHO;TARANTINI;UNIÃO;ELEITO;TSE (dados abertos)
74101;ANAHY;PR;2025-2028;ARILSON BATISTA DE SOUZA;ARILSON;PSD;ELEITO;TSE (dados abertos)
77313;PAIÇANDU;PR;2025-2028;ISMAEL BATISTA;ISMAEL BATISTA;PSD;ELEITO;TSE (dados abertos)
75663;TAMARANA;PR;2025-2028;LUZIA HARUE SUZUKAWA;LUZIA SUZUKAWA;PSD;ELEITO;TSE (dados abertos)
79430;WENCESLAU BRAZ;PR;2025-2028;LUIZ CARLOS VIDAL;POLACO;PSB;ELEITO;TSE (dados abertos)
75078;CIDADE GAÚCHA;PR;2025-2028;ALEXANDRE LUCENA;ALEXANDRE LUCENA;MDB;ELEITO;TSE (dados abertos)
74110;ALTO PIQUIRI;PR;2025-2028;GIOVANE MENDES DE CARVALHO;GIOVANE;PSD;ELEITO;TSE (dados abertos)
77895;PRIMEIRO DE MAIO;PR;2025-2028;BRUNO EDUARDO SANTA ROSA BAUERMAMM ESTEVAM;BRUNO SANTA ROSA;UNIÃO;ELEITO;TSE (dados abertos)
75159;COLORADO;PR;2025-2028;ROSIMEIRE CHIQUIM;ROSE CHIQUIM;PSD;ELEITO;TSE (dados abertos)
79910;PRANCHITA;PR;2025-2028;RONIMAR ELEANDRO SARTOR;RONIMAR SARTOR;PP;ELEITO;TSE (dados abertos)
74527;MATO RICO;PR;2025-2028;EDELIR DE JESUS RIBEIRO DA SILVA;EDELIR RIBEIRO ;MDB;ELEITO;TSE (dados abertos)
78670;SÃO CARLOS DO IVAÍ;PR;2025-2028;PAULO FRANCISCO MARINHO DUTRA;PAULO PEROBA;PSB;ELEITO;TSE (dados abertos)
74306;FAROL;PR;2025-2028;OCLECIO DE FREITAS MENESES;OCLECIO MENESES;PODE;ELEITO;TSE (dados abertos)
77879;PRESIDENTE CASTELO BRANCO;PR;2025-2028;JOÃO PERICLES MARTINATI;JOÃO MARTINATI;PP;ELEITO;TSE (dados abertos)
75191;CONSELHEIRO MAIRINCK;PR;2025-2028;JOSELEI APARECIDO DE CARVALHO;ZELEI;MDB;ELEITO;TSE (dados abertos)
74039;ADRIANÓPOLIS;PR;2025-2028;VANDIR DE OLIVEIRA ROSA;VANDIR VETERINARIO;PSD;ELEITO;TSE (dados abertos)
76996;MATELÂNDIA;PR;2025-2028;GABRIEL DA SILVA CADINI;GABRIEL CADINI;PL;ELEITO;TSE (dados abertos)
77399;PALOTINA;PR;2025-2028;RODRIGO RIBEIRO;RODRIGO RIBEIRO;MDB;ELEITO;TSE (dados abertos)
77011;MEDIANEIRA;PR;2025-2028;ANTONIO FRANÇA BENJAMIM;ANTONIO FRANÇA;PSD;ELEITO;TSE (dados abertos)
77852;PORTO VITÓRIA;PR;2025-2028;FABIANO JOSÉ GLAAB;FABIANO GLAAB;PP;ELEITO;TSE (dados abertos)
74241;CRUZEIRO DO IGUAÇU;PR;2025-2028;RENI KOVALSKI;RENI KOVALSKI;PP;ELEITO;TSE (dados abertos)
74268;DIAMANTE DO SUL;PR;2025-2028;DARCI TIRELLI;DARCI TIRELLI;PSB;ELEITO;TSE (dados abertos)
74284;ENTRE RIOS DO OESTE;PR;2025-2028;JAIR BOKORNI;JAIR BOKORNI;PP;ELEITO;TSE (dados abertos)
77496;PARANAVAÍ;PR;2025-2028;MAURÍCIO GEHLEN;MAURÍCIO GEHLEN;PSD;ELEITO;TSE (dados abertos)
75850;GUARAQUEÇABA;PR;2025-2028;ALESSANDRO CARNEIRO SOARES TRUCHINSKI;SANDRO DA SAÚDE;UNIÃO;ELEITO;TSE (dados abertos)
76678;LONDRINA;PR;2025-2028;JOSÉ TIAGO CAMARGO DO AMARAL;TIAGO AMARAL;PSD;ELEITO;TSE (dados abertos)
52612;SÃO JOSÉ DA VARGINHA;MG;2025-2028;VICTOR PAULINO DE MELO PEREIRA;VICTOR GORDO DA SAÚDE;AVANTE;ELEITO;TSE (dados abertos)
40150;AGUANIL;MG;2025-2028;RICARDO DE OLIVEIRA;RICARDO PAIEIRA;PP;ELEITO;TSE (dados abertos)
41394;BIQUINHAS;MG;2025-2028;EUCLIDES PINTO COELHO;CRIDE;PSDB;ELEITO;TSE (dados abertos)
41122;NINHEIRA;MG;2025-2028;NODECIR PEREIRA;PROF. SANTINHO;PSD;ELEITO;TSE (dados abertos)
49310;PAIVA;MG;2025-2028;BRUNO VIEIRA DE PAULA;BRUNO;PODE;ELEITO;TSE (dados abertos)
50431;PORTEIRINHA;MG;2025-2028;SILVANEI BATISTA SANTOS;SILVANEI BATISTA;PSB;ELEITO;TSE (dados abertos)
52876;SÃO SEBASTIÃO DA BELA VISTA;MG;2025-2028;AUGUSTO HART FERREIRA;AUGUSTO;UNIÃO;ELEITO;TSE (dados abertos)
41777;BRAZÓPOLIS;MG;2025-2028;JOAO TORRES PEREIRA JUNIOR;JÚNIOR TORRES;UNIÃO;ELEITO;TSE (dados abertos)
50954;RIO ACIMA;MG;2025-2028;FELIPE GONCALVES SANTOS;FELIPE DO WALDINEY;PDT;ELEITO;TSE (dados abertos)
40800;SARZEDO;MG;2025-2028;RITA DE CASSIA DAS GRAÇAS SANTOS;RITINHA;PP;ELEITO;TSE (dados abertos)
40118;ÁGUA BOA;MG;2025-2028;ORLANDO CARDOSO PEREIRA;ZOLA;SOLIDARIEDADE;ELEITO;TSE (dados abertos)
54313;MATHIAS LOBATO;MG;2025-2028;KARLA PESSAMÍLIO SOUZA LOPES;KARLA DO FABIANO;PSDB;ELEITO;TSE (dados abertos)
40762;SÃO JOÃO DO PACUÍ;MG;2025-2028;CAIO FREIRE CUNHA;CAIO CUNHA;MDB;ELEITO;TSE (dados abertos)
54070;UNAÍ;MG;2025-2028;THIAGO MARTINS RODRIGUES;THIAGO MARTINS;PL;ELEITO;TSE (dados abertos)
54194;VAZANTE;MG;2025-2028;GABRIEL AFRANIO ROSA DE FARIA BARRA;GABRIEL ROSA;PSD;ELEITO;TSE (dados abertos)
41831;BUENÓPOLIS;MG;2025-2028;JOSE ALVES;ZÉ DO FORD;AVANTE;ELEITO;TSE (dados abertos)
49379;PAPAGAIOS;MG;2025-2028;RISLAINE DE FARIA CANÇADO;RISLAINE;AVANTE;ELEITO;TSE (dados abertos)
40371;ALPINÓPOLIS;MG;2025-2028;RAFAEL HENRIQUE DA SILVA FREIRE;RAFAEL FREIRE;PSB;ELEITO;TSE (dados abertos)
44393;DIVINO;MG;2025-2028;MAURI VENTURA DO CARMO;MAURI VENTURA;PT;ELEITO;TSE (dados abertos)
45691;GUARARÁ;MG;2025-2028;CELIO JOSE FERRAZ;CELIO DA PADARIA;UNIÃO;ELEITO;TSE (dados abertos)
52671;SÃO JOSÉ DO GOIABAL;MG;2025-2028;AILTON GERALDO DOS SANTOS;AILTON DA CAIXA ;PL;ELEITO;TSE (dados abertos)
46230;IPANEMA;MG;2025-2028;JULIO FONTOURA DE MORAES JUNIOR;JÚLIO;PL;ELEITO;TSE (dados abertos)
40681;SANTANA DO PARAÍSO;MG;2025-2028;BRUNO CAMPOS MORATO;BRUNO MORATO;AVANTE;ELEITO;TSE (dados abertos)
44059;CRISTÁLIA;MG;2025-2028;JAIRO DE MATOS BORGES JÚNIO;JAIRO JÚNIOR;PP;ELEITO;TSE (dados abertos)
40380;LONTRA;MG;2025-2028;WESLEY ALVES DE SOUZA;WESLEY CONSTRUMENDES;PSD;ELEITO;TSE (dados abertos)
50393;POMPÉU;MG;2025-2028;KENEDY WALLAFY SOUZA DE OLIVEIRA;KENEDY WÁLLAFY;NOVO;ELEITO;TSE (dados abertos)
42978;CASA GRANDE;MG;2025-2028;REINALDO ALIMATEIA DA SILVA;NADINHO;MDB;ELEITO;TSE (dados abertos)
43095;CAXAMBU;MG;2025-2028;LUIZ HENRIQUE DIORIO DE SOUZA;LUIZ HENRIQUE;PSDB;ELEITO;TSE (dados abertos)
45390;FRONTEIRA;MG;2025-2028;SÉRGIO PAULO CAMPOS;SÉRGIO COXA;PSDB;ELEITO;TSE (dados abertos)
40240;ICARAÍ DE MINAS;MG;2025-2028;GONSALO ANTONIO MENDES DE MAGALHÃES;GONÇALO;PT;ELEITO;TSE (dados abertos)
43575;CONGONHAL;MG;2025-2028;RUBENS VILELA DOS SANTOS JUNIOR;JUNINHO;REPUBLICANOS;ELEITO;TSE (dados abertos)
42145;GOIABEIRA;MG;2025-2028;SAMUEL FERREIRA DA SILVA;SAMUEL FERREIRA;SOLIDARIEDADE;ELEITO;TSE (dados abertos)
45853;IAPU;MG;2025-2028;JOSE PEREIRA VIANA;PEZAO;UNIÃO;ELEITO;TSE (dados abertos)
47597;LARANJAL;MG;2025-2028;FERNANDO GONÇALVES DOS SANTOS;FERNANDO GONÇALVES;REPUBLICANOS;ELEITO;TSE (dados abertos)
40096;AÇUCENA;MG;2025-2028;RAULISSON MORAIS;NEM DO DUTA;REPUBLICANOS;ELEITO;TSE (dados abertos)
47155;JEQUITINHONHA;MG;2025-2028;NILO BARBUDA SOUTO;NILO SOUTO;PDT;ELEITO;TSE (dados abertos)
52396;SÃO GONÇALO DO SAPUCAÍ;MG;2025-2028;ELOI RADIN ALLERAND;ELOI RADIN;UNIÃO;ELEITO;TSE (dados abertos)
41904;CÔNEGO MARINHO;MG;2025-2028;CLORISVAN LIMA MADUREIRA;VAN MADUREIRA;AVANTE;ELEITO;TSE (dados abertos)
49557;PASSA VINTE;MG;2025-2028;EDSON DO NASCIMENTO;EDINHO NASCIMENTO;PRD;ELEITO;TSE (dados abertos)
43591;CONGONHAS;MG;2025-2028;ANDERSON COSTA CABIDO;ANDERSON CABIDO;PSB;ELEITO;TSE (dados abertos)
54410;VISCONDE DO RIO BRANCO;MG;2025-2028;LUIZ FABIO ANTONUCCI FILHO;FABINHO ANTONUCCI;REPUBLICANOS;ELEITO;TSE (dados abertos)
41726;BERIZAL;MG;2025-2028;TALYANE ALVES PEREIRA;TALYANE;SOLIDARIEDADE;ELEITO;TSE (dados abertos)
41882;CHAPADA GAÚCHA;MG;2025-2028;JOSE RONE RODRIGUES PEREIRA;RONE RODRIGUES;PSD;ELEITO;TSE (dados abertos)
44954;ESTRELA DO SUL;MG;2025-2028;SEBASTIÃO DA SILVEIRA;SEBASTIÃO DA SILVEIRA;PSD;ELEITO;TSE (dados abertos)
46191;INHAÚMA;MG;2025-2028;MAX OLIVEIRA DOS SANTOS;ZULA;REPUBLICANOS;ELEITO;TSE (dados abertos)
46671;ITAPAGIPE;MG;2025-2028;RICARDO GARCIA DA SILVA;RICARDO GARCIA;AVANTE;ELEITO;TSE (dados abertos)
53619;TAPIRA;MG;2025-2028;MAURA ASSUNÇÃO DE MELO PONTES;MAURA DO BARROSO;MDB;ELEITO;TSE (dados abertos)
41076;BARÃO DE COCAIS;MG;2025-2028;GERALDO ABADE DAS DORES;ABADE;PSD;ELEITO;TSE (dados abertos)
47511;LAGOA SANTA;MG;2025-2028;BRENO SALOMÃO GOMES;BRENO SALOMÃO;CIDADANIA;ELEITO;TSE (dados abertos)
41750;BRAÚNAS;MG;2025-2028;WEYNE VIRGILIO DE CARVALHO;WEYNE;PDT;ELEITO;TSE (dados abertos)
45357;FREI GASPAR;MG;2025-2028;JACKELINY PEREIRA DO NASCIMENTO;JACKELINY DE EDSON ALVES;PT;ELEITO;TSE (dados abertos)
48194;MATO VERDE;MG;2025-2028;PEDRO HENRIQUE HORTA FREITAS;DR PEDRO;REPUBLICANOS;ELEITO;TSE (dados abertos)
53635;TAPIRAÍ;MG;2025-2028;VANDERLEI CASSIANO DE RESENDE;VANDERLEI;AVANTE;ELEITO;TSE (dados abertos)
41254;BELO ORIENTE;MG;2025-2028;JOÃO BATISTA HEMÉTRIO MELLO DE MENEZES;JOÃOZINHO HEMÉTRIO;PSDB;ELEITO;TSE (dados abertos)
40100;CATUJI;MG;2025-2028;MARIA JOSÉ DE OLIVEIRA;JÔ;MOBILIZA;ELEITO;TSE (dados abertos)
46337;ITABIRA;MG;2025-2028;MARCO ANTONIO LAGE;MARCO;PSB;ELEITO;TSE (dados abertos)
41181;NOVORIZONTE;MG;2025-2028;CLEBER NASCIMENTO DE PINHO;CLEBER PINHO;PSD;ELEITO;TSE (dados abertos)
40908;VARGEM ALEGRE;MG;2025-2028;MARIA CECILIA DA COSTA GARCIA;CILINHA;PSD;ELEITO;TSE (dados abertos)
41769;BUGRE;MG;2025-2028;MARCELIO TEIXEIRA DA COSTA;MARCELIO COSTA;MDB;ELEITO;TSE (dados abertos)
45993;IBITURUNA;MG;2025-2028;DEVANIL VITOR DE SOUSA;DEVANIL;PRD;ELEITO;TSE (dados abertos)
46833;ITUIUTABA;MG;2025-2028;LEANDRA GUEDES FERREIRA;LEANDRA;AVANTE;ELEITO;TSE (dados abertos)
44490;DOM CAVATI;MG;2025-2028;JADSON NASCIMENTO BRAZ;JADINHO;PSDB;ELEITO;TSE (dados abertos)
50814;RECREIO;MG;2025-2028;LEANDRO FERREIRA MEDEIROS;LEO MEDEIROS - MANGA;PT;ELEITO;TSE (dados abertos)
44199;DATAS;MG;2025-2028;NARLISSON DE JESUS MARTINS;NARLISSON;PSD;ELEITO;TSE (dados abertos)
40142;DIVISÓPOLIS;MG;2025-2028;EUDER DE LIMA ROSEMBERG MENDES;EUDER MENDES;PP;ELEITO;TSE (dados abertos)
41106;NATALÂNDIA;MG;2025-2028;PAULO SERGIO LAURINDO MODESTO;PAULO SERGIO;PV;ELEITO;TSE (dados abertos)
50270;PITANGUI;MG;2025-2028;MARIA LUCIA CARDOSO;MARIA LUCIA CARDOSO;MDB;ELEITO;TSE (dados abertos)
40711;ARANTINA;MG;2025-2028;EDIMAR LUIS DE OLIVEIRA;EDIMAR DA LIA;AVANTE;ELEITO;TSE (dados abertos)
47651;LEANDRO FERREIRA;MG;2025-2028;NIVALDO RODRIGUES DE CARVALHO;NIVALDO RODRIGUES;MDB;ELEITO;TSE (dados abertos)
47678;LEOPOLDINA;MG;2025-2028;PEDRO AUGUSTO JUNQUEIRA FERRAZ;PEDRO AUGUSTO;PL;ELEITO;TSE (dados abertos)
49611;PATROCÍNIO;MG;2025-2028;GUSTAVO TAMBELINI BRASILEIRO;GUSTAVO BRASILEIRO;DC;ELEITO;TSE (dados abertos)
41645;SÃO JOSÉ DA BARRA;MG;2025-2028;MARCELO RODRIGUES DA SILVA;MARCELINHO SILVA;REPUBLICANOS;ELEITO;TSE (dados abertos)
44296;DESTERRO DO MELO;MG;2025-2028;EDIMAR COELHO DA SILVA;XARAZINHO;PSD;ELEITO;TSE (dados abertos)
51055;RIO MANSO;MG;2025-2028;ADAIR DORNAS DOS SANTOS;DADA;AVANTE;ELEITO;TSE (dados abertos)
45497;GONZAGA;MG;2025-2028;EFIGENIA MARIA MAGALHÃES;EFIGÊNIA;REPUBLICANOS;ELEITO;TSE (dados abertos)
47910;MANTENA;MG;2025-2028;GENTIL MATA DA CRUZ;GENTIL;REPUBLICANOS;ELEITO;TSE (dados abertos)
49476;PARAOPEBA;MG;2025-2028;AROLDO COSTA MELO;AROLDINHO;PL;ELEITO;TSE (dados abertos)
50210;PIRAPETINGA;MG;2025-2028;LUIZ HENRIQUE PEREIRA DA COSTA;LUIZ HENRIQUE;PL;ELEITO;TSE (dados abertos)
41580;SÃO GERALDO DO BAIXIO;MG;2025-2028;JULIANO PHILIPE SERAFIM SOARES;JULIANO FILIPE;REPUBLICANOS;ELEITO;TSE (dados abertos)
47473;LAGOA DOURADA;MG;2025-2028;ISMAR JOSE DE MELO;ISMAR;MDB;ELEITO;TSE (dados abertos)
48976;NOVA MÓDICA;MG;2025-2028;RAPHAEL SOUSA MARTINS;RAPHAEL;MDB;ELEITO;TSE (dados abertos)
50938;RIBEIRÃO VERMELHO;MG;2025-2028;WELDER MARCELO PEREIRA;WELDER PEREIRA;PSDB;ELEITO;TSE (dados abertos)
45438;FUNILÂNDIA;MG;2025-2028;JOSÉ INÁCIO PEREIRA;ZÉ DA GURITA;PP;ELEITO;TSE (dados abertos)
40029;ARAPORÃ;MG;2025-2028;WILSON ROBERTO RIBEIRO;XINGUINHA;PSD;ELEITO;TSE (dados abertos)
48372;MINDURI;MG;2025-2028;JOSÉ BENTO JUNQUEIRA DE ANDRADE NETO;NETO;PP;ELEITO;TSE (dados abertos)
40258;ALAGOA;MG;2025-2028;SEBASTIÃO MENDES PINTO NETO;TIÃOZINHO;PSDB;ELEITO;TSE (dados abertos)
45551;GRÃO MOGOL;MG;2025-2028;DIÊGO ANTONIO BRAGA FAGUNDES;DIÊGO;PP;ELEITO;TSE (dados abertos)
40940;JUVENÍLIA;MG;2025-2028;MAILSON LOPES DE OLIVEIRA;MAILSON;SOLIDARIEDADE;ELEITO;TSE (dados abertos)
53392;SERRANOS;MG;2025-2028;REGINALDO RAEL ARANTES;REGIS;PSD;ELEITO;TSE (dados abertos)
53910;TUPACIGUARA;MG;2025-2028;FRANCISCO LOURENÇO BORGES NETO;NETO;PSDB;ELEITO;TSE (dados abertos)
43974;CÓRREGO DO BOM JESUS;MG;2025-2028;JOÃO GABRIEL DIAS RIBEIRO;JOÃO GABRIEL;PP;ELEITO;TSE (dados abertos)
42200;IBIRACATU;MG;2025-2028;WARLEY FERREIRA LIMA;WARLEY LIMA;PT;ELEITO;TSE (dados abertos)
46477;ITAJUBÁ;MG;2025-2028;RODRIGO IMAR MARTINEZ RIERA;RODRIGO RIERA;PSD;ELEITO;TSE (dados abertos)
47279;JOAQUIM FELÍCIO;MG;2025-2028;MIGUEL FELIPE FERREIRA DE OLIVEIRA;MIGUELZINHO DE HELMAR;PSD;ELEITO;TSE (dados abertos)
44016;COUTO DE MAGALHÃES DE MINAS;MG;2025-2028;JOSE EDUARDO DE PAULA RABELO;ZÉ EDUARDO;PODE;ELEITO;TSE (dados abertos)
52337;SÃO GONÇALO DO ABAETÉ;MG;2025-2028;FABIANO MAGELLA LUCAS DE CARVALHO;FABIANO;AVANTE;ELEITO;TSE (dados abertos)
42811;CARMO DE MINAS;MG;2025-2028;DARCI PALMA DE MELO;DARCI DA LOJA;PDT;ELEITO;TSE (dados abertos)
45578;GRUPIARA;MG;2025-2028;ROGÉRIO HONORATO MACHADO;ROGERIO;MDB;ELEITO;TSE (dados abertos)
49891;PEQUERI;MG;2025-2028;GLAUCO BRAGA FAVERO;GLAUCO;PSD;ELEITO;TSE (dados abertos)
45098;SÃO GONÇALO DO RIO PRETO;MG;2025-2028;DILSON DE FÁTIMA MOREIRA;DI DE PEDRO DE CÉLIA;PSD;ELEITO;TSE (dados abertos)
41998;CAETÉ;MG;2025-2028;ALBERTO NAZARÉ PIRES;ALBERTO PIRES;AVANTE;ELEITO;TSE (dados abertos)
49514;PASSA QUATRO;MG;2025-2028;MARCIO HENRIQUE DE SIQUEIRA RIBEIRO;MARCINHO DO CABELO BRANCO;SOLIDARIEDADE;ELEITO;TSE (dados abertos)
41270;BELO VALE;MG;2025-2028;JOSÉ LAPA DOS SANTOS;LAPINHA;SOLIDARIEDADE;ELEITO;TSE (dados abertos)
42633;CARANDAÍ;MG;2025-2028;CLAIRTON DUTRA COSTA VIEIRA;KIKO;PRD;ELEITO;TSE (dados abertos)
54011;UBERABA;MG;2025-2028;ELISA GONÇALVES DE ARAÚJO;ELISA ARAÚJO;PSD;ELEITO;TSE (dados abertos)
42021;DELTA;MG;2025-2028;LERIANE DE SOUZA;LERIANE;PP;ELEITO;TSE (dados abertos)
40207;FERVEDOURO;MG;2025-2028;CARLOS CORÍNDON DE ARAÚJO;DR CARLOS;PP;ELEITO;TSE (dados abertos)
41343;PIEDADE DE CARATINGA;MG;2025-2028;ADOLFO BENTO NETO;ADOLFO BENTO;PRD;ELEITO;TSE (dados abertos)
42480;VARGEM GRANDE DO RIO PARDO;MG;2025-2028;GABRIEL ARCANJO BRAZ;GABRIEL BRAZ;MDB;ELEITO;TSE (dados abertos)
40037;ABAETÉ;MG;2025-2028;IVANIR DELADIER DA COSTA;IVANIR;MDB;ELEITO;TSE (dados abertos)
42048;DOM BOSCO;MG;2025-2028;NELSON PEREIRA DE BRITO;NELSON SALSICHA;PP;ELEITO;TSE (dados abertos)
51179;RIO PRETO;MG;2025-2028;ANTONIO MARCIO VIEIRA;ANTONIO MARCIO;MDB;ELEITO;TSE (dados abertos)
48216;MATOZINHOS;MG;2025-2028;ITALO MORAES BORGES;ITALO BORGES;PSD;ELEITO;TSE (dados abertos)
51713;SANTANA DO DESERTO;MG;2025-2028;RICARDO VIANA DE LIMA;RICARDO VIANA;PSD;ELEITO;TSE (dados abertos)
52795;SÃO PEDRO DOS FERROS;MG;2025-2028;DANILO CALDARELE DIAS;DANILO DDD;PP;ELEITO;TSE (dados abertos)
44091;CRISTINA;MG;2025-2028;MARCIO BARROS RIBEIRO;PAVÃO;PP;ELEITO;TSE (dados abertos)
47090;JEQUERI;MG;2025-2028;LUIZ ANTONIO RESENDE SOARES;LUIZ ANTÔNIO;PSDB;ELEITO;TSE (dados abertos)
40983;LUISBURGO;MG;2025-2028;ALAIR FIGUEIREDO DE ASSUNÇÃO JUNIOR;JUNINHO MOITA;PRD;ELEITO;TSE (dados abertos)
41459;BOCAIÚVA;MG;2025-2028;ROBERTO JAIRO TORRES;ROBERTÃO;AVANTE;ELEITO;TSE (dados abertos)
40533;CACHOEIRA DE PAJEÚ;MG;2025-2028;GERALDO DUARTE DE SOUSA;GERALDO DUARTE;AVANTE;ELEITO;TSE (dados abertos)
45519;GOUVEIA;MG;2025-2028;ALBERIS DE OLIVEIRA;ALBERIS;MDB;ELEITO;TSE (dados abertos)
45837;HELIODORA;MG;2025-2028;EDUARDO CHEUNG DE LIMA;EDUARDO DO ALEX;PSD;ELEITO;TSE (dados abertos)
48852;NANUQUE;MG;2025-2028;GILSON COLETA BARBOSA;GILSON COLETA;PP;ELEITO;TSE (dados abertos)
41220;ORATÓRIOS;MG;2025-2028;CARLOS JOSE DE OLIVEIRA;CARLOS;PSB;ELEITO;TSE (dados abertos)
45594;GUANHÃES;MG;2025-2028;EVANDRO LOTT MOREIRA;EVANDRO LOTT;REPUBLICANOS;ELEITO;TSE (dados abertos)
45950;IBIRITÉ;MG;2025-2028;DINIS ANTONIO PINHEIRO;DINIS PINHEIRO;REPUBLICANOS;ELEITO;TSE (dados abertos)
48755;MUNHOZ;MG;2025-2028;DORIVAL AMANCIO FROES;VARDÃO;UNIÃO;ELEITO;TSE (dados abertos)
53813;TOLEDO;MG;2025-2028;ZILDO ALEXANDRO DE OLIVEIRA;ZILDINHO;PSDB;ELEITO;TSE (dados abertos)
52990;SÃO TIAGO;MG;2025-2028;ALEXANDRE NONATO ALMEIDA VIVAS;ALEXANDRE;PRD;ELEITO;TSE (dados abertos)
41408;PONTO CHIQUE;MG;2025-2028;GERALDO MAGELA FLAVIO RABELO;GÊ BODÃO;PSD;ELEITO;TSE (dados abertos)
42757;CARMÉSIA;MG;2025-2028;ATOS TÁCIO SOARES DE OLIVEIRA;ATOS TÁCIO;AVANTE;ELEITO;TSE (dados abertos)
50911;RIBEIRÃO DAS NEVES;MG;2025-2028;TULIO MARTINS RAPOSO;TÚLIO ;PP;ELEITO;TSE (dados abertos)
45373;FREI INOCÊNCIO;MG;2025-2028;JIMMY DUTRA GOULART;JIMMY DUTRA;PSD;ELEITO;TSE (dados abertos)
41505;SANTA HELENA DE MINAS;MG;2025-2028;MARCUS AURÉLIUS RODRIGUES;MARCUS DE ZE WILSON;AVANTE;ELEITO;TSE (dados abertos)
53759;TIRADENTES;MG;2025-2028;JOSÉ ANTÔNIO DO NASCIMENTO;ZÉ ANTÔNIO DO PACU;PSDB;ELEITO;TSE (dados abertos)
40266;IPABA;MG;2025-2028;GILBERTO PEREIRA SOARES JUNIOR;JUNINHO DA SAUDE;REPUBLICANOS;ELEITO;TSE (dados abertos)
41262;PADRE CARVALHO;MG;2025-2028;SAMIA FERES GOMES DE MEDEIROS;DRA SÂMIA;PL;ELEITO;TSE (dados abertos)
54097;URUCÂNIA;MG;2025-2028;SERGIO LUIZ DE ALBUQUERQUE;SERGINHO FURÃO;PP;ELEITO;TSE (dados abertos)
41793;BRUMADINHO;MG;2025-2028;GABRIEL AUGUSTO PARREIRAS;GABRIEL PARREIRAS;PRD;ELEITO;TSE (dados abertos)
46655;ITAOBIM;MG;2025-2028;FABIANO FERNANDES SILVA RIBEIRO;FABIANO FERNANDES;REPUBLICANOS;ELEITO;TSE (dados abertos)
47171;JESUÂNIA;MG;2025-2028;LUIZ FERNANDO NORONHA PEREIRA;TORINHO;PP;ELEITO;TSE (dados abertos)
40584;PONTO DOS VOLANTES;MG;2025-2028;CÂNDIDO FERRAZ ALVES;CÂNDIDO FERRAZ;PSDB;ELEITO;TSE (dados abertos)
52175;SÃO BRÁS DO SUAÇUÍ;MG;2025-2028;GERALDINO PACHECO DE OLIVEIRA FILHO;DUGUINHO;REPUBLICANOS;ELEITO;TSE (dados abertos)
52779;SÃO PEDRO DA UNIÃO;MG;2025-2028;RONALDO APARECIDO DIAS;RONALDO TIJOLO;PSDB;ELEITO;TSE (dados abertos)
41378;BICAS;MG;2025-2028;HELBER MARQUES CORREA;DELEGADO FEDERAL HELBER;PSB;ELEITO;TSE (dados abertos)
44555;DOM VIÇOSO;MG;2025-2028;FRANCISCO DIVINO GOMES CAMARGO;CHICO DA DINA;PRD;ELEITO;TSE (dados abertos)
45870;IBERTIOGA;MG;2025-2028;JOSE FRANCISCO RODRIGUES DE ALMEIDA;JUQUINHA;UNIÃO;ELEITO;TSE (dados abertos)
46310;IRAÍ DE MINAS;MG;2025-2028;CLEITON GOMES DA CRUZ;CLEITINHO;REPUBLICANOS;ELEITO;TSE (dados abertos)
46795;ITINGA;MG;2025-2028;JOÃO BOSCO VERSIANI GUSMÃO CORDEIRO;BOSQUINHO;PSD;ELEITO;TSE (dados abertos)
40509;NOVO ORIENTE DE MINAS;MG;2025-2028;NORMANDES DA COSTA JARDIM;NORMANDES JARDIM;REPUBLICANOS;ELEITO;TSE (dados abertos)
44830;ESPERA FELIZ;MG;2025-2028;OZIEL GOMES DA SILVA;OZIEL GOMES;PP;ELEITO;TSE (dados abertos)
45675;GUARANI;MG;2025-2028;EMERSON PATRICK VIEIRA;PROFESSOR EMERSON PATRICK;REPUBLICANOS;ELEITO;TSE (dados abertos)
46876;ITURAMA;MG;2025-2028;JOSE HERCULANO PEREIRA DOS SANTOS;DR HERCULANO;REPUBLICANOS;ELEITO;TSE (dados abertos)
49956;PERDIZES;MG;2025-2028;FERNANDO MARANGONI;FERNANDINHO;PSD;ELEITO;TSE (dados abertos)
51012;RIO DO PRADO;MG;2025-2028;ADIMILSON ANTUNES DE ALMEIDA;MISSIM;PSB;ELEITO;TSE (dados abertos)
51195;RIO VERMELHO;MG;2025-2028;MARCUS VINICIUS DAYRELL DE OLIVEIRA;MARKÃO;PSD;ELEITO;TSE (dados abertos)
51330;SABARÁ;MG;2025-2028;RODOLFO TADEU DA SILVA;SARGENTO RODOLFO;REPUBLICANOS;ELEITO;TSE (dados abertos)
52892;SÃO SEBASTIÃO DO MARANHÃO;MG;2025-2028;SABRINA MESQUITA LIMA;SABRINA MESQUITA;MOBILIZA;ELEITO;TSE (dados abertos)
41157;TRÊS MARIAS;MG;2025-2028;DANILO BARBOSA REZENDE;DR DANILO;REPUBLICANOS;ELEITO;TSE (dados abertos)
50032;PIEDADE DE PONTE NOVA;MG;2025-2028;GERALDO NOBRE NETO;GERALDINHO DO POSTO;PDT;ELEITO;TSE (dados abertos)
51551;SANTA LUZIA;MG;2025-2028;PAULO HENRIQUE PAULINO E SILVA;PAULO BIGODINHO;AVANTE;ELEITO;TSE (dados abertos)
52574;SÃO JOÃO NEPOMUCENO;MG;2025-2028;ANTONIO JOSE DA COSTA;TONY CALEGARO;PRD;ELEITO;TSE (dados abertos)
40916;ASTOLFO DUTRA;MG;2025-2028;WESLEY CORDEIRO DE SOUZA;WESLEY BACALHAU;PSD;ELEITO;TSE (dados abertos)
42013;CAIANA;MG;2025-2028;VINICIUS BARROSO ARAUJO;VINICIUS ARAUJO;UNIÃO;ELEITO;TSE (dados abertos)
45918;IBIAÍ;MG;2025-2028;MAURINA FONSECA MOTA DE MATOS;DRA MAURINA;MDB;ELEITO;TSE (dados abertos)
47198;JOAÍMA;MG;2025-2028;ABINALDO OLIVEIRA BOTELHO;BINA;SOLIDARIEDADE;ELEITO;TSE (dados abertos)
41203;OLHOS D'ÁGUA;MG;2025-2028;RODRIGO VIEIRA DE MATOS;RODRIGO DO RIBEIRÃO;REPUBLICANOS;ELEITO;TSE (dados abertos)
51837;SANTA RITA DE CALDAS;MG;2025-2028;EDVAN LOPES;EDVAN LOPES;PL;ELEITO;TSE (dados abertos)
52116;SANTO HIPÓLITO;MG;2025-2028;HELIOMAR ROCHA TEIXEIRA;DARIO;PRD;ELEITO;TSE (dados abertos)
54437;VOLTA GRANDE;MG;2025-2028;IVAN SOARES PULLIG;IVAN DA BORRACHARIA;PRD;ELEITO;TSE (dados abertos)
52094;SANTO ANTÔNIO DO RIO ABAIXO;MG;2025-2028;ALEXANDRE RODRIGUES DE SOUZA;ALEXANDRE RODRIGUES;PRD;ELEITO;TSE (dados abertos)
40827;SEM PEIXE;MG;2025-2028;EDER ELÓI ALVES PENA;EDER DE TIQUIM;PSD;ELEITO;TSE (dados abertos)
42455;CAPELINHA;MG;2025-2028;JONAS BARREIROS DOS SANTOS;JONAS BARREIROS;UNIÃO;ELEITO;TSE (dados abertos)
43257;CIPOTÂNEA;MG;2025-2028;ROBERTO HENRIQUES DE OLIVEIRA;ROBERTINHO;PP;ELEITO;TSE (dados abertos)
49751;PEDRA DO ANTA;MG;2025-2028;EDUARDO JOSE VIANA;EDUARDO VIANA;PL;ELEITO;TSE (dados abertos)
44776;ENTRE RIOS DE MINAS;MG;2025-2028;THIAGO ITAMAR SANTOS VILLAÇA;THIAGO ITAMAR TED;AVANTE;ELEITO;TSE (dados abertos)
46434;ITAGUARA;MG;2025-2028;LUAN BRENNER GONÇALVES DE MORAIS;LUAN;PL;ELEITO;TSE (dados abertos)
50130;PIRAJUBA;MG;2025-2028;AIRTON ALVES;GAUCHINHO;PSD;ELEITO;TSE (dados abertos)
41815;BUENO BRANDÃO;MG;2025-2028;LOURIVAL CAVINI JÚNIOR;JUNINHO CAVINI;UNIÃO;ELEITO;TSE (dados abertos)
51276;ROMARIA;MG;2025-2028;VALDEMAR RESENDE FILHO;PROFESSOR JUNINHO;MOBILIZA;ELEITO;TSE (dados abertos)
40002;ALFREDO VASCONCELOS;MG;2025-2028;AMARÍLIO ANTÔNIO FERREIRA;NENEM FLÁVIO;PSD;ELEITO;TSE (dados abertos)
44814;ESMERALDAS;MG;2025-2028;MARCELO NONATO FIGUEIREDO;MARCELO NONATO;SOLIDARIEDADE;ELEITO;TSE (dados abertos)
45136;FELIXLÂNDIA;MG;2025-2028;CONCEIÇÃO DE FÁTIMA BERNADINO LEITE;CONCEIÇÃO BERNADINO;PODE;ELEITO;TSE (dados abertos)
41440;SANTA BÁRBARA DO MONTE VERDE;MG;2025-2028;SYLVIO SILVEIRA MARTINS JÚNIOR;DR SYLVINHO;PP;ELEITO;TSE (dados abertos)
51977;SANTO ANTÔNIO DO AMPARO;MG;2025-2028;CARLOS HENRIQUE AVELAR;CAIQUE;PODE;ELEITO;TSE (dados abertos)
53350;SERRA DO SALITRE;MG;2025-2028;IZAEL ALVES SILVA;IZAEL DA AUTO ELETRICA;PODE;ELEITO;TSE (dados abertos)
40177;ÁGUAS FORMOSAS;MG;2025-2028;CARLOS SOUZA;CARLINHOS;NOVO;ELEITO;TSE (dados abertos)
52353;SÃO GONÇALO DO PARÁ;MG;2025-2028;OSVALDO DE SOUZA MAIA;ZAQUINHA;AGIR;ELEITO;TSE (dados abertos)
54054;UMBURATIBA;MG;2025-2028;JOÃO BATISTA SILVA OLIVEIRA;JOÃO DE DIDÍ;PT;ELEITO;TSE (dados abertos)
44571;DONA EUSÉBIA;MG;2025-2028;ADEILTON PASCOALINE MAGALHÃES;ADEILTON MAGALHÃES;MDB;ELEITO;TSE (dados abertos)
45179;FERROS;MG;2025-2028;CARLOS ELISIO DE OLIVEIRA;PROFESSOR CARLINHOS;MDB;ELEITO;TSE (dados abertos)
46116;INCONFIDENTES;MG;2025-2028;CLAUDINEI TUNES PEREIRA;TESTA;REPUBLICANOS;ELEITO;TSE (dados abertos)
50172;PIRANGUÇU;MG;2025-2028;ANILSO LELIO DA SILVA;NILSO DO CORNÉLIO;PP;ELEITO;TSE (dados abertos)
45276;FORTUNA DE MINAS;MG;2025-2028;CLAUDIO GARCIA MACIEL;CLAUDIO DE NICOTE;MDB;ELEITO;TSE (dados abertos)
41238;BELO HORIZONTE;MG;2025-2028;FUAD JORGE NOMAN FILHO;FUAD NOMAN;PSD;ELEITO;TSE (dados abertos)
42110;CAMBUÍ;MG;2025-2028;CINTHIA SANCHES SILVA PEREIRA;CINTHIA PEREIRA;NOVO;ELEITO;TSE (dados abertos)
43117;CEDRO DO ABAETÉ;MG;2025-2028;JOSÉ ROSA FILHO;JUCA;MDB;ELEITO;TSE (dados abertos)
47295;JORDÂNIA;MG;2025-2028;MAXUEL BONFIM TORRES;MAX;REPUBLICANOS;ELEITO;TSE (dados abertos)
50156;PIRANGA;MG;2025-2028;LUIS HELVÉCIO SILVA ARAÚJO;LUISINHO;MOBILIZA;ELEITO;TSE (dados abertos)
52477;SÃO JOÃO DA PONTE;MG;2025-2028;FABIO LUIZ FERNANDES CORDEIRO;FABIO MADEIRA;AVANTE;ELEITO;TSE (dados abertos)
40495;AMPARO DO SERRA;MG;2025-2028;AILA MARTINS VIANA BARBOSA;AILA DA FARMÁCIA;AVANTE;ELEITO;TSE (dados abertos)
41742;BONITO DE MINAS;MG;2025-2028;MIQUEIAS MOTA FIGUEREDO;MIQUEIAS FIGUEREDO;REPUBLICANOS;ELEITO;TSE (dados abertos)
45772;GUIMARÂNIA;MG;2025-2028;ALEX GUIMARÃES NUNES;ALEX;UNIÃO;ELEITO;TSE (dados abertos)
48070;MARMELÓPOLIS;MG;2025-2028;RODRIGO JUNIOR RIBEIRO;RODRIGO;PSD;ELEITO;TSE (dados abertos)
41246;ORIZÂNIA;MG;2025-2028;JONIA LEITE FILHO;JONIA LEITE;PDT;ELEITO;TSE (dados abertos)
53074;SAPUCAÍ-MIRIM;MG;2025-2028;NILSON GONÇALVES TRINDADE;NILSINHO;UNIÃO;ELEITO;TSE (dados abertos)
41114;BARBACENA;MG;2025-2028;CARLOS AUGUSTO SOARES DO NASCIMENTO;CARLOS DU;PSD;ELEITO;TSE (dados abertos)
41556;BOM JESUS DO GALHO;MG;2025-2028;ANIBAL BORGES;PADRE ANIBAL;PT;ELEITO;TSE (dados abertos)
42358;CANÁPOLIS;MG;2025-2028;ENIVANDER ALVES DE MORAIS;ENIVANDER;PSD;ELEITO;TSE (dados abertos)
42471;CAPETINGA;MG;2025-2028;REGINALDO DE MENDONÇA;NARDO DO CALAU;CIDADANIA;ELEITO;TSE (dados abertos)
49050;NOVO CRUZEIRO;MG;2025-2028;VIVIANE BARBOSA PENA;VIVIANE;PSD;ELEITO;TSE (dados abertos)
49999;PESCADOR;MG;2025-2028;GERALDO ANASTACIO JARDIM;ANASTÁCIO JARDIM;REPUBLICANOS;ELEITO;TSE (dados abertos)
41386;PINTÓPOLIS;MG;2025-2028;ELTON CARLOS JOSE DE SOUZA;TINDA;PSD;ELEITO;TSE (dados abertos)
51390;SALINAS;MG;2025-2028;JOAQUIM NERES XAVIER DIAS;KINCA DIAS;PDT;ELEITO;TSE (dados abertos)
52531;SÃO JOÃO DO PARAÍSO;MG;2025-2028;SELMA MARIA MORAIS DOS SANTOS;SELMINHA;SOLIDARIEDADE;ELEITO;TSE (dados abertos)
54178;VARZELÂNDIA;MG;2025-2028;AMANCIO OLIVA NETO;AMÂNCIO OLIVA;PSB;ELEITO;TSE (dados abertos)
51373;SACRAMENTO;MG;2025-2028;OSMAR TREVISAN JÚNIOR;JUNINHO TREVISAN;PL;ELEITO;TSE (dados abertos)
53953;TURVOLÂNDIA;MG;2025-2028;JOSE NELSON MARTINS;ZE NELSINHO;MDB;ELEITO;TSE (dados abertos)
41866;CATUTI;MG;2025-2028;DELERMANDO DO NASCIMENTO FRANÇA;DELERMANDO FRANÇA;UNIÃO;ELEITO;TSE (dados abertos)
49395;PARACATU;MG;2025-2028;IGOR PEREIRA DOS SANTOS;IGOR SANTOS;UNIÃO;ELEITO;TSE (dados abertos)
50970;RIO CASCA;MG;2025-2028;RAIMUNDO ALBERTO GOMES;RAIMUNDO DA FARMACIA;PP;ELEITO;TSE (dados abertos)
50776;RAPOSOS;MG;2025-2028;GUILHERME HENRIQUE ALVES BITENCOURT;GUILHERME BITENCOURT;CIDADANIA;ELEITO;TSE (dados abertos)
43559;CONCEIÇÃO DOS OUROS;MG;2025-2028;LUIS FERNANDO ROSA DE CASTRO;LUIS FERNANDO;MDB;ELEITO;TSE (dados abertos)
51454;SANTA BÁRBARA DO TUGÚRIO;MG;2025-2028;JOSÉ ANTÔNIO ALVES DONATO;DONATINHO;PSD;ELEITO;TSE (dados abertos)
51411;SALTO DA DIVISA;MG;2025-2028;RONALDO ATHAYDE DA CUNHA PEIXOTO;RONALDO PEIXOTO;REPUBLICANOS;ELEITO;TSE (dados abertos)
41017;BAMBUÍ;MG;2025-2028;FIRMINO GERALDO DE OLIVEIRA JÚNIOR;FIRMINO JÚNIOR;PODE;ELEITO;TSE (dados abertos)
42129;GLAUCILÂNDIA;MG;2025-2028;HERIVELTO ALVES LUIZ;HERIVELTO ;PSD;ELEITO;TSE (dados abertos)
49859;PEDRO LEOPOLDO;MG;2025-2028;EMILIANO BRAGA DOS SANTOS;EMILIANO;PP;ELEITO;TSE (dados abertos)
52272;SÃO FRANCISCO DO GLÓRIA;MG;2025-2028;INACIO DOLIZETE RICARDO;INÁCIO RICARDO;PT;ELEITO;TSE (dados abertos)
40045;BRASILÂNDIA DE MINAS;MG;2025-2028;OSEIAS CARDOSO QUEIROZ;OSEIAS ENFERMEIRO;SOLIDARIEDADE;ELEITO;TSE (dados abertos)
47430;LAGOA DA PRATA;MG;2025-2028;DI GIANNE DE OLIVEIRA NUNES;DI GIANNE PROFESSOR;REPUBLICANOS;ELEITO;TSE (dados abertos)
49778;PEDRA DO INDAIÁ;MG;2025-2028;MATEUS MARCIANO DOS SANTOS;MATEUS;PSD;ELEITO;TSE (dados abertos)
54151;VÁRZEA DA PALMA;MG;2025-2028;RODRIGO AGUIAR DALLA BERNARDINA;RODRIGO DALLA;PODE;ELEITO;TSE (dados abertos)
52590;SÃO JOSÉ DA SAFIRA;MG;2025-2028;WILLIS APARECIDO ALVES;CURISCO;PSDB;ELEITO;TSE (dados abertos)
42439;CAPELA NOVA;MG;2025-2028;CHARLES LOPES MOREIRA;CHARLES LOPES MOREIRA;REPUBLICANOS;ELEITO;TSE (dados abertos)
44318;DIAMANTINA;MG;2025-2028;GEFERSON GIORDANI BURGARELLI;PAQUITO;MDB;ELEITO;TSE (dados abertos)
45110;FELISBURGO;MG;2025-2028;IDEUVAN DE SOUZA AVELAR;IDEUVAN AVELAR;PSDB;ELEITO;TSE (dados abertos)
42080;FRUTA DE LEITE;MG;2025-2028;NIXON MARLON GONÇALVES DAS NEVES;MARLON;AVANTE;ELEITO;TSE (dados abertos)
46078;IJACI;MG;2025-2028;NELSON MESQUITA GALVINO;NELSINHO;PSD;ELEITO;TSE (dados abertos)
42528;VERDELÂNDIA;MG;2025-2028;WILTON LEITE MADUREIRA;WILTON MADUREIRA;PT;ELEITO;TSE (dados abertos)
43958;CÓRREGO DANTA;MG;2025-2028;EDNEI MARTINS DE MATOS;EDNEI;AVANTE;ELEITO;TSE (dados abertos)
44253;DESCOBERTO;MG;2025-2028;LUIS FERNANDO DE OLIVEIRA;FERNANDINHO;PDT;ELEITO;TSE (dados abertos)
42404;SETUBINHA;MG;2025-2028;VALDETE ALECRIM COELHO;NECO ALECRIM;MOBILIZA;ELEITO;TSE (dados abertos)
45217;FORMIGA;MG;2025-2028;LAERCIO DOS REIS GOMES;CORONEL LAÉRCIO;PL;ELEITO;TSE (dados abertos)
46957;JACUÍ;MG;2025-2028;MARIA CONCEICAO DOS REIS PEREIRA;DI PROFESSORA;PSD;ELEITO;TSE (dados abertos)
47830;MALACACHETA;MG;2025-2028;HERMES ADALTO GOMES DA CUNHA;LEI DE FRANCINO;CIDADANIA;ELEITO;TSE (dados abertos)
53112;SENADOR CORTES;MG;2025-2028;JOAO LUCIO DUTRA FERREIRA;JOAO LUCIO;PSD;ELEITO;TSE (dados abertos)
43672;CONSELHEIRO PENA;MG;2025-2028;NÁDIA FILOMENA DUTRA FRANÇA;TIA NÁDIA;PMB;ELEITO;TSE (dados abertos)
40223;FRANCISCÓPOLIS;MG;2025-2028;NILTON DOS SANTOS COIMBRA;NEM DOS SANTOS;PDT;ELEITO;TSE (dados abertos)
41041;MARTINS SOARES;MG;2025-2028;PAULO SERGIO PEREIRA;SERGINHO JORDAO;PSDB;ELEITO;TSE (dados abertos)
49875;PEDRO TEIXEIRA;MG;2025-2028;REINALDO MANOEL DE OLIVEIRA;REINALDO;PP;ELEITO;TSE (dados abertos)
41033;BANDEIRA;MG;2025-2028;SIDNEI ALVES DOS SANTOS;SIDNEI;REPUBLICANOS;ELEITO;TSE (dados abertos)
44539;DOM SILVÉRIO;MG;2025-2028;JOSÉ BRÁULIO ALEIXO;ZÉ BRÁULIO;UNIÃO;ELEITO;TSE (dados abertos)
48011;MARILAC;MG;2025-2028;ALDO FRANÇA SOUTO;ALDO FRANÇA;PSDB;ELEITO;TSE (dados abertos)
50571;PRATÁPOLIS;MG;2025-2028;EVERILSON CLEBER LEITE;EVERILSON;PL;ELEITO;TSE (dados abertos)
45756;GUIDOVAL;MG;2025-2028;LUCIANA RODRIGUES PALMEIRA;LUCIANA;PSD;ELEITO;TSE (dados abertos)
46396;ITACAMBIRA;MG;2025-2028;GERALDO MOISÉS DE SOUZA;MOISÉS DE VICENTAO;PSB;ELEITO;TSE (dados abertos)
40819;ARCEBURGO;MG;2025-2028;MARGARETH OLIVEIRA ANACLETO;MARGARETH ANACLETO;PL;ELEITO;TSE (dados abertos)
40932;ATALÉIA;MG;2025-2028;GILSON BOTELHO BASTOS;GILSON BOTELHO GILSINHO;SOLIDARIEDADE;ELEITO;TSE (dados abertos)
41351;BIAS FORTES;MG;2025-2028;PAULO AFONSO DE ALMEIDA;PAULINHO DA VARZEA;REPUBLICANOS;ELEITO;TSE (dados abertos)
53198;SENHORA DE OLIVEIRA;MG;2025-2028;RICARDO SILVINO RODRIGUES MILAGRES;RICARDO;PL;ELEITO;TSE (dados abertos)
41653;BORDA DA MATA;MG;2025-2028;TATIANA PIRES PEREIRA;TATI COBRA;UNIÃO;ELEITO;TSE (dados abertos)
42099;CAMANDUCAIA;MG;2025-2028;RODRIGO ALVES DE OLIVEIRA;RODRIGÃO;MDB;ELEITO;TSE (dados abertos)
43230;CHIADOR;MG;2025-2028;ITIBERE RODRIGUES DOS SANTOS;ITIBERE;PSDB;ELEITO;TSE (dados abertos)
41289;PAI PEDRO;MG;2025-2028;JOAQUIM RODRIGUES JÚNIOR;JUNIOR DO SACOLÃO;PP;ELEITO;TSE (dados abertos)
51950;SANTA VITÓRIA;MG;2025-2028;SERGIO MOREIRA DE OLIVEIRA JUNIOR;DR SERGIO;SOLIDARIEDADE;ELEITO;TSE (dados abertos)
53554;SOLEDADE DE MINAS;MG;2025-2028;LÚCIO ANTÔNIO ALVES;LÚCIO;PODE;ELEITO;TSE (dados abertos)
46892;ITUTINGA;MG;2025-2028;RODINELI ANTONIO DO NASCIMENTO;ROD DA LAN HOUSE;PSB;ELEITO;TSE (dados abertos)
47775;MACHACALIS;MG;2025-2028;GILSON LUCAS ARAUJO SILVA;LUCAS DA FARMÁCIA;PV;ELEITO;TSE (dados abertos)
49832;PEDRINÓPOLIS;MG;2025-2028;RAFAEL FERREIRA SILVA;RAFAEL;PSD;ELEITO;TSE (dados abertos)
50997;RIO DOCE;MG;2025-2028;SILVÉRIO JOAQUIM APARECIDO DA LUZ;SILVÉRIO;PT;ELEITO;TSE (dados abertos)
41130;BARRA LONGA;MG;2025-2028;ELSON APARECIDO DE OLIVEIRA;ELSON MAGNATA;PP;ELEITO;TSE (dados abertos)
41599;BOM SUCESSO;MG;2025-2028;LUIZ CLÁUDIO DA MATA;GATÃO;PL;ELEITO;TSE (dados abertos)
42919;CARRANCAS;MG;2025-2028;HELY ANDRADE ALVES;HELY ANDRADE ALVES;MDB;ELEITO;TSE (dados abertos)
43052;CATAGUASES;MG;2025-2028;JOSE INÁCIO PEIXOTO PARREIRAS HENRIQUES;JOSÉ HENRIQUES;MDB;ELEITO;TSE (dados abertos)
50091;PIMENTA;MG;2025-2028;GEOVANIO GUALBERTO MACEDO;GEOVANIO ;PSD;ELEITO;TSE (dados abertos)
41467;SANTA CRUZ DE MINAS;MG;2025-2028;WAGNER DE ALMEIDA;WAGNER DO DIDICO;PRD;ELEITO;TSE (dados abertos)
53430;SETE LAGOAS;MG;2025-2028;JEFERSON DOUGLAS SOARES ESTANISLAU;DOUGLAS MELO;PSD;ELEITO;TSE (dados abertos)
50695;ALTO JEQUITIBÁ;MG;2025-2028;DANIEL GUIMARÃES SATHLER;DANIEL;REPUBLICANOS;ELEITO;TSE (dados abertos)
43079;CATAS ALTAS DA NORUEGA;MG;2025-2028;PAULO LADISLAU BATISTA;PAULINHO TIAGO;MOBILIZA;ELEITO;TSE (dados abertos)
45411;FRUTAL;MG;2025-2028;BRUNO AUGUSTO DE JESUS FERREIRA;BRUNO AUGUSTO;REPUBLICANOS;ELEITO;TSE (dados abertos)
47996;MARIANA;MG;2025-2028;JULIANO VASCONCELOS GONÇALVES;JULIANO DUARTE;PSB;ELEITO;TSE (dados abertos)
49670;PAULISTAS;MG;2025-2028;ARNALDO SOARES PASCOAL;NEM DE NENÉ;AVANTE;ELEITO;TSE (dados abertos)
53970;UBÁ;MG;2025-2028;JOSE DAMATO NETO;PROFESSOR JOSE DAMATO;PSD;ELEITO;TSE (dados abertos)
45250;FORTALEZA DE MINAS;MG;2025-2028;MARCIO DOMINGUES DE ANDRADE;MARCINHO;PDT;ELEITO;TSE (dados abertos)
46035;IGARATINGA;MG;2025-2028;FABIO ALVES COSTA FONSECA;FABIO ALVES;AVANTE;ELEITO;TSE (dados abertos)
44873;ESPÍRITO SANTO DO DOURADO;MG;2025-2028;HÉRICA ALVARENGA;HÉRICA KIKA;PSD;ELEITO;TSE (dados abertos)
47813;MADRE DE DEUS DE MINAS;MG;2025-2028;OSMAR DE OLIVEIRA;OSMAR;PRD;ELEITO;TSE (dados abertos)
53236;SENHORA DOS REMÉDIOS;MG;2025-2028;GILBERTO DO NASCIMENTO;GILBERTO DO MIRANTE;PL;ELEITO;TSE (dados abertos)
40878;ARGIRITA;MG;2025-2028;VICTOR MIRANDA CORTACIO SIMAS;VICTOR SIMAS;REPUBLICANOS;ELEITO;TSE (dados abertos)
43850;COROMANDEL;MG;2025-2028;FERNANDO BRENO VALADARES VIEIRA;FERNANDO BRENO;PRD;ELEITO;TSE (dados abertos)
42307;JOSÉ GONÇALVES DE MINAS;MG;2025-2028;MARIA GOMES MOTOSO ROCHA;DONA LIA;SOLIDARIEDADE;ELEITO;TSE (dados abertos)
43010;CÁSSIA;MG;2025-2028;DONIZETE VILELA;NEGRINHO;CIDADANIA;ELEITO;TSE (dados abertos)
44270;DESTERRO DE ENTRE RIOS;MG;2025-2028;WAGNO ALMEIDA DUARTE;WAGUINHO DUARTE;PRD;ELEITO;TSE (dados abertos)
49573;PASSOS;MG;2025-2028;DIEGO RODRIGO DE OLIVEIRA;DIEGO OLIVEIRA;PSD;ELEITO;TSE (dados abertos)
40622;ROSÁRIO DA LIMEIRA;MG;2025-2028;CRISTOVAM GONZAGA DA LUZ;CRISTOVAM;PDT;ELEITO;TSE (dados abertos)
41548;SÃO DOMINGOS DAS DORES;MG;2025-2028;SUELY PEREIRA DE SOUZA;SUELY PEREIRA;PP;ELEITO;TSE (dados abertos)
52434;SÃO JOÃO BATISTA DO GLÓRIA;MG;2025-2028;EDER APARECIDO DE PAULA GARCIA;EDER PARABOLICA;SOLIDARIEDADE;ELEITO;TSE (dados abertos)
42587;TOCOS DO MOJI;MG;2025-2028;JOSE MARIA CANTUARIA;ZÉ MARIA CANTUÁRIA;UNIÃO;ELEITO;TSE (dados abertos)
41211;BELMIRO BRAGA;MG;2025-2028;JOSÉ PAULO DE OLIVEIRA FRANCO;ZÉ PAULO;PSD;ELEITO;TSE (dados abertos)
52930;SÃO SEBASTIÃO DO PARAÍSO;MG;2025-2028;MARCELO DE MORAIS;MARCELO MORAIS;PSD;ELEITO;TSE (dados abertos)
41092;BARÃO DE MONTE ALTO;MG;2025-2028;SELMAR LUIS DO VALLE;SELMAR;MOBILIZA;ELEITO;TSE (dados abertos)
41785;CABECEIRA GRANDE;MG;2025-2028;ELBER DE OLIVEIRA SILVA;ELBER OLIVEIRA;PSDB;ELEITO;TSE (dados abertos)
48615;MONTE CARMELO;MG;2025-2028;RICARDO FERREIRA;RICARDO ENGENHEIRO;PSD;ELEITO;TSE (dados abertos)
41564;SÃO FÉLIX DE MINAS;MG;2025-2028;MARCOS ALEXANDRE GONÇALVES SORDINE;MARCOS ALEXANDRE;PRD;ELEITO;TSE (dados abertos)
41858;BURITIS;MG;2025-2028;RUFINO CLOVIS FOLADOR;RUFINO FOLADOR;PL;ELEITO;TSE (dados abertos)
42412;CAPARAÓ;MG;2025-2028;DIOGENIS DA SILVA MIRANDA;DIÓGENIS MIRANDA;MDB;ELEITO;TSE (dados abertos)
50610;PRESIDENTE BERNARDES;MG;2025-2028;JAZON HAROLDO SILVA ALMEIDA;DR JAZON;REPUBLICANOS;ELEITO;TSE (dados abertos)
40924;JOSENÓPOLIS;MG;2025-2028;DANIEL PATRICK RIBEIRO QUEIROZ;DANIEL;REPUBLICANOS;ELEITO;TSE (dados abertos)
47317;NOVA UNIÃO;MG;2025-2028;WALDIR JOSE DOS SANTOS;WALDIR CAETANO;PSD;ELEITO;TSE (dados abertos)
44032;CRISTAIS;MG;2025-2028;CELIO ELIAS PIRES;CELINHO DO DIVINO ELIAS;PSDB;ELEITO;TSE (dados abertos)
41025;MÁRIO CAMPOS;MG;2025-2028;ANDRESA APARECIDA ROCHA RODRIGUES;PROFESSORA ANDRESA;PSB;ELEITO;TSE (dados abertos)
50458;PORTO FIRME;MG;2025-2028;RENATO SANTANA SARAIVA;RENATO SESSETE;AVANTE;ELEITO;TSE (dados abertos)
42196;CAMPESTRE;MG;2025-2028;ELIANA MARIA MUNIZ;ELIANA MUNIZ IRMÂ DO ZETINHO;UNIÃO;ELEITO;TSE (dados abertos)
47554;LAMBARI;MG;2025-2028;LEONARDO FRAMIL LOBO SANTOS;LEONARDO FRAMIL;UNIÃO;ELEITO;TSE (dados abertos)
43516;CONCEIÇÃO DO PARÁ;MG;2025-2028;WESLEY MOREIRA LIMA;WESLEY PITT;REPUBLICANOS;ELEITO;TSE (dados abertos)
51632;SANTA MARIA DO SUAÇUÍ;MG;2025-2028;ELIAS SILVEIRA GODINHO;ELIAS GODINHO;UNIÃO;ELEITO;TSE (dados abertos)
52310;SÃO GERALDO DA PIEDADE;MG;2025-2028;OZANAM OLIVEIRA DE FARIAS;OZANAM FARIAS;MDB;ELEITO;TSE (dados abertos)
41696;BOTUMIRIM;MG;2025-2028;EDER LEANDRO LIMA RIOS;EDER RIOS;PP;ELEITO;TSE (dados abertos)
42072;CAMACHO;MG;2025-2028;JOÃO PAULO LAMOUNIER;JOÃO PAULO DA OFICINA;PP;ELEITO;TSE (dados abertos)
53139;SENADOR FIRMINO;MG;2025-2028;GUSTAVO DE CASTRO FERNANDES;GUSTAVO DO GAMBÁ;PP;ELEITO;TSE (dados abertos)
44113;CRUCILÂNDIA;MG;2025-2028;ELIZANGELA CRISTINA LARA DINIZ;ELIZANGELA;SOLIDARIEDADE;ELEITO;TSE (dados abertos)
46272;IPIAÇU;MG;2025-2028;RAFAEL EVANGELISTA CAPANEMA;RAFAEL CAPANEMA;MDB;ELEITO;TSE (dados abertos)
47414;LAGAMAR;MG;2025-2028;JOSE ALVES FILHO;ZICO ;MOBILIZA;ELEITO;TSE (dados abertos)
47899;MANHUMIRIM;MG;2025-2028;SERGIO BOREL CORREA;SERGINHO BOREL;REPUBLICANOS;ELEITO;TSE (dados abertos)
53996;UBAÍ;MG;2025-2028;FARLEY VIEIRA RIBEIRO;FARLEY VIEIRA;PRD;ELEITO;TSE (dados abertos)
52019;SANTO ANTÔNIO DO GRAMA;MG;2025-2028;MARCO AURÉLIO RAMINHO;DR MARCO;PDT;ELEITO;TSE (dados abertos)
45330;FRANCISCO SÁ;MG;2025-2028;ALINI FERNANDA BICALHO NORONHA;ALINI BICALHO;PT;ELEITO;TSE (dados abertos)
41335;BETIM;MG;2025-2028;HERON DOMINGUES GUIMARAES;HERON GUIMARAES;UNIÃO;ELEITO;TSE (dados abertos)
43630;CONQUISTA;MG;2025-2028;BRÁULIO QUEIROGA DE MOURA FILHO;BRAULINHO;MDB;ELEITO;TSE (dados abertos)
40126;DIVISA ALEGRE;MG;2025-2028;ADEMIR ALVES;DEMIR DA LOJA;PP;ELEITO;TSE (dados abertos)
48836;NACIP RAYDAN;MG;2025-2028;GEREMIAS CANDIDO DE SOUSA;GERE DO DUNGA;PP;ELEITO;TSE (dados abertos)
43311;CLÁUDIO;MG;2025-2028;JOSÉ RODRIGUES BARROSO DE ARAÚJO;ZEZINHO ;MDB;ELEITO;TSE (dados abertos)
41980;CUPARAQUE;MG;2025-2028;ROGERIO VICENTE MENDES;ROGERIO MENDES;REPUBLICANOS;ELEITO;TSE (dados abertos)
54356;VIRGÍNIA;MG;2025-2028;BRUNO RIBEIRO NEGREIROS;BRUNO DO AÇOUGUE;PSD;ELEITO;TSE (dados abertos)
41416;BOA ESPERANÇA;MG;2025-2028;AROLDO ROSA DE MEDEIROS JUNIOR;AROLDO MEDEIROS;AVANTE;ELEITO;TSE (dados abertos)
42650;CARANGOLA;MG;2025-2028;SILAS VIEIRA;SILAS VIEIRA;PSD;ELEITO;TSE (dados abertos)
49450;PARAISÓPOLIS;MG;2025-2028;EVERTON DE ASSIS FERREIRA;EVERTON DE ASSIS;REPUBLICANOS;ELEITO;TSE (dados abertos)
40193;ÁGUAS VERMELHAS;MG;2025-2028;NILSON FRANCISCO CAMPOS;NILSON CAMPOS;AVANTE;ELEITO;TSE (dados abertos)
51039;RIO ESPERA;MG;2025-2028;MÁRCIO DE MIRANDA ASSIS;MÁRCIO MIRANDA;MDB;ELEITO;TSE (dados abertos)
47350;JURAMENTO;MG;2025-2028;MARLENE DE LOURDES SILVEIRA MOREIRA;MARLENE DE VENÂNCIO;UNIÃO;ELEITO;TSE (dados abertos)
41068;MIRAVÂNIA;MG;2025-2028;ELZIO MOTA DOURADO;ELZIO MOTA;PP;ELEITO;TSE (dados abertos)
50512;POUSO ALTO;MG;2025-2028;RAULYSSON MAGELLA MANCILHA JÚNIOR;JUN;PSB;ELEITO;TSE (dados abertos)
41670;BOTELHOS;MG;2025-2028;FELIPE EDUARDO BEGALLI;FELIPE BEGALLI;PSD;ELEITO;TSE (dados abertos)
41718;BRASÍLIA DE MINAS;MG;2025-2028;MARCUS VINICIUS FERREIRA CARVALHO;DR. MARCUS VINICIUS;UNIÃO;ELEITO;TSE (dados abertos)
41149;NOVA BELÉM;MG;2025-2028;VALDECI DORNELAS;VALDECI DORNELAS;PSD;ELEITO;TSE (dados abertos)
51918;SANTA RITA DO SAPUCAÍ;MG;2025-2028;LEANDRO HENRIQUE MENDES;LEANDRO MENDES;UNIÃO;ELEITO;TSE (dados abertos)
41483;SANTA CRUZ DE SALINAS;MG;2025-2028;JOSÉ SARAIVA GOMES;ZÉ DE BILÉ;UNIÃO;ELEITO;TSE (dados abertos)
51497;SANTA EFIGÊNIA DE MINAS;MG;2025-2028;CLEIDINY DOS SANTOS;CLEIDINY DA SAÚDE;MDB;ELEITO;TSE (dados abertos)
40215;AIMORÉS;MG;2025-2028;ADRIANO GARCIA;ADRIANO GARCIA;PL;ELEITO;TSE (dados abertos)
49271;PAINEIRAS;MG;2025-2028;OSMAN DE CASTRO MENEZES;OSMAN MACHADO;AVANTE;ELEITO;TSE (dados abertos)
49913;PEQUI;MG;2025-2028;ANDRE LUIZ MELGAÇO TAVARES;DR ANDRE;AVANTE;ELEITO;TSE (dados abertos)
41360;PINGO D'ÁGUA;MG;2025-2028;ARTUR CARLOS DA SILVA;ARTUR MARQUIOLE;MDB;ELEITO;TSE (dados abertos)
43710;CONTAGEM;MG;2025-2028;MARILIA APARECIDA CAMPOS;MARÍLIA;PT;ELEITO;TSE (dados abertos)
47716;LIMA DUARTE;MG;2025-2028;ELENICE PEREIRA DELGADO SANTELLI;ELENICE DELGADO;PT;ELEITO;TSE (dados abertos)
47953;MAR DE ESPANHA;MG;2025-2028;WELINGTON MARCOS RODRIGUES;WELINGTON RODRIGUES;PSDB;ELEITO;TSE (dados abertos)
51659;SANTANA DA VARGEM;MG;2025-2028;ARGEMIRO RODRIGUES GALVÃO;ARGEMIRO GALVÃO;PSD;ELEITO;TSE (dados abertos)
50059;PIEDADE DO RIO GRANDE;MG;2025-2028;DANIELLE MARTINS;DANIELLE MARTINS;PRD;ELEITO;TSE (dados abertos)
41637;BONFINÓPOLIS DE MINAS;MG;2025-2028;MANOEL DA COSTA LIMA;MANOEL DO LIMA;SOLIDARIEDADE;ELEITO;TSE (dados abertos)
42153;CAMPANÁRIO;MG;2025-2028;FAUSTO DUARTE;FAUSTO DUARTE;REPUBLICANOS;ELEITO;TSE (dados abertos)
42218;CAMPINA VERDE;MG;2025-2028;HELDER PAULO CARNEIRO;DR HELDER;SOLIDARIEDADE;ELEITO;TSE (dados abertos)
41963;CRISÓLITA;MG;2025-2028;RONALDO COSTA FARIAS;RONALDO COSTA;PT;ELEITO;TSE (dados abertos)
46370;ITABIRITO;MG;2025-2028;ELIO DA MATA SANTOS;DR. ELIO DA MATA;CIDADANIA;ELEITO;TSE (dados abertos)
42340;SÃO SEBASTIÃO DA VARGEM ALEGRE;MG;2025-2028;ARCEDINO JOSE DE ALMEIDA;DIDI ALMEIDA;UNIÃO;ELEITO;TSE (dados abertos)
42498;CAPIM BRANCO;MG;2025-2028;ELVIS PRESLEY MOREIRA GONÇALVES;ELVIS PRESLEY;PSD;ELEITO;TSE (dados abertos)
43150;CENTRALINA;MG;2025-2028;OSCAR LUIS FELDNER DE BARROS ARAUJO CUNHA;DR OSCAR;PSD;ELEITO;TSE (dados abertos)
49719;PEÇANHA;MG;2025-2028;FABRICIO DAYRELL OLIVEIRA ALVARENGA;FABRICIO  ALVARENGA;PSB;ELEITO;TSE (dados abertos)
52655;SÃO JOSÉ DO DIVINO;MG;2025-2028;GERALDO GUEDES RODRIGUES;GEKA;REPUBLICANOS;ELEITO;TSE (dados abertos)
54119;VARGEM BONITA;MG;2025-2028;JOSE GARCIA DE FARIA;GARCIA;PSDB;ELEITO;TSE (dados abertos)
40630;ARAÇAÍ;MG;2025-2028;MARCIO GONZAGA DIAS DE OLIVEIRA;KALU;UNIÃO;ELEITO;TSE (dados abertos)
44695;DOURADOQUARA;MG;2025-2028;FLAVIO RESENDE DE SOUSA;FLAVIO MARRECO;PSB;ELEITO;TSE (dados abertos)
45055;FARIA LEMOS;MG;2025-2028;GILBERTO DAMAS DE SOUSA;GIL DAMAS;MDB;ELEITO;TSE (dados abertos)
51152;RIO POMBA;MG;2025-2028;FERNANDO ANTONIO DUTRA MACEDO;DR FERNANDO;MDB;ELEITO;TSE (dados abertos)
40843;SENADOR AMARAL;MG;2025-2028;DANIEL FRANCO DA SILVEIRA;DANIEL FRANCO;MDB;ELEITO;TSE (dados abertos)
40231;AIURUOCA;MG;2025-2028;ERLISSON VITOR LOPES;ERLISSON DO CARLINHOS;PSD;ELEITO;TSE (dados abertos)
40290;ALÉM PARAÍBA;MG;2025-2028;PAULO HENRIQUE MARINHO GOLDSTEIN;DR PAULO;PP;ELEITO;TSE (dados abertos)
42897;CARMÓPOLIS DE MINAS;MG;2025-2028;CELIO ROBERTO AZEVEDO;CELINHO DA SAÚDE;UNIÃO;ELEITO;TSE (dados abertos)
40169;DURANDÉ;MG;2025-2028;RENATO PAIVA CAMPOS;RENATO PAIVA;PSD;ELEITO;TSE (dados abertos)
40339;ALMENARA;MG;2025-2028;EDUARDO OLIVEIRA BRASILEIRO;EDUARDO BRASILEIRO;PT;ELEITO;TSE (dados abertos)
45152;FERNANDES TOURINHO;MG;2025-2028;JOÃO ROBERTO DA FONSECA;JOÃO FONSECA;MDB;ELEITO;TSE (dados abertos)
40665;SANTA RITA DE MINAS;MG;2025-2028;ZANIA FARIA SILVA;ZANIA DO LELEI;REPUBLICANOS;ELEITO;TSE (dados abertos)
44458;DIVINÓPOLIS;MG;2025-2028;GLEIDSON GONTIJO AZEVEDO;GLEIDSON AZEVEDO;NOVO;ELEITO;TSE (dados abertos)
46752;ITAÚNA;MG;2025-2028;GUSTAVO MARQUES CARVALHO MITRE;GUSTAVO MITRE;REPUBLICANOS;ELEITO;TSE (dados abertos)
49115;OLIVEIRA;MG;2025-2028;ERIK ASSIS CASTRO;DR. ERIK;SOLIDARIEDADE;ELEITO;TSE (dados abertos)
49433;PARAGUAÇU;MG;2025-2028;GABRIEL PEREIRA DE MORAES FILHO;GABRIELZINHO;PDT;ELEITO;TSE (dados abertos)
50296;PIUMHI;MG;2025-2028;PAULO CÉSAR VAZ;DR PAULO;PSD;ELEITO;TSE (dados abertos)
52833;SÃO ROMÃO;MG;2025-2028;ALLAN SOARES CARDOSO;ALLAN DO SAX;MDB;ELEITO;TSE (dados abertos)
41890;CABO VERDE;MG;2025-2028;CLAUDIO ANTONIO PALMA;CLAUDINHO;MDB;ELEITO;TSE (dados abertos)
43435;CONCEIÇÃO DAS PEDRAS;MG;2025-2028;BENEDITO CARLOS PEREIRA;CARLÃO;PP;ELEITO;TSE (dados abertos)
46698;ITAPECERICA;MG;2025-2028;GLEYTON LUIZ PEREIRA;GLEYTINHO DO VALÉRIO;PP;ELEITO;TSE (dados abertos)
40460;MONTEZUMA;MG;2025-2028;IVAN VIEIRA DE PINHO;IVAN VIEIRA;UNIÃO;ELEITO;TSE (dados abertos)
48593;MONTE BELO;MG;2025-2028;KLEBER ANTONIO FERREIRA BONELI;KLEBINHO;AVANTE;ELEITO;TSE (dados abertos)
51519;SANTA FÉ DE MINAS;MG;2025-2028;GLEBSON JOSÉ LEITE JÚNIOR;JÚNIOR LEITE;AVANTE;ELEITO;TSE (dados abertos)
42838;CARMO DO CAJURU;MG;2025-2028;VINICIUS ALVES CAMARGOS;VINICIUS CAMARGOS;PP;ELEITO;TSE (dados abertos)
45896;IBIÁ;MG;2025-2028;GILLIANNO GILLES FERREIRA;GILLIANNO MAMÃO;PSD;ELEITO;TSE (dados abertos)
46299;IPUIÚNA;MG;2025-2028;ELDER CASSIO DE SOUZA OLIVA;ELDER;PL;ELEITO;TSE (dados abertos)
40363;LIMEIRA DO OESTE;MG;2025-2028;LEANDRO DE SOUZA CARVALHO;LEANDRO;PL;ELEITO;TSE (dados abertos)
41009;LUISLÂNDIA;MG;2025-2028;JUVENAL ALVES DOS SANTOS;JU;PP;ELEITO;TSE (dados abertos)
49654;PAULA CÂNDIDO;MG;2025-2028;EVERALDO ROBERTO DA CONCEIÇÃO;EVERALDO;UNIÃO;ELEITO;TSE (dados abertos)
42560;VERMELHO NOVO;MG;2025-2028;CLÉCIUS VINICIUS PINTO;VINÍCIUS DO LINO;PRD;ELEITO;TSE (dados abertos)
42579;CAPUTIRA;MG;2025-2028;EDGAR GERALDO DE ARAUJO;EDGAR ARAUJO;PSDB;ELEITO;TSE (dados abertos)
42773;CARMO DA CACHOEIRA;MG;2025-2028;JULIANO PEREIRA DA SILVA;JULIANO CIPO;PSD;ELEITO;TSE (dados abertos)
44512;DOM JOAQUIM;MG;2025-2028;HUENERSON HENRIQUE CELESTINO;NEM DA SAÚDE;MDB;ELEITO;TSE (dados abertos)
44750;ENGENHEIRO NAVARRO;MG;2025-2028;HUGO FELIPE DE ALMEIDA SILVA;HUGO;PSD;ELEITO;TSE (dados abertos)
48259;MEDEIROS;MG;2025-2028;JOSE MIRANDA DA SILVA;MIRANDA;AVANTE;ELEITO;TSE (dados abertos)
50199;PIRANGUINHO;MG;2025-2028;PAULO RENATO GERMINIANI RIBEIRO;PAULO RENATO;UNIÃO;ELEITO;TSE (dados abertos)
52256;SÃO FRANCISCO DE SALES;MG;2025-2028;GILMAR APARECIDO LEONEL SOUTO;GILMAR SOUTO;REPUBLICANOS;ELEITO;TSE (dados abertos)
40894;ARINOS;MG;2025-2028;MARCILIO ALISSON FONSECA DE ALMEIDA;MARCILIO DE TONHAO;PODE;ELEITO;TSE (dados abertos)
41807;CAMPO AZUL;MG;2025-2028;ARNALDO ALVES OLIVEIRA;NARDIN;PT;ELEITO;TSE (dados abertos)
47457;LAGOA DOS PATOS;MG;2025-2028;HERCULES VANDY DURAES DA FONSECA;VANDINHO;SOLIDARIEDADE;ELEITO;TSE (dados abertos)
48178;MATIPÓ;MG;2025-2028;FABIO HENRIQUE GARDINGO;FABINHO GARDINGO;PSD;ELEITO;TSE (dados abertos)
50075;PIEDADE DOS GERAIS;MG;2025-2028;DANIEL MAURÍCIO REIS;DANIEL;PP;ELEITO;TSE (dados abertos)
40479;ALVORADA DE MINAS;MG;2025-2028;DANILIO CLESSIO FERREIRA;DANILO DA SAÚDE;MDB;ELEITO;TSE (dados abertos)
48119;MATERLÂNDIA;MG;2025-2028;MARQUES SERAFIM DE PINHO;MARQUINHO;AVANTE;ELEITO;TSE (dados abertos)
49298;PAINS;MG;2025-2028;ITAMAR RAFAEL DE CASTRO;ITAMAR DA TAMAFE;UNIÃO;ELEITO;TSE (dados abertos)
49417;PARÁ DE MINAS;MG;2025-2028;INÁCIO FRANCO;INÁCIO FRANCO;PL;ELEITO;TSE (dados abertos)
52051;SANTO ANTÔNIO DO JACINTO;MG;2025-2028;EDEMARK PINHEIRO DE ALMEIDA RUAS;MARQUINHOS DE JOTA;PSD;ELEITO;TSE (dados abertos)
45616;GUAPÉ;MG;2025-2028;PEDRO LUIS SIMÕES;DR PEDRO;PL;ELEITO;TSE (dados abertos)
50857;RESPLENDOR;MG;2025-2028;NEMIAS MARTINS DE SOUZA;NEMIAS MARTINS;PL;ELEITO;TSE (dados abertos)
51357;SABINÓPOLIS;MG;2025-2028;CARLOS ROBERTO BARROSO MOURÃO;BETO;PT;ELEITO;TSE (dados abertos)
52558;SÃO JOÃO EVANGELISTA;MG;2025-2028;HÉRCULES JOSÉ PROCÓPIO;HÉRCULES PROCÓPIO;PP;ELEITO;TSE (dados abertos)
54399;VIRGOLÂNDIA;MG;2025-2028;JOSE ISMAR DE ASSIS NETO;DOUTOR ZÉ ISMAR;MDB;ELEITO;TSE (dados abertos)
40975;BAEPENDI;MG;2025-2028;MARCELO FARIA PEREIRA;MARCELO DO ENGENHO;REPUBLICANOS;ELEITO;TSE (dados abertos)
43699;CONSOLAÇÃO;MG;2025-2028;ROGILSON APARECIDO MARQUES NOGUEIRA;ROGILSON;UNIÃO;ELEITO;TSE (dados abertos)
47210;JOANÉSIA;MG;2025-2028;AIKEN CRISTIAN ANDRADE DIAS;AIKEN;PSD;ELEITO;TSE (dados abertos)
47236;JOÃO MONLEVADE;MG;2025-2028;LAERCIO JOSÉ RIBEIRO;DR. LAÉRCIO;PT;ELEITO;TSE (dados abertos)
40703;SÃO JOÃO DA LAGOA;MG;2025-2028;RONALDO SOARES MOTA DIAS;RONALDINHO DIAS;PL;ELEITO;TSE (dados abertos)
43214;CHAPADA DO NORTE;MG;2025-2028;LEANDRO EVANGELISTA DO SOCORRO;LEANDRO EVANGELISTA;PSD;ELEITO;TSE (dados abertos)
44636;DORES DO INDAIÁ;MG;2025-2028;ALEXANDRO COÊLHO FERREIRA;ALEX;PSD;ELEITO;TSE (dados abertos)
46159;INGAÍ;MG;2025-2028;GIULLIANO RIBEIRO PINTO;DIUDIU;PRD;ELEITO;TSE (dados abertos)
46574;ITAMOGI;MG;2025-2028;ROGERIO ANTONIO CAMPAGNOLI DA SILVA;ROGERIO;PL;ELEITO;TSE (dados abertos)
40070;ACAIACA;MG;2025-2028;LUIZ ALBERTO PEREIRA;LUIZÃO;AVANTE;ELEITO;TSE (dados abertos)
40592;ANTÔNIO DIAS;MG;2025-2028;ELCIO DE ALMEIDA ATAIDE;ELCINHO;PSD;ELEITO;TSE (dados abertos)
43818;CORINTO;MG;2025-2028;EVALDO PAULO DOS REIS;EVALDAO;MDB;ELEITO;TSE (dados abertos)
47732;LUMINÁRIAS;MG;2025-2028;ÉCIO CARVALHO REZENDE;ÉCIO;PSD;ELEITO;TSE (dados abertos)
53333;SERRA DOS AIMORÉS;MG;2025-2028;ED WANDER PINTO;WANDER PINTO;AVANTE;ELEITO;TSE (dados abertos)
44156;CRUZÍLIA;MG;2025-2028;JOAQUIM JOSE PARANAIBA;JOAQUIM;PP;ELEITO;TSE (dados abertos)
45454;GALILÉIA;MG;2025-2028;MARIA AUREA DA COSTA PEREIRA;MARIA AUREA;PSDB;ELEITO;TSE (dados abertos)
46418;ITACARAMBI;MG;2025-2028;PAULO CÉSAR PINHEIRO DE AZEVEDO;PAULO AZEVEDO;UNIÃO;ELEITO;TSE (dados abertos)
54135;VARGINHA;MG;2025-2028;LEONARDO VINHAS CIACCI;LEONARDO CIACCI;PSD;ELEITO;TSE (dados abertos)
47856;MANGA;MG;2025-2028;ANASTACIO GUEDES SARAIVA;ANASTÁCIO GUEDES;PT;ELEITO;TSE (dados abertos)
48674;MONTE SIÃO;MG;2025-2028;MAURÍCIO ZUCATO JUNIOR;JUNINHO ZUCATO;UNIÃO;ELEITO;TSE (dados abertos)
49697;PAVÃO;MG;2025-2028;JANE CARLA PEREIRA DA ROCHA;JANE;PT;ELEITO;TSE (dados abertos)
44857;ESPINOSA;MG;2025-2028;NILSON FABER SEPULVEDA;NILSON FABER;AVANTE;ELEITO;TSE (dados abertos)
45659;GUARANÉSIA;MG;2025-2028;JOÃO CARLOS MINCHILLO;JOÃO CARLOS MINCHILLO;UNIÃO;ELEITO;TSE (dados abertos)
46817;ITUETA;MG;2025-2028;GIORZANE RIGO CREMASCO;GIORZANE CREMASCO;MDB;ELEITO;TSE (dados abertos)
48534;MONTALVÂNIA;MG;2025-2028;FREDSON LOPES FRANÇA;FRED DO RALLY;PODE;ELEITO;TSE (dados abertos)
41521;SANTO ANTÔNIO DO RETIRO;MG;2025-2028;IVO FERNANDES SILVA;IVO FERNANDES SILVA;UNIÃO;ELEITO;TSE (dados abertos)
42030;CAJURI;MG;2025-2028;LUCAS LADEIRA CARDOSO;LUCAS LADEIRA;PSD;ELEITO;TSE (dados abertos)
41840;CATAS ALTAS;MG;2025-2028;SAULO MORAIS DE CASTRO;SAULO MORAIS;PRD;ELEITO;TSE (dados abertos)
43451;CONCEIÇÃO DAS ALAGOAS;MG;2025-2028;CELSON PIRES DE OLIVEIRA;CELSON PIRES;MDB;ELEITO;TSE (dados abertos)
48054;MARLIÉRIA;MG;2025-2028;HAMILTON LIMA PAULA;HAMILTON LIMA;REPUBLICANOS;ELEITO;TSE (dados abertos)
40673;ARAÇUAÍ;MG;2025-2028;TADEU BARBOSA DE OLIVEIRA;TADEU;PSD;ELEITO;TSE (dados abertos)
41050;BANDEIRA DO SUL;MG;2025-2028;JOSÉ DOS SANTOS;ZÉ CAPITUVA;PSDB;ELEITO;TSE (dados abertos)
41432;BOCAINA DE MINAS;MG;2025-2028;LUZIMAR DE MOURA BENFICA;LUZIMAR;PP;ELEITO;TSE (dados abertos)
44890;ESTIVA;MG;2025-2028;VÁGNER ABÍLIO BELIZÁRIO;BILINHO;PSD;ELEITO;TSE (dados abertos)
46736;ITATIAIUÇU;MG;2025-2028;ROMER SOARES DAS CHAGAS;ROMER SOARES;CIDADANIA;ELEITO;TSE (dados abertos)
52132;SANTOS DUMONT;MG;2025-2028;PACIFICO ESTITES RODRIGUES JUNIOR;DR PACÍFICO JÚNIOR;PSB;ELEITO;TSE (dados abertos)
51756;SANTANA DO JACARÉ;MG;2025-2028;RENATO TIRADO FREIRE;RENATO DO LÓ;MOBILIZA;ELEITO;TSE (dados abertos)
52957;SÃO SEBASTIÃO DO RIO PRETO;MG;2025-2028;ANDREA APARECIDA OTONE DE SOUZA;ANDREA OTONE;PSD;ELEITO;TSE (dados abertos)
53279;SERITINGA;MG;2025-2028;EDUARDO ARANTES CARVALHO;DUDU IRMÃO DO DENYS;PSDB;ELEITO;TSE (dados abertos)
49255;PADRE PARAÍSO;MG;2025-2028;DIEGO FERDINANDO MENDES OLIVEIRA;DIEGO;SOLIDARIEDADE;ELEITO;TSE (dados abertos)
49930;PERDIGÃO;MG;2025-2028;JULLIANO LACERDA LINO;JULLIANO DA ABS;AVANTE;ELEITO;TSE (dados abertos)
47538;LAJINHA;MG;2025-2028;RENATO CARDOSO DE LAIA;RENATO DO CASARÃO;MDB;ELEITO;TSE (dados abertos)
50717;PRUDENTE DE MORAIS;MG;2025-2028;JOCIMAR CESAR BRANDÃO;JOCIMAR BRANDÃO(JÓ DE BRANDÃO);AVANTE;ELEITO;TSE (dados abertos)
51853;SANTA RITA DE JACUTINGA;MG;2025-2028;LUIZ FERNANDO OSÓRIO;LUIZ FERNANDO OSÓRIO;PSB;ELEITO;TSE (dados abertos)
52213;SÃO FRANCISCO;MG;2025-2028;MIGUEL PAULO SOUZA FILHO;PAULO MIGUEL;PSD;ELEITO;TSE (dados abertos)
53511;SIMONÉSIA;MG;2025-2028;MARINALVA FERREIRA;MARINALVA FERREIRA;PL;ELEITO;TSE (dados abertos)
53694;TEIXEIRAS;MG;2025-2028;NIVALDO RITA;NIVALDO DO BOTAFOGO;PC do B;ELEITO;TSE (dados abertos)
40304;JAMPRUCA;MG;2025-2028;WELISTON FERREIRA DE ASSIS;ASSIS DA FARMACIA;PSDB;ELEITO;TSE (dados abertos)
48518;MONSENHOR PAULO;MG;2025-2028;FLAVIANO AMERICO RIBEIRO;DR. FLAVIANO;MDB;ELEITO;TSE (dados abertos)
50377;POCRANE;MG;2025-2028;EDERSON DOMINGOS DIONIS;DERSON DIONIS;REPUBLICANOS;ELEITO;TSE (dados abertos)
51799;SANTANA DO RIACHO;MG;2025-2028;FERNANDO RIBEIRO BURGARELLI;FERNANDO DA FARMÁCIA;REPUBLICANOS;ELEITO;TSE (dados abertos)
53570;TABULEIRO;MG;2025-2028;AILTON SERGIO MOREIRA FERRAZ;AILTON FERRAZ;REPUBLICANOS;ELEITO;TSE (dados abertos)
54372;VIRGINÓPOLIS;MG;2025-2028;JOSUÉ ARRUDA DOS SANTOS;JOSUÉ GARAJAU;REPUBLICANOS;ELEITO;TSE (dados abertos)
48097;MARTINHO CAMPOS;MG;2025-2028;WILSON CORREA ALVES AFONSO DE CARVALHO;WILSON AFONSO;AVANTE;ELEITO;TSE (dados abertos)
50652;PRESIDENTE KUBITSCHEK;MG;2025-2028;OSVALDINO REIS DA SILVA;OSVALDINO DO PANTINHA;PDT;ELEITO;TSE (dados abertos)
43737;COQUEIRAL;MG;2025-2028;RENATO OLIVEIRA MARQUES;RENATO CURUJA;PSD;ELEITO;TSE (dados abertos)
44377;DIVINÉSIA;MG;2025-2028;CIRLEI ELIZABETE DE FREITAS;CIRLEI;PODE;ELEITO;TSE (dados abertos)
44130;CRUZEIRO DA FORTALEZA;MG;2025-2028;ANTONIO CORTES DE ALMEIDA;DR. ANTONIO;MDB;ELEITO;TSE (dados abertos)
40185;ENTRE FOLHAS;MG;2025-2028;MARCOS ANTONIO MARQUES;MARQUINHOS DO BROA;MDB;ELEITO;TSE (dados abertos)
46990;JAGUARAÇU;MG;2025-2028;MARCIO LIMA DE PAULA;MARCIO;PSDB;ELEITO;TSE (dados abertos)
50636;PRESIDENTE JUSCELINO;MG;2025-2028;BRENO CORREA CASTRO;BRENO;MDB;ELEITO;TSE (dados abertos)
40720;SÃO JOÃO DO MANHUAÇU;MG;2025-2028;JOSÉ MIRANDA BARBOSA;ZÉ BRAZ;MDB;ELEITO;TSE (dados abertos)
53937;TURMALINA;MG;2025-2028;ZILMAR PINHEIRO LOPES;ZILMAR DA FARMACIA;PSD;ELEITO;TSE (dados abertos)
40835;ARCOS;MG;2025-2028;WELLINGTON FRANCELLI ESTEVÃO RODRIGUES ROQUE;DR WELLINGTON ROQUE;REPUBLICANOS;ELEITO;TSE (dados abertos)
41920;CONFINS;MG;2025-2028;GERALDO GONÇALVES DOS SANTOS;PEZÃO;PP;ELEITO;TSE (dados abertos)
46450;ITAIPÉ;MG;2025-2028;MARCONI VIEIRA NERY;MARCONI DE GILMAR;REPUBLICANOS;ELEITO;TSE (dados abertos)
47970;MARIA DA FÉ;MG;2025-2028;ADILSON DOS SANTOS;ADILSON;PSDB;ELEITO;TSE (dados abertos)
50350;POÇOS DE CALDAS;MG;2025-2028;PAULO NEY DE CASTRO JUNIOR;PAULO NEY;PSDB;ELEITO;TSE (dados abertos)
53031;SÃO THOMÉ DAS LETRAS;MG;2025-2028;DONIZETE FLAUZINO DA ROCHA;ZETE;PP;ELEITO;TSE (dados abertos)
53678;TARUMIRIM;MG;2025-2028;MARCUS VINICIUS FERREIRA DA COSTA;MARQUIM DO ZÉ NENEM;PRD;ELEITO;TSE (dados abertos)
41955;CACHOEIRA DOURADA;MG;2025-2028;ALEANDRO FRANCISCO DA SILVA;CANDANGO;PP;ELEITO;TSE (dados abertos)
45977;IBITIÚRA DE MINAS;MG;2025-2028;RONY WILSON LEONARDO;RONY;PP;ELEITO;TSE (dados abertos)
43656;CONSELHEIRO LAFAIETE;MG;2025-2028;LEANDRO TADEU MURTA DOS REIS CHAGAS;LEANDRO CHAGAS;PRD;ELEITO;TSE (dados abertos)
44598;DORES DE CAMPOS;MG;2025-2028;MARCIO ANTONIO PINHEIRO;MARCINHO DO TICA;MDB;ELEITO;TSE (dados abertos)
46493;ITAMARANDIBA;MG;2025-2028;PEDRO AFONSO FERNANDES FILHO;PEDRO AFONSO;AVANTE;ELEITO;TSE (dados abertos)
46973;JACUTINGA;MG;2025-2028;RICARDO CUNHA PAIVA;GUINA;PSD;ELEITO;TSE (dados abertos)
40428;MATA VERDE;MG;2025-2028;IRONE BENTO DIAS OLIVEIRA;IRONE BENTO;UNIÃO;ELEITO;TSE (dados abertos)
50539;PRADOS;MG;2025-2028;RILDO COSTA;RILDO COSTA;SOLIDARIEDADE;ELEITO;TSE (dados abertos)
52973;SÃO SEBASTIÃO DO RIO VERDE;MG;2025-2028;PAULO HENRIQUE DE SOUZA PINTO;PAULO HENRIQUE;PSD;ELEITO;TSE (dados abertos)
44237;DELFINÓPOLIS;MG;2025-2028;PEDRO PAULO PINTO;PEDRO PAULO;MDB;ELEITO;TSE (dados abertos)
50733;QUARTEL GERAL;MG;2025-2028;GASPAR CARLOS FILHO;BADARÓ;PDT;ELEITO;TSE (dados abertos)
40797;ARAXÁ;MG;2025-2028;RUBENS MAGELA DA SILVA;ROBSON MAGELA;CIDADANIA;ELEITO;TSE (dados abertos)
41319;BERTÓPOLIS;MG;2025-2028;ILDASIO FERREIRA ROSA CARRIEIROS;CAU RAIS;PT;ELEITO;TSE (dados abertos)
40649;SANTA BÁRBARA DO LESTE;MG;2025-2028;JOSE GERALDO DE OLIVEIRA;ZÉ RUFINO;PP;ELEITO;TSE (dados abertos)
53457;SILVEIRÂNIA;MG;2025-2028;JÚLIO CESAR GOMES GROSSI;JULINHO GROSSI;MOBILIZA;ELEITO;TSE (dados abertos)
51292;RUBELITA;MG;2025-2028;OSMARY DAVID MIRANDA;MEIRINHA DE DONA VINA;REPUBLICANOS;ELEITO;TSE (dados abertos)
42730;CARLOS CHAGAS;MG;2025-2028;JOSE AMADEU NANAYOSKI TAVARES;NANA;PSD;ELEITO;TSE (dados abertos)
46850;ITUMIRIM;MG;2025-2028;CARLOS ALBERTO NASCIMENTO;OLODUM;PRD;ELEITO;TSE (dados abertos)
41327;PEDRA BONITA;MG;2025-2028;PEDRO RUBENS VITOR DE OLIVEIRA;PEDRO RUBENS;PL;ELEITO;TSE (dados abertos)
41700;ARICANDUVA;MG;2025-2028;VALDEIR SANTOS COIMBRA;VALDEIR COIMBRA;REPUBLICANOS;ELEITO;TSE (dados abertos)
41491;BOM JARDIM DE MINAS;MG;2025-2028;JOSE FRANCISCO MATOS E SILVA;CHIQUINHO;MDB;ELEITO;TSE (dados abertos)
43753;CORAÇÃO DE JESUS;MG;2025-2028;SAMUEL BARRETO NETO;SAMUEL BARRETO;PL;ELEITO;TSE (dados abertos)
43915;CORONEL PACHECO;MG;2025-2028;MARCOS AURELIO VALÉRIO VENÂNCIO;COLÉU;PSB;ELEITO;TSE (dados abertos)
44431;DIVINOLÂNDIA DE MINAS;MG;2025-2028;GEUBER DE PINHO CAMPOS;JOBIM CAMPOS;DC;ELEITO;TSE (dados abertos)
44997;EWBANK DA CÂMARA;MG;2025-2028;CARLOS MARIANO FERREIRA;CARLINHOS;PSD;ELEITO;TSE (dados abertos)
45039;FAMA;MG;2025-2028;ALEXANDRE ELLER DE SOUZA;ALEXANDRE ELLER;PSD;ELEITO;TSE (dados abertos)
42420;TAPARUBA;MG;2025-2028;JOAQUIM CARLOS DA SILVA NETO;JOAQUIM DO CIEL;PSDB;ELEITO;TSE (dados abertos)
54275;VIÇOSA;MG;2025-2028;ANGELO CHEQUER;ÂNGELO CHEQUER;UNIÃO;ELEITO;TSE (dados abertos)
48291;MENDES PIMENTEL;MG;2025-2028;PAULO ANTONIO DE SOUZA;DR PAULO;PDT;ELEITO;TSE (dados abertos)
51136;RIO PIRACICABA;MG;2025-2028;AUGUSTO HENRIQUE DA SILVA;AUGUSTO;CIDADANIA;ELEITO;TSE (dados abertos)
52639;SÃO JOSÉ DO ALEGRE;MG;2025-2028;PAULO SERGIO DA SILVA;PAULO DO CONTRA MÃO;PSD;ELEITO;TSE (dados abertos)
44911;ESTRELA DALVA;MG;2025-2028;DIEGO COUTINHO DA COSTA;DIEGO DO NELO;PRD;ELEITO;TSE (dados abertos)
45470;GONÇALVES;MG;2025-2028;MARCIO DONIZETTI DE OLIVEIRA;MÁRCIO DO ZEZÉ;UNIÃO;ELEITO;TSE (dados abertos)
47058;JAPARAÍBA;MG;2025-2028;GERALDO ALEXANDRE LOPES;ALEXANDRE;MDB;ELEITO;TSE (dados abertos)
40320;JUATUBA;MG;2025-2028;KELISSANDER SALIBA SANTOS;TED;PSD;ELEITO;TSE (dados abertos)
48135;MATEUS LEME;MG;2025-2028;RENILTON RIBEIRO COELHO;DR RENILTON;REPUBLICANOS;ELEITO;TSE (dados abertos)
48992;NOVA PONTE;MG;2025-2028;JOSÉ DIVINO DA SILVA;ZÉ DIVINO;PP;ELEITO;TSE (dados abertos)
51314;RUBIM;MG;2025-2028;NELMAR ALVES ARAÚJO FILHO;BOLA;REPUBLICANOS;ELEITO;TSE (dados abertos)
45535;GOVERNADOR VALADARES;MG;2025-2028;SANDRO LUCIO FONSECA;CORONEL SANDRO;PL;ELEITO;TSE (dados abertos)
48356;MINAS NOVAS;MG;2025-2028;ALESSANDRO MOTA BARBOSA;ALESSANDRO;REPUBLICANOS;ELEITO;TSE (dados abertos)
50415;PONTE NOVA;MG;2025-2028;MILTON TEODORO IRIAS JUNIOR;DR MILTON;AVANTE;ELEITO;TSE (dados abertos)
53155;SENADOR JOSÉ BENTO;MG;2025-2028;ANDREIA REGINA INÁCIO MEIRA;ANDREIA;UNIÃO;ELEITO;TSE (dados abertos)
52370;SÃO GONÇALO DO RIO ABAIXO;MG;2025-2028;RAIMUNDO NONATO DE BARCELOS;NOZINHO;PDT;ELEITO;TSE (dados abertos)
41530;BOM JESUS DO AMPARO;MG;2025-2028;WANDERLEI DOS SANTOS RIBEIRO;WANDERLEI RIBEIRO;PP;ELEITO;TSE (dados abertos)
46612;ITANHANDU;MG;2025-2028;PAULO HENRIQUE PINTO MONTEIRO;PAULINHO;PODE;ELEITO;TSE (dados abertos)
48453;MOEDA;MG;2025-2028;DÉCIO VANDERLEI DOS SANTOS;DÉCIO LAPA;UNIÃO;ELEITO;TSE (dados abertos)
42170;CAMPANHA;MG;2025-2028;LÁZARO ROBERTO DA SILVA;ROBERTO SILVA;PT;ELEITO;TSE (dados abertos)
42692;CARBONITA;MG;2025-2028;JOSÉ MARCELINO SANTOS;MARCELINO DA FIINHA;PSDB;ELEITO;TSE (dados abertos)
45632;GUARACIABA;MG;2025-2028;BRUNO OLIVEIRA DE ANDRADE;BRUNO TINICO;UNIÃO;ELEITO;TSE (dados abertos)
42323;JOSÉ RAYDAN;MG;2025-2028;ROMARIO GONÇALVES DA ROCHA;ROMARIO;PSDB;ELEITO;TSE (dados abertos)
41513;BOM JESUS DA PENHA;MG;2025-2028;RONE ANDRÉ DE LIMA;RONE;UNIÃO;ELEITO;TSE (dados abertos)
44652;DORES DO TURVO;MG;2025-2028;KALLIL DAHIER MOREIRA CUNHA;KALLIL;PP;ELEITO;TSE (dados abertos)
49131;OLIVEIRA FORTES;MG;2025-2028;SILMAR JOSE DIAS;SILMAR;UNIÃO;ELEITO;TSE (dados abertos)
50890;RIACHO DOS MACHADOS;MG;2025-2028;RICARDO DA SILVA PAZ;RICARDO DE MINGA;PL;ELEITO;TSE (dados abertos)
53830;TOMBOS;MG;2025-2028;TIAGO PEDROSA LAZZARONI DALPERIO;TIAGO DALPERIO;PP;ELEITO;TSE (dados abertos)
42994;CASCALHO RICO;MG;2025-2028;DÁRIO BORGES DE REZENDE;DÁRIO BORGES;PSD;ELEITO;TSE (dados abertos)
44679;DORESÓPOLIS;MG;2025-2028;VALDIR DA COSTA LOPES;VALDIR;SOLIDARIEDADE;ELEITO;TSE (dados abertos)
45810;GURINHATÃ;MG;2025-2028;DOUGLAS HENRIQUE VALENTE;DOUGLAS VALENTE;PP;ELEITO;TSE (dados abertos)
40568;PERIQUITO;MG;2025-2028;JOSE DE OLIVEIRA FLOR;ZÉ FLOR;MDB;ELEITO;TSE (dados abertos)
42544;VEREDINHA;MG;2025-2028;NEREU AQUILES CORDEIRO MACHADO;NEREU AQUILES;PSDB;ELEITO;TSE (dados abertos)
46175;INHAPIM;MG;2025-2028;SANDRO ADRIANO OLIVEIRA SILVA;SANDRO;MDB;ELEITO;TSE (dados abertos)
49735;PEDRA AZUL;MG;2025-2028;MARCIO FERREIRA SOUTO;MARCIO SOUTO;REPUBLICANOS;ELEITO;TSE (dados abertos)
40851;AREADO;MG;2025-2028;DOUGLAS AVILA MOREIRA;DOUGLAS DO BORDADO;AVANTE;ELEITO;TSE (dados abertos)
44610;DORES DE GUANHÃES;MG;2025-2028;WELERSON ULTIMO DE SOUZA;LEO;PRD;ELEITO;TSE (dados abertos)
46019;IGARAPÉ;MG;2025-2028;ARNALDO DE OLIVEIRA CHAVES;ARNALDO CHAVES;PP;ELEITO;TSE (dados abertos)
49034;NOVA SERRANA;MG;2025-2028;FABIO JOSE DE OLIVEIRA;FABIO AVELAR;AVANTE;ELEITO;TSE (dados abertos)
40550;ANDRELÂNDIA;MG;2025-2028;FRANCISCO REGINALDO NOGUEIRA;REGINALDO DA AREIA;PSD;ELEITO;TSE (dados abertos)
46353;ITABIRINHA;MG;2025-2028;LUCAS COIMBRA DONADIA;DR LUCAS;PSD;ELEITO;TSE (dados abertos)
54453;ITAÚ DE MINAS;MG;2025-2028;NORIVAL FRANCISCO DE LIMA;NORIVAL LIMA;UNIÃO;ELEITO;TSE (dados abertos)
42269;JAPONVAR;MG;2025-2028;WELSON GONÇALVES DA SILVA;WELSON DO POSTO;PP;ELEITO;TSE (dados abertos)
51934;SANTA ROSA DA SERRA;MG;2025-2028;FREDERICO OZANAN RANGEL;FRED;PSDB;ELEITO;TSE (dados abertos)
52493;SÃO JOÃO DEL REI;MG;2025-2028;AURELIO SUENES DE RESENDE;AURELIO SUENES;PL;ELEITO;TSE (dados abertos)
41971;CAETANÓPOLIS;MG;2025-2028;JOAO PROCOPIO DE ALMEIDA FILHO;JOÃOZINHO PROCÓPIO;PSD;ELEITO;TSE (dados abertos)
42277;CAMPO FLORIDO;MG;2025-2028;ALYSSON EDUARDO DA SILVA;ALYSSON DA SAÚDE;PT;ELEITO;TSE (dados abertos)
41823;CANTAGALO;MG;2025-2028;ROBERTO DE OLIVEIRA QUEIROZ COSTA;ROBERTO DO TOCA;PSD;ELEITO;TSE (dados abertos)
49093;OLÍMPIO NORONHA;MG;2025-2028;CARLOS ALBERTO DE CASTRO  PEREIRA;BETO;PP;ELEITO;TSE (dados abertos)
51110;RIO PARDO DE MINAS;MG;2025-2028;ASTOR JOSÉ DE SÁ;TUQUINHA;UNIÃO;ELEITO;TSE (dados abertos)
53171;SENADOR MODESTINO GONÇALVES;MG;2025-2028;JOSE GERALDO NEVES;ZÉ NEVES;PRD;ELEITO;TSE (dados abertos)
42463;URUANA DE MINAS;MG;2025-2028;BRUNO RAPHAEL MOTA FERREIRA;BRUNO RAPHAEL;SOLIDARIEDADE;ELEITO;TSE (dados abertos)
52736;SÃO LOURENÇO;MG;2025-2028;WALTER JOSÉ LESSA;LESSA;PSD;ELEITO;TSE (dados abertos)
53597;TAIOBEIRAS;MG;2025-2028;DENERVAL GERMANO DA CRUZ;DENERVAL;PSDB;ELEITO;TSE (dados abertos)
53732;TIMÓTEO;MG;2025-2028;VITOR VICENTE DO PRADO;CAPITÃO VITOR;REPUBLICANOS;ELEITO;TSE (dados abertos)
40517;ANDRADAS;MG;2025-2028;MARGOT NAVARRO GRAZIANI PIOLI;MARGOT PIOLI;CIDADANIA;ELEITO;TSE (dados abertos)
40738;ARAPONGA;MG;2025-2028;CARLOS ASSUNCAO GOMES;KAKA GOMES;REPUBLICANOS;ELEITO;TSE (dados abertos)
48577;MONTE AZUL;MG;2025-2028;SAULO GABRIEL ANTUNES FELICIANO;SAULO FELICIANO;PODE;ELEITO;TSE (dados abertos)
51535;SANTA JULIANA;MG;2025-2028;JULIANO GERALDO DA CUNHA;JULIANO;PSDB;ELEITO;TSE (dados abertos)
43893;CORONEL MURTA;MG;2025-2028;JOSE AILTON FREIRE JARDIM;AILTON DE DOVINHA;MOBILIZA;ELEITO;TSE (dados abertos)
47694;LIBERDADE;MG;2025-2028;LUCAS DE SOUZA GARCIA;LUCAS FILHO;PRD;ELEITO;TSE (dados abertos)
53058;SÃO VICENTE DE MINAS;MG;2025-2028;MARIA LINDINALVA LEITE LUCINDA;NAVA;PSD;ELEITO;TSE (dados abertos)
42854;CARMO DO PARANAÍBA;MG;2025-2028;LUCAS DA SILVA MENDES;LUCAS MENDES;PODE;ELEITO;TSE (dados abertos)
46515;ITAMARATI DE MINAS;MG;2025-2028;CESIO JUNIOR ALVES LADEIRA;CESIO LADEIRA;MDB;ELEITO;TSE (dados abertos)
48410;MIRADOURO;MG;2025-2028;CLOVES DA SILVA BOTELHO;CLOVES BOTELHO;AVANTE;ELEITO;TSE (dados abertos)
44717;ELÓI MENDES;MG;2025-2028;NATAL DONIZETTI CADORINI;NATAL;SOLIDARIEDADE;ELEITO;TSE (dados abertos)
44474;DIVISA NOVA;MG;2025-2028;JOSÉ LUIZ DE FIGUEIREDO;JOSÉ LUIZ;PSD;ELEITO;TSE (dados abertos)
45292;FRANCISCO BADARÓ;MG;2025-2028;ANTONIO REGINALDO MARTINS MOREIRA;REGINALDO;PT;ELEITO;TSE (dados abertos)
45713;GUARDA-MOR;MG;2025-2028;JOSÉ DIAS DE OLIVEIRA;ZÉ BETIO;PSD;ELEITO;TSE (dados abertos)
47031;JANUÁRIA;MG;2025-2028;MAURÍCIO ALMEIDA DO NASCIMENTO;MAURÍCIO ALMEIDA;PODE;ELEITO;TSE (dados abertos)
49212;OURO PRETO;MG;2025-2028;ANGELO OSWALDO DE ARAUJO SANTOS;ANGELO OSWALDO;PV;ELEITO;TSE (dados abertos)
42226;IMBÉ DE MINAS;MG;2025-2028;JOÃO BATISTA DA CRUZ;BATISTA DO SINDICATO;PT;ELEITO;TSE (dados abertos)
53538;SOBRÁLIA;MG;2025-2028;ROBERTO MOREIRA RODRIGUES JUNIOR;ROBERTINHO JUNIOR;PSD;ELEITO;TSE (dados abertos)
43133;CENTRAL DE MINAS;MG;2025-2028;GILBERTO FERREIRA DA CUNHA;GILBERTO CUNHA;MDB;ELEITO;TSE (dados abertos)
46710;ITAPEVA;MG;2025-2028;DANIEL PEREIRA DO COUTO;DANIEL;MDB;ELEITO;TSE (dados abertos)
48810;MUZAMBINHO;MG;2025-2028;PAULO SERGIO MAGALHÃES;PAULINHO MAGALHÃES;PP;ELEITO;TSE (dados abertos)
42366;SÃO SEBASTIÃO DO ANTA;MG;2025-2028;OSMANINHO CUSTÓDIO DE MELO;MANINHO;PSDB;ELEITO;TSE (dados abertos)
54038;UBERLÂNDIA;MG;2025-2028;PAULO SÉRGIO FERREIRA;PAULO SÉRGIO;PP;ELEITO;TSE (dados abertos)
40355;ALPERCATA;MG;2025-2028;RAFAEL AUGUSTO FRANÇA OLIVEIRA MACHADO;RAFAEL FRANÇA;PSD;ELEITO;TSE (dados abertos)
41610;BONFIM;MG;2025-2028;MARCONI MARQUES PARREIRAS;MARCONI MARQUES;AVANTE;ELEITO;TSE (dados abertos)
47015;JANAÚBA;MG;2025-2028;JOSE APARECIDO MENDES SANTOS;ZE APARECIDO;PSD;ELEITO;TSE (dados abertos)
42285;JENIPAPO DE MINAS;MG;2025-2028;EDSON HONORATO FIGUEIRÓ;EDSON FIGUEIRÓ;PSDB;ELEITO;TSE (dados abertos)
41912;CACHOEIRA DA PRATA;MG;2025-2028;CLÉCIO GONÇALVES DA SILVA;CLECINHO;REPUBLICANOS;ELEITO;TSE (dados abertos)
47333;JUIZ DE FORA;MG;2025-2028;MARIA MARGARIDA MARTINS SALOMÃO;MARGARIDA SALOMÃO;PT;ELEITO;TSE (dados abertos)
47791;MACHADO;MG;2025-2028;MAYCON WILLIAN DA SILVA;MAYCON WILLIAN;PP;ELEITO;TSE (dados abertos)
48739;MORRO DO PILAR;MG;2025-2028;CLERIO LIMA FILHO;CLERINHO;PSD;ELEITO;TSE (dados abertos)
51730;SANTANA DO GARAMBÉU;MG;2025-2028;JOSE FRANCISCO DE MOURA;DR. MOURA;PRD;ELEITO;TSE (dados abertos)
51578;SANTA MARGARIDA;MG;2025-2028;ILBNELLE SANTANA OTONI;DOUTOR ILBNELLE;PP;ELEITO;TSE (dados abertos)
47872;MANHUAÇU;MG;2025-2028;MARIA IMACULADA DUTRA DORNELAS;IMACULADA;UNIÃO;ELEITO;TSE (dados abertos)
48658;MONTES CLAROS;MG;2025-2028;GUILHERME AUGUSTO GUIMARÃES DE OLIVEIRA;GUILHERME GUIMARÃES;UNIÃO;ELEITO;TSE (dados abertos)
49816;PEDRALVA;MG;2025-2028;JOEL SILVA;JOEL SILVA;PT;ELEITO;TSE (dados abertos)
50318;PLANURA;MG;2025-2028;ANTÔNIO LUIZ BOTELHO;TUNIQUIM BOTELHO;REPUBLICANOS;ELEITO;TSE (dados abertos)
43290;CLARO DOS POÇÕES;MG;2025-2028;JOSÉ VANDERLEI CARDOSO;VANDERLEI;UNIÃO;ELEITO;TSE (dados abertos)
43397;COMERCINHO;MG;2025-2028;EDNALVES ALVES COSTA;NAUVIN;AVANTE;ELEITO;TSE (dados abertos)
50750;QUELUZITO;MG;2025-2028;DANILO RODRIGUES DE ALBUQUERQUE;DANILO;PP;ELEITO;TSE (dados abertos)
41947;CÓRREGO FUNDO;MG;2025-2028;DANILO OLIVEIRA CAMPOS;DANILO CONTADOR;PSD;ELEITO;TSE (dados abertos)
42005;CURRAL DE DENTRO;MG;2025-2028;ADAILDO ROCHA MOREIRA;ADAILDO ROCHA TAMPINHA;UNIÃO;ELEITO;TSE (dados abertos)
44970;EUGENÓPOLIS;MG;2025-2028;JUAREZ LUIZ BREIJÃO;JUAREZ BREIJÃO;PSD;ELEITO;TSE (dados abertos)
40754;ARAPUÁ;MG;2025-2028;EMÍLIO DOS SANTOS BOAVENTURA GONDIN;EMÍLIO BOAVENTURA;MDB;ELEITO;TSE (dados abertos)
43478;CONCEIÇÃO DE IPANEMA;MG;2025-2028;WILIAN FRANCISCO DE SOUZA;WILLIAN DO POSTO;PL;ELEITO;TSE (dados abertos)
40347;LAGOA GRANDE;MG;2025-2028;HAMILTON DOS REIS RIBEIRO;DR. HAMILTON;PODE;ELEITO;TSE (dados abertos)
51250;RODEIRO;MG;2025-2028;JOSE CARLOS FERREIRA;JOSÉ CARLOS BENJAMIM;PSD;ELEITO;TSE (dados abertos)
42242;INDAIABIRA;MG;2025-2028;VANDERLUCIO DE OLIVEIRA;LUCIM;UNIÃO;ELEITO;TSE (dados abertos)
47635;LAVRAS;MG;2025-2028;JUSSARA MENICUCCI DE OLIVEIRA;JUSSARA MENICUCCI;PSD;ELEITO;TSE (dados abertos)
50873;RESSAQUINHA;MG;2025-2028;NASSER LEANDRO FERES BARBOSA;DR NASSER FERES;NOVO;ELEITO;TSE (dados abertos)
42501;VARJÃO DE MINAS;MG;2025-2028;RAFAEL COSTA DE TONI;RAFAEL DETONI;PL;ELEITO;TSE (dados abertos)
43176;CHÁCARA;MG;2025-2028;JUCELIO FERNANDES DE OLIVEIRA;BILIM;PL;ELEITO;TSE (dados abertos)
48232;MATUTINA;MG;2025-2028;GILBERTO ERNANE DE LIMA;GILBERTO DO QUITO;MDB;ELEITO;TSE (dados abertos)
53317;SERRA DA SAUDADE;MG;2025-2028;NEUSA MARIA RIBEIRO;NEUSA RIBEIRO;PP;ELEITO;TSE (dados abertos)
54232;VERÍSSIMO;MG;2025-2028;MARCO AURELIO DOS SANTOS HORTENCIO;MARCO AURELIO;PP;ELEITO;TSE (dados abertos)
43192;CHALÉ;MG;2025-2028;SEBASTIÃO RODRIGUES;BASTIÃO DA RETA;PSDB;ELEITO;TSE (dados abertos)
43273;CLARAVAL;MG;2025-2028;JOSÉ REINALDO CINTRA;ZÉ REINALDO;AVANTE;ELEITO;TSE (dados abertos)
46590;ITAMONTE;MG;2025-2028;JOÃO PEDRO FONSECA;JOÃO PEDRO;PODE;ELEITO;TSE (dados abertos)
41165;NOVA PORTEIRINHA;MG;2025-2028;ELBE FIGUEIREDO BRANDÃO;ELBE BRANDÃO;CIDADANIA;ELEITO;TSE (dados abertos)
49638;PATROCÍNIO DO MURIAÉ;MG;2025-2028;GOLDSTEIN AGOSTINI DA MATTA;GOLDSTEIN DA MATTA;PSDB;ELEITO;TSE (dados abertos)
51870;SANTA RITA DE IBITIPOCA;MG;2025-2028;LEANDRO EDUARDO FONSECA PAULA;LEANDRO;MDB;ELEITO;TSE (dados abertos)
40991;BALDIM;MG;2025-2028;FABRICIO ANDRADE MAGALHÃES;DOUTOR FABRICIO;PSD;ELEITO;TSE (dados abertos)
50555;PRATA;MG;2025-2028;MARCEL VIEIRA RODRIGUES DA CUNHA;XEXÉU;PP;ELEITO;TSE (dados abertos)
45799;GUIRICEMA;MG;2025-2028;JOSÉ OSCAR FERRAZ;OSCARZINHO;PSD;ELEITO;TSE (dados abertos)
49077;OLARIA;MG;2025-2028;WALDINEY DOS REIS FERREIRA;WALDINEY;AVANTE;ELEITO;TSE (dados abertos)
40541;PEDRAS DE MARIA DA CRUZ;MG;2025-2028;HEIDER DA SILVA MENDES;HEIDIN HS;PODE;ELEITO;TSE (dados abertos)
50113;PIRACEMA;MG;2025-2028;WESLEY DINIZ;LIM;AVANTE;ELEITO;TSE (dados abertos)
40770;ARAÚJOS;MG;2025-2028;GERALDO MAGELA DA SILVA;GERALDO MASSA;AVANTE;ELEITO;TSE (dados abertos)
47376;JURUAIA;MG;2025-2028;CELSO MARQUES JÚNIOR;CELSINHO;REPUBLICANOS;ELEITO;TSE (dados abertos)
51217;RITÁPOLIS;MG;2025-2028;ANTÔNIO RONATO DE MELO;RONATO;PRD;ELEITO;TSE (dados abertos)
52914;SÃO SEBASTIÃO DO OESTE;MG;2025-2028;ROMULO RONCALLY BEIRIGO;ROMULO BEIRIGO;REPUBLICANOS;ELEITO;TSE (dados abertos)
54216;WENCESLAU BRAZ;MG;2025-2028;EDVALDO JOSÉ BITENCOURT;EDVALDO BITENCOURT;MDB;ELEITO;TSE (dados abertos)
41041;MARTINS SOARES;MG;2025-2028;JOSE SANTANA EMERICK;SANTANA;PSDB;ELEITO;TSE (dados abertos)
46094;ILICÍNEA;MG;2025-2028;NIRLEI CRISTIANI;NIRLEI DO SINDICATO;PP;ELEITO;TSE (dados abertos)
50334;POÇO FUNDO;MG;2025-2028;ROSIEL DE LIMA;ROSIEL;PT;ELEITO;TSE (dados abertos)
52035;SANTO ANTÔNIO DO ITAMBÉ;MG;2025-2028;RONAM WESLEY SALES;RONAM SALES;PDT;ELEITO;TSE (dados abertos)
40789;SÃO JOSÉ DA LAPA;MG;2025-2028;MARCIA DE FATIMA LOPES FERREIRA;MARCIA LOPES;PP;ELEITO;TSE (dados abertos)
42951;CARVALHOS;MG;2025-2028;VALMIR SIQUEIRA DA SILVA;CARECA;MOBILIZA;ELEITO;TSE (dados abertos)
48631;MONTE SANTO DE MINAS;MG;2025-2028;CARLOS EDUARDO DONNABELLA;CABURÉ;PSDB;ELEITO;TSE (dados abertos)
44172;CURVELO;MG;2025-2028;LUIZ PAULO GLÓRIA GUIMARÃES;LUIZ PAULO;CIDADANIA;ELEITO;TSE (dados abertos)
44415;DIVINO DAS LARANJEIRAS;MG;2025-2028;REINALDO ASSIS ROMUALDO DOS SANTOS;REINALDO;MDB;ELEITO;TSE (dados abertos)
47252;JOÃO PINHEIRO;MG;2025-2028;GLÁUCON CÉZAR CARDOSO;GLÁUCON CARDOSO;NOVO;ELEITO;TSE (dados abertos)
40576;ANTÔNIO CARLOS;MG;2025-2028;MARCELO RIBEIRO DA SILVA;MARCELO RIBEIRO;PSDB;ELEITO;TSE (dados abertos)
44075;CRISTIANO OTONI;MG;2025-2028;CARLOS ROBERTO DE REZENDE;CARLOS VIEIRA;PP;ELEITO;TSE (dados abertos)
44210;DELFIM MOREIRA;MG;2025-2028;EDILBERTO MARQUES DA CRUZ;EDILBERTO;UNIÃO;ELEITO;TSE (dados abertos)
49239;OURO VERDE DE MINAS;MG;2025-2028;MARCELO ADRIANO XAVIER DE VASCONCELOS;MARCELO DE CÍCERO;MOBILIZA;ELEITO;TSE (dados abertos)
40436;ALVARENGA;MG;2025-2028;GERALDO FELICIO JUNIOR;GERALDO DA SAÚDE;PT;ELEITO;TSE (dados abertos)
42447;UNIÃO DE MINAS;MG;2025-2028;GEOVA TOMAZ DE ALMEIDA;GEOVA TOMAZ;SOLIDARIEDADE;ELEITO;TSE (dados abertos)
41572;BOM REPOUSO;MG;2025-2028;EDMILSON ANDRADE;EDMILSON DO TIÃO DO ROQUE;REPUBLICANOS;ELEITO;TSE (dados abertos)
43532;CONCEIÇÃO DO RIO VERDE;MG;2025-2028;CRISTIANO HENRIQUE CUSTODIO;CRISTIANO CUSTODIO;PP;ELEITO;TSE (dados abertos)
41424;REDUTO;MG;2025-2028;CINTIA DE MATOS MESQUITA;CINTIA DE MATOS;NOVO;ELEITO;TSE (dados abertos)
52450;SÃO JOÃO DA MATA;MG;2025-2028;ROSEMIRO DE PAIVA MUNIZ;MIRO;UNIÃO;ELEITO;TSE (dados abertos)
42552;CAPITÓLIO;MG;2025-2028;CRISTIANO GERALDO DA SILVA;CRISTIANO GERARDÃO;PL;ELEITO;TSE (dados abertos)
45071;FELÍCIO DOS SANTOS;MG;2025-2028;WENITON WILLIAM FRANCA;WENITON;PRD;ELEITO;TSE (dados abertos)
52078;SANTO ANTÔNIO DO MONTE;MG;2025-2028;LEONARDO LACERDA CAMILO;LEO CAMILO;PSD;ELEITO;TSE (dados abertos)
40452;ALVINÓPOLIS;MG;2025-2028;LINDOURO MODESTO GOMES;LINDOURO;PT;ELEITO;TSE (dados abertos)
53775;TIROS;MG;2025-2028;FERNANDA APARECIDA LAGARES DE OLIVEIRA;FERNANDA DO PRAXEDAO;MDB;ELEITO;TSE (dados abertos)
42293;CAMPOS ALTOS;MG;2025-2028;VICENTE DE PAULO MATEUS;VICENTE DA VENDA;CIDADANIA;ELEITO;TSE (dados abertos)
43338;COIMBRA;MG;2025-2028;MAURILIO DIAS MASSENSINI;RUSSO;REPUBLICANOS;ELEITO;TSE (dados abertos)
48879;NATÉRCIA;MG;2025-2028;GABRIEL TIAGO DE VILAS BOAS;GABRIEL VILAS BOAS;PSD;ELEITO;TSE (dados abertos)
40860;UBAPORANGA;MG;2025-2028;GLEYDSON DELFINO FERREIRA;DR GLEYDSON;PSD;ELEITO;TSE (dados abertos)
41475;BOM DESPACHO;MG;2025-2028;FERNANDO AUGUSTO ALVES DE ANDRADE;FERNANDO ANDRADE;PSD;ELEITO;TSE (dados abertos)
43796;CORDISLÂNDIA;MG;2025-2028;JOSÉ ODAIR DA SILVA;ODAIR;PRD;ELEITO;TSE (dados abertos)
49174;OURO BRANCO;MG;2025-2028;SAVIO RODRIGUES FONTES;SAVIO FONTES;REPUBLICANOS;ELEITO;TSE (dados abertos)
42137;CAMBUQUIRA;MG;2025-2028;CIMARA BEATRIZ ARCI SALGADO MACHADO;CIMARA DA SAÚDE;REPUBLICANOS;ELEITO;TSE (dados abertos)
42374;CANA VERDE;MG;2025-2028;AENDER ANASTACIO DE MORAIS;AENDER;PSD;ELEITO;TSE (dados abertos)
40061;CAPITÃO ANDRADE;MG;2025-2028;JACKSON DE OLIVEIRA MACHADO;JACKSON MACHADO;MDB;ELEITO;TSE (dados abertos)
40487;NAQUE;MG;2025-2028;ROBSON DE SENA MOREIRA;ROBINHO;PDT;ELEITO;TSE (dados abertos)
52159;SÃO BENTO ABADE;MG;2025-2028;ENEIAS MACHADO DE SOUZA;ENEIAS MACHADO;PSD;ELEITO;TSE (dados abertos)
49352;FRONTEIRA DOS VALES;MG;2025-2028;ADAILTON RODRIGUES DA SILVA;DAI;PT;ELEITO;TSE (dados abertos)
48330;MESQUITA;MG;2025-2028;ILTON OLIVEIRA TORRES;ILTON TORRES;AVANTE;ELEITO;TSE (dados abertos)
51233;ROCHEDO DE MINAS;MG;2025-2028;CRISTIANO CORREA COLETTA;CRISTIANO COLETTA;REPUBLICANOS;ELEITO;TSE (dados abertos)
51675;SANTANA DE CATAGUASES;MG;2025-2028;MARCOS ANTONIO FERREIRA;MARCOS FERREIRA;PSD;ELEITO;TSE (dados abertos)
40010;ABADIA DOS DOURADOS;MG;2025-2028;CIRO LUIZ DA SILVA JUNIOR;CIRO;PSD;ELEITO;TSE (dados abertos)
40282;JAÍBA;MG;2025-2028;JIMMY DIOGO SILVA MURÇA;JIMMY MURÇA;PSD;ELEITO;TSE (dados abertos)
52850;SÃO ROQUE DE MINAS;MG;2025-2028;BELCHIOR DOS REIS FARIA;BREXINHA;UNIÃO;ELEITO;TSE (dados abertos)
53490;SIMÃO PEREIRA;MG;2025-2028;DAVID CARVALHO PIMENTA;CHICLETE;UNIÃO;ELEITO;TSE (dados abertos)
53651;TAQUARAÇU DE MINAS;MG;2025-2028;MARCILIO BEZERRA DA CRUZ;MARCILIO BEZERRA;PP;ELEITO;TSE (dados abertos)
41190;BELA VISTA DE MINAS;MG;2025-2028;SAMANTHA APARECIDA DE AVILA COSTA MAGALHAES;SAMANTHA ENFERMEIRA;PSDB;ELEITO;TSE (dados abertos)
41661;ALTO CAPARAÓ;MG;2025-2028;SEBASTIÃO ANANIAS CAMPOS;SEBASTIAO KASAPRONTA;PSD;ELEITO;TSE (dados abertos)
41874;BURITIZEIRO;MG;2025-2028;PEDRO HENRIQUE SOARES BRAGA;PEDRO BRAGA;PSD;ELEITO;TSE (dados abertos)
43877;CORONEL FABRICIANO;MG;2025-2028;SADI LUCCA;SADI LUCCA;PL;ELEITO;TSE (dados abertos)
46639;ITANHOMI;MG;2025-2028;ARTHUR DI CARLO FERREIRA E SILVA;DR ARTHUR;REPUBLICANOS;ELEITO;TSE (dados abertos)
41602;SÃO JOÃO DAS MISSÕES;MG;2025-2028;JAIR CAVALCANTE BARBOSA;JAIR XAKRIABÁ;REPUBLICANOS;ELEITO;TSE (dados abertos)
40959;AUGUSTO DE LIMA;MG;2025-2028;FABIANO HENRIQUE DOS PASSOS;FABIANO;PSD;ELEITO;TSE (dados abertos)
42102;GAMELEIRAS;MG;2025-2028;CARLOS DE OLIVEIRA PRIMO;CARLINHOS DE ADELICIO;PRD;ELEITO;TSE (dados abertos)
47074;JECEABA;MG;2025-2028;FABIO VASCONCELOS;FABIO VASCONCELOS;PSDB;ELEITO;TSE (dados abertos)
48895;NAZARENO;MG;2025-2028;DIEGO FREITAS ALVARENGA;DIEGO ALVARENGA;PRD;ELEITO;TSE (dados abertos)
42595;CARAÍ;MG;2025-2028;FABRÍCIO SANTOS FONSECA;DR FABRÍCIO;MDB;ELEITO;TSE (dados abertos)
48950;NOVA LIMA;MG;2025-2028;JOÃO MARCELO DIEGUEZ PEREIRA;JOÃO MARCELO;CIDADANIA;ELEITO;TSE (dados abertos)
40525;PALMÓPOLIS;MG;2025-2028;LEANDRO PINTO ROCHA;LEO ROCHA;PSD;ELEITO;TSE (dados abertos)
42714;CAREAÇU;MG;2025-2028;EUGÊNIO RIBEIRO DOS SANTOS NETO;NETINHO;UNIÃO;ELEITO;TSE (dados abertos)
48933;NOVA ERA;MG;2025-2028;TXAI SILVA COSTA;TXAI;REDE;ELEITO;TSE (dados abertos)
50253;PIRAÚBA;MG;2025-2028;ANDRE LUIS SALGADO XAVIER;ANDREZINHO XAVIER;PSD;ELEITO;TSE (dados abertos)
50490;POUSO ALEGRE;MG;2025-2028;JOSE DIMAS DA SILVA FONSECA;CORONEL DIMAS;REPUBLICANOS;ELEITO;TSE (dados abertos)
50830;RESENDE COSTA;MG;2025-2028;LUCAS PAULO DE ASSIS VALE;LUCAS PAULO;PSD;ELEITO;TSE (dados abertos)
54291;VIEIRAS;MG;2025-2028;RICARDO CELLES MAIA;RICARDO MAIA;PSD;ELEITO;TSE (dados abertos)
40274;ALBERTINA;MG;2025-2028;FELIPE TEODORO SANCHES;FELIPE DA SAÚDE;PSDB;ELEITO;TSE (dados abertos)
43770;CORDISBURGO;MG;2025-2028;ALDAIR MARQUES MARTINS;ALDAIR CRISTALEIRO;PSD;ELEITO;TSE (dados abertos)
42161;GOIANÁ;MG;2025-2028;PAULO ROBERTO DE ASSIS;PAVAOZINHO;PSD;ELEITO;TSE (dados abertos)
52230;SÃO FRANCISCO DE PAULA;MG;2025-2028;JOÃO ÊNIO LIMA;JOÃO ÊNIO;PSDB;ELEITO;TSE (dados abertos)
53252;SERICITA;MG;2025-2028;SEBASTIAO ROBISON CRUZ DOS REIS;ROBISON;UNIÃO;ELEITO;TSE (dados abertos)
41734;BRÁS PIRES;MG;2025-2028;DOMINGOS RIVELLI TEIXEIRA NOGUEIRA;DOMINGUIM;PP;ELEITO;TSE (dados abertos)
41939;CACHOEIRA DE MINAS;MG;2025-2028;MARISTELA COSTA E BUSTAMANTE;MARISTELA COSTA;UNIÃO;ELEITO;TSE (dados abertos)
44733;ENGENHEIRO CALDAS;MG;2025-2028;CLAUDINEI MARTINS VASCONCELOS;CLAUDINEI;PL;ELEITO;TSE (dados abertos)
45012;EXTREMA;MG;2025-2028;FABRÍCIO SANCHEZ BERGAMIN;DR FABRÍCIO;PDT;ELEITO;TSE (dados abertos)
52515;SÃO JOÃO DO ORIENTE;MG;2025-2028;FILIPE FERREIRA VAZ;FILIPE DA FARMACIA;PSDB;ELEITO;TSE (dados abertos)
53015;SÃO TOMÁS DE AQUINO;MG;2025-2028;DANIEL FERREIRA DA SLVA;DANIEL TINECA;PSD;ELEITO;TSE (dados abertos)
53856;TRÊS CORAÇÕES;MG;2025-2028;DIMAS PEREIRA E ABRAHÃO;DIMAS ABRAHÃO;PSDB;ELEITO;TSE (dados abertos)
42870;CARMO DO RIO CLARO;MG;2025-2028;FILIPE CARDOSO CARIELO;FILIPE CARIELO;PSD;ELEITO;TSE (dados abertos)
42935;CARVALHÓPOLIS;MG;2025-2028;PEDRO GONÇALVES FILHO;PEDRINHO PITANGA;MDB;ELEITO;TSE (dados abertos)
47112;JEQUITAÍ;MG;2025-2028;ELDIMA CALDEIRA BENFICA;BINHA;MDB;ELEITO;TSE (dados abertos)
48151;MATIAS BARBOSA;MG;2025-2028;MAURICIO DOS REIS DOMINGOS;MAURICIO VETERINÁRIO;PSB;ELEITO;TSE (dados abertos)
48470;MOEMA;MG;2025-2028;JOSE GERALDO ANDALECIO COSTA;CRIOLO;PL;ELEITO;TSE (dados abertos)
49190;OURO FINO;MG;2025-2028;ANTÔNIO BENEDITO SALGUEIRO MIGUEL;TONINHO MIGUEL;NOVO;ELEITO;TSE (dados abertos)
49530;PASSA TEMPO;MG;2025-2028;JUSCELINO ROCHA;JUSCELINO ROCHA;REPUBLICANOS;ELEITO;TSE (dados abertos)
42382;SERRANÓPOLIS DE MINAS;MG;2025-2028;MAX VINICIUS AGUIAR MARTINS;MARCÃO;PT;ELEITO;TSE (dados abertos)
43834;COROACI;MG;2025-2028;RONEY ALVES DE BRITO;RONEY;REPUBLICANOS;ELEITO;TSE (dados abertos)
44938;ESTRELA DO INDAIÁ;MG;2025-2028;JURACI FRANCISCO SANTANA;DOUTOR JURACI;PODE;ELEITO;TSE (dados abertos)
45195;FLORESTAL;MG;2025-2028;WAGNER DOS SANTOS JUNIOR;JUNINHO DO WAGUINHO;MOBILIZA;ELEITO;TSE (dados abertos)
52752;SÃO MIGUEL DO ANTA;MG;2025-2028;VICENTE PATRÍCIO DE SOUZA JÚNIOR;JUNINHO SIVIRINO;UNIÃO;ELEITO;TSE (dados abertos)
42331;CANAÃ;MG;2025-2028;JOSÉ IVANIR MIRANDA DUARTE;ZÉ IVANIR;PRD;ELEITO;TSE (dados abertos)
46531;ITAMBACURI;MG;2025-2028;JOVANI FERREIRA DOS SANTOS;JOVANI SANTOS;AVANTE;ELEITO;TSE (dados abertos)
47619;LASSANCE;MG;2025-2028;ATLOS CACIO DE SOUZA PEREIRA GOMES;ATLOS CÁCIO;PDT;ELEITO;TSE (dados abertos)
51810;SANTANA DOS MONTES;MG;2025-2028;ALOISO VIANA DA SILVA;ALOISO DO ÔNIBUS;PRD;ELEITO;TSE (dados abertos)
40312;ALFENAS;MG;2025-2028;FABIO MARQUES FLORENCIO;FABIO DA ONCOLOGIA;PT;ELEITO;TSE (dados abertos)
43354;COLUNA;MG;2025-2028;NILSON ROCHA DOS ANJOS;NILSON DO BETO VIEIRA;MDB;ELEITO;TSE (dados abertos)
51772;SANTANA DO MANHUAÇU;MG;2025-2028;FRANCISCO DE PAULO FREITAS;PAULINHO CHICÓ DA DIGUDINHO;PSD;ELEITO;TSE (dados abertos)
52191;SÃO DOMINGOS DO PRATA;MG;2025-2028;FERNANDO ROLLA;FERNANDO ROLLA;AVANTE;ELEITO;TSE (dados abertos)
52817;SÃO PEDRO DO SUAÇUÍ;MG;2025-2028;EUZÉBIO TEIXEIRA DE SOUZA;TCHUCA EUZÉBIO;SOLIDARIEDADE;ELEITO;TSE (dados abertos)
53899;TUMIRITINGA;MG;2025-2028;NILSON GUIMARÃES;NILSÃO DO CAMINHÃO;MDB;ELEITO;TSE (dados abertos)
40886;URUCUIA;MG;2025-2028;JOSÉ AILSON DANTAS QUEIROZ;AILSÃO;MDB;ELEITO;TSE (dados abertos)
43036;CONCEIÇÃO DA BARRA DE MINAS;MG;2025-2028;FERNANDO LELLIS PALUMBO;FERNANDO PALUMBO;PSDB;ELEITO;TSE (dados abertos)
41300;PATIS;MG;2025-2028;ELIVALDO VERSIANI SOUZA;ELIVALDO VERSIANI;UNIÃO;ELEITO;TSE (dados abertos)
42536;CAPITÃO ENÉAS;MG;2025-2028;REINALDO LANDULFO TEIXEIRA;REI;SOLIDARIEDADE;ELEITO;TSE (dados abertos)
42790;CARMO DA MATA;MG;2025-2028;MÔNICA BORGES DE SOUSA;MÔNICA;PL;ELEITO;TSE (dados abertos)
43494;CONCEIÇÃO DO MATO DENTRO;MG;2025-2028;OTACÍLIO NETO COSTA MATTOS;OTACILINHO;PSB;ELEITO;TSE (dados abertos)
45934;IBIRACI;MG;2025-2028;PAULO CEZAR DE OLIVEIRA;CESAR DA ESTANCIA;PL;ELEITO;TSE (dados abertos)
46914;JABOTICATUBAS;MG;2025-2028;RACLY ARAÚJO ANDRADE;RACLY ANDRADE;SOLIDARIEDADE;ELEITO;TSE (dados abertos)
51071;RIO NOVO;MG;2025-2028;GUILHERME DE SOUZA NOGUEIRA;GUILHERME NOGUEIRA;REPUBLICANOS;ELEITO;TSE (dados abertos)
51594;SANTA MARIA DE ITABIRA;MG;2025-2028;ANDRÉ LUCIO TORRES;ANDRÉ;PSD;ELEITO;TSE (dados abertos)
40614;ANTÔNIO PRADO DE MINAS;MG;2025-2028;FERDINANDO CALIAN PEREIRA;FERDINANDO;PSD;ELEITO;TSE (dados abertos)
52710;SÃO JOSÉ DO MANTIMENTO;MG;2025-2028;ANDREIA TEIXEIRA NEVES GOMES;ANDREIA DO HELINHO;PDT;ELEITO;TSE (dados abertos)
47490;LAGOA FORMOSA;MG;2025-2028;JOSE WILSON AMORIM;ZE AMORIM;PODE;ELEITO;TSE (dados abertos)
43419;CONCEIÇÃO DA APARECIDA;MG;2025-2028;JOSE ANTONIO FERREIRA;TONHÃO;PL;ELEITO;TSE (dados abertos)
46213;INIMUTABA;MG;2025-2028;EMERSOMM DANEZZI;EMERSOMM DANEZZI;PSD;ELEITO;TSE (dados abertos)
49794;PEDRA DOURADA;MG;2025-2028;FAGNER FERREIRA VEIGA;FAGNER FERREIRA FÁ;UNIÃO;ELEITO;TSE (dados abertos)
50679;PRESIDENTE OLEGÁRIO;MG;2025-2028;RHENYS DA SILVA CAMBRAIA;RHENYS CAMBRAIA;REPUBLICANOS;ELEITO;TSE (dados abertos)
40690;ARAGUARI;MG;2025-2028;RENATO CARVALHO FERNANDES;RENATO CARVALHO;REPUBLICANOS;ELEITO;TSE (dados abertos)
51691;SANTANA DE PIRAPAMA;MG;2025-2028;MARCOS HENRIQUE GOMES TAMEIRAO;MARQUINHO TAMEIRÃO;UNIÃO;ELEITO;TSE (dados abertos)
52418;SÃO GOTARDO;MG;2025-2028;MAKOTO EDISON SEKITA;MAKOTO SEKITA;PSD;ELEITO;TSE (dados abertos)
40657;ARACITABA;MG;2025-2028;TEREZINHA MARCÍLIA DO AMARAL TOLEDO;MARCÍLIA DO NENÉM;PSDB;ELEITO;TSE (dados abertos)
42676;CARATINGA;MG;2025-2028;GIOVANNI CORREA DA SILVA;DR GIOVANNI;PL;ELEITO;TSE (dados abertos)
50792;RAUL SOARES;MG;2025-2028;SÍLVIO CLÁUDIO SILVEIRA;SILVINHO DA ANTARCTICA;PP;ELEITO;TSE (dados abertos)
51616;SANTA MARIA DO SALTO;MG;2025-2028;DAMIÃO SOUZA ORMUNDO;BIDA;SOLIDARIEDADE;ELEITO;TSE (dados abertos)
53090;SARDOÁ;MG;2025-2028;IVANIA MARIA MAIA;IVANIA MAIA;MDB;ELEITO;TSE (dados abertos)
53295;SERRA AZUL DE MINAS;MG;2025-2028;LEONARDO ELEOTERIO CANDIDO;LEONARDO ENFERMEIRO;PSDB;ELEITO;TSE (dados abertos)
41084;MONTE FORMOSO;MG;2025-2028;JANIO MIRANDA RAMALHO;JANIO;SOLIDARIEDADE;ELEITO;TSE (dados abertos)
40398;ALTEROSA;MG;2025-2028;MARCELO NUNES DE SOUZA;MARCELO NUNES;PSD;ELEITO;TSE (dados abertos)
44334;DIOGO DE VASCONCELOS;MG;2025-2028;JOÃO CLAUDIO DE SOUZA;JOÃO CLAUDIO;PRD;ELEITO;TSE (dados abertos)
40746;SÃO JOÃO DO MANTENINHA;MG;2025-2028;DANILO SOARES DE LIMA;DANILO MUQUECA;PODE;ELEITO;TSE (dados abertos)
42234;CAMPO BELO;MG;2025-2028;ADALBERTO RIBEIRO LOPES;ADALBERTO LOPES;PL;ELEITO;TSE (dados abertos)
42390;CANDEIAS;MG;2025-2028;HEBERTON CAETANO DE FARIA;JUCÃO;PP;ELEITO;TSE (dados abertos)
40967;LEME DO PRADO;MG;2025-2028;JOSEANY CORDEIRO SANTOS;JOSY CORDEIRO;PODE;ELEITO;TSE (dados abertos)
49972;PERDÕES;MG;2025-2028;GUILHERME PEREIRA FREITAS;GUILHERME DA CULTURA;UNIÃO;ELEITO;TSE (dados abertos)
45314;FRANCISCO DUMONT;MG;2025-2028;NILSON JOSÉ DE AZEVEDO;NILSON AZEVEDO;UNIÃO;ELEITO;TSE (dados abertos)
42064;FREI LAGONEGRO;MG;2025-2028;EDNEZIO SILVA DOS SANTOS;EDNEZIO;AVANTE;ELEITO;TSE (dados abertos)
45730;GUAXUPÉ;MG;2025-2028;JARBAS CORRÊA FILHO;JARBINHAS;PSDB;ELEITO;TSE (dados abertos)
47139;JEQUITIBÁ;MG;2025-2028;LUIZ CARLOS PINHEIRO;LUIZ DA AMBULÂNCIA;PL;ELEITO;TSE (dados abertos)
49590;PATOS DE MINAS;MG;2025-2028;LUÍS EDUARDO FALCÃO FERREIRA;FALCÃO;NOVO;ELEITO;TSE (dados abertos)
53376;SERRANIA;MG;2025-2028;ALEXANDRA MARIA DE OLIVEIRA DIAS BUENO;XANDA;AVANTE;ELEITO;TSE (dados abertos)
46051;IGUATAMA;MG;2025-2028;LUCAS VIEIRA LOPES;LUCAS DO DR. CÉLIO;AVANTE;ELEITO;TSE (dados abertos)
53414;SERRO;MG;2025-2028;EPAMINONDAS PIRES DE MIRANDA;NONDAS MIRANDA;PL;ELEITO;TSE (dados abertos)
42315;CAMPOS GERAIS;MG;2025-2028;MIRO LUCIO PEREIRA;MIRO FALCÃO;PSDB;ELEITO;TSE (dados abertos)
47937;MARAVILHAS;MG;2025-2028;JOSE BONAPARTE VASCONCELOS FONSECA;BONAPARTE;PSD;ELEITO;TSE (dados abertos)
42056;CALDAS;MG;2025-2028;AILTON PEREIRA GOULART;AILTON GOULART;MDB;ELEITO;TSE (dados abertos)
42250;CAMPO DO MEIO;MG;2025-2028;SAMUEL AZEVEDO MARINHO;SAMUEL;PSD;ELEITO;TSE (dados abertos)
40088;CARNEIRINHO;MG;2025-2028;WILLIAN MARTINS MAIA;WILLIAN MAIA;REPUBLICANOS;ELEITO;TSE (dados abertos)
46779;ITAVERAVA;MG;2025-2028;WANDERLEY LOPES;DELEI DO BANANAL;PL;ELEITO;TSE (dados abertos)
48798;MUTUM;MG;2025-2028;CLAUDINEI CLEMENTE DE FREITAS;CLAUDINEI CLEMENTE;REPUBLICANOS;ELEITO;TSE (dados abertos)
51470;SANTA CRUZ DO ESCALVADO;MG;2025-2028;GILMAR DE PAULA LIMA;GILMAR;MOBILIZA;ELEITO;TSE (dados abertos)
46132;INDIANÓPOLIS;MG;2025-2028;SELMO ALVES DE SOUZA;SELMO;CIDADANIA;ELEITO;TSE (dados abertos)
40401;MAMONAS;MG;2025-2028;VALDECI CUSTÓDIO JORGE;VALDECI;AVANTE;ELEITO;TSE (dados abertos)
51098;RIO PARANAÍBA;MG;2025-2028;ALVIMAR ADRIANO ALVES;ADRIANO;PL;ELEITO;TSE (dados abertos)
53791;TOCANTINS;MG;2025-2028;SILAS FORTUNATO DE CARVALHO;SILAS FORTUNATO;PRD;ELEITO;TSE (dados abertos)
54259;VESPASIANO;MG;2025-2028;JOSE WINSTON DA SILVA;ZÉ WILSON;PSDB;ELEITO;TSE (dados abertos)
48038;MARIPÁ DE MINAS;MG;2025-2028;VAGNER FONSECA COSTA;VAGNER;REPUBLICANOS;ELEITO;TSE (dados abertos)
49492;PASSABÉM;MG;2025-2028;LUCIANO DE SÁ MADUREIRA;LUCIANO;MOBILIZA;ELEITO;TSE (dados abertos)
50474;POTÉ;MG;2025-2028;MARIO SERGIO SANTOS;SERGINHO;MDB;ELEITO;TSE (dados abertos)
51993;SANTO ANTÔNIO DO AVENTUREIRO;MG;2025-2028;AMAURY DE SÁ FERREIRA;AMAURY DE SÁ;MDB;ELEITO;TSE (dados abertos)
53473;SILVIANÓPOLIS;MG;2025-2028;LÚCIO TADEU ANDRADE PEIXOTO;LÚCIO DA SORVETERIA;PSD;ELEITO;TSE (dados abertos)
47759;LUZ;MG;2025-2028;AILTON DUARTE;AILTON DUARTE;PL;ELEITO;TSE (dados abertos)
44792;ERVÁLIA;MG;2025-2028;JOSÉ MAURO GODINHO;MAURO GODINHO;PSD;ELEITO;TSE (dados abertos)
46558;ITAMBÉ DO MATO DENTRO;MG;2025-2028;CLEIDILENY APARECIDA CHAVES;CLEIDILENY;PP;ELEITO;TSE (dados abertos)
48712;MORRO DA GARÇA;MG;2025-2028;MÁRCIO TÚLIO LEITE ROCHA;MÁRCIO ROCHA;PSD;ELEITO;TSE (dados abertos)
50598;PRATINHA;MG;2025-2028;WELLINGTON JOSÉ CARNEIRO;WELLINGTON;AVANTE;ELEITO;TSE (dados abertos)
53716;TEÓFILO OTONI;MG;2025-2028;FÁBIO MARINHO DOS SANTOS;MARINHO;PL;ELEITO;TSE (dados abertos)
45233;FORMOSO;MG;2025-2028;DINARTE HENRIQUE GUEDES DE ORNELAS;DINARTE;PL;ELEITO;TSE (dados abertos)
46930;JACINTO;MG;2025-2028;LEONARDO AUGUSTO DE SOUZA;LEO PONTO CERTO;PP;ELEITO;TSE (dados abertos)
53210;SENHORA DO PORTO;MG;2025-2028;SEBASTIAO AUGUSTO DE ANDRADE FILHO;DEZINHO;REPUBLICANOS;ELEITO;TSE (dados abertos)
54330;VIRGEM DA LAPA;MG;2025-2028;AVERALDO MOREIRA MARTINS;DIM;PT;ELEITO;TSE (dados abertos)
40053;ABRE CAMPO;MG;2025-2028;MARCIO PESSOA MOREIRA VICTOR;MARCINHO VICTOR;PSDB;ELEITO;TSE (dados abertos)
42510;CAPINÓPOLIS;MG;2025-2028;LUCIANO BATISTA BELCHIOR;LUCIANO BELCHIOR;MDB;ELEITO;TSE (dados abertos)
46256;IPATINGA;MG;2025-2028;GUSTAVO MORAIS NUNES;GUSTAVO NUNES;PL;ELEITO;TSE (dados abertos)
48437;MIRAÍ;MG;2025-2028;ADAELSON DE ALMEIDA MAGALHÃES;ADAELSON MAGALHÃES;REPUBLICANOS;ELEITO;TSE (dados abertos)
48550;MONTE ALEGRE DE MINAS;MG;2025-2028;RODRIGO DE ALVIM MENDONÇA;RODRIGO ALVIM;PSD;ELEITO;TSE (dados abertos)
48690;MORADA NOVA DE MINAS;MG;2025-2028;HERMANO ALVARES FRANCISCO DE MOURA;DR. HERMANO;PSDB;ELEITO;TSE (dados abertos)
47392;LADAINHA;MG;2025-2028;RONAN JARDIM CESAR;RONAN CÉSAR;AVANTE;ELEITO;TSE (dados abertos)
53872;TRÊS PONTAS;MG;2025-2028;LUIS CARLOS DA SILVA;LUISINHO;PSD;ELEITO;TSE (dados abertos)
43370;COMENDADOR GOMES;MG;2025-2028;REGINALDO DA SILVA;REGINALDO SILVA;PL;ELEITO;TSE (dados abertos)
48917;NEPOMUCENO;MG;2025-2028;ELIAS NATAL LIMA DE MENEZES;ELIAS;PSDB;ELEITO;TSE (dados abertos)
52299;SÃO GERALDO;MG;2025-2028;WALMIR ROCHA LOPES;WALMIR;UNIÃO;ELEITO;TSE (dados abertos)
41297;BERILO;MG;2025-2028;ELANE LUIZ ALVES;ELANE LUIZ;UNIÃO;ELEITO;TSE (dados abertos)
42617;CARANAÍBA;MG;2025-2028;FÁBIO HENRIQUES DUTRA;FABINHO;MDB;ELEITO;TSE (dados abertos)
40444;MATIAS CARDOSO;MG;2025-2028;MARIA DE LOURDES RODRIGUES DA SILVA FILHA CORDEIRO;PRETINHA DE MERSON;PT;ELEITO;TSE (dados abertos)
48399;MIRABELA;MG;2025-2028;FERNANDO HENRIQUE RABELO PORTO;FERNANDO RABELO;AVANTE;ELEITO;TSE (dados abertos)
51896;SANTA RITA DO ITUETO;MG;2025-2028;ODENIR RAPOSO DE OLIVEIRA;ODENIR RAPOSO;REPUBLICANOS;ELEITO;TSE (dados abertos)
48771;MURIAÉ;MG;2025-2028;MARCOS GUARINO DE OLIVEIRA;DR MARCOS GUARINO;PSB;ELEITO;TSE (dados abertos)
50016;PIAU;MG;2025-2028;WANDERLUCIO DE CASTRO LOURES;WANDER;PP;ELEITO;TSE (dados abertos)
40134;ÁGUA COMPRIDA;MG;2025-2028;GUSTAVO DE ALMEIDA GONÇALVES;GUSTAVO ALMEIDA;PSD;ELEITO;TSE (dados abertos)
49018;NOVA RESENDE;MG;2025-2028;LUIZ ITAMAR GONZAGA;ITAMARZINHO;PL;ELEITO;TSE (dados abertos)
51438;SANTA BÁRBARA;MG;2025-2028;ALCEMIR JOSE MOREIRA;ALCEMIR MOREIRA;CIDADANIA;ELEITO;TSE (dados abertos)
41629;SÃO JOAQUIM DE BICAS;MG;2025-2028;MATHEUS ANTONIO LARA MAIA RESENDE;MATHEUS RESENDE;PP;ELEITO;TSE (dados abertos)
40606;RIACHINHO;MG;2025-2028;NEIZON REZENDE DA SILVA;NEIZON REZENDE;PODE;ELEITO;TSE (dados abertos)
41688;ANGELÂNDIA;MG;2025-2028;CLÁUDIO ROBERTO GOMES;NEGO DE DOMICIO;PRD;ELEITO;TSE (dados abertos)
43613;CONGONHAS DO NORTE;MG;2025-2028;FABRICIO APARECIDO OTONI;FABRICIO ENFERMEIRO;PSD;ELEITO;TSE (dados abertos)
44350;DIONÍSIO;MG;2025-2028;MARCINY MARTINS PEREIRA;MARCINY;PRD;ELEITO;TSE (dados abertos)
48275;MEDINA;MG;2025-2028;LUCAS ALVES PEREIRA;LUCAS LUTERPLAN;MDB;ELEITO;TSE (dados abertos)
50237;PIRAPORA;MG;2025-2028;ALEXANDRO COSTA CESAR;ALEX CESAR;UNIÃO;ELEITO;TSE (dados abertos)
40410;ALTO RIO DOCE;MG;2025-2028;VICTOR DE PAIVA LOPES;VICTOR DA MARIA ALICE;MDB;ELEITO;TSE (dados abertos)
41173;BARROSO;MG;2025-2028;ANDERSON GERALDO DE PAULA;ANDERSON;PSD;ELEITO;TSE (dados abertos)
43931;CORONEL XAVIER CHAVES;MG;2025-2028;SIDINEI RESENDE PAIVA;SIDINEI RESENDE PAIVA;REDE;ELEITO;TSE (dados abertos)
47570;LAMIM;MG;2025-2028;WALDINEY DE SOUZA CAMPOS;WALDINEY;UNIÃO;ELEITO;TSE (dados abertos)
48496;MONJOLOS;MG;2025-2028;PAULO ZILLE NETO;PAULO ZILLE;MDB;ELEITO;TSE (dados abertos)
49158;ONÇA DE PITANGUI;MG;2025-2028;GUMERCINDO PEREIRA;GUMERCINDO PEREIRA;MDB;ELEITO;TSE (dados abertos)
43990;CÓRREGO NOVO;MG;2025-2028;ELON DE OLIVEIRA FERRARI;ELON FERRARI;PSB;ELEITO;TSE (dados abertos)
42188;GUARACIAMA;MG;2025-2028;JOSÉ MARIA FIGUEIREDO SOBRINHO;ZE MARIA DEDIM;SOLIDARIEDADE;ELEITO;TSE (dados abertos)
49336;PALMA;MG;2025-2028;JOSIMAR DA SILVA RODRIGUES;SYMÁ RODRIGUES;PODE;ELEITO;TSE (dados abertos)
52698;SÃO JOSÉ DO JACURI;MG;2025-2028;DANIELLY MARINHO ROCHA LUCENA;DANIELLY ROCHA;PRD;ELEITO;TSE (dados abertos)
10189;COIVARAS;PI;2025-2028;JOÃO DA CRUZ MOURÃO;JOÃO MOURÃO;PT;ELEITO;TSE (dados abertos)
12270;VÁRZEA GRANDE;PI;2025-2028;ROBERT EUDES NUNES DE SOUSA SEGUNDO;DR SEGUNDO;PDT;ELEITO;TSE (dados abertos)
12181;CURRAL NOVO DO PIAUÍ;PI;2025-2028;EDGAR FRANCISCO DO NASCIMENTO JUNIOR;JUNINHO DE MARINALVA;MDB;ELEITO;TSE (dados abertos)
11355;NOSSA SENHORA DOS REMÉDIOS;PI;2025-2028;JOSÉ FERNANDO OLIVEIRA DE BRITO;ZÉ FERNANDO;PSD;ELEITO;TSE (dados abertos)
12556;VERA MENDES;PI;2025-2028;CARLOS JOSÉ DA SILVA;DR CARLIM;PSD;ELEITO;TSE (dados abertos)
12661;SÃO MIGUEL DA BAIXA GRANDE;PI;2025-2028;FRANCISCO BISPO DAS CHAGAS;BISPO;PSD;ELEITO;TSE (dados abertos)
11088;SÃO JOÃO DA CANABRAVA;PI;2025-2028;ELSON SILVA DE SOUSA;ELSON SILVA;MDB;ELEITO;TSE (dados abertos)
12696;COCAL DOS ALVES;PI;2025-2028;WODSON GIAN SILVA VIEIRA;WODSON VIEIRA;PT;ELEITO;TSE (dados abertos)
11851;SANTA LUZ;PI;2025-2028;ARQUEL ALVES PEREIRA;ARQUEL ALVES;PSB;ELEITO;TSE (dados abertos)
10065;BOM PRINCÍPIO DO PIAUÍ;PI;2025-2028;FRANCISCO APOLINARIO COSTA MORAES;APOLINARIO;PSB;ELEITO;TSE (dados abertos)
12416;JUAZEIRO DO PIAUÍ;PI;2025-2028;JOSE WILSON PEREIRA GOMES;WILSON GOMES;MDB;ELEITO;TSE (dados abertos)
11134;LUIS CORREIA;PI;2025-2028;MARIA DAS DORES FONTENELE BRITO;MANINHA FONTENELE;PT;ELEITO;TSE (dados abertos)
12491;PEDRO LAURENTINO;PI;2025-2028;CARLOS HENRIQUE COELHO REIS;CARLINHOS REIS;MDB;ELEITO;TSE (dados abertos)
10243;CORONEL JOSÉ DIAS;PI;2025-2028;VICTOR CESAR DE CARVALHO;DR VICTOR CARVALHO;PSD;ELEITO;TSE (dados abertos)
11037;JAICÓS;PI;2025-2028;JOSE WESLLY DE OLIVEIRA BISPO;WESLLY BISPO;PSD;ELEITO;TSE (dados abertos)
11177;MANOEL EMÍDIO;PI;2025-2028;ORLANDO ALMEIDA DE ARAUJO;ORLANDO CRISPIM;PSD;ELEITO;TSE (dados abertos)
12475;MURICI DOS PORTELAS;PI;2025-2028;ANA LINA DE CARVALHO CUNHA SALES;DRA ANA LINA;PSD;ELEITO;TSE (dados abertos)
10103;BURITI DOS MONTES;PI;2025-2028;JOSÉ OLAVO MARINHO DE LOIOLA JÚNIOR;OLAVO JÚNIOR;MDB;ELEITO;TSE (dados abertos)
10987;SÃO JOÃO DO ARRAIAL;PI;2025-2028;ABDORAL MELO DA SILVA;ABDORAL MELO;PT;ELEITO;TSE (dados abertos)
10561;SÃO LOURENÇO DO PIAUÍ;PI;2025-2028;THIAGO DAMASCENO RIBEIRO SANTANA;DR THIAGO;PSD;ELEITO;TSE (dados abertos)
10049;BAIXA GRANDE DO RIBEIRO;PI;2025-2028;JOSÉ LUIS SOUSA;DR ZÉ LUIS;PT;ELEITO;TSE (dados abertos)
10162;CANAVIEIRA;PI;2025-2028;ERIKA DE ALBUQUERQUE FONSECA;ÉRIKA;PT;ELEITO;TSE (dados abertos)
12041;SEBASTIÃO BARROS;PI;2025-2028;PABLO CUSTODIO MENDES DE CARVALHO;PABLO CARVALHO;PSD;ELEITO;TSE (dados abertos)
10588;VÁRZEA BRANCA;PI;2025-2028;RAIMUNDO NONATO ALVES PAES LANDIM;NONATINHO;PT;ELEITO;TSE (dados abertos)
10340;LAGOA DO BARRO DO PIAUÍ;PI;2025-2028;REGINALDO APARECIDO COSTA COELHO;REGINALDO COELHO;MDB;ELEITO;TSE (dados abertos)
11738;REDENÇÃO DO GURGUÉIA;PI;2025-2028;ARLEI FIGUEIREDO BORGES;DR ARLEI;MDB;ELEITO;TSE (dados abertos)
12254;VALENÇA DO PIAUÍ;PI;2025-2028;MARCELO COSTA E SILVA;MARCELO COSTA;PP;ELEITO;TSE (dados abertos)
10960;NOVA SANTA RITA;PI;2025-2028;HELI MARQUES DE CARVALHO;HELI MARQUES;PP;ELEITO;TSE (dados abertos)
11312;MONTE ALEGRE DO PIAUÍ;PI;2025-2028;DIJALMA GOMES MASCARENHAS;DIJALMA MASCARENHAS;PSD;ELEITO;TSE (dados abertos)
12440;MADEIRO;PI;2025-2028;ALANDELON ARAUJO DOS SANTOS;ALANDELON DO ZÉ FILHO;PSD;ELEITO;TSE (dados abertos)
10502;SÃO BRAZ DO PIAUÍ;PI;2025-2028;DEBORAH SAYONARA SANTOS CARDOSO;DEBORAH CARDOSO;MDB;ELEITO;TSE (dados abertos)
10685;DOM INOCÊNCIO;PI;2025-2028;FERNANDE RIBEIRO DE CASTRO FILHO;FERNANDINHO;PSD;ELEITO;TSE (dados abertos)
10324;LAGOA ALEGRE;PI;2025-2028;OSAEL MOITA LEAL;DR OSAELZIM;PDT;ELEITO;TSE (dados abertos)
11118;LANDRI SALES;PI;2025-2028;DELISMON SOARES PEREIRA;DELISMON;MDB;ELEITO;TSE (dados abertos)
12149;BOQUEIRÃO DO PIAUÍ;PI;2025-2028;GENIR FERREIRA DA SILVA;GENIR FERREIRA;PT;ELEITO;TSE (dados abertos)
11096;JOSÉ DE FREITAS;PI;2025-2028;PEDRO GOMES DOS SANTOS FILHO;PEDRO GOMES;PT;ELEITO;TSE (dados abertos)
12459;MORRO DO CHAPÉU DO PIAUÍ;PI;2025-2028;ERIKSON FENELON AGUIAR;ERIKSON FENELON;PSD;ELEITO;TSE (dados abertos)
11517;PARNAGUÁ;PI;2025-2028;MIGUEL OMAR BARRETO RISSI;MIGUELÃO;PP;ELEITO;TSE (dados abertos)
11410;DOMINGOS MOURÃO;PI;2025-2028;MARIA IRINELDA GOMES DE OLIVEIRA SILVA;NELDA;PT;ELEITO;TSE (dados abertos)
12572;CAJUEIRO DA PRAIA;PI;2025-2028;FELIPE DE CARVALHO RIBEIRO;FELIPE RIBEIRO;PT;ELEITO;TSE (dados abertos)
10413;CAMPINAS DO PIAUÍ;PI;2025-2028;JOMÁRIO FERREIRA DOS SANTOS;DR JOMARIO;PSD;ELEITO;TSE (dados abertos)
10316;BENEDITINOS;PI;2025-2028;TALLES GUSTAVO MARQUES RODRIGUES;DR. TALLES;PSD;ELEITO;TSE (dados abertos)
10642;BREJO DO PIAUÍ;PI;2025-2028;FABIANO FEITOSA LIRA;FABIANO LIRA;PT;ELEITO;TSE (dados abertos)
11371;NOVO ORIENTE DO PIAUÍ;PI;2025-2028;FRANCISCO AFONSO RIBEIRO SOBREIRA;AFONSO SOBREIRA;PP;ELEITO;TSE (dados abertos)
12025;SÃO JOÃO DA VARJOTA;PI;2025-2028;JOSE DOS SANTOS BARBOSA;ZÉ BARBOSA;PSD;ELEITO;TSE (dados abertos)
11339;NAZARÉ DO PIAUÍ;PI;2025-2028;RONIELTON COSTA DE OLIVEIRA;RONI ABILIO;PSD;ELEITO;TSE (dados abertos)
10332;BERTOLÍNIA;PI;2025-2028;RODRIGO DA ROCHA MARTINS;RODRIGO MARTINS;PSD;ELEITO;TSE (dados abertos)
10715;ELISEU MARTINS;PI;2025-2028;MARCOS AURÉLIO GUIMARÃES DE ARAUJO;DR MARCOS;PSD;ELEITO;TSE (dados abertos)
12351;CAMPO ALEGRE DO FIDALGO;PI;2025-2028;JEAN CARLOS BRAGA RIBEIRO;JEAN CARLOS;PP;ELEITO;TSE (dados abertos)
10626;BELA VISTA DO PIAUÍ;PI;2025-2028;FRANCISCO DE SOUSA NETO;NETO;PT;ELEITO;TSE (dados abertos)
10758;FLORES DO PIAUÍ;PI;2025-2028;EVANDRO FERREIRA DA COSTA;EVANDRO DD;MDB;ELEITO;TSE (dados abertos)
10146;CALDEIRÃO GRANDE DO PIAUÍ;PI;2025-2028;DOUGLAS FILIPE SOUSA GONÇALVES;FILIPE GONÇALVES;PSD;ELEITO;TSE (dados abertos)
10448;SANTA CRUZ DOS MILAGRES;PI;2025-2028;EDILBERTO MENDES GUIMARAES;EDILBERTO RODRIGUES;PP;ELEITO;TSE (dados abertos)
10693;ELESBÃO VELOSO;PI;2025-2028;JOSÉ RONALDO GOMES BARBOSA;RONALDO BARBOSA;PP;ELEITO;TSE (dados abertos)
11657;PIRACURUCA;PI;2025-2028;FRANCISCO MARCELO CARVALHO MENDES;MARCELO JATOBÁ;PSD;ELEITO;TSE (dados abertos)
11436;PADRE MARCOS;PI;2025-2028;WILIANE KELLY DA SILVA;WILIANE KELLY;PSD;ELEITO;TSE (dados abertos)
12599;PORTO ALEGRE DO PIAUÍ;PI;2025-2028;ANTÔNIO AVELINO ROCHA DE NEIVA;AVELINO NEIVA;PP;ELEITO;TSE (dados abertos)
12190;TERESINA;PI;2025-2028;SILVIO MENDES DE OLIVEIRA FILHO;SILVIO MENDES;UNIÃO;ELEITO;TSE (dados abertos)
12432;LAGOINHA DO PIAUÍ;PI;2025-2028;KELLY ALVES ALENCAR;KELLY ALENCAR;MDB;ELEITO;TSE (dados abertos)
12580;CURRALINHOS;PI;2025-2028;EVERARDO LIMA ARAUJO;EVERARDO ARAÚJO;PT;ELEITO;TSE (dados abertos)
12386;JOÃO COSTA;PI;2025-2028;GILSON CASTRO DE ASSIS;GILSON CASTRO;PSD;ELEITO;TSE (dados abertos)
12629;SÃO LUIS DO PIAUÍ;PI;2025-2028;RAIMUNDO RENATO VICENTE DE ARAÚJO SOUSA;RENATO PIO;PP;ELEITO;TSE (dados abertos)
10251;BARREIRAS DO PIAUÍ;PI;2025-2028;MANOEL AROLDO BARREIRA FILHO;AROLDIN;PT;ELEITO;TSE (dados abertos)
12092;SÃO PEDRO DO PIAUÍ;PI;2025-2028;LINDOMAR GONÇALVES DE ALENCAR;MANIN DO POVO;PP;ELEITO;TSE (dados abertos)
12530;TAMBORIL DO PIAUÍ;PI;2025-2028;GLAUERT COELHO ALMEIDA;DR GLAUERT;PODE;ELEITO;TSE (dados abertos)
10170;AROAZES;PI;2025-2028;MANOEL PORTELA DE CARVALHO NETO;MANOEL PORTELA NETO;PT;ELEITO;TSE (dados abertos)
10499;CARACOL;PI;2025-2028;RANILETTI CARVALHO DE MACÊDO;RANILETTI MACEDO;PT;ELEITO;TSE (dados abertos)
10871;GILBUÉS;PI;2025-2028;AMILTON LUSTOSA FIGUEREDO FILHO;AMILTINHO;PSD;ELEITO;TSE (dados abertos)
11070;JOAQUIM PIRES;PI;2025-2028;DEYVISON GONÇALVES CRUZ;DEYVISON CRUZ;PT;ELEITO;TSE (dados abertos)
10669;BOA HORA;PI;2025-2028;DOMINGOS COELHO DE RESENDE;PROFESSOR DOMINGUINHOS;PT;ELEITO;TSE (dados abertos)
10898;GUADALUPE;PI;2025-2028;JESSE JAMES LIMA MIRANDA;JESSE JAMES;PSD;ELEITO;TSE (dados abertos)
10456;CANTO DO BURITI;PI;2025-2028;MARCUS FELLIPE NUNES ALVES;DR FELLIPE ALVES;MDB;ELEITO;TSE (dados abertos)
10782;GEMINIANO;PI;2025-2028;FRANCISCO JAILLSON DA SILVA CAMPOS;JAILLSON CAMPOS;PSD;ELEITO;TSE (dados abertos)
11797;RIO GRANDE DO PIAUÍ;PI;2025-2028;ANTONIO LUIS DA COSTA FEITOSA;ANTONIO LUIS;PSD;ELEITO;TSE (dados abertos)
12505;SÃO FRANCISCO DE ASSIS DO PIAUÍ;PI;2025-2028;ANDRELINO MAXIMIANO DA COSTA FILHO;FILHO;PP;ELEITO;TSE (dados abertos)
12211;UNIÃO;PI;2025-2028;GUSTAVO CONDE MEDEIROS;GUSTAVO MEDEIROS;PP;ELEITO;TSE (dados abertos)
10200;COLÔNIA DO GURGUÉIA;PI;2025-2028;LISIANE FRANCO ROCHA ARAÚJO;LISIANE;MDB;ELEITO;TSE (dados abertos)
10553;CONCEIÇÃO DO CANINDÉ;PI;2025-2028;DIOGO JANES DE OLIVEIRA;DIOGÃO;PSD;ELEITO;TSE (dados abertos)
12335;BELÉM DO PIAUÍ;PI;2025-2028;JÔNATHAS DE CARVALHO NORONHA;JÔNATHAS NORONHA;MDB;ELEITO;TSE (dados abertos)
12220;LAGOA DO SÍTIO;PI;2025-2028;JOSE SAVIO DE MOURA E SILVA;SAVIO MOURA;PP;ELEITO;TSE (dados abertos)
12394;JATOBÁ DO PIAUÍ;PI;2025-2028;RAIMUNDO NONATO GOMES DE OLIVEIRA;HILTON GOMES;PSD;ELEITO;TSE (dados abertos)
11690;PORTO;PI;2025-2028;ALUIZIO MOREIRA VAZ;ALUIZIO VAZ;PT;ELEITO;TSE (dados abertos)
12483;OLHO D'ÁGUA DO PIAUÍ;PI;2025-2028;ANTONIO LEAL DA SILVA;TOINHO;PP;ELEITO;TSE (dados abertos)
11576;PEDRO II;PI;2025-2028;ELISABETE RODRIGUES DE OLIVEIRA NUNES BRANDÃO;BETINHA BRANDÃO;MDB;ELEITO;TSE (dados abertos)
10596;CRISTALÂNDIA DO PIAUÍ;PI;2025-2028;MOISÉS DA CUNHA LEMOS FILHO;MOISÉS FILHO;MDB;ELEITO;TSE (dados abertos)
10944;PAQUETÁ;PI;2025-2028;ANDERSON CLAYTON DA SILVA BARROS;DR CLAYTON BARROS;PP;ELEITO;TSE (dados abertos)
12017;SÃO JOSÉ DO PEIXE;PI;2025-2028;CELSO ANTÔNIO MENDES COIMBRA;DR CELSO ANTÔNIO;PT;ELEITO;TSE (dados abertos)
12700;SÃO MIGUEL DO FIDALGO;PI;2025-2028;ERIMAR SOARES DE SOUSA;DR ERIMAR;MDB;ELEITO;TSE (dados abertos)
10260;FARTURA DO PIAUÍ;PI;2025-2028;ORLANDO COSTA CAMPINHO BRAGA;ORLANDO COSTA;PT;ELEITO;TSE (dados abertos)
10022;ALEGRETE DO PIAUÍ;PI;2025-2028;MARCIO WILLIAN MAIA ALENCAR;MARCIO ALENCAR;PT;ELEITO;TSE (dados abertos)
12521;TANQUE DO PIAUÍ;PI;2025-2028;NATANAEL SALES DE SOUSA;TIEL SALES;PP;ELEITO;TSE (dados abertos)
10812;FRANCISCO AYRES;PI;2025-2028;EUGÊNIA DE SOUSA NUNES;EUGÊNIA NUNES;PDT;ELEITO;TSE (dados abertos)
12289;PAVUSSU;PI;2025-2028;WININCIUS VILANOVA DE MIRANDA;WINICIUS VALÉRIO;PSD;ELEITO;TSE (dados abertos)
10278;BARRO DURO;PI;2025-2028;ELOI PEREIRA DE SOUSA;CORONEL ELOI;PSD;ELEITO;TSE (dados abertos)
10774;FLORIANO;PI;2025-2028;ANTÔNIO REIS NETO;ANTÔNIO REIS;PSD;ELEITO;TSE (dados abertos)
12327;ACAUÃ;PI;2025-2028;REGINALDO RAIMUNDO RODRIGUES;MOLÃO;PSD;ELEITO;TSE (dados abertos)
12297;DIRCEU ARCOVERDE;PI;2025-2028;WALLACE RAMON CAFÉ E SILVA;DR RAMON;MDB;ELEITO;TSE (dados abertos)
12262;PAJEÚ DO PIAUÍ;PI;2025-2028;DALVAN GONÇALVES DE MOURA CARVALHO;DALVAN DE ZEZITO;MDB;ELEITO;TSE (dados abertos)
10391;BURITI DOS LOPES;PI;2025-2028;LAURA ROSA COLLINS DE OLIVEIRA PORTELA;LAURA ROSA;PP;ELEITO;TSE (dados abertos)
10731;ESPERANTINA;PI;2025-2028;IVANARIA DO NASCIMENTO ALVES SAMPAIO;IVANÁRIA SAMPAIO;MDB;ELEITO;TSE (dados abertos)
12106;ASSUNÇÃO DO PIAUÍ;PI;2025-2028;JOVELINO SOARES DA SILVA;JOVE;PSD;ELEITO;TSE (dados abertos)
10936;INHUMA;PI;2025-2028;ELBERT HOLANDA MOURA;DR ELBERT HOLANDA;PSD;ELEITO;TSE (dados abertos)
11592;PICOS;PI;2025-2028;PABLO DANTAS DE MOURA SANTOS;DR PABLO SANTOS;MDB;ELEITO;TSE (dados abertos)
11452;PAES LANDIM;PI;2025-2028;FRANCINALDO MORAES BEZERRA;FRANCINALDO MORAES;PT;ELEITO;TSE (dados abertos)
11673;PIRIPIRI;PI;2025-2028;JOVENILIA ALVES DE OLIVEIRA MONTEIRO;JÔVE OLIVEIRA;PT;ELEITO;TSE (dados abertos)
10952;IPIRANGA DO PIAUÍ;PI;2025-2028;FRANCISCO ELVIS RAMOS VIEIRA;ELVIS RAMOS;PT;ELEITO;TSE (dados abertos)
12114;SÃO RAIMUNDO NONATO;PI;2025-2028;ROGÉRIO ARAÚJO DE CASTRO;ROGÉRIO;MDB;ELEITO;TSE (dados abertos)
11231;MIGUEL ALVES;PI;2025-2028;FRANCISCO ANTONIO REBELO DE PAIVA;VEIM DA FETRAF;MDB;ELEITO;TSE (dados abertos)
11770;RIBEIRO GONÇALVES;PI;2025-2028;AGAMENON PINHEIRO FRANCO;AGAMENON FRANCO;PT;ELEITO;TSE (dados abertos)
11479;PALMEIRA DO PIAUÍ;PI;2025-2028;HUGUEMAR ROSAL LUSTOSA FILHO;HUGO ROSAL;SOLIDARIEDADE;ELEITO;TSE (dados abertos)
11754;REGENERAÇÃO;PI;2025-2028;EDUARDO ALVES CARVALHO;SEU DUA;PSD;ELEITO;TSE (dados abertos)
12300;RIACHO FRIO;PI;2025-2028;JABES LUSTOSA NOGUEIRA JUNIOR;JABES JUNIOR;PSD;ELEITO;TSE (dados abertos)
10766;CURRAIS;PI;2025-2028;RAIMUNDO MARTINS DE SOUSA SANTOS SOBRINHO;DR RAIMUNDO SOBRINHO;MDB;ELEITO;TSE (dados abertos)
10529;SÃO JOSÉ DO DIVINO;PI;2025-2028;MILTON GOMES MACHADO;MILTON GOMES;PP;ELEITO;TSE (dados abertos)
12157;SIMPLÍCIO MENDES;PI;2025-2028;MÁRCIO JOSE PINHEIRO MOURA;MÁRCIO MOURA;PSD;ELEITO;TSE (dados abertos)
10030;ÁGUA BRANCA;PI;2025-2028;JOSE RIBEIRO DA CRUZ JUNIOR;JUNIOR RIBEIRO;PSD;ELEITO;TSE (dados abertos)
12548;VILA NOVA DO PIAUÍ;PI;2025-2028;MANOEL BERNARDO LEAL;BELIM LEAL;PDT;ELEITO;TSE (dados abertos)
10430;CAMPO MAIOR;PI;2025-2028;JOÃO FÉLIX DE ANDRADE FILHO;JOÃOZINHO FÉLIX;PP;ELEITO;TSE (dados abertos)
12203;JÚLIO BORGES;PI;2025-2028;JOÃO PAULO PEREIRA E SILVA;JOÃO PAULO;PP;ELEITO;TSE (dados abertos)
10723;CAMPO GRANDE DO PIAUÍ;PI;2025-2028;FRANCISCO JOSE BEZERRA;DR TICO;PSD;ELEITO;TSE (dados abertos)
11215;MATIAS OLÍMPIO;PI;2025-2028;GENIVALDO NASCIMENTO ALMEIDA;GENO;MDB;ELEITO;TSE (dados abertos)
12670;CARAÚBAS DO PIAUÍ;PI;2025-2028;ANDRESSA MARIA LEAL DE SOUSA;ANDRESSA LEAL;PT;ELEITO;TSE (dados abertos)
10634;CURIMATÁ;PI;2025-2028;JOSE ADELMO DA SILVA;ADELMO DA CINCAL;MDB;ELEITO;TSE (dados abertos)
12319;ALAGOINHA DO PIAUÍ;PI;2025-2028;PEDRO OTACILIO DE SOUSA MOURA;DR PEDRO OTACILIO;PSD;ELEITO;TSE (dados abertos)
12424;LAGOA DO PIAUÍ;PI;2025-2028;CAMILA BARBOSA SOUSA OLIVEIRA;CAMILA BARBOSA;PT;ELEITO;TSE (dados abertos)
11150;LUZILÂNDIA;PI;2025-2028;FERNANDA PINTO MARQUES;FERNANDA MARQUES;PT;ELEITO;TSE (dados abertos)
12467;MASSAPÊ DO PIAUÍ;PI;2025-2028;WILTON COUTINHO SILVA;DR. WILTON;MDB;ELEITO;TSE (dados abertos)
12408;JOCA MARQUES;PI;2025-2028;FABIANNA SPINDOLA MARQUES;FABIANNA FRANCO;MDB;ELEITO;TSE (dados abertos)
10880;MORRO CABEÇA NO TEMPO;PI;2025-2028;JOSUÉ ALVES DA SILVA;JOSUÉ;PP;ELEITO;TSE (dados abertos)
10138;ANÍSIO DE ABREU;PI;2025-2028;RAMON RUBEN DE MACÊDO;RAMON MACÊDO;PT;ELEITO;TSE (dados abertos)
12718;PAU D'ARCO DO PIAUÍ;PI;2025-2028;ANTONIO MILTON DE ABREU PASSOS;MILTON PASSOS;PT;ELEITO;TSE (dados abertos)
12602;RIBEIRA DO PIAUÍ;PI;2025-2028;ANTÔNIO LUIZ DE ARAÚJO COSTA NETO;ANTÔNIO NETO;PT;ELEITO;TSE (dados abertos)
10677;DOM EXPEDITO LOPES;PI;2025-2028;ABIMAEL JOSÉ DO NASCIMENTO LIMA;DR ABIMAEL LIMA;MDB;ELEITO;TSE (dados abertos)
12084;ALVORADA DO GURGUÉIA;PI;2025-2028;LECIO GUSTAVO SOUSA BEZERRA;LÉCIO GUSTAVO;MDB;ELEITO;TSE (dados abertos)
11835;SANTA FILOMENA;PI;2025-2028;FERNANDO ANDRADE COELHO;DR FERNANDO;PSD;ELEITO;TSE (dados abertos)
12378;FRANCISCO MACEDO;PI;2025-2028;ADEILSON ANTÃO DE CARVALHO;NOVIM;MDB;ELEITO;TSE (dados abertos)
10863;LAGOA DE SÃO FRANCISCO;PI;2025-2028;JOÃO ARILSON DE MESQUITA BEZERRA;JOÃO ARILSON;PT;ELEITO;TSE (dados abertos)
10081;BONFIM DO PIAUÍ;PI;2025-2028;PAULO HENRIQUE RIBEIRO;PAULO HENRIQUE;MDB;ELEITO;TSE (dados abertos)
11010;ITAUEIRA;PI;2025-2028;OSMUNDO DE MORAES ANDRADE;DR OSMUNDO;MDB;ELEITO;TSE (dados abertos)
10235;BARRAS;PI;2025-2028;EDILSON SÉRVULO DE SOUSA;EDILSON CAPOTE;PSD;ELEITO;TSE (dados abertos)
10090;AMARANTE;PI;2025-2028;ADRIANO DA GUIA DA SILVA;PROFESSOR ADRIANO;REPUBLICANOS;ELEITO;TSE (dados abertos)
12688;CAXINGÓ;PI;2025-2028;MAGNUM FERNANDO CARDOSO DOS SANTOS;MAGNUM CARDOSO;PP;ELEITO;TSE (dados abertos)
11894;SANTO INÁCIO DO PIAUÍ;PI;2025-2028;AURO APARECIDO DE CARVALHO;DR AURO;PT;ELEITO;TSE (dados abertos)
10111;ANGICAL DO PIAUÍ;PI;2025-2028;BRUNO FERREIRA SOBRINHO NETO;BRUNO NETO;MDB;ELEITO;TSE (dados abertos)
10464;SANTA ROSA DO PIAUÍ;PI;2025-2028;MARLON RODRIGUES DE SOUSA;MARLON SOUSA;MDB;ELEITO;TSE (dados abertos)
10359;BOCAINA;PI;2025-2028;GUILHERME PORTELA DE DEUS MACÊDO;GUILHERME MACÊDO;PT;ELEITO;TSE (dados abertos)
10057;ALTO LONGÁ;PI;2025-2028;BELAUTO MOREIRA TORRES;BELAUTO BIGODE;PT;ELEITO;TSE (dados abertos)
12610;SÃO GONÇALO DO GURGUÉIA;PI;2025-2028;ROSELÍDIA LUSTOSA DE SOUSA MARQUES;ROSELÍDIA;PT;ELEITO;TSE (dados abertos)
10154;ANTÔNIO ALMEIDA;PI;2025-2028;MARCELO TOLEDO LAURINI;MARCELO TOLEDO;MDB;ELEITO;TSE (dados abertos)
10405;PASSAGEM FRANCA DO PIAUÍ;PI;2025-2028;SAULO VINICIUS RODRIGUES SATURNINO;SAULO TRAJANO;PT;ELEITO;TSE (dados abertos)
11614;PIMENTEIRAS;PI;2025-2028;MARIA LUCIA DE LACERDA;LUCIA LACERDA;PSD;ELEITO;TSE (dados abertos)
10855;FRONTEIRAS;PI;2025-2028;EUDES AGRIPINO RIBEIRO;EUDES RIBEIRO;PSD;ELEITO;TSE (dados abertos)
12246;MILTON BRANDÃO;PI;2025-2028;FRANCISCO EVANGELISTA RESENDE;EVANGELISTA RESENDE;MDB;ELEITO;TSE (dados abertos)
10510;CASTELO DO PIAUÍ;PI;2025-2028;JOSE SOARES DE ABREU JÚNIOR;JUNIOR ABREU;PT;ELEITO;TSE (dados abertos)
11711;PRATA DO PIAUÍ;PI;2025-2028;ACELINO MENDES DE MOURA;NETO MENDES;PSD;ELEITO;TSE (dados abertos)
10375;BOM JESUS;PI;2025-2028;NESTOR RENATO PINHEIRO ELVAS;NESTOR ELVAS;MDB;ELEITO;TSE (dados abertos)
10421;QUEIMADA NOVA;PI;2025-2028;GILMAR MACEDO DE ANDRADE;GILMAR;PSD;ELEITO;TSE (dados abertos)
10383;PATOS DO PIAUÍ;PI;2025-2028;JOAQUIM LOPES DOS REIS NETO;JOAQUIM NETO;PSD;ELEITO;TSE (dados abertos)
12009;SÃO JOÃO DA FRONTEIRA;PI;2025-2028;MARCOS ANTONIO DE ANDRADE MATEUS;MARCOS MATEUS;MDB;ELEITO;TSE (dados abertos)
10073;ALTOS;PI;2025-2028;MAXWELL PIRES FERREIRA;MAXWELL DA MARIINHA;MDB;ELEITO;TSE (dados abertos)
11819;SANTA CRUZ DO PIAUÍ;PI;2025-2028;LAÍS BARROSO MARTINS DOS SANTOS NUNES;LAÍS BARROSO;PT;ELEITO;TSE (dados abertos)
11975;SÃO JOÃO DA SERRA;PI;2025-2028;JOÃO FRANCISCO GOMES DA ROCHA;JOÃOZINHO MANÚ;PSD;ELEITO;TSE (dados abertos)
12564;WALL FERRAZ;PI;2025-2028;LUIZ GUILHERME MAIA DE SOUSA;GUILHERME MAIA;PSD;ELEITO;TSE (dados abertos)
12734;AROEIRAS DO ITAIM;PI;2025-2028;FRANCISCO MARCIANO MACEDO;MARCIANO MACEDO;PSD;ELEITO;TSE (dados abertos)
11550;PAULISTANA;PI;2025-2028;OSVALDO MAMEDIO DA COSTA;OSVALDO DA ABELHA BRANCA;MDB;ELEITO;TSE (dados abertos)
10910;HUGO NAPOLEÃO;PI;2025-2028;LUCIANO BARRETO DE CARVALHO FILHO;LUCIANO;PT;ELEITO;TSE (dados abertos)
11193;MARCOS PARENTE;PI;2025-2028;GEDISON ALVES RODRIGUES;DR GEDISON;PSD;ELEITO;TSE (dados abertos)
10294;BATALHA;PI;2025-2028;JOSÉ LUIZ ALVES MACHADO;ZÉ LUIZ DO FRANGO;PP;ELEITO;TSE (dados abertos)
10120;CABECEIRAS DO PIAUÍ;PI;2025-2028;JOSE DA SILVA FILHO;PROF ZE FILHO NELSON;PP;ELEITO;TSE (dados abertos)
10979;ISAÍAS COELHO;PI;2025-2028;WALDEMAR MAURIZ FILHO;DEMAZINHO;PDT;ELEITO;TSE (dados abertos)
11053;JERUMENHA;PI;2025-2028;JOSÉ INÁCIO PEREIRA DA SILVA JÚNIOR;JÚNIOR NATO;PT;ELEITO;TSE (dados abertos)
11630;PIO IX;PI;2025-2028;SILAS NORONHA MOTA;SILAS NORONHA;PSD;ELEITO;TSE (dados abertos)
10839;FRANCISCO SANTOS;PI;2025-2028;JOSÉ EDSON DE CARVALHO;EDSON CARVALHO;PSD;ELEITO;TSE (dados abertos)
11398;OEIRAS;PI;2025-2028;HAILTON ALVES FILHO;DR HAILTON;SOLIDARIEDADE;ELEITO;TSE (dados abertos)
11991;SÃO JOÃO DO PIAUÍ;PI;2025-2028;EDNEI MODESTO AMORIM;EDNEI;MDB;ELEITO;TSE (dados abertos)
12360;COCAL DE TELHA;PI;2025-2028;KARYNE ARAGÃO CANSANÇÃO;KARYNE DO RODRIGÃO;PSD;ELEITO;TSE (dados abertos)
12130;SIMÕES;PI;2025-2028;ITALO MAGNO DANTAS LOPES DE CARVALHO;MAGNO DANTAS;PSD;ELEITO;TSE (dados abertos)
10901;NOVO SANTO ANTÔNIO;PI;2025-2028;ELISA MARIA DA SILVA PAZ;ELISA PAZ;PT;ELEITO;TSE (dados abertos)
11258;MIGUEL LEÃO;PI;2025-2028;NEUZA CUNHA DE ARAÚJO;NEUZA ARAÚJO;PP;ELEITO;TSE (dados abertos)
12653;SANTO ANTÔNIO DOS MILAGRES;PI;2025-2028;PAULO CAZIMIRO DE SOUSA NETO E SILVA;PAULO CAZIMIRO;PSD;ELEITO;TSE (dados abertos)
10790;FRANCINÓPOLIS;PI;2025-2028;ANTÔNIO LUIZ DANTAS DA FONSECA;DR ANTÔNIO LUIZ;MDB;ELEITO;TSE (dados abertos)
10820;ILHA GRANDE;PI;2025-2028;MARINA DE OLIVEIRA BRITO;MARINA BRITO;PP;ELEITO;TSE (dados abertos)
11290;MONSENHOR HIPÓLITO;PI;2025-2028;ANTONIO DJALMA BEZERRA POLICARPO;DJALMA POLICARPO;PP;ELEITO;TSE (dados abertos)
12165;CARIDADE DO PIAUÍ;PI;2025-2028;CLEIVANILSON JOSÉ DE CARVALHO;CLEI CARVALHO;PSD;ELEITO;TSE (dados abertos)
12343;CAJAZEIRAS DO PIAUÍ;PI;2025-2028;CARLOS ALBERTO SILVESTRE DE SOUSA;ALBERTO;PP;ELEITO;TSE (dados abertos)
12637;FLORESTA DO PIAUÍ;PI;2025-2028;CLAUDIONOR URBANO DE OLIVEIRA;CLAUDIONOR;MDB;ELEITO;TSE (dados abertos)
10928;NOSSA SENHORA DE NAZARÉ;PI;2025-2028;JOSÉ HENRIQUE DE OLIVEIRA ALVES;ZÉ HENRIQUE;PSD;ELEITO;TSE (dados abertos)
12033;SÃO JOSÉ DO PIAUÍ;PI;2025-2028;ADMAELTON BEZERRA SOUSA;ADMAELTON BEZERRA;MDB;ELEITO;TSE (dados abertos)
12050;SÃO JULIÃO;PI;2025-2028;RENALDO RAMOS RODRIGUES;RENALDINHO;PDT;ELEITO;TSE (dados abertos)
12068;SEBASTIÃO LEAL;PI;2025-2028;MANOELINA DE SOUSA BORGES;MANOELINA BORGES;PSD;ELEITO;TSE (dados abertos)
10006;BRASILEIRA;PI;2025-2028;RANIERI MAZZILLE RAMOS DE MENESES;RANIERI MAZZILLE;REPUBLICANOS;ELEITO;TSE (dados abertos)
10219;AVELINO LOPES;PI;2025-2028;FLÁVIO JOSÉ ALVES;PROFESSOR FLÁVIO;MDB;ELEITO;TSE (dados abertos)
11274;MONSENHOR GIL;PI;2025-2028;EVANDRO LEAL DE ABREU;DR EVANDRO;PSD;ELEITO;TSE (dados abertos)
10995;ITAINÓPOLIS;PI;2025-2028;MIGUEL RODRIGUES DE MOURA;PROF MIGUEL RODRIGUES;PDT;ELEITO;TSE (dados abertos)
12513;SUSSUAPARA;PI;2025-2028;NAERTON SILVA MOURA;DR NAERTON MOURA;MDB;ELEITO;TSE (dados abertos)
10308;JARDIM DO MULATO;PI;2025-2028;DEJAIR LIMA DE SOUSA;BINHA;PP;ELEITO;TSE (dados abertos)
10847;JUREMA;PI;2025-2028;KAYLANNE DA SILVA OLIVEIRA;DRA KAYLANNE;MDB;ELEITO;TSE (dados abertos)
12122;BETÂNIA DO PIAUÍ;PI;2025-2028;IJOSEVAN COELHO DAMASCENO;JOSIVAN;PSD;ELEITO;TSE (dados abertos)
10650;DEMERVAL LOBÃO;PI;2025-2028;LUIS GONZAGA DE CARVALHO JUNIOR;JUNIOR CARVALHO;PP;ELEITO;TSE (dados abertos)
12726;NAZÁRIA;PI;2025-2028;JOAQUIM NONATO DA SILVA FILHO;TROPI;MDB;ELEITO;TSE (dados abertos)
10227;COLÔNIA DO PIAUÍ;PI;2025-2028;SELINDO MAURO CARNEIRO TAPETI SEGUNDO;SELINDINHO;PT;ELEITO;TSE (dados abertos)
10804;GUARIBAS;PI;2025-2028;JOÉRCIO MATIAS DE ANDRADE;PAIZIM;MDB;ELEITO;TSE (dados abertos)
11495;PALMEIRAIS;PI;2025-2028;JOSÉ BALTAZAR DE OLIVEIRA;BALTAZAR CAMPOS;SOLIDARIEDADE;ELEITO;TSE (dados abertos)
11878;SANTO ANTÔNIO DE LISBOA;PI;2025-2028;FRANCISCO ERIVALDO DA SILVA;ERIVALDO LOPES;PT;ELEITO;TSE (dados abertos)
11959;SÃO GONÇALO DO PIAUÍ;PI;2025-2028;GERLANE FERREIRA DA SILVA CABRAL;GERLANE CABRAL;MDB;ELEITO;TSE (dados abertos)
10545;SIGEFREDO PACHECO;PI;2025-2028;MURILO BANDEIRA DA SILVA;PROFESSOR MURILO BANDEIRA;PT;ELEITO;TSE (dados abertos)
12076;SÃO MIGUEL DO TAPUIO;PI;2025-2028;POMPILIO EVARISTO CARDOSO FILHO;POMPILIM;PSD;ELEITO;TSE (dados abertos)
12238;URUÇUÍ;PI;2025-2028;GILBERTO GONÇALVES SILVA JUNIOR;DR. GILBERTO JR;PP;ELEITO;TSE (dados abertos)
11916;SÃO FÉLIX DO PIAUÍ;PI;2025-2028;JOSEILSON BARBOSA NUNES;DR. JOSEILSON PIO;PP;ELEITO;TSE (dados abertos)
12173;SOCORRO DO PIAUÍ;PI;2025-2028;ADERSON BARBOSA RIBEIRO SÁ FILHO;DR ADERSON FILHO;MDB;ELEITO;TSE (dados abertos)
10197;ARRAIAL;PI;2025-2028;ALDEMES BARROSO DA SILVA;ALDEMES;PP;ELEITO;TSE (dados abertos)
10014;AGRICOLÂNDIA;PI;2025-2028;MARCOS ANTONIO CARVALHO DE SOUSA;MARCÃO DO POVO;MDB;ELEITO;TSE (dados abertos)
10600;BARRA D'ALCÂNTARA;PI;2025-2028;MARDONIO SOARES LOPES;MARDONIO SOARES;MDB;ELEITO;TSE (dados abertos)
10618;CRISTINO CASTRO;PI;2025-2028;FELIPE FERREIRA DIAS;FELIPE DIAS;PT;ELEITO;TSE (dados abertos)
10570;CORRENTE;PI;2025-2028;FILEMON JOSÉ FRANCISCO DE SOUZA NOGUEIRA PARANAGUÁ;FILEMON PARANAGUÁ;PSD;ELEITO;TSE (dados abertos)
11932;SÃO FRANCISCO DO PIAUÍ;PI;2025-2028;FABIANO ARAUJO DE MOURA;DR FABIANO ARAUJO;PT;ELEITO;TSE (dados abertos)
10537;COCAL;PI;2025-2028;CRISTIANO FELIPPE DE MELO BRITTO;DR CRISTIANO BRITTO;REPUBLICANOS;ELEITO;TSE (dados abertos)
10740;CAMPO LARGO DO PIAUÍ;PI;2025-2028;JAIRO SOARES LEITAO;JAIRO LEITÃO;PSD;ELEITO;TSE (dados abertos)
10480;SANTANA DO PIAUÍ;PI;2025-2028;ADONALDO GONÇALVES DE SOUSA;ADONALDO CASSIANO;SOLIDARIEDADE;ELEITO;TSE (dados abertos)
10707;CAPITÃO GERVÁSIO OLIVEIRA;PI;2025-2028;RAIMUNDO COELHO;RAIMUNDO COELHO;PT;ELEITO;TSE (dados abertos)
10472;CAPITÃO DE CAMPOS;PI;2025-2028;MARIA ERONEIDE DOS SANTOS GOMES;ERONEIDE;MDB;ELEITO;TSE (dados abertos)
11533;PARNAÍBA;PI;2025-2028;FRANCISCO EMANUEL CUNHA DE BRITO;NOVO FRANCISCO;PP;ELEITO;TSE (dados abertos)
10286;JACOBINA DO PIAUÍ;PI;2025-2028;VANDERLEI RAIMUNDO DE CARVALHO;VANDERLEI;MDB;ELEITO;TSE (dados abertos)
10367;MARCOLÂNDIA;PI;2025-2028;CORINTO MACHADO DE MATOS NETO;DR CORINTO MATOS;MDB;ELEITO;TSE (dados abertos)
91430;RIO BRILHANTE;MS;2025-2028;LUCAS CENTENARO FORONI;LUCAS FORONI;MDB;ELEITO;TSE (dados abertos)
91863;SANTA RITA DO PARDO;MS;2025-2028;LUCIO ROBERTO CALIXTO COSTA;DR LÚCIO COSTA;PSDB;ELEITO;TSE (dados abertos)
91316;PONTA PORÃ;MS;2025-2028;EDUARDO ESGAIB CAMPOS;EDUARDO CAMPOS;PSDB;ELEITO;TSE (dados abertos)
90875;INOCÊNCIA;MS;2025-2028;ANTONIO ANGELO GARCIA DOS SANTOS;TONINHO DA COFAPI;PP;ELEITO;TSE (dados abertos)
98175;TAQUARUSSU;MS;2025-2028;CLOVIS JOSE DO NASCIMENTO;CLOVIS DO BANCO;PSDB;ELEITO;TSE (dados abertos)
90530;CARACOL;MS;2025-2028;CARLOS HUMBERTO PAGLIOSA;NECO PAGLIOSA;PSDB;ELEITO;TSE (dados abertos)
90891;ITAPORÃ;MS;2025-2028;TIAGO TAVARES CARBONARO;TIAGO CARBONARO;PP;ELEITO;TSE (dados abertos)
90417;BELA VISTA;MS;2025-2028;GERARDO GABRIEL NUNES BOCCIA;GABRIEL BOCCIA;PP;ELEITO;TSE (dados abertos)
91693;ANGÉLICA;MS;2025-2028;EDISON CASSUCI FERREIRA;EDINHO CASSUCI;PSDB;ELEITO;TSE (dados abertos)
91782;CHAPADÃO DO SUL;MS;2025-2028;WALTER SCHLATTER;WALTER SCHLATTER;PP;ELEITO;TSE (dados abertos)
98116;SELVÍRIA;MS;2025-2028;JAIME SOARES FERREIRA;JAIME;PSDB;ELEITO;TSE (dados abertos)
91235;NOVA ANDRADINA;MS;2025-2028;LEANDRO FERREIRA LUIZ FEDOSSI;DR LEANDRO;PSDB;ELEITO;TSE (dados abertos)
91375;PORTO MURTINHO;MS;2025-2028;NELSON CINTRA RIBEIRO;NELSON CINTRA;PSDB;ELEITO;TSE (dados abertos)
91278;PEDRO GOMES;MS;2025-2028;MURILO JORGE VAZ SILVA;DELEGADO MURILO;PL;ELEITO;TSE (dados abertos)
91030;LADÁRIO;MS;2025-2028;MUNIR SADEQ RAMUNIEH;MUNIR;PSDB;ELEITO;TSE (dados abertos)
91847;PARANHOS;MS;2025-2028;HELIOMAR KLABUNDE;HELIOMAR KLABUNDE;MDB;ELEITO;TSE (dados abertos)
90115;AMAMBAI;MS;2025-2028;SERGIO DIOZEBIO BARBOSA;SERGIO BARBOSA;MDB;ELEITO;TSE (dados abertos)
91570;SIDROLÂNDIA;MS;2025-2028;RODRIGO BORGES BASSO;RODRIGO BASSO;PL;ELEITO;TSE (dados abertos)
90573;CASSILÂNDIA;MS;2025-2028;RODRIGO BARBOSA DE FREITAS;RODRIGO;PP;ELEITO;TSE (dados abertos)
90859;IGUATEMI;MS;2025-2028;LIDIO LEDESMA;DR. LIDIO;PSDB;ELEITO;TSE (dados abertos)
90433;BONITO;MS;2025-2028;JOSMAIL RODRIGUES;JOSMAIL RODRIGUES;PSDB;ELEITO;TSE (dados abertos)
91456;RIO NEGRO;MS;2025-2028;HENRIQUE MITSUO VARGAS EZOE;HENRIQUE EZOE;PSDB;ELEITO;TSE (dados abertos)
90212;AQUIDAUANA;MS;2025-2028;MAURO LUIZ BATISTA;MAURO DO ATLANTICO;PSDB;ELEITO;TSE (dados abertos)
98078;ITAQUIRAÍ;MS;2025-2028;THALLES HENRIQUE TOMAZELLI;THALLES TOMAZELLI;PSDB;ELEITO;TSE (dados abertos)
90034;ÁGUA CLARA;MS;2025-2028;GEROLINA DA SILVA ALVES;GEROLINA;PSDB;ELEITO;TSE (dados abertos)
90816;GUIA LOPES DA LAGUNA;MS;2025-2028;MAX ANTONIO SOUZA MORAIS;DR MAX;PL;ELEITO;TSE (dados abertos)
90930;IVINHEMA;MS;2025-2028;JULIANO FERRO BARROS DONATO;JULIANO FERRO;PSDB;ELEITO;TSE (dados abertos)
91111;MIRANDA;MS;2025-2028;FABIO SANTOS FLORENÇA;FABINHO FLORENÇA;PSDB;ELEITO;TSE (dados abertos)
98019;BODOQUENA;MS;2025-2028;MARIA GIRLEIDE ROVARI;GIRLEIDE;MDB;ELEITO;TSE (dados abertos)
91596;TERENOS;MS;2025-2028;HENRIQUE WANCURA BUDKE;HENRIQUE;PSDB;ELEITO;TSE (dados abertos)
98159;TACURU;MS;2025-2028;ROGÉRIO DE SOUZA TORQUETTI;ROGÉRIO TORQUETTI;PSDB;ELEITO;TSE (dados abertos)
91650;TRÊS LAGOAS;MS;2025-2028;CASSIANO ROJAS MAIA;DR CASSIANO MAIA;PSDB;ELEITO;TSE (dados abertos)
91880;SONORA;MS;2025-2028;MARIA CLARICE EWERLING;CLARICE;MDB;ELEITO;TSE (dados abertos)
55034;JAPORÃ;MS;2025-2028;VITOR DA CUNHA ROSA;MALAQUIAS;PSDB;ELEITO;TSE (dados abertos)
91715;ARAL MOREIRA;MS;2025-2028;ELAINE APARECIDA SOLIGO;DRA ELAINE;MDB;ELEITO;TSE (dados abertos)
55000;NOVA ALVORADA DO SUL;MS;2025-2028;JOSÉ PAULO PALEARI;PALEARI;PP;ELEITO;TSE (dados abertos)
98094;SÃO GABRIEL DO OESTE;MS;2025-2028;LEOCIR PAULO MONTAGNA;LEOCIR  MONTAGNA;PSD;ELEITO;TSE (dados abertos)
91820;JUTI;MS;2025-2028;GILSON MARCOS DA CRUZ;GILSON CRUZ;PSDB;ELEITO;TSE (dados abertos)
98051;DOURADINA;MS;2025-2028;NAIR BRANTI;NAIR BRANTI;PSD;ELEITO;TSE (dados abertos)
90131;ANASTÁCIO;MS;2025-2028;MANOEL APARECIDO DA SILVA;CIDO;PSDB;ELEITO;TSE (dados abertos)
55050;PARAÍSO DAS ÁGUAS;MS;2025-2028;IVAN DA CRUZ PEREIRA;IVAN XIXI;PSDB;ELEITO;TSE (dados abertos)
91731;ELDORADO;MS;2025-2028;FABIANA MARIA LORENCI;FABIANA;PP;ELEITO;TSE (dados abertos)
90557;CAARAPÓ;MS;2025-2028;MARIA LURDES PORTUGAL;PROFESSORA LURDES;PL;ELEITO;TSE (dados abertos)
90158;ANAURILÂNDIA;MS;2025-2028;RAFAEL GUSMAO HAMAMOTO;PROFESSOR RAFAEL;PP;ELEITO;TSE (dados abertos)
91138;NAVIRAÍ;MS;2025-2028;RODRIGO MASSUO SACUNO;RODRIGO SACUNO;PL;ELEITO;TSE (dados abertos)
91758;DEODÁPOLIS;MS;2025-2028;JEAN CARLOS SILVA GOMES;JEAN DA SAÚDE;PSDB;ELEITO;TSE (dados abertos)
91413;RIBAS DO RIO PARDO;MS;2025-2028;ROBERSON LUIZ MOUREIRA;ROBERSON;PSDB;ELEITO;TSE (dados abertos)
90654;COXIM;MS;2025-2028;EDILSON MAGRO;EDILSON MAGRO;PP;ELEITO;TSE (dados abertos)
98132;SETE QUEDAS;MS;2025-2028;ERLON FERNANDO POSSA DANELUZ;ERLON DANELUZ;PSDB;ELEITO;TSE (dados abertos)
90638;CORUMBÁ;MS;2025-2028;GABRIEL ALVES DE OLIVEIRA;DR. GABRIEL;PSB;ELEITO;TSE (dados abertos)
90174;ANTÔNIO JOÃO;MS;2025-2028;AGNALDO MARCELO DA SILVA OLIVEIRA;MARCELO PÉ;PSDB;ELEITO;TSE (dados abertos)
91790;MUNDO NOVO;MS;2025-2028;ROSARIA DE FATIMA IVANTES LUCCA ANDRADE;ROSÁRIA;PSDB;ELEITO;TSE (dados abertos)
90492;CAMAPUÃ;MS;2025-2028;MANOEL EUGENIO NERY;MANOEL NERY;PP;ELEITO;TSE (dados abertos)
90190;APARECIDA DO TABOADO;MS;2025-2028;JOSÉ NATAN DE PAULA DIAS;JOSÉ NATAN;PP;ELEITO;TSE (dados abertos)
98590;CORONEL SAPUCAIA;MS;2025-2028;NIAGARA PATRICIA GAUTO KRAIEVSKI;NIÁGARA KRAIEVSKI;PP;ELEITO;TSE (dados abertos)
90751;FÁTIMA DO SUL;MS;2025-2028;WAGNER ROBERTO PONSIANO;WAGNER DA GARAGEM;PSDB;ELEITO;TSE (dados abertos)
90972;JARAGUARI;MS;2025-2028;CLAUDIO FERREIRA DA SILVA;CLAUDIÃO;PSDB;ELEITO;TSE (dados abertos)
91472;RIO VERDE DE MATO GROSSO;MS;2025-2028;RÉUS ANTONIO SABEDOTTI FORNARI;RÉUS FORNARI;PP;ELEITO;TSE (dados abertos)
90735;DOURADOS;MS;2025-2028;MARÇAL GONÇALVES LEITE FILHO;MARÇAL FILHO;PSDB;ELEITO;TSE (dados abertos)
91154;NIOAQUE;MS;2025-2028;ANDRE BUENO GUIMARAES;ANDRÉ;PP;ELEITO;TSE (dados abertos)
90514;CAMPO GRANDE;MS;2025-2028;ADRIANE BARBOSA NOGUEIRA LOPES;ADRIANE LOPES;PP;ELEITO;TSE (dados abertos)
90611;CORGUINHO;MS;2025-2028;MÁRCIO NOVAES PEREIRA;BARRINHA;MDB;ELEITO;TSE (dados abertos)
91901;VICENTINA;MS;2025-2028;CLEBER DIAS DA SILVA;CLEBER DIAS;MDB;ELEITO;TSE (dados abertos)
91804;DOIS IRMÃOS DO BURITI;MS;2025-2028;WLADEMIR DE SOUZA VOLK;JAPÃO;MDB;ELEITO;TSE (dados abertos)
90298;BANDEIRANTES;MS;2025-2028;CELSO RIBEIRO ABRANTES;CELSO ABRANTES;PSD;ELEITO;TSE (dados abertos)
91847;PARANHOS;MS;2025-2028;HELIO RAMÃO ACOSTA;HÉLIO ACOSTA;PSDB;ELEITO;TSE (dados abertos)
91251;PARANAÍBA;MS;2025-2028;MAYCOL HENRIQUE QUEIROZ ANDRADE;MAYCOL;PSDB;ELEITO;TSE (dados abertos)
90395;BATAYPORÃ;MS;2025-2028;GERMINO DA ROZ SILVA;GERMINO ROZ;PSDB;ELEITO;TSE (dados abertos)
55042;NOVO HORIZONTE DO SUL;MS;2025-2028;ALDENIR BARBOSA DO NASCIMENTO;GUGA;PSDB;ELEITO;TSE (dados abertos)
55018;ALCINÓPOLIS;MS;2025-2028;WELITON DA SILVA GUIMARAES;WELITON GUIMARÃES;PSDB;ELEITO;TSE (dados abertos)
98035;COSTA RICA;MS;2025-2028;CLEVERSON ALVES DOS SANTOS;DELEGADO CLEVERSON;PP;ELEITO;TSE (dados abertos)
91073;MARACAJU;MS;2025-2028;JOSE MARCOS CALDERAN;MARCOS CALDERAN;PSDB;ELEITO;TSE (dados abertos)
90999;JARDIM;MS;2025-2028;JULIANO DA CUNHA MIRANDA;GUGA;PSDB;ELEITO;TSE (dados abertos)
91499;ROCHEDO;MS;2025-2028;ARINO JORGE FERNANDES DE ALMEIDA;ARINO;PSDB;ELEITO;TSE (dados abertos)
91014;JATEÍ;MS;2025-2028;CILEIDE CABRAL DA SILVA BRITO;CILEIDE CABRAL;PSDB;ELEITO;TSE (dados abertos)
55069;FIGUEIRÃO;MS;2025-2028;JUVENAL CONSOLARO;JUVENAL CONSOLARO;PSDB;ELEITO;TSE (dados abertos)
90379;BATAGUASSU;MS;2025-2028;WANDERLEIA DUARTE CARAVINA;WANDERLEIA CARAVINA;PSDB;ELEITO;TSE (dados abertos)
90794;GLÓRIA DE DOURADOS;MS;2025-2028;JÚLIO CLEVERTON DOS SANTOS;JÚLIO BUGUELO;PSD;ELEITO;TSE (dados abertos)
90450;BRASILÂNDIA;MS;2025-2028;MARCIA REGINA DO AMARAL SCHIO;MARCIA AMARAL;PSDB;ELEITO;TSE (dados abertos)
55026;LAGUNA CARAPÃ;MS;2025-2028;ITAMAR BILIBIO;ITAMAR BILIBIO;MDB;ELEITO;TSE (dados abertos)
96814;INDIARA;GO;2025-2028;MARCONI MACIEL DE MELO MATIAS;DR CONIN;PL;ELEITO;TSE (dados abertos)
94153;ITAPIRAPUÃ;GO;2025-2028;CÁSSIO ROBERTO HILÁRIO DA SILVA;DR. CÁSSIO;PRD;ELEITO;TSE (dados abertos)
95990;SÃO LUÍS DE MONTES BELOS;GO;2025-2028;JORCELINO MARQUES PALMEIRA JUNIOR;JÚNIOR;UNIÃO;ELEITO;TSE (dados abertos)
93505;VILA PROPÍCIO;GO;2025-2028;WALDILEI JOSE DE LEMOS;WALDILEI LEMOS;UNIÃO;ELEITO;TSE (dados abertos)
93297;CRIXÁS;GO;2025-2028;ALLAN PAES XAVIER;DR. ALLAN XAVIER;MDB;ELEITO;TSE (dados abertos)
94595;MINEIROS;GO;2025-2028;ALEOMAR DE OLIVEIRA REZENDE;ALEOMAR REZENDE;MDB;ELEITO;TSE (dados abertos)
93572;FIRMINÓPOLIS;GO;2025-2028;JOSE AIRTON DE OLIVEIRA;JOSE AIRTON;UNIÃO;ELEITO;TSE (dados abertos)
95931;SÃO FRANCISCO DE GOIÁS;GO;2025-2028;CLEUTON GOMES DE MOURA;TIMBÓ;UNIÃO;ELEITO;TSE (dados abertos)
95419;PIRANHAS;GO;2025-2028;FABIO LASSERRE SOUSA BORGES;PROFESSOR FABIO;PRD;ELEITO;TSE (dados abertos)
96938;ÁGUA FRIA DE GOIÁS;GO;2025-2028;VIRGINIA ANGELICA SANTOS CASTRO;VIRGINIA CASTRO;PP;ELEITO;TSE (dados abertos)
96091;SILVÂNIA;GO;2025-2028;CARLOS JOSÉ MAYER DOS SANTOS;CARLÃO;UNIÃO;ELEITO;TSE (dados abertos)
95230;PARAÚNA;GO;2025-2028;FLAVIO AUGUSTO NEGRAO DE MORAES;FLÁVIO MACARRÃO;UNIÃO;ELEITO;TSE (dados abertos)
93424;PORTEIRÃO;GO;2025-2028;JOÃO HENRIQUE SILVA;HENRIQUE;MDB;ELEITO;TSE (dados abertos)
96733;CACHOEIRA DOURADA;GO;2025-2028;RODRIGO RODRIGUES ALMEIDA;RODRIGO RODRIGUES;MDB;ELEITO;TSE (dados abertos)
96750;DOVERLÂNDIA;GO;2025-2028;AMILCAR MACHADO PEREIRA JUNIOR;AMILCAR JUNIOR;MDB;ELEITO;TSE (dados abertos)
94196;ITAPURANGA;GO;2025-2028;GERALDO PAULO FERNANDES;PAULINHO IMILA;PT;ELEITO;TSE (dados abertos)
92940;ALTO HORIZONTE;GO;2025-2028;DIOGO RODRIGUES DE SOUSA;DIOGO RODRIGUES;SOLIDARIEDADE;ELEITO;TSE (dados abertos)
93394;DAVINÓPOLIS;GO;2025-2028;VANUSA APARECIDA BENTO GOMES;VANUSA;PODE;ELEITO;TSE (dados abertos)
92223;FAINA;GO;2025-2028;CREONIR BORGES DE OLIVEIRA;CREONIR DO LEILÃO;PP;ELEITO;TSE (dados abertos)
93734;GOIÂNIA;GO;2025-2028;SANDRO DA MABEL ANTÔNIO SCODRO;MABEL;UNIÃO;ELEITO;TSE (dados abertos)
94536;MARZAGÃO;GO;2025-2028;SOLIMAR CARDOSO DE SOUZA;SOLIMAR CARDOSO;PODE;ELEITO;TSE (dados abertos)
92983;JESÚPOLIS;GO;2025-2028;ADRIANO PEIXOTO OLIVEIRA;ADRIANO PEIXOTO;PP;ELEITO;TSE (dados abertos)
93483;SÃO PATRÍCIO;GO;2025-2028;DANILO MAX DE SOUZA COSTA;DANILO MAX;MDB;ELEITO;TSE (dados abertos)
95052;OURO VERDE DE GOIÁS;GO;2025-2028;RODRIGO PEREIRA FONSECA;RODRIGO FONSECA;PL;ELEITO;TSE (dados abertos)
95117;PALMEIRAS DE GOIÁS;GO;2025-2028;OSVALDO CASSIANO DE FARIA;DR OSVALDO;PL;ELEITO;TSE (dados abertos)
94331;JATAÍ;GO;2025-2028;GENEILTON FILHO DE ASSIS;GENEILTON ASSIS;PL;ELEITO;TSE (dados abertos)
94757;MOSSÂMEDES;GO;2025-2028;MARTA MARIA CAETANO DE ALMEIDA CUNHA;MARTA CAETANO;MDB;ELEITO;TSE (dados abertos)
92690;BOM JESUS DE GOIÁS;GO;2025-2028;DANIEL VIEIRA RAMOS JUNIOR;DANIEL JÚNIOR;PL;ELEITO;TSE (dados abertos)
92029;BONFINÓPOLIS;GO;2025-2028;LUCAS MOREIRA DE CARVALHO;LUCAS  DO GALDINO;MDB;ELEITO;TSE (dados abertos)
92630;BARRO ALTO;GO;2025-2028;ALVARO MACHADO DE FREITAS;PROFESSOR ALVARO;MDB;ELEITO;TSE (dados abertos)
95311;PETROLINA DE GOIÁS;GO;2025-2028;TIAGO PACHECO DE JESUS;TIAGO PACHECO;UNIÃO;ELEITO;TSE (dados abertos)
95850;SANTA ROSA DE GOIÁS;GO;2025-2028;ULISSES ALVES DE BRITO;ULISSES;PDT;ELEITO;TSE (dados abertos)
92703;SENADOR CANEDO;GO;2025-2028;FERNANDO PELLOZO;FERNANDO PELLOZO;UNIÃO;ELEITO;TSE (dados abertos)
94030;ITABERAÍ;GO;2025-2028;RITA DE CÁSSIA SOARES MENDONÇA;RITA;UNIÃO;ELEITO;TSE (dados abertos)
92673;BOM JARDIM DE GOIÁS;GO;2025-2028;EDIO NAVARINI;EDIO NAVARINI;PODE;ELEITO;TSE (dados abertos)
93637;FORMOSO;GO;2025-2028;HALISON MACÊDO DOS SANTOS;HALISON DO LEILÃO;UNIÃO;ELEITO;TSE (dados abertos)
95672;RIANÁPOLIS;GO;2025-2028;GILBER ROQUE PEREIRA DE MIRANDA;GILBER MIRANDA;PP;ELEITO;TSE (dados abertos)
93491;EDÉIA;GO;2025-2028;CARLA FARIA DE FREITAS;CARLA FARIA;PSDB;ELEITO;TSE (dados abertos)
95834;SANTA RITA DO ARAGUAIA;GO;2025-2028;CARLOS TADEU ROCHA VIEIRA;CARLOS TADEU;UNIÃO;ELEITO;TSE (dados abertos)
94218;ITARUMÃ;GO;2025-2028;LUIZ HENRIQUE DE ASSIS;LUIZ HENRIQUE;MDB;ELEITO;TSE (dados abertos)
93203;SANTO ANTÔNIO DA BARRA;GO;2025-2028;JOSÉ CÂNDIDO DO NASCIMENTO;ZÉ CÂNDIDO;MDB;ELEITO;TSE (dados abertos)
93955;INHUMAS;GO;2025-2028;JOSÉ ESSADO NETO;ZÉ ESSADO;UNIÃO;ELEITO;TSE (dados abertos)
96075;SERRANÓPOLIS;GO;2025-2028;ZILMAR FERREIRA DA SILVA CARVALHO;ZILMAR CARVALHO;PP;ELEITO;TSE (dados abertos)
96334;URUAÇU;GO;2025-2028;AZARIAS MACHADO NETO;MACHADINHO;MDB;ELEITO;TSE (dados abertos)
93068;PEROLÂNDIA;GO;2025-2028;GRETE ELISA BALZ ROCHA;GRETE ELISA;UNIÃO;ELEITO;TSE (dados abertos)
92061;CAMPOS VERDES;GO;2025-2028;ROGÉRIO SOUZA QUEIROZ;DR ROGERIO;MDB;ELEITO;TSE (dados abertos)
94137;ITAPACI;GO;2025-2028;FABIO MARCOS DE OLIVEIRA;DR FABIO;MDB;ELEITO;TSE (dados abertos)
96415;VIANÓPOLIS;GO;2025-2028;MARCELO UMBELINO DE REZENDE;MARCELO REZENDE;MDB;ELEITO;TSE (dados abertos)
93262;BURITINÓPOLIS;GO;2025-2028;MARCILENE BASTISTA DE BRITO COSTA;MARCILENE;UNIÃO;ELEITO;TSE (dados abertos)
94234;ITAUÇU;GO;2025-2028;CLAYTON PEREIRA DE MELO;CLEITON MELO;UNIÃO;ELEITO;TSE (dados abertos)
96512;MUNDO NOVO;GO;2025-2028;MARLENE LOURENÇO;MARLENE LOURENÇO;UNIÃO;ELEITO;TSE (dados abertos)
92860;GUARINOS;GO;2025-2028;JJUNIO ANTONIO BARBOSA;JJUNIO;UNIÃO;ELEITO;TSE (dados abertos)
92908;SANTO ANTÔNIO DE GOIÁS;GO;2025-2028;KLEBER COSME DE FREITAS;KLEBER FREITAS;UNIÃO;ELEITO;TSE (dados abertos)
95893;SANTA TEREZINHA DE GOIÁS;GO;2025-2028;KARLA CRISTINA MOREIRA ALVES;KARLA MOREIRA;MDB;ELEITO;TSE (dados abertos)
94013;ISRAELÂNDIA;GO;2025-2028;ADELICIA MOURA DA COSTA;ADELICIA MOURA;PODE;ELEITO;TSE (dados abertos)
92118;ALTO PARAÍSO DE GOIÁS;GO;2025-2028;MARCUS ADILSON RINCO;MARCUS RINCO;UNIÃO;ELEITO;TSE (dados abertos)
92762;TERESINA DE GOIÁS;GO;2025-2028;KLEVERTON BARBOSA DE MELLO;MANO;UNIÃO;ELEITO;TSE (dados abertos)
95176;PANAMÁ;GO;2025-2028;RENE DA MOTA OLIVEIRA;RENÊ;UNIÃO;ELEITO;TSE (dados abertos)
92878;CAIAPÔNIA;GO;2025-2028;ARGEMIRO RODRIGUES SANTOS NETO;ARGEMIRO RODRIGUES;UNIÃO;ELEITO;TSE (dados abertos)
92991;CARMO DO RIO VERDE;GO;2025-2028;GERALDO DOS REIS OLIVEIRA;GERALDO REIS;MDB;ELEITO;TSE (dados abertos)
94790;MUTUNÓPOLIS;GO;2025-2028;LUIZ MARTINS DE OLIVEIRA;LUIZINHO;MDB;ELEITO;TSE (dados abertos)
95613;POSSE;GO;2025-2028;PAULO CEZAR KRAUSPENHAR;PAULO TRABALHO;PL;ELEITO;TSE (dados abertos)
96474;MINAÇU;GO;2025-2028;CARLOS ALBERTO LEREIA DA SILVA;CARLOS ALBERTO LEREIA;PSDB;ELEITO;TSE (dados abertos)
93831;GUARANI DE GOIÁS;GO;2025-2028;JANEZIO PEREIRA DA SILVA;JANEZIO;MDB;ELEITO;TSE (dados abertos)
95796;SANTA CRUZ DE GOIÁS;GO;2025-2028;ÂNGELO NATAL DA PAZ;ÂNGELO DA PAZ;UNIÃO;ELEITO;TSE (dados abertos)
96571;VICENTINÓPOLIS;GO;2025-2028;ARIOVALDO JESUS DE CARVALHO;ARIOVALDO CARVALHO;PP;ELEITO;TSE (dados abertos)
93564;GAMELEIRA DE GOIÁS;GO;2025-2028;WIVVIANE DE CARVALHO DUARTE TELES;WIVVIANE DUARTE;PL;ELEITO;TSE (dados abertos)
93025;CIDADE OCIDENTAL;GO;2025-2028;LUIZ GONZAGA VIANA FILHO;LULINHA;PP;ELEITO;TSE (dados abertos)
93181;MONTIVIDIU DO NORTE;GO;2025-2028;CLEMERSON LOPES DA SILVA;CLEMERSON LOPES;PRD;ELEITO;TSE (dados abertos)
94773;MOZARLÂNDIA;GO;2025-2028;LUCIJANE FREIRES ALENCAR CARLOS DA SILVA;LUCIJANE ALENCAR;MDB;ELEITO;TSE (dados abertos)
96539;NOVA CRIXÁS;GO;2025-2028;RODRIGO BARBOSA TAVARES;RODRIGO TAVARES;MDB;ELEITO;TSE (dados abertos)
94951;NOVA ROMA;GO;2025-2028;ELEUSES RODRIGUES GONZAGA;ELEUSES;UNIÃO;ELEITO;TSE (dados abertos)
96059;SÃO SIMÃO;GO;2025-2028;WALLISSON JOSE DE FREITAS;DR WALLISSON;PODE;ELEITO;TSE (dados abertos)
92312;ARAÇU;GO;2025-2028;MILTON LEMES DE PAULA;MILTON;UNIÃO;ELEITO;TSE (dados abertos)
93335;CUMARI;GO;2025-2028;RAFAEL MEIRELLES DE MELO;RAFAEL MEIRELLES;PDT;ELEITO;TSE (dados abertos)
94552;PARANAIGUARA;GO;2025-2028;JOSÉ CARLOS BARBOSA;BARBOSINHA;PODE;ELEITO;TSE (dados abertos)
96458;ACREÚNA;GO;2025-2028;CLAUDIOMAR CONTIN PORTUGAL;CLAUDIOMAR PORTUGAL;PP;ELEITO;TSE (dados abertos)
92789;TROMBAS;GO;2025-2028;DELVAIR RAMOS MARINHO;PREGO;UNIÃO;ELEITO;TSE (dados abertos)
93360;ABADIA DE GOIÁS;GO;2025-2028;WANDER SARAIVA DE CARVALHO;WANDER SARAIVA;PP;ELEITO;TSE (dados abertos)
96113;SÍTIO D'ABADIA;GO;2025-2028;ORLANDO JOSE DA SILVA NETO;ORLANDO NETO;UNIÃO;ELEITO;TSE (dados abertos)
93432;DIORAMA;GO;2025-2028;ALTAMIRO JOSÉ DE LIMA;ALTAMIRO;UNIÃO;ELEITO;TSE (dados abertos)
93270;CRISTIANÓPOLIS;GO;2025-2028;JULIANA IZABEL DE PAULA COSTA;JULIANA DA FARMÁCIA;UNIÃO;ELEITO;TSE (dados abertos)
92320;MATRINCHÃ;GO;2025-2028;IVÂNIA ALVES FERNANDES;IVÂNIA;UNIÃO;ELEITO;TSE (dados abertos)
94935;NOVA AURORA;GO;2025-2028;JOÃO PIMENTA DE PÁDUA JÚNOR;JOÃO PIMENTA;MDB;ELEITO;TSE (dados abertos)
92215;ANÁPOLIS;GO;2025-2028;MARCIO AURELIO CORREA;MARCIO CORREA;PL;ELEITO;TSE (dados abertos)
93300;VALPARAÍSO DE GOIÁS;GO;2025-2028;MARCUS VINICIUS MENDES FERREIRA;MARCUS VINICIUS;MDB;ELEITO;TSE (dados abertos)
92916;CAMPESTRE DE GOIÁS;GO;2025-2028;ESMERALDO CORREIA GUIMARÂES;ESMERALDO;PDT;ELEITO;TSE (dados abertos)
93939;IACIARA;GO;2025-2028;WAGNER NERY SAMPAIO;WAGUINHA DE DELZA;UNIÃO;ELEITO;TSE (dados abertos)
93017;CATALÃO;GO;2025-2028;VELOMAR GONÇALVES RIOS;VELOMAR RIOS;MDB;ELEITO;TSE (dados abertos)
94293;JANDAIA;GO;2025-2028;DANILO FERREIRA GOMES;DANILO JANDAIA;PSDB;ELEITO;TSE (dados abertos)
93327;NOVO GAMA;GO;2025-2028;CARLOS ALVES DOS SANTOS;CARLINHOS DO MANGÃO;PL;ELEITO;TSE (dados abertos)
92355;ARAGOIÂNIA;GO;2025-2028;WALDIR BATISTA RIOS;WALDIR DA FOKUS;PODE;ELEITO;TSE (dados abertos)
94358;JAUPACI;GO;2025-2028;EDVALDO BATISTA GUIMARÃES FILHO;EDVALDO BATISTA GUIMARÃES;UNIÃO;ELEITO;TSE (dados abertos)
94730;MORRINHOS;GO;2025-2028;MAYCLLYN MAX CARREIRO RIBEIRO;MAYCLLYN CARREIRO;PL;ELEITO;TSE (dados abertos)
93440;SANTA RITA DO NOVO DESTINO;GO;2025-2028;ROBERTO JOAO DE OLIVEIRA;GAGUINHO;MDB;ELEITO;TSE (dados abertos)
94072;ITAGUARU;GO;2025-2028;JOAQUIM FERNANDO MOREIRA ARAÚJO;FERNANDO ARAÚJO;PDT;ELEITO;TSE (dados abertos)
92932;CAMPINORTE;GO;2025-2028;CLEOMAR MARTINS DE ARAUJO;CLEOMAR CONTADOR;UNIÃO;ELEITO;TSE (dados abertos)
93718;GOIANÉSIA;GO;2025-2028;RENATO MENEZES DE CASTRO;RENATO DE CASTRO;UNIÃO;ELEITO;TSE (dados abertos)
93378;DAMOLÂNDIA;GO;2025-2028;ROGÉRIO LABANCA NETO;ROGERIM;UNIÃO;ELEITO;TSE (dados abertos)
93696;GOIANDIRA;GO;2025-2028;ALLISON HENRIQUE BARBOSA PEIXOTO;ALLISSON PEIXOTO;MDB;ELEITO;TSE (dados abertos)
94919;NOVA AMÉRICA;GO;2025-2028;CLÉBER JUNIO DE SOUZA;CLÉBER JUNIO;UNIÃO;ELEITO;TSE (dados abertos)
92444;NOVO PLANALTO;GO;2025-2028;EUDES RODRIGUES DE ARAÚJO;EUDES ARAÚJO;MDB;ELEITO;TSE (dados abertos)
95095;PADRE BERNARDO;GO;2025-2028;JOSELEIDE LÁZARO LUIZ DA SILVA;JOSELEIDE LÁZARO;UNIÃO;ELEITO;TSE (dados abertos)
92568;SANTA FÉ DE GOIÁS;GO;2025-2028;VICTOR FERREIRA PARENTE;DR VICTOR;PL;ELEITO;TSE (dados abertos)
92177;AMORINÓPOLIS;GO;2025-2028;GUSTAVO SILVA DE OLIVEIRA;GUSTAVO DO ESTRELAO;UNIÃO;ELEITO;TSE (dados abertos)
92347;MIMOSO DE GOIÁS;GO;2025-2028;RAFAEL BRUNO MOREIRA DE ATAIDES;RAFAEL BRUNO;PP;ELEITO;TSE (dados abertos)
92460;PALESTINA DE GOIÁS;GO;2025-2028;ALTENIAS GONÇALVES DE SOUSA;ALTENIAS;UNIÃO;ELEITO;TSE (dados abertos)
95656;RIALMA;GO;2025-2028;LUCAS SILVA CHAVES;DR LUCAS;UNIÃO;ELEITO;TSE (dados abertos)
96776;SANTO ANTÔNIO DO DESCOBERTO;GO;2025-2028;JESSICA APARECIDA RIBEIRO GOMES;JESSICA DO PREMIUM;UNIÃO;ELEITO;TSE (dados abertos)
94978;NOVA VENEZA;GO;2025-2028;VALDEMAR BATISTA COSTA;COSTA;UNIÃO;ELEITO;TSE (dados abertos)
95770;SANTA BÁRBARA DE GOIÁS;GO;2025-2028;JOB MARTINS DE DEUS;JOB MARTINS DE DEUS;PDT;ELEITO;TSE (dados abertos)
96717;ARENÓPOLIS;GO;2025-2028;DELMIRO DE OLIVEIRA CANO;DELMIRO CANO;UNIÃO;ELEITO;TSE (dados abertos)
96350;URUANA;GO;2025-2028;NEI DOS REIS CRUZ;NEI CANELA;PP;ELEITO;TSE (dados abertos)
92967;CASTELÂNDIA;GO;2025-2028;EDNALDO ANDRADE MIGUEL;MEINHA;PSD;ELEITO;TSE (dados abertos)
96911;ADELÂNDIA;GO;2025-2028;EDSON VIEIRA DE PAULA;EDINHO DO LATICÍNIO;UNIÃO;ELEITO;TSE (dados abertos)
92169;MORRO AGUDO DE GOIÁS;GO;2025-2028;DENY LELES APARECIDO ROSA;DENY LELES;MDB;ELEITO;TSE (dados abertos)
92665;SÃO MIGUEL DO PASSA QUATRO;GO;2025-2028;GILMAR PEREIRA DE SOUZA;GILMAR;UNIÃO;ELEITO;TSE (dados abertos)
92096;ALOÂNDIA;GO;2025-2028;RENATO BATISTA DA SILVA;RENATO BATISTA;MDB;ELEITO;TSE (dados abertos)
92550;AVELINÓPOLIS;GO;2025-2028;ANTONIO MARCOS BARBOSA;DR ANTONIO;PL;ELEITO;TSE (dados abertos)
93971;IPAMERI;GO;2025-2028;JANIO PACHECO;JÂNIO PACHECO;UNIÃO;ELEITO;TSE (dados abertos)
95397;PIRACANJUBA;GO;2025-2028;LENIZIA ALVES CANEDO;PROFESSORA LENIZIA;PP;ELEITO;TSE (dados abertos)
92282;ITAGUARI;GO;2025-2028;HELIO MARCOS VIEIRA DE LIMA;MARCÃO DO SIRI;PSD;ELEITO;TSE (dados abertos)
92770;BURITI ALEGRE;GO;2025-2028;GARIBALDO FERREIRA DE SANTANA NETO;GARIBALDO NETO;PL;ELEITO;TSE (dados abertos)
93599;FLORES DE GOIÁS;GO;2025-2028;ALTRAN LOPES AVELAR NERY;ALTRAN AVELAR;UNIÃO;ELEITO;TSE (dados abertos)
93386;AMARALINA;GO;2025-2028;DÁSIO MARQUES FERREIRA;DR DÁSIO;PDT;ELEITO;TSE (dados abertos)
92797;CABECEIRAS;GO;2025-2028;JACO ISIDORO ROTTA;JACO ROTTA;PL;ELEITO;TSE (dados abertos)
92100;CEZARINA;GO;2025-2028;VALTENIR GONÇALVES DA SILVA;VALTENIR;UNIÃO;ELEITO;TSE (dados abertos)
93190;CORUMBAÍBA;GO;2025-2028;WISNER ARAÚJO DE ALMEIDA;WISNER;MDB;ELEITO;TSE (dados abertos)
94439;LEOPOLDO DE BULHÕES;GO;2025-2028;ROBERTA CÂNDIDA CAETANO;ROBERTA CAETANO;MDB;ELEITO;TSE (dados abertos)
93157;CÓRREGO DO OURO;GO;2025-2028;DANILO MARCOS DOS SANTOS;DANILO CONTADOR;PP;ELEITO;TSE (dados abertos)
92266;GOUVELÂNDIA;GO;2025-2028;FAUSTO CAIADO BARBOSA;FAUSTO CAIADO;PDT;ELEITO;TSE (dados abertos)
95737;RUBIATABA;GO;2025-2028;WEBER SIVIRINO DA COSTA;PADRE WEBER;PSD;ELEITO;TSE (dados abertos)
92924;CHAPADÃO DO CÉU;GO;2025-2028;VINICIUS MARCONDES CAMARGO TERIN;VINICIUS TERIN;MDB;ELEITO;TSE (dados abertos)
94374;JOVIÂNIA;GO;2025-2028;MAX PEREIRA BARBOSA;MAX;PODE;ELEITO;TSE (dados abertos)
92207;EDEALINA;GO;2025-2028;DOLORES CRISTINA LEANDRO NEVES;CRISTINA LEANDRO;UNIÃO;ELEITO;TSE (dados abertos)
92614;BALIZA;GO;2025-2028;ILSON PEREIRA DE CARVALHO;NEGUINHO DA AREIA;PDT;ELEITO;TSE (dados abertos)
92363;MONTIVIDIU;GO;2025-2028;EDSON BUENO COUTINHO;EDSON BUENO;PSB;ELEITO;TSE (dados abertos)
95010;NOVO BRASIL;GO;2025-2028;GABRIEL GOMES ALVES DE CASTRO;GABRIEL DO FABIANO;UNIÃO;ELEITO;TSE (dados abertos)
94714;MONTES CLAROS DE GOIÁS;GO;2025-2028;JOSE VILMAR MACIEL;VILMAR MACIEL;PP;ELEITO;TSE (dados abertos)
92258;ANICUNS;GO;2025-2028;PAULO CÉSAR JOSÉ DO NASCIMENTO;PAULINHO DO BARREIRÃO;UNIÃO;ELEITO;TSE (dados abertos)
93610;FORMOSA;GO;2025-2028;SIMONE DIAS RIBEIRO DE MELO;SIMONE RIBEIRO;PL;ELEITO;TSE (dados abertos)
92495;ARUANÃ;GO;2025-2028;ARLIRIO ANTUNES BARBOSA;ARLIRIO BOI;UNIÃO;ELEITO;TSE (dados abertos)
93408;BONÓPOLIS;GO;2025-2028;DEOCLECIANO ARAUJO DE LIRA;DIOCLÉCIO (DIDI);UNIÃO;ELEITO;TSE (dados abertos)
93530;FAZENDA NOVA;GO;2025-2028;MARCUS VINICIUS AZEREDO COSTA;MARCUS ;UNIÃO;ELEITO;TSE (dados abertos)
93777;GOIÁS;GO;2025-2028;ADERSON LIBERATO GOUVEA;ADERSON;PT;ELEITO;TSE (dados abertos)
92754;BRITÂNIA;GO;2025-2028;MARIA DO DISTERRO DOS SANTOS;DISTERRO SANTOS;PL;ELEITO;TSE (dados abertos)
95818;SANTA HELENA DE GOIÁS;GO;2025-2028;IRIS MARTINS PARREIRA;IRIS PARREIRA;MDB;ELEITO;TSE (dados abertos)
92819;CACHOEIRA ALTA;GO;2025-2028;MARCELO BATISTA DE PAULA;MARCELO PAULA;MDB;ELEITO;TSE (dados abertos)
92959;CAMPO ALEGRE DE GOIÁS;GO;2025-2028;DOUGLAS GRUPIONI SERTÓRIO;DOUGLAS SERTÓRIO;PL;ELEITO;TSE (dados abertos)
94676;MONTE ALEGRE DE GOIÁS;GO;2025-2028;FELIPI DE SOUSA CAMPOS;FELIPI CAMPOS;UNIÃO;ELEITO;TSE (dados abertos)
96890;SANTA ISABEL;GO;2025-2028;LEVINO DE SOUZA SILVA;LEVINO;SOLIDARIEDADE;ELEITO;TSE (dados abertos)
92657;BELA VISTA DE GOIÁS;GO;2025-2028;EURÍPEDES JOSÉ DO CARMO;EURÍPEDES DO CARMO;PODE;ELEITO;TSE (dados abertos)
95630;QUIRINÓPOLIS;GO;2025-2028;ANDERSON DE PAULA SILVA;ANDERSON DE PAULA;PDT;ELEITO;TSE (dados abertos)
92720;SIMOLÂNDIA;GO;2025-2028;ILDETE GOMES FERREIRA;DONA DETE;UNIÃO;ELEITO;TSE (dados abertos)
93793;GOIATUBA;GO;2025-2028;ALBERTO LOPES RIBEIRO;ALBERTO;PP;ELEITO;TSE (dados abertos)
93041;PROFESSOR JAMIL;GO;2025-2028;NEY FABIO DE NOVAES;NEY NOVAES;PT;ELEITO;TSE (dados abertos)
94110;ITAJÁ;GO;2025-2028;LUCAS MACHADO FERREIRA;LUCAS MACHADO;MDB;ELEITO;TSE (dados abertos)
94498;MAMBAÍ;GO;2025-2028;EDER ORNELAS LACERDA;EDER LACERDA;PL;ELEITO;TSE (dados abertos)
94250;ITUMBIARA;GO;2025-2028;DIONE JOSE DE ARAUJO;DIONE ARAUJO;UNIÃO;ELEITO;TSE (dados abertos)
93319;CROMÍNIA;GO;2025-2028;FERNANDO LUCAS CARDOSO;FERNANDO CARDOSO;UNIÃO;ELEITO;TSE (dados abertos)
95036;ORIZONA;GO;2025-2028;FELIPE ANTONIO DIAS;FELIPE DIAS;MDB;ELEITO;TSE (dados abertos)
95133;PALMELO;GO;2025-2028;RENATO DAMASIO RESENDE;RENATO DAMASIO;PODE;ELEITO;TSE (dados abertos)
93351;DAMIANÓPOLIS;GO;2025-2028;DENI SANTANA RODRIGUES;DENI SANTANA;PL;ELEITO;TSE (dados abertos)
93874;HEITORAÍ;GO;2025-2028;ESMAEL PEREIRA DUARTE;ESMAEL;PP;ELEITO;TSE (dados abertos)
95354;PILAR DE GOIÁS;GO;2025-2028;TIAGO JAPIASSU BATISTA DO NASCIMENTO ANDRADE;TIAGÃO;PL;ELEITO;TSE (dados abertos)
96695;ARAGUAPAZ;GO;2025-2028;FRANCISCO DEURISTOM GONÇALVES DA SILVA;DEURISTOM;PP;ELEITO;TSE (dados abertos)
92894;CALDAS NOVAS;GO;2025-2028;KLEBER LUIZ MARRA;KLEBER MARRA;MDB;ELEITO;TSE (dados abertos)
94390;JUSSARA;GO;2025-2028;MARIA IDALI DA SILVA BONTEMPO;IDALI BONTEMPO BRANCA;UNIÃO;ELEITO;TSE (dados abertos)
93106;BURITI DE GOIÁS;GO;2025-2028;ÁTILA RÚBIA DE DEUS;DRA. ÁTILA;UNIÃO;ELEITO;TSE (dados abertos)
93173;CORUMBÁ DE GOIÁS;GO;2025-2028;FRANCISCO ALESSANDRO FERNANDES;CHICO VACA;PL;ELEITO;TSE (dados abertos)
93076;CERES;GO;2025-2028;EDMARIO DE CASTRO BARBOSA;EDMARIO;UNIÃO;ELEITO;TSE (dados abertos)
95974;SÃO JOÃO D'ALIANÇA;GO;2025-2028;GENIVAM GONÇALVES DOS SANTOS;GENIVAM;PRD;ELEITO;TSE (dados abertos)
94897;NIQUELÂNDIA;GO;2025-2028;CARLOS EDUARDO MOREIRA;EDUARDO NIQTURBO;NOVO;ELEITO;TSE (dados abertos)
93009;APARECIDA DO RIO DOCE;GO;2025-2028;EDY CARLOS GONÇALVES;BODÃO;MDB;ELEITO;TSE (dados abertos)
93092;DIVINÓPOLIS DE GOIÁS;GO;2025-2028;ISTEINER ABREU ALVES DE OLIVEIRA;ISTEINER ABREU;PP;ELEITO;TSE (dados abertos)
93254;CRISTALINA;GO;2025-2028;LUÍS OTÁVIO BIAZOTO MASSA;DR LUIS OTÁVIO;PL;ELEITO;TSE (dados abertos)
96172;TAQUARAL DE GOIÁS;GO;2025-2028;LORENA MACHADO NERI;LORENA NERI;PDT;ELEITO;TSE (dados abertos)
92851;CAÇU;GO;2025-2028;KELSON SOUZA VILARINHO;KELSON VILARINHO;UNIÃO;ELEITO;TSE (dados abertos)
94854;NAZÁRIO;GO;2025-2028;JOÃO BATISTA CARVALHO;FERRUJA;UNIÃO;ELEITO;TSE (dados abertos)
93220;TEREZÓPOLIS DE GOIÁS;GO;2025-2028;FHELIPE OLIVEIRA DE ALMEIDA SOUZA;FHELIPE DO BILL;PP;ELEITO;TSE (dados abertos)
92886;COCALZINHO DE GOIÁS;GO;2025-2028;ALESSANDRO OTONE BARCELOS;ALESSANDRO BARCELOS;UNIÃO;ELEITO;TSE (dados abertos)
93033;CATURAÍ;GO;2025-2028;ALEXANDRE TIAGO MOURA;ALEXANDRE MOURA;UNIÃO;ELEITO;TSE (dados abertos)
92274;APARECIDA DE GOIÂNIA;GO;2025-2028;LEANDRO VILELA VELLOSO;LEANDRO VILELA;MDB;ELEITO;TSE (dados abertos)
93670;GOIANÁPOLIS;GO;2025-2028;JEOVA LEITE CARDOSO;JEOVAZINHO;UNIÃO;ELEITO;TSE (dados abertos)
95710;RIO VERDE;GO;2025-2028;WELLINGTON SOARES CARRIJO FILHO;WELLINGTON CARRIJO;MDB;ELEITO;TSE (dados abertos)
92053;ALEXÂNIA;GO;2025-2028;WARLEY FERREIRA GOUVEIA;WARLEY GOUVEIA;PODE;ELEITO;TSE (dados abertos)
92649;SÃO LUIZ DO NORTE;GO;2025-2028;ELIEUDES DIAS DE MORAES;ELIEUDES MORAES;UNIÃO;ELEITO;TSE (dados abertos)
93602;LAGOA SANTA;GO;2025-2028;ADIVAIR GONÇALVES DE MACEDO;ADIVAIR;MDB;ELEITO;TSE (dados abertos)
96253;TRINDADE;GO;2025-2028;MARDEN GABRIEL ALVES DE AGUIAR JÚNIOR;MARDEN;UNIÃO;ELEITO;TSE (dados abertos)
94374;JOVIÂNIA;GO;2025-2028;ELISBERTO PEREIRA LUZ;ELISBERTO DA RETRO;PODE;ELEITO;TSE (dados abertos)
93580;CAMPO LIMPO DE GOIÁS;GO;2025-2028;GRACIELE MARTA DO NASCIMENTO;GRACIELE DA ARTE TRIGO;UNIÃO;ELEITO;TSE (dados abertos)
92150;ALVORADA DO NORTE;GO;2025-2028;DAVID MOREIRA DE CARVALHO;DAVID MOREIRA;PSDB;ELEITO;TSE (dados abertos)
95435;PIRENÓPOLIS;GO;2025-2028;NIVALDO ANTÔNIO DE MELO;NIVALDO MELO;PSDB;ELEITO;TSE (dados abertos)
95753;SANCLERLÂNDIA;GO;2025-2028;JOSÉ LAGARES DA CRUZ;ZÉ GORDO;PSDB;ELEITO;TSE (dados abertos)
95877;SANTA TEREZA DE GOIÁS;GO;2025-2028;LEIA MENDONCA DOS REIS BORGES;LEIA MENDONÇA;UNIÃO;ELEITO;TSE (dados abertos)
92126;COLINAS DO SUL;GO;2025-2028;ONOFRE APARECIDO PAULISTA;ONOFRE;REPUBLICANOS;ELEITO;TSE (dados abertos)
94650;MOIPORÁ;GO;2025-2028;WILSON JOSÉ FERREIRA;ZÉ WILSON;PL;ELEITO;TSE (dados abertos)
92037;ÁGUA LIMPA;GO;2025-2028;JOSÉ CARLOS GUIMARÃES FILHO;ZÉ CARLOS;UNIÃO;ELEITO;TSE (dados abertos)
92231;ANHANGÜERA;GO;2025-2028;MARCELO MARTINS DE PAIVA;MARCELO PAIVA;MDB;ELEITO;TSE (dados abertos)
93815;GUAPÓ;GO;2025-2028;FRANK ESTEVAN FAUSTO DOS SANTOS OLIVEIRA;FRANK ESTEVAN;UNIÃO;ELEITO;TSE (dados abertos)
94579;MAURILÂNDIA;GO;2025-2028;WANDERVAL SILVA MARTINS;WANDERVAL;MDB;ELEITO;TSE (dados abertos)
96377;URUTAÍ;GO;2025-2028;ALEXANDRE DE ARAÚJO SILVA;ALEXANDRE ARAÚJO;MDB;ELEITO;TSE (dados abertos)
95494;PONTALINA;GO;2025-2028;EDSON GUIMARAES DE FARIA;EDSON GUIMARÃES;MDB;ELEITO;TSE (dados abertos)
92800;TURVELÂNDIA;GO;2025-2028;OSELIA LUCIA DE CARVALHO ALVES;OSÉLIA;PL;ELEITO;TSE (dados abertos)
96393;VARJÃO;GO;2025-2028;DIOGO GUIMARÃES DE ALMEIDA;DIOGO GUIMARÃES;PODE;ELEITO;TSE (dados abertos)
94455;LUZIÂNIA;GO;2025-2028;DIEGO VAZ SORGATTO;DIEGO SORGATTO;UNIÃO;ELEITO;TSE (dados abertos)
93513;ESTRELA DO NORTE;GO;2025-2028;EDMAR DE ASSIS SILVA;EDMAR DA CACILDA;MDB;ELEITO;TSE (dados abertos)
92711;BRAZABRANTES;GO;2025-2028;MARCIO ANTÔNIO MACHADO;MARCIO TUCA;UNIÃO;ELEITO;TSE (dados abertos)
92827;RIO QUENTE;GO;2025-2028;ANA PAULA LIMA DE OLIVEIRA MACHADO;ANA PAULA;SOLIDARIEDADE;ELEITO;TSE (dados abertos)
93750;GOIANIRA;GO;2025-2028;CLEYTON AMARAL DAVID BENTO;CLEYTON BENTO;UNIÃO;ELEITO;TSE (dados abertos)
96555;NOVA GLÓRIA;GO;2025-2028;LUIZ JOSE DA SILVA;LUIZ CONTADOR;UNIÃO;ELEITO;TSE (dados abertos)
93122;CALDAZINHA;GO;2025-2028;SOLANGE MARIA GOUVEIA CASTRO;SOLANGE GOUVEIA;UNIÃO;ELEITO;TSE (dados abertos)
96873;CAMPINAÇU;GO;2025-2028;DOUGLAS ADYEL RIBEIRO DE FARIA;DR. DOUGLAS;UNIÃO;ELEITO;TSE (dados abertos)
95575;PORTELÂNDIA;GO;2025-2028;MARLY DAVID REZENDE RODRIGUES;MARLY REZENDE;PL;ELEITO;TSE (dados abertos)
95958;PLANALTINA;GO;2025-2028;CRISTIOMÁRIO DE SOUSA MEDEIROS;DELEGADO CRISTIOMÁRIO;PP;ELEITO;TSE (dados abertos)
95079;OUVIDOR;GO;2025-2028;CÉBIO MACHADO DO NASCIMENTO;CEBINHA;PODE;ELEITO;TSE (dados abertos)
94471;MAIRIPOTABA;GO;2025-2028;LINDOMAR CLAUDINO BESSA;LINDOMAR BESSA;UNIÃO;ELEITO;TSE (dados abertos)
96237;TRÊS RANCHOS;GO;2025-2028;HAROLDO CALAÇA COELHO;HAROLDINHO;UNIÃO;ELEITO;TSE (dados abertos)
93050;CAVALCANTE;GO;2025-2028;VILMAR SOUZA COSTA;VILMAR KALUNGA;PSB;ELEITO;TSE (dados abertos)
94315;JARAGUÁ;GO;2025-2028;PAULO VITOR AVELAR;PAULO VITOR;UNIÃO;ELEITO;TSE (dados abertos)
94510;MARA ROSA;GO;2025-2028;FLAVIO DIVINO MAURICIO DE MOURA;FLAVIO MOURA;UNIÃO;ELEITO;TSE (dados abertos)
93289;VILA BOA;GO;2025-2028;RUBENS FRANCISCO LOPES;RUBENS;UNIÃO;ELEITO;TSE (dados abertos)
92835;CACHOEIRA DE GOIÁS;GO;2025-2028;MICHAEL PEREIRA DOS SANTOS;MAICOM PEREIRA;PSB;ELEITO;TSE (dados abertos)
93165;INACIOLÂNDIA;GO;2025-2028;CLÁUDIO HENRIQUE CAIXETA;CLÁUDIO CAIXETA;PDT;ELEITO;TSE (dados abertos)
95150;PALMINÓPOLIS;GO;2025-2028;FRANC HELVIS VAZ;DR FRANC;PP;ELEITO;TSE (dados abertos)
92010;ABADIÂNIA;GO;2025-2028;ITAMAR VIEIRA GOMES;DR ITAMAR;PP;ELEITO;TSE (dados abertos)
92517;AURILÂNDIA;GO;2025-2028;MARIA APARECIDA MAGALHÃES FURTADO MACÊDO;CIDA FURTADO;UNIÃO;ELEITO;TSE (dados abertos)
93084;NOVA IGUAÇU DE GOIÁS;GO;2025-2028;JOSE RIBEIRO DE ARAUJO;ZÉ DO ANDRÉ;PP;ELEITO;TSE (dados abertos)
96016;SÃO MIGUEL DO ARAGUAIA;GO;2025-2028;JERONYMO JOSÉ DE SIQUEIRA NETO;JERONYMO SIQUEIRA;PL;ELEITO;TSE (dados abertos)
92290;APORÉ;GO;2025-2028;LEONARDO DE MORAES CARVALHO;LEONARDO CARVALHO;PP;ELEITO;TSE (dados abertos)
93548;IPIRANGA DE GOIÁS;GO;2025-2028;BALTAZAR LUIZ DA SILVA;BALTAZAR;UNIÃO;ELEITO;TSE (dados abertos)
93890;HIDROLÂNDIA;GO;2025-2028;JOSÉ DÉLIO ALVES JÚNIOR;ZÉ DÉLIO JR;UNIÃO;ELEITO;TSE (dados abertos)
92975;CAMPOS BELOS;GO;2025-2028;PABLO GEOVANNI MOREIRA BATISTA;PABLO GEOVANNI;UNIÃO;ELEITO;TSE (dados abertos)
95915;SÃO DOMINGOS;GO;2025-2028;GILVANIR CARDOSO DOS REIS;GILVANIR CARDOSO;PP;ELEITO;TSE (dados abertos)
96318;TURVÂNIA;GO;2025-2028;JADIR DIAS POLICARPIO;JADIR POLICARPIO;UNIÃO;ELEITO;TSE (dados abertos)
94870;NERÓPOLIS;GO;2025-2028;LUIZ ALBERTO FRANCO ARAUJO;DR LUIZ;REPUBLICANOS;ELEITO;TSE (dados abertos)
95559;PORANGATU;GO;2025-2028;VANUZA PRIMO DE ARAÚJO VALADARES;VANUZA VALADARES;UNIÃO;ELEITO;TSE (dados abertos)
93149;GUARAÍTA;GO;2025-2028;HEBER DE LIMA FERNANDES;HEBIM DA MARCELA;PP;ELEITO;TSE (dados abertos)
93246;UIRAPURU;GO;2025-2028;ELIVAN RIBEIRO DOS SANTOS;ELIVAN CARREIRO;UNIÃO;ELEITO;TSE (dados abertos)
92622;SÃO JOÃO DA PARAÚNA;GO;2025-2028;UBIRAJARA ANTÔNIO DUARTE JUNIOR;JUNINHO;UNIÃO;ELEITO;TSE (dados abertos)
92339;ARAGARÇAS;GO;2025-2028;RICARDO GALVAO DE SOUSA;DELEGADO RICARDO GALVÃO;UNIÃO;ELEITO;TSE (dados abertos)
93912;HIDROLINA;GO;2025-2028;ELI GONÇALVES SIQUEIRA;ELIZÃO;MDB;ELEITO;TSE (dados abertos)
94277;IVOLÂNDIA;GO;2025-2028;VALDESSON VIEIRA JÚNIOR;DR JUNIOR;UNIÃO;ELEITO;TSE (dados abertos)
93343;ÁGUAS LINDAS DE GOIÁS;GO;2025-2028;LUCAS DE CARVALHO ANTONIETTI;DR LUCAS;UNIÃO;ELEITO;TSE (dados abertos)
95451;PIRES DO RIO;GO;2025-2028;HUGO SÉRGIO BATISTA;HUGO DO LATICÍNIO;PODE;ELEITO;TSE (dados abertos)
