cod_municipio;uf;numero_estabelecimentos_censo;area_estabelecimentos_censo_ha;valor_producao_florestal;produto_florestal_predominante;silvicultura_presente;ano_referencia_pevs
1100015;RO;5772.0;;;;False;2025
1100023;RO;5856.0;;243.0;1.3.2 - Madeira em tora para outras finalidades;True;2025
1100031;RO;2150.0;;;;False;2025
1100049;RO;7628.0;;;;False;2025
1100056;RO;1438.0;;1008.0;1.3.2 - Madeira em tora para outras finalidades;True;2025
1100064;RO;3348.0;;;;False;2025
1100072;RO;2978.0;;;;False;2025
1100080;RO;3000.0;;;;False;2025
1100098;RO;4000.0;;;;False;2025
1100106;RO;1204.0;;;;False;2025
1100114;RO;7096.0;;;;False;2025
1100122;RO;5088.0;;;;False;2025
1100130;RO;8544.0;;;;False;2025
1100148;RO;6020.0;;;;False;2025
1100155;RO;4318.0;;;;False;2025
1100189;RO;2482.0;;;;False;2025
1100205;RO;10354.0;;;;False;2025
1100254;RO;4210.0;;;;False;2025
1100262;RO;984.0;;;;False;2025
1100288;RO;4076.0;;9765.0;1.3.2 - Madeira em tora para outras finalidades;True;2025
1100296;RO;2046.0;;;;False;2025
1100304;RO;3160.0;;3698.0;2.3 - Resina;True;2025
1100320;RO;4974.0;;;;False;2025
1100338;RO;4234.0;;;;False;2025
1100346;RO;3650.0;;;;False;2025
1100379;RO;3950.0;;;;False;2025
1100403;RO;5238.0;;;;False;2025
1100452;RO;5660.0;;;;False;2025
1100502;RO;2694.0;;;;False;2025
1100601;RO;1806.0;;;;False;2025
1100700;RO;3836.0;;;;False;2025
1100809;RO;2480.0;;;;False;2025
1100908;RO;1154.0;;;;False;2025
1100924;RO;2090.0;;;;False;2025
1100940;RO;3794.0;;;;False;2025
1101005;RO;3386.0;;;;False;2025
1101104;RO;1528.0;;;;False;2025
1101203;RO;2402.0;;;;False;2025
1101302;RO;2484.0;;;;False;2025
1101401;RO;3108.0;;;;False;2025
1101435;RO;2774.0;;;;False;2025
1101450;RO;1284.0;;;;False;2025
1101468;RO;608.0;;;;False;2025
1101476;RO;802.0;;;;False;2025
1101484;RO;1594.0;;3913.0;1.3.2 - Madeira em tora para outras finalidades;True;2025
1101492;RO;3900.0;;;;False;2025
1101500;RO;3354.0;;;;False;2025
1101559;RO;1476.0;;;;False;2025
1101609;RO;4320.0;;;;False;2025
1101708;RO;3246.0;;;;False;2025
1101757;RO;3414.0;;;;False;2025
1101807;RO;1884.0;;;;False;2025
1200013;AC;2924.0;;;;False;2025
1200054;AC;1046.0;;;;False;2025
1200104;AC;4200.0;;;;False;2025
1200138;AC;2808.0;;;;False;2025
1200179;AC;2578.0;;;;False;2025
1200203;AC;6528.0;;;;False;2025
1200252;AC;2908.0;;;;False;2025
1200302;AC;5936.0;;;;False;2025
1200328;AC;968.0;;;;False;2025
1200336;AC;2176.0;;;;False;2025
1200344;AC;1290.0;;;;False;2025
1200351;AC;3354.0;;;;False;2025
1200385;AC;2692.0;;;;False;2025
1200393;AC;2232.0;;;;False;2025
1200401;AC;8212.0;;;;False;2025
1200427;AC;2584.0;;;;False;2025
1200435;AC;1264.0;;;;False;2025
1200450;AC;2908.0;;;;False;2025
1200500;AC;5364.0;;;;False;2025
1200609;AC;5808.0;;;;False;2025
1200708;AC;3774.0;;;;False;2025
1200807;AC;3158.0;;;;False;2025
1300029;AM;2004.0;;;;False;2025
1300060;AM;1076.0;;;;False;2025
1300086;AM;1244.0;;;;False;2025
1300102;AM;1498.0;;;;False;2025
1300144;AM;2182.0;;;;False;2025
1300201;AM;2504.0;;;;False;2025
1300300;AM;5166.0;;;;False;2025
1300409;AM;1864.0;;;;False;2025
1300508;AM;3158.0;;;;False;2025
1300607;AM;2420.0;;;;False;2025
1300631;AM;2034.0;;;;False;2025
1300680;AM;2238.0;;;;False;2025
1300706;AM;6746.0;;;;False;2025
1300805;AM;3464.0;;;;False;2025
1300839;AM;426.0;;;;False;2025
1300904;AM;2058.0;;;;False;2025
1301001;AM;3010.0;;;;False;2025
1301100;AM;4582.0;;;;False;2025
1301159;AM;3684.0;;;;False;2025
1301209;AM;4346.0;;;;False;2025
1301308;AM;2260.0;;;;False;2025
1301407;AM;2104.0;;;;False;2025
1301506;AM;2056.0;;;;False;2025
1301605;AM;1762.0;;;;False;2025
1301654;AM;1896.0;;;;False;2025
1301704;AM;1536.0;;;;False;2025
1301803;AM;2198.0;;;;False;2025
1301852;AM;2798.0;;;;False;2025
1301902;AM;4884.0;;;;False;2025
1301951;AM;1826.0;;;;False;2025
1302009;AM;452.0;;;;False;2025
1302108;AM;604.0;;;;False;2025
1302207;AM;1672.0;;;;False;2025
1302306;AM;2200.0;;;;False;2025
1302405;AM;4922.0;;;;False;2025
1302504;AM;4714.0;;;;False;2025
1302553;AM;2562.0;;;;False;2025
1302603;AM;3886.0;;;;False;2025
1302702;AM;5300.0;;;;False;2025
1302801;AM;1450.0;;;;False;2025
1302900;AM;3558.0;;;;False;2025
1303007;AM;2632.0;;;;False;2025
1303106;AM;2784.0;;;;False;2025
1303205;AM;482.0;;;;False;2025
1303304;AM;2012.0;;;;False;2025
1303403;AM;5484.0;;;;False;2025
1303502;AM;2820.0;;;;False;2025
1303536;AM;3538.0;;;;False;2025
1303569;AM;2008.0;;;;False;2025
1303601;AM;2298.0;;;;False;2025
1303700;AM;1508.0;;;;False;2025
1303809;AM;7856.0;;;;False;2025
1303908;AM;2104.0;;;;False;2025
1303957;AM;816.0;;;;False;2025
1304005;AM;1004.0;;;;False;2025
1304062;AM;3778.0;;;;False;2025
1304104;AM;2178.0;;;;False;2025
1304203;AM;3652.0;;;;False;2025
1304237;AM;734.0;;;;False;2025
1304260;AM;1606.0;;;;False;2025
1304302;AM;1218.0;;;;False;2025
1304401;AM;1062.0;;;;False;2025
1400027;RR;2824.0;;;;False;2025
1400050;RR;2728.0;;10537.0;1.3.2 - Madeira em tora para outras finalidades;True;2025
1400100;RR;2590.0;;89498.0;1.3.2 - Madeira em tora para outras finalidades;True;2025
1400159;RR;1978.0;;151423.0;1.3.2 - Madeira em tora para outras finalidades;True;2025
1400175;RR;4618.0;;29201.0;1.3.2 - Madeira em tora para outras finalidades;True;2025
1400209;RR;2398.0;;;;False;2025
1400233;RR;1882.0;;;;False;2025
1400282;RR;1402.0;;;;False;2025
1400308;RR;2090.0;;;;False;2025
1400407;RR;1964.0;;;;False;2025
1400456;RR;706.0;;;;False;2025
1400472;RR;3838.0;;;;False;2025
1400506;RR;1028.0;;;;False;2025
1400605;RR;962.0;;;;False;2025
1400704;RR;2684.0;;;;False;2025
1500107;PA;18820.0;;;;False;2025
1500131;PA;372.0;;6948.0;1.3.1 - Madeira em tora para papel e celulose;True;2025
1500206;PA;12746.0;;;;False;2025
1500305;PA;8592.0;;;;False;2025
1500347;PA;3228.0;;;;False;2025
1500404;PA;9880.0;;;;False;2025
1500503;PA;2186.0;;0.0;;True;2025
1500602;PA;7792.0;;1350.0;1.3.2 - Madeira em tora para outras finalidades;True;2025
1500701;PA;3332.0;;;;False;2025
1500800;PA;574.0;;;;False;2025
1500859;PA;4806.0;;;;False;2025
1500909;PA;7062.0;;;;False;2025
1500958;PA;4728.0;;2847.0;1.3.2 - Madeira em tora para outras finalidades;True;2025
1501006;PA;2302.0;;;;False;2025
1501105;PA;2936.0;;;;False;2025
1501204;PA;5640.0;;;;False;2025
1501253;PA;982.0;;;;False;2025
1501303;PA;6240.0;;;;False;2025
1501402;PA;1202.0;;;;False;2025
1501451;PA;1012.0;;;;False;2025
1501501;PA;422.0;;;;False;2025
1501576;PA;2588.0;;;;False;2025
1501600;PA;2172.0;;;;False;2025
1501709;PA;9076.0;;;;False;2025
1501725;PA;3710.0;;;;False;2025
1501758;PA;1216.0;;9238.0;1.3.1 - Madeira em tora para papel e celulose;True;2025
1501782;PA;4980.0;;91688.0;1.1 - Carvão vegetal;True;2025
1501808;PA;10164.0;;;;False;2025
1501907;PA;5910.0;;;;False;2025
1501956;PA;4056.0;;;;False;2025
1502004;PA;1632.0;;;;False;2025
1502103;PA;25778.0;;;;False;2025
1502152;PA;2296.0;;;;False;2025
1502202;PA;1840.0;;;;False;2025
1502301;PA;4836.0;;;;False;2025
1502400;PA;2234.0;;;;False;2025
1502509;PA;3444.0;;;;False;2025
1502608;PA;930.0;;;;False;2025
1502707;PA;6776.0;;;;False;2025
1502756;PA;2366.0;;;;False;2025
1502764;PA;1574.0;;;;False;2025
1502772;PA;624.0;;;;False;2025
1502806;PA;5882.0;;;;False;2025
1502855;PA;990.0;;;;False;2025
1502905;PA;1134.0;;;;False;2025
1502939;PA;1134.0;;106586.0;1.3.1 - Madeira em tora para papel e celulose;True;2025
1502954;PA;5200.0;;;;False;2025
1503002;PA;206.0;;;;False;2025
1503044;PA;2552.0;;;;False;2025
1503077;PA;4422.0;;;;False;2025
1503093;PA;2714.0;;;;False;2025
1503101;PA;2692.0;;;;False;2025
1503200;PA;4252.0;;;;False;2025
1503309;PA;7726.0;;;;False;2025
1503408;PA;1068.0;;;;False;2025
1503457;PA;4302.0;;;;False;2025
1503507;PA;4712.0;;;;False;2025
1503606;PA;3194.0;;;;False;2025
1503705;PA;6636.0;;;;False;2025
1503754;PA;868.0;;;;False;2025
1503804;PA;1462.0;;3687.0;1.3.2 - Madeira em tora para outras finalidades;True;2025
1503903;PA;2972.0;;;;False;2025
1504000;PA;7626.0;;;;False;2025
1504059;PA;1604.0;;;;False;2025
1504109;PA;882.0;;;;False;2025
1504208;PA;10610.0;;;;False;2025
1504307;PA;3512.0;;;;False;2025
1504406;PA;1822.0;;;;False;2025
1504422;PA;102.0;;;;False;2025
1504455;PA;6914.0;;;;False;2025
1504505;PA;3518.0;;;;False;2025
1504604;PA;2960.0;;;;False;2025
1504703;PA;11662.0;;;;False;2025
1504752;PA;3150.0;;;;False;2025
1504802;PA;8450.0;;;;False;2025
1504901;PA;4968.0;;;;False;2025
1504950;PA;2756.0;;;;False;2025
1504976;PA;2856.0;;;;False;2025
1505007;PA;1812.0;;;;False;2025
1505031;PA;2636.0;;;;False;2025
1505064;PA;10848.0;;;;False;2025
1505106;PA;5560.0;;;;False;2025
1505205;PA;7450.0;;;;False;2025
1505304;PA;4880.0;;;;False;2025
1505403;PA;2318.0;;;;False;2025
1505437;PA;2414.0;;;;False;2025
1505486;PA;8844.0;;;;False;2025
1505494;PA;866.0;;;;False;2025
1505502;PA;2892.0;;95005.0;1.3.1 - Madeira em tora para papel e celulose;True;2025
1505536;PA;2594.0;;;;False;2025
1505551;PA;1140.0;;;;False;2025
1505601;PA;1436.0;;;;False;2025
1505635;PA;2668.0;;;;False;2025
1505650;PA;5444.0;;;;False;2025
1505700;PA;5682.0;;;;False;2025
1505809;PA;4696.0;;;;False;2025
1505908;PA;3168.0;;;;False;2025
1506005;PA;2422.0;;;;False;2025
1506104;PA;776.0;;;;False;2025
1506112;PA;302.0;;;;False;2025
1506138;PA;1972.0;;;;False;2025
1506161;PA;2128.0;;;;False;2025
1506187;PA;3700.0;;50660.0;1.3.2 - Madeira em tora para outras finalidades;True;2025
1506195;PA;5320.0;;;;False;2025
1506203;PA;420.0;;;;False;2025
1506302;PA;688.0;;;;False;2025
1506351;PA;894.0;;;;False;2025
1506401;PA;350.0;;;;False;2025
1506500;PA;2426.0;;;;False;2025
1506559;PA;2262.0;;;;False;2025
1506583;PA;5576.0;;;;False;2025
1506609;PA;2434.0;;;;False;2025
1506708;PA;4102.0;;;;False;2025
1506807;PA;14758.0;;;;False;2025
1506906;PA;466.0;;;;False;2025
1507003;PA;1766.0;;;;False;2025
1507102;PA;1252.0;;;;False;2025
1507151;PA;2032.0;;;;False;2025
1507201;PA;6302.0;;;;False;2025
1507300;PA;12750.0;;;;False;2025
1507409;PA;1372.0;;;;False;2025
1507458;PA;2426.0;;;;False;2025
1507466;PA;362.0;;;;False;2025
1507474;PA;1042.0;;;;False;2025
1507508;PA;2440.0;;;;False;2025
1507607;PA;4500.0;;;;False;2025
1507706;PA;4764.0;;;;False;2025
1507755;PA;472.0;;;;False;2025
1507805;PA;4448.0;;;;False;2025
1507904;PA;240.0;;;;False;2025
1507953;PA;1878.0;;770.0;1.3.2 - Madeira em tora para outras finalidades;True;2025
1507961;PA;208.0;;;;False;2025
1507979;PA;1144.0;;;;False;2025
1508001;PA;6100.0;;;;False;2025
1508035;PA;6144.0;;;;False;2025
1508050;PA;1452.0;;;;False;2025
1508084;PA;3738.0;;;;False;2025
1508100;PA;2820.0;;;;False;2025
1508126;PA;2492.0;;65378.0;1.3.1 - Madeira em tora para papel e celulose;True;2025
1508159;PA;7986.0;;;;False;2025
1508209;PA;1890.0;;;;False;2025
1508308;PA;8482.0;;;;False;2025
1508357;PA;2150.0;;;;False;2025
1508407;PA;1836.0;;;;False;2025
1600055;AP;228.0;;;;False;2025
1600105;AP;446.0;;;;False;2025
1600154;AP;1188.0;;;;False;2025
1600204;AP;426.0;;;;False;2025
1600212;AP;364.0;;;;False;2025
1600238;AP;452.0;;76182.0;1.3.1 - Madeira em tora para papel e celulose;True;2025
1600253;AP;430.0;;;;False;2025
1600279;AP;854.0;;;;False;2025
1600303;AP;3656.0;;70239.0;1.3.1 - Madeira em tora para papel e celulose;True;2025
1600402;AP;2338.0;;;;False;2025
1600501;AP;2272.0;;;;False;2025
1600535;AP;1478.0;;49582.0;1.3.1 - Madeira em tora para papel e celulose;True;2025
1600550;AP;290.0;;;;False;2025
1600600;AP;1410.0;;;;False;2025
1600709;AP;654.0;;;;False;2025
1600808;AP;528.0;;;;False;2025
1700251;TO;776.0;;;;False;2025
1700301;TO;338.0;;;;False;2025
1700350;TO;660.0;;2633.0;1.2 - Lenha;True;2025
1700400;TO;706.0;;;;False;2025
1700707;TO;326.0;;;;False;2025
1701002;TO;748.0;;;;False;2025
1701051;TO;316.0;;;;False;2025
1701101;TO;556.0;;;;False;2025
1701309;TO;1340.0;;;;False;2025
1701903;TO;1918.0;;;;False;2025
1702000;TO;1892.0;;;;False;2025
1702109;TO;2110.0;;;;False;2025
1702158;TO;290.0;;;;False;2025
1702208;TO;4228.0;;;;False;2025
1702307;TO;492.0;;;;False;2025
1702406;TO;1732.0;;;;False;2025
1702554;TO;842.0;;;;False;2025
1702703;TO;408.0;;;;False;2025
1702901;TO;304.0;;;;False;2025
1703008;TO;2060.0;;;;False;2025
1703057;TO;424.0;;;;False;2025
1703073;TO;504.0;;;;False;2025
1703107;TO;480.0;;;;False;2025
1703206;TO;1154.0;;;;False;2025
1703305;TO;486.0;;;;False;2025
1703602;TO;274.0;;;;False;2025
1703701;TO;846.0;;765.0;1.2 - Lenha;True;2025
1703800;TO;428.0;;;;False;2025
1703826;TO;402.0;;;;False;2025
1703842;TO;1310.0;;;;False;2025
1703867;TO;752.0;;;;False;2025
1703883;TO;188.0;;;;False;2025
1703891;TO;370.0;;;;False;2025
1703909;TO;922.0;;;;False;2025
1704105;TO;680.0;;;;False;2025
1704600;TO;436.0;;;;False;2025
1705102;TO;792.0;;;;False;2025
1705508;TO;772.0;;;;False;2025
1705557;TO;376.0;;;;False;2025
1705607;TO;680.0;;;;False;2025
1706001;TO;1530.0;;;;False;2025
1706100;TO;966.0;;;;False;2025
1706258;TO;350.0;;6930.0;1.2 - Lenha;True;2025
1706506;TO;588.0;;;;False;2025
1707009;TO;906.0;;51.0;1.3.2 - Madeira em tora para outras finalidades;True;2025
1707108;TO;1444.0;;;;False;2025
1707207;TO;2314.0;;;;False;2025
1707306;TO;994.0;;3177.0;1.2 - Lenha;True;2025
1707405;TO;920.0;;;;False;2025
1707553;TO;430.0;;;;False;2025
1707652;TO;898.0;;;;False;2025
1707702;TO;1394.0;;;;False;2025
1708205;TO;2204.0;;140.0;1.2 - Lenha;True;2025
1708254;TO;212.0;;;;False;2025
1708304;TO;1396.0;;;;False;2025
1709005;TO;1818.0;;;;False;2025
1709302;TO;1356.0;;;;False;2025
1709500;TO;1252.0;;;;False;2025
1709807;TO;342.0;;;;False;2025
1710508;TO;1094.0;;;;False;2025
1710706;TO;950.0;;;;False;2025
1710904;TO;988.0;;;;False;2025
1711100;TO;566.0;;;;False;2025
1711506;TO;1248.0;;1980.0;1.2 - Lenha;True;2025
1711803;TO;626.0;;;;False;2025
1711902;TO;980.0;;;;False;2025
1711951;TO;798.0;;180.0;1.2 - Lenha;True;2025
1712009;TO;250.0;;;;False;2025
1712157;TO;362.0;;;;False;2025
1712405;TO;1070.0;;;;False;2025
1712454;TO;430.0;;;;False;2025
1712504;TO;1340.0;;;;False;2025
1712702;TO;432.0;;;;False;2025
1712801;TO;608.0;;;;False;2025
1713205;TO;1566.0;;956.0;1.3.1 - Madeira em tora para papel e celulose;True;2025
1713304;TO;1008.0;;;;False;2025
1713601;TO;1664.0;;90.0;1.2 - Lenha;True;2025
1713700;TO;778.0;;;;False;2025
1713809;TO;1092.0;;;;False;2025
1713957;TO;492.0;;;;False;2025
1714203;TO;718.0;;;;False;2025
1714302;TO;374.0;;;;False;2025
1714880;TO;1438.0;;;;False;2025
1715002;TO;600.0;;;;False;2025
1715101;TO;394.0;;1900.0;1.2 - Lenha;True;2025
1715150;TO;214.0;;;;False;2025
1715259;TO;348.0;;;;False;2025
1715507;TO;164.0;;;;False;2025
1715705;TO;1448.0;;;;False;2025
1715754;TO;1140.0;;;;False;2025
1716109;TO;1248.0;;;;False;2025
1716208;TO;2938.0;;;;False;2025
1716307;TO;842.0;;;;False;2025
1716505;TO;752.0;;;;False;2025
1716604;TO;1778.0;;4410.0;1.2 - Lenha;True;2025
1716653;TO;1572.0;;;;False;2025
1716703;TO;1386.0;;;;False;2025
1717008;TO;1582.0;;;;False;2025
1717206;TO;860.0;;;;False;2025
1717503;TO;1198.0;;0.0;;True;2025
1717800;TO;744.0;;;;False;2025
1717909;TO;1548.0;;;;False;2025
1718006;TO;292.0;;;;False;2025
1718204;TO;3460.0;;;;False;2025
1718303;TO;380.0;;;;False;2025
1718402;TO;330.0;;;;False;2025
1718451;TO;322.0;;;;False;2025
1718501;TO;808.0;;;;False;2025
1718550;TO;980.0;;;;False;2025
1718659;TO;52.0;;;;False;2025
1718709;TO;750.0;;;;False;2025
1718758;TO;2394.0;;;;False;2025
1718808;TO;660.0;;;;False;2025
1718840;TO;838.0;;;;False;2025
1718865;TO;630.0;;;;False;2025
1718881;TO;826.0;;;;False;2025
1718899;TO;920.0;;;;False;2025
1718907;TO;1080.0;;;;False;2025
1719004;TO;574.0;;;;False;2025
1720002;TO;256.0;;;;False;2025
1720101;TO;798.0;;;;False;2025
1720150;TO;268.0;;;;False;2025
1720200;TO;560.0;;4608.0;1.3.2 - Madeira em tora para outras finalidades;True;2025
1720259;TO;610.0;;;;False;2025
1720309;TO;554.0;;;;False;2025
1720499;TO;946.0;;384.0;1.3.2 - Madeira em tora para outras finalidades;True;2025
1720655;TO;732.0;;;;False;2025
1720804;TO;646.0;;;;False;2025
1720853;TO;288.0;;;;False;2025
1720903;TO;1528.0;;;;False;2025
1720937;TO;196.0;;;;False;2025
1720978;TO;662.0;;;;False;2025
1721000;TO;2466.0;;;;False;2025
1721109;TO;1380.0;;;;False;2025
1721208;TO;440.0;;;;False;2025
1721257;TO;284.0;;;;False;2025
1721307;TO;550.0;;;;False;2025
1722081;TO;968.0;;;;False;2025
1722107;TO;928.0;;;;False;2025
2100055;MA;3234.0;;147131.0;1.1 - Carvão vegetal;True;2025
2100105;MA;560.0;;;;False;2025
2100154;MA;1580.0;;;;False;2025
2100204;MA;3140.0;;;;False;2025
2100303;MA;2724.0;;;;False;2025
2100402;MA;826.0;;;;False;2025
2100436;MA;418.0;;;;False;2025
2100477;MA;1494.0;;;;False;2025
2100501;MA;894.0;;;;False;2025
2100550;MA;420.0;;;;False;2025
2100600;MA;4610.0;;;;False;2025
2100709;MA;3324.0;;;;False;2025
2100808;MA;2228.0;;672.0;1.1 - Carvão vegetal;True;2025
2100832;MA;346.0;;;;False;2025
2100873;MA;1058.0;;;;False;2025
2100907;MA;4532.0;;;;False;2025
2100956;MA;2804.0;;;;False;2025
2101004;MA;2520.0;;;;False;2025
2101103;MA;1390.0;;;;False;2025
2101202;MA;3928.0;;;;False;2025
2101251;MA;332.0;;;;False;2025
2101301;MA;874.0;;;;False;2025
2101350;MA;832.0;;;;False;2025
2101400;MA;2976.0;;2497.0;1.1 - Carvão vegetal;True;2025
2101509;MA;1744.0;;3915.0;1.1 - Carvão vegetal;True;2025
2101608;MA;4918.0;;27951.0;1.1 - Carvão vegetal;True;2025
2101707;MA;4914.0;;;;False;2025
2101731;MA;1784.0;;350.0;1.1 - Carvão vegetal;True;2025
2101772;MA;402.0;;;;False;2025
2101806;MA;726.0;;;;False;2025
2101905;MA;4018.0;;;;False;2025
2101939;MA;912.0;;;;False;2025
2101970;MA;376.0;;;;False;2025
2102002;MA;2088.0;;20116.0;1.1 - Carvão vegetal;True;2025
2102036;MA;1562.0;;74516.0;1.3.1 - Madeira em tora para papel e celulose;True;2025
2102077;MA;1800.0;;;;False;2025
2102101;MA;4832.0;;;;False;2025
2102150;MA;1394.0;;;;False;2025
2102200;MA;5892.0;;2128.0;1.1 - Carvão vegetal;True;2025
2102309;MA;1798.0;;19.0;1.2 - Lenha;True;2025
2102325;MA;1674.0;;;;False;2025
2102358;MA;1176.0;;;;False;2025
2102374;MA;1808.0;;;;False;2025
2102408;MA;1562.0;;;;False;2025
2102507;MA;4298.0;;;;False;2025
2102556;MA;414.0;;;;False;2025
2102606;MA;866.0;;;;False;2025
2102705;MA;2738.0;;;;False;2025
2102754;MA;1492.0;;;;False;2025
2102804;MA;2506.0;;4030.0;1.3.1 - Madeira em tora para papel e celulose;True;2025
2102903;MA;758.0;;;;False;2025
2103000;MA;9134.0;;11.0;1.2 - Lenha;True;2025
2103109;MA;802.0;;;;False;2025
2103125;MA;734.0;;;;False;2025
2103158;MA;850.0;;;;False;2025
2103174;MA;1072.0;;;;False;2025
2103208;MA;8628.0;;35.0;1.3.2 - Madeira em tora para outras finalidades;True;2025
2103257;MA;1632.0;;20191.0;1.3.1 - Madeira em tora para papel e celulose;True;2025
2103307;MA;9616.0;;43.0;1.2 - Lenha;True;2025
2103406;MA;1948.0;;;;False;2025
2103505;MA;2396.0;;;;False;2025
2103554;MA;968.0;;;;False;2025
2103604;MA;5652.0;;;;False;2025
2103703;MA;886.0;;;;False;2025
2103752;MA;428.0;;;;False;2025
2103802;MA;1262.0;;;;False;2025
2103901;MA;526.0;;;;False;2025
2104008;MA;2846.0;;;;False;2025
2104057;MA;2654.0;;21260.0;1.3.1 - Madeira em tora para papel e celulose;True;2025
2104073;MA;2038.0;;800.0;1.3.1 - Madeira em tora para papel e celulose;True;2025
2104081;MA;1516.0;;;;False;2025
2104099;MA;3898.0;;;;False;2025
2104107;MA;2176.0;;123.0;1.2 - Lenha;True;2025
2104206;MA;634.0;;;;False;2025
2104305;MA;452.0;;;;False;2025
2104404;MA;2046.0;;;;False;2025
2104503;MA;820.0;;;;False;2025
2104552;MA;628.0;;4495.0;1.3.1 - Madeira em tora para papel e celulose;True;2025
2104602;MA;2228.0;;;;False;2025
2104628;MA;358.0;;;;False;2025
2104651;MA;630.0;;;;False;2025
2104677;MA;1100.0;;;;False;2025
2104701;MA;918.0;;;;False;2025
2104800;MA;6432.0;;64559.0;1.1 - Carvão vegetal;True;2025
2104909;MA;898.0;;;;False;2025
2105005;MA;1706.0;;;;False;2025
2105104;MA;2858.0;;;;False;2025
2105153;MA;722.0;;;;False;2025
2105203;MA;1322.0;;;;False;2025
2105302;MA;1418.0;;39338.0;1.3.1 - Madeira em tora para papel e celulose;True;2025
2105351;MA;1598.0;;;;False;2025
2105401;MA;4262.0;;;;False;2025
2105427;MA;1310.0;;205662.0;1.3.1 - Madeira em tora para papel e celulose;True;2025
2105450;MA;1056.0;;;;False;2025
2105476;MA;1864.0;;;;False;2025
2105500;MA;1358.0;;1998.0;1.3.1 - Madeira em tora para papel e celulose;True;2025
2105609;MA;2292.0;;;;False;2025
2105658;MA;390.0;;;;False;2025
2105708;MA;2020.0;;;;False;2025
2105807;MA;1348.0;;;;False;2025
2105906;MA;1230.0;;;;False;2025
2105922;MA;2024.0;;;;False;2025
2105948;MA;992.0;;;;False;2025
2105963;MA;1190.0;;;;False;2025
2105989;MA;1382.0;;;;False;2025
2106003;MA;1438.0;;;;False;2025
2106102;MA;1158.0;;41.0;1.2 - Lenha;True;2025
2106201;MA;546.0;;;;False;2025
2106300;MA;1860.0;;;;False;2025
2106326;MA;394.0;;;;False;2025
2106359;MA;764.0;;;;False;2025
2106375;MA;854.0;;;;False;2025
2106409;MA;2148.0;;;;False;2025
2106508;MA;4024.0;;;;False;2025
2106607;MA;4560.0;;531.0;1.3.1 - Madeira em tora para papel e celulose;True;2025
2106631;MA;1190.0;;;;False;2025
2106672;MA;2366.0;;;;False;2025
2106706;MA;3132.0;;;;False;2025
2106755;MA;520.0;;;;False;2025
2106805;MA;1414.0;;;;False;2025
2106904;MA;1868.0;;;;False;2025
2107001;MA;1434.0;;;;False;2025
2107100;MA;2532.0;;;;False;2025
2107209;MA;1320.0;;;;False;2025
2107258;MA;686.0;;;;False;2025
2107308;MA;276.0;;;;False;2025
2107357;MA;1520.0;;;;False;2025
2107407;MA;902.0;;;;False;2025
2107456;MA;2104.0;;;;False;2025
2107506;MA;1838.0;;;;False;2025
2107605;MA;3848.0;;;;False;2025
2107704;MA;1254.0;;;;False;2025
2107803;MA;3542.0;;49.0;1.3.2 - Madeira em tora para outras finalidades;True;2025
2107902;MA;2516.0;;;;False;2025
2108009;MA;1336.0;;;;False;2025
2108058;MA;1894.0;;;;False;2025
2108108;MA;1420.0;;;;False;2025
2108207;MA;1204.0;;;;False;2025
2108256;MA;6260.0;;;;False;2025
2108306;MA;5590.0;;;;False;2025
2108405;MA;1266.0;;;;False;2025
2108454;MA;1648.0;;;;False;2025
2108504;MA;482.0;;;;False;2025
2108603;MA;4372.0;;;;False;2025
2108702;MA;1372.0;;;;False;2025
2108801;MA;1944.0;;;;False;2025
2108900;MA;4482.0;;;;False;2025
2109007;MA;1906.0;;8493.0;1.3.1 - Madeira em tora para papel e celulose;True;2025
2109056;MA;568.0;;;;False;2025
2109106;MA;1938.0;;;;False;2025
2109205;MA;1560.0;;;;False;2025
2109239;MA;444.0;;;;False;2025
2109270;MA;2840.0;;;;False;2025
2109304;MA;1542.0;;;;False;2025
2109403;MA;904.0;;;;False;2025
2109452;MA;500.0;;;;False;2025
2109502;MA;3030.0;;3032.0;1.3.1 - Madeira em tora para papel e celulose;True;2025
2109551;MA;846.0;;3155.0;1.3.1 - Madeira em tora para papel e celulose;True;2025
2109601;MA;980.0;;;;False;2025
2109700;MA;984.0;;;;False;2025
2109759;MA;668.0;;;;False;2025
2109809;MA;2570.0;;;;False;2025
2109908;MA;564.0;;;;False;2025
2110005;MA;3922.0;;4.0;1.1 - Carvão vegetal;True;2025
2110039;MA;1666.0;;;;False;2025
2110104;MA;2740.0;;38434.0;1.1 - Carvão vegetal;True;2025
2110203;MA;3216.0;;;;False;2025
2110237;MA;1648.0;;;;False;2025
2110278;MA;1450.0;;;;False;2025
2110302;MA;3042.0;;;;False;2025
2110401;MA;2706.0;;63.0;1.1 - Carvão vegetal;True;2025
2110500;MA;2414.0;;;;False;2025
2110609;MA;3368.0;;;;False;2025
2110658;MA;478.0;;;;False;2025
2110708;MA;2438.0;;;;False;2025
2110807;MA;1238.0;;2470.0;1.1 - Carvão vegetal;True;2025
2110856;MA;1016.0;;12852.0;1.3.1 - Madeira em tora para papel e celulose;True;2025
2110906;MA;1388.0;;;;False;2025
2111003;MA;4730.0;;;;False;2025
2111029;MA;718.0;;;;False;2025
2111052;MA;2116.0;;;;False;2025
2111078;MA;1860.0;;;;False;2025
2111102;MA;1086.0;;;;False;2025
2111201;MA;1918.0;;;;False;2025
2111250;MA;1476.0;;;;False;2025
2111300;MA;1634.0;;;;False;2025
2111409;MA;3244.0;;;;False;2025
2111508;MA;1136.0;;;;False;2025
2111532;MA;472.0;;11427.0;1.3.1 - Madeira em tora para papel e celulose;True;2025
2111573;MA;1038.0;;;;False;2025
2111607;MA;1178.0;;84.0;1.2 - Lenha;True;2025
2111631;MA;1484.0;;;;False;2025
2111672;MA;834.0;;;;False;2025
2111706;MA;4018.0;;;;False;2025
2111722;MA;862.0;;;;False;2025
2111748;MA;458.0;;;;False;2025
2111763;MA;1018.0;;;;False;2025
2111789;MA;996.0;;;;False;2025
2111805;MA;4072.0;;12362.0;1.1 - Carvão vegetal;True;2025
2111904;MA;1420.0;;;;False;2025
2111953;MA;390.0;;;;False;2025
2112001;MA;756.0;;932.0;1.1 - Carvão vegetal;True;2025
2112100;MA;2762.0;;;;False;2025
2112209;MA;5088.0;;;;False;2025
2112233;MA;754.0;;;;False;2025
2112274;MA;258.0;;;;False;2025
2112308;MA;3104.0;;;;False;2025
2112407;MA;3790.0;;;;False;2025
2112456;MA;1394.0;;;;False;2025
2112506;MA;4792.0;;;;False;2025
2112605;MA;5888.0;;32748.0;1.2 - Lenha;True;2025
2112704;MA;3626.0;;;;False;2025
2112803;MA;5384.0;;;;False;2025
2112852;MA;1396.0;;21846.0;1.3.1 - Madeira em tora para papel e celulose;True;2025
2112902;MA;2264.0;;;;False;2025
2113009;MA;1866.0;;;;False;2025
2114007;MA;1754.0;;;;False;2025
2200053;PI;3468.0;;;;False;2025
2200103;PI;892.0;;;;False;2025
2200202;PI;896.0;;;;False;2025
2200251;PI;3816.0;;;;False;2025
2200277;PI;1098.0;;;;False;2025
2200301;PI;3872.0;;;;False;2025
2200400;PI;3336.0;;;;False;2025
2200459;PI;752.0;;;;False;2025
2200509;PI;3670.0;;;;False;2025
2200608;PI;914.0;;;;False;2025
2200707;PI;2612.0;;;;False;2025
2200806;PI;322.0;;9000.0;1.2 - Lenha;True;2025
2200905;PI;1128.0;;;;False;2025
2200954;PI;1188.0;;;;False;2025
2201002;PI;1360.0;;;;False;2025
2201051;PI;2508.0;;;;False;2025
2201101;PI;2512.0;;;;False;2025
2201150;PI;1826.0;;;;False;2025
2201176;PI;1408.0;;;;False;2025
2201200;PI;7934.0;;;;False;2025
2201309;PI;490.0;;;;False;2025
2201408;PI;826.0;;;;False;2025
2201507;PI;6734.0;;;;False;2025
2201556;PI;1674.0;;;;False;2025
2201572;PI;910.0;;;;False;2025
2201606;PI;2004.0;;;;False;2025
2201705;PI;826.0;;;;False;2025
2201739;PI;2306.0;;;;False;2025
2201770;PI;1314.0;;91.0;1.2 - Lenha;True;2025
2201804;PI;1542.0;;;;False;2025
2201903;PI;2046.0;;;;False;2025
2201919;PI;1054.0;;;;False;2025
2201929;PI;2834.0;;;;False;2025
2201945;PI;1114.0;;;;False;2025
2201960;PI;1506.0;;;;False;2025
2201988;PI;1598.0;;;;False;2025
2202000;PI;2396.0;;;;False;2025
2202026;PI;2366.0;;;;False;2025
2202059;PI;2720.0;;;;False;2025
2202075;PI;1078.0;;;;False;2025
2202083;PI;978.0;;;;False;2025
2202091;PI;2170.0;;;;False;2025
2202109;PI;3110.0;;;;False;2025
2202117;PI;2008.0;;;;False;2025
2202133;PI;2366.0;;;;False;2025
2202174;PI;2324.0;;;;False;2025
2202208;PI;4464.0;;;;False;2025
2202251;PI;968.0;;;;False;2025
2202307;PI;4320.0;;;;False;2025
2202406;PI;1804.0;;;;False;2025
2202455;PI;1686.0;;;;False;2025
2202505;PI;2886.0;;;;False;2025
2202539;PI;1896.0;;;;False;2025
2202554;PI;1674.0;;;;False;2025
2202604;PI;3436.0;;;;False;2025
2202653;PI;932.0;;;;False;2025
2202703;PI;7722.0;;;;False;2025
2202711;PI;1008.0;;;;False;2025
2202729;PI;2898.0;;;;False;2025
2202737;PI;1146.0;;;;False;2025
2202752;PI;604.0;;;;False;2025
2202778;PI;2200.0;;;;False;2025
2202802;PI;1400.0;;;;False;2025
2202851;PI;1464.0;;;;False;2025
2202901;PI;2938.0;;;;False;2025
2203008;PI;1578.0;;;;False;2025
2203107;PI;990.0;;;;False;2025
2203206;PI;2366.0;;;;False;2025
2203230;PI;1518.0;;;;False;2025
2203255;PI;926.0;;;;False;2025
2203271;PI;1482.0;;;;False;2025
2203305;PI;1266.0;;;;False;2025
2203354;PI;3122.0;;;;False;2025
2203404;PI;824.0;;;;False;2025
2203420;PI;1376.0;;;;False;2025
2203453;PI;3752.0;;;;False;2025
2203503;PI;2744.0;;15924.0;1.1 - Carvão vegetal;True;2025
2203602;PI;986.0;;;;False;2025
2203701;PI;4590.0;;;;False;2025
2203750;PI;2298.0;;;;False;2025
2203800;PI;1158.0;;;;False;2025
2203859;PI;842.0;;;;False;2025
2203909;PI;2764.0;;;;False;2025
2204006;PI;1318.0;;;;False;2025
2204105;PI;1230.0;;1775.0;1.2 - Lenha;True;2025
2204154;PI;888.0;;;;False;2025
2204204;PI;2590.0;;;;False;2025
2204303;PI;1938.0;;;;False;2025
2204352;PI;1838.0;;;;False;2025
2204402;PI;1522.0;;;;False;2025
2204501;PI;500.0;;;;False;2025
2204550;PI;1700.0;;;;False;2025
2204600;PI;750.0;;4960.0;1.1 - Carvão vegetal;True;2025
2204659;PI;436.0;;;;False;2025
2204709;PI;4538.0;;;;False;2025
2204808;PI;2422.0;;;;False;2025
2204907;PI;3434.0;;;;False;2025
2205003;PI;4332.0;;;;False;2025
2205102;PI;2952.0;;;;False;2025
2205151;PI;2812.0;;;;False;2025
2205201;PI;5274.0;;;;False;2025
2205250;PI;1096.0;;;;False;2025
2205276;PI;1770.0;;;;False;2025
2205300;PI;382.0;;;;False;2025
2205359;PI;1280.0;;;;False;2025
2205409;PI;2928.0;;;;False;2025
2205458;PI;1578.0;;;;False;2025
2205508;PI;6852.0;;;;False;2025
2205516;PI;1764.0;;;;False;2025
2205524;PI;1778.0;;;;False;2025
2205532;PI;2260.0;;;;False;2025
2205540;PI;412.0;;;;False;2025
2205557;PI;1596.0;;;;False;2025
2205565;PI;2008.0;;;;False;2025
2205573;PI;1880.0;;;;False;2025
2205581;PI;1132.0;;;;False;2025
2205599;PI;2194.0;;;;False;2025
2205607;PI;1706.0;;;;False;2025
2205706;PI;6394.0;;;;False;2025
2205805;PI;4792.0;;;;False;2025
2205854;PI;1784.0;;;;False;2025
2205904;PI;988.0;;;;False;2025
2205953;PI;868.0;;;;False;2025
2206001;PI;842.0;;;;False;2025
2206050;PI;2620.0;;;;False;2025
2206100;PI;1530.0;;;;False;2025
2206209;PI;7944.0;;;;False;2025
2206308;PI;268.0;;;;False;2025
2206357;PI;2654.0;;;;False;2025
2206407;PI;1850.0;;;;False;2025
2206506;PI;3256.0;;;;False;2025
2206605;PI;3216.0;;;;False;2025
2206654;PI;1152.0;;;;False;2025
2206670;PI;1292.0;;;;False;2025
2206696;PI;3244.0;;;;False;2025
2206704;PI;1062.0;;;;False;2025
2206720;PI;1740.0;;;;False;2025
2206753;PI;1384.0;;;;False;2025
2206803;PI;2798.0;;;;False;2025
2206902;PI;1774.0;;;;False;2025
2206951;PI;1110.0;;;;False;2025
2207009;PI;7176.0;;;;False;2025
2207108;PI;936.0;;;;False;2025
2207207;PI;1658.0;;;;False;2025
2207306;PI;1614.0;;;;False;2025
2207355;PI;1180.0;;;;False;2025
2207405;PI;1530.0;;;;False;2025
2207504;PI;4088.0;;;;False;2025
2207553;PI;1194.0;;;;False;2025
2207603;PI;2080.0;;;;False;2025
2207702;PI;2538.0;;;;False;2025
2207751;PI;1050.0;;15792.0;1.1 - Carvão vegetal;True;2025
2207777;PI;2546.0;;;;False;2025
2207793;PI;1322.0;;;;False;2025
2207801;PI;4952.0;;;;False;2025
2207850;PI;1294.0;;;;False;2025
2207900;PI;7288.0;;;;False;2025
2207934;PI;1194.0;;;;False;2025
2207959;PI;1798.0;;;;False;2025
2208007;PI;6028.0;;;;False;2025
2208106;PI;3788.0;;;;False;2025
2208205;PI;7168.0;;;;False;2025
2208304;PI;4060.0;;;;False;2025
2208403;PI;6920.0;;;;False;2025
2208502;PI;1608.0;;;;False;2025
2208551;PI;434.0;;;;False;2025
2208601;PI;400.0;;;;False;2025
2208650;PI;3754.0;;;;False;2025
2208700;PI;1248.0;;;;False;2025
2208809;PI;1858.0;;2048.0;1.2 - Lenha;True;2025
2208858;PI;858.0;;;;False;2025
2208874;PI;928.0;;;;False;2025
2208908;PI;690.0;;;;False;2025
2209005;PI;1714.0;;;;False;2025
2209104;PI;1082.0;;;;False;2025
2209153;PI;536.0;;;;False;2025
2209203;PI;1280.0;;;;False;2025
2209302;PI;870.0;;;;False;2025
2209351;PI;1122.0;;;;False;2025
2209377;PI;1020.0;;;;False;2025
2209401;PI;1784.0;;;;False;2025
2209450;PI;408.0;;;;False;2025
2209500;PI;1434.0;;;;False;2025
2209559;PI;2146.0;;;;False;2025
2209609;PI;676.0;;;;False;2025
2209658;PI;2392.0;;;;False;2025
2209708;PI;2420.0;;;;False;2025
2209757;PI;734.0;;;;False;2025
2209807;PI;898.0;;;;False;2025
2209856;PI;812.0;;;;False;2025
2209872;PI;632.0;;;;False;2025
2209906;PI;1468.0;;;;False;2025
2209955;PI;1020.0;;;;False;2025
2209971;PI;1406.0;;;;False;2025
2210003;PI;2622.0;;;;False;2025
2210052;PI;1076.0;;;;False;2025
2210102;PI;794.0;;;;False;2025
2210201;PI;3206.0;;;;False;2025
2210300;PI;1094.0;;;;False;2025
2210359;PI;1720.0;;;;False;2025
2210375;PI;1040.0;;;;False;2025
2210383;PI;586.0;;;;False;2025
2210391;PI;414.0;;;;False;2025
2210409;PI;5264.0;;;;False;2025
2210508;PI;2978.0;;;;False;2025
2210607;PI;7328.0;;;;False;2025
2210623;PI;1156.0;;;;False;2025
2210631;PI;1004.0;;;;False;2025
2210656;PI;3068.0;;;;False;2025
2210706;PI;4164.0;;;;False;2025
2210805;PI;3272.0;;;;False;2025
2210904;PI;1270.0;;;;False;2025
2210938;PI;1726.0;;;;False;2025
2210953;PI;1184.0;;;;False;2025
2210979;PI;888.0;;;;False;2025
2211001;PI;10342.0;;;;False;2025
2211100;PI;7562.0;;;;False;2025
2211209;PI;2440.0;;10000.0;1.2 - Lenha;True;2025
2211308;PI;2308.0;;;;False;2025
2211357;PI;2278.0;;;;False;2025
2211407;PI;1056.0;;;;False;2025
2211506;PI;1438.0;;;;False;2025
2211605;PI;1738.0;;;;False;2025
2211704;PI;1666.0;;;;False;2025
2300101;CE;1768.0;;;;False;2025
2300150;CE;1704.0;;;;False;2025
2300200;CE;10058.0;;;;False;2025
2300309;CE;12068.0;;;;False;2025
2300408;CE;5864.0;;;;False;2025
2300507;CE;1224.0;;;;False;2025
2300606;CE;1124.0;;;;False;2025
2300705;CE;3128.0;;;;False;2025
2300754;CE;7058.0;;;;False;2025
2300804;CE;800.0;;;;False;2025
2300903;CE;2494.0;;;;False;2025
2301000;CE;8650.0;;;;False;2025
2301109;CE;6110.0;;;;False;2025
2301208;CE;5514.0;;;;False;2025
2301257;CE;3226.0;;;;False;2025
2301307;CE;6146.0;;;;False;2025
2301406;CE;3176.0;;;;False;2025
2301505;CE;2722.0;;;;False;2025
2301604;CE;5286.0;;;;False;2025
2301703;CE;5266.0;;;;False;2025
2301802;CE;1528.0;;;;False;2025
2301851;CE;2208.0;;;;False;2025
2301901;CE;5872.0;;1.0;1.1 - Carvão vegetal;True;2025
2301950;CE;3506.0;;;;False;2025
2302008;CE;3210.0;;4.0;1.3.2 - Madeira em tora para outras finalidades;True;2025
2302057;CE;1774.0;;;;False;2025
2302107;CE;4090.0;;;;False;2025
2302206;CE;6730.0;;;;False;2025
2302305;CE;5186.0;;;;False;2025
2302404;CE;12352.0;;;;False;2025
2302503;CE;3364.0;;;;False;2025
2302602;CE;4368.0;;;;False;2025
2302701;CE;5352.0;;;;False;2025
2302800;CE;11694.0;;;;False;2025
2302909;CE;4378.0;;;;False;2025
2303006;CE;2916.0;;;;False;2025
2303105;CE;3502.0;;;;False;2025
2303204;CE;5286.0;;86.0;1.3.2 - Madeira em tora para outras finalidades;True;2025
2303303;CE;5480.0;;;;False;2025
2303402;CE;2042.0;;;;False;2025
2303501;CE;5100.0;;;;False;2025
2303600;CE;2444.0;;;;False;2025
2303659;CE;2278.0;;;;False;2025
2303709;CE;5398.0;;;;False;2025
2303808;CE;5658.0;;;;False;2025
2303907;CE;918.0;;;;False;2025
2303931;CE;3610.0;;;;False;2025
2303956;CE;2766.0;;;;False;2025
2304004;CE;2542.0;;;;False;2025
2304103;CE;12914.0;;;;False;2025
2304202;CE;5298.0;;;;False;2025
2304236;CE;3368.0;;;;False;2025
2304251;CE;2850.0;;;;False;2025
2304269;CE;3188.0;;;;False;2025
2304277;CE;1032.0;;;;False;2025
2304285;CE;374.0;;;;False;2025
2304301;CE;4802.0;;;;False;2025
2304350;CE;1528.0;;;;False;2025
2304400;CE;488.0;;;;False;2025
2304459;CE;1192.0;;;;False;2025
2304509;CE;1832.0;;;;False;2025
2304608;CE;760.0;;;;False;2025
2304657;CE;3488.0;;;;False;2025
2304707;CE;8734.0;;;;False;2025
2304806;CE;1194.0;;;;False;2025
2304905;CE;2362.0;;;;False;2025
2304954;CE;2334.0;;;;False;2025
2305001;CE;4072.0;;;;False;2025
2305100;CE;516.0;;;;False;2025
2305209;CE;5366.0;;;;False;2025
2305233;CE;1508.0;;;;False;2025
2305266;CE;3278.0;;;;False;2025
2305308;CE;3628.0;;;;False;2025
2305332;CE;1996.0;;;;False;2025
2305357;CE;2312.0;;;;False;2025
2305407;CE;12048.0;;;;False;2025
2305506;CE;7468.0;;;;False;2025
2305605;CE;7058.0;;;;False;2025
2305654;CE;3610.0;;;;False;2025
2305704;CE;2958.0;;;;False;2025
2305803;CE;4712.0;;158.0;1.3.2 - Madeira em tora para outras finalidades;True;2025
2305902;CE;6564.0;;;;False;2025
2306009;CE;1636.0;;;;False;2025
2306108;CE;4200.0;;;;False;2025
2306207;CE;1808.0;;;;False;2025
2306256;CE;1274.0;;;;False;2025
2306306;CE;4048.0;;;;False;2025
2306405;CE;13258.0;;;;False;2025
2306504;CE;4470.0;;;;False;2025
2306553;CE;4614.0;;;;False;2025
2306603;CE;4502.0;;;;False;2025
2306702;CE;3554.0;;;;False;2025
2306801;CE;2164.0;;;;False;2025
2306900;CE;5396.0;;;;False;2025
2307007;CE;5296.0;;;;False;2025
2307106;CE;5230.0;;108.0;1.3.2 - Madeira em tora para outras finalidades;True;2025
2307205;CE;970.0;;;;False;2025
2307254;CE;2324.0;;;;False;2025
2307304;CE;1892.0;;;;False;2025
2307403;CE;4422.0;;;;False;2025
2307502;CE;6428.0;;;;False;2025
2307601;CE;3776.0;;;;False;2025
2307635;CE;3544.0;;;;False;2025
2307650;CE;388.0;;;;False;2025
2307700;CE;6094.0;;;;False;2025
2307809;CE;2798.0;;;;False;2025
2307908;CE;1048.0;;;;False;2025
2308005;CE;4090.0;;;;False;2025
2308104;CE;7278.0;;8.0;1.3.2 - Madeira em tora para outras finalidades;True;2025
2308203;CE;2174.0;;;;False;2025
2308302;CE;3826.0;;;;False;2025
2308351;CE;3490.0;;;;False;2025
2308377;CE;1148.0;;;;False;2025
2308401;CE;8816.0;;83.0;1.3.2 - Madeira em tora para outras finalidades;True;2025
2308500;CE;12392.0;;;;False;2025
2308609;CE;4286.0;;;;False;2025
2308708;CE;9476.0;;;;False;2025
2308807;CE;1508.0;;;;False;2025
2308906;CE;3090.0;;;;False;2025
2309003;CE;2206.0;;;;False;2025
2309102;CE;2340.0;;;;False;2025
2309201;CE;2026.0;;;;False;2025
2309300;CE;3984.0;;;;False;2025
2309409;CE;7176.0;;;;False;2025
2309458;CE;5012.0;;;;False;2025
2309508;CE;3902.0;;;;False;2025
2309607;CE;2478.0;;;;False;2025
2309706;CE;1548.0;;;;False;2025
2309805;CE;2052.0;;;;False;2025
2309904;CE;592.0;;;;False;2025
2310001;CE;2674.0;;;;False;2025
2310100;CE;2108.0;;;;False;2025
2310209;CE;1182.0;;;;False;2025
2310258;CE;3552.0;;;;False;2025
2310308;CE;8778.0;;;;False;2025
2310407;CE;1704.0;;;;False;2025
2310506;CE;8008.0;;;;False;2025
2310605;CE;574.0;;;;False;2025
2310704;CE;4966.0;;;;False;2025
2310803;CE;3240.0;;;;False;2025
2310852;CE;2980.0;;;;False;2025
2310902;CE;5008.0;;;;False;2025
2310951;CE;2022.0;;;;False;2025
2311009;CE;4288.0;;;;False;2025
2311108;CE;3068.0;;;;False;2025
2311207;CE;2752.0;;;;False;2025
2311231;CE;2144.0;;;;False;2025
2311264;CE;7026.0;;;;False;2025
2311306;CE;9760.0;;;;False;2025
2311355;CE;4224.0;;;;False;2025
2311405;CE;13696.0;;;;False;2025
2311504;CE;1256.0;;;;False;2025
2311603;CE;5966.0;;;;False;2025
2311702;CE;3672.0;;;;False;2025
2311801;CE;8524.0;;;;False;2025
2311900;CE;3818.0;;;;False;2025
2311959;CE;6490.0;;;;False;2025
2312007;CE;6338.0;;;;False;2025
2312106;CE;2674.0;;51.0;1.3.2 - Madeira em tora para outras finalidades;True;2025
2312205;CE;9242.0;;;;False;2025
2312304;CE;7128.0;;;;False;2025
2312403;CE;2384.0;;;;False;2025
2312502;CE;1460.0;;;;False;2025
2312601;CE;994.0;;;;False;2025
2312700;CE;5048.0;;;;False;2025
2312809;CE;1294.0;;;;False;2025
2312908;CE;11440.0;;;;False;2025
2313005;CE;4982.0;;;;False;2025
2313104;CE;3194.0;;;;False;2025
2313203;CE;5438.0;;;;False;2025
2313252;CE;3134.0;;;;False;2025
2313302;CE;12644.0;;;;False;2025
2313351;CE;1776.0;;;;False;2025
2313401;CE;7304.0;;;;False;2025
2313500;CE;6734.0;;;;False;2025
2313559;CE;2136.0;;;;False;2025
2313609;CE;5090.0;;;;False;2025
2313708;CE;1818.0;;;;False;2025
2313757;CE;3510.0;;;;False;2025
2313807;CE;1666.0;;;;False;2025
2313906;CE;2754.0;;;;False;2025
2313955;CE;1478.0;;;;False;2025
2314003;CE;8252.0;;;;False;2025
2314102;CE;11474.0;;86.0;1.3.2 - Madeira em tora para outras finalidades;True;2025
2400109;RN;452.0;;;;False;2025
2400208;RN;1712.0;;;;False;2025
2400307;RN;1024.0;;;;False;2025
2400406;RN;278.0;;;;False;2025
2400505;RN;1054.0;;;;False;2025
2400604;RN;600.0;;;;False;2025
2400703;RN;492.0;;;;False;2025
2400802;RN;398.0;;;;False;2025
2400901;RN;698.0;;;;False;2025
2401008;RN;4454.0;;;;False;2025
2401107;RN;420.0;;;;False;2025
2401206;RN;294.0;;;;False;2025
2401305;RN;1506.0;;;;False;2025
2401404;RN;26.0;;;;False;2025
2401453;RN;1586.0;;;;False;2025
2401503;RN;400.0;;;;False;2025
2401602;RN;1130.0;;;;False;2025
2401651;RN;208.0;;;;False;2025
2401701;RN;638.0;;;;False;2025
2401800;RN;696.0;;;;False;2025
2401859;RN;160.0;;;;False;2025
2401909;RN;220.0;;;;False;2025
2402006;RN;1560.0;;;;False;2025
2402105;RN;1158.0;;;;False;2025
2402204;RN;324.0;;;;False;2025
2402303;RN;2868.0;;;;False;2025
2402402;RN;334.0;;;;False;2025
2402501;RN;964.0;;;;False;2025
2402600;RN;2576.0;;;;False;2025
2402709;RN;1924.0;;;;False;2025
2402808;RN;522.0;;;;False;2025
2402907;RN;556.0;;;;False;2025
2403004;RN;710.0;;;;False;2025
2403103;RN;1010.0;;;;False;2025
2403202;RN;1620.0;;;;False;2025
2403251;RN;20.0;;;;False;2025
2403301;RN;728.0;;;;False;2025
2403400;RN;304.0;;;;False;2025
2403509;RN;492.0;;;;False;2025
2403608;RN;330.0;;;;False;2025
2403707;RN;590.0;;;;False;2025
2403756;RN;156.0;;;;False;2025
2403806;RN;942.0;;;;False;2025
2403905;RN;454.0;;;;False;2025
2404002;RN;454.0;;;;False;2025
2404101;RN;94.0;;;;False;2025
2404200;RN;362.0;;;;False;2025
2404309;RN;1390.0;;;;False;2025
2404408;RN;170.0;;;;False;2025
2404507;RN;288.0;;;;False;2025
2404606;RN;1492.0;;;;False;2025
2404705;RN;1004.0;;;;False;2025
2404804;RN;182.0;;;;False;2025
2404853;RN;178.0;;;;False;2025
2404903;RN;138.0;;;;False;2025
2405009;RN;572.0;;;;False;2025
2405108;RN;426.0;;;;False;2025
2405207;RN;468.0;;;;False;2025
2405306;RN;1456.0;;;;False;2025
2405405;RN;294.0;;;;False;2025
2405504;RN;268.0;;;;False;2025
2405603;RN;496.0;;;;False;2025
2405702;RN;888.0;;;;False;2025
2405801;RN;1776.0;;;;False;2025
2405900;RN;392.0;;;;False;2025
2406007;RN;960.0;;;;False;2025
2406106;RN;1440.0;;;;False;2025
2406155;RN;514.0;;;;False;2025
2406205;RN;760.0;;;;False;2025
2406304;RN;1080.0;;;;False;2025
2406403;RN;192.0;;;;False;2025
2406502;RN;3876.0;;;;False;2025
2406601;RN;740.0;;;;False;2025
2406700;RN;860.0;;;;False;2025
2406809;RN;298.0;;;;False;2025
2406908;RN;246.0;;;;False;2025
2407005;RN;804.0;;;;False;2025
2407104;RN;1886.0;;24.0;1.2 - Lenha;True;2025
2407203;RN;244.0;;;;False;2025
2407252;RN;160.0;;;;False;2025
2407302;RN;700.0;;;;False;2025
2407401;RN;610.0;;;;False;2025
2407500;RN;474.0;;;;False;2025
2407609;RN;142.0;;;;False;2025
2407708;RN;296.0;;;;False;2025
2407807;RN;1122.0;;;;False;2025
2407906;RN;436.0;;;;False;2025
2408003;RN;3932.0;;;;False;2025
2408102;RN;160.0;;;;False;2025
2408201;RN;590.0;;;;False;2025
2408300;RN;1618.0;;;;False;2025
2408409;RN;414.0;;;;False;2025
2408508;RN;556.0;;;;False;2025
2408607;RN;622.0;;;;False;2025
2408706;RN;250.0;;;;False;2025
2408805;RN;420.0;;;;False;2025
2408904;RN;788.0;;;;False;2025
2408953;RN;276.0;;;;False;2025
2409100;RN;652.0;;;;False;2025
2409209;RN;214.0;;;;False;2025
2409308;RN;620.0;;;;False;2025
2409332;RN;278.0;;;;False;2025
2409407;RN;822.0;;;;False;2025
2409506;RN;206.0;;;;False;2025
2409605;RN;496.0;;;;False;2025
2409704;RN;778.0;;;;False;2025
2409803;RN;516.0;;;;False;2025
2409902;RN;384.0;;;;False;2025
2410009;RN;240.0;;;;False;2025
2410108;RN;774.0;;;;False;2025
2410207;RN;836.0;;;;False;2025
2410256;RN;344.0;;;;False;2025
2410306;RN;782.0;;;;False;2025
2410405;RN;1200.0;;2496.0;1.3.2 - Madeira em tora para outras finalidades;True;2025
2410504;RN;696.0;;;;False;2025
2410603;RN;406.0;;;;False;2025
2410702;RN;172.0;;;;False;2025
2410801;RN;978.0;;;;False;2025
2410900;RN;742.0;;;;False;2025
2411007;RN;186.0;;;;False;2025
2411056;RN;166.0;;;;False;2025
2411106;RN;446.0;;;;False;2025
2411205;RN;660.0;;;;False;2025
2411403;RN;1890.0;;;;False;2025
2411429;RN;194.0;;;;False;2025
2411502;RN;982.0;;;;False;2025
2411601;RN;438.0;;;;False;2025
2411700;RN;312.0;;;;False;2025
2411809;RN;350.0;;;;False;2025
2411908;RN;358.0;;;;False;2025
2412005;RN;306.0;;;;False;2025
2412104;RN;676.0;;;;False;2025
2412203;RN;1224.0;;;;False;2025
2412302;RN;482.0;;;;False;2025
2412401;RN;394.0;;;;False;2025
2412500;RN;3534.0;;;;False;2025
2412559;RN;478.0;;;;False;2025
2412609;RN;912.0;;;;False;2025
2412708;RN;556.0;;;;False;2025
2412807;RN;726.0;;;;False;2025
2412906;RN;1072.0;;;;False;2025
2413003;RN;660.0;;;;False;2025
2413102;RN;1046.0;;;;False;2025
2413201;RN;82.0;;;;False;2025
2413300;RN;1040.0;;;;False;2025
2413359;RN;1708.0;;;;False;2025
2413409;RN;884.0;;;;False;2025
2413508;RN;772.0;;;;False;2025
2413557;RN;734.0;;;;False;2025
2413607;RN;654.0;;;;False;2025
2413706;RN;542.0;;;;False;2025
2413805;RN;186.0;;;;False;2025
2413904;RN;774.0;;;;False;2025
2414001;RN;782.0;;;;False;2025
2414100;RN;532.0;;;;False;2025
2414159;RN;958.0;;;;False;2025
2414209;RN;128.0;;;;False;2025
2414308;RN;272.0;;;;False;2025
2414407;RN;2800.0;;;;False;2025
2414456;RN;338.0;;;;False;2025
2414506;RN;578.0;;;;False;2025
2414605;RN;2390.0;;;;False;2025
2414704;RN;224.0;;;;False;2025
2414753;RN;926.0;;;;False;2025
2414803;RN;484.0;;;;False;2025
2414902;RN;44.0;;;;False;2025
2415008;RN;46.0;;;;False;2025
2500106;PB;1726.0;;;;False;2025
2500205;PB;1702.0;;;;False;2025
2500304;PB;2918.0;;6.0;1.3.2 - Madeira em tora para outras finalidades;True;2025
2500403;PB;3364.0;;;;False;2025
2500502;PB;1830.0;;;;False;2025
2500536;PB;950.0;;;;False;2025
2500577;PB;584.0;;;;False;2025
2500601;PB;1672.0;;;;False;2025
2500700;PB;3202.0;;;;False;2025
2500734;PB;496.0;;;;False;2025
2500775;PB;1042.0;;;;False;2025
2500809;PB;4360.0;;;;False;2025
2500908;PB;1650.0;;;;False;2025
2501005;PB;2696.0;;;;False;2025
2501104;PB;3404.0;;25.0;1.3.2 - Madeira em tora para outras finalidades;True;2025
2501153;PB;226.0;;;;False;2025
2501203;PB;1136.0;;;;False;2025
2501302;PB;4184.0;;;;False;2025
2501351;PB;322.0;;;;False;2025
2501401;PB;1094.0;;25.0;1.2 - Lenha;True;2025
2501500;PB;4040.0;;;;False;2025
2501534;PB;600.0;;;;False;2025
2501575;PB;2974.0;;;;False;2025
2501609;PB;2968.0;;;;False;2025
2501708;PB;1010.0;;;;False;2025
2501807;PB;66.0;;;;False;2025
2501906;PB;1256.0;;;;False;2025
2502003;PB;596.0;;;;False;2025
2502052;PB;596.0;;;;False;2025
2502102;PB;742.0;;;;False;2025
2502151;PB;1362.0;;;;False;2025
2502201;PB;292.0;;;;False;2025
2502300;PB;748.0;;;;False;2025
2502409;PB;1340.0;;;;False;2025
2502508;PB;1742.0;;;;False;2025
2502607;PB;998.0;;;;False;2025
2502706;PB;624.0;;;;False;2025
2502805;PB;742.0;;;;False;2025
2502904;PB;464.0;;;;False;2025
2503001;PB;1072.0;;;;False;2025
2503100;PB;1258.0;;;;False;2025
2503209;PB;42.0;;;;False;2025
2503308;PB;1462.0;;;;False;2025
2503407;PB;676.0;;;;False;2025
2503506;PB;2722.0;;;;False;2025
2503555;PB;1684.0;;;;False;2025
2503605;PB;1164.0;;;;False;2025
2503704;PB;3088.0;;;;False;2025
2503753;PB;672.0;;;;False;2025
2503803;PB;410.0;;;;False;2025
2503902;PB;1396.0;;;;False;2025
2504009;PB;4862.0;;;;False;2025
2504033;PB;156.0;;;;False;2025
2504074;PB;792.0;;;;False;2025
2504108;PB;148.0;;;;False;2025
2504157;PB;1560.0;;;;False;2025
2504207;PB;726.0;;;;False;2025
2504306;PB;1470.0;;;;False;2025
2504355;PB;1088.0;;;;False;2025
2504405;PB;3190.0;;;;False;2025
2504504;PB;836.0;;;;False;2025
2504603;PB;1816.0;;;;False;2025
2504702;PB;830.0;;;;False;2025
2504801;PB;1334.0;;;;False;2025
2504850;PB;518.0;;;;False;2025
2504900;PB;3710.0;;160.0;1.3.1 - Madeira em tora para papel e celulose;True;2025
2505006;PB;1052.0;;;;False;2025
2505105;PB;3476.0;;;;False;2025
2505204;PB;388.0;;;;False;2025
2505238;PB;1446.0;;;;False;2025
2505279;PB;1686.0;;;;False;2025
2505303;PB;530.0;;;;False;2025
2505352;PB;1280.0;;;;False;2025
2505402;PB;1032.0;;;;False;2025
2505501;PB;420.0;;;;False;2025
2505600;PB;1110.0;;;;False;2025
2505709;PB;2044.0;;;;False;2025
2505808;PB;502.0;;;;False;2025
2505907;PB;226.0;;;;False;2025
2506004;PB;3394.0;;;;False;2025
2506103;PB;2188.0;;;;False;2025
2506202;PB;500.0;;;;False;2025
2506251;PB;2584.0;;;;False;2025
2506301;PB;1990.0;;;;False;2025
2506400;PB;2474.0;;;;False;2025
2506509;PB;490.0;;;;False;2025
2506608;PB;1162.0;;;;False;2025
2506707;PB;2198.0;;;;False;2025
2506806;PB;1892.0;;;;False;2025
2506905;PB;1914.0;;;;False;2025
2507002;PB;2462.0;;;;False;2025
2507101;PB;2320.0;;;;False;2025
2507200;PB;1674.0;;;;False;2025
2507309;PB;1668.0;;16.0;1.3.1 - Madeira em tora para papel e celulose;True;2025
2507408;PB;932.0;;;;False;2025
2507507;PB;300.0;;;;False;2025
2507606;PB;452.0;;;;False;2025
2507705;PB;2754.0;;;;False;2025
2507804;PB;864.0;;;;False;2025
2507903;PB;342.0;;;;False;2025
2508000;PB;2272.0;;;;False;2025
2508109;PB;592.0;;;;False;2025
2508208;PB;1330.0;;;;False;2025
2508307;PB;4052.0;;;;False;2025
2508406;PB;512.0;;;;False;2025
2508505;PB;1696.0;;;;False;2025
2508554;PB;534.0;;;;False;2025
2508604;PB;382.0;;;;False;2025
2508703;PB;1088.0;;;;False;2025
2508802;PB;300.0;;;;False;2025
2508901;PB;2186.0;;;;False;2025
2509008;PB;2560.0;;;;False;2025
2509057;PB;946.0;;72.0;1.3.1 - Madeira em tora para papel e celulose;True;2025
2509107;PB;1454.0;;;;False;2025
2509156;PB;436.0;;;;False;2025
2509206;PB;3716.0;;;;False;2025
2509305;PB;146.0;;7.0;1.2 - Lenha;True;2025
2509339;PB;1874.0;;;;False;2025
2509370;PB;268.0;;;;False;2025
2509396;PB;840.0;;;;False;2025
2509404;PB;2048.0;;;;False;2025
2509503;PB;1004.0;;;;False;2025
2509602;PB;986.0;;;;False;2025
2509701;PB;6406.0;;;;False;2025
2509800;PB;1652.0;;;;False;2025
2509909;PB;1742.0;;;;False;2025
2510006;PB;1206.0;;;;False;2025
2510105;PB;708.0;;;;False;2025
2510204;PB;840.0;;;;False;2025
2510303;PB;1084.0;;;;False;2025
2510402;PB;1308.0;;;;False;2025
2510501;PB;1100.0;;;;False;2025
2510600;PB;642.0;;;;False;2025
2510659;PB;718.0;;;;False;2025
2510709;PB;198.0;;;;False;2025
2510808;PB;994.0;;;;False;2025
2510907;PB;1630.0;;;;False;2025
2511004;PB;986.0;;;;False;2025
2511103;PB;2388.0;;;;False;2025
2511202;PB;3648.0;;;;False;2025
2511301;PB;1784.0;;;;False;2025
2511400;PB;2418.0;;;;False;2025
2511509;PB;1198.0;;;;False;2025
2511608;PB;1060.0;;;;False;2025
2511707;PB;1176.0;;;;False;2025
2511806;PB;872.0;;;;False;2025
2511905;PB;1968.0;;;;False;2025
2512002;PB;3564.0;;;;False;2025
2512036;PB;638.0;;;;False;2025
2512077;PB;996.0;;;;False;2025
2512101;PB;2668.0;;;;False;2025
2512200;PB;668.0;;;;False;2025
2512309;PB;2292.0;;;;False;2025
2512408;PB;2126.0;;;;False;2025
2512507;PB;6802.0;;;;False;2025
2512606;PB;272.0;;;;False;2025
2512705;PB;1750.0;;8.0;1.3.2 - Madeira em tora para outras finalidades;True;2025
2512721;PB;1182.0;;138.0;1.3.2 - Madeira em tora para outras finalidades;True;2025
2512747;PB;618.0;;;;False;2025
2512754;PB;632.0;;;;False;2025
2512762;PB;800.0;;;;False;2025
2512788;PB;102.0;;;;False;2025
2512804;PB;1208.0;;;;False;2025
2512903;PB;2246.0;;370.0;1.3.1 - Madeira em tora para papel e celulose;True;2025
2513000;PB;676.0;;;;False;2025
2513109;PB;2744.0;;;;False;2025
2513158;PB;2096.0;;;;False;2025
2513208;PB;994.0;;;;False;2025
2513307;PB;892.0;;;;False;2025
2513356;PB;806.0;;;;False;2025
2513406;PB;766.0;;;;False;2025
2513505;PB;1392.0;;;;False;2025
2513604;PB;1406.0;;;;False;2025
2513653;PB;352.0;;;;False;2025
2513703;PB;1224.0;;;;False;2025
2513802;PB;678.0;;;;False;2025
2513851;PB;792.0;;;;False;2025
2513901;PB;522.0;;;;False;2025
2513927;PB;528.0;;;;False;2025
2513943;PB;664.0;;;;False;2025
2513968;PB;566.0;;;;False;2025
2513984;PB;584.0;;;;False;2025
2514008;PB;974.0;;;;False;2025
2514107;PB;1174.0;;;;False;2025
2514206;PB;1592.0;;;;False;2025
2514305;PB;1090.0;;;;False;2025
2514404;PB;916.0;;;;False;2025
2514453;PB;962.0;;;;False;2025
2514503;PB;3342.0;;;;False;2025
2514552;PB;1436.0;;;;False;2025
2514602;PB;336.0;;;;False;2025
2514651;PB;180.0;;;;False;2025
2514701;PB;592.0;;;;False;2025
2514800;PB;1082.0;;;;False;2025
2514909;PB;1138.0;;;;False;2025
2515005;PB;1348.0;;;;False;2025
2515104;PB;2752.0;;24.0;1.3.2 - Madeira em tora para outras finalidades;True;2025
2515203;PB;694.0;;;;False;2025
2515302;PB;3302.0;;;;False;2025
2515401;PB;2310.0;;;;False;2025
2515500;PB;1902.0;;;;False;2025
2515609;PB;598.0;;;;False;2025
2515708;PB;860.0;;;;False;2025
2515807;PB;1776.0;;;;False;2025
2515906;PB;1158.0;;;;False;2025
2515930;PB;676.0;;;;False;2025
2515971;PB;2022.0;;;;False;2025
2516003;PB;3290.0;;;;False;2025
2516102;PB;1920.0;;;;False;2025
2516151;PB;706.0;;;;False;2025
2516201;PB;3452.0;;;;False;2025
2516300;PB;1810.0;;152.0;1.2 - Lenha;True;2025
2516409;PB;1348.0;;;;False;2025
2516508;PB;2066.0;;;;False;2025
2516607;PB;2782.0;;;;False;2025
2516706;PB;2544.0;;;;False;2025
2516755;PB;520.0;;;;False;2025
2516805;PB;1240.0;;;;False;2025
2516904;PB;1392.0;;;;False;2025
2517001;PB;1772.0;;;;False;2025
2517100;PB;454.0;;;;False;2025
2517209;PB;1056.0;;;;False;2025
2517407;PB;532.0;;;;False;2025
2600054;PE;816.0;;;;False;2025
2600104;PE;3764.0;;247.0;1.2 - Lenha;True;2025
2600203;PE;6920.0;;;;False;2025
2600302;PE;2154.0;;;;False;2025
2600401;PE;2468.0;;;;False;2025
2600500;PE;6120.0;;;;False;2025
2600609;PE;2494.0;;;;False;2025
2600708;PE;1608.0;;;;False;2025
2600807;PE;5702.0;;;;False;2025
2600906;PE;3678.0;;;;False;2025
2601003;PE;1416.0;;;;False;2025
2601052;PE;114.0;;;;False;2025
2601102;PE;14750.0;;;;False;2025
2601201;PE;1474.0;;;;False;2025
2601300;PE;750.0;;;;False;2025
2601409;PE;1352.0;;;;False;2025
2601508;PE;1788.0;;;;False;2025
2601607;PE;3240.0;;;;False;2025
2601706;PE;3004.0;;;;False;2025
2601805;PE;3616.0;;;;False;2025
2601904;PE;3500.0;;;;False;2025
2602001;PE;7136.0;;;;False;2025
2602100;PE;5420.0;;;;False;2025
2602209;PE;7664.0;;;;False;2025
2602308;PE;3358.0;;;;False;2025
2602407;PE;2010.0;;;;False;2025
2602506;PE;1674.0;;6.0;1.2 - Lenha;True;2025
2602605;PE;2884.0;;;;False;2025
2602704;PE;838.0;;;;False;2025
2602803;PE;11304.0;;;;False;2025
2602902;PE;3746.0;;;;False;2025
2603009;PE;2932.0;;;;False;2025
2603108;PE;1730.0;;;;False;2025
2603207;PE;8926.0;;;;False;2025
2603306;PE;3816.0;;;;False;2025
2603405;PE;1226.0;;;;False;2025
2603454;PE;24.0;;;;False;2025
2603504;PE;644.0;;;;False;2025
2603603;PE;460.0;;;;False;2025
2603702;PE;4360.0;;;;False;2025
2603801;PE;5412.0;;;;False;2025
2603900;PE;5294.0;;;;False;2025
2603926;PE;4196.0;;;;False;2025
2604007;PE;796.0;;;;False;2025
2604106;PE;2812.0;;;;False;2025
2604155;PE;3806.0;;;;False;2025
2604205;PE;1784.0;;;;False;2025
2604304;PE;1274.0;;;;False;2025
2604403;PE;642.0;;;;False;2025
2604502;PE;3004.0;;;;False;2025
2604601;PE;464.0;;;;False;2025
2604700;PE;2582.0;;;;False;2025
2604809;PE;682.0;;;;False;2025
2604908;PE;4814.0;;;;False;2025
2605004;PE;1114.0;;;;False;2025
2605103;PE;7578.0;;;;False;2025
2605152;PE;6074.0;;;;False;2025
2605202;PE;1226.0;;;;False;2025
2605301;PE;5194.0;;33.0;1.2 - Lenha;True;2025
2605400;PE;1542.0;;;;False;2025
2605459;PE;28.0;;;;False;2025
2605509;PE;860.0;;;;False;2025
2605608;PE;6746.0;;;;False;2025
2605707;PE;4066.0;;;;False;2025
2605806;PE;2672.0;;;;False;2025
2605905;PE;1142.0;;;;False;2025
2606002;PE;6110.0;;;;False;2025
2606101;PE;4694.0;;;;False;2025
2606200;PE;3092.0;;1195.0;1.3.2 - Madeira em tora para outras finalidades;True;2025
2606309;PE;1106.0;;;;False;2025
2606408;PE;3794.0;;;;False;2025
2606507;PE;3664.0;;;;False;2025
2606606;PE;3482.0;;;;False;2025
2606705;PE;2058.0;;;;False;2025
2606804;PE;1118.0;;;;False;2025
2606903;PE;3196.0;;2204.0;1.2 - Lenha;True;2025
2607000;PE;4046.0;;;;False;2025
2607109;PE;1252.0;;495.0;1.2 - Lenha;True;2025
2607208;PE;2978.0;;;;False;2025
2607307;PE;3882.0;;;;False;2025
2607406;PE;594.0;;;;False;2025
2607505;PE;8464.0;;;;False;2025
2607604;PE;190.0;;;;False;2025
2607653;PE;1490.0;;;;False;2025
2607703;PE;2936.0;;420.0;1.2 - Lenha;True;2025
2607752;PE;202.0;;;;False;2025
2607802;PE;1492.0;;;;False;2025
2607901;PE;1210.0;;;;False;2025
2607950;PE;1032.0;;;;False;2025
2608008;PE;2188.0;;;;False;2025
2608057;PE;1706.0;;;;False;2025
2608107;PE;5498.0;;;;False;2025
2608206;PE;808.0;;;;False;2025
2608255;PE;3560.0;;;;False;2025
2608305;PE;2952.0;;;;False;2025
2608404;PE;2850.0;;;;False;2025
2608453;PE;1318.0;;;;False;2025
2608503;PE;1418.0;;;;False;2025
2608602;PE;3218.0;;;;False;2025
2608701;PE;4524.0;;;;False;2025
2608750;PE;2824.0;;;;False;2025
2608800;PE;3062.0;;;;False;2025
2608909;PE;3442.0;;;;False;2025
2609006;PE;1696.0;;;;False;2025
2609105;PE;1150.0;;;;False;2025
2609154;PE;5754.0;;;;False;2025
2609204;PE;710.0;;;;False;2025
2609303;PE;1976.0;;;;False;2025
2609402;PE;1590.0;;;;False;2025
2609501;PE;778.0;;28.0;1.2 - Lenha;True;2025
2609600;PE;168.0;;;;False;2025
2609709;PE;4458.0;;;;False;2025
2609808;PE;3070.0;;;;False;2025
2609907;PE;10286.0;;;;False;2025
2610004;PE;1080.0;;;;False;2025
2610103;PE;1474.0;;;;False;2025
2610202;PE;4880.0;;;;False;2025
2610301;PE;4062.0;;;;False;2025
2610400;PE;3834.0;;;;False;2025
2610509;PE;4546.0;;;;False;2025
2610608;PE;1796.0;;;;False;2025
2610707;PE;330.0;;;;False;2025
2610806;PE;3668.0;;;;False;2025
2610905;PE;5200.0;;;;False;2025
2611002;PE;3158.0;;;;False;2025
2611101;PE;14036.0;;;;False;2025
2611200;PE;1790.0;;;;False;2025
2611309;PE;4216.0;;;;False;2025
2611408;PE;1234.0;;;;False;2025
2611507;PE;3340.0;;1245.0;1.2 - Lenha;True;2025
2611533;PE;2712.0;;;;False;2025
2611606;PE;484.0;;;;False;2025
2611705;PE;2838.0;;;;False;2025
2611804;PE;624.0;;1085.0;1.2 - Lenha;True;2025
2611903;PE;1762.0;;;;False;2025
2612000;PE;2470.0;;;;False;2025
2612109;PE;1540.0;;;;False;2025
2612208;PE;3976.0;;;;False;2025
2612307;PE;2938.0;;;;False;2025
2612406;PE;1746.0;;;;False;2025
2612455;PE;3874.0;;;;False;2025
2612471;PE;2254.0;;;;False;2025
2612505;PE;870.0;;;;False;2025
2612554;PE;4060.0;;;;False;2025
2612604;PE;8718.0;;;;False;2025
2612703;PE;3480.0;;;;False;2025
2612802;PE;1626.0;;;;False;2025
2612901;PE;1114.0;;1264.0;1.2 - Lenha;True;2025
2613008;PE;8202.0;;;;False;2025
2613107;PE;3368.0;;;;False;2025
2613206;PE;5498.0;;;;False;2025
2613305;PE;2282.0;;;;False;2025
2613404;PE;652.0;;418.0;1.2 - Lenha;True;2025
2613503;PE;5950.0;;;;False;2025
2613602;PE;5530.0;;1862.0;1.2 - Lenha;True;2025
2613701;PE;1454.0;;;;False;2025
2613800;PE;956.0;;;;False;2025
2613909;PE;8458.0;;;;False;2025
2614006;PE;4446.0;;;;False;2025
2614105;PE;7178.0;;;;False;2025
2614204;PE;1436.0;;;;False;2025
2614303;PE;1558.0;;;;False;2025
2614402;PE;1614.0;;;;False;2025
2614501;PE;4884.0;;;;False;2025
2614600;PE;3482.0;;23.0;1.2 - Lenha;True;2025
2614709;PE;1142.0;;;;False;2025
2614808;PE;6122.0;;;;False;2025
2614857;PE;1142.0;;;;False;2025
2615003;PE;3168.0;;;;False;2025
2615102;PE;1700.0;;;;False;2025
2615201;PE;914.0;;;;False;2025
2615300;PE;1412.0;;;;False;2025
2615409;PE;66.0;;;;False;2025
2615508;PE;484.0;;;;False;2025
2615607;PE;2392.0;;;;False;2025
2615706;PE;3374.0;;;;False;2025
2615805;PE;5270.0;;;;False;2025
2615904;PE;746.0;;19.0;1.2 - Lenha;True;2025
2616001;PE;2268.0;;;;False;2025
2616100;PE;2486.0;;;;False;2025
2616183;PE;1220.0;;;;False;2025
2616209;PE;1580.0;;;;False;2025
2616308;PE;1536.0;;;;False;2025
2616407;PE;3668.0;;;;False;2025
2616506;PE;238.0;;;;False;2025
2700102;AL;4244.0;;;;False;2025
2700201;AL;540.0;;78.0;1.2 - Lenha;True;2025
2700300;AL;5860.0;;135.0;1.3.2 - Madeira em tora para outras finalidades;True;2025
2700409;AL;880.0;;10378.0;1.3.2 - Madeira em tora para outras finalidades;True;2025
2700508;AL;30.0;;;;False;2025
2700607;AL;30.0;;;;False;2025
2700706;AL;1470.0;;;;False;2025
2700805;AL;464.0;;12.0;1.1 - Carvão vegetal;True;2025
2700904;AL;996.0;;;;False;2025
2701001;AL;420.0;;415.0;1.3.2 - Madeira em tora para outras finalidades;True;2025
2701100;AL;1086.0;;380.0;1.3.2 - Madeira em tora para outras finalidades;True;2025
2701209;AL;1548.0;;14.0;1.2 - Lenha;True;2025
2701308;AL;326.0;;36.0;1.3.2 - Madeira em tora para outras finalidades;True;2025
2701357;AL;248.0;;31.0;1.3.2 - Madeira em tora para outras finalidades;True;2025
2701407;AL;674.0;;620.0;1.3.2 - Madeira em tora para outras finalidades;True;2025
2701506;AL;2604.0;;;;False;2025
2701605;AL;3384.0;;;;False;2025
2701704;AL;504.0;;3173.0;1.3.2 - Madeira em tora para outras finalidades;True;2025
2701803;AL;1232.0;;;;False;2025
2701902;AL;840.0;;274.0;1.3.2 - Madeira em tora para outras finalidades;True;2025
2702009;AL;3424.0;;20.0;1.3.2 - Madeira em tora para outras finalidades;True;2025
2702108;AL;708.0;;96.0;1.3.2 - Madeira em tora para outras finalidades;True;2025
2702207;AL;82.0;;;;False;2025
2702306;AL;1400.0;;293.0;1.2 - Lenha;True;2025
2702355;AL;5864.0;;;;False;2025
2702405;AL;1946.0;;;;False;2025
2702504;AL;2312.0;;7.0;1.2 - Lenha;True;2025
2702553;AL;5352.0;;;;False;2025
2702603;AL;6550.0;;1.0;1.2 - Lenha;True;2025
2702702;AL;526.0;;;;False;2025
2702801;AL;1116.0;;368.0;1.2 - Lenha;True;2025
2702900;AL;8282.0;;1.0;1.3.2 - Madeira em tora para outras finalidades;True;2025
2703007;AL;838.0;;185.0;1.3.2 - Madeira em tora para outras finalidades;True;2025
2703106;AL;5892.0;;46.0;1.3.2 - Madeira em tora para outras finalidades;True;2025
2703205;AL;2828.0;;;;False;2025
2703304;AL;3490.0;;;;False;2025
2703403;AL;1076.0;;;;False;2025
2703502;AL;888.0;;332.0;1.3.2 - Madeira em tora para outras finalidades;True;2025
2703601;AL;316.0;;130.0;1.3.2 - Madeira em tora para outras finalidades;True;2025
2703700;AL;802.0;;;;False;2025
2703759;AL;448.0;;162.0;1.3.2 - Madeira em tora para outras finalidades;True;2025
2703809;AL;1502.0;;125.0;1.3.2 - Madeira em tora para outras finalidades;True;2025
2703908;AL;430.0;;610.0;1.3.2 - Madeira em tora para outras finalidades;True;2025
2704005;AL;3126.0;;9.0;1.2 - Lenha;True;2025
2704104;AL;3166.0;;4.0;1.2 - Lenha;True;2025
2704203;AL;3970.0;;68.0;1.2 - Lenha;True;2025
2704302;AL;88.0;;23818.0;1.2 - Lenha;True;2025
2704401;AL;3970.0;;21.0;1.3.2 - Madeira em tora para outras finalidades;True;2025
2704500;AL;2360.0;;418.0;1.3.2 - Madeira em tora para outras finalidades;True;2025
2704609;AL;1964.0;;;;False;2025
2704708;AL;202.0;;;;False;2025
2704807;AL;580.0;;8.0;1.1 - Carvão vegetal;True;2025
2704906;AL;682.0;;90.0;1.3.2 - Madeira em tora para outras finalidades;True;2025
2705002;AL;6520.0;;;;False;2025
2705101;AL;624.0;;;;False;2025
2705200;AL;516.0;;;;False;2025
2705309;AL;1586.0;;;;False;2025
2705408;AL;632.0;;;;False;2025
2705507;AL;1188.0;;30.0;1.2 - Lenha;True;2025
2705606;AL;562.0;;84.0;1.3.2 - Madeira em tora para outras finalidades;True;2025
2705705;AL;2880.0;;;;False;2025
2705804;AL;1444.0;;;;False;2025
2705903;AL;1796.0;;;;False;2025
2706000;AL;3186.0;;;;False;2025
2706109;AL;1670.0;;;;False;2025
2706208;AL;240.0;;;;False;2025
2706307;AL;6984.0;;;;False;2025
2706406;AL;3078.0;;;;False;2025
2706422;AL;1514.0;;;;False;2025
2706448;AL;168.0;;2152.0;1.2 - Lenha;True;2025
2706505;AL;246.0;;;;False;2025
2706604;AL;674.0;;83.0;1.3.2 - Madeira em tora para outras finalidades;True;2025
2706703;AL;2890.0;;;;False;2025
2706802;AL;412.0;;13.0;1.2 - Lenha;True;2025
2706901;AL;290.0;;;;False;2025
2707008;AL;650.0;;;;False;2025
2707107;AL;2148.0;;;;False;2025
2707206;AL;2972.0;;;;False;2025
2707305;AL;832.0;;235.0;1.3.2 - Madeira em tora para outras finalidades;True;2025
2707404;AL;482.0;;25.0;1.3.2 - Madeira em tora para outras finalidades;True;2025
2707503;AL;2418.0;;;;False;2025
2707602;AL;1600.0;;;;False;2025
2707701;AL;146.0;;;;False;2025
2707800;AL;156.0;;32.0;1.3.2 - Madeira em tora para outras finalidades;True;2025
2707909;AL;38.0;;;;False;2025
2708006;AL;4702.0;;;;False;2025
2708105;AL;3358.0;;6.0;1.2 - Lenha;True;2025
2708204;AL;934.0;;;;False;2025
2708303;AL;712.0;;160.0;1.2 - Lenha;True;2025
2708402;AL;4936.0;;;;False;2025
2708501;AL;1766.0;;77.0;1.3.2 - Madeira em tora para outras finalidades;True;2025
2708600;AL;296.0;;115.0;1.3.2 - Madeira em tora para outras finalidades;True;2025
2708709;AL;222.0;;83.0;1.3.2 - Madeira em tora para outras finalidades;True;2025
2708808;AL;5250.0;;16.0;1.3.2 - Madeira em tora para outras finalidades;True;2025
2708907;AL;46.0;;;;False;2025
2708956;AL;3116.0;;;;False;2025
2709004;AL;920.0;;;;False;2025
2709103;AL;4366.0;;;;False;2025
2709152;AL;1058.0;;199.0;1.3.2 - Madeira em tora para outras finalidades;True;2025
2709202;AL;6326.0;;;;False;2025
2709301;AL;3300.0;;608.0;1.2 - Lenha;True;2025
2709400;AL;1674.0;;6763.0;1.3.2 - Madeira em tora para outras finalidades;True;2025
2800100;SE;88.0;;;;False;2025
2800209;SE;3032.0;;;;False;2025
2800308;SE;228.0;;;;False;2025
2800407;SE;1966.0;;;;False;2025
2800506;SE;1746.0;;;;False;2025
2800605;SE;532.0;;;;False;2025
2800670;SE;5110.0;;;;False;2025
2800704;SE;918.0;;;;False;2025
2801009;SE;2312.0;;;;False;2025
2801108;SE;912.0;;;;False;2025
2801207;SE;2458.0;;;;False;2025
2801306;SE;3022.0;;;;False;2025
2801405;SE;3766.0;;;;False;2025
2801504;SE;236.0;;;;False;2025
2801603;SE;716.0;;;;False;2025
2801702;SE;2486.0;;;;False;2025
2801900;SE;878.0;;;;False;2025
2802007;SE;330.0;;;;False;2025
2802106;SE;3688.0;;1329.0;1.2 - Lenha;True;2025
2802205;SE;1124.0;;;;False;2025
2802304;SE;1834.0;;;;False;2025
2802403;SE;4506.0;;;;False;2025
2802502;SE;366.0;;;;False;2025
2802601;SE;1884.0;;;;False;2025
2802700;SE;662.0;;;;False;2025
2802809;SE;3588.0;;10.0;1.2 - Lenha;True;2025
2802908;SE;6524.0;;;;False;2025
2803005;SE;7182.0;;12.0;1.2 - Lenha;True;2025
2803104;SE;1454.0;;;;False;2025
2803203;SE;3560.0;;8073.0;1.2 - Lenha;True;2025
2803302;SE;1718.0;;3070.0;1.2 - Lenha;True;2025
2803401;SE;1966.0;;247.0;1.2 - Lenha;True;2025
2803500;SE;13818.0;;;;False;2025
2803609;SE;526.0;;;;False;2025
2803708;SE;984.0;;;;False;2025
2803807;SE;342.0;;;;False;2025
2803906;SE;2378.0;;;;False;2025
2804003;SE;188.0;;;;False;2025
2804102;SE;4410.0;;;;False;2025
2804201;SE;2324.0;;;;False;2025
2804300;SE;662.0;;;;False;2025
2804409;SE;1952.0;;1584.0;1.2 - Lenha;True;2025
2804458;SE;4022.0;;;;False;2025
2804508;SE;5984.0;;;;False;2025
2804607;SE;2830.0;;;;False;2025
2804706;SE;792.0;;;;False;2025
2804805;SE;662.0;;;;False;2025
2804904;SE;2610.0;;212.0;1.3.2 - Madeira em tora para outras finalidades;True;2025
2805000;SE;586.0;;;;False;2025
2805109;SE;1184.0;;;;False;2025
2805208;SE;956.0;;;;False;2025
2805307;SE;1350.0;;;;False;2025
2805406;SE;8154.0;;;;False;2025
2805505;SE;4210.0;;;;False;2025
2805604;SE;5294.0;;;;False;2025
2805703;SE;1274.0;;;;False;2025
2805802;SE;7188.0;;;;False;2025
2805901;SE;512.0;;;;False;2025
2806008;SE;3694.0;;;;False;2025
2806107;SE;320.0;;;;False;2025
2806206;SE;4150.0;;;;False;2025
2806305;SE;2344.0;;;;False;2025
2806404;SE;120.0;;1.0;1.2 - Lenha;True;2025
2806503;SE;930.0;;;;False;2025
2806602;SE;1468.0;;;;False;2025
2806701;SE;1892.0;;;;False;2025
2806800;SE;3018.0;;;;False;2025
2806909;SE;330.0;;;;False;2025
2807006;SE;1122.0;;;;False;2025
2807105;SE;6982.0;;;;False;2025
2807204;SE;984.0;;;;False;2025
2807303;SE;274.0;;;;False;2025
2807402;SE;7090.0;;;;False;2025
2807501;SE;3664.0;;;;False;2025
2807600;SE;2184.0;;;;False;2025
2900108;BA;1838.0;;;;False;2025
2900207;BA;3770.0;;;;False;2025
2900306;BA;2674.0;;1311.0;1.3.1 - Madeira em tora para papel e celulose;True;2025
2900355;BA;6498.0;;;;False;2025
2900405;BA;4330.0;;1364.0;1.3.1 - Madeira em tora para papel e celulose;True;2025
2900504;BA;3978.0;;;;False;2025
2900603;BA;658.0;;;;False;2025
2900702;BA;5092.0;;33255.0;1.3.1 - Madeira em tora para papel e celulose;True;2025
2900801;BA;2492.0;;126419.0;1.3.1 - Madeira em tora para papel e celulose;True;2025
2900900;BA;394.0;;;;False;2025
2901007;BA;5454.0;;;;False;2025
2901106;BA;646.0;;;;False;2025
2901155;BA;2602.0;;;;False;2025
2901205;BA;4950.0;;;;False;2025
2901304;BA;1908.0;;;;False;2025
2901353;BA;4802.0;;;;False;2025
2901403;BA;2584.0;;;;False;2025
2901502;BA;1678.0;;;;False;2025
2901601;BA;3646.0;;;;False;2025
2901700;BA;4128.0;;;;False;2025
2901809;BA;1686.0;;;;False;2025
2901908;BA;5266.0;;5132.0;1.3.1 - Madeira em tora para papel e celulose;True;2025
2901957;BA;832.0;;;;False;2025
2902005;BA;6034.0;;;;False;2025
2902054;BA;1702.0;;19727.0;1.3.1 - Madeira em tora para papel e celulose;True;2025
2902104;BA;9558.0;;824.0;1.3.1 - Madeira em tora para papel e celulose;True;2025
2902203;BA;1542.0;;10917.0;1.3.1 - Madeira em tora para papel e celulose;True;2025
2902252;BA;1536.0;;;;False;2025
2902302;BA;1828.0;;;;False;2025
2902401;BA;756.0;;;;False;2025
2902500;BA;4260.0;;;;False;2025
2902609;BA;5284.0;;;;False;2025
2902658;BA;3508.0;;;;False;2025
2902708;BA;5808.0;;;;False;2025
2902807;BA;7548.0;;;;False;2025
2902906;BA;3992.0;;;;False;2025
2903003;BA;3990.0;;;;False;2025
2903102;BA;922.0;;;;False;2025
2903201;BA;4384.0;;;;False;2025
2903235;BA;3732.0;;;;False;2025
2903276;BA;3178.0;;;;False;2025
2903300;BA;786.0;;;;False;2025
2903409;BA;2794.0;;89751.0;1.3.1 - Madeira em tora para papel e celulose;True;2025
2903508;BA;2544.0;;;;False;2025
2903607;BA;5154.0;;10.0;1.2 - Lenha;True;2025
2903706;BA;4160.0;;;;False;2025
2903805;BA;5072.0;;;;False;2025
2903904;BA;7442.0;;;;False;2025
2903953;BA;3140.0;;;;False;2025
2904001;BA;2228.0;;;;False;2025
2904050;BA;3356.0;;;;False;2025
2904100;BA;6164.0;;;;False;2025
2904209;BA;4446.0;;;;False;2025
2904308;BA;2856.0;;;;False;2025
2904407;BA;2820.0;;;;False;2025
2904506;BA;3280.0;;;;False;2025
2904605;BA;9200.0;;;;False;2025
2904704;BA;1142.0;;;;False;2025
2904753;BA;4422.0;;;;False;2025
2904803;BA;1358.0;;;;False;2025
2904852;BA;6236.0;;;;False;2025
2904902;BA;3978.0;;2810.0;1.3.1 - Madeira em tora para papel e celulose;True;2025
2905008;BA;4998.0;;;;False;2025
2905107;BA;2070.0;;;;False;2025
2905156;BA;3746.0;;;;False;2025
2905206;BA;9110.0;;;;False;2025
2905305;BA;4454.0;;;;False;2025
2905404;BA;52.0;;;;False;2025
2905503;BA;3194.0;;;;False;2025
2905602;BA;1494.0;;;;False;2025
2905701;BA;2350.0;;;;False;2025
2905800;BA;5384.0;;;;False;2025
2905909;BA;10520.0;;;;False;2025
2906006;BA;11680.0;;;;False;2025
2906105;BA;3202.0;;;;False;2025
2906204;BA;5176.0;;;;False;2025
2906303;BA;3120.0;;20289.0;1.3.1 - Madeira em tora para papel e celulose;True;2025
2906402;BA;1782.0;;;;False;2025
2906501;BA;908.0;;894.0;1.3.1 - Madeira em tora para papel e celulose;True;2025
2906600;BA;3834.0;;;;False;2025
2906709;BA;2620.0;;532.0;1.1 - Carvão vegetal;True;2025
2906808;BA;7158.0;;;;False;2025
2906824;BA;3482.0;;;;False;2025
2906857;BA;2474.0;;;;False;2025
2906873;BA;2174.0;;;;False;2025
2906899;BA;3420.0;;;;False;2025
2906907;BA;2010.0;;284915.0;1.3.1 - Madeira em tora para papel e celulose;True;2025
2907004;BA;342.0;;10855.0;1.3.1 - Madeira em tora para papel e celulose;True;2025
2907103;BA;5100.0;;;;False;2025
2907202;BA;15018.0;;;;False;2025
2907301;BA;3324.0;;;;False;2025
2907400;BA;1030.0;;;;False;2025
2907509;BA;1978.0;;488.0;1.3.2 - Madeira em tora para outras finalidades;True;2025
2907558;BA;3594.0;;;;False;2025
2907608;BA;3988.0;;;;False;2025
2907707;BA;2344.0;;;;False;2025
2907806;BA;9422.0;;;;False;2025
2907905;BA;2426.0;;;;False;2025
2908002;BA;724.0;;;;False;2025
2908101;BA;3314.0;;;;False;2025
2908200;BA;1614.0;;;;False;2025
2908309;BA;2630.0;;;;False;2025
2908408;BA;11206.0;;;;False;2025
2908507;BA;966.0;;;;False;2025
2908606;BA;4390.0;;28942.0;1.3.1 - Madeira em tora para papel e celulose;True;2025
2908705;BA;5460.0;;206.0;1.2 - Lenha;True;2025
2908804;BA;694.0;;;;False;2025
2908903;BA;5166.0;;;;False;2025
2909000;BA;2742.0;;;;False;2025
2909109;BA;3668.0;;;;False;2025
2909208;BA;4444.0;;;;False;2025
2909307;BA;6816.0;;514.0;1.2 - Lenha;True;2025
2909406;BA;3826.0;;;;False;2025
2909505;BA;442.0;;;;False;2025
2909604;BA;8474.0;;88.0;1.3.2 - Madeira em tora para outras finalidades;True;2025
2909703;BA;2548.0;;;;False;2025
2909802;BA;2872.0;;;;False;2025
2909901;BA;9310.0;;;;False;2025
2910008;BA;1872.0;;209.0;1.3.1 - Madeira em tora para papel e celulose;True;2025
2910057;BA;388.0;;246.0;1.3.2 - Madeira em tora para outras finalidades;True;2025
2910107;BA;4106.0;;;;False;2025
2910206;BA;1014.0;;;;False;2025
2910305;BA;2532.0;;;;False;2025
2910404;BA;3742.0;;5231.0;1.3.1 - Madeira em tora para papel e celulose;True;2025
2910503;BA;1240.0;;139345.0;1.1 - Carvão vegetal;True;2025
2910602;BA;4986.0;;56211.0;1.1 - Carvão vegetal;True;2025
2910701;BA;11372.0;;;;False;2025
2910727;BA;1908.0;;79843.0;1.3.1 - Madeira em tora para papel e celulose;True;2025
2910750;BA;4960.0;;;;False;2025
2910776;BA;2368.0;;;;False;2025
2910800;BA;18382.0;;;;False;2025
2910859;BA;3360.0;;;;False;2025
2910909;BA;414.0;;;;False;2025
2911006;BA;820.0;;;;False;2025
2911105;BA;2704.0;;;;False;2025
2911204;BA;2454.0;;;;False;2025
2911253;BA;1184.0;;;;False;2025
2911303;BA;1742.0;;;;False;2025
2911402;BA;2996.0;;;;False;2025
2911501;BA;502.0;;;;False;2025
2911600;BA;4288.0;;;;False;2025
2911659;BA;3734.0;;;;False;2025
2911709;BA;8834.0;;;;False;2025
2911808;BA;4242.0;;929.0;1.3.1 - Madeira em tora para papel e celulose;True;2025
2911857;BA;4072.0;;;;False;2025
2911907;BA;3350.0;;;;False;2025
2912004;BA;3258.0;;;;False;2025
2912103;BA;528.0;;;;False;2025
2912202;BA;3444.0;;;;False;2025
2912301;BA;2122.0;;;;False;2025
2912400;BA;4414.0;;;;False;2025
2912509;BA;4872.0;;;;False;2025
2912608;BA;1164.0;;;;False;2025
2912707;BA;4050.0;;;;False;2025
2912806;BA;986.0;;9522.0;1.3.1 - Madeira em tora para papel e celulose;True;2025
2912905;BA;1882.0;;;;False;2025
2913002;BA;4356.0;;;;False;2025
2913101;BA;5142.0;;;;False;2025
2913200;BA;3006.0;;;;False;2025
2913309;BA;1028.0;;;;False;2025
2913408;BA;2820.0;;;;False;2025
2913457;BA;4490.0;;;;False;2025
2913507;BA;4026.0;;;;False;2025
2913606;BA;7118.0;;;;False;2025
2913705;BA;8302.0;;14505.0;1.3.1 - Madeira em tora para papel e celulose;True;2025
2913804;BA;6968.0;;;;False;2025
2913903;BA;1732.0;;;;False;2025
2914000;BA;12398.0;;;;False;2025
2914109;BA;2132.0;;;;False;2025
2914208;BA;884.0;;;;False;2025
2914307;BA;1890.0;;;;False;2025
2914406;BA;5974.0;;;;False;2025
2914505;BA;6588.0;;;;False;2025
2914604;BA;1600.0;;;;False;2025
2914653;BA;1320.0;;;;False;2025
2914703;BA;5992.0;;;;False;2025
2914802;BA;1846.0;;;;False;2025
2914901;BA;5212.0;;;;False;2025
2915007;BA;2874.0;;;;False;2025
2915106;BA;1132.0;;;;False;2025
2915205;BA;1912.0;;;;False;2025
2915304;BA;472.0;;24680.0;1.3.1 - Madeira em tora para papel e celulose;True;2025
2915353;BA;2858.0;;;;False;2025
2915403;BA;614.0;;;;False;2025
2915502;BA;1264.0;;;;False;2025
2915601;BA;4426.0;;1608.0;1.3.1 - Madeira em tora para papel e celulose;True;2025
2915700;BA;1552.0;;;;False;2025
2915809;BA;2872.0;;;;False;2025
2915908;BA;622.0;;8205.0;1.3.1 - Madeira em tora para papel e celulose;True;2025
2916005;BA;3028.0;;1720.0;1.3.1 - Madeira em tora para papel e celulose;True;2025
2916104;BA;172.0;;;;False;2025
2916203;BA;644.0;;;;False;2025
2916302;BA;484.0;;5233.0;1.3.1 - Madeira em tora para papel e celulose;True;2025
2916401;BA;1344.0;;;;False;2025
2916500;BA;10146.0;;;;False;2025
2916609;BA;646.0;;;;False;2025
2916708;BA;1172.0;;;;False;2025
2916807;BA;1852.0;;;;False;2025
2916856;BA;1416.0;;;;False;2025
2916906;BA;1228.0;;;;False;2025
2917003;BA;6864.0;;;;False;2025
2917102;BA;980.0;;;;False;2025
2917201;BA;5304.0;;;;False;2025
2917300;BA;3080.0;;;;False;2025
2917334;BA;2192.0;;;;False;2025
2917359;BA;2640.0;;3200.0;1.2 - Lenha;True;2025
2917409;BA;4986.0;;;;False;2025
2917508;BA;4588.0;;;;False;2025
2917607;BA;4812.0;;;;False;2025
2917706;BA;4014.0;;;;False;2025
2917805;BA;4134.0;;;;False;2025
2917904;BA;1336.0;;9499.0;1.3.1 - Madeira em tora para papel e celulose;True;2025
2918001;BA;5314.0;;;;False;2025
2918100;BA;8338.0;;;;False;2025
2918209;BA;4924.0;;;;False;2025
2918308;BA;2046.0;;;;False;2025
2918357;BA;2694.0;;;;False;2025
2918407;BA;14576.0;;;;False;2025
2918456;BA;2562.0;;;;False;2025
2918506;BA;3530.0;;;;False;2025
2918555;BA;388.0;;;;False;2025
2918605;BA;1618.0;;;;False;2025
2918704;BA;1124.0;;;;False;2025
2918753;BA;4614.0;;;;False;2025
2918803;BA;7884.0;;;;False;2025
2918902;BA;484.0;;992.0;1.3.1 - Madeira em tora para papel e celulose;True;2025
2919009;BA;998.0;;;;False;2025
2919058;BA;1830.0;;;;False;2025
2919108;BA;3238.0;;;;False;2025
2919157;BA;4864.0;;;;False;2025
2919207;BA;60.0;;;;False;2025
2919306;BA;994.0;;;;False;2025
2919405;BA;2916.0;;;;False;2025
2919504;BA;9272.0;;;;False;2025
2919553;BA;858.0;;;;False;2025
2919603;BA;1746.0;;;;False;2025
2919702;BA;688.0;;;;False;2025
2919801;BA;14378.0;;;;False;2025
2919900;BA;1992.0;;;;False;2025
2919926;BA;;;;;False;2025
2919959;BA;1906.0;;;;False;2025
2920007;BA;770.0;;;;False;2025
2920106;BA;4632.0;;;;False;2025
2920205;BA;3932.0;;;;False;2025
2920304;BA;3324.0;;;;False;2025
2920403;BA;3406.0;;;;False;2025
2920452;BA;2474.0;;;;False;2025
2920502;BA;2930.0;;2642.0;1.2 - Lenha;True;2025
2920601;BA;8088.0;;;;False;2025
2920700;BA;4424.0;;;;False;2025
2920809;BA;1608.0;;;;False;2025
2920908;BA;1134.0;;4928.0;1.3.1 - Madeira em tora para papel e celulose;True;2025
2921005;BA;1030.0;;45166.0;1.1 - Carvão vegetal;True;2025
2921054;BA;2722.0;;;;False;2025
2921104;BA;1492.0;;3081.0;1.3.1 - Madeira em tora para papel e celulose;True;2025
2921203;BA;4148.0;;;;False;2025
2921302;BA;534.0;;;;False;2025
2921401;BA;3554.0;;;;False;2025
2921450;BA;3154.0;;;;False;2025
2921500;BA;12976.0;;;;False;2025
2921609;BA;1656.0;;;;False;2025
2921708;BA;4942.0;;;;False;2025
2921807;BA;3774.0;;;;False;2025
2921906;BA;1628.0;;;;False;2025
2922003;BA;1974.0;;239065.0;1.3.1 - Madeira em tora para papel e celulose;True;2025
2922052;BA;6232.0;;;;False;2025
2922102;BA;3420.0;;;;False;2025
2922201;BA;2050.0;;;;False;2025
2922250;BA;2976.0;;;;False;2025
2922300;BA;3868.0;;;;False;2025
2922409;BA;7564.0;;;;False;2025
2922508;BA;1914.0;;;;False;2025
2922607;BA;3320.0;;;;False;2025
2922656;BA;2214.0;;;;False;2025
2922706;BA;4272.0;;;;False;2025
2922730;BA;2248.0;;;;False;2025
2922755;BA;1746.0;;;;False;2025
2922805;BA;1294.0;;;;False;2025
2922854;BA;2138.0;;;;False;2025
2922904;BA;7074.0;;;;False;2025
2923001;BA;1104.0;;252309.0;1.3.1 - Madeira em tora para papel e celulose;True;2025
2923035;BA;1756.0;;;;False;2025
2923050;BA;2390.0;;;;False;2025
2923100;BA;4076.0;;;;False;2025
2923209;BA;5708.0;;;;False;2025
2923308;BA;2096.0;;;;False;2025
2923357;BA;2558.0;;;;False;2025
2923407;BA;6428.0;;;;False;2025
2923506;BA;924.0;;;;False;2025
2923605;BA;5982.0;;;;False;2025
2923704;BA;7242.0;;;;False;2025
2923803;BA;10176.0;;;;False;2025
2923902;BA;2078.0;;;;False;2025
2924009;BA;3594.0;;;;False;2025
2924058;BA;3354.0;;;;False;2025
2924108;BA;1312.0;;;;False;2025
2924207;BA;3576.0;;;;False;2025
2924306;BA;3982.0;;;;False;2025
2924405;BA;10356.0;;;;False;2025
2924504;BA;5024.0;;;;False;2025
2924603;BA;1972.0;;;;False;2025
2924652;BA;2966.0;;;;False;2025
2924678;BA;4720.0;;;;False;2025
2924702;BA;2062.0;;;;False;2025
2924801;BA;3164.0;;;;False;2025
2924900;BA;1922.0;;;;False;2025
2925006;BA;3142.0;;;;False;2025
2925105;BA;4992.0;;;;False;2025
2925204;BA;758.0;;90.0;1.2 - Lenha;True;2025
2925253;BA;2862.0;;;;False;2025
2925303;BA;3076.0;;112093.0;1.3.1 - Madeira em tora para papel e celulose;True;2025
2925402;BA;598.0;;;;False;2025
2925501;BA;2330.0;;22015.0;1.3.1 - Madeira em tora para papel e celulose;True;2025
2925600;BA;4584.0;;;;False;2025
2925709;BA;4208.0;;;;False;2025
2925758;BA;8824.0;;;;False;2025
2925808;BA;4622.0;;;;False;2025
2925907;BA;8536.0;;;;False;2025
2925931;BA;1960.0;;;;False;2025
2925956;BA;6170.0;;;;False;2025
2926004;BA;7426.0;;;;False;2025
2926103;BA;2620.0;;;;False;2025
2926202;BA;3256.0;;;;False;2025
2926301;BA;5018.0;;;;False;2025
2926400;BA;7728.0;;;;False;2025
2926509;BA;5538.0;;;;False;2025
2926608;BA;10020.0;;;;False;2025
2926657;BA;3196.0;;;;False;2025
2926707;BA;2716.0;;;;False;2025
2926806;BA;4908.0;;;;False;2025
2926905;BA;2812.0;;;;False;2025
2927002;BA;6868.0;;178.0;1.3.1 - Madeira em tora para papel e celulose;True;2025
2927101;BA;1994.0;;;;False;2025
2927200;BA;3550.0;;;;False;2025
2927309;BA;174.0;;;;False;2025
2927408;BA;100.0;;;;False;2025
2927507;BA;2822.0;;;;False;2025
2927606;BA;4272.0;;;;False;2025
2927705;BA;1768.0;;93532.0;1.3.1 - Madeira em tora para papel e celulose;True;2025
2927804;BA;430.0;;;;False;2025
2927903;BA;290.0;;;;False;2025
2928000;BA;5178.0;;;;False;2025
2928059;BA;2352.0;;;;False;2025
2928109;BA;5438.0;;;;False;2025
2928208;BA;4574.0;;;;False;2025
2928307;BA;2646.0;;;;False;2025
2928406;BA;4736.0;;;;False;2025
2928505;BA;1232.0;;;;False;2025
2928604;BA;5926.0;;23.0;1.2 - Lenha;True;2025
2928703;BA;5430.0;;;;False;2025
2928802;BA;9946.0;;;;False;2025
2928901;BA;4610.0;;781.0;1.2 - Lenha;True;2025
2928950;BA;1684.0;;;;False;2025
2929008;BA;1974.0;;;;False;2025
2929057;BA;1964.0;;;;False;2025
2929107;BA;4286.0;;;;False;2025
2929206;BA;740.0;;;;False;2025
2929255;BA;4076.0;;;;False;2025
2929305;BA;4558.0;;;;False;2025
2929354;BA;498.0;;;;False;2025
2929370;BA;1652.0;;;;False;2025
2929404;BA;3962.0;;;;False;2025
2929503;BA;2332.0;;830.0;1.3.1 - Madeira em tora para papel e celulose;True;2025
2929602;BA;3520.0;;;;False;2025
2929701;BA;4650.0;;;;False;2025
2929750;BA;188.0;;;;False;2025
2929800;BA;1740.0;;;;False;2025
2929909;BA;6506.0;;;;False;2025
2930006;BA;2808.0;;;;False;2025
2930105;BA;2974.0;;;;False;2025
2930154;BA;5854.0;;;;False;2025
2930204;BA;4496.0;;;;False;2025
2930303;BA;4282.0;;;;False;2025
2930402;BA;3520.0;;;;False;2025
2930501;BA;11682.0;;;;False;2025
2930600;BA;2160.0;;;;False;2025
2930709;BA;710.0;;;;False;2025
2930758;BA;2740.0;;;;False;2025
2930766;BA;5678.0;;;;False;2025
2930774;BA;1122.0;;;;False;2025
2930808;BA;4916.0;;;;False;2025
2930907;BA;3402.0;;;;False;2025
2931004;BA;5474.0;;;;False;2025
2931053;BA;5224.0;;;;False;2025
2931103;BA;1136.0;;;;False;2025
2931202;BA;3356.0;;;;False;2025
2931301;BA;1612.0;;;;False;2025
2931350;BA;1934.0;;12013.0;1.3.1 - Madeira em tora para papel e celulose;True;2025
2931400;BA;384.0;;;;False;2025
2931509;BA;3922.0;;;;False;2025
2931608;BA;3862.0;;;;False;2025
2931707;BA;308.0;;;;False;2025
2931806;BA;5084.0;;;;False;2025
2931905;BA;10014.0;;;;False;2025
2932002;BA;6430.0;;;;False;2025
2932101;BA;6090.0;;;;False;2025
2932200;BA;544.0;;;;False;2025
2932309;BA;1214.0;;;;False;2025
2932408;BA;3674.0;;;;False;2025
2932457;BA;2734.0;;;;False;2025
2932507;BA;3740.0;;;;False;2025
2932606;BA;4152.0;;;;False;2025
2932705;BA;2752.0;;;;False;2025
2932804;BA;2098.0;;;;False;2025
2932903;BA;11732.0;;297.0;1.2 - Lenha;True;2025
2933000;BA;3022.0;;;;False;2025
2933059;BA;4544.0;;;;False;2025
2933109;BA;1172.0;;;;False;2025
2933158;BA;3084.0;;;;False;2025
2933174;BA;2708.0;;;;False;2025
2933208;BA;462.0;;;;False;2025
2933257;BA;568.0;;1196.0;1.3.1 - Madeira em tora para papel e celulose;True;2025
2933307;BA;13096.0;;299.0;1.2 - Lenha;True;2025
2933406;BA;1448.0;;;;False;2025
2933455;BA;3320.0;;;;False;2025
2933505;BA;6892.0;;;;False;2025
2933604;BA;4906.0;;;;False;2025
3100104;MG;2140.0;;485.0;1.1 - Carvão vegetal;True;2025
3100203;MG;1966.0;;43497.0;1.1 - Carvão vegetal;True;2025
3100302;MG;3280.0;;376.0;1.3.2 - Madeira em tora para outras finalidades;True;2025
3100401;MG;580.0;;288.0;1.3.2 - Madeira em tora para outras finalidades;True;2025
3100500;MG;1530.0;;7437.0;1.3.1 - Madeira em tora para papel e celulose;True;2025
3100609;MG;3478.0;;6681.0;1.1 - Carvão vegetal;True;2025
3100708;MG;210.0;;;;False;2025
3100807;MG;652.0;;188.0;1.2 - Lenha;True;2025
3100906;MG;3030.0;;;;False;2025
3101003;MG;1228.0;;27855.0;1.1 - Carvão vegetal;True;2025
3101102;MG;2798.0;;224.0;1.3.2 - Madeira em tora para outras finalidades;True;2025
3101201;MG;1108.0;;15569.0;1.1 - Carvão vegetal;True;2025
3101300;MG;612.0;;128.0;1.3.2 - Madeira em tora para outras finalidades;True;2025
3101409;MG;412.0;;57.0;1.2 - Lenha;True;2025
3101508;MG;732.0;;53.0;1.3.2 - Madeira em tora para outras finalidades;True;2025
3101607;MG;1944.0;;1326.0;1.2 - Lenha;True;2025
3101631;MG;754.0;;1378.0;1.1 - Carvão vegetal;True;2025
3101706;MG;3286.0;;;;False;2025
3101805;MG;384.0;;;;False;2025
3101904;MG;2264.0;;628.0;1.2 - Lenha;True;2025
3102001;MG;2768.0;;135.0;1.3.2 - Madeira em tora para outras finalidades;True;2025
3102050;MG;752.0;;173.0;1.3.2 - Madeira em tora para outras finalidades;True;2025
3102100;MG;2944.0;;20230.0;1.1 - Carvão vegetal;True;2025
3102209;MG;936.0;;;;False;2025
3102308;MG;1554.0;;45014.0;1.1 - Carvão vegetal;True;2025
3102407;MG;402.0;;19.0;1.2 - Lenha;True;2025
3102506;MG;924.0;;245.0;1.3.2 - Madeira em tora para outras finalidades;True;2025
3102605;MG;3438.0;;5115.0;1.2 - Lenha;True;2025
3102704;MG;1508.0;;980.0;1.1 - Carvão vegetal;True;2025
3102803;MG;1224.0;;68044.0;1.1 - Carvão vegetal;True;2025
3102852;MG;1578.0;;5966.0;1.1 - Carvão vegetal;True;2025
3102902;MG;888.0;;7448.0;1.1 - Carvão vegetal;True;2025
3103009;MG;1096.0;;49621.0;1.3.1 - Madeira em tora para papel e celulose;True;2025
3103108;MG;430.0;;;;False;2025
3103207;MG;202.0;;3553.0;1.1 - Carvão vegetal;True;2025
3103306;MG;280.0;;268.0;1.3.2 - Madeira em tora para outras finalidades;True;2025
3103405;MG;5178.0;;1086.0;1.1 - Carvão vegetal;True;2025
3103504;MG;4248.0;;15236.0;1.3.1 - Madeira em tora para papel e celulose;True;2025
3103603;MG;242.0;;2419.0;1.1 - Carvão vegetal;True;2025
3103702;MG;2876.0;;1344.0;1.3.2 - Madeira em tora para outras finalidades;True;2025
3103751;MG;212.0;;;;False;2025
3103801;MG;816.0;;52.0;1.2 - Lenha;True;2025
3103900;MG;722.0;;4027.0;1.1 - Carvão vegetal;True;2025
3104007;MG;940.0;;5889.0;1.1 - Carvão vegetal;True;2025
3104106;MG;402.0;;430.0;1.3.2 - Madeira em tora para outras finalidades;True;2025
3104205;MG;1884.0;;5801.0;1.1 - Carvão vegetal;True;2025
3104304;MG;1540.0;;335.0;1.3.2 - Madeira em tora para outras finalidades;True;2025
3104403;MG;620.0;;413.0;1.3.2 - Madeira em tora para outras finalidades;True;2025
3104452;MG;1650.0;;3735.0;1.3.2 - Madeira em tora para outras finalidades;True;2025
3104502;MG;3606.0;;33454.0;1.1 - Carvão vegetal;True;2025
3104601;MG;936.0;;1714.0;1.2 - Lenha;True;2025
3104700;MG;3080.0;;26.0;1.3.2 - Madeira em tora para outras finalidades;True;2025
3104809;MG;516.0;;12220.0;1.1 - Carvão vegetal;True;2025
3104908;MG;1536.0;;568.0;1.1 - Carvão vegetal;True;2025
3105004;MG;708.0;;6088.0;1.1 - Carvão vegetal;True;2025
3105103;MG;3050.0;;21925.0;1.1 - Carvão vegetal;True;2025
3105202;MG;956.0;;;;False;2025
3105301;MG;320.0;;159.0;1.3.2 - Madeira em tora para outras finalidades;True;2025
3105400;MG;526.0;;8553.0;1.1 - Carvão vegetal;True;2025
3105509;MG;670.0;;109.0;1.3.2 - Madeira em tora para outras finalidades;True;2025
3105608;MG;2898.0;;6187.0;1.1 - Carvão vegetal;True;2025
3105707;MG;996.0;;3920.0;1.1 - Carvão vegetal;True;2025
3105905;MG;272.0;;1127.0;1.1 - Carvão vegetal;True;2025
3106002;MG;100.0;;2647.0;1.1 - Carvão vegetal;True;2025
3106101;MG;412.0;;559.0;1.3.2 - Madeira em tora para outras finalidades;True;2025
3106200;MG;96.0;;;;False;2025
3106309;MG;962.0;;8910.0;1.3.1 - Madeira em tora para papel e celulose;True;2025
3106408;MG;1422.0;;674.0;1.1 - Carvão vegetal;True;2025
3106507;MG;2978.0;;9322.0;1.1 - Carvão vegetal;True;2025
3106606;MG;750.0;;;;False;2025
3106655;MG;532.0;;236.0;1.3.2 - Madeira em tora para outras finalidades;True;2025
3106705;MG;466.0;;;;False;2025
3106804;MG;834.0;;1176.0;1.1 - Carvão vegetal;True;2025
3106903;MG;248.0;;824.0;1.3.2 - Madeira em tora para outras finalidades;True;2025
3107000;MG;968.0;;1833.0;1.1 - Carvão vegetal;True;2025
3107109;MG;3024.0;;4967.0;1.3.2 - Madeira em tora para outras finalidades;True;2025
3107208;MG;778.0;;298.0;1.2 - Lenha;True;2025
3107307;MG;5102.0;;150322.0;1.1 - Carvão vegetal;True;2025
3107406;MG;2242.0;;89568.0;1.1 - Carvão vegetal;True;2025
3107505;MG;484.0;;25203.0;1.1 - Carvão vegetal;True;2025
3107604;MG;928.0;;503.0;1.3.2 - Madeira em tora para outras finalidades;True;2025
3107703;MG;574.0;;4636.0;1.1 - Carvão vegetal;True;2025
3107802;MG;2278.0;;10751.0;1.3.1 - Madeira em tora para papel e celulose;True;2025
3107901;MG;3042.0;;42.0;1.2 - Lenha;True;2025
3108008;MG;1064.0;;12300.0;1.1 - Carvão vegetal;True;2025
3108107;MG;1118.0;;41.0;1.2 - Lenha;True;2025
3108206;MG;1428.0;;7387.0;1.1 - Carvão vegetal;True;2025
3108255;MG;2552.0;;15823.0;1.1 - Carvão vegetal;True;2025
3108305;MG;1820.0;;249.0;1.3.2 - Madeira em tora para outras finalidades;True;2025
3108404;MG;1798.0;;343.0;1.3.2 - Madeira em tora para outras finalidades;True;2025
3108503;MG;1634.0;;96519.0;1.1 - Carvão vegetal;True;2025
3108552;MG;1074.0;;22119.0;1.1 - Carvão vegetal;True;2025
3108602;MG;4926.0;;15013.0;1.1 - Carvão vegetal;True;2025
3108701;MG;524.0;;2310.0;1.1 - Carvão vegetal;True;2025
3108800;MG;1070.0;;1736.0;1.3.1 - Madeira em tora para papel e celulose;True;2025
3108909;MG;1570.0;;255.0;1.3.2 - Madeira em tora para outras finalidades;True;2025
3109006;MG;886.0;;115.0;1.2 - Lenha;True;2025
3109105;MG;3358.0;;357.0;1.3.2 - Madeira em tora para outras finalidades;True;2025
3109204;MG;676.0;;9879.0;1.1 - Carvão vegetal;True;2025
3109253;MG;378.0;;12689.0;1.3.1 - Madeira em tora para papel e celulose;True;2025
3109303;MG;3516.0;;802.0;1.2 - Lenha;True;2025
3109402;MG;1518.0;;339916.0;1.1 - Carvão vegetal;True;2025
3109451;MG;684.0;;120.0;1.2 - Lenha;True;2025
3109501;MG;2500.0;;347.0;1.2 - Lenha;True;2025
3109600;MG;70.0;;24.0;1.3.2 - Madeira em tora para outras finalidades;True;2025
3109709;MG;2296.0;;518.0;1.2 - Lenha;True;2025
3109808;MG;152.0;;;;False;2025
3109907;MG;362.0;;2123.0;1.1 - Carvão vegetal;True;2025
3110004;MG;1568.0;;4744.0;1.1 - Carvão vegetal;True;2025
3110103;MG;1110.0;;299.0;1.3.2 - Madeira em tora para outras finalidades;True;2025
3110202;MG;868.0;;493.0;1.3.2 - Madeira em tora para outras finalidades;True;2025
3110301;MG;3286.0;;5836.0;1.3.1 - Madeira em tora para papel e celulose;True;2025
3110400;MG;724.0;;4257.0;1.1 - Carvão vegetal;True;2025
3110509;MG;2082.0;;23198.0;1.3.1 - Madeira em tora para papel e celulose;True;2025
3110608;MG;1994.0;;566.0;1.1 - Carvão vegetal;True;2025
3110707;MG;908.0;;502.0;1.2 - Lenha;True;2025
3110806;MG;336.0;;99.0;1.3.2 - Madeira em tora para outras finalidades;True;2025
3110905;MG;1750.0;;339.0;1.2 - Lenha;True;2025
3111002;MG;4152.0;;1457.0;1.3.1 - Madeira em tora para papel e celulose;True;2025
3111101;MG;4422.0;;1870.0;1.3.2 - Madeira em tora para outras finalidades;True;2025
3111150;MG;894.0;;225.0;1.2 - Lenha;True;2025
3111200;MG;1564.0;;5204.0;1.1 - Carvão vegetal;True;2025
3111309;MG;1768.0;;360.0;1.2 - Lenha;True;2025
3111408;MG;1122.0;;1371.0;1.3.2 - Madeira em tora para outras finalidades;True;2025
3111507;MG;822.0;;625.0;1.2 - Lenha;True;2025
3111606;MG;6018.0;;1604.0;1.1 - Carvão vegetal;True;2025
3111705;MG;1332.0;;370.0;1.3.2 - Madeira em tora para outras finalidades;True;2025
3111804;MG;596.0;;;;False;2025
3111903;MG;774.0;;431.0;1.2 - Lenha;True;2025
3112000;MG;2606.0;;5831.0;1.1 - Carvão vegetal;True;2025
3112059;MG;444.0;;8861.0;1.3.1 - Madeira em tora para papel e celulose;True;2025
3112109;MG;1124.0;;246.0;1.3.2 - Madeira em tora para outras finalidades;True;2025
3112208;MG;874.0;;246.0;1.2 - Lenha;True;2025
3112307;MG;4156.0;;67942.0;1.1 - Carvão vegetal;True;2025
3112406;MG;750.0;;3088.0;1.3.2 - Madeira em tora para outras finalidades;True;2025
3112505;MG;152.0;;;;False;2025
3112604;MG;656.0;;;;False;2025
3112653;MG;598.0;;;;False;2025
3112703;MG;972.0;;;;False;2025
3112802;MG;1194.0;;1505.0;1.3.2 - Madeira em tora para outras finalidades;True;2025
3112901;MG;1518.0;;613.0;1.2 - Lenha;True;2025
3113008;MG;4620.0;;1404.0;1.3.2 - Madeira em tora para outras finalidades;True;2025
3113107;MG;444.0;;3161.0;1.1 - Carvão vegetal;True;2025
3113206;MG;1390.0;;22033.0;1.1 - Carvão vegetal;True;2025
3113305;MG;2594.0;;255.0;1.2 - Lenha;True;2025
3113404;MG;5334.0;;20631.0;1.3.1 - Madeira em tora para papel e celulose;True;2025
3113503;MG;1334.0;;185469.0;1.1 - Carvão vegetal;True;2025
3113602;MG;764.0;;207.0;1.3.2 - Madeira em tora para outras finalidades;True;2025
3113701;MG;1902.0;;62562.0;1.3.1 - Madeira em tora para papel e celulose;True;2025
3113800;MG;386.0;;4750.0;1.3.1 - Madeira em tora para papel e celulose;True;2025
3113909;MG;1032.0;;3533.0;1.2 - Lenha;True;2025
3114006;MG;806.0;;720.0;1.2 - Lenha;True;2025
3114105;MG;696.0;;371.0;1.3.2 - Madeira em tora para outras finalidades;True;2025
3114204;MG;2064.0;;2109.0;1.2 - Lenha;True;2025
3114303;MG;3088.0;;200.0;1.2 - Lenha;True;2025
3114402;MG;3264.0;;2050.0;1.1 - Carvão vegetal;True;2025
3114501;MG;1680.0;;1249.0;1.1 - Carvão vegetal;True;2025
3114550;MG;1366.0;;210.0;1.3.2 - Madeira em tora para outras finalidades;True;2025
3114600;MG;452.0;;16933.0;1.1 - Carvão vegetal;True;2025
3114709;MG;828.0;;198.0;1.3.2 - Madeira em tora para outras finalidades;True;2025
3114808;MG;930.0;;405.0;1.3.2 - Madeira em tora para outras finalidades;True;2025
3114907;MG;548.0;;1175.0;1.1 - Carvão vegetal;True;2025
3115003;MG;612.0;;291.0;1.3.2 - Madeira em tora para outras finalidades;True;2025
3115102;MG;1280.0;;10107.0;1.3.1 - Madeira em tora para papel e celulose;True;2025
3115201;MG;604.0;;375.0;1.3.2 - Madeira em tora para outras finalidades;True;2025
3115300;MG;1396.0;;2390.0;1.2 - Lenha;True;2025
3115359;MG;252.0;;8212.0;1.3.1 - Madeira em tora para papel e celulose;True;2025
3115409;MG;580.0;;4000.0;1.1 - Carvão vegetal;True;2025
3115458;MG;704.0;;5125.0;1.1 - Carvão vegetal;True;2025
3115474;MG;1130.0;;;;False;2025
3115508;MG;198.0;;98.0;1.2 - Lenha;True;2025
3115607;MG;248.0;;78.0;1.2 - Lenha;True;2025
3115706;MG;658.0;;17.0;1.2 - Lenha;True;2025
3115805;MG;330.0;;1040.0;1.2 - Lenha;True;2025
3115904;MG;346.0;;508.0;1.3.2 - Madeira em tora para outras finalidades;True;2025
3116001;MG;1482.0;;204.0;1.2 - Lenha;True;2025
3116100;MG;4524.0;;5673.0;1.1 - Carvão vegetal;True;2025
3116159;MG;1910.0;;2245.0;1.1 - Carvão vegetal;True;2025
3116209;MG;448.0;;346.0;1.3.2 - Madeira em tora para outras finalidades;True;2025
3116308;MG;1514.0;;1782.0;1.1 - Carvão vegetal;True;2025
3116407;MG;1212.0;;317.0;1.2 - Lenha;True;2025
3116506;MG;1684.0;;6915.0;1.1 - Carvão vegetal;True;2025
3116605;MG;2514.0;;12332.0;1.1 - Carvão vegetal;True;2025
3116704;MG;862.0;;450.0;1.3.2 - Madeira em tora para outras finalidades;True;2025
3116803;MG;1196.0;;2044.0;1.1 - Carvão vegetal;True;2025
3116902;MG;996.0;;310.0;1.3.2 - Madeira em tora para outras finalidades;True;2025
3117009;MG;2438.0;;;;False;2025
3117108;MG;2710.0;;835.0;1.3.2 - Madeira em tora para outras finalidades;True;2025
3117207;MG;636.0;;180.0;1.2 - Lenha;True;2025
3117306;MG;930.0;;189.0;1.2 - Lenha;True;2025
3117405;MG;1590.0;;630.0;1.2 - Lenha;True;2025
3117504;MG;2794.0;;5828.0;1.1 - Carvão vegetal;True;2025
3117603;MG;894.0;;438.0;1.3.2 - Madeira em tora para outras finalidades;True;2025
3117702;MG;742.0;;441.0;1.2 - Lenha;True;2025
3117801;MG;734.0;;244.0;1.3.2 - Madeira em tora para outras finalidades;True;2025
3117836;MG;1676.0;;;;False;2025
3117876;MG;16.0;;;;False;2025
3117900;MG;1744.0;;124.0;1.2 - Lenha;True;2025
3118007;MG;214.0;;976.0;1.1 - Carvão vegetal;True;2025
3118106;MG;700.0;;1351.0;1.1 - Carvão vegetal;True;2025
3118205;MG;466.0;;;;False;2025
3118304;MG;750.0;;9336.0;1.1 - Carvão vegetal;True;2025
3118403;MG;2772.0;;4057.0;1.1 - Carvão vegetal;True;2025
3118502;MG;628.0;;291.0;1.3.2 - Madeira em tora para outras finalidades;True;2025
3118601;MG;188.0;;;;False;2025
3118700;MG;1818.0;;858.0;1.2 - Lenha;True;2025
3118809;MG;5376.0;;4258.0;1.1 - Carvão vegetal;True;2025
3118908;MG;1020.0;;4616.0;1.1 - Carvão vegetal;True;2025
3119005;MG;294.0;;142.0;1.3.2 - Madeira em tora para outras finalidades;True;2025
3119104;MG;1164.0;;51715.0;1.1 - Carvão vegetal;True;2025
3119203;MG;1340.0;;12774.0;1.3.1 - Madeira em tora para papel e celulose;True;2025
3119302;MG;4016.0;;4682.0;1.1 - Carvão vegetal;True;2025
3119401;MG;366.0;;9549.0;1.3.1 - Madeira em tora para papel e celulose;True;2025
3119500;MG;1664.0;;2155.0;1.1 - Carvão vegetal;True;2025
3119609;MG;266.0;;1178.0;1.2 - Lenha;True;2025
3119708;MG;364.0;;430.0;1.3.2 - Madeira em tora para outras finalidades;True;2025
3119807;MG;1316.0;;6865.0;1.3.2 - Madeira em tora para outras finalidades;True;2025
3119906;MG;594.0;;248.0;1.3.2 - Madeira em tora para outras finalidades;True;2025
3119955;MG;308.0;;1043.0;1.2 - Lenha;True;2025
3120003;MG;608.0;;;;False;2025
3120102;MG;310.0;;15396.0;1.1 - Carvão vegetal;True;2025
3120151;MG;1168.0;;;;False;2025
3120201;MG;1822.0;;7470.0;1.1 - Carvão vegetal;True;2025
3120300;MG;1478.0;;23842.0;1.1 - Carvão vegetal;True;2025
3120409;MG;282.0;;86.0;1.3.2 - Madeira em tora para outras finalidades;True;2025
3120508;MG;1344.0;;213.0;1.2 - Lenha;True;2025
3120607;MG;1124.0;;81.0;1.2 - Lenha;True;2025
3120706;MG;442.0;;123.0;1.3.2 - Madeira em tora para outras finalidades;True;2025
3120805;MG;1098.0;;1754.0;1.1 - Carvão vegetal;True;2025
3120839;MG;554.0;;143.0;1.3.2 - Madeira em tora para outras finalidades;True;2025
3120870;MG;880.0;;14223.0;1.1 - Carvão vegetal;True;2025
3120904;MG;2186.0;;271415.0;1.1 - Carvão vegetal;True;2025
3121001;MG;434.0;;3267.0;1.1 - Carvão vegetal;True;2025
3121100;MG;1018.0;;3614.0;1.3.2 - Madeira em tora para outras finalidades;True;2025
3121209;MG;1072.0;;2790.0;1.3.2 - Madeira em tora para outras finalidades;True;2025
3121258;MG;140.0;;;;False;2025
3121308;MG;612.0;;107.0;1.3.2 - Madeira em tora para outras finalidades;True;2025
3121407;MG;2246.0;;8974.0;1.1 - Carvão vegetal;True;2025
3121506;MG;782.0;;119.0;1.3.2 - Madeira em tora para outras finalidades;True;2025
3121605;MG;1784.0;;84802.0;1.1 - Carvão vegetal;True;2025
3121704;MG;1254.0;;1185.0;1.1 - Carvão vegetal;True;2025
3121803;MG;936.0;;23019.0;1.1 - Carvão vegetal;True;2025
3121902;MG;474.0;;418.0;1.3.2 - Madeira em tora para outras finalidades;True;2025
3122009;MG;4568.0;;704.0;1.2 - Lenha;True;2025
3122108;MG;552.0;;174.0;1.1 - Carvão vegetal;True;2025
3122207;MG;458.0;;6171.0;1.3.1 - Madeira em tora para papel e celulose;True;2025
3122306;MG;3254.0;;26831.0;1.1 - Carvão vegetal;True;2025
3122355;MG;192.0;;510.0;1.1 - Carvão vegetal;True;2025
3122405;MG;840.0;;435.0;1.3.2 - Madeira em tora para outras finalidades;True;2025
3122454;MG;1078.0;;5329.0;1.1 - Carvão vegetal;True;2025
3122470;MG;748.0;;;;False;2025
3122504;MG;310.0;;;;False;2025
3122603;MG;482.0;;66.0;1.3.2 - Madeira em tora para outras finalidades;True;2025
3122702;MG;654.0;;4891.0;1.1 - Carvão vegetal;True;2025
3122801;MG;478.0;;195.0;1.2 - Lenha;True;2025
3122900;MG;462.0;;293.0;1.3.2 - Madeira em tora para outras finalidades;True;2025
3123007;MG;312.0;;6716.0;1.1 - Carvão vegetal;True;2025
3123106;MG;768.0;;410.0;1.3.1 - Madeira em tora para papel e celulose;True;2025
3123205;MG;1286.0;;25585.0;1.1 - Carvão vegetal;True;2025
3123304;MG;766.0;;7231.0;1.1 - Carvão vegetal;True;2025
3123403;MG;302.0;;;;False;2025
3123502;MG;462.0;;483.0;1.2 - Lenha;True;2025
3123528;MG;1306.0;;143.0;1.3.2 - Madeira em tora para outras finalidades;True;2025
3123601;MG;2118.0;;2798.0;1.1 - Carvão vegetal;True;2025
3123700;MG;506.0;;;;False;2025
3123809;MG;944.0;;8101.0;1.1 - Carvão vegetal;True;2025
3123858;MG;664.0;;268.0;1.3.2 - Madeira em tora para outras finalidades;True;2025
3123908;MG;1794.0;;2404.0;1.1 - Carvão vegetal;True;2025
3124005;MG;3872.0;;2202.0;1.3.2 - Madeira em tora para outras finalidades;True;2025
3124104;MG;1922.0;;1738.0;1.1 - Carvão vegetal;True;2025
3124203;MG;3104.0;;1041.0;1.2 - Lenha;True;2025
3124302;MG;5976.0;;;;False;2025
3124401;MG;1390.0;;521.0;1.3.2 - Madeira em tora para outras finalidades;True;2025
3124500;MG;3144.0;;;;False;2025
3124609;MG;246.0;;;;False;2025
3124708;MG;884.0;;508.0;1.1 - Carvão vegetal;True;2025
3124807;MG;1154.0;;75087.0;1.3.1 - Madeira em tora para papel e celulose;True;2025
3124906;MG;1876.0;;218.0;1.3.2 - Madeira em tora para outras finalidades;True;2025
3125002;MG;104.0;;950.0;1.3.2 - Madeira em tora para outras finalidades;True;2025
3125101;MG;1052.0;;696.0;1.3.2 - Madeira em tora para outras finalidades;True;2025
3125200;MG;352.0;;150.0;1.3.2 - Madeira em tora para outras finalidades;True;2025
3125309;MG;470.0;;504.0;1.2 - Lenha;True;2025
3125408;MG;1654.0;;1468.0;1.1 - Carvão vegetal;True;2025
3125507;MG;486.0;;3630.0;1.1 - Carvão vegetal;True;2025
3125606;MG;762.0;;381.0;1.2 - Lenha;True;2025
3125705;MG;1204.0;;100481.0;1.1 - Carvão vegetal;True;2025
3125804;MG;316.0;;;;False;2025
3125903;MG;2094.0;;13473.0;1.1 - Carvão vegetal;True;2025
3125952;MG;2516.0;;1650.0;1.3.2 - Madeira em tora para outras finalidades;True;2025
3126000;MG;494.0;;79.0;1.3.2 - Madeira em tora para outras finalidades;True;2025
3126109;MG;3232.0;;9474.0;1.2 - Lenha;True;2025
3126208;MG;1446.0;;1430.0;1.1 - Carvão vegetal;True;2025
3126307;MG;776.0;;375.0;1.3.2 - Madeira em tora para outras finalidades;True;2025
3126406;MG;386.0;;258.0;1.3.2 - Madeira em tora para outras finalidades;True;2025
3126505;MG;2768.0;;;;False;2025
3126604;MG;698.0;;12401.0;1.1 - Carvão vegetal;True;2025
3126703;MG;4708.0;;20532.0;1.1 - Carvão vegetal;True;2025
3126752;MG;1286.0;;129.0;1.3.2 - Madeira em tora para outras finalidades;True;2025
3126802;MG;886.0;;144.0;1.3.2 - Madeira em tora para outras finalidades;True;2025
3126901;MG;566.0;;202.0;1.2 - Lenha;True;2025
3126950;MG;802.0;;643.0;1.3.1 - Madeira em tora para papel e celulose;True;2025
3127008;MG;628.0;;;;False;2025
3127057;MG;690.0;;;;False;2025
3127073;MG;1444.0;;5475.0;1.1 - Carvão vegetal;True;2025
3127107;MG;3836.0;;566.0;1.2 - Lenha;True;2025
3127206;MG;258.0;;161.0;1.3.2 - Madeira em tora para outras finalidades;True;2025
3127305;MG;972.0;;64.0;1.3.2 - Madeira em tora para outras finalidades;True;2025
3127339;MG;1888.0;;;;False;2025
3127354;MG;832.0;;;;False;2025
3127370;MG;366.0;;;;False;2025
3127388;MG;384.0;;234.0;1.3.2 - Madeira em tora para outras finalidades;True;2025
3127404;MG;1058.0;;585.0;1.3.2 - Madeira em tora para outras finalidades;True;2025
3127503;MG;830.0;;2865.0;1.3.1 - Madeira em tora para papel e celulose;True;2025
3127602;MG;932.0;;2356.0;1.1 - Carvão vegetal;True;2025
3127701;MG;3420.0;;4101.0;1.3.1 - Madeira em tora para papel e celulose;True;2025
3127800;MG;3896.0;;152873.0;1.1 - Carvão vegetal;True;2025
3127909;MG;164.0;;161.0;1.3.2 - Madeira em tora para outras finalidades;True;2025
3128006;MG;1952.0;;20678.0;1.3.1 - Madeira em tora para papel e celulose;True;2025
3128105;MG;3188.0;;3980.0;1.1 - Carvão vegetal;True;2025
3128204;MG;2418.0;;6444.0;1.1 - Carvão vegetal;True;2025
3128253;MG;1186.0;;24731.0;1.2 - Lenha;True;2025
3128303;MG;1126.0;;264.0;1.2 - Lenha;True;2025
3128402;MG;970.0;;526.0;1.3.2 - Madeira em tora para outras finalidades;True;2025
3128501;MG;238.0;;152.0;1.3.2 - Madeira em tora para outras finalidades;True;2025
3128600;MG;1568.0;;1093.0;1.1 - Carvão vegetal;True;2025
3128709;MG;844.0;;1310.0;1.1 - Carvão vegetal;True;2025
3128808;MG;784.0;;;;False;2025
3128907;MG;1080.0;;302.0;1.3.2 - Madeira em tora para outras finalidades;True;2025
3129004;MG;2496.0;;294.0;1.3.2 - Madeira em tora para outras finalidades;True;2025
3129103;MG;2096.0;;160.0;1.2 - Lenha;True;2025
3129202;MG;1122.0;;274.0;1.3.2 - Madeira em tora para outras finalidades;True;2025
3129301;MG;1782.0;;;;False;2025
3129400;MG;478.0;;4820.0;1.1 - Carvão vegetal;True;2025
3129509;MG;1638.0;;6865.0;1.1 - Carvão vegetal;True;2025
3129608;MG;696.0;;2070.0;1.1 - Carvão vegetal;True;2025
3129657;MG;970.0;;445.0;1.3.2 - Madeira em tora para outras finalidades;True;2025
3129707;MG;1896.0;;1083.0;1.2 - Lenha;True;2025
3129806;MG;150.0;;;;False;2025
3129905;MG;766.0;;154.0;1.3.2 - Madeira em tora para outras finalidades;True;2025
3130002;MG;344.0;;142.0;1.2 - Lenha;True;2025
3130051;MG;2322.0;;;;False;2025
3130101;MG;348.0;;;;False;2025
3130200;MG;896.0;;12329.0;1.1 - Carvão vegetal;True;2025
3130309;MG;920.0;;1519.0;1.2 - Lenha;True;2025
3130408;MG;244.0;;132.0;1.2 - Lenha;True;2025
3130507;MG;2084.0;;2795.0;1.1 - Carvão vegetal;True;2025
3130556;MG;2128.0;;2463.0;1.3.1 - Madeira em tora para papel e celulose;True;2025
3130606;MG;1740.0;;408.0;1.3.2 - Madeira em tora para outras finalidades;True;2025
3130655;MG;2530.0;;19917.0;1.1 - Carvão vegetal;True;2025
3130705;MG;866.0;;144732.0;1.3.1 - Madeira em tora para papel e celulose;True;2025
3130804;MG;472.0;;2368.0;1.1 - Carvão vegetal;True;2025
3130903;MG;5018.0;;185.0;1.3.2 - Madeira em tora para outras finalidades;True;2025
3131000;MG;366.0;;2694.0;1.1 - Carvão vegetal;True;2025
3131109;MG;508.0;;14456.0;1.1 - Carvão vegetal;True;2025
3131158;MG;280.0;;199.0;1.3.2 - Madeira em tora para outras finalidades;True;2025
3131208;MG;1878.0;;3612.0;1.3.1 - Madeira em tora para papel e celulose;True;2025
3131307;MG;228.0;;136.0;1.2 - Lenha;True;2025
3131406;MG;304.0;;;;False;2025
3131505;MG;922.0;;4517.0;1.3.1 - Madeira em tora para papel e celulose;True;2025
3131604;MG;1014.0;;74.0;1.2 - Lenha;True;2025
3131703;MG;3330.0;;9004.0;1.1 - Carvão vegetal;True;2025
3131802;MG;1218.0;;;;False;2025
3131901;MG;484.0;;1676.0;1.1 - Carvão vegetal;True;2025
3132008;MG;1326.0;;134924.0;1.1 - Carvão vegetal;True;2025
3132107;MG;1116.0;;;;False;2025
3132206;MG;1822.0;;2950.0;1.1 - Carvão vegetal;True;2025
3132305;MG;2360.0;;2347.0;1.1 - Carvão vegetal;True;2025
3132404;MG;1568.0;;213.0;1.2 - Lenha;True;2025
3132503;MG;4852.0;;396909.0;1.1 - Carvão vegetal;True;2025
3132602;MG;890.0;;784.0;1.2 - Lenha;True;2025
3132701;MG;2982.0;;885.0;1.3.2 - Madeira em tora para outras finalidades;True;2025
3132800;MG;886.0;;111.0;1.3.2 - Madeira em tora para outras finalidades;True;2025
3132909;MG;1586.0;;164.0;1.2 - Lenha;True;2025
3133006;MG;1118.0;;379.0;1.2 - Lenha;True;2025
3133105;MG;530.0;;980.0;1.3.2 - Madeira em tora para outras finalidades;True;2025
3133204;MG;1188.0;;;;False;2025
3133303;MG;1794.0;;548.0;1.1 - Carvão vegetal;True;2025
3133402;MG;2748.0;;181.0;1.1 - Carvão vegetal;True;2025
3133501;MG;2404.0;;20661.0;1.1 - Carvão vegetal;True;2025
3133600;MG;996.0;;693.0;1.3.2 - Madeira em tora para outras finalidades;True;2025
3133709;MG;472.0;;1175.0;1.1 - Carvão vegetal;True;2025
3133758;MG;294.0;;3870.0;1.2 - Lenha;True;2025
3133808;MG;1236.0;;1669.0;1.1 - Carvão vegetal;True;2025
3133907;MG;678.0;;2586.0;1.1 - Carvão vegetal;True;2025
3134004;MG;2460.0;;98.0;1.2 - Lenha;True;2025
3134103;MG;1514.0;;120.0;1.3.2 - Madeira em tora para outras finalidades;True;2025
3134202;MG;2930.0;;1285.0;1.2 - Lenha;True;2025
3134301;MG;696.0;;1817.0;1.1 - Carvão vegetal;True;2025
3134400;MG;1116.0;;37.0;1.3.2 - Madeira em tora para outras finalidades;True;2025
3134509;MG;576.0;;2549.0;1.1 - Carvão vegetal;True;2025
3134608;MG;1472.0;;1428.0;1.1 - Carvão vegetal;True;2025
3134707;MG;1514.0;;176.0;1.2 - Lenha;True;2025
3134806;MG;2150.0;;1669.0;1.3.2 - Madeira em tora para outras finalidades;True;2025
3134905;MG;1906.0;;2003.0;1.3.1 - Madeira em tora para papel e celulose;True;2025
3135001;MG;228.0;;78.0;1.2 - Lenha;True;2025
3135050;MG;5240.0;;75.0;1.2 - Lenha;True;2025
3135076;MG;944.0;;134.0;1.3.2 - Madeira em tora para outras finalidades;True;2025
3135100;MG;3170.0;;;;False;2025
3135209;MG;6836.0;;42156.0;1.1 - Carvão vegetal;True;2025
3135308;MG;362.0;;419.0;1.1 - Carvão vegetal;True;2025
3135357;MG;2066.0;;196.0;1.3.2 - Madeira em tora para outras finalidades;True;2025
3135407;MG;858.0;;531.0;1.3.2 - Madeira em tora para outras finalidades;True;2025
3135456;MG;1394.0;;2267.0;1.2 - Lenha;True;2025
3135506;MG;2506.0;;428.0;1.3.2 - Madeira em tora para outras finalidades;True;2025
3135605;MG;830.0;;8251.0;1.1 - Carvão vegetal;True;2025
3135704;MG;838.0;;1249.0;1.1 - Carvão vegetal;True;2025
3135803;MG;3468.0;;2034.0;1.1 - Carvão vegetal;True;2025
3135902;MG;760.0;;328.0;1.3.2 - Madeira em tora para outras finalidades;True;2025
3136009;MG;1830.0;;343.0;1.2 - Lenha;True;2025
3136108;MG;1220.0;;3784.0;1.3.1 - Madeira em tora para papel e celulose;True;2025
3136207;MG;180.0;;6579.0;1.1 - Carvão vegetal;True;2025
3136306;MG;5268.0;;472373.0;1.1 - Carvão vegetal;True;2025
3136405;MG;558.0;;1784.0;1.1 - Carvão vegetal;True;2025
3136504;MG;1222.0;;;;False;2025
3136520;MG;1202.0;;3012.0;1.3.2 - Madeira em tora para outras finalidades;True;2025
3136553;MG;638.0;;969.0;1.1 - Carvão vegetal;True;2025
3136579;MG;1340.0;;33979.0;1.1 - Carvão vegetal;True;2025
3136603;MG;980.0;;81.0;1.3.2 - Madeira em tora para outras finalidades;True;2025
3136652;MG;84.0;;;;False;2025
3136702;MG;2098.0;;4433.0;1.1 - Carvão vegetal;True;2025
3136801;MG;638.0;;;;False;2025
3136900;MG;2354.0;;596.0;1.3.2 - Madeira em tora para outras finalidades;True;2025
3136959;MG;890.0;;;;False;2025
3137007;MG;4362.0;;4781.0;1.3.1 - Madeira em tora para papel e celulose;True;2025
3137106;MG;1834.0;;100.0;1.2 - Lenha;True;2025
3137205;MG;720.0;;2641.0;1.1 - Carvão vegetal;True;2025
3137304;MG;962.0;;141.0;1.3.2 - Madeira em tora para outras finalidades;True;2025
3137403;MG;1428.0;;11349.0;1.1 - Carvão vegetal;True;2025
3137502;MG;2928.0;;1420.0;1.1 - Carvão vegetal;True;2025
3137536;MG;1394.0;;12997.0;1.1 - Carvão vegetal;True;2025
3137601;MG;232.0;;293.0;1.3.2 - Madeira em tora para outras finalidades;True;2025
3137700;MG;3734.0;;1935.0;1.3.2 - Madeira em tora para outras finalidades;True;2025
3137809;MG;2600.0;;192.0;1.2 - Lenha;True;2025
3137908;MG;702.0;;6618.0;1.1 - Carvão vegetal;True;2025
3138005;MG;1408.0;;1179.0;1.1 - Carvão vegetal;True;2025
3138104;MG;1294.0;;330274.0;1.1 - Carvão vegetal;True;2025
3138203;MG;1616.0;;1056.0;1.1 - Carvão vegetal;True;2025
3138302;MG;530.0;;1655.0;1.1 - Carvão vegetal;True;2025
3138351;MG;654.0;;4041.0;1.1 - Carvão vegetal;True;2025
3138401;MG;2640.0;;4126.0;1.1 - Carvão vegetal;True;2025
3138500;MG;944.0;;2343.0;1.1 - Carvão vegetal;True;2025
3138609;MG;1366.0;;9134.0;1.3.2 - Madeira em tora para outras finalidades;True;2025
3138625;MG;1428.0;;55.0;1.2 - Lenha;True;2025
3138658;MG;1134.0;;;;False;2025
3138674;MG;2226.0;;685.0;1.2 - Lenha;True;2025
3138682;MG;886.0;;1377.0;1.1 - Carvão vegetal;True;2025
3138708;MG;552.0;;1218.0;1.2 - Lenha;True;2025
3138807;MG;1666.0;;24187.0;1.1 - Carvão vegetal;True;2025
3138906;MG;694.0;;;;False;2025
3139003;MG;3246.0;;1381.0;1.3.2 - Madeira em tora para outras finalidades;True;2025
3139102;MG;452.0;;8632.0;1.1 - Carvão vegetal;True;2025
3139201;MG;2540.0;;1555.0;1.1 - Carvão vegetal;True;2025
3139250;MG;2266.0;;;;False;2025
3139300;MG;2012.0;;;;False;2025
3139409;MG;5644.0;;5663.0;1.3.1 - Madeira em tora para papel e celulose;True;2025
3139508;MG;1404.0;;285.0;1.3.2 - Madeira em tora para outras finalidades;True;2025
3139607;MG;2330.0;;60.0;1.3.2 - Madeira em tora para outras finalidades;True;2025
3139706;MG;556.0;;11138.0;1.1 - Carvão vegetal;True;2025
3139805;MG;856.0;;1540.0;1.1 - Carvão vegetal;True;2025
3139904;MG;1254.0;;378.0;1.2 - Lenha;True;2025
3140001;MG;1128.0;;9255.0;1.1 - Carvão vegetal;True;2025
3140100;MG;284.0;;;;False;2025
3140159;MG;280.0;;;;False;2025
3140209;MG;376.0;;112.0;1.3.2 - Madeira em tora para outras finalidades;True;2025
3140308;MG;398.0;;1531.0;1.3.1 - Madeira em tora para papel e celulose;True;2025
3140407;MG;558.0;;1043.0;1.2 - Lenha;True;2025
3140506;MG;1058.0;;106583.0;1.1 - Carvão vegetal;True;2025
3140530;MG;1278.0;;190.0;1.2 - Lenha;True;2025
3140555;MG;754.0;;37.0;1.3.2 - Madeira em tora para outras finalidades;True;2025
3140605;MG;770.0;;2230.0;1.3.1 - Madeira em tora para papel e celulose;True;2025
3140704;MG;904.0;;280.0;1.2 - Lenha;True;2025
3140803;MG;140.0;;259.0;1.3.2 - Madeira em tora para outras finalidades;True;2025
3140852;MG;1392.0;;;;False;2025
3140902;MG;2086.0;;746.0;1.3.1 - Madeira em tora para papel e celulose;True;2025
3141009;MG;2226.0;;;;False;2025
3141108;MG;168.0;;10169.0;1.1 - Carvão vegetal;True;2025
3141207;MG;808.0;;30.0;1.3.2 - Madeira em tora para outras finalidades;True;2025
3141306;MG;1198.0;;40816.0;1.1 - Carvão vegetal;True;2025
3141405;MG;3316.0;;348.0;1.2 - Lenha;True;2025
3141504;MG;1124.0;;14.0;1.3.2 - Madeira em tora para outras finalidades;True;2025
3141603;MG;1420.0;;10101.0;1.1 - Carvão vegetal;True;2025
3141702;MG;1274.0;;887.0;1.3.1 - Madeira em tora para papel e celulose;True;2025
3141801;MG;6420.0;;192709.0;1.1 - Carvão vegetal;True;2025
3141900;MG;190.0;;3979.0;1.1 - Carvão vegetal;True;2025
3142007;MG;1866.0;;2151.0;1.2 - Lenha;True;2025
3142106;MG;2032.0;;261.0;1.3.2 - Madeira em tora para outras finalidades;True;2025
3142205;MG;1494.0;;563.0;1.2 - Lenha;True;2025
3142254;MG;1090.0;;459.0;1.2 - Lenha;True;2025
3142304;MG;260.0;;73.0;1.3.2 - Madeira em tora para outras finalidades;True;2025
3142403;MG;620.0;;1064.0;1.1 - Carvão vegetal;True;2025
3142502;MG;288.0;;252.0;1.3.2 - Madeira em tora para outras finalidades;True;2025
3142601;MG;734.0;;305.0;1.3.2 - Madeira em tora para outras finalidades;True;2025
3142700;MG;2422.0;;;;False;2025
3142809;MG;3546.0;;24797.0;1.3.1 - Madeira em tora para papel e celulose;True;2025
3142908;MG;4772.0;;;;False;2025
3143005;MG;2888.0;;363.0;1.3.2 - Madeira em tora para outras finalidades;True;2025
3143104;MG;2436.0;;3973.0;1.1 - Carvão vegetal;True;2025
3143153;MG;902.0;;189.0;1.2 - Lenha;True;2025
3143203;MG;1974.0;;378.0;1.2 - Lenha;True;2025
3143302;MG;7124.0;;43076.0;1.1 - Carvão vegetal;True;2025
3143401;MG;1858.0;;2091.0;1.3.2 - Madeira em tora para outras finalidades;True;2025
3143450;MG;2288.0;;36762.0;1.1 - Carvão vegetal;True;2025
3143500;MG;992.0;;65698.0;1.1 - Carvão vegetal;True;2025
3143609;MG;320.0;;11849.0;1.1 - Carvão vegetal;True;2025
3143708;MG;462.0;;2270.0;1.1 - Carvão vegetal;True;2025
3143807;MG;1100.0;;1465.0;1.2 - Lenha;True;2025
3143906;MG;3788.0;;308.0;1.3.2 - Madeira em tora para outras finalidades;True;2025
3144003;MG;6098.0;;2501.0;1.3.2 - Madeira em tora para outras finalidades;True;2025
3144102;MG;2370.0;;163.0;1.2 - Lenha;True;2025
3144201;MG;390.0;;;;False;2025
3144300;MG;1190.0;;26489.0;1.3.1 - Madeira em tora para papel e celulose;True;2025
3144359;MG;198.0;;8872.0;1.3.1 - Madeira em tora para papel e celulose;True;2025
3144375;MG;404.0;;;;False;2025
3144409;MG;1442.0;;;;False;2025
3144508;MG;1046.0;;2773.0;1.1 - Carvão vegetal;True;2025
3144607;MG;3064.0;;485.0;1.3.2 - Madeira em tora para outras finalidades;True;2025
3144656;MG;2008.0;;39618.0;1.1 - Carvão vegetal;True;2025
3144672;MG;1310.0;;205.0;1.2 - Lenha;True;2025
3144706;MG;402.0;;11755.0;1.3.1 - Madeira em tora para papel e celulose;True;2025
3144805;MG;112.0;;3006.0;1.1 - Carvão vegetal;True;2025
3144904;MG;586.0;;;;False;2025
3145000;MG;728.0;;147032.0;1.3.2 - Madeira em tora para outras finalidades;True;2025
3145059;MG;1000.0;;;;False;2025
3145109;MG;5436.0;;356.0;1.2 - Lenha;True;2025
3145208;MG;588.0;;253.0;1.2 - Lenha;True;2025
3145307;MG;5958.0;;14104.0;1.1 - Carvão vegetal;True;2025
3145356;MG;1100.0;;146.0;1.3.2 - Madeira em tora para outras finalidades;True;2025
3145372;MG;754.0;;5887.0;1.1 - Carvão vegetal;True;2025
3145406;MG;462.0;;164.0;1.3.2 - Madeira em tora para outras finalidades;True;2025
3145455;MG;1780.0;;98104.0;1.1 - Carvão vegetal;True;2025
3145505;MG;186.0;;118.0;1.2 - Lenha;True;2025
3145604;MG;2404.0;;7041.0;1.1 - Carvão vegetal;True;2025
3145703;MG;356.0;;1958.0;1.1 - Carvão vegetal;True;2025
3145802;MG;566.0;;1197.0;1.1 - Carvão vegetal;True;2025
3145851;MG;398.0;;145.0;1.3.2 - Madeira em tora para outras finalidades;True;2025
3145877;MG;1904.0;;440.0;1.3.2 - Madeira em tora para outras finalidades;True;2025
3145901;MG;538.0;;3694.0;1.1 - Carvão vegetal;True;2025
3146008;MG;3848.0;;2318.0;1.3.2 - Madeira em tora para outras finalidades;True;2025
3146107;MG;1456.0;;18920.0;1.1 - Carvão vegetal;True;2025
3146206;MG;1092.0;;;;False;2025
3146255;MG;770.0;;1273.0;1.1 - Carvão vegetal;True;2025
3146305;MG;1554.0;;1070.0;1.1 - Carvão vegetal;True;2025
3146404;MG;952.0;;35881.0;1.1 - Carvão vegetal;True;2025
3146503;MG;640.0;;2605.0;1.1 - Carvão vegetal;True;2025
3146552;MG;2396.0;;;;False;2025
3146602;MG;276.0;;490.0;1.3.2 - Madeira em tora para outras finalidades;True;2025
3146701;MG;1270.0;;192.0;1.3.2 - Madeira em tora para outras finalidades;True;2025
3146750;MG;1294.0;;;;False;2025
3146909;MG;616.0;;30489.0;1.1 - Carvão vegetal;True;2025
3147006;MG;4436.0;;102761.0;1.1 - Carvão vegetal;True;2025
3147105;MG;1590.0;;3593.0;1.1 - Carvão vegetal;True;2025
3147204;MG;2690.0;;2067.0;1.3.2 - Madeira em tora para outras finalidades;True;2025
3147303;MG;2204.0;;710.0;1.3.2 - Madeira em tora para outras finalidades;True;2025
3147402;MG;792.0;;89105.0;1.1 - Carvão vegetal;True;2025
3147501;MG;310.0;;733.0;1.1 - Carvão vegetal;True;2025
3147600;MG;700.0;;1713.0;1.2 - Lenha;True;2025
3147709;MG;1148.0;;5070.0;1.1 - Carvão vegetal;True;2025
3147808;MG;432.0;;1238.0;1.3.2 - Madeira em tora para outras finalidades;True;2025
3147907;MG;3056.0;;4363.0;1.3.2 - Madeira em tora para outras finalidades;True;2025
3147956;MG;778.0;;246.0;1.3.2 - Madeira em tora para outras finalidades;True;2025
3148004;MG;7558.0;;31423.0;1.1 - Carvão vegetal;True;2025
3148103;MG;5620.0;;2864.0;1.1 - Carvão vegetal;True;2025
3148202;MG;1398.0;;43.0;1.3.2 - Madeira em tora para outras finalidades;True;2025
3148301;MG;1768.0;;4402.0;1.1 - Carvão vegetal;True;2025
3148400;MG;536.0;;738.0;1.3.2 - Madeira em tora para outras finalidades;True;2025
3148509;MG;1076.0;;268.0;1.2 - Lenha;True;2025
3148608;MG;2522.0;;83139.0;1.3.1 - Madeira em tora para papel e celulose;True;2025
3148707;MG;1342.0;;5961.0;1.1 - Carvão vegetal;True;2025
3148756;MG;2706.0;;59.0;1.3.2 - Madeira em tora para outras finalidades;True;2025
3148806;MG;896.0;;1202.0;1.1 - Carvão vegetal;True;2025
3148905;MG;1156.0;;5428.0;1.1 - Carvão vegetal;True;2025
3149002;MG;518.0;;272.0;1.2 - Lenha;True;2025
3149101;MG;1740.0;;49.0;1.2 - Lenha;True;2025
3149150;MG;2048.0;;;;False;2025
3149200;MG;352.0;;218.0;1.2 - Lenha;True;2025
3149309;MG;368.0;;105.0;1.2 - Lenha;True;2025
3149408;MG;330.0;;634.0;1.3.2 - Madeira em tora para outras finalidades;True;2025
3149507;MG;214.0;;784.0;1.3.2 - Madeira em tora para outras finalidades;True;2025
3149606;MG;488.0;;288.0;1.2 - Lenha;True;2025
3149705;MG;814.0;;4299.0;1.1 - Carvão vegetal;True;2025
3149804;MG;2638.0;;3040.0;1.3.2 - Madeira em tora para outras finalidades;True;2025
3149903;MG;1406.0;;685.0;1.3.2 - Madeira em tora para outras finalidades;True;2025
3149952;MG;320.0;;1952.0;1.3.1 - Madeira em tora para papel e celulose;True;2025
3150000;MG;334.0;;;;False;2025
3150109;MG;560.0;;536.0;1.3.2 - Madeira em tora para outras finalidades;True;2025
3150158;MG;1066.0;;2856.0;1.3.1 - Madeira em tora para papel e celulose;True;2025
3150208;MG;222.0;;;;False;2025
3150307;MG;408.0;;4899.0;1.1 - Carvão vegetal;True;2025
3150406;MG;1400.0;;935.0;1.3.2 - Madeira em tora para outras finalidades;True;2025
3150505;MG;1258.0;;1999.0;1.1 - Carvão vegetal;True;2025
3150539;MG;216.0;;370.0;1.3.1 - Madeira em tora para papel e celulose;True;2025
3150570;MG;2290.0;;3425.0;1.1 - Carvão vegetal;True;2025
3150604;MG;964.0;;996.0;1.1 - Carvão vegetal;True;2025
3150703;MG;158.0;;499.0;1.2 - Lenha;True;2025
3150802;MG;4648.0;;19891.0;1.1 - Carvão vegetal;True;2025
3150901;MG;1102.0;;158.0;1.2 - Lenha;True;2025
3151008;MG;852.0;;88.0;1.3.2 - Madeira em tora para outras finalidades;True;2025
3151107;MG;422.0;;120.0;1.2 - Lenha;True;2025
3151206;MG;538.0;;8666.0;1.1 - Carvão vegetal;True;2025
3151305;MG;846.0;;427.0;1.3.2 - Madeira em tora para outras finalidades;True;2025
3151404;MG;988.0;;18359.0;1.1 - Carvão vegetal;True;2025
3151503;MG;1856.0;;9695.0;1.1 - Carvão vegetal;True;2025
3151602;MG;224.0;;;;False;2025
3151701;MG;3944.0;;437.0;1.3.2 - Madeira em tora para outras finalidades;True;2025
3151800;MG;592.0;;11793.0;1.2 - Lenha;True;2025
3151909;MG;1980.0;;384.0;1.2 - Lenha;True;2025
3152006;MG;1630.0;;258552.0;1.1 - Carvão vegetal;True;2025
3152105;MG;2012.0;;7481.0;1.3.2 - Madeira em tora para outras finalidades;True;2025
3152131;MG;496.0;;;;False;2025
3152170;MG;2106.0;;31895.0;1.3.1 - Madeira em tora para papel e celulose;True;2025
3152204;MG;6482.0;;;;False;2025
3152303;MG;2246.0;;12052.0;1.1 - Carvão vegetal;True;2025
3152402;MG;2112.0;;1514.0;1.1 - Carvão vegetal;True;2025
3152501;MG;3908.0;;822.0;1.3.2 - Madeira em tora para outras finalidades;True;2025
3152600;MG;1096.0;;665.0;1.3.2 - Madeira em tora para outras finalidades;True;2025
3152709;MG;688.0;;8175.0;1.1 - Carvão vegetal;True;2025
3152808;MG;3586.0;;100125.0;1.3.2 - Madeira em tora para outras finalidades;True;2025
3152907;MG;902.0;;1975.0;1.3.1 - Madeira em tora para papel e celulose;True;2025
3153004;MG;942.0;;3489.0;1.1 - Carvão vegetal;True;2025
3153103;MG;1750.0;;6282.0;1.1 - Carvão vegetal;True;2025
3153202;MG;334.0;;1250.0;1.1 - Carvão vegetal;True;2025
3153301;MG;214.0;;1784.0;1.1 - Carvão vegetal;True;2025
3153400;MG;4812.0;;30812.0;1.1 - Carvão vegetal;True;2025
3153509;MG;1358.0;;195.0;1.2 - Lenha;True;2025
3153608;MG;116.0;;386.0;1.1 - Carvão vegetal;True;2025
3153707;MG;736.0;;63157.0;1.1 - Carvão vegetal;True;2025
3153806;MG;386.0;;1721.0;1.1 - Carvão vegetal;True;2025
3153905;MG;36.0;;53.0;1.3.2 - Madeira em tora para outras finalidades;True;2025
3154002;MG;4664.0;;2761.0;1.3.1 - Madeira em tora para papel e celulose;True;2025
3154101;MG;506.0;;1125.0;1.1 - Carvão vegetal;True;2025
3154150;MG;786.0;;355.0;1.1 - Carvão vegetal;True;2025
3154200;MG;1870.0;;33396.0;1.1 - Carvão vegetal;True;2025
3154309;MG;1890.0;;71.0;1.3.2 - Madeira em tora para outras finalidades;True;2025
3154408;MG;724.0;;10190.0;1.1 - Carvão vegetal;True;2025
3154457;MG;1988.0;;12788.0;1.1 - Carvão vegetal;True;2025
3154507;MG;2460.0;;47878.0;1.1 - Carvão vegetal;True;2025
3154606;MG;284.0;;;;False;2025
3154705;MG;188.0;;95.0;1.3.2 - Madeira em tora para outras finalidades;True;2025
3154804;MG;194.0;;1386.0;1.1 - Carvão vegetal;True;2025
3154903;MG;850.0;;875.0;1.3.1 - Madeira em tora para papel e celulose;True;2025
3155009;MG;388.0;;491.0;1.3.2 - Madeira em tora para outras finalidades;True;2025
3155108;MG;550.0;;78.0;1.3.2 - Madeira em tora para outras finalidades;True;2025
3155207;MG;2256.0;;4348.0;1.1 - Carvão vegetal;True;2025
3155306;MG;778.0;;293.0;1.3.2 - Madeira em tora para outras finalidades;True;2025
3155405;MG;440.0;;673.0;1.2 - Lenha;True;2025
3155504;MG;2160.0;;915.0;1.3.2 - Madeira em tora para outras finalidades;True;2025
3155603;MG;6858.0;;156961.0;1.1 - Carvão vegetal;True;2025
3155702;MG;822.0;;17422.0;1.1 - Carvão vegetal;True;2025
3155801;MG;1062.0;;311.0;1.3.2 - Madeira em tora para outras finalidades;True;2025
3155900;MG;594.0;;222.0;1.3.2 - Madeira em tora para outras finalidades;True;2025
3156007;MG;2176.0;;1689.0;1.1 - Carvão vegetal;True;2025
3156106;MG;734.0;;13511.0;1.1 - Carvão vegetal;True;2025
3156205;MG;142.0;;196.0;1.2 - Lenha;True;2025
3156304;MG;246.0;;305.0;1.3.2 - Madeira em tora para outras finalidades;True;2025
3156403;MG;392.0;;9204.0;1.3.1 - Madeira em tora para papel e celulose;True;2025
3156452;MG;798.0;;245.0;1.3.2 - Madeira em tora para outras finalidades;True;2025
3156502;MG;2438.0;;4843.0;1.1 - Carvão vegetal;True;2025
3156601;MG;1496.0;;;;False;2025
3156700;MG;458.0;;136.0;1.2 - Lenha;True;2025
3156809;MG;2600.0;;33132.0;1.3.1 - Madeira em tora para papel e celulose;True;2025
3156908;MG;2624.0;;50159.0;1.3.1 - Madeira em tora para papel e celulose;True;2025
3157005;MG;3940.0;;4101.0;1.1 - Carvão vegetal;True;2025
3157104;MG;650.0;;;;False;2025
3157203;MG;594.0;;20933.0;1.1 - Carvão vegetal;True;2025
3157252;MG;1946.0;;107.0;1.3.1 - Madeira em tora para papel e celulose;True;2025
3157278;MG;582.0;;6492.0;1.3.2 - Madeira em tora para outras finalidades;True;2025
3157302;MG;1052.0;;388.0;1.2 - Lenha;True;2025
3157336;MG;2.0;;;;False;2025
3157377;MG;1754.0;;4295.0;1.1 - Carvão vegetal;True;2025
3157401;MG;804.0;;153.0;1.3.2 - Madeira em tora para outras finalidades;True;2025
3157500;MG;402.0;;2423.0;1.3.1 - Madeira em tora para papel e celulose;True;2025
3157609;MG;1000.0;;37063.0;1.1 - Carvão vegetal;True;2025
3157658;MG;586.0;;;;False;2025
3157708;MG;734.0;;373.0;1.3.2 - Madeira em tora para outras finalidades;True;2025
3157807;MG;440.0;;;;False;2025
3157906;MG;4136.0;;260.0;1.2 - Lenha;True;2025
3158003;MG;1246.0;;9753.0;1.1 - Carvão vegetal;True;2025
3158102;MG;678.0;;;;False;2025
3158201;MG;1388.0;;2379.0;1.1 - Carvão vegetal;True;2025
3158300;MG;726.0;;595.0;1.3.2 - Madeira em tora para outras finalidades;True;2025
3158409;MG;900.0;;923.0;1.2 - Lenha;True;2025
3158508;MG;2246.0;;820.0;1.1 - Carvão vegetal;True;2025
3158607;MG;138.0;;770.0;1.3.2 - Madeira em tora para outras finalidades;True;2025
3158706;MG;310.0;;13221.0;1.1 - Carvão vegetal;True;2025
3158805;MG;258.0;;216.0;1.3.2 - Madeira em tora para outras finalidades;True;2025
3158904;MG;2430.0;;200.0;1.3.2 - Madeira em tora para outras finalidades;True;2025
3158953;MG;430.0;;842.0;1.3.1 - Madeira em tora para papel e celulose;True;2025
3159001;MG;480.0;;;;False;2025
3159100;MG;918.0;;812.0;1.1 - Carvão vegetal;True;2025
3159209;MG;2232.0;;444.0;1.2 - Lenha;True;2025
3159308;MG;966.0;;;;False;2025
3159357;MG;526.0;;70.0;1.2 - Lenha;True;2025
3159407;MG;776.0;;17113.0;1.1 - Carvão vegetal;True;2025
3159506;MG;1462.0;;;;False;2025
3159605;MG;1796.0;;1590.0;1.3.2 - Madeira em tora para outras finalidades;True;2025
3159704;MG;852.0;;298.0;1.3.2 - Madeira em tora para outras finalidades;True;2025
3159803;MG;1944.0;;;;False;2025
3159902;MG;1058.0;;13046.0;1.1 - Carvão vegetal;True;2025
3160009;MG;628.0;;1040.0;1.3.2 - Madeira em tora para outras finalidades;True;2025
3160108;MG;478.0;;680.0;1.3.2 - Madeira em tora para outras finalidades;True;2025
3160207;MG;384.0;;1940.0;1.1 - Carvão vegetal;True;2025
3160306;MG;2198.0;;30.0;1.3.2 - Madeira em tora para outras finalidades;True;2025
3160405;MG;2682.0;;10280.0;1.3.2 - Madeira em tora para outras finalidades;True;2025
3160454;MG;1748.0;;4687.0;1.1 - Carvão vegetal;True;2025
3160504;MG;312.0;;;;False;2025
3160603;MG;308.0;;1130.0;1.3.2 - Madeira em tora para outras finalidades;True;2025
3160702;MG;1082.0;;4514.0;1.1 - Carvão vegetal;True;2025
3160801;MG;144.0;;5606.0;1.1 - Carvão vegetal;True;2025
3160900;MG;268.0;;1191.0;1.1 - Carvão vegetal;True;2025
3160959;MG;1250.0;;;;False;2025
3161007;MG;2330.0;;15460.0;1.1 - Carvão vegetal;True;2025
3161056;MG;604.0;;13.0;1.2 - Lenha;True;2025
3161106;MG;8414.0;;;;False;2025
3161205;MG;920.0;;531.0;1.3.2 - Madeira em tora para outras finalidades;True;2025
3161304;MG;912.0;;;;False;2025
3161403;MG;816.0;;219.0;1.3.2 - Madeira em tora para outras finalidades;True;2025
3161502;MG;920.0;;3372.0;1.3.2 - Madeira em tora para outras finalidades;True;2025
3161601;MG;600.0;;214.0;1.3.2 - Madeira em tora para outras finalidades;True;2025
3161650;MG;592.0;;53.0;1.2 - Lenha;True;2025
3161700;MG;792.0;;129744.0;1.1 - Carvão vegetal;True;2025
3161809;MG;780.0;;1108.0;1.2 - Lenha;True;2025
3161908;MG;890.0;;16162.0;1.3.1 - Madeira em tora para papel e celulose;True;2025
3162005;MG;1152.0;;1951.0;1.1 - Carvão vegetal;True;2025
3162104;MG;1996.0;;756.0;1.3.2 - Madeira em tora para outras finalidades;True;2025
3162203;MG;708.0;;233.0;1.3.2 - Madeira em tora para outras finalidades;True;2025
3162252;MG;1558.0;;22052.0;1.1 - Carvão vegetal;True;2025
3162302;MG;614.0;;;;False;2025
3162401;MG;6622.0;;9779.0;1.1 - Carvão vegetal;True;2025
3162450;MG;2410.0;;;;False;2025
3162500;MG;1906.0;;46294.0;1.1 - Carvão vegetal;True;2025
3162559;MG;1828.0;;66.0;1.2 - Lenha;True;2025
3162575;MG;472.0;;35.0;1.3.2 - Madeira em tora para outras finalidades;True;2025
3162609;MG;630.0;;;;False;2025
3162658;MG;916.0;;163.0;1.3.2 - Madeira em tora para outras finalidades;True;2025
3162708;MG;5390.0;;182784.0;1.1 - Carvão vegetal;True;2025
3162807;MG;1318.0;;5831.0;1.1 - Carvão vegetal;True;2025
3162906;MG;1224.0;;745.0;1.3.2 - Madeira em tora para outras finalidades;True;2025
3162922;MG;240.0;;;;False;2025
3162948;MG;894.0;;400.0;1.3.2 - Madeira em tora para outras finalidades;True;2025
3162955;MG;62.0;;;;False;2025
3163003;MG;162.0;;340.0;1.3.2 - Madeira em tora para outras finalidades;True;2025
3163102;MG;516.0;;345.0;1.2 - Lenha;True;2025
3163201;MG;474.0;;;;False;2025
3163300;MG;674.0;;;;False;2025
3163409;MG;874.0;;2210.0;1.1 - Carvão vegetal;True;2025
3163508;MG;1302.0;;2402.0;1.3.1 - Madeira em tora para papel e celulose;True;2025
3163607;MG;592.0;;54.0;1.2 - Lenha;True;2025
3163706;MG;152.0;;102.0;1.3.2 - Madeira em tora para outras finalidades;True;2025
3163805;MG;1692.0;;1802.0;1.1 - Carvão vegetal;True;2025
3163904;MG;2098.0;;910.0;1.3.2 - Madeira em tora para outras finalidades;True;2025
3164001;MG;738.0;;813.0;1.3.2 - Madeira em tora para outras finalidades;True;2025
3164100;MG;750.0;;2048.0;1.1 - Carvão vegetal;True;2025
3164209;MG;1450.0;;;;False;2025
3164308;MG;2110.0;;7005.0;1.1 - Carvão vegetal;True;2025
3164407;MG;550.0;;262.0;1.3.2 - Madeira em tora para outras finalidades;True;2025
3164431;MG;1032.0;;308.0;1.3.2 - Madeira em tora para outras finalidades;True;2025
3164472;MG;1198.0;;131.0;1.2 - Lenha;True;2025
3164506;MG;2310.0;;1284.0;1.1 - Carvão vegetal;True;2025
3164605;MG;1596.0;;6522.0;1.3.2 - Madeira em tora para outras finalidades;True;2025
3164704;MG;2230.0;;3271.0;1.3.1 - Madeira em tora para papel e celulose;True;2025
3164803;MG;522.0;;365.0;1.3.2 - Madeira em tora para outras finalidades;True;2025
3164902;MG;560.0;;;;False;2025
3165008;MG;1816.0;;8733.0;1.1 - Carvão vegetal;True;2025
3165107;MG;888.0;;445.0;1.3.2 - Madeira em tora para outras finalidades;True;2025
3165206;MG;864.0;;3902.0;1.1 - Carvão vegetal;True;2025
3165305;MG;452.0;;15379.0;1.1 - Carvão vegetal;True;2025
3165404;MG;578.0;;9263.0;1.3.1 - Madeira em tora para papel e celulose;True;2025
3165503;MG;626.0;;6469.0;1.3.1 - Madeira em tora para papel e celulose;True;2025
3165537;MG;144.0;;;;False;2025
3165552;MG;2558.0;;6084.0;1.1 - Carvão vegetal;True;2025
3165560;MG;842.0;;368.0;1.3.2 - Madeira em tora para outras finalidades;True;2025
3165578;MG;1180.0;;245.0;1.3.2 - Madeira em tora para outras finalidades;True;2025
3165602;MG;230.0;;286.0;1.3.2 - Madeira em tora para outras finalidades;True;2025
3165701;MG;452.0;;1718.0;1.1 - Carvão vegetal;True;2025
3165800;MG;544.0;;;;False;2025
3165909;MG;1542.0;;28979.0;1.1 - Carvão vegetal;True;2025
3166006;MG;614.0;;5426.0;1.1 - Carvão vegetal;True;2025
3166105;MG;572.0;;606.0;1.3.2 - Madeira em tora para outras finalidades;True;2025
3166204;MG;2200.0;;300.0;1.3.2 - Madeira em tora para outras finalidades;True;2025
3166303;MG;1532.0;;341.0;1.3.2 - Madeira em tora para outras finalidades;True;2025
3166402;MG;212.0;;3507.0;1.1 - Carvão vegetal;True;2025
3166501;MG;708.0;;85.0;1.3.2 - Madeira em tora para outras finalidades;True;2025
3166600;MG;312.0;;144.0;1.3.2 - Madeira em tora para outras finalidades;True;2025
3166709;MG;200.0;;121.0;1.3.2 - Madeira em tora para outras finalidades;True;2025
3166808;MG;1836.0;;930.0;1.3.2 - Madeira em tora para outras finalidades;True;2025
3166907;MG;454.0;;531.0;1.3.2 - Madeira em tora para outras finalidades;True;2025
3166956;MG;1426.0;;641.0;1.1 - Carvão vegetal;True;2025
3167004;MG;342.0;;2580.0;2.3 - Resina;True;2025
3167103;MG;3366.0;;3665.0;1.1 - Carvão vegetal;True;2025
3167202;MG;1302.0;;19370.0;1.1 - Carvão vegetal;True;2025
3167301;MG;472.0;;1346.0;1.1 - Carvão vegetal;True;2025
3167400;MG;2106.0;;763.0;1.3.2 - Madeira em tora para outras finalidades;True;2025
3167509;MG;128.0;;917.0;1.3.2 - Madeira em tora para outras finalidades;True;2025
3167608;MG;4862.0;;535.0;1.3.2 - Madeira em tora para outras finalidades;True;2025
3167707;MG;834.0;;;;False;2025
3167806;MG;994.0;;803.0;1.3.2 - Madeira em tora para outras finalidades;True;2025
3167905;MG;544.0;;233.0;1.3.2 - Madeira em tora para outras finalidades;True;2025
3168002;MG;2320.0;;50040.0;1.1 - Carvão vegetal;True;2025
3168051;MG;666.0;;293.0;1.3.2 - Madeira em tora para outras finalidades;True;2025
3168101;MG;894.0;;1596.0;1.1 - Carvão vegetal;True;2025
3168200;MG;656.0;;5046.0;1.1 - Carvão vegetal;True;2025
3168309;MG;406.0;;312.0;1.3.2 - Madeira em tora para outras finalidades;True;2025
3168408;MG;1910.0;;;;False;2025
3168507;MG;1444.0;;1286.0;1.1 - Carvão vegetal;True;2025
3168606;MG;5434.0;;2979.0;1.1 - Carvão vegetal;True;2025
3168705;MG;140.0;;;;False;2025
3168804;MG;206.0;;235.0;1.3.2 - Madeira em tora para outras finalidades;True;2025
3168903;MG;2220.0;;28416.0;1.1 - Carvão vegetal;True;2025
3169000;MG;1138.0;;548.0;1.3.2 - Madeira em tora para outras finalidades;True;2025
3169059;MG;1234.0;;;;False;2025
3169109;MG;1046.0;;3329.0;1.1 - Carvão vegetal;True;2025
3169208;MG;1172.0;;189.0;1.2 - Lenha;True;2025
3169307;MG;1718.0;;1543.0;1.1 - Carvão vegetal;True;2025
3169356;MG;696.0;;206263.0;1.1 - Carvão vegetal;True;2025
3169406;MG;2182.0;;4384.0;1.3.1 - Madeira em tora para papel e celulose;True;2025
3169505;MG;922.0;;;;False;2025
3169604;MG;1284.0;;560.0;1.2 - Lenha;True;2025
3169703;MG;2494.0;;175748.0;1.1 - Carvão vegetal;True;2025
3169802;MG;1118.0;;225.0;1.3.2 - Madeira em tora para outras finalidades;True;2025
3169901;MG;1082.0;;2818.0;1.1 - Carvão vegetal;True;2025
3170008;MG;2048.0;;736.0;1.2 - Lenha;True;2025
3170057;MG;2036.0;;249.0;1.3.2 - Madeira em tora para outras finalidades;True;2025
3170107;MG;4146.0;;118616.0;1.3.2 - Madeira em tora para outras finalidades;True;2025
3170206;MG;5412.0;;42411.0;1.3.1 - Madeira em tora para papel e celulose;True;2025
3170305;MG;334.0;;4379.0;1.3.1 - Madeira em tora para papel e celulose;True;2025
3170404;MG;7698.0;;11557.0;1.1 - Carvão vegetal;True;2025
3170438;MG;1022.0;;24.0;1.2 - Lenha;True;2025
3170479;MG;958.0;;152.0;1.2 - Lenha;True;2025
3170503;MG;466.0;;;;False;2025
3170529;MG;2668.0;;12719.0;1.1 - Carvão vegetal;True;2025
3170578;MG;538.0;;1227.0;1.3.1 - Madeira em tora para papel e celulose;True;2025
3170602;MG;362.0;;788.0;1.3.2 - Madeira em tora para outras finalidades;True;2025
3170651;MG;1034.0;;21899.0;1.1 - Carvão vegetal;True;2025
3170701;MG;924.0;;916.0;1.3.2 - Madeira em tora para outras finalidades;True;2025
3170750;MG;646.0;;572.0;1.2 - Lenha;True;2025
3170800;MG;1532.0;;115847.0;1.1 - Carvão vegetal;True;2025
3170909;MG;2278.0;;;;False;2025
3171006;MG;1980.0;;152428.0;1.1 - Carvão vegetal;True;2025
3171030;MG;1490.0;;;;False;2025
3171071;MG;1368.0;;76394.0;1.1 - Carvão vegetal;True;2025
3171105;MG;1046.0;;95341.0;1.3.1 - Madeira em tora para papel e celulose;True;2025
3171154;MG;1464.0;;158.0;1.2 - Lenha;True;2025
3171204;MG;74.0;;;;False;2025
3171303;MG;1818.0;;4676.0;1.1 - Carvão vegetal;True;2025
3171402;MG;1190.0;;245.0;1.3.2 - Madeira em tora para outras finalidades;True;2025
3171501;MG;168.0;;;;False;2025
3171600;MG;2216.0;;2220.0;1.3.2 - Madeira em tora para outras finalidades;True;2025
3171709;MG;2292.0;;2664.0;1.1 - Carvão vegetal;True;2025
3171808;MG;1058.0;;12706.0;1.3.1 - Madeira em tora para papel e celulose;True;2025
3171907;MG;730.0;;1659.0;1.3.1 - Madeira em tora para papel e celulose;True;2025
3172004;MG;1600.0;;460.0;1.3.2 - Madeira em tora para outras finalidades;True;2025
3172103;MG;262.0;;405.0;1.3.2 - Madeira em tora para outras finalidades;True;2025
3172202;MG;346.0;;651.0;1.3.2 - Madeira em tora para outras finalidades;True;2025
3200102;ES;6272.0;;6113.0;1.2 - Lenha;True;2025
3200136;ES;3078.0;;55.0;1.1 - Carvão vegetal;True;2025
3200169;ES;2700.0;;6.0;1.2 - Lenha;True;2025
3200201;ES;4636.0;;1373.0;1.3.1 - Madeira em tora para papel e celulose;True;2025
3200300;ES;3598.0;;3033.0;1.3.2 - Madeira em tora para outras finalidades;True;2025
3200359;ES;1706.0;;1399.0;1.3.1 - Madeira em tora para papel e celulose;True;2025
3200409;ES;1808.0;;33.0;1.2 - Lenha;True;2025
3200508;ES;1348.0;;76.0;1.2 - Lenha;True;2025
3200607;ES;2072.0;;94440.0;1.3.1 - Madeira em tora para papel e celulose;True;2025
3200706;ES;1002.0;;143.0;1.3.2 - Madeira em tora para outras finalidades;True;2025
3200805;ES;2432.0;;3502.0;1.3.2 - Madeira em tora para outras finalidades;True;2025
3200904;ES;5496.0;;4.0;1.2 - Lenha;True;2025
3201001;ES;2078.0;;4617.0;1.3.1 - Madeira em tora para papel e celulose;True;2025
3201100;ES;384.0;;35.0;1.3.2 - Madeira em tora para outras finalidades;True;2025
3201159;ES;1724.0;;4027.0;1.3.2 - Madeira em tora para outras finalidades;True;2025
3201209;ES;3936.0;;129.0;1.3.2 - Madeira em tora para outras finalidades;True;2025
3201308;ES;930.0;;53.0;1.3.2 - Madeira em tora para outras finalidades;True;2025
3201407;ES;4920.0;;617.0;1.3.1 - Madeira em tora para papel e celulose;True;2025
3201506;ES;4818.0;;6435.0;1.3.2 - Madeira em tora para outras finalidades;True;2025
3201605;ES;1292.0;;77877.0;1.3.1 - Madeira em tora para papel e celulose;True;2025
3201704;ES;2092.0;;4910.0;2.3 - Resina;True;2025
3201803;ES;1314.0;;37.0;1.3.2 - Madeira em tora para outras finalidades;True;2025
3201902;ES;9022.0;;22938.0;1.3.2 - Madeira em tora para outras finalidades;True;2025
3202009;ES;1324.0;;1268.0;1.3.2 - Madeira em tora para outras finalidades;True;2025
3202108;ES;4016.0;;11450.0;1.3.1 - Madeira em tora para papel e celulose;True;2025
3202207;ES;910.0;;3543.0;1.3.2 - Madeira em tora para outras finalidades;True;2025
3202256;ES;2254.0;;116.0;1.3.2 - Madeira em tora para outras finalidades;True;2025
3202306;ES;2984.0;;1831.0;1.3.2 - Madeira em tora para outras finalidades;True;2025
3202405;ES;1544.0;;227.0;1.3.2 - Madeira em tora para outras finalidades;True;2025
3202454;ES;3678.0;;239.0;1.3.1 - Madeira em tora para papel e celulose;True;2025
3202504;ES;764.0;;4368.0;1.3.2 - Madeira em tora para outras finalidades;True;2025
3202553;ES;2234.0;;1086.0;1.3.2 - Madeira em tora para outras finalidades;True;2025
3202603;ES;2046.0;;22.0;1.2 - Lenha;True;2025
3202652;ES;2294.0;;2612.0;1.3.2 - Madeira em tora para outras finalidades;True;2025
3202702;ES;3252.0;;255.0;1.3.2 - Madeira em tora para outras finalidades;True;2025
3202801;ES;1994.0;;88.0;1.2 - Lenha;True;2025
3202900;ES;2442.0;;330.0;1.3.2 - Madeira em tora para outras finalidades;True;2025
3203007;ES;4282.0;;704.0;1.3.2 - Madeira em tora para outras finalidades;True;2025
3203056;ES;3032.0;;7594.0;1.3.1 - Madeira em tora para papel e celulose;True;2025
3203106;ES;1594.0;;39.0;1.2 - Lenha;True;2025
3203130;ES;752.0;;4112.0;1.3.2 - Madeira em tora para outras finalidades;True;2025
3203163;ES;3870.0;;114.0;1.3.2 - Madeira em tora para outras finalidades;True;2025
3203205;ES;4682.0;;49503.0;1.3.1 - Madeira em tora para papel e celulose;True;2025
3203304;ES;2780.0;;;;False;2025
3203320;ES;2798.0;;164.0;1.3.2 - Madeira em tora para outras finalidades;True;2025
3203346;ES;1832.0;;3987.0;1.3.2 - Madeira em tora para outras finalidades;True;2025
3203353;ES;1608.0;;1852.0;1.3.2 - Madeira em tora para outras finalidades;True;2025
3203403;ES;6400.0;;781.0;1.3.2 - Madeira em tora para outras finalidades;True;2025
3203502;ES;2032.0;;43352.0;1.3.1 - Madeira em tora para papel e celulose;True;2025
3203601;ES;1224.0;;7490.0;1.3.1 - Madeira em tora para papel e celulose;True;2025
3203700;ES;4758.0;;2611.0;1.3.2 - Madeira em tora para outras finalidades;True;2025
3203809;ES;2502.0;;15.0;1.2 - Lenha;True;2025
3203908;ES;6180.0;;8398.0;1.3.1 - Madeira em tora para papel e celulose;True;2025
3204005;ES;4000.0;;599.0;1.3.1 - Madeira em tora para papel e celulose;True;2025
3204054;ES;868.0;;13000.0;1.3.1 - Madeira em tora para papel e celulose;True;2025
3204104;ES;2020.0;;64481.0;1.3.1 - Madeira em tora para papel e celulose;True;2025
3204203;ES;320.0;;4.0;1.3.2 - Madeira em tora para outras finalidades;True;2025
3204252;ES;788.0;;;;False;2025
3204302;ES;1398.0;;2464.0;1.3.2 - Madeira em tora para outras finalidades;True;2025
3204351;ES;3864.0;;602.0;1.1 - Carvão vegetal;True;2025
3204401;ES;1346.0;;33.0;1.3.2 - Madeira em tora para outras finalidades;True;2025
3204500;ES;4592.0;;343.0;1.3.2 - Madeira em tora para outras finalidades;True;2025
3204559;ES;10366.0;;1063.0;1.3.2 - Madeira em tora para outras finalidades;True;2025
3204609;ES;4024.0;;3250.0;1.3.2 - Madeira em tora para outras finalidades;True;2025
3204658;ES;2270.0;;3731.0;1.3.2 - Madeira em tora para outras finalidades;True;2025
3204708;ES;3464.0;;2817.0;1.3.2 - Madeira em tora para outras finalidades;True;2025
3204807;ES;1574.0;;214.0;1.3.2 - Madeira em tora para outras finalidades;True;2025
3204906;ES;8378.0;;104731.0;1.3.1 - Madeira em tora para papel e celulose;True;2025
3204955;ES;2058.0;;2.0;1.2 - Lenha;True;2025
3205002;ES;538.0;;;;False;2025
3205010;ES;1312.0;;17406.0;1.3.1 - Madeira em tora para papel e celulose;True;2025
3205036;ES;2510.0;;1821.0;1.3.2 - Madeira em tora para outras finalidades;True;2025
3205069;ES;1430.0;;545.0;1.3.2 - Madeira em tora para outras finalidades;True;2025
3205101;ES;1248.0;;199.0;1.3.2 - Madeira em tora para outras finalidades;True;2025
3205150;ES;2894.0;;0.0;;True;2025
3205176;ES;3592.0;;222.0;1.2 - Lenha;True;2025
3205200;ES;422.0;;34.0;1.3.2 - Madeira em tora para outras finalidades;True;2025
3205309;ES;32.0;;;;False;2025
3300100;RJ;840.0;;;;False;2025
3300159;RJ;576.0;;;;False;2025
3300209;RJ;1660.0;;2969.0;1.2 - Lenha;True;2025
3300225;RJ;168.0;;;;False;2025
3300233;RJ;40.0;;;;False;2025
3300258;RJ;14.0;;;;False;2025
3300308;RJ;696.0;;3259.0;1.3.2 - Madeira em tora para outras finalidades;True;2025
3300407;RJ;1520.0;;1266.0;1.3.2 - Madeira em tora para outras finalidades;True;2025
3300456;RJ;34.0;;;;False;2025
3300506;RJ;2012.0;;21.0;1.3.2 - Madeira em tora para outras finalidades;True;2025
3300605;RJ;2222.0;;181.0;1.2 - Lenha;True;2025
3300704;RJ;698.0;;679.0;1.3.2 - Madeira em tora para outras finalidades;True;2025
3300803;RJ;4324.0;;840.0;1.3.2 - Madeira em tora para outras finalidades;True;2025
3300902;RJ;2302.0;;;;False;2025
3300936;RJ;1098.0;;542.0;1.3.2 - Madeira em tora para outras finalidades;True;2025
3300951;RJ;172.0;;;;False;2025
3301009;RJ;15578.0;;485.0;1.3.2 - Madeira em tora para outras finalidades;True;2025
3301108;RJ;1884.0;;44.0;1.1 - Carvão vegetal;True;2025
3301157;RJ;1176.0;;;;False;2025
3301207;RJ;952.0;;;;False;2025
3301306;RJ;582.0;;653.0;1.3.2 - Madeira em tora para outras finalidades;True;2025
3301405;RJ;670.0;;630.0;1.2 - Lenha;True;2025
3301504;RJ;368.0;;10.0;1.2 - Lenha;True;2025
3301603;RJ;1140.0;;4786.0;1.2 - Lenha;True;2025
3301702;RJ;776.0;;;;False;2025
3301801;RJ;134.0;;340.0;1.2 - Lenha;True;2025
3301850;RJ;516.0;;;;False;2025
3301876;RJ;132.0;;;;False;2025
3301900;RJ;896.0;;120.0;1.2 - Lenha;True;2025
3302007;RJ;868.0;;;;False;2025
3302056;RJ;818.0;;;;False;2025
3302106;RJ;2994.0;;;;False;2025
3302205;RJ;3192.0;;555.0;1.3.2 - Madeira em tora para outras finalidades;True;2025
3302254;RJ;144.0;;;;False;2025
3302270;RJ;568.0;;;;False;2025
3302304;RJ;698.0;;4.0;1.2 - Lenha;True;2025
3302403;RJ;1772.0;;;;False;2025
3302452;RJ;146.0;;2.0;1.2 - Lenha;True;2025
3302502;RJ;2080.0;;;;False;2025
3302601;RJ;560.0;;;;False;2025
3302700;RJ;588.0;;;;False;2025
3302809;RJ;82.0;;53.0;1.3.2 - Madeira em tora para outras finalidades;True;2025
3302858;RJ;112.0;;;;False;2025
3302908;RJ;406.0;;1811.0;1.3.2 - Madeira em tora para outras finalidades;True;2025
3303005;RJ;774.0;;220.0;1.2 - Lenha;True;2025
3303104;RJ;1406.0;;17.0;1.2 - Lenha;True;2025
3303203;RJ;;;;;False;2025
3303302;RJ;44.0;;;;False;2025
3303401;RJ;4114.0;;490.0;1.3.2 - Madeira em tora para outras finalidades;True;2025
3303500;RJ;1152.0;;;;False;2025
3303609;RJ;748.0;;;;False;2025
3303708;RJ;628.0;;;;False;2025
3303807;RJ;1202.0;;;;False;2025
3303856;RJ;1468.0;;1132.0;1.3.2 - Madeira em tora para outras finalidades;True;2025
3303906;RJ;1536.0;;;;False;2025
3303955;RJ;224.0;;;;False;2025
3304003;RJ;1192.0;;;;False;2025
3304102;RJ;2182.0;;;;False;2025
3304110;RJ;104.0;;;;False;2025
3304128;RJ;782.0;;50.0;1.2 - Lenha;True;2025
3304144;RJ;276.0;;;;False;2025
3304151;RJ;610.0;;700.0;1.3.2 - Madeira em tora para outras finalidades;True;2025
3304201;RJ;1038.0;;5780.0;1.3.2 - Madeira em tora para outras finalidades;True;2025
3304300;RJ;1274.0;;684.0;1.2 - Lenha;True;2025
3304409;RJ;1326.0;;491.0;1.2 - Lenha;True;2025
3304508;RJ;456.0;;661.0;1.2 - Lenha;True;2025
3304524;RJ;416.0;;;;False;2025
3304557;RJ;2202.0;;;;False;2025
3304607;RJ;1902.0;;403.0;1.2 - Lenha;True;2025
3304706;RJ;2164.0;;720.0;1.3.1 - Madeira em tora para papel e celulose;True;2025
3304755;RJ;7386.0;;19922.0;1.3.2 - Madeira em tora para outras finalidades;True;2025
3304805;RJ;3532.0;;16.0;1.2 - Lenha;True;2025
3304904;RJ;576.0;;206.0;1.3.2 - Madeira em tora para outras finalidades;True;2025
3305000;RJ;1384.0;;;;False;2025
3305109;RJ;2.0;;;;False;2025
3305133;RJ;1066.0;;;;False;2025
3305158;RJ;1378.0;;78.0;1.3.2 - Madeira em tora para outras finalidades;True;2025
3305208;RJ;578.0;;5580.0;1.2 - Lenha;True;2025
3305307;RJ;1552.0;;6.0;1.3.2 - Madeira em tora para outras finalidades;True;2025
3305406;RJ;1368.0;;739.0;1.3.2 - Madeira em tora para outras finalidades;True;2025
3305505;RJ;908.0;;;;False;2025
3305554;RJ;888.0;;;;False;2025
3305604;RJ;1372.0;;2541.0;1.3.2 - Madeira em tora para outras finalidades;True;2025
3305703;RJ;5348.0;;419.0;1.3.2 - Madeira em tora para outras finalidades;True;2025
3305752;RJ;882.0;;2.0;1.2 - Lenha;True;2025
3305802;RJ;6984.0;;358.0;1.3.2 - Madeira em tora para outras finalidades;True;2025
3305901;RJ;2202.0;;30.0;1.2 - Lenha;True;2025
3306008;RJ;610.0;;;;False;2025
3306107;RJ;2286.0;;134.0;1.2 - Lenha;True;2025
3306156;RJ;1352.0;;200.0;1.2 - Lenha;True;2025
3306206;RJ;870.0;;700.0;1.3.2 - Madeira em tora para outras finalidades;True;2025
3306305;RJ;496.0;;281.0;1.3.2 - Madeira em tora para outras finalidades;True;2025
3500105;SP;1058.0;;144.0;1.3.2 - Madeira em tora para outras finalidades;True;2025
3500204;SP;164.0;;;;False;2025
3500303;SP;1014.0;;2358.0;1.2 - Lenha;True;2025
3500402;SP;226.0;;338.0;1.3.2 - Madeira em tora para outras finalidades;True;2025
3500501;SP;138.0;;218.0;1.2 - Lenha;True;2025
3500550;SP;424.0;;35263.0;1.3.2 - Madeira em tora para outras finalidades;True;2025
3500600;SP;;;;;False;2025
3500709;SP;602.0;;323245.0;1.3.1 - Madeira em tora para papel e celulose;True;2025
3500758;SP;336.0;;23260.0;1.3.1 - Madeira em tora para papel e celulose;True;2025
3500808;SP;470.0;;2.0;1.1 - Carvão vegetal;True;2025
3500907;SP;206.0;;;;False;2025
3501004;SP;564.0;;36632.0;1.3.1 - Madeira em tora para papel e celulose;True;2025
3501103;SP;936.0;;855.0;1.3.2 - Madeira em tora para outras finalidades;True;2025
3501152;SP;16.0;;3472.0;1.3.1 - Madeira em tora para papel e celulose;True;2025
3501202;SP;1016.0;;275.0;1.3.2 - Madeira em tora para outras finalidades;True;2025
3501301;SP;1320.0;;;;False;2025
3501400;SP;186.0;;29476.0;1.3.1 - Madeira em tora para papel e celulose;True;2025
3501509;SP;204.0;;29302.0;1.3.1 - Madeira em tora para papel e celulose;True;2025
3501608;SP;84.0;;;;False;2025
3501707;SP;34.0;;;;False;2025
3501806;SP;748.0;;89.0;1.3.2 - Madeira em tora para outras finalidades;True;2025
3501905;SP;1050.0;;32638.0;1.3.1 - Madeira em tora para papel e celulose;True;2025
3502002;SP;232.0;;16704.0;1.3.1 - Madeira em tora para papel e celulose;True;2025
3502101;SP;1676.0;;;;False;2025
3502200;SP;1862.0;;90734.0;1.3.1 - Madeira em tora para papel e celulose;True;2025
3502309;SP;368.0;;116344.0;1.3.1 - Madeira em tora para papel e celulose;True;2025
3502408;SP;446.0;;134.0;1.2 - Lenha;True;2025
3502507;SP;166.0;;4142.0;1.3.1 - Madeira em tora para papel e celulose;True;2025
3502606;SP;794.0;;;;False;2025
3502705;SP;1068.0;;35928.0;2.3 - Resina;True;2025
3502754;SP;20.0;;;;False;2025
3502804;SP;2040.0;;;;False;2025
3502903;SP;630.0;;;;False;2025
3503000;SP;164.0;;;;False;2025
3503109;SP;370.0;;;;False;2025
3503158;SP;166.0;;69.0;1.1 - Carvão vegetal;True;2025
3503208;SP;1422.0;;1520.0;1.2 - Lenha;True;2025
3503307;SP;716.0;;;;False;2025
3503356;SP;382.0;;173.0;1.2 - Lenha;True;2025
3503406;SP;1290.0;;10668.0;1.3.2 - Madeira em tora para outras finalidades;True;2025
3503505;SP;164.0;;526.0;1.3.2 - Madeira em tora para outras finalidades;True;2025
3503604;SP;42.0;;;;False;2025
3503703;SP;212.0;;;;False;2025
3503802;SP;1136.0;;;;False;2025
3503901;SP;254.0;;;;False;2025
3503950;SP;284.0;;116.0;1.2 - Lenha;True;2025
3504008;SP;778.0;;4144.0;2.3 - Resina;True;2025
3504107;SP;1200.0;;8483.0;1.2 - Lenha;True;2025
3504206;SP;698.0;;38.0;1.3.2 - Madeira em tora para outras finalidades;True;2025
3504305;SP;748.0;;70694.0;1.3.1 - Madeira em tora para papel e celulose;True;2025
3504404;SP;340.0;;2325.0;1.3.2 - Madeira em tora para outras finalidades;True;2025
3504503;SP;1330.0;;90759.0;1.3.1 - Madeira em tora para papel e celulose;True;2025
3504602;SP;306.0;;;;False;2025
3504701;SP;128.0;;1072.0;1.3.2 - Madeira em tora para outras finalidades;True;2025
3504800;SP;504.0;;;;False;2025
3504909;SP;472.0;;104.0;1.3.2 - Madeira em tora para outras finalidades;True;2025
3505005;SP;438.0;;17425.0;1.3.2 - Madeira em tora para outras finalidades;True;2025
3505104;SP;218.0;;490.0;1.3.2 - Madeira em tora para outras finalidades;True;2025
3505203;SP;738.0;;771.0;1.3.1 - Madeira em tora para papel e celulose;True;2025
3505302;SP;110.0;;;;False;2025
3505351;SP;882.0;;41233.0;1.3.1 - Madeira em tora para papel e celulose;True;2025
3505401;SP;1094.0;;3590.0;1.3.1 - Madeira em tora para papel e celulose;True;2025
3505500;SP;1950.0;;;;False;2025
3505609;SP;44.0;;;;False;2025
3505708;SP;;;;;False;2025
3505807;SP;764.0;;515.0;1.2 - Lenha;True;2025
3505906;SP;752.0;;1632.0;2.3 - Resina;True;2025
3506003;SP;790.0;;78164.0;1.3.1 - Madeira em tora para papel e celulose;True;2025
3506102;SP;1198.0;;605.0;1.1 - Carvão vegetal;True;2025
3506201;SP;110.0;;;;False;2025
3506300;SP;508.0;;;;False;2025
3506359;SP;2.0;;;;False;2025
3506409;SP;526.0;;;;False;2025
3506508;SP;1300.0;;;;False;2025
3506607;SP;866.0;;10300.0;1.3.1 - Madeira em tora para papel e celulose;True;2025
3506706;SP;334.0;;2492.0;1.3.1 - Madeira em tora para papel e celulose;True;2025
3506805;SP;262.0;;;;False;2025
3506904;SP;454.0;;91252.0;1.3.1 - Madeira em tora para papel e celulose;True;2025
3507001;SP;382.0;;;;False;2025
3507100;SP;130.0;;2607.0;1.2 - Lenha;True;2025
3507159;SP;112.0;;10716.0;1.3.1 - Madeira em tora para papel e celulose;True;2025
3507209;SP;76.0;;;;False;2025
3507308;SP;144.0;;504.0;1.3.1 - Madeira em tora para papel e celulose;True;2025
3507407;SP;820.0;;;;False;2025
3507456;SP;140.0;;93811.0;1.3.1 - Madeira em tora para papel e celulose;True;2025
3507506;SP;718.0;;186740.0;1.3.1 - Madeira em tora para papel e celulose;True;2025
3507605;SP;1166.0;;21291.0;1.3.2 - Madeira em tora para outras finalidades;True;2025
3507704;SP;312.0;;390.0;1.3.2 - Madeira em tora para outras finalidades;True;2025
3507753;SP;182.0;;;;False;2025
3507803;SP;306.0;;;;False;2025
3507902;SP;792.0;;35416.0;1.3.1 - Madeira em tora para papel e celulose;True;2025
3508009;SP;1060.0;;141844.0;1.3.1 - Madeira em tora para papel e celulose;True;2025
3508108;SP;794.0;;1854.0;1.2 - Lenha;True;2025
3508207;SP;306.0;;;;False;2025
3508306;SP;198.0;;30716.0;1.3.1 - Madeira em tora para papel e celulose;True;2025
3508405;SP;204.0;;585.0;1.2 - Lenha;True;2025
3508504;SP;238.0;;42600.0;1.3.1 - Madeira em tora para papel e celulose;True;2025
3508603;SP;508.0;;10.0;1.3.2 - Madeira em tora para outras finalidades;True;2025
3508702;SP;2524.0;;708.0;1.2 - Lenha;True;2025
3508801;SP;506.0;;43750.0;1.3.1 - Madeira em tora para papel e celulose;True;2025
3508900;SP;378.0;;;;False;2025
3509007;SP;36.0;;6613.0;1.3.2 - Madeira em tora para outras finalidades;True;2025
3509106;SP;1316.0;;1755.0;1.2 - Lenha;True;2025
3509205;SP;144.0;;;;False;2025
3509254;SP;1040.0;;132.0;2.3 - Resina;True;2025
3509304;SP;362.0;;3.0;1.2 - Lenha;True;2025
3509403;SP;1472.0;;3195.0;2.3 - Resina;True;2025
3509452;SP;282.0;;6745.0;1.3.1 - Madeira em tora para papel e celulose;True;2025
3509502;SP;1164.0;;851.0;1.3.1 - Madeira em tora para papel e celulose;True;2025
3509601;SP;30.0;;;;False;2025
3509700;SP;68.0;;;;False;2025
3509809;SP;382.0;;;;False;2025
3509908;SP;230.0;;360.0;2.3 - Resina;True;2025
3509957;SP;82.0;;;;False;2025
3510005;SP;702.0;;385.0;1.2 - Lenha;True;2025
3510104;SP;268.0;;;;False;2025
3510153;SP;42.0;;225.0;1.2 - Lenha;True;2025
3510203;SP;1520.0;;179500.0;1.3.1 - Madeira em tora para papel e celulose;True;2025
3510302;SP;314.0;;;;False;2025
3510401;SP;266.0;;;;False;2025
3510500;SP;174.0;;;;False;2025
3510609;SP;;;;;False;2025
3510708;SP;526.0;;38.0;1.2 - Lenha;True;2025
3510807;SP;1008.0;;14059.0;1.3.1 - Madeira em tora para papel e celulose;True;2025
3510906;SP;640.0;;5130.0;1.2 - Lenha;True;2025
3511003;SP;2398.0;;;;False;2025
3511102;SP;314.0;;1820.0;1.3.2 - Madeira em tora para outras finalidades;True;2025
3511201;SP;96.0;;;;False;2025
3511300;SP;596.0;;57.0;1.3.2 - Madeira em tora para outras finalidades;True;2025
3511409;SP;788.0;;71440.0;1.3.1 - Madeira em tora para papel e celulose;True;2025
3511508;SP;360.0;;;;False;2025
3511607;SP;394.0;;;;False;2025
3511706;SP;214.0;;;;False;2025
3511904;SP;254.0;;810.0;1.3.2 - Madeira em tora para outras finalidades;True;2025
3512001;SP;400.0;;;;False;2025
3512100;SP;442.0;;;;False;2025
3512209;SP;718.0;;5972.0;1.3.1 - Madeira em tora para papel e celulose;True;2025
3512308;SP;1018.0;;180.0;1.3.1 - Madeira em tora para papel e celulose;True;2025
3512407;SP;240.0;;;;False;2025
3512506;SP;664.0;;;;False;2025
3512605;SP;568.0;;13311.0;1.3.2 - Madeira em tora para outras finalidades;True;2025
3512704;SP;710.0;;5967.0;1.3.1 - Madeira em tora para papel e celulose;True;2025
3512803;SP;356.0;;;;False;2025
3512902;SP;1196.0;;1092.0;1.3.2 - Madeira em tora para outras finalidades;True;2025
3513009;SP;366.0;;;;False;2025
3513108;SP;226.0;;;;False;2025
3513207;SP;888.0;;458.0;1.3.2 - Madeira em tora para outras finalidades;True;2025
3513306;SP;194.0;;39.0;1.2 - Lenha;True;2025
3513405;SP;384.0;;;;False;2025
3513504;SP;6.0;;;;False;2025
3513603;SP;4574.0;;11400.0;1.3.1 - Madeira em tora para papel e celulose;True;2025
3513702;SP;792.0;;;;False;2025
3513801;SP;32.0;;;;False;2025
3513850;SP;262.0;;;;False;2025
3513900;SP;1266.0;;5574.0;1.2 - Lenha;True;2025
3514007;SP;58.0;;;;False;2025
3514106;SP;734.0;;164.0;1.3.2 - Madeira em tora para outras finalidades;True;2025
3514205;SP;214.0;;78.0;1.2 - Lenha;True;2025
3514304;SP;126.0;;4867.0;1.2 - Lenha;True;2025
3514403;SP;1144.0;;665.0;1.3.2 - Madeira em tora para outras finalidades;True;2025
3514502;SP;496.0;;21610.0;1.3.2 - Madeira em tora para outras finalidades;True;2025
3514601;SP;356.0;;;;False;2025
3514700;SP;544.0;;13689.0;1.3.1 - Madeira em tora para papel e celulose;True;2025
3514809;SP;1696.0;;4500.0;2.3 - Resina;True;2025
3514908;SP;590.0;;;;False;2025
3514924;SP;98.0;;;;False;2025
3514957;SP;126.0;;;;False;2025
3515004;SP;54.0;;;;False;2025
3515103;SP;210.0;;;;False;2025
3515129;SP;388.0;;;;False;2025
3515152;SP;634.0;;;;False;2025
3515186;SP;962.0;;15170.0;1.3.1 - Madeira em tora para papel e celulose;True;2025
3515194;SP;194.0;;6456.0;1.3.1 - Madeira em tora para papel e celulose;True;2025
3515202;SP;540.0;;574.0;1.3.2 - Madeira em tora para outras finalidades;True;2025
3515301;SP;272.0;;;;False;2025
3515350;SP;1502.0;;1301.0;1.2 - Lenha;True;2025
3515400;SP;950.0;;;;False;2025
3515509;SP;1168.0;;1675.0;1.3.2 - Madeira em tora para outras finalidades;True;2025
3515608;SP;626.0;;70.0;1.3.2 - Madeira em tora para outras finalidades;True;2025
3515657;SP;410.0;;16744.0;1.3.1 - Madeira em tora para papel e celulose;True;2025
3515707;SP;32.0;;;;False;2025
3515806;SP;218.0;;30.0;1.2 - Lenha;True;2025
3515905;SP;460.0;;45.0;1.3.2 - Madeira em tora para outras finalidades;True;2025
3516002;SP;1024.0;;147.0;1.2 - Lenha;True;2025
3516101;SP;92.0;;173.0;1.2 - Lenha;True;2025
3516200;SP;1082.0;;629.0;1.3.2 - Madeira em tora para outras finalidades;True;2025
3516309;SP;52.0;;;;False;2025
3516408;SP;274.0;;;;False;2025
3516507;SP;356.0;;;;False;2025
3516606;SP;632.0;;29722.0;1.3.1 - Madeira em tora para papel e celulose;True;2025
3516705;SP;1156.0;;26442.0;1.3.1 - Madeira em tora para papel e celulose;True;2025
3516804;SP;418.0;;;;False;2025
3516853;SP;112.0;;;;False;2025
3516903;SP;708.0;;48.0;1.3.2 - Madeira em tora para outras finalidades;True;2025
3517000;SP;436.0;;123372.0;1.3.1 - Madeira em tora para papel e celulose;True;2025
3517109;SP;496.0;;1152.0;1.3.2 - Madeira em tora para outras finalidades;True;2025
3517208;SP;248.0;;;;False;2025
3517307;SP;172.0;;21334.0;1.3.1 - Madeira em tora para papel e celulose;True;2025
3517406;SP;626.0;;;;False;2025
3517505;SP;1020.0;;3.0;1.3.2 - Madeira em tora para outras finalidades;True;2025
3517604;SP;1638.0;;3180.0;2.3 - Resina;True;2025
3517703;SP;292.0;;;;False;2025
3517802;SP;804.0;;;;False;2025
3517901;SP;378.0;;;;False;2025
3518008;SP;186.0;;;;False;2025
3518107;SP;596.0;;13320.0;1.3.1 - Madeira em tora para papel e celulose;True;2025
3518206;SP;724.0;;;;False;2025
3518305;SP;442.0;;3060.0;1.3.2 - Madeira em tora para outras finalidades;True;2025
3518404;SP;744.0;;67.0;1.3.1 - Madeira em tora para papel e celulose;True;2025
3518503;SP;1528.0;;82465.0;1.3.1 - Madeira em tora para papel e celulose;True;2025
3518602;SP;164.0;;;;False;2025
3518701;SP;18.0;;;;False;2025
3518800;SP;166.0;;;;False;2025
3518859;SP;338.0;;22500.0;1.3.1 - Madeira em tora para papel e celulose;True;2025
3518909;SP;330.0;;23.0;1.3.2 - Madeira em tora para outras finalidades;True;2025
3519006;SP;856.0;;843.0;1.3.2 - Madeira em tora para outras finalidades;True;2025
3519055;SP;436.0;;800.0;1.3.2 - Madeira em tora para outras finalidades;True;2025
3519071;SP;38.0;;;;False;2025
3519105;SP;342.0;;588.0;1.2 - Lenha;True;2025
3519204;SP;482.0;;179.0;1.2 - Lenha;True;2025
3519253;SP;864.0;;641.0;1.2 - Lenha;True;2025
3519303;SP;114.0;;;;False;2025
3519402;SP;488.0;;3.0;1.3.2 - Madeira em tora para outras finalidades;True;2025
3519501;SP;278.0;;;;False;2025
3519600;SP;806.0;;;;False;2025
3519709;SP;2480.0;;;;False;2025
3519808;SP;172.0;;;;False;2025
3519907;SP;532.0;;;;False;2025
3520004;SP;84.0;;;;False;2025
3520103;SP;418.0;;;;False;2025
3520202;SP;240.0;;3375.0;1.3.1 - Madeira em tora para papel e celulose;True;2025
3520301;SP;952.0;;450.0;2.3 - Resina;True;2025
3520400;SP;26.0;;;;False;2025
3520426;SP;12.0;;;;False;2025
3520442;SP;684.0;;40.0;1.3.2 - Madeira em tora para outras finalidades;True;2025
3520509;SP;664.0;;;;False;2025
3520608;SP;430.0;;348.0;1.2 - Lenha;True;2025
3520707;SP;402.0;;;;False;2025
3520806;SP;228.0;;104.0;1.3.2 - Madeira em tora para outras finalidades;True;2025
3520905;SP;84.0;;672.0;1.2 - Lenha;True;2025
3521002;SP;320.0;;794.0;1.2 - Lenha;True;2025
3521101;SP;438.0;;2025.0;1.3.1 - Madeira em tora para papel e celulose;True;2025
3521150;SP;304.0;;;;False;2025
3521200;SP;726.0;;4800.0;2.3 - Resina;True;2025
3521309;SP;210.0;;;;False;2025
3521408;SP;56.0;;;;False;2025
3521507;SP;422.0;;;;False;2025
3521606;SP;758.0;;455.0;1.1 - Carvão vegetal;True;2025
3521705;SP;1892.0;;1618.0;1.3.1 - Madeira em tora para papel e celulose;True;2025
3521804;SP;1226.0;;16417.0;1.3.2 - Madeira em tora para outras finalidades;True;2025
3521903;SP;1190.0;;470.0;1.3.2 - Madeira em tora para outras finalidades;True;2025
3522000;SP;410.0;;9270.0;1.3.1 - Madeira em tora para papel e celulose;True;2025
3522109;SP;114.0;;;;False;2025
3522158;SP;254.0;;92.0;2.3 - Resina;True;2025
3522208;SP;174.0;;;;False;2025
3522307;SP;2582.0;;123802.0;1.3.1 - Madeira em tora para papel e celulose;True;2025
3522406;SP;2462.0;;149200.0;2.3 - Resina;True;2025
3522505;SP;10.0;;;;False;2025
3522604;SP;990.0;;3626.0;1.3.1 - Madeira em tora para papel e celulose;True;2025
3522653;SP;620.0;;66267.0;2.3 - Resina;True;2025
3522703;SP;1564.0;;241.0;1.3.2 - Madeira em tora para outras finalidades;True;2025
3522802;SP;1848.0;;441.0;1.3.1 - Madeira em tora para papel e celulose;True;2025
3522901;SP;160.0;;604.0;1.3.2 - Madeira em tora para outras finalidades;True;2025
3523008;SP;522.0;;9.0;1.3.2 - Madeira em tora para outras finalidades;True;2025
3523107;SP;98.0;;;;False;2025
3523206;SP;1364.0;;32731.0;1.3.1 - Madeira em tora para papel e celulose;True;2025
3523305;SP;428.0;;;;False;2025
3523404;SP;662.0;;3565.0;1.2 - Lenha;True;2025
3523503;SP;432.0;;210630.0;1.3.1 - Madeira em tora para papel e celulose;True;2025
3523602;SP;456.0;;30133.0;1.3.1 - Madeira em tora para papel e celulose;True;2025
3523701;SP;410.0;;467.0;1.3.2 - Madeira em tora para outras finalidades;True;2025
3523800;SP;250.0;;413.0;1.2 - Lenha;True;2025
3523909;SP;494.0;;3911.0;1.3.2 - Madeira em tora para outras finalidades;True;2025
3524006;SP;232.0;;;;False;2025
3524105;SP;494.0;;;;False;2025
3524204;SP;272.0;;;;False;2025
3524303;SP;602.0;;;;False;2025
3524402;SP;796.0;;20000.0;1.3.1 - Madeira em tora para papel e celulose;True;2025
3524501;SP;326.0;;;;False;2025
3524600;SP;1010.0;;6041.0;1.3.1 - Madeira em tora para papel e celulose;True;2025
3524709;SP;134.0;;160.0;1.2 - Lenha;True;2025
3524808;SP;2024.0;;349.0;1.2 - Lenha;True;2025
3524907;SP;210.0;;;;False;2025
3525003;SP;;;;;False;2025
3525102;SP;462.0;;;;False;2025
3525201;SP;376.0;;;;False;2025
3525300;SP;666.0;;;;False;2025
3525409;SP;160.0;;138.0;1.3.2 - Madeira em tora para outras finalidades;True;2025
3525508;SP;420.0;;34230.0;1.3.2 - Madeira em tora para outras finalidades;True;2025
3525607;SP;566.0;;714.0;1.1 - Carvão vegetal;True;2025
3525706;SP;1296.0;;;;False;2025
3525805;SP;116.0;;24318.0;1.3.1 - Madeira em tora para papel e celulose;True;2025
3525854;SP;226.0;;781.0;1.2 - Lenha;True;2025
3525904;SP;798.0;;;;False;2025
3526001;SP;1074.0;;100.0;1.3.2 - Madeira em tora para outras finalidades;True;2025
3526100;SP;752.0;;;;False;2025
3526209;SP;246.0;;4550.0;1.3.1 - Madeira em tora para papel e celulose;True;2025
3526308;SP;514.0;;;;False;2025
3526407;SP;922.0;;;;False;2025
3526506;SP;552.0;;;;False;2025
3526605;SP;122.0;;;;False;2025
3526704;SP;534.0;;3200.0;1.2 - Lenha;True;2025
3526803;SP;546.0;;93200.0;1.3.1 - Madeira em tora para papel e celulose;True;2025
3526902;SP;1872.0;;959.0;1.3.1 - Madeira em tora para papel e celulose;True;2025
3527009;SP;128.0;;140.0;1.2 - Lenha;True;2025
3527108;SP;274.0;;14555.0;1.3.1 - Madeira em tora para papel e celulose;True;2025
3527207;SP;378.0;;;;False;2025
3527256;SP;224.0;;;;False;2025
3527306;SP;272.0;;40.0;1.2 - Lenha;True;2025
3527405;SP;886.0;;218.0;1.2 - Lenha;True;2025
3527504;SP;266.0;;61860.0;1.3.1 - Madeira em tora para papel e celulose;True;2025
3527603;SP;110.0;;18664.0;1.3.1 - Madeira em tora para papel e celulose;True;2025
3527702;SP;364.0;;360.0;1.3.2 - Madeira em tora para outras finalidades;True;2025
3527801;SP;384.0;;14305.0;1.3.1 - Madeira em tora para papel e celulose;True;2025
3527900;SP;318.0;;;;False;2025
3528007;SP;158.0;;;;False;2025
3528106;SP;902.0;;;;False;2025
3528205;SP;654.0;;;;False;2025
3528304;SP;344.0;;;;False;2025
3528403;SP;234.0;;6944.0;1.3.1 - Madeira em tora para papel e celulose;True;2025
3528502;SP;144.0;;;;False;2025
3528601;SP;382.0;;4349.0;2.3 - Resina;True;2025
3528700;SP;978.0;;8292.0;1.2 - Lenha;True;2025
3528809;SP;434.0;;25.0;1.2 - Lenha;True;2025
3528858;SP;296.0;;1142.0;1.3.2 - Madeira em tora para outras finalidades;True;2025
3528908;SP;774.0;;103.0;1.2 - Lenha;True;2025
3529005;SP;1762.0;;67816.0;1.3.1 - Madeira em tora para papel e celulose;True;2025
3529104;SP;310.0;;;;False;2025
3529203;SP;1118.0;;;;False;2025
3529302;SP;342.0;;;;False;2025
3529401;SP;68.0;;;;False;2025
3529500;SP;570.0;;;;False;2025
3529609;SP;410.0;;;;False;2025
3529658;SP;396.0;;;;False;2025
3529708;SP;390.0;;;;False;2025
3529807;SP;188.0;;10443.0;1.3.1 - Madeira em tora para papel e celulose;True;2025
3529906;SP;1350.0;;235.0;1.1 - Carvão vegetal;True;2025
3530003;SP;442.0;;;;False;2025
3530102;SP;2026.0;;25.0;1.2 - Lenha;True;2025
3530201;SP;4194.0;;741.0;1.2 - Lenha;True;2025
3530300;SP;718.0;;;;False;2025
3530409;SP;386.0;;11.0;1.3.2 - Madeira em tora para outras finalidades;True;2025
3530508;SP;908.0;;5837.0;1.3.1 - Madeira em tora para papel e celulose;True;2025
3530607;SP;2758.0;;1500.0;1.3.2 - Madeira em tora para outras finalidades;True;2025
3530706;SP;1018.0;;77377.0;1.3.1 - Madeira em tora para papel e celulose;True;2025
3530805;SP;1432.0;;;;False;2025
3530904;SP;108.0;;4525.0;1.3.1 - Madeira em tora para papel e celulose;True;2025
3531001;SP;224.0;;;;False;2025
3531100;SP;86.0;;;;False;2025
3531209;SP;296.0;;2984.0;1.2 - Lenha;True;2025
3531308;SP;994.0;;120.0;1.2 - Lenha;True;2025
3531407;SP;1650.0;;;;False;2025
3531506;SP;440.0;;12.0;1.2 - Lenha;True;2025
3531605;SP;530.0;;183.0;1.3.2 - Madeira em tora para outras finalidades;True;2025
3531704;SP;278.0;;;;False;2025
3531803;SP;452.0;;;;False;2025
3531902;SP;416.0;;;;False;2025
3532009;SP;290.0;;11610.0;1.2 - Lenha;True;2025
3532058;SP;368.0;;;;False;2025
3532108;SP;978.0;;;;False;2025
3532157;SP;112.0;;;;False;2025
3532207;SP;276.0;;;;False;2025
3532306;SP;1126.0;;14877.0;1.3.1 - Madeira em tora para papel e celulose;True;2025
3532405;SP;596.0;;28536.0;1.2 - Lenha;True;2025
3532504;SP;548.0;;;;False;2025
3532603;SP;1346.0;;;;False;2025
3532702;SP;272.0;;16.0;1.2 - Lenha;True;2025
3532801;SP;418.0;;;;False;2025
3532827;SP;308.0;;63484.0;1.2 - Lenha;True;2025
3532843;SP;684.0;;130.0;1.2 - Lenha;True;2025
3532868;SP;212.0;;9.0;1.3.2 - Madeira em tora para outras finalidades;True;2025
3532900;SP;152.0;;;;False;2025
3533007;SP;860.0;;;;False;2025
3533106;SP;178.0;;126.0;1.3.2 - Madeira em tora para outras finalidades;True;2025
3533205;SP;254.0;;;;False;2025
3533254;SP;182.0;;;;False;2025
3533304;SP;196.0;;;;False;2025
3533403;SP;72.0;;;;False;2025
3533502;SP;1338.0;;1523.0;1.3.2 - Madeira em tora para outras finalidades;True;2025
3533601;SP;394.0;;12.0;1.2 - Lenha;True;2025
3533700;SP;680.0;;;;False;2025
3533809;SP;672.0;;;;False;2025
3533908;SP;1210.0;;1604.0;1.2 - Lenha;True;2025
3534005;SP;146.0;;;;False;2025
3534104;SP;194.0;;79596.0;1.3.1 - Madeira em tora para papel e celulose;True;2025
3534203;SP;220.0;;10.0;1.3.2 - Madeira em tora para outras finalidades;True;2025
3534302;SP;178.0;;;;False;2025
3534401;SP;32.0;;;;False;2025
3534500;SP;374.0;;;;False;2025
3534609;SP;1320.0;;258.0;1.2 - Lenha;True;2025
3534708;SP;346.0;;;;False;2025
3534757;SP;462.0;;;;False;2025
3534807;SP;324.0;;120.0;1.3.2 - Madeira em tora para outras finalidades;True;2025
3534906;SP;1078.0;;70.0;1.2 - Lenha;True;2025
3535002;SP;1284.0;;;;False;2025
3535101;SP;62.0;;;;False;2025
3535200;SP;1568.0;;4796.0;1.2 - Lenha;True;2025
3535309;SP;802.0;;;;False;2025
3535408;SP;268.0;;330.0;1.2 - Lenha;True;2025
3535507;SP;1226.0;;957.0;1.2 - Lenha;True;2025
3535606;SP;736.0;;28400.0;1.3.1 - Madeira em tora para papel e celulose;True;2025
3535705;SP;162.0;;;;False;2025
3535804;SP;1164.0;;26273.0;1.3.1 - Madeira em tora para papel e celulose;True;2025
3535903;SP;312.0;;;;False;2025
3536000;SP;1010.0;;572.0;1.2 - Lenha;True;2025
3536109;SP;198.0;;1485.0;1.3.2 - Madeira em tora para outras finalidades;True;2025
3536208;SP;642.0;;1826.0;1.3.1 - Madeira em tora para papel e celulose;True;2025
3536257;SP;386.0;;40.0;1.2 - Lenha;True;2025
3536307;SP;750.0;;;;False;2025
3536406;SP;492.0;;92.0;1.2 - Lenha;True;2025
3536505;SP;84.0;;;;False;2025
3536570;SP;336.0;;44491.0;1.3.2 - Madeira em tora para outras finalidades;True;2025
3536604;SP;372.0;;38.0;1.2 - Lenha;True;2025
3536703;SP;1226.0;;29212.0;1.3.2 - Madeira em tora para outras finalidades;True;2025
3536802;SP;532.0;;26638.0;1.1 - Carvão vegetal;True;2025
3536901;SP;710.0;;62.0;1.3.2 - Madeira em tora para outras finalidades;True;2025
3537008;SP;858.0;;751.0;1.3.2 - Madeira em tora para outras finalidades;True;2025
3537107;SP;128.0;;2107.0;1.3.2 - Madeira em tora para outras finalidades;True;2025
3537156;SP;232.0;;14.0;1.2 - Lenha;True;2025
3537206;SP;366.0;;;;False;2025
3537305;SP;1290.0;;5835.0;1.3.2 - Madeira em tora para outras finalidades;True;2025
3537404;SP;892.0;;48.0;1.3.2 - Madeira em tora para outras finalidades;True;2025
3537503;SP;538.0;;;;False;2025
3537602;SP;208.0;;;;False;2025
3537701;SP;456.0;;;;False;2025
3537800;SP;3444.0;;11468.0;1.3.2 - Madeira em tora para outras finalidades;True;2025
3537909;SP;1384.0;;71889.0;1.3.1 - Madeira em tora para papel e celulose;True;2025
3538006;SP;602.0;;;;False;2025
3538105;SP;360.0;;810.0;1.3.2 - Madeira em tora para outras finalidades;True;2025
3538204;SP;614.0;;10509.0;1.2 - Lenha;True;2025
3538303;SP;658.0;;3618.0;1.2 - Lenha;True;2025
3538501;SP;174.0;;;;False;2025
3538600;SP;610.0;;31079.0;1.1 - Carvão vegetal;True;2025
3538709;SP;1382.0;;;;False;2025
3538808;SP;840.0;;3350.0;2.3 - Resina;True;2025
3538907;SP;662.0;;58331.0;1.3.1 - Madeira em tora para papel e celulose;True;2025
3539004;SP;622.0;;14.0;1.2 - Lenha;True;2025
3539103;SP;22.0;;;;False;2025
3539202;SP;510.0;;;;False;2025
3539301;SP;1158.0;;;;False;2025
3539400;SP;678.0;;41764.0;1.3.1 - Madeira em tora para papel e celulose;True;2025
3539509;SP;444.0;;;;False;2025
3539608;SP;236.0;;;;False;2025
3539707;SP;440.0;;;;False;2025
3539806;SP;14.0;;;;False;2025
3539905;SP;406.0;;;;False;2025
3540002;SP;592.0;;11181.0;1.3.1 - Madeira em tora para papel e celulose;True;2025
3540101;SP;274.0;;6306.0;1.3.1 - Madeira em tora para papel e celulose;True;2025
3540200;SP;100.0;;;;False;2025
3540259;SP;466.0;;88.0;1.2 - Lenha;True;2025
3540309;SP;232.0;;;;False;2025
3540408;SP;450.0;;;;False;2025
3540507;SP;782.0;;2280.0;1.3.1 - Madeira em tora para papel e celulose;True;2025
3540606;SP;884.0;;456.0;1.2 - Lenha;True;2025
3540705;SP;282.0;;540.0;1.2 - Lenha;True;2025
3540754;SP;68.0;;;;False;2025
3540804;SP;1452.0;;37.0;1.3.2 - Madeira em tora para outras finalidades;True;2025
3540853;SP;188.0;;61.0;1.2 - Lenha;True;2025
3540903;SP;438.0;;903.0;1.1 - Carvão vegetal;True;2025
3541000;SP;;;;;False;2025
3541059;SP;176.0;;6580.0;1.3.1 - Madeira em tora para papel e celulose;True;2025
3541109;SP;364.0;;52602.0;1.3.1 - Madeira em tora para papel e celulose;True;2025
3541208;SP;1944.0;;407.0;1.2 - Lenha;True;2025
3541307;SP;1444.0;;1446.0;1.2 - Lenha;True;2025
3541406;SP;1066.0;;;;False;2025
3541505;SP;1224.0;;8068.0;1.2 - Lenha;True;2025
3541604;SP;2116.0;;3915.0;1.2 - Lenha;True;2025
3541653;SP;408.0;;;;False;2025
3541703;SP;492.0;;83.0;1.2 - Lenha;True;2025
3541802;SP;132.0;;40.0;1.2 - Lenha;True;2025
3541901;SP;100.0;;1606.0;1.3.2 - Madeira em tora para outras finalidades;True;2025
3542008;SP;268.0;;11835.0;1.3.1 - Madeira em tora para papel e celulose;True;2025
3542107;SP;138.0;;;;False;2025
3542206;SP;1612.0;;31098.0;1.3.1 - Madeira em tora para papel e celulose;True;2025
3542305;SP;542.0;;1891.0;1.1 - Carvão vegetal;True;2025
3542404;SP;570.0;;;;False;2025
3542503;SP;248.0;;21334.0;1.3.1 - Madeira em tora para papel e celulose;True;2025
3542602;SP;1254.0;;24.0;1.2 - Lenha;True;2025
3542701;SP;454.0;;148.0;1.3.2 - Madeira em tora para outras finalidades;True;2025
3542800;SP;416.0;;27200.0;2.3 - Resina;True;2025
3542909;SP;474.0;;10440.0;1.3.1 - Madeira em tora para papel e celulose;True;2025
3543006;SP;1914.0;;32871.0;2.3 - Resina;True;2025
3543105;SP;398.0;;248.0;1.3.2 - Madeira em tora para outras finalidades;True;2025
3543204;SP;506.0;;542.0;1.2 - Lenha;True;2025
3543238;SP;250.0;;1440.0;1.2 - Lenha;True;2025
3543253;SP;662.0;;12092.0;1.3.1 - Madeira em tora para papel e celulose;True;2025
3543303;SP;24.0;;190.0;1.2 - Lenha;True;2025
3543402;SP;1310.0;;;;False;2025
3543501;SP;844.0;;28710.0;1.3.1 - Madeira em tora para papel e celulose;True;2025
3543600;SP;80.0;;;;False;2025
3543709;SP;152.0;;;;False;2025
3543808;SP;740.0;;7916.0;1.1 - Carvão vegetal;True;2025
3543907;SP;1596.0;;859.0;1.2 - Lenha;True;2025
3544004;SP;150.0;;;;False;2025
3544103;SP;10.0;;;;False;2025
3544202;SP;360.0;;;;False;2025
3544251;SP;1584.0;;3497.0;1.2 - Lenha;True;2025
3544301;SP;112.0;;3515.0;1.3.1 - Madeira em tora para papel e celulose;True;2025
3544400;SP;174.0;;;;False;2025
3544509;SP;308.0;;733.0;1.2 - Lenha;True;2025
3544608;SP;196.0;;;;False;2025
3544707;SP;432.0;;45.0;1.2 - Lenha;True;2025
3544806;SP;374.0;;8.0;1.2 - Lenha;True;2025
3544905;SP;206.0;;;;False;2025
3545001;SP;664.0;;7330.0;1.3.2 - Madeira em tora para outras finalidades;True;2025
3545100;SP;346.0;;48.0;1.2 - Lenha;True;2025
3545159;SP;178.0;;;;False;2025
3545209;SP;146.0;;216.0;1.3.2 - Madeira em tora para outras finalidades;True;2025
3545308;SP;448.0;;27878.0;1.3.1 - Madeira em tora para papel e celulose;True;2025
3545407;SP;318.0;;;;False;2025
3545506;SP;522.0;;;;False;2025
3545605;SP;356.0;;116.0;1.3.2 - Madeira em tora para outras finalidades;True;2025
3545704;SP;786.0;;20.0;1.2 - Lenha;True;2025
3545803;SP;150.0;;;;False;2025
3546009;SP;188.0;;13710.0;1.3.1 - Madeira em tora para papel e celulose;True;2025
3546108;SP;420.0;;58.0;1.2 - Lenha;True;2025
3546207;SP;290.0;;135.0;1.1 - Carvão vegetal;True;2025
3546256;SP;126.0;;;;False;2025
3546306;SP;216.0;;1080.0;1.2 - Lenha;True;2025
3546405;SP;1306.0;;36686.0;1.3.1 - Madeira em tora para papel e celulose;True;2025
3546504;SP;116.0;;1257.0;1.1 - Carvão vegetal;True;2025
3546603;SP;932.0;;751.0;1.2 - Lenha;True;2025
3546702;SP;70.0;;;;False;2025
3546801;SP;608.0;;8419.0;1.3.2 - Madeira em tora para outras finalidades;True;2025
3546900;SP;66.0;;;;False;2025
3547007;SP;248.0;;855.0;2.2 - Eucalipto (folha);True;2025
3547106;SP;218.0;;733.0;1.3.2 - Madeira em tora para outras finalidades;True;2025
3547205;SP;636.0;;5.0;1.3.2 - Madeira em tora para outras finalidades;True;2025
3547304;SP;42.0;;;;False;2025
3547403;SP;820.0;;79.0;1.3.2 - Madeira em tora para outras finalidades;True;2025
3547502;SP;1098.0;;63600.0;1.3.1 - Madeira em tora para papel e celulose;True;2025
3547601;SP;542.0;;8097.0;1.3.1 - Madeira em tora para papel e celulose;True;2025
3547650;SP;438.0;;51.0;1.2 - Lenha;True;2025
3547700;SP;990.0;;2750.0;1.2 - Lenha;True;2025
3547809;SP;110.0;;;;False;2025
3547908;SP;1004.0;;;;False;2025
3548005;SP;410.0;;;;False;2025
3548054;SP;850.0;;;;False;2025
3548104;SP;538.0;;441.0;1.2 - Lenha;True;2025
3548203;SP;332.0;;;;False;2025
3548302;SP;344.0;;;;False;2025
3548401;SP;174.0;;840.0;1.3.2 - Madeira em tora para outras finalidades;True;2025
3548500;SP;2.0;;;;False;2025
3548609;SP;1152.0;;76.0;1.3.2 - Madeira em tora para outras finalidades;True;2025
3548708;SP;124.0;;;;False;2025
3548807;SP;10.0;;;;False;2025
3548906;SP;1016.0;;2910.0;1.3.1 - Madeira em tora para papel e celulose;True;2025
3549003;SP;510.0;;;;False;2025
3549102;SP;1164.0;;751.0;1.2 - Lenha;True;2025
3549201;SP;170.0;;;;False;2025
3549250;SP;240.0;;9.0;1.3.2 - Madeira em tora para outras finalidades;True;2025
3549300;SP;364.0;;23.0;1.2 - Lenha;True;2025
3549409;SP;286.0;;;;False;2025
3549508;SP;386.0;;150.0;1.3.2 - Madeira em tora para outras finalidades;True;2025
3549607;SP;444.0;;;;False;2025
3549706;SP;980.0;;4800.0;1.2 - Lenha;True;2025
3549805;SP;1004.0;;33.0;1.3.2 - Madeira em tora para outras finalidades;True;2025
3549904;SP;1088.0;;21400.0;1.3.1 - Madeira em tora para papel e celulose;True;2025
3549953;SP;172.0;;;;False;2025
3550001;SP;1020.0;;9399.0;1.3.1 - Madeira em tora para papel e celulose;True;2025
3550100;SP;266.0;;4400.0;1.3.1 - Madeira em tora para papel e celulose;True;2025
3550209;SP;3832.0;;169386.0;1.3.1 - Madeira em tora para papel e celulose;True;2025
3550308;SP;1100.0;;;;False;2025
3550407;SP;848.0;;8066.0;1.3.1 - Madeira em tora para papel e celulose;True;2025
3550506;SP;1076.0;;1062.0;1.2 - Lenha;True;2025
3550605;SP;284.0;;;;False;2025
3550704;SP;50.0;;;;False;2025
3550803;SP;542.0;;3240.0;1.2 - Lenha;True;2025
3550902;SP;500.0;;50795.0;1.3.1 - Madeira em tora para papel e celulose;True;2025
3551009;SP;14.0;;;;False;2025
3551108;SP;696.0;;20376.0;1.3.1 - Madeira em tora para papel e celulose;True;2025
3551207;SP;250.0;;5225.0;1.3.1 - Madeira em tora para papel e celulose;True;2025
3551306;SP;432.0;;39.0;1.2 - Lenha;True;2025
3551405;SP;272.0;;;;False;2025
3551504;SP;38.0;;;;False;2025
3551603;SP;984.0;;5935.0;1.3.1 - Madeira em tora para papel e celulose;True;2025
3551702;SP;278.0;;;;False;2025
3551801;SP;1632.0;;;;False;2025
3551900;SP;194.0;;5.0;1.2 - Lenha;True;2025
3552007;SP;676.0;;14420.0;1.3.1 - Madeira em tora para papel e celulose;True;2025
3552106;SP;3498.0;;8685.0;1.1 - Carvão vegetal;True;2025
3552205;SP;386.0;;336.0;1.3.1 - Madeira em tora para papel e celulose;True;2025
3552304;SP;400.0;;27.0;1.3.2 - Madeira em tora para outras finalidades;True;2025
3552403;SP;340.0;;;;False;2025
3552502;SP;698.0;;750.0;1.3.1 - Madeira em tora para papel e celulose;True;2025
3552551;SP;564.0;;31.0;1.3.2 - Madeira em tora para outras finalidades;True;2025
3552601;SP;458.0;;465.0;1.3.2 - Madeira em tora para outras finalidades;True;2025
3552700;SP;858.0;;;;False;2025
3552809;SP;4.0;;;;False;2025
3552908;SP;388.0;;;;False;2025
3553005;SP;330.0;;;;False;2025
3553104;SP;374.0;;;;False;2025
3553203;SP;328.0;;;;False;2025
3553302;SP;516.0;;5380.0;1.3.1 - Madeira em tora para papel e celulose;True;2025
3553401;SP;2124.0;;950.0;1.1 - Carvão vegetal;True;2025
3553500;SP;282.0;;;;False;2025
3553609;SP;186.0;;1568.0;1.2 - Lenha;True;2025
3553658;SP;90.0;;;;False;2025
3553708;SP;1118.0;;;;False;2025
3553807;SP;1188.0;;455.0;1.1 - Carvão vegetal;True;2025
3553856;SP;232.0;;15494.0;2.3 - Resina;True;2025
3553906;SP;252.0;;221.0;1.2 - Lenha;True;2025
3553955;SP;160.0;;;;False;2025
3554003;SP;684.0;;2880.0;1.3.1 - Madeira em tora para papel e celulose;True;2025
3554102;SP;702.0;;5171.0;1.3.1 - Madeira em tora para papel e celulose;True;2025
3554201;SP;618.0;;4320.0;1.3.1 - Madeira em tora para papel e celulose;True;2025
3554300;SP;1952.0;;68.0;1.2 - Lenha;True;2025
3554409;SP;280.0;;;;False;2025
3554508;SP;834.0;;1680.0;1.2 - Lenha;True;2025
3554607;SP;278.0;;;;False;2025
3554656;SP;350.0;;;;False;2025
3554706;SP;842.0;;10694.0;1.3.1 - Madeira em tora para papel e celulose;True;2025
3554755;SP;48.0;;;;False;2025
3554805;SP;324.0;;11262.0;1.3.1 - Madeira em tora para papel e celulose;True;2025
3554904;SP;620.0;;367.0;1.2 - Lenha;True;2025
3554953;SP;912.0;;2801.0;1.2 - Lenha;True;2025
3555000;SP;1446.0;;1880.0;1.2 - Lenha;True;2025
3555109;SP;1032.0;;708.0;1.3.2 - Madeira em tora para outras finalidades;True;2025
3555208;SP;454.0;;198.0;1.2 - Lenha;True;2025
3555307;SP;520.0;;;;False;2025
3555356;SP;114.0;;;;False;2025
3555406;SP;266.0;;;;False;2025
3555505;SP;634.0;;41768.0;1.3.1 - Madeira em tora para papel e celulose;True;2025
3555604;SP;720.0;;37.0;1.3.2 - Madeira em tora para outras finalidades;True;2025
3555703;SP;156.0;;;;False;2025
3555802;SP;850.0;;373.0;1.2 - Lenha;True;2025
3555901;SP;172.0;;2000.0;1.3.1 - Madeira em tora para papel e celulose;True;2025
3556008;SP;1038.0;;1217.0;1.3.2 - Madeira em tora para outras finalidades;True;2025
3556107;SP;444.0;;76.0;1.2 - Lenha;True;2025
3556206;SP;532.0;;64.0;1.2 - Lenha;True;2025
3556305;SP;354.0;;;;False;2025
3556354;SP;456.0;;6185.0;1.2 - Lenha;True;2025
3556404;SP;390.0;;860.0;1.2 - Lenha;True;2025
3556453;SP;106.0;;;;False;2025
3556503;SP;16.0;;;;False;2025
3556602;SP;528.0;;11284.0;1.3.1 - Madeira em tora para papel e celulose;True;2025
3556701;SP;170.0;;96.0;1.3.2 - Madeira em tora para outras finalidades;True;2025
3556800;SP;556.0;;;;False;2025
3556909;SP;222.0;;260.0;1.3.2 - Madeira em tora para outras finalidades;True;2025
3556958;SP;218.0;;17.0;1.2 - Lenha;True;2025
3557006;SP;106.0;;;;False;2025
3557105;SP;1030.0;;286.0;1.2 - Lenha;True;2025
3557154;SP;312.0;;;;False;2025
3557204;SP;58.0;;;;False;2025
3557303;SP;182.0;;480.0;1.1 - Carvão vegetal;True;2025
4100103;PR;1346.0;;286.0;1.2 - Lenha;True;2025
4100202;PR;1326.0;;86315.0;1.3.2 - Madeira em tora para outras finalidades;True;2025
4100301;PR;2004.0;;21396.0;1.3.2 - Madeira em tora para outras finalidades;True;2025
4100400;PR;412.0;;4697.0;1.3.2 - Madeira em tora para outras finalidades;True;2025
4100459;PR;1086.0;;82.0;1.2 - Lenha;True;2025
4100509;PR;3142.0;;3231.0;1.2 - Lenha;True;2025
4100608;PR;1184.0;;6900.0;1.2 - Lenha;True;2025
4100707;PR;1508.0;;2011.0;1.2 - Lenha;True;2025
4100806;PR;742.0;;1115.0;1.2 - Lenha;True;2025
4100905;PR;638.0;;2145.0;1.2 - Lenha;True;2025
4101002;PR;2370.0;;8700.0;1.3.2 - Madeira em tora para outras finalidades;True;2025
4101051;PR;416.0;;65.0;1.2 - Lenha;True;2025
4101101;PR;582.0;;274.0;1.2 - Lenha;True;2025
4101150;PR;530.0;;1195.0;1.2 - Lenha;True;2025
4101200;PR;608.0;;;;False;2025
4101309;PR;2016.0;;79390.0;1.3.2 - Madeira em tora para outras finalidades;True;2025
4101408;PR;2616.0;;2129.0;1.2 - Lenha;True;2025
4101507;PR;1136.0;;3978.0;1.2 - Lenha;True;2025
4101606;PR;1716.0;;89980.0;1.3.1 - Madeira em tora para papel e celulose;True;2025
4101655;PR;952.0;;1468.0;1.3.2 - Madeira em tora para outras finalidades;True;2025
4101705;PR;1222.0;;6842.0;1.2 - Lenha;True;2025
4101804;PR;2774.0;;482.0;1.3.2 - Madeira em tora para outras finalidades;True;2025
4101853;PR;1048.0;;3683.0;1.2 - Lenha;True;2025
4101903;PR;1196.0;;516.0;1.2 - Lenha;True;2025
4102000;PR;2944.0;;11232.0;1.2 - Lenha;True;2025
4102109;PR;1410.0;;725.0;1.2 - Lenha;True;2025
4102208;PR;558.0;;90.0;1.2 - Lenha;True;2025
4102307;PR;590.0;;14730.0;1.3.1 - Madeira em tora para papel e celulose;True;2025
4102406;PR;1548.0;;461.0;1.3.2 - Madeira em tora para outras finalidades;True;2025
4102505;PR;1818.0;;293.0;1.2 - Lenha;True;2025
4102604;PR;1588.0;;4180.0;1.3.2 - Madeira em tora para outras finalidades;True;2025
4102703;PR;564.0;;3011.0;1.2 - Lenha;True;2025
4102752;PR;1676.0;;2375.0;1.2 - Lenha;True;2025
4102802;PR;684.0;;99.0;1.2 - Lenha;True;2025
4102901;PR;3122.0;;323605.0;1.3.2 - Madeira em tora para outras finalidades;True;2025
4103008;PR;756.0;;474.0;1.2 - Lenha;True;2025
4103024;PR;862.0;;1586.0;1.2 - Lenha;True;2025
4103040;PR;2584.0;;262.0;1.2 - Lenha;True;2025
4103057;PR;1714.0;;689.0;1.2 - Lenha;True;2025
4103107;PR;756.0;;26749.0;1.3.2 - Madeira em tora para outras finalidades;True;2025
4103156;PR;1664.0;;5649.0;1.3.2 - Madeira em tora para outras finalidades;True;2025
4103206;PR;726.0;;2456.0;1.2 - Lenha;True;2025
4103222;PR;666.0;;357.0;1.3.2 - Madeira em tora para outras finalidades;True;2025
4103305;PR;1340.0;;1000.0;1.2 - Lenha;True;2025
4103354;PR;1022.0;;862.0;1.3.2 - Madeira em tora para outras finalidades;True;2025
4103370;PR;406.0;;6115.0;1.2 - Lenha;True;2025
4103404;PR;316.0;;96.0;1.2 - Lenha;True;2025
4103453;PR;888.0;;1440.0;1.2 - Lenha;True;2025
4103479;PR;1076.0;;9164.0;1.2 - Lenha;True;2025
4103503;PR;876.0;;2596.0;1.2 - Lenha;True;2025
4103602;PR;796.0;;3105.0;1.2 - Lenha;True;2025
4103701;PR;1126.0;;60.0;1.2 - Lenha;True;2025
4103800;PR;1108.0;;2255.0;1.2 - Lenha;True;2025
4103909;PR;1458.0;;527.0;1.2 - Lenha;True;2025
4103958;PR;920.0;;31176.0;1.3.2 - Madeira em tora para outras finalidades;True;2025
4104006;PR;894.0;;7214.0;1.3.2 - Madeira em tora para outras finalidades;True;2025
4104055;PR;1104.0;;12073.0;1.3.1 - Madeira em tora para papel e celulose;True;2025
4104105;PR;644.0;;19196.0;1.3.2 - Madeira em tora para outras finalidades;True;2025
4104204;PR;4466.0;;98055.0;1.3.1 - Madeira em tora para papel e celulose;True;2025
4104253;PR;1716.0;;8471.0;1.3.1 - Madeira em tora para papel e celulose;True;2025
4104303;PR;1252.0;;4680.0;1.2 - Lenha;True;2025
4104402;PR;4904.0;;16975.0;1.3.2 - Madeira em tora para outras finalidades;True;2025
4104428;PR;2962.0;;34678.0;1.3.1 - Madeira em tora para papel e celulose;True;2025
4104451;PR;1886.0;;34237.0;1.3.1 - Madeira em tora para papel e celulose;True;2025
4104501;PR;3834.0;;5797.0;1.2 - Lenha;True;2025
4104600;PR;1974.0;;81.0;1.2 - Lenha;True;2025
4104659;PR;444.0;;6112.0;1.3.2 - Madeira em tora para outras finalidades;True;2025
4104709;PR;2546.0;;33332.0;1.3.1 - Madeira em tora para papel e celulose;True;2025
4104808;PR;6442.0;;13325.0;1.2 - Lenha;True;2025
4104907;PR;5206.0;;37710.0;1.3.1 - Madeira em tora para papel e celulose;True;2025
4105003;PR;2152.0;;10736.0;1.3.1 - Madeira em tora para papel e celulose;True;2025
4105102;PR;1590.0;;219.0;1.2 - Lenha;True;2025
4105201;PR;3982.0;;204902.0;1.3.2 - Madeira em tora para outras finalidades;True;2025
4105300;PR;1602.0;;1132.0;1.2 - Lenha;True;2025
4105409;PR;3100.0;;1176.0;1.3.2 - Madeira em tora para outras finalidades;True;2025
4105508;PR;2698.0;;8705.0;1.2 - Lenha;True;2025
4105607;PR;664.0;;2370.0;1.2 - Lenha;True;2025
4105706;PR;1522.0;;9434.0;1.3.2 - Madeira em tora para outras finalidades;True;2025
4105805;PR;748.0;;3734.0;1.3.2 - Madeira em tora para outras finalidades;True;2025
4105904;PR;786.0;;815.0;1.2 - Lenha;True;2025
4106001;PR;1948.0;;39520.0;1.3.1 - Madeira em tora para papel e celulose;True;2025
4106100;PR;436.0;;1766.0;1.3.2 - Madeira em tora para outras finalidades;True;2025
4106209;PR;2148.0;;137.0;1.3.2 - Madeira em tora para outras finalidades;True;2025
4106308;PR;908.0;;657.0;1.3.2 - Madeira em tora para outras finalidades;True;2025
4106407;PR;1458.0;;146.0;1.3.2 - Madeira em tora para outras finalidades;True;2025
4106456;PR;2396.0;;39166.0;1.3.1 - Madeira em tora para papel e celulose;True;2025
4106506;PR;2962.0;;1765.0;1.3.2 - Madeira em tora para outras finalidades;True;2025
4106555;PR;764.0;;159.0;1.2 - Lenha;True;2025
4106571;PR;896.0;;3244.0;1.3.2 - Madeira em tora para outras finalidades;True;2025
4106605;PR;2038.0;;3339.0;1.2 - Lenha;True;2025
4106704;PR;514.0;;663.0;1.2 - Lenha;True;2025
4106803;PR;6102.0;;341803.0;1.3.2 - Madeira em tora para outras finalidades;True;2025
4106852;PR;650.0;;912.0;1.2 - Lenha;True;2025
4106902;PR;246.0;;3.0;1.2 - Lenha;True;2025
4107009;PR;1822.0;;26903.0;1.3.1 - Madeira em tora para papel e celulose;True;2025
4107108;PR;352.0;;366.0;1.2 - Lenha;True;2025
4107124;PR;1088.0;;2546.0;1.3.2 - Madeira em tora para outras finalidades;True;2025
4107157;PR;1392.0;;1508.0;1.2 - Lenha;True;2025
4107207;PR;3760.0;;10030.0;1.2 - Lenha;True;2025
4107256;PR;1024.0;;2456.0;1.1 - Carvão vegetal;True;2025
4107306;PR;576.0;;325.0;1.2 - Lenha;True;2025
4107405;PR;1820.0;;4874.0;1.2 - Lenha;True;2025
4107504;PR;1086.0;;4095.0;1.2 - Lenha;True;2025
4107520;PR;704.0;;900.0;1.2 - Lenha;True;2025
4107538;PR;632.0;;1145.0;1.2 - Lenha;True;2025
4107546;PR;1348.0;;5844.0;1.3.2 - Madeira em tora para outras finalidades;True;2025
4107553;PR;564.0;;322.0;1.2 - Lenha;True;2025
4107603;PR;1078.0;;7286.0;1.2 - Lenha;True;2025
4107652;PR;268.0;;569.0;1.3.2 - Madeira em tora para outras finalidades;True;2025
4107702;PR;644.0;;53.0;1.2 - Lenha;True;2025
4107736;PR;1042.0;;38575.0;1.3.2 - Madeira em tora para outras finalidades;True;2025
4107751;PR;652.0;;24059.0;1.2 - Lenha;True;2025
4107801;PR;436.0;;1275.0;1.2 - Lenha;True;2025
4107850;PR;1322.0;;7131.0;1.3.2 - Madeira em tora para outras finalidades;True;2025
4107900;PR;316.0;;183.0;1.2 - Lenha;True;2025
4108007;PR;422.0;;154.0;1.2 - Lenha;True;2025
4108106;PR;200.0;;24.0;1.2 - Lenha;True;2025
4108205;PR;1542.0;;5266.0;1.2 - Lenha;True;2025
4108304;PR;1136.0;;227.0;1.2 - Lenha;True;2025
4108320;PR;1358.0;;18639.0;1.2 - Lenha;True;2025
4108403;PR;5242.0;;17894.0;1.2 - Lenha;True;2025
4108452;PR;518.0;;5372.0;1.3.2 - Madeira em tora para outras finalidades;True;2025
4108502;PR;1336.0;;684685.0;1.3.2 - Madeira em tora para outras finalidades;True;2025
4108551;PR;930.0;;510.0;1.3.2 - Madeira em tora para outras finalidades;True;2025
4108601;PR;1064.0;;5558.0;1.2 - Lenha;True;2025
4108650;PR;1712.0;;49478.0;1.3.2 - Madeira em tora para outras finalidades;True;2025
4108700;PR;1144.0;;1307.0;1.2 - Lenha;True;2025
4108809;PR;1322.0;;4560.0;1.2 - Lenha;True;2025
4108908;PR;998.0;;2340.0;1.2 - Lenha;True;2025
4108957;PR;2068.0;;42613.0;1.3.2 - Madeira em tora para outras finalidades;True;2025
4109005;PR;650.0;;21923.0;1.2 - Lenha;True;2025
4109104;PR;400.0;;581.0;1.2 - Lenha;True;2025
4109203;PR;432.0;;173.0;1.2 - Lenha;True;2025
4109302;PR;3316.0;;28154.0;1.3.2 - Madeira em tora para outras finalidades;True;2025
4109401;PR;4268.0;;139214.0;1.3.2 - Madeira em tora para outras finalidades;True;2025
4109500;PR;986.0;;;;False;2025
4109609;PR;752.0;;84.0;1.3.2 - Madeira em tora para outras finalidades;True;2025
4109658;PR;1466.0;;4543.0;1.3.1 - Madeira em tora para papel e celulose;True;2025
4109708;PR;2906.0;;14941.0;1.2 - Lenha;True;2025
4109757;PR;796.0;;7805.0;1.3.1 - Madeira em tora para papel e celulose;True;2025
4109807;PR;964.0;;459.0;1.2 - Lenha;True;2025
4109906;PR;1260.0;;2547.0;1.2 - Lenha;True;2025
4110003;PR;446.0;;1300.0;1.2 - Lenha;True;2025
4110052;PR;530.0;;64.0;1.2 - Lenha;True;2025
4110078;PR;1160.0;;28955.0;1.3.1 - Madeira em tora para papel e celulose;True;2025
4110102;PR;3198.0;;38482.0;1.3.2 - Madeira em tora para outras finalidades;True;2025
4110201;PR;1588.0;;211624.0;1.3.2 - Madeira em tora para outras finalidades;True;2025
4110300;PR;240.0;;158.0;1.2 - Lenha;True;2025
4110409;PR;796.0;;480.0;1.2 - Lenha;True;2025
4110508;PR;3532.0;;12623.0;1.3.2 - Madeira em tora para outras finalidades;True;2025
4110607;PR;2526.0;;18064.0;1.2 - Lenha;True;2025
4110656;PR;388.0;;2395.0;1.2 - Lenha;True;2025
4110706;PR;4788.0;;82353.0;1.3.2 - Madeira em tora para outras finalidades;True;2025
4110805;PR;2366.0;;3268.0;1.2 - Lenha;True;2025
4110904;PR;546.0;;95.0;1.2 - Lenha;True;2025
4110953;PR;1034.0;;469.0;1.2 - Lenha;True;2025
4111001;PR;404.0;;116.0;1.3.2 - Madeira em tora para outras finalidades;True;2025
4111100;PR;486.0;;625.0;1.2 - Lenha;True;2025
4111209;PR;1418.0;;853.0;1.3.2 - Madeira em tora para outras finalidades;True;2025
4111258;PR;1104.0;;62454.0;1.3.2 - Madeira em tora para outras finalidades;True;2025
4111308;PR;584.0;;456.0;1.2 - Lenha;True;2025
4111407;PR;3366.0;;26004.0;1.3.2 - Madeira em tora para outras finalidades;True;2025
4111506;PR;2322.0;;5100.0;1.3.2 - Madeira em tora para outras finalidades;True;2025
4111555;PR;1062.0;;4797.0;1.1 - Carvão vegetal;True;2025
4111605;PR;176.0;;313.0;1.2 - Lenha;True;2025
4111704;PR;1276.0;;2094.0;1.2 - Lenha;True;2025
4111803;PR;1622.0;;12119.0;1.2 - Lenha;True;2025
4111902;PR;818.0;;370.0;1.2 - Lenha;True;2025
4112009;PR;2028.0;;135855.0;1.3.1 - Madeira em tora para papel e celulose;True;2025
4112108;PR;938.0;;1146.0;1.2 - Lenha;True;2025
4112207;PR;944.0;;731.0;1.2 - Lenha;True;2025
4112306;PR;1154.0;;4689.0;1.3.2 - Madeira em tora para outras finalidades;True;2025
4112405;PR;810.0;;1161.0;1.2 - Lenha;True;2025
4112504;PR;2464.0;;435.0;1.3.2 - Madeira em tora para outras finalidades;True;2025
4112603;PR;152.0;;96.0;1.2 - Lenha;True;2025
4112702;PR;444.0;;203.0;1.2 - Lenha;True;2025
4112751;PR;1508.0;;6051.0;1.2 - Lenha;True;2025
4112801;PR;1330.0;;10205.0;1.2 - Lenha;True;2025
4112900;PR;648.0;;3893.0;1.2 - Lenha;True;2025
4112959;PR;880.0;;293.0;1.2 - Lenha;True;2025
4113007;PR;454.0;;567.0;1.2 - Lenha;True;2025
4113106;PR;882.0;;3137.0;1.2 - Lenha;True;2025
4113205;PR;4580.0;;63648.0;1.3.2 - Madeira em tora para outras finalidades;True;2025
4113254;PR;1628.0;;3367.0;1.3.1 - Madeira em tora para papel e celulose;True;2025
4113304;PR;2690.0;;11822.0;1.3.2 - Madeira em tora para outras finalidades;True;2025
4113403;PR;600.0;;231.0;1.3.2 - Madeira em tora para outras finalidades;True;2025
4113429;PR;690.0;;330.0;1.3.2 - Madeira em tora para outras finalidades;True;2025
4113452;PR;1540.0;;774.0;1.2 - Lenha;True;2025
4113502;PR;842.0;;3270.0;1.2 - Lenha;True;2025
4113601;PR;316.0;;366.0;1.2 - Lenha;True;2025
4113700;PR;4410.0;;20972.0;1.3.1 - Madeira em tora para papel e celulose;True;2025
4113734;PR;858.0;;5851.0;1.3.2 - Madeira em tora para outras finalidades;True;2025
4113759;PR;738.0;;349.0;1.2 - Lenha;True;2025
4113809;PR;346.0;;119.0;1.2 - Lenha;True;2025
4113908;PR;3048.0;;44968.0;1.2 - Lenha;True;2025
4114005;PR;1028.0;;860.0;1.2 - Lenha;True;2025
4114104;PR;692.0;;4250.0;1.2 - Lenha;True;2025
4114203;PR;1486.0;;16117.0;1.2 - Lenha;True;2025
4114302;PR;1672.0;;13280.0;1.3.2 - Madeira em tora para outras finalidades;True;2025
4114351;PR;1124.0;;3529.0;1.3.2 - Madeira em tora para outras finalidades;True;2025
4114401;PR;3118.0;;1671.0;1.3.2 - Madeira em tora para outras finalidades;True;2025
4114500;PR;2524.0;;3269.0;1.2 - Lenha;True;2025
4114609;PR;3868.0;;2484.0;1.2 - Lenha;True;2025
4114708;PR;1526.0;;3000.0;1.2 - Lenha;True;2025
4114807;PR;2702.0;;575.0;1.2 - Lenha;True;2025
4114906;PR;870.0;;2788.0;1.2 - Lenha;True;2025
4115002;PR;978.0;;624.0;1.2 - Lenha;True;2025
4115101;PR;916.0;;2923.0;1.2 - Lenha;True;2025
4115200;PR;1308.0;;625.0;1.2 - Lenha;True;2025
4115309;PR;1008.0;;582.0;1.3.2 - Madeira em tora para outras finalidades;True;2025
4115358;PR;1330.0;;1398.0;1.2 - Lenha;True;2025
4115408;PR;2298.0;;9019.0;1.3.2 - Madeira em tora para outras finalidades;True;2025
4115457;PR;1860.0;;4603.0;1.3.1 - Madeira em tora para papel e celulose;True;2025
4115507;PR;744.0;;1880.0;1.2 - Lenha;True;2025
4115606;PR;1942.0;;4108.0;1.2 - Lenha;True;2025
4115705;PR;12.0;;;;False;2025
4115739;PR;1198.0;;965.0;1.2 - Lenha;True;2025
4115754;PR;336.0;;6218.0;1.2 - Lenha;True;2025
4115804;PR;2306.0;;1388.0;1.2 - Lenha;True;2025
4115853;PR;1412.0;;2660.0;1.2 - Lenha;True;2025
4115903;PR;350.0;;780.0;1.2 - Lenha;True;2025
4116000;PR;268.0;;134.0;1.2 - Lenha;True;2025
4116059;PR;2662.0;;1389.0;1.2 - Lenha;True;2025
4116109;PR;1448.0;;5704.0;1.2 - Lenha;True;2025
4116208;PR;1054.0;;;;False;2025
4116307;PR;602.0;;55.0;1.2 - Lenha;True;2025
4116406;PR;380.0;;120.0;1.2 - Lenha;True;2025
4116505;PR;478.0;;108.0;1.2 - Lenha;True;2025
4116604;PR;332.0;;84.0;1.3.2 - Madeira em tora para outras finalidades;True;2025
4116703;PR;1678.0;;1572.0;1.2 - Lenha;True;2025
4116802;PR;1422.0;;228.0;1.2 - Lenha;True;2025
4116901;PR;1554.0;;3900.0;1.2 - Lenha;True;2025
4116950;PR;1880.0;;4555.0;1.3.2 - Madeira em tora para outras finalidades;True;2025
4117008;PR;490.0;;569.0;1.3.2 - Madeira em tora para outras finalidades;True;2025
4117057;PR;4082.0;;8621.0;1.3.2 - Madeira em tora para outras finalidades;True;2025
4117107;PR;600.0;;2465.0;1.2 - Lenha;True;2025
4117206;PR;516.0;;290.0;1.2 - Lenha;True;2025
4117214;PR;372.0;;40.0;1.3.2 - Madeira em tora para outras finalidades;True;2025
4117222;PR;1372.0;;1140.0;1.2 - Lenha;True;2025
4117255;PR;1960.0;;8815.0;1.3.2 - Madeira em tora para outras finalidades;True;2025
4117271;PR;2102.0;;297.0;1.2 - Lenha;True;2025
4117297;PR;844.0;;1094.0;1.2 - Lenha;True;2025
4117305;PR;5936.0;;98269.0;1.3.1 - Madeira em tora para papel e celulose;True;2025
4117404;PR;406.0;;375.0;1.2 - Lenha;True;2025
4117453;PR;922.0;;5380.0;1.2 - Lenha;True;2025
4117503;PR;358.0;;725.0;1.2 - Lenha;True;2025
4117602;PR;1288.0;;31570.0;1.3.1 - Madeira em tora para papel e celulose;True;2025
4117701;PR;3974.0;;12305.0;1.3.2 - Madeira em tora para outras finalidades;True;2025
4117800;PR;3368.0;;16844.0;1.3.1 - Madeira em tora para papel e celulose;True;2025
4117909;PR;2498.0;;8000.0;1.2 - Lenha;True;2025
4118006;PR;716.0;;750.0;1.2 - Lenha;True;2025
4118105;PR;492.0;;495.0;1.2 - Lenha;True;2025
4118204;PR;274.0;;;;False;2025
4118303;PR;50.0;;2163.0;1.2 - Lenha;True;2025
4118402;PR;2656.0;;25444.0;1.2 - Lenha;True;2025
4118451;PR;642.0;;1148.0;1.2 - Lenha;True;2025
4118501;PR;2232.0;;1768.0;1.3.2 - Madeira em tora para outras finalidades;True;2025
4118600;PR;970.0;;89002.0;1.3.2 - Madeira em tora para outras finalidades;True;2025
4118709;PR;2336.0;;60000.0;1.3.2 - Madeira em tora para outras finalidades;True;2025
4118808;PR;1090.0;;1544.0;1.2 - Lenha;True;2025
4118857;PR;1316.0;;4678.0;1.2 - Lenha;True;2025
4118907;PR;1162.0;;3641.0;1.2 - Lenha;True;2025
4119004;PR;2158.0;;2200.0;1.2 - Lenha;True;2025
4119103;PR;2426.0;;25583.0;1.2 - Lenha;True;2025
4119152;PR;74.0;;;;False;2025
4119202;PR;1232.0;;14006.0;1.3.2 - Madeira em tora para outras finalidades;True;2025
4119251;PR;810.0;;2363.0;1.2 - Lenha;True;2025
4119301;PR;5704.0;;43406.0;1.3.2 - Madeira em tora para outras finalidades;True;2025
4119400;PR;2476.0;;40220.0;1.3.1 - Madeira em tora para papel e celulose;True;2025
4119509;PR;420.0;;990.0;1.3.2 - Madeira em tora para outras finalidades;True;2025
4119608;PR;6016.0;;34093.0;1.3.1 - Madeira em tora para papel e celulose;True;2025
4119657;PR;494.0;;386.0;1.2 - Lenha;True;2025
4119707;PR;936.0;;2940.0;1.2 - Lenha;True;2025
4119806;PR;3704.0;;4403.0;1.2 - Lenha;True;2025
4119905;PR;2516.0;;29150.0;1.3.2 - Madeira em tora para outras finalidades;True;2025
4119954;PR;92.0;;;;False;2025
4120002;PR;332.0;;75.0;1.2 - Lenha;True;2025
4120101;PR;204.0;;2351.0;1.3.2 - Madeira em tora para outras finalidades;True;2025
4120150;PR;1488.0;;1940.0;1.3.2 - Madeira em tora para outras finalidades;True;2025
4120200;PR;262.0;;1152.0;1.2 - Lenha;True;2025
4120309;PR;836.0;;61669.0;1.3.2 - Madeira em tora para outras finalidades;True;2025
4120333;PR;200.0;;1075.0;1.2 - Lenha;True;2025
4120358;PR;920.0;;5488.0;1.3.2 - Madeira em tora para outras finalidades;True;2025
4120408;PR;576.0;;6990.0;1.2 - Lenha;True;2025
4120507;PR;890.0;;772.0;1.2 - Lenha;True;2025
4120606;PR;13250.0;;55727.0;1.3.2 - Madeira em tora para outras finalidades;True;2025
4120655;PR;438.0;;263.0;1.2 - Lenha;True;2025
4120705;PR;608.0;;10963.0;1.2 - Lenha;True;2025
4120804;PR;266.0;;3324.0;1.3.2 - Madeira em tora para outras finalidades;True;2025
4120853;PR;730.0;;1344.0;1.2 - Lenha;True;2025
4120903;PR;6286.0;;11195.0;1.2 - Lenha;True;2025
4121000;PR;2070.0;;3270.0;1.2 - Lenha;True;2025
4121109;PR;516.0;;193.0;1.2 - Lenha;True;2025
4121208;PR;2976.0;;15977.0;1.3.2 - Madeira em tora para outras finalidades;True;2025
4121257;PR;1202.0;;3186.0;1.2 - Lenha;True;2025
4121307;PR;468.0;;29.0;1.3.2 - Madeira em tora para outras finalidades;True;2025
4121356;PR;480.0;;848.0;1.2 - Lenha;True;2025
4121406;PR;1834.0;;4766.0;1.2 - Lenha;True;2025
4121505;PR;2484.0;;37515.0;1.3.2 - Madeira em tora para outras finalidades;True;2025
4121604;PR;1574.0;;2976.0;1.2 - Lenha;True;2025
4121703;PR;2942.0;;171110.0;1.3.1 - Madeira em tora para papel e celulose;True;2025
4121752;PR;1386.0;;21277.0;1.3.2 - Madeira em tora para outras finalidades;True;2025
4121802;PR;1598.0;;11299.0;1.2 - Lenha;True;2025
4121901;PR;1204.0;;409.0;1.3.2 - Madeira em tora para outras finalidades;True;2025
4122008;PR;4084.0;;24991.0;1.2 - Lenha;True;2025
4122107;PR;626.0;;1060.0;1.2 - Lenha;True;2025
4122156;PR;5838.0;;3480.0;1.2 - Lenha;True;2025
4122172;PR;1214.0;;22513.0;1.3.1 - Madeira em tora para papel e celulose;True;2025
4122206;PR;2166.0;;103638.0;1.3.2 - Madeira em tora para outras finalidades;True;2025
4122305;PR;2188.0;;65281.0;1.3.1 - Madeira em tora para papel e celulose;True;2025
4122404;PR;1332.0;;1144.0;1.2 - Lenha;True;2025
4122503;PR;1810.0;;543.0;1.2 - Lenha;True;2025
4122602;PR;1016.0;;1907.0;1.2 - Lenha;True;2025
4122651;PR;1678.0;;665.0;1.2 - Lenha;True;2025
4122701;PR;652.0;;1044.0;1.3.2 - Madeira em tora para outras finalidades;True;2025
4122800;PR;1104.0;;4228.0;1.2 - Lenha;True;2025
4122909;PR;938.0;;3617.0;1.2 - Lenha;True;2025
4123006;PR;2834.0;;6061.0;1.2 - Lenha;True;2025
4123105;PR;344.0;;56.0;1.2 - Lenha;True;2025
4123204;PR;360.0;;130.0;1.3.2 - Madeira em tora para outras finalidades;True;2025
4123303;PR;890.0;;1056.0;1.2 - Lenha;True;2025
4123402;PR;872.0;;106.0;1.2 - Lenha;True;2025
4123501;PR;3198.0;;3315.0;1.2 - Lenha;True;2025
4123600;PR;176.0;;76.0;1.2 - Lenha;True;2025
4123709;PR;934.0;;1380.0;1.2 - Lenha;True;2025
4123808;PR;2154.0;;5925.0;1.2 - Lenha;True;2025
4123824;PR;986.0;;25.0;1.2 - Lenha;True;2025
4123857;PR;3722.0;;7265.0;1.3.1 - Madeira em tora para papel e celulose;True;2025
4123907;PR;598.0;;247.0;1.3.2 - Madeira em tora para outras finalidades;True;2025
4123956;PR;556.0;;960.0;1.2 - Lenha;True;2025
4124004;PR;838.0;;1605.0;1.2 - Lenha;True;2025
4124020;PR;778.0;;740.0;1.2 - Lenha;True;2025
4124053;PR;876.0;;432.0;1.2 - Lenha;True;2025
4124103;PR;3276.0;;5200.0;1.2 - Lenha;True;2025
4124202;PR;462.0;;1214.0;1.2 - Lenha;True;2025
4124301;PR;358.0;;2961.0;1.3.1 - Madeira em tora para papel e celulose;True;2025
4124400;PR;2700.0;;5931.0;1.2 - Lenha;True;2025
4124509;PR;450.0;;76.0;1.2 - Lenha;True;2025
4124608;PR;304.0;;180.0;1.2 - Lenha;True;2025
4124707;PR;2714.0;;44258.0;1.3.2 - Madeira em tora para outras finalidades;True;2025
4124806;PR;2430.0;;929.0;1.2 - Lenha;True;2025
4124905;PR;638.0;;450.0;1.2 - Lenha;True;2025
4125001;PR;1356.0;;1866.0;1.2 - Lenha;True;2025
4125100;PR;3918.0;;43606.0;1.3.1 - Madeira em tora para papel e celulose;True;2025
4125209;PR;2048.0;;3851.0;1.3.2 - Madeira em tora para outras finalidades;True;2025
4125308;PR;506.0;;1550.0;1.2 - Lenha;True;2025
4125357;PR;1376.0;;7104.0;1.2 - Lenha;True;2025
4125407;PR;1610.0;;5163.0;1.2 - Lenha;True;2025
4125456;PR;816.0;;4760.0;1.2 - Lenha;True;2025
4125506;PR;3030.0;;1795.0;1.3.2 - Madeira em tora para outras finalidades;True;2025
4125555;PR;434.0;;770.0;1.2 - Lenha;True;2025
4125605;PR;6812.0;;48034.0;1.3.2 - Madeira em tora para outras finalidades;True;2025
4125704;PR;3176.0;;2111.0;1.2 - Lenha;True;2025
4125753;PR;1018.0;;4524.0;1.2 - Lenha;True;2025
4125803;PR;694.0;;966.0;1.2 - Lenha;True;2025
4125902;PR;686.0;;641.0;1.2 - Lenha;True;2025
4126009;PR;368.0;;263.0;1.2 - Lenha;True;2025
4126108;PR;584.0;;1111.0;1.2 - Lenha;True;2025
4126207;PR;1306.0;;19256.0;1.3.1 - Madeira em tora para papel e celulose;True;2025
4126256;PR;288.0;;125.0;1.2 - Lenha;True;2025
4126272;PR;1070.0;;150.0;1.3.2 - Madeira em tora para outras finalidades;True;2025
4126306;PR;1566.0;;194010.0;1.3.1 - Madeira em tora para papel e celulose;True;2025
4126355;PR;1424.0;;288.0;1.2 - Lenha;True;2025
4126405;PR;338.0;;82.0;1.2 - Lenha;True;2025
4126504;PR;786.0;;844.0;1.2 - Lenha;True;2025
4126603;PR;2142.0;;4652.0;1.2 - Lenha;True;2025
4126652;PR;998.0;;1050.0;1.2 - Lenha;True;2025
4126678;PR;1194.0;;3574.0;1.2 - Lenha;True;2025
4126702;PR;572.0;;660.0;1.2 - Lenha;True;2025
4126801;PR;578.0;;3179.0;1.2 - Lenha;True;2025
4126900;PR;1250.0;;3621.0;1.2 - Lenha;True;2025
4127007;PR;1486.0;;61736.0;1.3.2 - Madeira em tora para outras finalidades;True;2025
4127106;PR;192.0;;457977.0;1.3.1 - Madeira em tora para papel e celulose;True;2025
4127205;PR;902.0;;4867.0;1.2 - Lenha;True;2025
4127304;PR;1978.0;;3960.0;1.2 - Lenha;True;2025
4127403;PR;2418.0;;18400.0;1.2 - Lenha;True;2025
4127502;PR;2080.0;;145676.0;1.3.1 - Madeira em tora para papel e celulose;True;2025
4127601;PR;1382.0;;31104.0;1.3.2 - Madeira em tora para outras finalidades;True;2025
4127700;PR;5216.0;;6540.0;1.2 - Lenha;True;2025
4127809;PR;2580.0;;9751.0;1.3.2 - Madeira em tora para outras finalidades;True;2025
4127858;PR;2334.0;;3964.0;1.3.2 - Madeira em tora para outras finalidades;True;2025
4127882;PR;326.0;;105464.0;1.3.2 - Madeira em tora para outras finalidades;True;2025
4127908;PR;1440.0;;3163.0;1.2 - Lenha;True;2025
4127957;PR;1226.0;;1556.0;1.2 - Lenha;True;2025
4127965;PR;2438.0;;50652.0;1.3.2 - Madeira em tora para outras finalidades;True;2025
4128005;PR;1622.0;;497.0;1.2 - Lenha;True;2025
4128104;PR;3636.0;;10020.0;1.2 - Lenha;True;2025
4128203;PR;1598.0;;133266.0;1.3.2 - Madeira em tora para outras finalidades;True;2025
4128302;PR;452.0;;213.0;1.2 - Lenha;True;2025
4128401;PR;1200.0;;132.0;1.2 - Lenha;True;2025
4128500;PR;2332.0;;40650.0;1.1 - Carvão vegetal;True;2025
4128534;PR;852.0;;102186.0;1.3.1 - Madeira em tora para papel e celulose;True;2025
4128559;PR;1592.0;;2159.0;1.2 - Lenha;True;2025
4128609;PR;2022.0;;4241.0;1.3.2 - Madeira em tora para outras finalidades;True;2025
4128625;PR;602.0;;1665.0;1.2 - Lenha;True;2025
4128633;PR;2186.0;;28345.0;1.3.2 - Madeira em tora para outras finalidades;True;2025
4128658;PR;1014.0;;3199.0;1.3.2 - Madeira em tora para outras finalidades;True;2025
4128708;PR;944.0;;623.0;1.3.2 - Madeira em tora para outras finalidades;True;2025
4128807;PR;1224.0;;1887.0;1.2 - Lenha;True;2025
4200051;SC;1386.0;;7910.0;1.3.1 - Madeira em tora para papel e celulose;True;2025
4200101;SC;3514.0;;498.0;1.3.2 - Madeira em tora para outras finalidades;True;2025
4200200;SC;1020.0;;11400.0;1.2 - Lenha;True;2025
4200309;SC;1144.0;;5142.0;1.2 - Lenha;True;2025
4200408;SC;1732.0;;14403.0;1.3.1 - Madeira em tora para papel e celulose;True;2025
4200507;SC;1494.0;;205.0;1.2 - Lenha;True;2025
4200556;SC;726.0;;3690.0;1.3.2 - Madeira em tora para outras finalidades;True;2025
4200606;SC;1618.0;;52.0;1.3.2 - Madeira em tora para outras finalidades;True;2025
4200705;SC;3312.0;;5929.0;1.3.1 - Madeira em tora para papel e celulose;True;2025
4200754;SC;708.0;;1260.0;1.3.2 - Madeira em tora para outras finalidades;True;2025
4200804;SC;1406.0;;1564.0;1.3.2 - Madeira em tora para outras finalidades;True;2025
4200903;SC;1768.0;;3.0;1.2 - Lenha;True;2025
4201000;SC;2686.0;;48371.0;1.3.2 - Madeira em tora para outras finalidades;True;2025
4201109;SC;1000.0;;308.0;1.3.2 - Madeira em tora para outras finalidades;True;2025
4201208;SC;1090.0;;2620.0;1.3.2 - Madeira em tora para outras finalidades;True;2025
4201257;SC;874.0;;1089.0;1.3.2 - Madeira em tora para outras finalidades;True;2025
4201273;SC;1454.0;;2999.0;1.3.2 - Madeira em tora para outras finalidades;True;2025
4201307;SC;702.0;;;;False;2025
4201406;SC;2390.0;;5474.0;1.3.2 - Madeira em tora para outras finalidades;True;2025
4201505;SC;1130.0;;7671.0;1.2 - Lenha;True;2025
4201604;SC;650.0;;1125.0;1.3.2 - Madeira em tora para outras finalidades;True;2025
4201653;SC;770.0;;4832.0;1.2 - Lenha;True;2025
4201703;SC;312.0;;1090.0;1.2 - Lenha;True;2025
4201802;SC;1048.0;;2260.0;1.2 - Lenha;True;2025
4201901;SC;1446.0;;6760.0;1.2 - Lenha;True;2025
4201950;SC;134.0;;6365.0;1.3.2 - Madeira em tora para outras finalidades;True;2025
4202008;SC;22.0;;;;False;2025
4202057;SC;148.0;;8.0;1.2 - Lenha;True;2025
4202073;SC;356.0;;10642.0;1.3.2 - Madeira em tora para outras finalidades;True;2025
4202081;SC;892.0;;6231.0;1.2 - Lenha;True;2025
4202099;SC;684.0;;16500.0;1.3.2 - Madeira em tora para outras finalidades;True;2025
4202107;SC;540.0;;0.0;;True;2025
4202131;SC;2244.0;;13029.0;1.3.2 - Madeira em tora para outras finalidades;True;2025
4202156;SC;704.0;;642.0;1.2 - Lenha;True;2025
4202206;SC;2008.0;;8890.0;1.1 - Carvão vegetal;True;2025
4202305;SC;692.0;;2610.0;1.2 - Lenha;True;2025
4202404;SC;1332.0;;1242.0;1.2 - Lenha;True;2025
4202438;SC;1214.0;;89856.0;1.3.2 - Madeira em tora para outras finalidades;True;2025
4202453;SC;210.0;;;;False;2025
4202503;SC;1338.0;;9628.0;1.3.2 - Madeira em tora para outras finalidades;True;2025
4202537;SC;426.0;;;;False;2025
4202578;SC;804.0;;737.0;1.2 - Lenha;True;2025
4202602;SC;1500.0;;65476.0;1.3.2 - Madeira em tora para outras finalidades;True;2025
4202701;SC;894.0;;11122.0;1.2 - Lenha;True;2025
4202800;SC;1384.0;;4077.0;1.2 - Lenha;True;2025
4202859;SC;480.0;;679.0;1.2 - Lenha;True;2025
4202875;SC;1114.0;;16756.0;1.3.2 - Madeira em tora para outras finalidades;True;2025
4202909;SC;210.0;;1125.0;1.2 - Lenha;True;2025
4203006;SC;2632.0;;7438.0;1.3.2 - Madeira em tora para outras finalidades;True;2025
4203105;SC;1230.0;;4099.0;1.2 - Lenha;True;2025
4203154;SC;558.0;;22090.0;1.3.2 - Madeira em tora para outras finalidades;True;2025
4203204;SC;590.0;;;;False;2025
4203253;SC;1420.0;;149910.0;1.3.2 - Madeira em tora para outras finalidades;True;2025
4203303;SC;1316.0;;50950.0;1.3.2 - Madeira em tora para outras finalidades;True;2025
4203402;SC;2080.0;;179967.0;1.3.2 - Madeira em tora para outras finalidades;True;2025
4203501;SC;1132.0;;738.0;1.3.2 - Madeira em tora para outras finalidades;True;2025
4203600;SC;3340.0;;22360.0;1.3.1 - Madeira em tora para papel e celulose;True;2025
4203709;SC;420.0;;15810.0;1.3.2 - Madeira em tora para outras finalidades;True;2025
4203808;SC;5832.0;;73355.0;1.3.2 - Madeira em tora para outras finalidades;True;2025
4203907;SC;902.0;;1013.0;1.3.2 - Madeira em tora para outras finalidades;True;2025
4203956;SC;186.0;;236.0;1.3.2 - Madeira em tora para outras finalidades;True;2025
4204004;SC;412.0;;4518.0;1.3.1 - Madeira em tora para papel e celulose;True;2025
4204103;SC;1192.0;;1810.0;1.2 - Lenha;True;2025
4204152;SC;1112.0;;1658.0;1.3.1 - Madeira em tora para papel e celulose;True;2025
4204178;SC;1582.0;;54478.0;1.3.2 - Madeira em tora para outras finalidades;True;2025
4204194;SC;1304.0;;4047.0;1.2 - Lenha;True;2025
4204202;SC;3322.0;;14240.0;1.2 - Lenha;True;2025
4204251;SC;488.0;;3450.0;1.3.2 - Madeira em tora para outras finalidades;True;2025
4204301;SC;5530.0;;13864.0;1.3.2 - Madeira em tora para outras finalidades;True;2025
4204350;SC;708.0;;5057.0;1.2 - Lenha;True;2025
4204400;SC;1664.0;;10209.0;1.2 - Lenha;True;2025
4204459;SC;888.0;;163.0;1.3.2 - Madeira em tora para outras finalidades;True;2025
4204509;SC;1504.0;;15467.0;1.3.2 - Madeira em tora para outras finalidades;True;2025
4204558;SC;1768.0;;60562.0;1.3.2 - Madeira em tora para outras finalidades;True;2025
4204608;SC;1040.0;;2670.0;1.3.2 - Madeira em tora para outras finalidades;True;2025
4204707;SC;1820.0;;1236.0;1.2 - Lenha;True;2025
4204756;SC;770.0;;98.0;1.2 - Lenha;True;2025
4204806;SC;1786.0;;20004.0;1.3.2 - Madeira em tora para outras finalidades;True;2025
4204905;SC;1848.0;;1330.0;1.2 - Lenha;True;2025
4205001;SC;1928.0;;4655.0;1.3.2 - Madeira em tora para outras finalidades;True;2025
4205100;SC;880.0;;6170.0;1.3.2 - Madeira em tora para outras finalidades;True;2025
4205159;SC;826.0;;4448.0;1.3.1 - Madeira em tora para papel e celulose;True;2025
4205175;SC;996.0;;285.0;1.2 - Lenha;True;2025
4205191;SC;408.0;;412.0;1.3.2 - Madeira em tora para outras finalidades;True;2025
4205209;SC;788.0;;120.0;1.2 - Lenha;True;2025
4205308;SC;982.0;;9338.0;1.3.2 - Madeira em tora para outras finalidades;True;2025
4205357;SC;488.0;;1540.0;1.3.2 - Madeira em tora para outras finalidades;True;2025
4205407;SC;422.0;;;;False;2025
4205431;SC;776.0;;480.0;1.3.2 - Madeira em tora para outras finalidades;True;2025
4205456;SC;1108.0;;349.0;1.3.2 - Madeira em tora para outras finalidades;True;2025
4205506;SC;1878.0;;4927.0;1.3.1 - Madeira em tora para papel e celulose;True;2025
4205555;SC;858.0;;415.0;1.3.2 - Madeira em tora para outras finalidades;True;2025
4205605;SC;540.0;;93.0;1.2 - Lenha;True;2025
4205704;SC;506.0;;226.0;1.1 - Carvão vegetal;True;2025
4205803;SC;728.0;;27.0;1.2 - Lenha;True;2025
4205902;SC;1120.0;;6675.0;1.1 - Carvão vegetal;True;2025
4206009;SC;184.0;;;;False;2025
4206108;SC;1734.0;;3112.0;1.2 - Lenha;True;2025
4206207;SC;1500.0;;4989.0;1.3.2 - Madeira em tora para outras finalidades;True;2025
4206306;SC;572.0;;275.0;1.3.2 - Madeira em tora para outras finalidades;True;2025
4206405;SC;2292.0;;7621.0;1.2 - Lenha;True;2025
4206504;SC;788.0;;4310.0;1.2 - Lenha;True;2025
4206603;SC;706.0;;2825.0;1.2 - Lenha;True;2025
4206652;SC;1164.0;;3963.0;1.2 - Lenha;True;2025
4206702;SC;1062.0;;39.0;1.3.2 - Madeira em tora para outras finalidades;True;2025
4206751;SC;782.0;;1975.0;1.3.1 - Madeira em tora para papel e celulose;True;2025
4206801;SC;1132.0;;511.0;1.3.1 - Madeira em tora para papel e celulose;True;2025
4206900;SC;1192.0;;4291.0;1.2 - Lenha;True;2025
4207007;SC;2080.0;;810.0;1.3.2 - Madeira em tora para outras finalidades;True;2025
4207106;SC;712.0;;;;False;2025
4207205;SC;2270.0;;41211.0;1.3.2 - Madeira em tora para outras finalidades;True;2025
4207304;SC;634.0;;345.0;1.2 - Lenha;True;2025
4207403;SC;1530.0;;5261.0;1.2 - Lenha;True;2025
4207502;SC;1434.0;;888.0;1.3.1 - Madeira em tora para papel e celulose;True;2025
4207577;SC;630.0;;229.0;1.2 - Lenha;True;2025
4207601;SC;1188.0;;3365.0;1.3.2 - Madeira em tora para outras finalidades;True;2025
4207650;SC;1764.0;;8500.0;1.2 - Lenha;True;2025
4207684;SC;1180.0;;159.0;1.2 - Lenha;True;2025
4207700;SC;1744.0;;12040.0;1.3.2 - Madeira em tora para outras finalidades;True;2025
4207759;SC;1330.0;;713.0;1.2 - Lenha;True;2025
4207809;SC;1196.0;;19130.0;1.3.2 - Madeira em tora para outras finalidades;True;2025
4207858;SC;626.0;;80.0;1.3.2 - Madeira em tora para outras finalidades;True;2025
4207908;SC;2890.0;;33117.0;1.3.2 - Madeira em tora para outras finalidades;True;2025
4208005;SC;1234.0;;2879.0;1.3.2 - Madeira em tora para outras finalidades;True;2025
4208104;SC;5230.0;;100333.0;1.3.2 - Madeira em tora para outras finalidades;True;2025
4208203;SC;636.0;;;;False;2025
4208302;SC;138.0;;;;False;2025
4208401;SC;2296.0;;3615.0;1.2 - Lenha;True;2025
4208450;SC;182.0;;28.0;1.2 - Lenha;True;2025
4208500;SC;3374.0;;8853.0;1.2 - Lenha;True;2025
4208609;SC;974.0;;1368.0;1.3.2 - Madeira em tora para outras finalidades;True;2025
4208708;SC;1764.0;;4107.0;1.3.2 - Madeira em tora para outras finalidades;True;2025
4208807;SC;1182.0;;4018.0;1.2 - Lenha;True;2025
4208906;SC;1422.0;;9420.0;1.3.2 - Madeira em tora para outras finalidades;True;2025
4208955;SC;532.0;;2140.0;1.3.2 - Madeira em tora para outras finalidades;True;2025
4209003;SC;1674.0;;17145.0;1.2 - Lenha;True;2025
4209102;SC;2952.0;;1525.0;1.3.2 - Madeira em tora para outras finalidades;True;2025
4209151;SC;1210.0;;7234.0;1.3.2 - Madeira em tora para outras finalidades;True;2025
4209177;SC;674.0;;175.0;1.3.2 - Madeira em tora para outras finalidades;True;2025
4209201;SC;406.0;;117.0;1.3.1 - Madeira em tora para papel e celulose;True;2025
4209300;SC;2778.0;;213176.0;1.3.2 - Madeira em tora para outras finalidades;True;2025
4209409;SC;350.0;;1966.0;1.3.2 - Madeira em tora para outras finalidades;True;2025
4209458;SC;536.0;;1120.0;1.2 - Lenha;True;2025
4209508;SC;486.0;;775.0;1.2 - Lenha;True;2025
4209607;SC;998.0;;2100.0;1.2 - Lenha;True;2025
4209706;SC;1902.0;;25240.0;1.3.2 - Madeira em tora para outras finalidades;True;2025
4209805;SC;1278.0;;10214.0;1.3.1 - Madeira em tora para papel e celulose;True;2025
4209854;SC;1320.0;;13171.0;1.3.2 - Madeira em tora para outras finalidades;True;2025
4209904;SC;1000.0;;3520.0;1.2 - Lenha;True;2025
4210001;SC;1242.0;;;;False;2025
4210035;SC;708.0;;721.0;1.3.2 - Madeira em tora para outras finalidades;True;2025
4210050;SC;682.0;;2522.0;1.2 - Lenha;True;2025
4210100;SC;3876.0;;101512.0;1.3.2 - Madeira em tora para outras finalidades;True;2025
4210209;SC;930.0;;7120.0;1.3.2 - Madeira em tora para outras finalidades;True;2025
4210308;SC;2224.0;;5692.0;1.3.2 - Madeira em tora para outras finalidades;True;2025
4210407;SC;534.0;;385.0;1.3.2 - Madeira em tora para outras finalidades;True;2025
4210506;SC;1768.0;;2403.0;1.2 - Lenha;True;2025
4210555;SC;740.0;;2674.0;1.2 - Lenha;True;2025
4210605;SC;2216.0;;1224.0;1.3.2 - Madeira em tora para outras finalidades;True;2025
4210704;SC;800.0;;9713.0;1.3.1 - Madeira em tora para papel e celulose;True;2025
4210803;SC;1052.0;;736.0;1.3.2 - Madeira em tora para outras finalidades;True;2025
4210852;SC;720.0;;2913.0;1.3.1 - Madeira em tora para papel e celulose;True;2025
4210902;SC;720.0;;499.0;1.2 - Lenha;True;2025
4211009;SC;1744.0;;1817.0;1.2 - Lenha;True;2025
4211058;SC;570.0;;11177.0;1.3.1 - Madeira em tora para papel e celulose;True;2025
4211108;SC;916.0;;14299.0;1.3.2 - Madeira em tora para outras finalidades;True;2025
4211207;SC;526.0;;162.0;1.2 - Lenha;True;2025
4211256;SC;670.0;;6373.0;1.3.2 - Madeira em tora para outras finalidades;True;2025
4211306;SC;214.0;;;;False;2025
4211405;SC;564.0;;314.0;1.2 - Lenha;True;2025
4211454;SC;1104.0;;1740.0;1.2 - Lenha;True;2025
4211504;SC;982.0;;13321.0;1.3.2 - Madeira em tora para outras finalidades;True;2025
4211603;SC;1084.0;;7070.0;1.2 - Lenha;True;2025
4211652;SC;944.0;;1389.0;1.3.2 - Madeira em tora para outras finalidades;True;2025
4211702;SC;2520.0;;16740.0;1.2 - Lenha;True;2025
4211751;SC;1016.0;;139372.0;1.3.2 - Madeira em tora para outras finalidades;True;2025
4211801;SC;1348.0;;450.0;1.2 - Lenha;True;2025
4211850;SC;600.0;;40.0;1.3.2 - Madeira em tora para outras finalidades;True;2025
4211876;SC;712.0;;3130.0;1.3.2 - Madeira em tora para outras finalidades;True;2025
4211892;SC;1266.0;;26795.0;1.3.2 - Madeira em tora para outras finalidades;True;2025
4211900;SC;468.0;;5.0;1.2 - Lenha;True;2025
4212007;SC;1064.0;;9233.0;1.3.2 - Madeira em tora para outras finalidades;True;2025
4212056;SC;1040.0;;92588.0;1.3.2 - Madeira em tora para outras finalidades;True;2025
4212106;SC;2910.0;;3065.0;1.2 - Lenha;True;2025
4212205;SC;2378.0;;12068.0;1.3.2 - Madeira em tora para outras finalidades;True;2025
4212239;SC;1200.0;;850.0;1.2 - Lenha;True;2025
4212254;SC;214.0;;7719.0;1.3.2 - Madeira em tora para outras finalidades;True;2025
4212270;SC;1364.0;;41505.0;1.3.2 - Madeira em tora para outras finalidades;True;2025
4212304;SC;470.0;;;;False;2025
4212403;SC;892.0;;28463.0;1.3.2 - Madeira em tora para outras finalidades;True;2025
4212502;SC;238.0;;;;False;2025
4212601;SC;708.0;;1766.0;1.2 - Lenha;True;2025
4212650;SC;544.0;;1856.0;1.3.2 - Madeira em tora para outras finalidades;True;2025
4212700;SC;2020.0;;9475.0;1.2 - Lenha;True;2025
4212809;SC;262.0;;6.0;1.3.2 - Madeira em tora para outras finalidades;True;2025
4212908;SC;1458.0;;4260.0;1.2 - Lenha;True;2025
4213005;SC;412.0;;263.0;1.2 - Lenha;True;2025
4213104;SC;976.0;;1591.0;1.3.2 - Madeira em tora para outras finalidades;True;2025
4213153;SC;714.0;;1710.0;1.2 - Lenha;True;2025
4213203;SC;1492.0;;1119.0;1.3.1 - Madeira em tora para papel e celulose;True;2025
4213302;SC;818.0;;14922.0;1.2 - Lenha;True;2025
4213351;SC;162.0;;129730.0;1.3.2 - Madeira em tora para outras finalidades;True;2025
4213401;SC;744.0;;38660.0;1.3.1 - Madeira em tora para papel e celulose;True;2025
4213500;SC;146.0;;;;False;2025
4213609;SC;2708.0;;33765.0;1.3.1 - Madeira em tora para papel e celulose;True;2025
4213708;SC;2360.0;;9294.0;1.3.2 - Madeira em tora para outras finalidades;True;2025
4213807;SC;688.0;;856.0;1.3.2 - Madeira em tora para outras finalidades;True;2025
4213906;SC;522.0;;1255.0;1.3.2 - Madeira em tora para outras finalidades;True;2025
4214003;SC;2038.0;;7360.0;1.2 - Lenha;True;2025
4214102;SC;728.0;;3648.0;1.2 - Lenha;True;2025
4214151;SC;758.0;;630.0;1.3.2 - Madeira em tora para outras finalidades;True;2025
4214201;SC;2324.0;;1415.0;1.3.2 - Madeira em tora para outras finalidades;True;2025
4214300;SC;706.0;;4.0;1.2 - Lenha;True;2025
4214409;SC;1392.0;;6388.0;1.3.2 - Madeira em tora para outras finalidades;True;2025
4214508;SC;1802.0;;2326.0;1.2 - Lenha;True;2025
4214607;SC;1540.0;;4364.0;1.2 - Lenha;True;2025
4214706;SC;1572.0;;29737.0;1.3.2 - Madeira em tora para outras finalidades;True;2025
4214805;SC;1378.0;;4865.0;1.3.2 - Madeira em tora para outras finalidades;True;2025
4214904;SC;1464.0;;28013.0;1.1 - Carvão vegetal;True;2025
4215000;SC;1648.0;;118079.0;1.3.2 - Madeira em tora para outras finalidades;True;2025
4215059;SC;612.0;;7162.0;1.3.2 - Madeira em tora para outras finalidades;True;2025
4215075;SC;1380.0;;3232.0;1.2 - Lenha;True;2025
4215109;SC;934.0;;1022.0;1.3.2 - Madeira em tora para outras finalidades;True;2025
4215208;SC;1622.0;;2085.0;1.3.2 - Madeira em tora para outras finalidades;True;2025
4215307;SC;1426.0;;5308.0;1.3.2 - Madeira em tora para outras finalidades;True;2025
4215356;SC;1220.0;;201.0;1.3.2 - Madeira em tora para outras finalidades;True;2025
4215406;SC;544.0;;688.0;1.2 - Lenha;True;2025
4215455;SC;404.0;;1858.0;1.2 - Lenha;True;2025
4215505;SC;716.0;;94175.0;1.3.2 - Madeira em tora para outras finalidades;True;2025
4215554;SC;662.0;;837.0;1.2 - Lenha;True;2025
4215604;SC;898.0;;19083.0;1.3.2 - Madeira em tora para outras finalidades;True;2025
4215653;SC;1074.0;;2014.0;1.3.2 - Madeira em tora para outras finalidades;True;2025
4215679;SC;4396.0;;12797.0;1.2 - Lenha;True;2025
4215687;SC;1100.0;;132.0;1.2 - Lenha;True;2025
4215695;SC;430.0;;788.0;1.2 - Lenha;True;2025
4215703;SC;870.0;;53.0;1.3.2 - Madeira em tora para outras finalidades;True;2025
4215752;SC;892.0;;311.0;1.3.2 - Madeira em tora para outras finalidades;True;2025
4215802;SC;952.0;;118603.0;1.3.2 - Madeira em tora para outras finalidades;True;2025
4215901;SC;1060.0;;53.0;1.3.2 - Madeira em tora para outras finalidades;True;2025
4216008;SC;1668.0;;865.0;1.2 - Lenha;True;2025
4216057;SC;356.0;;34476.0;1.3.2 - Madeira em tora para outras finalidades;True;2025
4216107;SC;1306.0;;266.0;1.2 - Lenha;True;2025
4216206;SC;336.0;;168.0;1.2 - Lenha;True;2025
4216255;SC;1554.0;;2860.0;1.2 - Lenha;True;2025
4216305;SC;1156.0;;2400.0;1.3.2 - Madeira em tora para outras finalidades;True;2025
4216354;SC;566.0;;;;False;2025
4216404;SC;1456.0;;1994.0;1.3.2 - Madeira em tora para outras finalidades;True;2025
4216503;SC;4720.0;;28463.0;1.3.2 - Madeira em tora para outras finalidades;True;2025
4216602;SC;214.0;;1101.0;1.3.2 - Madeira em tora para outras finalidades;True;2025
4216701;SC;2274.0;;3522.0;1.3.2 - Madeira em tora para outras finalidades;True;2025
4216800;SC;4126.0;;106531.0;1.3.2 - Madeira em tora para outras finalidades;True;2025
4216909;SC;2540.0;;2399.0;1.3.2 - Madeira em tora para outras finalidades;True;2025
4217006;SC;754.0;;3035.0;1.3.2 - Madeira em tora para outras finalidades;True;2025
4217105;SC;904.0;;8820.0;1.3.2 - Madeira em tora para outras finalidades;True;2025
4217154;SC;794.0;;330.0;1.2 - Lenha;True;2025
4217204;SC;1756.0;;1423.0;1.3.2 - Madeira em tora para outras finalidades;True;2025
4217253;SC;646.0;;45.0;1.2 - Lenha;True;2025
4217303;SC;2240.0;;13440.0;1.2 - Lenha;True;2025
4217402;SC;458.0;;46.0;1.3.2 - Madeira em tora para outras finalidades;True;2025
4217501;SC;2386.0;;7383.0;1.3.2 - Madeira em tora para outras finalidades;True;2025
4217550;SC;854.0;;999.0;1.2 - Lenha;True;2025
4217600;SC;854.0;;6155.0;1.3.2 - Madeira em tora para outras finalidades;True;2025
4217709;SC;1204.0;;288.0;1.2 - Lenha;True;2025
4217758;SC;1004.0;;3998.0;1.2 - Lenha;True;2025
4217808;SC;2800.0;;13765.0;1.2 - Lenha;True;2025
4217907;SC;1680.0;;28033.0;1.3.1 - Madeira em tora para papel e celulose;True;2025
4217956;SC;570.0;;84.0;1.2 - Lenha;True;2025
4218004;SC;890.0;;18552.0;1.3.2 - Madeira em tora para outras finalidades;True;2025
4218103;SC;784.0;;3726.0;1.3.2 - Madeira em tora para outras finalidades;True;2025
4218202;SC;642.0;;1705.0;1.3.1 - Madeira em tora para papel e celulose;True;2025
4218251;SC;1462.0;;98732.0;1.3.2 - Madeira em tora para outras finalidades;True;2025
4218301;SC;786.0;;21249.0;1.3.2 - Madeira em tora para outras finalidades;True;2025
4218350;SC;350.0;;2243.0;1.2 - Lenha;True;2025
4218400;SC;1208.0;;4384.0;1.3.2 - Madeira em tora para outras finalidades;True;2025
4218509;SC;862.0;;115.0;1.2 - Lenha;True;2025
4218608;SC;532.0;;1555.0;1.3.2 - Madeira em tora para outras finalidades;True;2025
4218707;SC;1980.0;;5849.0;1.3.2 - Madeira em tora para outras finalidades;True;2025
4218756;SC;1096.0;;2988.0;1.1 - Carvão vegetal;True;2025
4218806;SC;1322.0;;2025.0;1.3.2 - Madeira em tora para outras finalidades;True;2025
4218855;SC;844.0;;636.0;1.2 - Lenha;True;2025
4218905;SC;1316.0;;8828.0;1.3.2 - Madeira em tora para outras finalidades;True;2025
4218954;SC;644.0;;6690.0;1.3.2 - Madeira em tora para outras finalidades;True;2025
4219002;SC;1320.0;;7920.0;1.3.2 - Madeira em tora para outras finalidades;True;2025
4219101;SC;674.0;;16430.0;1.3.1 - Madeira em tora para papel e celulose;True;2025
4219150;SC;1428.0;;3592.0;1.3.1 - Madeira em tora para papel e celulose;True;2025
4219176;SC;652.0;;15410.0;1.3.2 - Madeira em tora para outras finalidades;True;2025
4219200;SC;2098.0;;11990.0;1.2 - Lenha;True;2025
4219309;SC;2094.0;;7548.0;1.3.2 - Madeira em tora para outras finalidades;True;2025
4219358;SC;1586.0;;11151.0;1.2 - Lenha;True;2025
4219408;SC;1290.0;;6420.0;1.3.2 - Madeira em tora para outras finalidades;True;2025
4219507;SC;1422.0;;5100.0;1.2 - Lenha;True;2025
4219606;SC;1476.0;;8135.0;1.3.2 - Madeira em tora para outras finalidades;True;2025
4219705;SC;1846.0;;7656.0;1.2 - Lenha;True;2025
4219853;SC;514.0;;367.0;1.2 - Lenha;True;2025
4220000;SC;170.0;;770.0;1.3.2 - Madeira em tora para outras finalidades;True;2025
4300034;RS;1612.0;;109.0;1.2 - Lenha;True;2025
4300059;RS;1158.0;;953.0;1.2 - Lenha;True;2025
4300109;RS;4146.0;;3893.0;1.2 - Lenha;True;2025
4300208;RS;1506.0;;1385.0;1.3.2 - Madeira em tora para outras finalidades;True;2025
4300307;RS;2716.0;;2092.0;1.3.2 - Madeira em tora para outras finalidades;True;2025
4300406;RS;5342.0;;32863.0;1.3.1 - Madeira em tora para papel e celulose;True;2025
4300455;RS;1440.0;;583.0;1.3.2 - Madeira em tora para outras finalidades;True;2025
4300471;RS;844.0;;147.0;1.2 - Lenha;True;2025
4300505;RS;2834.0;;2266.0;1.2 - Lenha;True;2025
4300554;RS;782.0;;72.0;1.2 - Lenha;True;2025
4300570;RS;886.0;;6425.0;1.2 - Lenha;True;2025
4300604;RS;54.0;;;;False;2025
4300638;RS;2124.0;;41206.0;1.3.1 - Madeira em tora para papel e celulose;True;2025
4300646;RS;1290.0;;1123.0;1.2 - Lenha;True;2025
4300661;RS;490.0;;4603.0;1.3.2 - Madeira em tora para outras finalidades;True;2025
4300703;RS;1878.0;;5243.0;1.2 - Lenha;True;2025
4300802;RS;2072.0;;3570.0;1.3.2 - Madeira em tora para outras finalidades;True;2025
4300851;RS;342.0;;132.0;1.2 - Lenha;True;2025
4300877;RS;116.0;;632.0;1.2 - Lenha;True;2025
4300901;RS;1900.0;;3596.0;1.3.2 - Madeira em tora para outras finalidades;True;2025
4301008;RS;1618.0;;1443.0;1.2 - Lenha;True;2025
4301057;RS;134.0;;1139.0;1.3.2 - Madeira em tora para outras finalidades;True;2025
4301073;RS;854.0;;1500.0;1.2 - Lenha;True;2025
4301107;RS;790.0;;60633.0;1.3.1 - Madeira em tora para papel e celulose;True;2025
4301206;RS;3880.0;;4410.0;1.2 - Lenha;True;2025
4301305;RS;1922.0;;32247.0;1.3.1 - Madeira em tora para papel e celulose;True;2025
4301404;RS;2462.0;;6866.0;1.2 - Lenha;True;2025
4301503;RS;1844.0;;1134.0;1.2 - Lenha;True;2025
4301552;RS;1322.0;;209.0;1.2 - Lenha;True;2025
4301602;RS;2254.0;;59120.0;1.3.1 - Madeira em tora para papel e celulose;True;2025
4301636;RS;38.0;;;;False;2025
4301651;RS;1468.0;;7873.0;1.2 - Lenha;True;2025
4301701;RS;2060.0;;1269.0;1.3.2 - Madeira em tora para outras finalidades;True;2025
4301750;RS;3550.0;;11839.0;1.2 - Lenha;True;2025
4301800;RS;2042.0;;3400.0;1.3.2 - Madeira em tora para outras finalidades;True;2025
4301859;RS;426.0;;375.0;1.2 - Lenha;True;2025
4301875;RS;292.0;;1095.0;1.2 - Lenha;True;2025
4301909;RS;994.0;;51059.0;1.3.1 - Madeira em tora para papel e celulose;True;2025
4301925;RS;902.0;;717.0;1.2 - Lenha;True;2025
4301958;RS;468.0;;29.0;1.2 - Lenha;True;2025
4302006;RS;3324.0;;11165.0;1.2 - Lenha;True;2025
4302055;RS;780.0;;298.0;1.2 - Lenha;True;2025
4302105;RS;2256.0;;2417.0;1.3.2 - Madeira em tora para outras finalidades;True;2025
4302154;RS;478.0;;336.0;1.3.2 - Madeira em tora para outras finalidades;True;2025
4302204;RS;1084.0;;2217.0;1.3.2 - Madeira em tora para outras finalidades;True;2025
4302220;RS;1042.0;;312.0;1.2 - Lenha;True;2025
4302238;RS;692.0;;260.0;1.2 - Lenha;True;2025
4302253;RS;1772.0;;5863.0;1.2 - Lenha;True;2025
4302303;RS;1832.0;;6852.0;1.2 - Lenha;True;2025
4302352;RS;1232.0;;951.0;1.2 - Lenha;True;2025
4302378;RS;422.0;;218.0;1.2 - Lenha;True;2025
4302402;RS;682.0;;14939.0;1.3.2 - Madeira em tora para outras finalidades;True;2025
4302451;RS;2630.0;;7052.0;1.2 - Lenha;True;2025
4302501;RS;1868.0;;873.0;1.3.2 - Madeira em tora para outras finalidades;True;2025
4302584;RS;726.0;;212.0;1.3.2 - Madeira em tora para outras finalidades;True;2025
4302600;RS;760.0;;581.0;1.2 - Lenha;True;2025
4302659;RS;1420.0;;26690.0;1.1 - Carvão vegetal;True;2025
4302709;RS;678.0;;213621.0;1.2 - Lenha;True;2025
4302808;RS;5306.0;;410.0;1.2 - Lenha;True;2025
4302907;RS;930.0;;97300.0;1.3.1 - Madeira em tora para papel e celulose;True;2025
4303004;RS;5560.0;;139136.0;2.3 - Resina;True;2025
4303103;RS;12.0;;;;False;2025
4303202;RS;1800.0;;114.0;1.2 - Lenha;True;2025
4303301;RS;1130.0;;324.0;1.2 - Lenha;True;2025
4303400;RS;1872.0;;1234.0;1.2 - Lenha;True;2025
4303509;RS;5258.0;;34814.0;1.3.1 - Madeira em tora para papel e celulose;True;2025
4303558;RS;874.0;;;;False;2025
4303608;RS;714.0;;65550.0;1.3.2 - Madeira em tora para outras finalidades;True;2025
4303673;RS;1228.0;;5549.0;1.3.2 - Madeira em tora para outras finalidades;True;2025
4303707;RS;2252.0;;547.0;1.3.2 - Madeira em tora para outras finalidades;True;2025
4303806;RS;702.0;;764.0;1.2 - Lenha;True;2025
4303905;RS;198.0;;351.0;1.2 - Lenha;True;2025
4304002;RS;568.0;;2293.0;1.2 - Lenha;True;2025
4304101;RS;1002.0;;134.0;1.2 - Lenha;True;2025
4304200;RS;7294.0;;9042.0;1.2 - Lenha;True;2025
4304309;RS;2694.0;;739.0;1.2 - Lenha;True;2025
4304358;RS;1122.0;;14652.0;1.2 - Lenha;True;2025
4304408;RS;538.0;;24834.0;1.3.2 - Madeira em tora para outras finalidades;True;2025
4304507;RS;16150.0;;103766.0;1.3.1 - Madeira em tora para papel e celulose;True;2025
4304606;RS;80.0;;;;False;2025
4304614;RS;846.0;;775.0;1.2 - Lenha;True;2025
4304622;RS;738.0;;300.0;1.2 - Lenha;True;2025
4304630;RS;56.0;;1626.0;1.3.2 - Madeira em tora para outras finalidades;True;2025
4304655;RS;1062.0;;634.0;1.3.2 - Madeira em tora para outras finalidades;True;2025
4304663;RS;396.0;;;;False;2025
4304671;RS;190.0;;;;False;2025
4304689;RS;768.0;;7768.0;1.2 - Lenha;True;2025
4304697;RS;680.0;;804.0;1.3.2 - Madeira em tora para outras finalidades;True;2025
4304705;RS;684.0;;1940.0;1.2 - Lenha;True;2025
4304713;RS;2664.0;;5629.0;1.3.2 - Madeira em tora para outras finalidades;True;2025
4304804;RS;2626.0;;5959.0;1.2 - Lenha;True;2025
4304853;RS;674.0;;396.0;1.2 - Lenha;True;2025
4304903;RS;1586.0;;29.0;1.3.2 - Madeira em tora para outras finalidades;True;2025
4304952;RS;716.0;;835.0;1.2 - Lenha;True;2025
4305009;RS;1628.0;;1422.0;1.2 - Lenha;True;2025
4305108;RS;5504.0;;35850.0;1.3.2 - Madeira em tora para outras finalidades;True;2025
4305116;RS;1154.0;;227.0;1.2 - Lenha;True;2025
4305124;RS;1302.0;;;;False;2025
4305132;RS;1430.0;;1810.0;1.2 - Lenha;True;2025
4305157;RS;642.0;;119.0;1.2 - Lenha;True;2025
4305173;RS;2818.0;;16998.0;1.2 - Lenha;True;2025
4305207;RS;1560.0;;282.0;1.3.2 - Madeira em tora para outras finalidades;True;2025
4305306;RS;2330.0;;456.0;1.2 - Lenha;True;2025
4305355;RS;274.0;;31207.0;1.3.1 - Madeira em tora para papel e celulose;True;2025
4305371;RS;980.0;;298.0;1.2 - Lenha;True;2025
4305405;RS;834.0;;2092.0;1.2 - Lenha;True;2025
4305439;RS;160.0;;;;False;2025
4305447;RS;2024.0;;18896.0;1.2 - Lenha;True;2025
4305454;RS;118.0;;2682.0;1.3.2 - Madeira em tora para outras finalidades;True;2025
4305504;RS;1284.0;;;;False;2025
4305587;RS;692.0;;178.0;1.3.2 - Madeira em tora para outras finalidades;True;2025
4305603;RS;848.0;;176.0;1.2 - Lenha;True;2025
4305702;RS;1158.0;;460.0;1.2 - Lenha;True;2025
4305801;RS;1648.0;;534.0;1.2 - Lenha;True;2025
4305835;RS;724.0;;4283.0;1.3.2 - Madeira em tora para outras finalidades;True;2025
4305850;RS;854.0;;522.0;1.3.2 - Madeira em tora para outras finalidades;True;2025
4305871;RS;798.0;;462.0;1.2 - Lenha;True;2025
4305900;RS;1506.0;;344.0;1.2 - Lenha;True;2025
4305934;RS;1042.0;;997.0;1.2 - Lenha;True;2025
4305959;RS;1054.0;;520.0;1.2 - Lenha;True;2025
4305975;RS;702.0;;;;False;2025
4306007;RS;3184.0;;6876.0;1.2 - Lenha;True;2025
4306056;RS;1182.0;;40662.0;1.3.1 - Madeira em tora para papel e celulose;True;2025
4306072;RS;898.0;;1005.0;1.2 - Lenha;True;2025
4306106;RS;1160.0;;673.0;1.2 - Lenha;True;2025
4306130;RS;986.0;;223.0;1.2 - Lenha;True;2025
4306205;RS;2100.0;;548.0;1.2 - Lenha;True;2025
4306304;RS;1378.0;;220.0;2.3 - Resina;True;2025
4306320;RS;1084.0;;2556.0;1.2 - Lenha;True;2025
4306353;RS;1594.0;;201.0;1.2 - Lenha;True;2025
4306379;RS;976.0;;10464.0;1.3.1 - Madeira em tora para papel e celulose;True;2025
4306403;RS;442.0;;3948.0;1.3.2 - Madeira em tora para outras finalidades;True;2025
4306429;RS;434.0;;89.0;1.2 - Lenha;True;2025
4306452;RS;952.0;;1117.0;1.3.2 - Madeira em tora para outras finalidades;True;2025
4306502;RS;5382.0;;108578.0;1.3.1 - Madeira em tora para papel e celulose;True;2025
4306551;RS;532.0;;206.0;1.3.2 - Madeira em tora para outras finalidades;True;2025
4306601;RS;2238.0;;5666.0;1.2 - Lenha;True;2025
4306700;RS;622.0;;745.0;1.2 - Lenha;True;2025
4306734;RS;1596.0;;865.0;1.3.2 - Madeira em tora para outras finalidades;True;2025
4306759;RS;900.0;;6113.0;1.2 - Lenha;True;2025
4306767;RS;664.0;;34044.0;1.3.1 - Madeira em tora para papel e celulose;True;2025
4306809;RS;1160.0;;3263.0;1.2 - Lenha;True;2025
4306908;RS;4102.0;;331120.0;1.3.1 - Madeira em tora para papel e celulose;True;2025
4306924;RS;312.0;;26.0;1.2 - Lenha;True;2025
4306932;RS;1908.0;;657.0;1.2 - Lenha;True;2025
4306957;RS;510.0;;206.0;1.2 - Lenha;True;2025
4306973;RS;696.0;;1315.0;1.2 - Lenha;True;2025
4307005;RS;2164.0;;10746.0;1.2 - Lenha;True;2025
4307054;RS;922.0;;17.0;1.2 - Lenha;True;2025
4307104;RS;2282.0;;77233.0;1.3.1 - Madeira em tora para papel e celulose;True;2025
4307203;RS;1342.0;;10246.0;1.2 - Lenha;True;2025
4307302;RS;2438.0;;81.0;1.2 - Lenha;True;2025
4307401;RS;792.0;;97.0;1.3.2 - Madeira em tora para outras finalidades;True;2025
4307450;RS;1116.0;;3266.0;1.2 - Lenha;True;2025
4307500;RS;2324.0;;373.0;1.2 - Lenha;True;2025
4307559;RS;462.0;;438.0;1.2 - Lenha;True;2025
4307609;RS;214.0;;4930.0;1.2 - Lenha;True;2025
4307708;RS;2.0;;;;False;2025
4307807;RS;1936.0;;6724.0;1.3.2 - Madeira em tora para outras finalidades;True;2025
4307815;RS;1362.0;;1844.0;1.2 - Lenha;True;2025
4307831;RS;862.0;;323.0;1.3.2 - Madeira em tora para outras finalidades;True;2025
4307864;RS;630.0;;1510.0;1.3.2 - Madeira em tora para outras finalidades;True;2025
4307906;RS;2544.0;;1046.0;1.3.2 - Madeira em tora para outras finalidades;True;2025
4308003;RS;1014.0;;1082.0;1.2 - Lenha;True;2025
4308052;RS;574.0;;649.0;1.3.2 - Madeira em tora para outras finalidades;True;2025
4308078;RS;560.0;;6339.0;1.2 - Lenha;True;2025
4308102;RS;1186.0;;845.0;1.2 - Lenha;True;2025
4308201;RS;2300.0;;3336.0;1.3.2 - Madeira em tora para outras finalidades;True;2025
4308250;RS;1096.0;;2911.0;1.2 - Lenha;True;2025
4308300;RS;3522.0;;862.0;1.2 - Lenha;True;2025
4308409;RS;1810.0;;2817.0;1.2 - Lenha;True;2025
4308433;RS;1158.0;;937.0;1.2 - Lenha;True;2025
4308458;RS;786.0;;345.0;1.2 - Lenha;True;2025
4308508;RS;1990.0;;1955.0;1.2 - Lenha;True;2025
4308607;RS;1638.0;;849.0;1.2 - Lenha;True;2025
4308656;RS;1142.0;;217.0;1.2 - Lenha;True;2025
4308706;RS;1676.0;;433.0;1.2 - Lenha;True;2025
4308805;RS;1612.0;;25460.0;1.3.2 - Madeira em tora para outras finalidades;True;2025
4308854;RS;502.0;;64.0;1.3.2 - Madeira em tora para outras finalidades;True;2025
4308904;RS;1298.0;;2135.0;1.2 - Lenha;True;2025
4309001;RS;3172.0;;2351.0;1.2 - Lenha;True;2025
4309050;RS;1276.0;;1921.0;1.3.2 - Madeira em tora para outras finalidades;True;2025
4309100;RS;1032.0;;10348.0;1.3.2 - Madeira em tora para outras finalidades;True;2025
4309126;RS;688.0;;174.0;1.2 - Lenha;True;2025
4309159;RS;1332.0;;6915.0;1.2 - Lenha;True;2025
4309209;RS;970.0;;16017.0;1.3.1 - Madeira em tora para papel e celulose;True;2025
4309258;RS;550.0;;1617.0;1.3.2 - Madeira em tora para outras finalidades;True;2025
4309308;RS;560.0;;7041.0;1.3.1 - Madeira em tora para papel e celulose;True;2025
4309407;RS;1452.0;;1444.0;1.3.2 - Madeira em tora para outras finalidades;True;2025
4309506;RS;1860.0;;970.0;1.2 - Lenha;True;2025
4309555;RS;892.0;;4171.0;1.2 - Lenha;True;2025
4309571;RS;1038.0;;4598.0;1.2 - Lenha;True;2025
4309605;RS;1810.0;;565.0;1.2 - Lenha;True;2025
4309654;RS;2366.0;;1681.0;1.2 - Lenha;True;2025
4309704;RS;1146.0;;1616.0;1.2 - Lenha;True;2025
4309753;RS;2102.0;;2958.0;1.2 - Lenha;True;2025
4309803;RS;1204.0;;460.0;1.2 - Lenha;True;2025
4309902;RS;1268.0;;208.0;1.3.2 - Madeira em tora para outras finalidades;True;2025
4309951;RS;966.0;;14.0;1.2 - Lenha;True;2025
4310009;RS;2426.0;;726.0;1.2 - Lenha;True;2025
4310108;RS;814.0;;1779.0;1.2 - Lenha;True;2025
4310207;RS;3252.0;;1470.0;1.2 - Lenha;True;2025
4310306;RS;1098.0;;2052.0;1.2 - Lenha;True;2025
4310330;RS;34.0;;;;False;2025
4310363;RS;874.0;;1912.0;1.3.2 - Madeira em tora para outras finalidades;True;2025
4310405;RS;1938.0;;1118.0;1.3.2 - Madeira em tora para outras finalidades;True;2025
4310413;RS;482.0;;95.0;1.2 - Lenha;True;2025
4310439;RS;1700.0;;10067.0;1.3.2 - Madeira em tora para outras finalidades;True;2025
4310462;RS;828.0;;105.0;1.2 - Lenha;True;2025
4310504;RS;1530.0;;1070.0;1.2 - Lenha;True;2025
4310538;RS;290.0;;905.0;1.2 - Lenha;True;2025
4310553;RS;1496.0;;211.0;1.3.2 - Madeira em tora para outras finalidades;True;2025
4310579;RS;1116.0;;1389.0;1.2 - Lenha;True;2025
4310603;RS;956.0;;1418.0;1.2 - Lenha;True;2025
4310652;RS;678.0;;956.0;1.3.2 - Madeira em tora para outras finalidades;True;2025
4310702;RS;1396.0;;572.0;1.2 - Lenha;True;2025
4310751;RS;930.0;;828.0;1.2 - Lenha;True;2025
4310801;RS;410.0;;10209.0;1.2 - Lenha;True;2025
4310850;RS;1256.0;;76.0;1.2 - Lenha;True;2025
4310876;RS;1142.0;;1747.0;1.2 - Lenha;True;2025
4310900;RS;656.0;;161.0;1.3.2 - Madeira em tora para outras finalidades;True;2025
4311007;RS;1228.0;;13083.0;1.3.1 - Madeira em tora para papel e celulose;True;2025
4311106;RS;3104.0;;380.0;1.2 - Lenha;True;2025
4311122;RS;1092.0;;21465.0;1.3.2 - Madeira em tora para outras finalidades;True;2025
4311130;RS;1890.0;;265.0;1.2 - Lenha;True;2025
4311155;RS;2888.0;;1138.0;1.3.2 - Madeira em tora para outras finalidades;True;2025
4311205;RS;1952.0;;1654.0;1.2 - Lenha;True;2025
4311239;RS;944.0;;3000.0;1.2 - Lenha;True;2025
4311254;RS;2148.0;;2268.0;1.2 - Lenha;True;2025
4311270;RS;594.0;;132.0;1.2 - Lenha;True;2025
4311304;RS;2068.0;;10191.0;1.3.2 - Madeira em tora para outras finalidades;True;2025
4311403;RS;776.0;;87.0;1.2 - Lenha;True;2025
4311429;RS;1086.0;;48.0;1.2 - Lenha;True;2025
4311502;RS;1738.0;;128.0;1.2 - Lenha;True;2025
4311601;RS;2356.0;;131.0;1.2 - Lenha;True;2025
4311627;RS;286.0;;11206.0;1.2 - Lenha;True;2025
4311643;RS;658.0;;26923.0;1.2 - Lenha;True;2025
4311700;RS;1646.0;;383.0;1.3.2 - Madeira em tora para outras finalidades;True;2025
4311718;RS;470.0;;809.0;1.2 - Lenha;True;2025
4311734;RS;890.0;;506.0;1.3.2 - Madeira em tora para outras finalidades;True;2025
4311759;RS;1294.0;;37631.0;1.3.1 - Madeira em tora para papel e celulose;True;2025
4311775;RS;1064.0;;1442.0;1.3.2 - Madeira em tora para outras finalidades;True;2025
4311791;RS;1042.0;;11430.0;1.1 - Carvão vegetal;True;2025
4311809;RS;2340.0;;90.0;1.3.2 - Madeira em tora para outras finalidades;True;2025
4311908;RS;1144.0;;228.0;1.3.2 - Madeira em tora para outras finalidades;True;2025
4311981;RS;1600.0;;25038.0;1.3.1 - Madeira em tora para papel e celulose;True;2025
4312005;RS;514.0;;591.0;1.2 - Lenha;True;2025
4312054;RS;1392.0;;1857.0;1.2 - Lenha;True;2025
4312104;RS;1536.0;;375.0;1.2 - Lenha;True;2025
4312138;RS;904.0;;30.0;1.3.2 - Madeira em tora para outras finalidades;True;2025
4312153;RS;714.0;;200.0;1.3.2 - Madeira em tora para outras finalidades;True;2025
4312179;RS;736.0;;172.0;1.2 - Lenha;True;2025
4312203;RS;1206.0;;2571.0;1.1 - Carvão vegetal;True;2025
4312252;RS;144.0;;12504.0;1.3.1 - Madeira em tora para papel e celulose;True;2025
4312302;RS;1312.0;;536.0;1.2 - Lenha;True;2025
4312351;RS;640.0;;14.0;1.3.2 - Madeira em tora para outras finalidades;True;2025
4312377;RS;1278.0;;1084.0;1.3.2 - Madeira em tora para outras finalidades;True;2025
4312385;RS;926.0;;273.0;1.3.2 - Madeira em tora para outras finalidades;True;2025
4312401;RS;2422.0;;31084.0;1.3.2 - Madeira em tora para outras finalidades;True;2025
4312427;RS;970.0;;13.0;1.2 - Lenha;True;2025
4312443;RS;1184.0;;478.0;1.3.2 - Madeira em tora para outras finalidades;True;2025
4312450;RS;970.0;;62.0;1.2 - Lenha;True;2025
4312476;RS;720.0;;20342.0;1.2 - Lenha;True;2025
4312500;RS;1474.0;;31138.0;1.3.2 - Madeira em tora para outras finalidades;True;2025
4312609;RS;712.0;;2006.0;1.2 - Lenha;True;2025
4312617;RS;932.0;;;;False;2025
4312625;RS;700.0;;14.0;1.2 - Lenha;True;2025
4312658;RS;1000.0;;598.0;1.2 - Lenha;True;2025
4312674;RS;480.0;;;;False;2025
4312708;RS;874.0;;259.0;1.2 - Lenha;True;2025
4312757;RS;936.0;;1686.0;1.2 - Lenha;True;2025
4312807;RS;492.0;;1052.0;1.2 - Lenha;True;2025
4312906;RS;1178.0;;761.0;1.2 - Lenha;True;2025
4312955;RS;748.0;;363.0;1.2 - Lenha;True;2025
4313003;RS;964.0;;4567.0;1.2 - Lenha;True;2025
4313011;RS;1060.0;;316.0;1.3.2 - Madeira em tora para outras finalidades;True;2025
4313037;RS;822.0;;126.0;1.2 - Lenha;True;2025
4313060;RS;308.0;;2191.0;1.2 - Lenha;True;2025
4313086;RS;768.0;;;;False;2025
4313102;RS;1140.0;;581.0;1.3.2 - Madeira em tora para outras finalidades;True;2025
4313201;RS;2006.0;;5072.0;1.2 - Lenha;True;2025
4313300;RS;776.0;;1569.0;1.3.2 - Madeira em tora para outras finalidades;True;2025
4313334;RS;1002.0;;99.0;1.2 - Lenha;True;2025
4313359;RS;842.0;;534.0;1.3.2 - Madeira em tora para outras finalidades;True;2025
4313375;RS;834.0;;1170.0;1.3.2 - Madeira em tora para outras finalidades;True;2025
4313391;RS;1418.0;;1111.0;1.2 - Lenha;True;2025
4313409;RS;538.0;;19388.0;1.2 - Lenha;True;2025
4313425;RS;1424.0;;506.0;1.2 - Lenha;True;2025
4313441;RS;730.0;;56.0;1.3.2 - Madeira em tora para outras finalidades;True;2025
4313466;RS;728.0;;504.0;1.3.2 - Madeira em tora para outras finalidades;True;2025
4313490;RS;1328.0;;93.0;1.2 - Lenha;True;2025
4313508;RS;1058.0;;8489.0;1.3.2 - Madeira em tora para outras finalidades;True;2025
4313607;RS;1082.0;;126.0;1.2 - Lenha;True;2025
4313656;RS;518.0;;23775.0;2.3 - Resina;True;2025
4313706;RS;2310.0;;819.0;1.2 - Lenha;True;2025
4313805;RS;1908.0;;2014.0;1.2 - Lenha;True;2025
4313904;RS;1702.0;;1068.0;1.2 - Lenha;True;2025
4313953;RS;526.0;;34149.0;1.3.1 - Madeira em tora para papel e celulose;True;2025
4314001;RS;968.0;;865.0;1.2 - Lenha;True;2025
4314027;RS;2114.0;;2408.0;1.2 - Lenha;True;2025
4314035;RS;756.0;;444.0;1.2 - Lenha;True;2025
4314050;RS;402.0;;810.0;1.2 - Lenha;True;2025
4314068;RS;2030.0;;3070.0;1.2 - Lenha;True;2025
4314076;RS;2158.0;;2093.0;1.2 - Lenha;True;2025
4314100;RS;1818.0;;190.0;1.3.2 - Madeira em tora para outras finalidades;True;2025
4314134;RS;578.0;;370.0;1.2 - Lenha;True;2025
4314159;RS;2438.0;;68662.0;1.2 - Lenha;True;2025
4314175;RS;1038.0;;9754.0;1.3.1 - Madeira em tora para papel e celulose;True;2025
4314209;RS;330.0;;3686.0;1.3.1 - Madeira em tora para papel e celulose;True;2025
4314308;RS;566.0;;248.0;1.2 - Lenha;True;2025
4314407;RS;5394.0;;;;False;2025
4314423;RS;352.0;;8990.0;1.2 - Lenha;True;2025
4314456;RS;880.0;;101.0;1.2 - Lenha;True;2025
4314464;RS;1126.0;;1720.0;1.2 - Lenha;True;2025
4314472;RS;1358.0;;467.0;1.2 - Lenha;True;2025
4314498;RS;1360.0;;1744.0;1.2 - Lenha;True;2025
4314506;RS;2750.0;;25022.0;1.3.1 - Madeira em tora para papel e celulose;True;2025
4314548;RS;826.0;;286.0;1.3.2 - Madeira em tora para outras finalidades;True;2025
4314555;RS;1228.0;;172.0;1.2 - Lenha;True;2025
4314605;RS;5394.0;;71691.0;1.3.1 - Madeira em tora para papel e celulose;True;2025
4314704;RS;2160.0;;2803.0;1.2 - Lenha;True;2025
4314753;RS;936.0;;23725.0;1.1 - Carvão vegetal;True;2025
4314779;RS;880.0;;30.0;1.3.2 - Madeira em tora para outras finalidades;True;2025
4314787;RS;598.0;;227.0;1.3.2 - Madeira em tora para outras finalidades;True;2025
4314803;RS;744.0;;4927.0;1.2 - Lenha;True;2025
4314902;RS;768.0;;;;False;2025
4315008;RS;2196.0;;532.0;1.3.2 - Madeira em tora para outras finalidades;True;2025
4315057;RS;864.0;;676.0;1.2 - Lenha;True;2025
4315073;RS;988.0;;1242.0;1.3.2 - Madeira em tora para outras finalidades;True;2025
4315107;RS;2240.0;;942.0;1.3.2 - Madeira em tora para outras finalidades;True;2025
4315131;RS;612.0;;1408.0;1.2 - Lenha;True;2025
4315149;RS;562.0;;10853.0;1.2 - Lenha;True;2025
4315156;RS;2066.0;;7973.0;1.2 - Lenha;True;2025
4315172;RS;660.0;;2944.0;1.3.2 - Madeira em tora para outras finalidades;True;2025
4315206;RS;1268.0;;6110.0;1.2 - Lenha;True;2025
4315305;RS;1866.0;;172.0;1.3.2 - Madeira em tora para outras finalidades;True;2025
4315313;RS;420.0;;298.0;1.2 - Lenha;True;2025
4315321;RS;1124.0;;320.0;1.2 - Lenha;True;2025
4315354;RS;866.0;;570.0;1.2 - Lenha;True;2025
4315404;RS;2172.0;;227.0;1.2 - Lenha;True;2025
4315453;RS;704.0;;6259.0;1.2 - Lenha;True;2025
4315503;RS;2306.0;;2426.0;1.2 - Lenha;True;2025
4315552;RS;1128.0;;1267.0;1.3.2 - Madeira em tora para outras finalidades;True;2025
4315602;RS;1830.0;;;;False;2025
4315701;RS;4874.0;;130284.0;1.3.1 - Madeira em tora para papel e celulose;True;2025
4315750;RS;856.0;;7203.0;1.3.2 - Madeira em tora para outras finalidades;True;2025
4315800;RS;1632.0;;4150.0;1.3.2 - Madeira em tora para outras finalidades;True;2025
4315909;RS;1030.0;;2435.0;1.2 - Lenha;True;2025
4315958;RS;1424.0;;288.0;1.2 - Lenha;True;2025
4316006;RS;1880.0;;7646.0;1.3.2 - Madeira em tora para outras finalidades;True;2025
4316105;RS;1564.0;;87.0;1.3.2 - Madeira em tora para outras finalidades;True;2025
4316204;RS;1526.0;;222.0;1.2 - Lenha;True;2025
4316303;RS;1998.0;;845.0;1.2 - Lenha;True;2025
4316402;RS;3322.0;;32521.0;1.3.1 - Madeira em tora para papel e celulose;True;2025
4316428;RS;700.0;;125.0;1.3.2 - Madeira em tora para outras finalidades;True;2025
4316436;RS;498.0;;270.0;1.2 - Lenha;True;2025
4316451;RS;874.0;;418.0;1.2 - Lenha;True;2025
4316477;RS;710.0;;214.0;1.2 - Lenha;True;2025
4316501;RS;838.0;;8229.0;1.1 - Carvão vegetal;True;2025
4316600;RS;2676.0;;80.0;1.2 - Lenha;True;2025
4316709;RS;1302.0;;741.0;1.2 - Lenha;True;2025
4316733;RS;858.0;;692.0;1.2 - Lenha;True;2025
4316758;RS;1238.0;;425.0;1.2 - Lenha;True;2025
4316808;RS;4910.0;;11566.0;1.2 - Lenha;True;2025
4316907;RS;3406.0;;3434.0;1.2 - Lenha;True;2025
4316956;RS;1156.0;;27303.0;1.2 - Lenha;True;2025
4316972;RS;1012.0;;98378.0;1.3.1 - Madeira em tora para papel e celulose;True;2025
4317004;RS;3474.0;;5435.0;1.2 - Lenha;True;2025
4317103;RS;5924.0;;27623.0;1.3.1 - Madeira em tora para papel e celulose;True;2025
4317202;RS;2766.0;;3605.0;1.3.2 - Madeira em tora para outras finalidades;True;2025
4317251;RS;540.0;;176.0;1.3.2 - Madeira em tora para outras finalidades;True;2025
4317301;RS;1264.0;;37110.0;2.3 - Resina;True;2025
4317400;RS;2992.0;;1818.0;1.3.2 - Madeira em tora para outras finalidades;True;2025
4317509;RS;2432.0;;1299.0;1.2 - Lenha;True;2025
4317558;RS;786.0;;273.0;1.2 - Lenha;True;2025
4317608;RS;5402.0;;8790.0;1.3.2 - Madeira em tora para outras finalidades;True;2025
4317707;RS;2420.0;;790.0;1.2 - Lenha;True;2025
4317756;RS;620.0;;300.0;1.2 - Lenha;True;2025
4317806;RS;1172.0;;758.0;1.2 - Lenha;True;2025
4317905;RS;3386.0;;1471.0;1.2 - Lenha;True;2025
4317954;RS;996.0;;2080.0;1.3.2 - Madeira em tora para outras finalidades;True;2025
4318002;RS;2034.0;;1682.0;1.2 - Lenha;True;2025
4318051;RS;594.0;;15.0;1.3.2 - Madeira em tora para outras finalidades;True;2025
4318101;RS;4650.0;;51955.0;1.3.1 - Madeira em tora para papel e celulose;True;2025
4318200;RS;2710.0;;64960.0;1.3.2 - Madeira em tora para outras finalidades;True;2025
4318309;RS;4416.0;;51702.0;1.3.1 - Madeira em tora para papel e celulose;True;2025
4318408;RS;2998.0;;82322.0;1.3.1 - Madeira em tora para papel e celulose;True;2025
4318424;RS;1268.0;;1930.0;1.3.2 - Madeira em tora para outras finalidades;True;2025
4318432;RS;368.0;;682.0;1.3.2 - Madeira em tora para outras finalidades;True;2025
4318440;RS;782.0;;681.0;1.3.2 - Madeira em tora para outras finalidades;True;2025
4318457;RS;1126.0;;96.0;1.3.2 - Madeira em tora para outras finalidades;True;2025
4318465;RS;766.0;;3778.0;1.2 - Lenha;True;2025
4318481;RS;538.0;;10645.0;1.2 - Lenha;True;2025
4318499;RS;848.0;;507.0;1.2 - Lenha;True;2025
4318507;RS;3298.0;;34338.0;2.3 - Resina;True;2025
4318606;RS;1328.0;;381.0;1.2 - Lenha;True;2025
4318614;RS;702.0;;2364.0;1.2 - Lenha;True;2025
4318622;RS;1016.0;;16845.0;1.3.2 - Madeira em tora para outras finalidades;True;2025
4318705;RS;130.0;;95.0;1.3.2 - Madeira em tora para outras finalidades;True;2025
4318804;RS;7700.0;;18314.0;1.3.1 - Madeira em tora para papel e celulose;True;2025
4318903;RS;2530.0;;999.0;1.2 - Lenha;True;2025
4319000;RS;1234.0;;2638.0;1.3.2 - Madeira em tora para outras finalidades;True;2025
4319109;RS;924.0;;5367.0;1.2 - Lenha;True;2025
4319125;RS;1258.0;;314.0;1.2 - Lenha;True;2025
4319158;RS;2158.0;;781.0;1.2 - Lenha;True;2025
4319208;RS;1372.0;;317.0;1.2 - Lenha;True;2025
4319307;RS;2192.0;;575.0;1.3.2 - Madeira em tora para outras finalidades;True;2025
4319356;RS;436.0;;2930.0;1.2 - Lenha;True;2025
4319364;RS;664.0;;33.0;1.2 - Lenha;True;2025
4319372;RS;850.0;;238.0;1.2 - Lenha;True;2025
4319406;RS;2700.0;;1484.0;1.2 - Lenha;True;2025
4319505;RS;1244.0;;1879.0;1.2 - Lenha;True;2025
4319604;RS;3174.0;;1299.0;1.2 - Lenha;True;2025
4319703;RS;840.0;;1110.0;1.2 - Lenha;True;2025
4319711;RS;824.0;;1915.0;1.3.2 - Madeira em tora para outras finalidades;True;2025
4319737;RS;562.0;;372.0;1.2 - Lenha;True;2025
4319752;RS;306.0;;2414.0;1.2 - Lenha;True;2025
4319802;RS;1910.0;;93.0;1.2 - Lenha;True;2025
4319901;RS;484.0;;5977.0;1.2 - Lenha;True;2025
4320008;RS;74.0;;;;False;2025
4320107;RS;1478.0;;555.0;1.2 - Lenha;True;2025
4320206;RS;2320.0;;1928.0;1.2 - Lenha;True;2025
4320230;RS;670.0;;616.0;1.2 - Lenha;True;2025
4320263;RS;1964.0;;3620.0;1.2 - Lenha;True;2025
4320305;RS;980.0;;231.0;1.2 - Lenha;True;2025
4320321;RS;1078.0;;638.0;1.2 - Lenha;True;2025
4320354;RS;1776.0;;35174.0;1.3.2 - Madeira em tora para outras finalidades;True;2025
4320404;RS;946.0;;474.0;1.2 - Lenha;True;2025
4320453;RS;1034.0;;7540.0;1.2 - Lenha;True;2025
4320503;RS;1472.0;;22.0;1.2 - Lenha;True;2025
4320552;RS;1894.0;;16947.0;1.3.1 - Madeira em tora para papel e celulose;True;2025
4320578;RS;702.0;;261.0;1.2 - Lenha;True;2025
4320602;RS;1296.0;;1360.0;1.2 - Lenha;True;2025
4320651;RS;712.0;;362.0;1.3.2 - Madeira em tora para outras finalidades;True;2025
4320677;RS;3350.0;;8117.0;1.2 - Lenha;True;2025
4320701;RS;1310.0;;2530.0;1.2 - Lenha;True;2025
4320800;RS;2706.0;;41.0;1.3.2 - Madeira em tora para outras finalidades;True;2025
4320859;RS;1354.0;;140285.0;1.2 - Lenha;True;2025
4320909;RS;1304.0;;994.0;1.2 - Lenha;True;2025
4321006;RS;728.0;;343.0;1.2 - Lenha;True;2025
4321105;RS;552.0;;71317.0;1.3.1 - Madeira em tora para papel e celulose;True;2025
4321204;RS;2720.0;;9324.0;1.3.2 - Madeira em tora para outras finalidades;True;2025
4321303;RS;1698.0;;82763.0;1.3.2 - Madeira em tora para outras finalidades;True;2025
4321329;RS;832.0;;1179.0;1.1 - Carvão vegetal;True;2025
4321352;RS;1434.0;;14502.0;2.3 - Resina;True;2025
4321402;RS;1752.0;;7087.0;1.2 - Lenha;True;2025
4321436;RS;602.0;;;;False;2025
4321451;RS;1920.0;;3123.0;1.2 - Lenha;True;2025
4321469;RS;646.0;;9.0;1.2 - Lenha;True;2025
4321477;RS;1854.0;;2858.0;1.2 - Lenha;True;2025
4321493;RS;1194.0;;396.0;1.2 - Lenha;True;2025
4321501;RS;704.0;;233.0;1.3.2 - Madeira em tora para outras finalidades;True;2025
4321600;RS;138.0;;9531.0;1.3.2 - Madeira em tora para outras finalidades;True;2025
4321626;RS;830.0;;2214.0;1.3.2 - Madeira em tora para outras finalidades;True;2025
4321634;RS;1140.0;;563.0;1.2 - Lenha;True;2025
4321667;RS;1362.0;;428.0;1.3.2 - Madeira em tora para outras finalidades;True;2025
4321709;RS;840.0;;3020.0;1.2 - Lenha;True;2025
4321808;RS;2790.0;;1497.0;1.2 - Lenha;True;2025
4321832;RS;818.0;;1700.0;1.3.2 - Madeira em tora para outras finalidades;True;2025
4321857;RS;956.0;;1577.0;1.2 - Lenha;True;2025
4321907;RS;2570.0;;6729.0;1.2 - Lenha;True;2025
4321956;RS;1058.0;;531.0;1.2 - Lenha;True;2025
4322004;RS;2472.0;;180005.0;1.2 - Lenha;True;2025
4322103;RS;1072.0;;1266.0;1.2 - Lenha;True;2025
4322152;RS;1544.0;;1246.0;1.2 - Lenha;True;2025
4322186;RS;824.0;;67.0;1.2 - Lenha;True;2025
4322202;RS;2360.0;;611.0;1.2 - Lenha;True;2025
4322251;RS;984.0;;994.0;1.2 - Lenha;True;2025
4322301;RS;2012.0;;1271.0;1.2 - Lenha;True;2025
4322327;RS;744.0;;;;False;2025
4322343;RS;1328.0;;616.0;1.2 - Lenha;True;2025
4322350;RS;748.0;;1706.0;1.1 - Carvão vegetal;True;2025
4322376;RS;1028.0;;420.0;1.3.2 - Madeira em tora para outras finalidades;True;2025
4322400;RS;2232.0;;1459.0;1.2 - Lenha;True;2025
4322509;RS;2078.0;;16000.0;1.2 - Lenha;True;2025
4322525;RS;958.0;;4055.0;1.3.2 - Madeira em tora para outras finalidades;True;2025
4322533;RS;3438.0;;5774.0;1.2 - Lenha;True;2025
4322541;RS;250.0;;232.0;1.2 - Lenha;True;2025
4322558;RS;640.0;;49.0;1.3.2 - Madeira em tora para outras finalidades;True;2025
4322608;RS;8734.0;;52400.0;1.3.2 - Madeira em tora para outras finalidades;True;2025
4322707;RS;3194.0;;5105.0;1.2 - Lenha;True;2025
4322806;RS;1458.0;;1903.0;1.2 - Lenha;True;2025
4322855;RS;802.0;;770.0;1.2 - Lenha;True;2025
4322905;RS;1452.0;;661.0;1.2 - Lenha;True;2025
4323002;RS;3084.0;;1153.0;1.3.1 - Madeira em tora para papel e celulose;True;2025
4323101;RS;1596.0;;992.0;1.2 - Lenha;True;2025
4323200;RS;1158.0;;12.0;1.3.2 - Madeira em tora para outras finalidades;True;2025
4323309;RS;520.0;;1611.0;1.2 - Lenha;True;2025
4323358;RS;832.0;;250.0;1.2 - Lenha;True;2025
4323408;RS;1090.0;;47.0;1.3.2 - Madeira em tora para outras finalidades;True;2025
4323457;RS;1054.0;;30841.0;1.3.1 - Madeira em tora para papel e celulose;True;2025
4323507;RS;826.0;;1120.0;1.2 - Lenha;True;2025
4323606;RS;632.0;;1329.0;1.2 - Lenha;True;2025
4323705;RS;782.0;;1362.0;1.2 - Lenha;True;2025
4323754;RS;1548.0;;410.0;1.2 - Lenha;True;2025
4323770;RS;920.0;;1346.0;1.2 - Lenha;True;2025
4323804;RS;36.0;;;;False;2025
5000203;MS;752.0;;395580.0;1.3.1 - Madeira em tora para papel e celulose;True;2025
5000252;MS;1208.0;;4220.0;1.1 - Carvão vegetal;True;2025
5000609;MS;2858.0;;3843.0;1.1 - Carvão vegetal;True;2025
5000708;MS;2116.0;;4577.0;1.1 - Carvão vegetal;True;2025
5000807;MS;1554.0;;8874.0;1.3.1 - Madeira em tora para papel e celulose;True;2025
5000856;MS;974.0;;628.0;1.2 - Lenha;True;2025
5000906;MS;596.0;;70.0;1.2 - Lenha;True;2025
5001003;MS;1468.0;;49266.0;1.3.1 - Madeira em tora para papel e celulose;True;2025
5001102;MS;2446.0;;51182.0;1.3.1 - Madeira em tora para papel e celulose;True;2025
5001243;MS;1236.0;;3084.0;1.2 - Lenha;True;2025
5001508;MS;1408.0;;2939.0;1.2 - Lenha;True;2025
5001904;MS;1808.0;;4013.0;1.1 - Carvão vegetal;True;2025
5002001;MS;984.0;;480.0;1.2 - Lenha;True;2025
5002100;MS;2632.0;;7746.0;1.1 - Carvão vegetal;True;2025
5002159;MS;1340.0;;;;False;2025
5002209;MS;1790.0;;;;False;2025
5002308;MS;1662.0;;591122.0;1.3.1 - Madeira em tora para papel e celulose;True;2025
5002407;MS;1820.0;;436.0;1.2 - Lenha;True;2025
5002605;MS;1948.0;;260.0;1.2 - Lenha;True;2025
5002704;MS;3698.0;;65922.0;1.3.1 - Madeira em tora para papel e celulose;True;2025
5002803;MS;944.0;;1183.0;1.1 - Carvão vegetal;True;2025
5002902;MS;1396.0;;948.0;1.1 - Carvão vegetal;True;2025
5002951;MS;530.0;;11722.0;1.2 - Lenha;True;2025
5003108;MS;1276.0;;7179.0;1.1 - Carvão vegetal;True;2025
5003157;MS;956.0;;607.0;1.1 - Carvão vegetal;True;2025
5003207;MS;3532.0;;;;False;2025
5003256;MS;1180.0;;6188.0;1.1 - Carvão vegetal;True;2025
5003306;MS;2072.0;;5829.0;1.3.2 - Madeira em tora para outras finalidades;True;2025
5003454;MS;1362.0;;52.0;1.3.2 - Madeira em tora para outras finalidades;True;2025
5003488;MS;1504.0;;52012.0;1.3.2 - Madeira em tora para outras finalidades;True;2025
5003504;MS;446.0;;335.0;1.2 - Lenha;True;2025
5003702;MS;3436.0;;12745.0;1.2 - Lenha;True;2025
5003751;MS;854.0;;203.0;1.2 - Lenha;True;2025
5003801;MS;1240.0;;136.0;1.2 - Lenha;True;2025
5003900;MS;990.0;;8194.0;1.1 - Carvão vegetal;True;2025
5004007;MS;1488.0;;1500.0;1.2 - Lenha;True;2025
5004106;MS;1344.0;;13.0;1.2 - Lenha;True;2025
5004304;MS;1854.0;;2021.0;1.2 - Lenha;True;2025
5004403;MS;1634.0;;363038.0;1.3.1 - Madeira em tora para papel e celulose;True;2025
5004502;MS;1644.0;;1108.0;1.2 - Lenha;True;2025
5004601;MS;5640.0;;3236.0;1.2 - Lenha;True;2025
5004700;MS;2630.0;;3961.0;1.2 - Lenha;True;2025
5004809;MS;1844.0;;;;False;2025
5004908;MS;3054.0;;105893.0;1.3.1 - Madeira em tora para papel e celulose;True;2025
5005004;MS;1314.0;;657.0;1.1 - Carvão vegetal;True;2025
5005103;MS;762.0;;1259.0;1.2 - Lenha;True;2025
5005152;MS;678.0;;394.0;1.2 - Lenha;True;2025
5005202;MS;322.0;;;;False;2025
5005251;MS;848.0;;3504.0;1.2 - Lenha;True;2025
5005400;MS;1402.0;;1639.0;1.2 - Lenha;True;2025
5005608;MS;1728.0;;668.0;1.1 - Carvão vegetal;True;2025
5005681;MS;848.0;;362.0;1.2 - Lenha;True;2025
5005707;MS;884.0;;1535.0;1.2 - Lenha;True;2025
5005806;MS;4006.0;;1118.0;1.1 - Carvão vegetal;True;2025
5006002;MS;1912.0;;3687.0;1.2 - Lenha;True;2025
5006200;MS;3860.0;;159254.0;1.3.1 - Madeira em tora para papel e celulose;True;2025
5006259;MS;1222.0;;378.0;1.2 - Lenha;True;2025
5006275;MS;984.0;;6973.0;1.1 - Carvão vegetal;True;2025
5006309;MS;3422.0;;81069.0;1.3.1 - Madeira em tora para papel e celulose;True;2025
5006358;MS;588.0;;1363.0;1.2 - Lenha;True;2025
5006408;MS;1126.0;;10295.0;1.1 - Carvão vegetal;True;2025
5006606;MS;5688.0;;5542.0;1.2 - Lenha;True;2025
5006903;MS;968.0;;920.0;1.1 - Carvão vegetal;True;2025
5007109;MS;2406.0;;1001169.0;1.3.1 - Madeira em tora para papel e celulose;True;2025
5007208;MS;2204.0;;1818.0;1.2 - Lenha;True;2025
5007307;MS;888.0;;;;False;2025
5007406;MS;1650.0;;12125.0;1.3.1 - Madeira em tora para papel e celulose;True;2025
5007505;MS;1388.0;;965.0;1.2 - Lenha;True;2025
5007554;MS;1970.0;;271314.0;1.3.1 - Madeira em tora para papel e celulose;True;2025
5007695;MS;1452.0;;1807.0;1.2 - Lenha;True;2025
5007703;MS;524.0;;194.0;1.2 - Lenha;True;2025
5007802;MS;1212.0;;384415.0;1.3.1 - Madeira em tora para papel e celulose;True;2025
5007901;MS;8174.0;;3549.0;1.2 - Lenha;True;2025
5007935;MS;486.0;;30667.0;1.3.1 - Madeira em tora para papel e celulose;True;2025
5007950;MS;1372.0;;19092.0;1.3.1 - Madeira em tora para papel e celulose;True;2025
5007976;MS;660.0;;;;False;2025
5008008;MS;5212.0;;1353.0;1.1 - Carvão vegetal;True;2025
5008305;MS;2202.0;;1831909.0;1.3.1 - Madeira em tora para papel e celulose;True;2025
5008404;MS;818.0;;208.0;1.2 - Lenha;True;2025
5100102;MT;1130.0;;;;False;2025
5100201;MT;2018.0;;23400.0;1.2 - Lenha;True;2025
5100250;MT;3350.0;;7496.0;1.3.2 - Madeira em tora para outras finalidades;True;2025
5100300;MT;1382.0;;21830.0;1.2 - Lenha;True;2025
5100359;MT;414.0;;;;False;2025
5100409;MT;596.0;;1900.0;1.2 - Lenha;True;2025
5100508;MT;1234.0;;245.0;1.2 - Lenha;True;2025
5100607;MT;318.0;;1980.0;1.2 - Lenha;True;2025
5100805;MT;1392.0;;;;False;2025
5101001;MT;502.0;;9900.0;1.2 - Lenha;True;2025
5101209;MT;128.0;;;;False;2025
5101258;MT;1394.0;;;;False;2025
5101308;MT;568.0;;;;False;2025
5101407;MT;4168.0;;;;False;2025
5101605;MT;1644.0;;;;False;2025
5101704;MT;1064.0;;51465.0;1.3.2 - Madeira em tora para outras finalidades;True;2025
5101803;MT;1646.0;;24725.0;1.2 - Lenha;True;2025
5101837;MT;;;;;False;2025
5101852;MT;1886.0;;;;False;2025
5101902;MT;1886.0;;12768.0;1.2 - Lenha;True;2025
5102504;MT;7072.0;;45457.0;1.3.2 - Madeira em tora para outras finalidades;True;2025
5102603;MT;1662.0;;;;False;2025
5102637;MT;538.0;;11294.0;1.2 - Lenha;True;2025
5102678;MT;2332.0;;15000.0;1.2 - Lenha;True;2025
5102686;MT;222.0;;21600.0;1.2 - Lenha;True;2025
5102694;MT;1488.0;;;;False;2025
5102702;MT;888.0;;;;False;2025
5102793;MT;2658.0;;441.0;1.3.2 - Madeira em tora para outras finalidades;True;2025
5102850;MT;2880.0;;;;False;2025
5103007;MT;2188.0;;2550.0;1.3.2 - Madeira em tora para outras finalidades;True;2025
5103056;MT;1412.0;;74.0;1.2 - Lenha;True;2025
5103106;MT;1010.0;;543.0;1.2 - Lenha;True;2025
5103205;MT;3566.0;;;;False;2025
5103254;MT;6950.0;;;;False;2025
5103304;MT;2414.0;;2970.0;1.2 - Lenha;True;2025
5103353;MT;4600.0;;;;False;2025
5103361;MT;408.0;;;;False;2025
5103379;MT;4094.0;;;;False;2025
5103403;MT;3010.0;;1950.0;1.2 - Lenha;True;2025
5103437;MT;932.0;;;;False;2025
5103452;MT;1082.0;;;;False;2025
5103502;MT;1590.0;;19530.0;1.2 - Lenha;True;2025
5103601;MT;1134.0;;37.0;1.2 - Lenha;True;2025
5103700;MT;608.0;;;;False;2025
5103809;MT;1434.0;;;;False;2025
5103858;MT;1044.0;;;;False;2025
5103908;MT;718.0;;2688.0;1.2 - Lenha;True;2025
5103957;MT;686.0;;;;False;2025
5104104;MT;2906.0;;369.0;1.3.2 - Madeira em tora para outras finalidades;True;2025
5104203;MT;1272.0;;7420.0;1.2 - Lenha;True;2025
5104500;MT;420.0;;552.0;1.3.2 - Madeira em tora para outras finalidades;True;2025
5104526;MT;334.0;;;;False;2025
5104542;MT;2492.0;;;;False;2025
5104559;MT;476.0;;262.0;1.2 - Lenha;True;2025
5104609;MT;1024.0;;24000.0;1.2 - Lenha;True;2025
5104807;MT;1268.0;;24000.0;1.2 - Lenha;True;2025
5104906;MT;1092.0;;;;False;2025
5105002;MT;1934.0;;;;False;2025
5105101;MT;3378.0;;2284.0;1.2 - Lenha;True;2025
5105150;MT;5518.0;;;;False;2025
5105176;MT;2118.0;;;;False;2025
5105200;MT;1840.0;;816.0;1.2 - Lenha;True;2025
5105234;MT;848.0;;2900.0;1.3.2 - Madeira em tora para outras finalidades;True;2025
5105259;MT;642.0;;4900.0;1.2 - Lenha;True;2025
5105309;MT;436.0;;;;False;2025
5105507;MT;3042.0;;;;False;2025
5105580;MT;1820.0;;;;False;2025
5105606;MT;1934.0;;450.0;1.2 - Lenha;True;2025
5105622;MT;2848.0;;;;False;2025
5105903;MT;1312.0;;23.0;1.2 - Lenha;True;2025
5106000;MT;892.0;;;;False;2025
5106109;MT;3684.0;;5582.0;1.3.2 - Madeira em tora para outras finalidades;True;2025
5106158;MT;3252.0;;50.0;1.3.2 - Madeira em tora para outras finalidades;True;2025
5106174;MT;550.0;;;;False;2025
5106182;MT;1318.0;;;;False;2025
5106190;MT;722.0;;;;False;2025
5106208;MT;818.0;;1000.0;1.2 - Lenha;True;2025
5106216;MT;3174.0;;62.0;1.2 - Lenha;True;2025
5106224;MT;1322.0;;8015.0;1.2 - Lenha;True;2025
5106232;MT;902.0;;;;False;2025
5106240;MT;1450.0;;1560.0;1.2 - Lenha;True;2025
5106257;MT;2724.0;;;;False;2025
5106265;MT;2406.0;;162.0;1.2 - Lenha;True;2025
5106273;MT;1096.0;;;;False;2025
5106281;MT;1646.0;;5260.0;1.2 - Lenha;True;2025
5106299;MT;3472.0;;;;False;2025
5106307;MT;2314.0;;387.0;1.3.2 - Madeira em tora para outras finalidades;True;2025
5106315;MT;458.0;;;;False;2025
5106372;MT;2158.0;;;;False;2025
5106422;MT;3746.0;;;;False;2025
5106455;MT;506.0;;204.0;1.2 - Lenha;True;2025
5106505;MT;5102.0;;;;False;2025
5106653;MT;782.0;;94277.0;1.2 - Lenha;True;2025
5106703;MT;286.0;;;;False;2025
5106752;MT;2604.0;;;;False;2025
5106778;MT;1586.0;;;;False;2025
5106802;MT;600.0;;201.0;1.2 - Lenha;True;2025
5106828;MT;2338.0;;37174.0;1.3.2 - Madeira em tora para outras finalidades;True;2025
5106851;MT;632.0;;5900.0;1.3.2 - Madeira em tora para outras finalidades;True;2025
5107008;MT;3258.0;;1740.0;1.2 - Lenha;True;2025
5107040;MT;722.0;;18000.0;1.2 - Lenha;True;2025
5107065;MT;1356.0;;181.0;1.2 - Lenha;True;2025
5107107;MT;3136.0;;8340.0;1.3.2 - Madeira em tora para outras finalidades;True;2025
5107156;MT;534.0;;1188.0;1.2 - Lenha;True;2025
5107180;MT;1722.0;;50.0;1.2 - Lenha;True;2025
5107198;MT;352.0;;1170.0;1.2 - Lenha;True;2025
5107206;MT;554.0;;253.0;1.3.2 - Madeira em tora para outras finalidades;True;2025
5107248;MT;344.0;;5700.0;1.2 - Lenha;True;2025
5107263;MT;770.0;;;;False;2025
5107297;MT;964.0;;;;False;2025
5107305;MT;1416.0;;11806.0;1.2 - Lenha;True;2025
5107354;MT;684.0;;;;False;2025
5107404;MT;406.0;;;;False;2025
5107578;MT;924.0;;;;False;2025
5107602;MT;4682.0;;29308.0;1.2 - Lenha;True;2025
5107701;MT;3262.0;;1625.0;1.2 - Lenha;True;2025
5107743;MT;524.0;;;;False;2025
5107750;MT;1196.0;;334.0;1.2 - Lenha;True;2025
5107768;MT;198.0;;1544.0;1.2 - Lenha;True;2025
5107776;MT;1636.0;;;;False;2025
5107792;MT;242.0;;;;False;2025
5107800;MT;4764.0;;;;False;2025
5107859;MT;2140.0;;14.0;1.3.2 - Madeira em tora para outras finalidades;True;2025
5107875;MT;268.0;;4331.0;1.2 - Lenha;True;2025
5107883;MT;924.0;;;;False;2025
5107909;MT;1872.0;;1034.0;1.2 - Lenha;True;2025
5107925;MT;1660.0;;5453.0;1.2 - Lenha;True;2025
5107941;MT;1512.0;;3705.0;1.2 - Lenha;True;2025
5107958;MT;3130.0;;20886.0;1.3.2 - Madeira em tora para outras finalidades;True;2025
5108006;MT;528.0;;;;False;2025
5108055;MT;2856.0;;;;False;2025
5108105;MT;516.0;;;;False;2025
5108204;MT;930.0;;;;False;2025
5108303;MT;616.0;;;;False;2025
5108352;MT;990.0;;;;False;2025
5108402;MT;1386.0;;;;False;2025
5108501;MT;856.0;;;;False;2025
5108600;MT;3028.0;;;;False;2025
5108808;MT;1174.0;;;;False;2025
5108857;MT;450.0;;8928.0;1.2 - Lenha;True;2025
5108907;MT;576.0;;9549.0;1.3.2 - Madeira em tora para outras finalidades;True;2025
5108956;MT;1466.0;;;;False;2025
5200050;GO;354.0;;452.0;1.2 - Lenha;True;2025
5200100;GO;1990.0;;8666.0;1.2 - Lenha;True;2025
5200134;GO;814.0;;98.0;1.2 - Lenha;True;2025
5200159;GO;260.0;;;;False;2025
5200175;GO;1294.0;;1086.0;1.2 - Lenha;True;2025
5200209;GO;708.0;;;;False;2025
5200258;GO;64.0;;;;False;2025
5200308;GO;1196.0;;6050.0;1.2 - Lenha;True;2025
5200506;GO;340.0;;;;False;2025
5200555;GO;446.0;;;;False;2025
5200605;GO;770.0;;718.0;1.3.2 - Madeira em tora para outras finalidades;True;2025
5200803;GO;726.0;;;;False;2025
5200829;GO;1272.0;;;;False;2025
5200852;GO;402.0;;;;False;2025
5200902;GO;620.0;;;;False;2025
5201108;GO;3022.0;;715.0;1.2 - Lenha;True;2025
5201207;GO;48.0;;;;False;2025
5201306;GO;1922.0;;3852.0;1.2 - Lenha;True;2025
5201405;GO;458.0;;5.0;1.2 - Lenha;True;2025
5201454;GO;228.0;;;;False;2025
5201504;GO;550.0;;;;False;2025
5201603;GO;442.0;;;;False;2025
5201702;GO;522.0;;;;False;2025
5201801;GO;770.0;;211.0;1.2 - Lenha;True;2025
5202155;GO;1338.0;;;;False;2025
5202353;GO;1132.0;;;;False;2025
5202502;GO;542.0;;;;False;2025
5202601;GO;730.0;;;;False;2025
5202809;GO;398.0;;;;False;2025
5203104;GO;1818.0;;;;False;2025
5203203;GO;766.0;;376.0;1.3.2 - Madeira em tora para outras finalidades;True;2025
5203302;GO;3582.0;;5561.0;1.2 - Lenha;True;2025
5203401;GO;1538.0;;;;False;2025
5203500;GO;544.0;;544.0;1.2 - Lenha;True;2025
5203559;GO;394.0;;200.0;1.2 - Lenha;True;2025
5203575;GO;1016.0;;90.0;1.2 - Lenha;True;2025
5203609;GO;432.0;;;;False;2025
5203807;GO;364.0;;;;False;2025
5203906;GO;724.0;;979.0;1.2 - Lenha;True;2025
5203939;GO;486.0;;;;False;2025
5203962;GO;444.0;;;;False;2025
5204003;GO;796.0;;15.0;1.2 - Lenha;True;2025
5204102;GO;1248.0;;2530.0;1.2 - Lenha;True;2025
5204201;GO;268.0;;34020.0;1.2 - Lenha;True;2025
5204250;GO;306.0;;;;False;2025
5204300;GO;1230.0;;538.0;1.1 - Carvão vegetal;True;2025
5204409;GO;3726.0;;;;False;2025
5204508;GO;1522.0;;550.0;1.3.2 - Madeira em tora para outras finalidades;True;2025
5204557;GO;918.0;;365.0;1.2 - Lenha;True;2025
5204607;GO;612.0;;;;False;2025
5204656;GO;944.0;;620.0;1.3.2 - Madeira em tora para outras finalidades;True;2025
5204706;GO;1148.0;;;;False;2025
5204805;GO;812.0;;139000.0;1.2 - Lenha;True;2025
5204854;GO;740.0;;859.0;1.2 - Lenha;True;2025
5204904;GO;706.0;;;;False;2025
5204953;GO;346.0;;;;False;2025
5205000;GO;1334.0;;;;False;2025
5205059;GO;190.0;;;;False;2025
5205109;GO;3178.0;;85488.0;1.3.2 - Madeira em tora para outras finalidades;True;2025
5205208;GO;1004.0;;1716.0;1.2 - Lenha;True;2025
5205307;GO;2478.0;;;;False;2025
5205406;GO;908.0;;;;False;2025
5205455;GO;968.0;;192.0;1.2 - Lenha;True;2025
5205471;GO;212.0;;;;False;2025
5205497;GO;312.0;;18.0;1.2 - Lenha;True;2025
5205513;GO;1434.0;;787.0;1.2 - Lenha;True;2025
5205521;GO;710.0;;342.0;1.2 - Lenha;True;2025
5205703;GO;880.0;;;;False;2025
5205802;GO;1534.0;;2860.0;1.2 - Lenha;True;2025
5205901;GO;1130.0;;2520.0;1.2 - Lenha;True;2025
5206206;GO;3526.0;;30900.0;1.2 - Lenha;True;2025
5206305;GO;362.0;;999.0;1.2 - Lenha;True;2025
5206404;GO;3174.0;;4106.0;1.3.2 - Madeira em tora para outras finalidades;True;2025
5206503;GO;660.0;;;;False;2025
5206602;GO;486.0;;745.0;1.2 - Lenha;True;2025
5206701;GO;676.0;;;;False;2025
5206800;GO;522.0;;;;False;2025
5206909;GO;494.0;;900.0;1.2 - Lenha;True;2025
5207105;GO;870.0;;2268.0;1.2 - Lenha;True;2025
5207253;GO;1994.0;;;;False;2025
5207352;GO;706.0;;;;False;2025
5207402;GO;898.0;;98.0;1.2 - Lenha;True;2025
5207501;GO;270.0;;3027.0;1.2 - Lenha;True;2025
5207535;GO;2408.0;;;;False;2025
5207600;GO;1854.0;;;;False;2025
5207808;GO;1272.0;;;;False;2025
5207907;GO;3580.0;;248.0;1.2 - Lenha;True;2025
5208004;GO;4952.0;;435.0;1.3.2 - Madeira em tora para outras finalidades;True;2025
5208103;GO;1154.0;;;;False;2025
5208152;GO;1066.0;;7125.0;1.2 - Lenha;True;2025
5208301;GO;618.0;;;;False;2025
5208400;GO;348.0;;242.0;1.2 - Lenha;True;2025
5208509;GO;688.0;;2800.0;1.2 - Lenha;True;2025
5208608;GO;2104.0;;938.0;1.2 - Lenha;True;2025
5208707;GO;922.0;;4050.0;1.3.2 - Madeira em tora para outras finalidades;True;2025
5208806;GO;654.0;;;;False;2025
5208905;GO;4430.0;;;;False;2025
5209101;GO;1450.0;;518.0;1.2 - Lenha;True;2025
5209150;GO;294.0;;;;False;2025
5209200;GO;1066.0;;1103.0;1.2 - Lenha;True;2025
5209291;GO;706.0;;;;False;2025
5209408;GO;1138.0;;;;False;2025
5209457;GO;956.0;;;;False;2025
5209606;GO;658.0;;;;False;2025
5209705;GO;2032.0;;579.0;1.2 - Lenha;True;2025
5209804;GO;906.0;;;;False;2025
5209903;GO;1028.0;;;;False;2025
5209937;GO;338.0;;;;False;2025
5209952;GO;1410.0;;310.0;1.3.2 - Madeira em tora para outras finalidades;True;2025
5210000;GO;2136.0;;3462.0;1.2 - Lenha;True;2025
5210109;GO;2386.0;;144360.0;1.3.2 - Madeira em tora para outras finalidades;True;2025
5210158;GO;856.0;;;;False;2025
5210208;GO;1928.0;;;;False;2025
5210307;GO;438.0;;12600.0;1.2 - Lenha;True;2025
5210406;GO;3834.0;;3711.0;1.2 - Lenha;True;2025
5210562;GO;554.0;;;;False;2025
5210604;GO;842.0;;;;False;2025
5210802;GO;456.0;;900.0;1.3.1 - Madeira em tora para papel e celulose;True;2025
5210901;GO;1396.0;;;;False;2025
5211008;GO;1592.0;;;;False;2025
5211206;GO;3408.0;;439.0;1.2 - Lenha;True;2025
5211305;GO;1034.0;;24275.0;1.3.1 - Madeira em tora para papel e celulose;True;2025
5211404;GO;1038.0;;;;False;2025
5211503;GO;2228.0;;403.0;1.2 - Lenha;True;2025
5211602;GO;974.0;;;;False;2025
5211701;GO;1366.0;;145.0;1.3.2 - Madeira em tora para outras finalidades;True;2025
5211800;GO;3668.0;;978.0;1.2 - Lenha;True;2025
5211909;GO;3812.0;;;;False;2025
5212006;GO;384.0;;;;False;2025
5212055;GO;336.0;;108.0;1.2 - Lenha;True;2025
5212105;GO;366.0;;;;False;2025
5212204;GO;1692.0;;;;False;2025
5212253;GO;226.0;;;;False;2025
5212303;GO;1548.0;;3562.0;1.2 - Lenha;True;2025
5212501;GO;2970.0;;21938.0;1.2 - Lenha;True;2025
5212600;GO;740.0;;;;False;2025
5212709;GO;742.0;;;;False;2025
5212808;GO;1542.0;;;;False;2025
5212907;GO;318.0;;1100.0;1.3.2 - Madeira em tora para outras finalidades;True;2025
5212956;GO;852.0;;;;False;2025
5213004;GO;228.0;;;;False;2025
5213053;GO;906.0;;8.0;1.2 - Lenha;True;2025
5213087;GO;2970.0;;;;False;2025
5213103;GO;2976.0;;;;False;2025
5213400;GO;516.0;;;;False;2025
5213509;GO;1960.0;;;;False;2025
5213707;GO;1526.0;;;;False;2025
5213756;GO;574.0;;336.0;1.2 - Lenha;True;2025
5213772;GO;1372.0;;;;False;2025
5213806;GO;4336.0;;1520.0;1.3.2 - Madeira em tora para outras finalidades;True;2025
5213855;GO;628.0;;;;False;2025
5213905;GO;1168.0;;560.0;1.3.2 - Madeira em tora para outras finalidades;True;2025
5214002;GO;854.0;;1120.0;1.3.2 - Madeira em tora para outras finalidades;True;2025
5214051;GO;1640.0;;;;False;2025
5214101;GO;876.0;;;;False;2025
5214408;GO;392.0;;1162.0;1.2 - Lenha;True;2025
5214507;GO;610.0;;246.0;1.2 - Lenha;True;2025
5214606;GO;4064.0;;25734.0;1.2 - Lenha;True;2025
5214705;GO;520.0;;;;False;2025
5214804;GO;278.0;;;;False;2025
5214838;GO;1722.0;;;;False;2025
5214861;GO;1030.0;;;;False;2025
5214879;GO;594.0;;;;False;2025
5214903;GO;1028.0;;;;False;2025
5215009;GO;898.0;;;;False;2025
5215207;GO;922.0;;;;False;2025
5215231;GO;158.0;;10.0;1.2 - Lenha;True;2025
5215256;GO;772.0;;;;False;2025
5215306;GO;4358.0;;7047.0;1.2 - Lenha;True;2025
5215405;GO;998.0;;210.0;1.2 - Lenha;True;2025
5215504;GO;484.0;;1618.0;1.2 - Lenha;True;2025
5215603;GO;4172.0;;2795.0;1.2 - Lenha;True;2025
5215652;GO;992.0;;;;False;2025
5215702;GO;3024.0;;257.0;1.2 - Lenha;True;2025
5215801;GO;126.0;;35.0;1.2 - Lenha;True;2025
5215900;GO;1020.0;;322.0;1.2 - Lenha;True;2025
5216007;GO;420.0;;;;False;2025
5216304;GO;558.0;;;;False;2025
5216403;GO;1520.0;;37397.0;1.2 - Lenha;True;2025
5216452;GO;402.0;;;;False;2025
5216809;GO;1910.0;;281.0;1.2 - Lenha;True;2025
5216908;GO;1108.0;;;;False;2025
5217104;GO;4270.0;;;;False;2025
5217203;GO;1996.0;;;;False;2025
5217302;GO;4044.0;;398.0;1.2 - Lenha;True;2025
5217401;GO;1352.0;;6116.0;1.2 - Lenha;True;2025
5217609;GO;2682.0;;175.0;1.2 - Lenha;True;2025
5217708;GO;2056.0;;;;False;2025
5218003;GO;3852.0;;;;False;2025
5218052;GO;90.0;;;;False;2025
5218102;GO;554.0;;;;False;2025
5218300;GO;2922.0;;;;False;2025
5218391;GO;590.0;;;;False;2025
5218508;GO;2468.0;;;;False;2025
5218607;GO;478.0;;;;False;2025
5218706;GO;354.0;;;;False;2025
5218789;GO;734.0;;;;False;2025
5218805;GO;5940.0;;67261.0;1.2 - Lenha;True;2025
5218904;GO;1744.0;;;;False;2025
5219001;GO;988.0;;;;False;2025
5219100;GO;316.0;;2700.0;1.3.2 - Madeira em tora para outras finalidades;True;2025
5219209;GO;1346.0;;3145.0;1.2 - Lenha;True;2025
5219258;GO;600.0;;;;False;2025
5219308;GO;1126.0;;;;False;2025
5219357;GO;1032.0;;;;False;2025
5219407;GO;486.0;;96250.0;1.3.1 - Madeira em tora para papel e celulose;True;2025
5219456;GO;934.0;;293.0;1.2 - Lenha;True;2025
5219506;GO;510.0;;390.0;1.2 - Lenha;True;2025
5219605;GO;416.0;;;;False;2025
5219704;GO;1310.0;;;;False;2025
5219712;GO;346.0;;520.0;1.2 - Lenha;True;2025
5219738;GO;256.0;;630.0;1.2 - Lenha;True;2025
5219753;GO;1166.0;;1785.0;1.2 - Lenha;True;2025
5219803;GO;2224.0;;;;False;2025
5219902;GO;1260.0;;;;False;2025
5220009;GO;2176.0;;1201.0;1.2 - Lenha;True;2025
5220058;GO;358.0;;171.0;1.3.2 - Madeira em tora para outras finalidades;True;2025
5220108;GO;2424.0;;;;False;2025
5220157;GO;516.0;;;;False;2025
5220207;GO;2166.0;;;;False;2025
5220264;GO;1178.0;;3418.0;1.2 - Lenha;True;2025
5220280;GO;582.0;;;;False;2025
5220405;GO;166.0;;;;False;2025
5220454;GO;416.0;;3910.0;1.2 - Lenha;True;2025
5220504;GO;988.0;;76410.0;1.3.1 - Madeira em tora para papel e celulose;True;2025
5220603;GO;4182.0;;9670.0;1.2 - Lenha;True;2025
5220686;GO;804.0;;;;False;2025
5220702;GO;880.0;;;;False;2025
5221007;GO;592.0;;2742.0;1.2 - Lenha;True;2025
5221080;GO;330.0;;6.0;1.2 - Lenha;True;2025
5221197;GO;210.0;;44.0;1.2 - Lenha;True;2025
5221304;GO;294.0;;1035.0;1.1 - Carvão vegetal;True;2025
5221403;GO;1446.0;;471.0;1.2 - Lenha;True;2025
5221452;GO;1008.0;;;;False;2025
5221502;GO;858.0;;34020.0;1.2 - Lenha;True;2025
5221551;GO;390.0;;;;False;2025
5221577;GO;820.0;;;;False;2025
5221601;GO;1874.0;;;;False;2025
5221700;GO;1454.0;;;;False;2025
5221809;GO;768.0;;5945.0;1.2 - Lenha;True;2025
5221858;GO;12.0;;;;False;2025
5221908;GO;1004.0;;78.0;1.2 - Lenha;True;2025
5222005;GO;1686.0;;6410.0;1.2 - Lenha;True;2025
5222054;GO;316.0;;;;False;2025
5222203;GO;298.0;;;;False;2025
5222302;GO;1708.0;;144.0;1.2 - Lenha;True;2025
5300108;DF;10492.0;;13327.0;1.3.2 - Madeira em tora para outras finalidades;True;2025
